 F,      BusId,       PA,       PB,       PC,       P3, XA, XB, XC, X3,       id_A,       id_B,       id_C,       id_3
 0,    2575430,     57.0,     57.0,     59.0,    178.0,  9, 10, 11, 10,    1425121,    1425121,    1425121,    1425121
 0,    2575536,     57.0,     57.0,     59.0,    178.0,  9, 10, 11,  9,    1425121,    1425121,    1246514,    1425121
 0,    1005977,     24.0,     24.0,     24.0,     73.0,  9, 10, 11,  9,    1246651,    1246651,    1246651,    1246651
 0,    1005987,     48.0,     49.0,     50.0,    148.0,  9, 10, 11,  9,    1246656,    1246656,    1246656,    1246656
 0,    1006012,     49.0,     49.0,     49.0,    150.0,  9, 10, 11, 10,    1246665,    1246665,    1246665,    1246665
 0,    1006022,     49.0,     49.0,     49.0,    151.0,  9, 10, 11,  9,    1246669,    1246669,    1246669,    1246669
 0,    1006032,     47.0,     48.0,     49.0,    147.0,  9, 10, 11,  9,    1246671,    1246671,    1246671,    1246671
 0,    1006051,     48.0,     48.0,     48.0,    151.0,  9, 10, 11,  9,    1246677,    1246677,    1246677,    1246677
 0,    1006216,     48.0,     48.0,     48.0,    150.0,  9, 10, 11,  9,    1246795,    1246795,    1246795,    1246795
 0,    1275862,     61.0,     61.0,     62.0,    187.0,  9, 10, 11,  9,    1246663,    1246663,    1246663,    1246663
 0,    1174166,     49.0,     49.0,     49.0,    153.0,  9, 10, 11,  9,    1376848,    1376848,    1376848,    1376848
 0,    1275863,     49.0,     49.0,     49.0,    153.0,  9, 10, 11,  9,    1376850,    1376850,    1376850,    1376850
 0,    1175067,     63.0,     63.0,     63.0,    195.0,  9, 10, 11,  9,    1377164,    1377164,    1377164,    1377164
 0,    1275913,     48.0,     48.0,     49.0,    146.0,  9, 10, 11, 10,    1425122,    1425122,    1425122,    1425122
 0,    2576433,     56.0,     56.0,     58.0,    176.0,  9, 10, 11, 10,    1425121,    1425121,    1246514,    1425121
 0,    2576441,     45.0,     45.0,     45.0,    140.0,  9, 10, 11, 10,    2402578,    2402578,    2402578,    2402578
 0,    2576457,     45.0,     45.0,     45.0,    140.0,  9, 10, 11, 10,    2402578,    2402578,    2402578,    2402578
 0,    2576481,     45.0,     45.0,     45.0,    140.0,  9, 10, 11, 10,    2402578,    2402578,    2402578,    2402578
 0,      45283,     45.0,     44.0,     45.0,    140.0,  9, 10, 11, 10,      82064,    2402578,      82064,    2402578
 0,    2577321,     57.0,     57.0,     59.0,    178.0,  9, 10, 11,  9,    1425121,    1425121,    1246514,    1425121
 0,    2818264,     59.0,     59.0,     59.0,    189.0,  1,  2,  3,  9,    2818264,    2387415,    2818264,    2281410
 1,    2575430,     58.0,     58.0,     59.0,    179.0,  9, 10, 11,  9,    1246514,    1425121,    1246514,    1425121
 1,    2575536,     57.0,     57.0,     59.0,    179.0,  9, 10, 11,  9,    1425121,    1425121,    1246514,    1425121
 1,    1005977,     24.0,     24.0,     24.0,     73.0,  9, 10, 11,  9,    1246651,    1246651,    1246651,    1246651
 1,    1005987,     49.0,     49.0,     50.0,    150.0,  9, 10, 11, 10,    1246656,    1246656,    1246656,    1246656
 1,    1006012,     49.0,     49.0,     49.0,    152.0,  9, 10, 11,  9,    1246665,    1246665,    1246665,    1246665
 1,    1006022,     49.0,     49.0,     49.0,    152.0,  9, 10, 11,  9,    1246669,    1246669,    1246669,    1246669
 1,    1006032,     48.0,     48.0,     49.0,    150.0,  9, 10, 11,  9,    1246671,    1246671,    1246671,    1246671
 1,    1006051,     48.0,     48.0,     48.0,    151.0,  9, 10, 11,  9,    1246677,    1246677,    1246677,    1246677
 1,    1006216,     48.0,     48.0,     48.0,    150.0,  9, 10, 11,  9,    1246795,    1246795,    1246795,    1246795
 1,    1275862,     62.0,     62.0,     62.0,    190.0,  9, 10, 11,  9,    1246663,    1246663,    1246663,    1246663
 1,    1174166,     49.0,     49.0,     49.0,    153.0,  9, 10, 11, 10,    1376848,    1376848,    1376848,    1376848
 1,    1275863,     49.0,     49.0,     49.0,    153.0,  9, 10, 11,  9,    1376850,    1376850,    1376850,    1376850
 1,    1175067,     63.0,     63.0,     63.0,    195.0,  9, 10, 11,  9,    1377164,    1377164,    1377164,    1377164
 1,    1275913,     49.0,     48.0,     49.0,    146.0,  9, 10, 11, 10,    1425122,    1425122,    1425122,    1425122
 1,    2576433,     56.0,     56.0,     57.0,    177.0,  9, 10, 11,  9,    1425121,    1425121,    1425121,    1425121
 1,    2576441,     45.0,     45.0,     45.0,    141.0,  9, 10, 11,  9,    2402578,    2402578,    2402578,    2402578
 1,    2576457,     45.0,     45.0,     45.0,    141.0,  9, 10, 11,  9,    2402578,    2402578,    2402578,    2402578
 1,    2576481,     45.0,     45.0,     45.0,    141.0,  9, 10, 11,  9,    2402578,    2402578,    2402578,    2402578
 1,      45283,     45.0,     45.0,     45.0,    141.0,  9, 10, 11,  9,      82064,      82064,      82064,      82064
 1,    2577321,     57.0,     57.0,     59.0,    179.0,  9, 10, 11,  9,    1425121,    1425121,    1246514,    1425121
 1,    2818264,     59.0,     59.0,     59.0,    189.0,  1,  2,  3,  9,    2818264,    2818264,    2818264,    2281410
 2,    2575430,     57.0,     58.0,     59.0,    177.0,  9, 10, 11,  9,    1246514,    1425121,    1246514,    1425121
 2,    2575536,     56.0,     58.0,     59.0,    176.0,  9, 10, 11,  9,    1425121,    1425121,    1246514,    1425121
 2,    1005977,     24.0,     24.0,     24.0,     73.0,  9, 10, 11,  9,    1246651,    1246651,    1246651,    1246651
 2,    1005987,     50.0,     50.0,     50.0,    152.0,  9, 10, 11, 10,    1246656,    1246656,    1246656,    1246656
 2,    1006012,     49.0,     50.0,     50.0,    153.0,  9, 10, 11,  9,    1246665,    1246665,    1246665,    1246665
 2,    1006022,     49.0,     49.0,     49.0,    152.0,  9, 10, 11,  9,    1246669,    1246669,    1246669,    1246669
 2,    1006032,     48.0,     49.0,     49.0,    151.0,  9, 10, 11,  9,    1246671,    1246671,    1246671,    1246671
 2,    1006051,     49.0,     48.0,     48.0,    150.0,  9, 10, 11, 11,    1246677,    1246677,    1246677,    1246677
 2,    1006216,     48.0,     48.0,     48.0,    150.0,  9, 10, 11, 10,    1246795,    1246795,    1246795,    1246795
 2,    1275862,     62.0,     62.0,     63.0,    192.0,  9, 10, 11,  9,    1246663,    1246663,    1246663,    1246663
 2,    1174166,     49.0,     49.0,     49.0,    153.0,  9, 10, 11, 10,    1376848,    1376848,    1376848,    1376848
 2,    1275863,     49.0,     49.0,     49.0,    153.0,  9, 10, 11,  9,    1376850,    1376850,    1376850,    1376850
 2,    1175067,     63.0,     63.0,     63.0,    195.0,  9, 10, 11,  9,    1377164,    1377164,    1377164,    1377164
 2,    1275913,     49.0,     48.0,     49.0,    146.0,  9, 10, 11, 10,    1425122,    1425122,    1425122,    1425122
 2,    2576433,     55.0,     57.0,     58.0,    175.0,  9, 10, 11,  9,    1425121,    1425121,    1246514,    1425121
 2,    2576441,     45.0,     45.0,     45.0,    141.0,  9, 10, 11,  9,    2402578,    2402578,    2402578,    2402578
 2,    2576457,     45.0,     45.0,     45.0,    141.0,  9, 10, 11,  9,    2402578,    2402578,    2402578,    2402578
 2,    2576481,     45.0,     45.0,     45.0,    141.0,  9, 10, 11,  9,    2402578,    2402578,    2402578,    2402578
 2,      45283,     45.0,     45.0,     45.0,    141.0,  9, 10, 11,  9,      82064,      82064,      82064,      82064
 2,    2577321,     56.0,     58.0,     59.0,    176.0,  9, 10, 11,  9,    1425121,    1425121,    1246514,    1425121
 2,    2818264,     59.0,     59.0,     59.0,    189.0,  1,  2,  3,  9,    2818264,    2818264,    2818264,    2281410
 3,    2575430,     58.0,     58.0,     59.0,    180.0,  9, 10, 11,  9,    1246514,    1425121,    1246514,    1425121
 3,    2575536,     57.0,     58.0,     58.0,    180.0,  9, 10, 11,  9,    1425121,    1425121,    1425121,    1425121
 3,    1005977,     24.0,     24.0,     24.0,     73.0,  9, 10, 11,  9,    1246651,    1246651,    1246651,    1246651
 3,    1005987,     50.0,     50.0,     50.0,    153.0,  9, 10, 11,  9,    1246656,    1246656,    1246656,    1246656
 3,    1006012,     49.0,     49.0,     50.0,    153.0,  9, 10, 11,  9,    1246665,    1246665,    1246665,    1246665
 3,    1006022,     49.0,     49.0,     49.0,    152.0,  9, 10, 11,  9,    1246669,    1246669,    1246669,    1246669
 3,    1006032,     48.0,     49.0,     49.0,    150.0,  9, 10, 11,  9,    1246671,    1246671,    1246671,    1246671
 3,    1006051,     49.0,     48.0,     48.0,    150.0,  9, 10, 11, 11,    1246677,    1246677,    1246677,    1246677
 3,    1006216,     48.0,     48.0,     48.0,    150.0,  9, 10, 11,  9,    1246795,    1246795,    1246795,    1246795
 3,    1275862,     62.0,     62.0,     63.0,    191.0,  9, 10, 11,  9,    1246663,    1246663,    1246663,    1246663
 3,    1174166,     49.0,     49.0,     49.0,    153.0,  9, 10, 11, 11,    1376848,    1376848,    1376848,    1376848
 3,    1275863,     49.0,     49.0,     49.0,    153.0,  9, 10, 11,  9,    1376850,    1376850,    1376850,    1376850
 3,    1175067,     63.0,     63.0,     63.0,    195.0,  9, 10, 11,  9,    1377164,    1377164,    1377164,    1377164
 3,    1275913,     49.0,     48.0,     49.0,    147.0,  9, 10, 11, 10,    1425122,    1425122,    1425122,    1425122
 3,    2576433,     56.0,     57.0,     57.0,    178.0,  9, 10, 11,  9,    1425121,    1425121,    1425121,    1425121
 3,    2576441,     45.0,     45.0,     45.0,    142.0,  9, 10, 11,  9,    2402578,    2402578,    2402578,    2402578
 3,    2576457,     45.0,     45.0,     45.0,    142.0,  9, 10, 11,  9,    2402578,    2402578,    2402578,    2402578
 3,    2576481,     45.0,     45.0,     45.0,    141.0,  9, 10, 11, 11,    2402578,    2402578,    2402578,    2402578
 3,      45283,     45.0,     45.0,     45.0,    141.0,  9, 10, 11, 11,      82064,      82064,      82064,    2402578
 3,    2577321,     57.0,     58.0,     59.0,    180.0,  9, 10, 11,  9,    1425121,    1425121,    1246514,    1425121
 3,    2818264,     59.0,     59.0,     59.0,    189.0,  1,  2,  3,  9,    2818264,    2818264,    2818264,    2281410
 4,    2575430,     59.0,     59.0,     59.0,    183.0,  9, 10, 11, 10,    1425121,    1425121,    1425121,    1425121
 4,    2575536,     59.0,     58.0,     59.0,    182.0,  9, 10, 11, 10,    1246514,    1425121,    1246514,    1425121
 4,    1005977,     24.0,     24.0,     24.0,     73.0,  9, 10, 11,  9,    1246651,    1246651,    1246651,    1246651
 4,    1005987,     50.0,     50.0,     50.0,    152.0,  9, 10, 11, 10,    1246656,    1246656,    1246656,    1246656
 4,    1006012,     50.0,     49.0,     49.0,    153.0,  9, 10, 11,  9,    1246665,    1246665,    1246665,    1246665
 4,    1006022,     49.0,     49.0,     49.0,    152.0,  9, 10, 11,  9,    1246669,    1246669,    1246669,    1246669
 4,    1006032,     48.0,     49.0,     49.0,    151.0,  9, 10, 11,  9,    1246671,    1246671,    1246671,    1246671
 4,    1006051,     48.0,     48.0,     48.0,    151.0,  9, 10, 11,  9,    1246677,    1246677,    1246677,    1246677
 4,    1006216,     48.0,     48.0,     48.0,    150.0,  9, 10, 11, 10,    1246795,    1246795,    1246795,    1246795
 4,    1275862,     62.0,     62.0,     63.0,    191.0,  9, 10, 11, 10,    1246663,    1246663,    1246663,    1246663
 4,    1174166,     49.0,     49.0,     49.0,    153.0,  9, 10, 11, 10,    1376848,    1376848,    1376848,    1376848
 4,    1275863,     49.0,     49.0,     49.0,    153.0,  9, 10, 11,  9,    1376850,    1376850,    1376850,    1376850
 4,    1175067,     63.0,     63.0,     63.0,    195.0,  9, 10, 11,  9,    1377164,    1377164,    1377164,    1377164
 4,    1275913,     49.0,     48.0,     49.0,    147.0,  9, 10, 11, 10,    1425122,    1425122,    1425122,    1425122
 4,    2576433,     58.0,     57.0,     58.0,    181.0,  9, 10, 11, 10,    1246514,    1425121,    1246514,    1425121
 4,    2576441,     46.0,     46.0,     46.0,    143.0,  9, 10, 11,  9,    2402578,    2402578,    2402578,    2402578
 4,    2576457,     45.0,     46.0,     46.0,    143.0,  9, 10, 11,  9,    2402578,    2402578,    2402578,    2402578
 4,    2576481,     45.0,     45.0,     45.0,    143.0,  9, 10, 11,  9,    2402578,    2402578,    2402578,    2402578
 4,      45283,     45.0,     45.0,     45.0,    143.0,  9, 10, 11,  9,      82064,      82064,    2402578,      82064
 4,    2577321,     59.0,     58.0,     59.0,    183.0,  9, 10, 11, 10,    1246514,    1425121,    1246514,    1425121
 4,    2818264,     59.0,     59.0,     59.0,    189.0,  1,  2,  3,  9,    2818264,    2818264,    2818264,    2281410
 5,    2575430,     58.0,     58.0,     59.0,    182.0,  9, 10, 11,  9,    1425121,    1425121,    1425121,    1425121
 5,    2575536,     58.0,     58.0,     59.0,    181.0,  9, 10, 11,  9,    1425121,    1425121,    1246514,    1425121
 5,    1005977,     24.0,     24.0,     24.0,     73.0,  9, 10, 11,  9,    1246651,    1246651,    1246651,    1246651
 5,    1005987,     49.0,     50.0,     50.0,    149.0,  9, 10, 11,  9,    1246656,    1246656,    1246656,    1246656
 5,    1006012,     49.0,     50.0,     50.0,    153.0,  9, 10, 11,  9,    1246665,    1246665,    1246665,    1246665
 5,    1006022,     49.0,     49.0,     49.0,    152.0,  9, 10, 11,  9,    1246669,    1246669,    1246669,    1246669
 5,    1006032,     48.0,     49.0,     49.0,    151.0,  9, 10, 11,  9,    1246671,    1246671,    1246671,    1246671
 5,    1006051,     48.0,     48.0,     48.0,    151.0,  9, 10, 11,  9,    1246677,    1246677,    1246677,    1246677
 5,    1006216,     48.0,     48.0,     48.0,    150.0,  9, 10, 11,  9,    1246795,    1246795,    1246795,    1246795
 5,    1275862,     62.0,     63.0,     63.0,    191.0,  9, 10, 11,  9,    1246663,    1246663,    1246663,    1246663
 5,    1174166,     49.0,     49.0,     49.0,    153.0,  9, 10, 11,  9,    1376848,    1376848,    1376848,    1376848
 5,    1275863,     49.0,     49.0,     49.0,    153.0,  9, 10, 11,  9,    1376850,    1376850,    1376850,    1376850
 5,    1175067,     63.0,     63.0,     63.0,    195.0,  9, 10, 11,  9,    1377164,    1377164,    1377164,    1377164
 5,    1275913,     49.0,     49.0,     49.0,    148.0,  9, 10, 11,  9,    1425122,    1425122,    1425122,    1425122
 5,    2576433,     57.0,     57.0,     58.0,    180.0,  9, 10, 11,  9,    1425121,    1425121,    1246514,    1425121
 5,    2576441,     45.0,     45.0,     45.0,    142.0,  9, 10, 11,  9,    2402578,    2402578,    2402578,    2402578
 5,    2576457,     45.0,     45.0,     45.0,    141.0,  9, 10, 11,  9,    2402578,    2402578,    2402578,    2402578
 5,    2576481,     45.0,     45.0,     45.0,    141.0,  9, 10, 11,  9,    2402578,    2402578,    2402578,    2402578
 5,      45283,     45.0,     45.0,     45.0,    141.0,  9, 10, 11,  9,      82064,      82064,      82064,    2402578
 5,    2577321,     58.0,     58.0,     59.0,    182.0,  9, 10, 11,  9,    1425121,    1425121,    1425121,    1425121
 5,    2818264,     59.0,     59.0,     59.0,    189.0,  1,  2,  3,  9,    2818264,    2818264,    2818264,    2281410
 6,    2575430,     57.0,     58.0,     59.0,    179.0,  9, 10, 11,  9,    1425121,    1425121,    1425121,    1425121
 6,    2575536,     57.0,     58.0,     59.0,    178.0,  9, 10, 11,  9,    1246514,    1425121,    1246514,    1425121
 6,    1005977,     25.0,     25.0,     25.0,     75.0,  9, 10, 11,  9,    1246651,    1246651,    1246651,    1246651
 6,    1005987,     49.0,     50.0,     50.0,    152.0,  9, 10, 11,  9,    1246656,    1246656,    1246656,    1246656
 6,    1006012,     50.0,     50.0,     50.0,    153.0,  9, 10, 11,  9,    1246665,    1246665,    1246665,    1246665
 6,    1006022,     49.0,     49.0,     49.0,    152.0,  9, 10, 11,  9,    1246669,    1246669,    1246669,    1246669
 6,    1006032,     48.0,     49.0,     49.0,    151.0,  9, 10, 11,  9,    1246671,    1246671,    1246671,    1246671
 6,    1006051,     48.0,     48.0,     48.0,    151.0,  9, 10, 11,  9,    1246677,    1246677,    1246677,    1246677
 6,    1006216,     48.0,     48.0,     48.0,    150.0,  9, 10, 11, 10,    1246795,    1246795,    1246795,    1246795
 6,    1275862,     62.0,     63.0,     63.0,    192.0,  9, 10, 11,  9,    1246663,    1246663,    1246663,    1246663
 6,    1174166,     49.0,     49.0,     49.0,    154.0,  9, 10, 11,  9,    1376848,    1376848,    1376848,    1376848
 6,    1275863,     49.0,     49.0,     49.0,    153.0,  9, 10, 11,  9,    1376850,    1376850,    1376850,    1376850
 6,    1175067,     63.0,     63.0,     63.0,    195.0,  9, 10, 11,  9,    1377164,    1377164,    1377164,    1377164
 6,    1275913,     49.0,     48.0,     49.0,    147.0,  9, 10, 11, 10,    1425122,    1425122,    1425122,    1425122
 6,    2576433,     56.0,     57.0,     58.0,    177.0,  9, 10, 11,  9,    1246514,    1425121,    1246514,    1425121
 6,    2576441,     44.0,     46.0,     46.0,    138.0,  9, 10, 11,  9,    2402578,    2402578,    2402578,    2402578
 6,    2576457,     44.0,     45.0,     45.0,    138.0,  9, 10, 11,  9,    2402578,    2402578,    2402578,    2402578
 6,    2576481,     44.0,     45.0,     45.0,    138.0,  9, 10, 11,  9,    2402578,    2402578,    2402578,    2402578
 6,      45283,     44.0,     45.0,     45.0,    138.0,  9, 10, 11,  9,    2402578,      82064,    2402578,    2402578
 6,    2577321,     57.0,     58.0,     59.0,    179.0,  9, 10, 11,  9,    1246514,    1425121,    1246514,    1425121
 6,    2818264,     59.0,     59.0,     59.0,    189.0,  1,  2,  3,  9,    2818264,    2818264,    2818264,    2281410
 7,    2575430,     56.0,     58.0,     58.0,    174.0,  9, 10, 11,  9,    1246514,    1246514,    1425121,    1425121
 7,    2575536,     55.0,     57.0,     58.0,    173.0,  9, 10, 11,  9,    1425121,    1425121,    1425121,    1425121
 7,    1005977,     25.0,     25.0,     25.0,     75.0,  9, 10, 11,  9,    1246651,    1246651,    1246651,    1246651
 7,    1005987,     50.0,     49.0,     50.0,    150.0,  9, 10, 11, 10,    1246656,    1246656,    1246656,    1246656
 7,    1006012,     49.0,     50.0,     49.0,    152.0,  9, 10, 11,  9,    1246665,    1246665,    1246665,    1246665
 7,    1006022,     49.0,     49.0,     49.0,    152.0,  9, 10, 11,  9,    1246669,    1246669,    1246669,    1246669
 7,    1006032,     48.0,     49.0,     49.0,    149.0,  9, 10, 11,  9,    1246671,    1246671,    1246671,    1246671
 7,    1006051,     48.0,     48.0,     48.0,    151.0,  9, 10, 11,  9,    1246677,    1246677,    1246677,    1246677
 7,    1006216,     48.0,     48.0,     48.0,    149.0,  9, 10, 11,  9,    1246795,    1246795,    1246795,    1246795
 7,    1275862,     61.0,     62.0,     62.0,    187.0,  9, 10, 11,  9,    1246663,    1246663,    1246663,    1246663
 7,    1174166,     49.0,     49.0,     49.0,    153.0,  9, 10, 11, 10,    1376848,    1376848,    1376848,    1376848
 7,    1275863,     49.0,     49.0,     49.0,    153.0,  9, 10, 11,  9,    1376850,    1376850,    1376850,    1376850
 7,    1175067,     63.0,     63.0,     63.0,    195.0,  9, 10, 11,  9,    1377164,    1377164,    1377164,    1377164
 7,    1275913,     49.0,     49.0,     48.0,    147.0,  9, 10, 11, 11,    1425122,    1425122,    1425122,    1425122
 7,    2576433,     54.0,     56.0,     57.0,    172.0,  9, 10, 11,  9,    1425121,    1425121,    1425121,    1425121
 7,    2576441,     44.0,     45.0,     45.0,    139.0,  9, 10, 11,  9,    2402578,    2402578,    2402578,    2402578
 7,    2576457,     44.0,     45.0,     45.0,    139.0,  9, 10, 11,  9,    2402578,    2402578,    2402578,    2402578
 7,    2576481,     44.0,     45.0,     45.0,    139.0,  9, 10, 11,  9,    2402578,    2402578,    2402578,    2402578
 7,      45283,     44.0,     45.0,     45.0,    139.0,  9, 10, 11,  9,    2402578,      82064,      82064,    2402578
 7,    2577321,     55.0,     58.0,     58.0,    173.0,  9, 10, 11,  9,    1425121,    1246514,    1425121,    1425121
 7,    2818264,     59.0,     59.0,     59.0,    189.0,  1,  2,  3,  9,    2818264,    2818264,    2818264,    2281410
 8,    2575430,     55.0,     56.0,     58.0,    173.0,  9, 10, 11,  9,    1425121,    1425121,    1425121,    1425121
 8,    2575536,     55.0,     56.0,     57.0,    172.0,  9, 10, 11,  9,    1246514,    1425121,    1425121,    1425121
 8,    1005977,     25.0,     25.0,     25.0,     75.0,  9, 10, 11,  9,    1246651,    1246651,    1246651,    1246651
 8,    1005987,     49.0,     49.0,     50.0,    150.0,  9, 10, 11,  9,    1246656,    1246656,    1246656,    1246656
 8,    1006012,     49.0,     49.0,     49.0,    150.0,  9, 10, 11, 11,    1246665,    1246665,    1246665,    1246665
 8,    1006022,     49.0,     49.0,     49.0,    151.0,  9, 10, 11,  9,    1246669,    1246669,    1246669,    1246669
 8,    1006032,     48.0,     48.0,     48.0,    150.0,  9, 10, 11,  9,    1246671,    1246671,    1246671,    1246671
 8,    1006051,     48.0,     48.0,     48.0,    149.0,  9, 10, 11, 11,    1246677,    1246677,    1246677,    1246677
 8,    1006216,     46.0,     46.0,     46.0,    144.0,  9, 10, 11,  9,    1246795,    1246795,    1246795,    1246795
 8,    1275862,     60.0,     60.0,     60.0,    183.0,  9, 10, 11,  9,    1246663,    1246663,    1246663,    1246663
 8,    1174166,     49.0,     49.0,     49.0,    153.0,  9, 10, 11,  9,    1376848,    1376848,    1376848,    1376848
 8,    1275863,     49.0,     49.0,     49.0,    153.0,  9, 10, 11,  9,    1376850,    1376850,    1376850,    1376850
 8,    1175067,     63.0,     63.0,     63.0,    195.0,  9, 10, 11,  9,    1377164,    1377164,    1377164,    1377164
 8,    1275913,     49.0,     48.0,     48.0,    145.0,  9, 10, 11, 10,    1425122,    1425122,    1425122,    1425122
 8,    2576433,     54.0,     55.0,     56.0,    171.0,  9, 10, 11,  9,    1246514,    1425121,    1425121,    1425121
 8,    2576441,     44.0,     45.0,     45.0,    139.0,  9, 10, 11,  9,    2402578,    2402578,    2402578,    2402578
 8,    2576457,     44.0,     45.0,     45.0,    139.0,  9, 10, 11,  9,    2402578,    2402578,    2402578,    2402578
 8,    2576481,     44.0,     44.0,     45.0,    139.0,  9, 10, 11,  9,    2402578,    2402578,    2402578,    2402578
 8,      45283,     44.0,     44.0,     45.0,    139.0,  9, 10, 11,  9,    2402578,    2402578,      82064,    2402578
 8,    2577321,     55.0,     56.0,     57.0,    172.0,  9, 10, 11,  9,    1246514,    1425121,    1425121,    1425121
 8,    2818264,     58.0,     58.0,     58.0,    189.0,  1,  2,  3,  1,    2818264,    2818264,    2818264,    2818264
 9,    2575430,     57.0,     53.0,     56.0,    165.0,  9, 10, 11, 10,    1246514,    1425121,    1425121,    1425121
 9,    2575536,     56.0,     53.0,     56.0,    165.0,  9, 10, 11, 10,    1425121,    1425121,    1425121,    1425121
 9,    1005977,     24.0,     25.0,     25.0,     75.0,  9, 10, 11,  9,    1246651,    1246651,    1246651,    1246651
 9,    1005987,     47.0,     49.0,     48.0,    145.0,  9, 10, 11,  9,    1246656,    1246656,    1246656,    1246656
 9,    1006012,     49.0,     49.0,     49.0,    151.0,  9, 10, 11,  9,    1246665,    1246665,    1246665,    1246665
 9,    1006022,     49.0,     49.0,     49.0,    151.0,  9, 10, 11,  9,    1246669,    1246669,    1246669,    1246669
 9,    1006032,     48.0,     47.0,     48.0,    146.0,  9, 10, 11, 10,    1246671,    1246671,    1246671,    1246671
 9,    1006051,     48.0,     48.0,     48.0,    149.0,  9, 10, 11, 11,    1246677,    1246677,    1246677,    1246677
 9,    1006216,     46.0,     45.0,     45.0,    141.0,  9, 10, 11, 11,    1246795,    1246795,    1246795,    1246795
 9,    1275862,     59.0,     58.0,     59.0,    179.0,  9, 10, 11, 10,    1246663,    1246663,    1246663,    1246663
 9,    1174166,     49.0,     49.0,     49.0,    153.0,  9, 10, 11,  9,    1376848,    1376848,    1376848,    1376848
 9,    1275863,     49.0,     49.0,     49.0,    153.0,  9, 10, 11,  9,    1376850,    1376850,    1376850,    1376850
 9,    1175067,     63.0,     63.0,     63.0,    195.0,  9, 10, 11,  9,    1377164,    1377164,    1377164,    1377164
 9,    1275913,     49.0,     46.0,     48.0,    140.0,  9, 10, 11, 10,    1425122,    1425122,    1425122,    1425122
 9,    2576433,     55.0,     52.0,     55.0,    163.0,  9, 10, 11, 10,    1425121,    1425121,    1425121,    1425121
 9,    2576441,     45.0,     43.0,     44.0,    136.0,  9, 10, 11, 10,    2402578,    2402578,    2402578,    2402578
 9,    2576457,     45.0,     43.0,     44.0,    136.0,  9, 10, 11, 10,    2402578,    2402578,    2402578,    2402578
 9,    2576481,     44.0,     43.0,     44.0,    135.0,  9, 10, 11, 10,    2402578,    2402578,    2402578,    2402578
 9,      45283,     44.0,     43.0,     44.0,    135.0,  9, 10, 11, 10,    2402578,    2402578,    2402578,    2402578
 9,    2577321,     57.0,     53.0,     56.0,    165.0,  9, 10, 11, 10,    1246514,    1425121,    1425121,    1425121
 9,    2818264,     58.0,     58.0,     58.0,    189.0,  1,  2,  3,  2,    2818264,    2818264,    2818264,    2818264
10,    2575430,     53.0,     55.0,     57.0,    165.0,  9, 10, 11,  9,    1425121,    1425121,    1425121,    1425121
10,    2575536,     53.0,     55.0,     57.0,    165.0,  9, 10, 11,  9,    1425121,    1425121,    1246514,    1425121
10,    1005977,     25.0,     25.0,     25.0,     75.0,  9, 10, 11,  9,    1246651,    1246651,    1246651,    1246651
10,    1005987,     48.0,     49.0,     49.0,    148.0,  9, 10, 11,  9,    1246656,    1246656,    1246656,    1246656
10,    1006012,     49.0,     49.0,     49.0,    151.0,  9, 10, 11, 11,    1246665,    1246665,    1246665,    1246665
10,    1006022,     49.0,     49.0,     49.0,    151.0,  9, 10, 11,  9,    1246669,    1246669,    1246669,    1246669
10,    1006032,     48.0,     48.0,     48.0,    149.0,  9, 10, 11,  9,    1246671,    1246671,    1246671,    1246671
10,    1006051,     48.0,     48.0,     47.0,    147.0,  9, 10, 11, 11,    1246677,    1246677,    1246677,    1246677
10,    1006216,     48.0,     48.0,     46.0,    145.0,  9, 10, 11, 11,    1246795,    1246795,    1246795,    1246795
10,    1275862,     61.0,     61.0,     60.0,    185.0,  9, 10, 11, 11,    1246663,    1246663,    1246663,    1246663
10,    1174166,     49.0,     49.0,     49.0,    153.0,  9, 10, 11,  9,    1376848,    1376848,    1376848,    1376848
10,    1275863,     49.0,     49.0,     49.0,    153.0,  9, 10, 11,  9,    1376850,    1376850,    1376850,    1376850
10,    1175067,     63.0,     63.0,     63.0,    195.0,  9, 10, 11,  9,    1377164,    1377164,    1377164,    1377164
10,    1275913,     48.0,     46.0,     49.0,    142.0,  9, 10, 11, 10,    1425122,    1425122,    1425122,    1425122
10,    2576433,     52.0,     54.0,     56.0,    163.0,  9, 10, 11,  9,    1425121,    1425121,    1246514,    1425121
10,    2576441,     43.0,     45.0,     44.0,    134.0,  9, 10, 11,  9,    2402578,    2402578,    2402578,    2402578
10,    2576457,     43.0,     45.0,     44.0,    134.0,  9, 10, 11,  9,    2402578,    2402578,    2402578,    2402578
10,    2576481,     42.0,     45.0,     44.0,    134.0,  9, 10, 11,  9,    2402578,    2402578,    2402578,    2402578
10,      45283,     42.0,     45.0,     44.0,    134.0,  9, 10, 11,  9,    2402578,      82064,    2402578,    2402578
10,    2577321,     53.0,     55.0,     57.0,    165.0,  9, 10, 11,  9,    1425121,    1425121,    1246514,    1425121
10,    2818264,     59.0,     59.0,     59.0,    189.0,  1,  2,  3,  9,    2818264,    2387415,    2387415,    2281410
11,    2575430,     55.0,     56.0,     57.0,    171.0,  9, 10, 11,  9,    1425121,    1425121,    1425121,    1425121
11,    2575536,     55.0,     56.0,     57.0,    171.0,  9, 10, 11,  9,    1425121,    1425121,    1425121,    1425121
11,    1005977,     25.0,     25.0,     25.0,     75.0,  9, 10, 11,  9,    1246651,    1246651,    1246651,    1246651
11,    1005987,     49.0,     47.0,     48.0,    145.0,  9, 10, 11, 10,    1246656,    1246656,    1246656,    1246656
11,    1006012,     49.0,     49.0,     49.0,    151.0,  9, 10, 11, 11,    1246665,    1246665,    1246665,    1246665
11,    1006022,     48.0,     49.0,     49.0,    150.0,  9, 10, 11,  9,    1246669,    1246669,    1246669,    1246669
11,    1006032,     45.0,     48.0,     48.0,    141.0,  9, 10, 11,  9,    1246671,    1246671,    1246671,    1246671
11,    1006051,     48.0,     48.0,     48.0,    150.0,  9, 10, 11, 11,    1246677,    1246677,    1246677,    1246677
11,    1006216,     48.0,     48.0,     45.0,    142.0,  9, 10, 11, 11,    1246795,    1246795,    1246795,    1246795
11,    1275862,     59.0,     61.0,     59.0,    181.0,  9, 10, 11,  9,    1246663,    1246663,    1246663,    1246663
11,    1174166,     49.0,     49.0,     49.0,    153.0,  9, 10, 11,  9,    1376848,    1376848,    1376848,    1376848
11,    1275863,     49.0,     49.0,     49.0,    153.0,  9, 10, 11,  9,    1376850,    1376850,    1376850,    1376850
11,    1175067,     63.0,     63.0,     63.0,    195.0,  9, 10, 11,  9,    1377164,    1377164,    1377164,    1377164
11,    1275913,     47.0,     48.0,     49.0,    144.0,  9, 10, 11,  9,    1425122,    1425122,    1425122,    1425122
11,    2576433,     54.0,     55.0,     56.0,    169.0,  9, 10, 11,  9,    1425121,    1425121,    1425121,    1425121
11,    2576441,     45.0,     45.0,     44.0,    139.0,  9, 10, 11, 11,    2402578,    2402578,    2402578,    2402578
11,    2576457,     44.0,     45.0,     44.0,    139.0,  9, 10, 11, 11,    2402578,    2402578,    2402578,    2402578
11,    2576481,     44.0,     45.0,     44.0,    139.0,  9, 10, 11, 11,    2402578,    2402578,    2402578,    2402578
11,      45283,     44.0,     45.0,     44.0,    139.0,  9, 10, 11,  9,    2402578,      82064,    2402578,    2402578
11,    2577321,     55.0,     56.0,     57.0,    171.0,  9, 10, 11,  9,    1425121,    1425121,    1425121,    1425121
11,    2818264,     59.0,     58.0,     59.0,    189.0,  1,  2,  3,  9,    2818264,    2818264,    2387415,    2281410
12,    2575430,     55.0,     58.0,     56.0,    170.0,  9, 10, 11,  9,    1425121,    1246514,    1425121,    1425121
12,    2575536,     54.0,     57.0,     56.0,    170.0,  9, 10, 11,  9,    1425121,    1425121,    1425121,    1425121
12,    1005977,     25.0,     25.0,     25.0,     75.0,  9, 10, 11,  9,    1246651,    1246651,    1246651,    1246651
12,    1005987,     49.0,     50.0,     48.0,    147.0,  9, 10, 11, 11,    1246656,    1246656,    1246656,    1246656
12,    1006012,     49.0,     48.0,     49.0,    148.0,  9, 10, 11, 10,    1246665,    1246665,    1246665,    1246665
12,    1006022,     48.0,     49.0,     49.0,    149.0,  9, 10, 11,  9,    1246669,    1246669,    1246669,    1246669
12,    1006032,     46.0,     47.0,     48.0,    143.0,  9, 10, 11,  9,    1246671,    1246671,    1246671,    1246671
12,    1006051,     48.0,     48.0,     48.0,    150.0,  9, 10, 11, 11,    1246677,    1246677,    1246677,    1246677
12,    1006216,     48.0,     48.0,     47.0,    148.0,  9, 10, 11, 11,    1246795,    1246795,    1246795,    1246795
12,    1275862,     59.0,     60.0,     61.0,    182.0,  9, 10, 11,  9,    1246663,    1246663,    1246663,    1246663
12,    1174166,     49.0,     49.0,     49.0,    153.0,  9, 10, 11,  9,    1376848,    1376848,    1376848,    1376848
12,    1275863,     49.0,     49.0,     49.0,    153.0,  9, 10, 11,  9,    1376850,    1376850,    1376850,    1376850
12,    1175067,     63.0,     63.0,     63.0,    195.0,  9, 10, 11,  9,    1377164,    1377164,    1377164,    1377164
12,    1275913,     47.0,     49.0,     49.0,    144.0,  9, 10, 11,  9,    1425122,    1425122,    1425122,    1425122
12,    2576433,     53.0,     56.0,     55.0,    168.0,  9, 10, 11,  9,    1425121,    1425121,    1425121,    1425121
12,    2576441,     44.0,     45.0,     45.0,    139.0,  9, 10, 11,  9,    2402578,    2402578,    2402578,    2402578
12,    2576457,     44.0,     45.0,     45.0,    139.0,  9, 10, 11,  9,    2402578,    2402578,    2402578,    2402578
12,    2576481,     44.0,     45.0,     45.0,    139.0,  9, 10, 11,  9,    2402578,    2402578,    2402578,    2402578
12,      45283,     44.0,     45.0,     45.0,    139.0,  9, 10, 11,  9,      82064,      82064,      82064,      82064
12,    2577321,     54.0,     57.0,     56.0,    170.0,  9, 10, 11,  9,    1425121,    1425121,    1425121,    1425121
12,    2818264,     59.0,     59.0,     59.0,    189.0,  1,  2,  3,  9,    2818264,    2818264,    2818264,    2281410
13,    2575430,     58.0,     54.0,     57.0,    168.0,  9, 10, 11, 10,    1246514,    1425121,    1246514,    1425121
13,    2575536,     57.0,     54.0,     56.0,    168.0,  9, 10, 11, 10,    1425121,    1425121,    1425121,    1425121
13,    1005977,     25.0,     25.0,     25.0,     75.0,  9, 10, 11,  9,    1246651,    1246651,    1246651,    1246651
13,    1005987,     49.0,     49.0,     48.0,    147.0,  9, 10, 11, 11,    1246656,    1246656,    1246656,    1246656
13,    1006012,     49.0,     49.0,     49.0,    152.0,  9, 10, 11,  9,    1246665,    1246665,    1246665,    1246665
13,    1006022,     47.0,     49.0,     49.0,    147.0,  9, 10, 11,  9,    1246669,    1246669,    1246669,    1246669
13,    1006032,     47.0,     48.0,     48.0,    147.0,  9, 10, 11,  9,    1246671,    1246671,    1246671,    1246671
13,    1006051,     48.0,     48.0,     47.0,    147.0,  9, 10, 11, 11,    1246677,    1246677,    1246677,    1246677
13,    1006216,     48.0,     48.0,     47.0,    147.0,  9, 10, 11, 11,    1246795,    1246795,    1246795,    1246795
13,    1275862,     61.0,     62.0,     61.0,    187.0,  9, 10, 11,  9,    1246663,    1246663,    1246663,    1246663
13,    1174166,     49.0,     49.0,     49.0,    153.0,  9, 10, 11,  9,    1376848,    1376848,    1376848,    1376848
13,    1275863,     49.0,     49.0,     49.0,    153.0,  9, 10, 11,  9,    1376850,    1376850,    1376850,    1376850
13,    1175067,     63.0,     63.0,     63.0,    195.0,  9, 10, 11,  9,    1377164,    1377164,    1377164,    1377164
13,    1275913,     49.0,     46.0,     49.0,    141.0,  9, 10, 11, 10,    1425122,    1425122,    1425122,    1425122
13,    2576433,     56.0,     53.0,     55.0,    166.0,  9, 10, 11, 10,    1425121,    1425121,    1425121,    1425121
13,    2576441,     45.0,     45.0,     45.0,    141.0,  9, 10, 11, 10,    2402578,    2402578,    2402578,    2402578
13,    2576457,     45.0,     45.0,     45.0,    141.0,  9, 10, 11, 10,    2402578,    2402578,    2402578,    2402578
13,    2576481,     45.0,     45.0,     45.0,    141.0,  9, 10, 11, 10,    2402578,    2402578,    2402578,    2402578
13,      45283,     45.0,     45.0,     45.0,    141.0,  9, 10, 11, 10,      82064,      82064,      82064,    2402578
13,    2577321,     58.0,     54.0,     57.0,    168.0,  9, 10, 11, 10,    1246514,    1425121,    1246514,    1425121
13,    2818264,     59.0,     59.0,     59.0,    189.0,  1,  2,  3,  9,    2818264,    2818264,    2387415,    2281410
14,    2575430,     58.0,     57.0,     57.0,    177.0,  9, 10, 11, 10,    1246514,    1425121,    1425121,    1425121
14,    2575536,     57.0,     56.0,     57.0,    176.0,  9, 10, 11, 10,    1425121,    1425121,    1246514,    1425121
14,    1005977,     25.0,     25.0,     25.0,     75.0,  9, 10, 11,  9,    1246651,    1246651,    1246651,    1246651
14,    1005987,     48.0,     50.0,     49.0,    148.0,  9, 10, 11,  9,    1246656,    1246656,    1246656,    1246656
14,    1006012,     49.0,     49.0,     49.0,    152.0,  9, 10, 11,  9,    1246665,    1246665,    1246665,    1246665
14,    1006022,     48.0,     49.0,     49.0,    149.0,  9, 10, 11,  9,    1246669,    1246669,    1246669,    1246669
14,    1006032,     48.0,     48.0,     49.0,    148.0,  9, 10, 11, 10,    1246671,    1246671,    1246671,    1246671
14,    1006051,     48.0,     49.0,     47.0,    148.0,  9, 10, 11, 11,    1246677,    1246677,    1246677,    1246677
14,    1006216,     48.0,     48.0,     48.0,    149.0,  9, 10, 11, 11,    1246795,    1246795,    1246795,    1246795
14,    1275862,     62.0,     61.0,     62.0,    188.0,  9, 10, 11, 10,    1246663,    1246663,    1246663,    1246663
14,    1174166,     49.0,     49.0,     49.0,    153.0,  9, 10, 11,  9,    1376848,    1376848,    1376848,    1376848
14,    1275863,     49.0,     49.0,     49.0,    153.0,  9, 10, 11,  9,    1376850,    1376850,    1376850,    1376850
14,    1175067,     63.0,     63.0,     63.0,    195.0,  9, 10, 11,  9,    1377164,    1377164,    1377164,    1377164
14,    1275913,     49.0,     48.0,     49.0,    146.0,  9, 10, 11, 10,    1425122,    1425122,    1425122,    1425122
14,    2576433,     56.0,     55.0,     56.0,    175.0,  9, 10, 11, 10,    1425121,    1425121,    1246514,    1425121
14,    2576441,     45.0,     45.0,     45.0,    140.0,  9, 10, 11, 11,    2402578,    2402578,    2402578,    2402578
14,    2576457,     45.0,     45.0,     44.0,    140.0,  9, 10, 11, 11,    2402578,    2402578,    2402578,    2402578
14,    2576481,     45.0,     45.0,     44.0,    140.0,  9, 10, 11, 11,    2402578,    2402578,    2402578,    2402578
14,      45283,     45.0,     45.0,     44.0,    140.0,  9, 10, 11, 11,      82064,      82064,    2402578,    2402578
14,    2577321,     58.0,     56.0,     57.0,    176.0,  9, 10, 11, 10,    1246514,    1425121,    1425121,    1425121
14,    2818264,     59.0,     59.0,     59.0,    189.0,  1,  2,  3,  9,    2818264,    2818264,    2818264,    2281410
15,    2575430,     58.0,     56.0,     57.0,    176.0,  9, 10, 11, 10,    1425121,    1425121,    1425121,    1425121
15,    2575536,     58.0,     56.0,     57.0,    175.0,  9, 10, 11, 10,    1425121,    1425121,    1246514,    1425121
15,    1005977,     25.0,     25.0,     25.0,     75.0,  9, 10, 11,  9,    1246651,    1246651,    1246651,    1246651
15,    1005987,     49.0,     50.0,     49.0,    150.0,  9, 10, 11,  9,    1246656,    1246656,    1246656,    1246656
15,    1006012,     48.0,     49.0,     49.0,    148.0,  9, 10, 11,  9,    1246665,    1246665,    1246665,    1246665
15,    1006022,     49.0,     49.0,     49.0,    151.0,  9, 10, 11,  9,    1246669,    1246669,    1246669,    1246669
15,    1006032,     48.0,     48.0,     48.0,    149.0,  9, 10, 11,  9,    1246671,    1246671,    1246671,    1246671
15,    1006051,     48.0,     48.0,     48.0,    150.0,  9, 10, 11, 11,    1246677,    1246677,    1246677,    1246677
15,    1006216,     45.0,     46.0,     45.0,    141.0,  9, 10, 11, 11,    1246795,    1246795,    1246795,    1246795
15,    1275862,     58.0,     59.0,     59.0,    178.0,  9, 10, 11,  9,    1246663,    1246663,    1246663,    1246663
15,    1174166,     49.0,     49.0,     49.0,    153.0,  9, 10, 11,  9,    1376848,    1376848,    1376848,    1376848
15,    1275863,     49.0,     49.0,     49.0,    153.0,  9, 10, 11,  9,    1376850,    1376850,    1376850,    1376850
15,    1175067,     63.0,     63.0,     63.0,    195.0,  9, 10, 11,  9,    1377164,    1377164,    1377164,    1377164
15,    1275913,     48.0,     48.0,     49.0,    146.0,  9, 10, 11, 10,    1425122,    1425122,    1425122,    1425122
15,    2576433,     57.0,     55.0,     56.0,    174.0,  9, 10, 11, 10,    1425121,    1425121,    1246514,    1425121
15,    2576441,     45.0,     44.0,     45.0,    139.0,  9, 10, 11, 10,    2402578,    2402578,    2402578,    2402578
15,    2576457,     45.0,     44.0,     45.0,    139.0,  9, 10, 11, 10,    2402578,    2402578,    2402578,    2402578
15,    2576481,     45.0,     44.0,     44.0,    139.0,  9, 10, 11, 10,    2402578,    2402578,    2402578,    2402578
15,      45283,     45.0,     44.0,     44.0,    139.0,  9, 10, 11, 10,      82064,      82064,    2402578,    2402578
15,    2577321,     58.0,     56.0,     57.0,    175.0,  9, 10, 11, 10,    1425121,    1425121,    1425121,    1425121
15,    2818264,     58.0,     58.0,     58.0,    189.0,  1,  2,  3,  2,    2818264,    2818264,    2818264,    2818264
16,    2575430,     58.0,     55.0,     58.0,    173.0,  9, 10, 11, 10,    1425121,    1425121,    1425121,    1425121
16,    2575536,     58.0,     55.0,     58.0,    172.0,  9, 10, 11, 10,    1246514,    1425121,    1246514,    1425121
16,    1005977,     25.0,     25.0,     25.0,     75.0,  9, 10, 11,  9,    1246651,    1246651,    1246651,    1246651
16,    1005987,     49.0,     50.0,     50.0,    151.0,  9, 10, 11,  9,    1246656,    1246656,    1246656,    1246656
16,    1006012,     49.0,     49.0,     49.0,    152.0,  9, 10, 11,  9,    1246665,    1246665,    1246665,    1246665
16,    1006022,     49.0,     49.0,     49.0,    151.0,  9, 10, 11,  9,    1246669,    1246669,    1246669,    1246669
16,    1006032,     47.0,     48.0,     48.0,    148.0,  9, 10, 11,  9,    1246671,    1246671,    1246671,    1246671
16,    1006051,     48.0,     48.0,     47.0,    148.0,  9, 10, 11, 11,    1246677,    1246677,    1246677,    1246677
16,    1006216,     46.0,     46.0,     46.0,    144.0,  9, 10, 11,  9,    1246795,    1246795,    1246795,    1246795
16,    1275862,     59.0,     60.0,     60.0,    182.0,  9, 10, 11,  9,    1246663,    1246663,    1246663,    1246663
16,    1174166,     49.0,     49.0,     49.0,    153.0,  9, 10, 11,  9,    1376848,    1376848,    1376848,    1376848
16,    1275863,     49.0,     49.0,     49.0,    153.0,  9, 10, 11,  9,    1376850,    1376850,    1376850,    1376850
16,    1175067,     63.0,     63.0,     63.0,    195.0,  9, 10, 11,  9,    1377164,    1377164,    1377164,    1377164
16,    1275913,     49.0,     48.0,     48.0,    147.0,  9, 10, 11, 10,    1425122,    1425122,    1425122,    1425122
16,    2576433,     57.0,     54.0,     57.0,    170.0,  9, 10, 11, 10,    1246514,    1425121,    1246514,    1425121
16,    2576441,     45.0,     43.0,     45.0,    136.0,  9, 10, 11, 10,    2402578,    2402578,    2402578,    2402578
16,    2576457,     45.0,     43.0,     45.0,    135.0,  9, 10, 11, 10,    2402578,    2402578,    2402578,    2402578
16,    2576481,     45.0,     43.0,     45.0,    135.0,  9, 10, 11, 10,    2402578,    2402578,    2402578,    2402578
16,      45283,     45.0,     43.0,     45.0,    135.0,  9, 10, 11, 10,      82064,    2402578,      82064,    2402578
16,    2577321,     58.0,     55.0,     58.0,    172.0,  9, 10, 11, 10,    1246514,    1425121,    1425121,    1425121
16,    2818264,     58.0,     58.0,     58.0,    189.0,  1,  2,  3,  3,    2818264,    2818264,    2818264,    2818264
17,    2575430,     57.0,     56.0,     58.0,    176.0,  9, 10, 11, 10,    1425121,    1425121,    1246514,    1425121
17,    2575536,     57.0,     56.0,     57.0,    176.0,  9, 10, 11, 10,    1425121,    1425121,    1425121,    1425121
17,    1005977,     25.0,     25.0,     25.0,     75.0,  9, 10, 11,  9,    1246651,    1246651,    1246651,    1246651
17,    1005987,     49.0,     49.0,     49.0,    149.0,  9, 10, 11,  9,    1246656,    1246656,    1246656,    1246656
17,    1006012,     49.0,     49.0,     49.0,    152.0,  9, 10, 11, 10,    1246665,    1246665,    1246665,    1246665
17,    1006022,     48.0,     49.0,     49.0,    150.0,  9, 10, 11,  9,    1246669,    1246669,    1246669,    1246669
17,    1006032,     48.0,     48.0,     47.0,    147.0,  9, 10, 11, 11,    1246671,    1246671,    1246671,    1246671
17,    1006051,     48.0,     48.0,     48.0,    149.0,  9, 10, 11, 11,    1246677,    1246677,    1246677,    1246677
17,    1006216,     48.0,     48.0,     47.0,    148.0,  9, 10, 11, 11,    1246795,    1246795,    1246795,    1246795
17,    1275862,     61.0,     62.0,     60.0,    186.0,  9, 10, 11, 11,    1246663,    1246663,    1246663,    1246663
17,    1174166,     49.0,     49.0,     49.0,    153.0,  9, 10, 11,  9,    1376848,    1376848,    1376848,    1376848
17,    1275863,     49.0,     49.0,     49.0,    153.0,  9, 10, 11,  9,    1376850,    1376850,    1376850,    1376850
17,    1175067,     63.0,     63.0,     63.0,    195.0,  9, 10, 11,  9,    1377164,    1377164,    1377164,    1377164
17,    1275913,     47.0,     49.0,     49.0,    144.0,  9, 10, 11,  9,    1425122,    1425122,    1425122,    1425122
17,    2576433,     56.0,     55.0,     56.0,    174.0,  9, 10, 11, 10,    1425121,    1425121,    1425121,    1425121
17,    2576441,     45.0,     44.0,     45.0,    138.0,  9, 10, 11, 10,    2402578,    2402578,    2402578,    2402578
17,    2576457,     45.0,     44.0,     45.0,    138.0,  9, 10, 11, 10,    2402578,    2402578,    2402578,    2402578
17,    2576481,     45.0,     44.0,     45.0,    138.0,  9, 10, 11, 10,    2402578,    2402578,    2402578,    2402578
17,      45283,     45.0,     44.0,     45.0,    138.0,  9, 10, 11, 10,      82064,    2402578,      82064,    2402578
17,    2577321,     57.0,     56.0,     57.0,    176.0,  9, 10, 11, 10,    1425121,    1425121,    1425121,    1425121
17,    2818264,     59.0,     59.0,     59.0,    189.0,  1,  2,  3,  9,    2818264,    2818264,    2387415,    2281410
18,    2575430,     58.0,     55.0,     58.0,    170.0,  9, 10, 11, 10,    1425121,    1425121,    1425121,    1425121
18,    2575536,     57.0,     54.0,     58.0,    170.0,  9, 10, 11, 10,    1425121,    1425121,    1246514,    1425121
18,    1005977,     25.0,     25.0,     25.0,     75.0,  9, 10, 11,  9,    1246651,    1246651,    1246651,    1246651
18,    1005987,     48.0,     49.0,     50.0,    147.0,  9, 10, 11,  9,    1246656,    1246656,    1246656,    1246656
18,    1006012,     49.0,     48.0,     49.0,    149.0,  9, 10, 11, 10,    1246665,    1246665,    1246665,    1246665
18,    1006022,     48.0,     49.0,     49.0,    149.0,  9, 10, 11,  9,    1246669,    1246669,    1246669,    1246669
18,    1006032,     48.0,     48.0,     48.0,    149.0,  9, 10, 11, 10,    1246671,    1246671,    1246671,    1246671
18,    1006051,     48.0,     48.0,     48.0,    149.0,  9, 10, 11, 11,    1246677,    1246677,    1246677,    1246677
18,    1006216,     48.0,     48.0,     48.0,    149.0,  9, 10, 11, 10,    1246795,    1246795,    1246795,    1246795
18,    1275862,     62.0,     60.0,     62.0,    185.0,  9, 10, 11, 10,    1246663,    1246663,    1246663,    1246663
18,    1174166,     49.0,     49.0,     49.0,    153.0,  9, 10, 11,  9,    1376848,    1376848,    1376848,    1376848
18,    1275863,     49.0,     49.0,     49.0,    153.0,  9, 10, 11,  9,    1376850,    1376850,    1376850,    1376850
18,    1175067,     63.0,     63.0,     63.0,    195.0,  9, 10, 11,  9,    1377164,    1377164,    1377164,    1377164
18,    1275913,     48.0,     48.0,     49.0,    147.0,  9, 10, 11,  9,    1425122,    1425122,    1425122,    1425122
18,    2576433,     56.0,     53.0,     57.0,    169.0,  9, 10, 11, 10,    1425121,    1425121,    1246514,    1425121
18,    2576441,     45.0,     45.0,     45.0,    140.0,  9, 10, 11, 11,    2402578,    2402578,    2402578,    2402578
18,    2576457,     45.0,     45.0,     45.0,    140.0,  9, 10, 11, 11,    2402578,    2402578,    2402578,    2402578
18,    2576481,     45.0,     45.0,     44.0,    140.0,  9, 10, 11, 10,    2402578,    2402578,    2402578,    2402578
18,      45283,     45.0,     45.0,     44.0,    140.0,  9, 10, 11, 10,      82064,      82064,    2402578,    2402578
18,    2577321,     57.0,     54.0,     58.0,    170.0,  9, 10, 11, 10,    1425121,    1425121,    1246514,    1425121
18,    2818264,     59.0,     58.0,     59.0,    189.0,  1,  2,  3,  9,    2818264,    2818264,    2818264,    2281410
19,    2575430,     57.0,     54.0,     57.0,    169.0,  9, 10, 11, 10,    1425121,    1425121,    1425121,    1425121
19,    2575536,     57.0,     54.0,     57.0,    169.0,  9, 10, 11, 10,    1425121,    1425121,    1425121,    1425121
19,    1005977,     24.0,     25.0,     25.0,     75.0,  9, 10, 11,  9,    1246651,    1246651,    1246651,    1246651
19,    1005987,     46.0,     50.0,     49.0,    143.0,  9, 10, 11,  9,    1246656,    1246656,    1246656,    1246656
19,    1006012,     49.0,     48.0,     49.0,    149.0,  9, 10, 11, 10,    1246665,    1246665,    1246665,    1246665
19,    1006022,     48.0,     49.0,     48.0,    149.0,  9, 10, 11,  9,    1246669,    1246669,    1246669,    1246669
19,    1006032,     48.0,     48.0,     48.0,    150.0,  9, 10, 11,  9,    1246671,    1246671,    1246671,    1246671
19,    1006051,     48.0,     48.0,     48.0,    150.0,  9, 10, 11,  9,    1246677,    1246677,    1246677,    1246677
19,    1006216,     47.0,     47.0,     46.0,    146.0,  9, 10, 11, 11,    1246795,    1246795,    1246795,    1246795
19,    1275862,     61.0,     60.0,     61.0,    184.0,  9, 10, 11, 10,    1246663,    1246663,    1246663,    1246663
19,    1174166,     49.0,     49.0,     49.0,    153.0,  9, 10, 11,  9,    1376848,    1376848,    1376848,    1376848
19,    1275863,     49.0,     49.0,     49.0,    153.0,  9, 10, 11,  9,    1376850,    1376850,    1376850,    1376850
19,    1175067,     63.0,     63.0,     63.0,    195.0,  9, 10, 11,  9,    1377164,    1377164,    1377164,    1377164
19,    1275913,     48.0,     48.0,     48.0,    145.0,  9, 10, 11,  9,    1425122,    1425122,    1425122,    1425122
19,    2576433,     56.0,     53.0,     56.0,    167.0,  9, 10, 11, 10,    1425121,    1425121,    1425121,    1425121
19,    2576441,     45.0,     44.0,     44.0,    139.0,  9, 10, 11, 11,    2402578,    2402578,    2402578,    2402578
19,    2576457,     45.0,     44.0,     44.0,    139.0,  9, 10, 11, 10,    2402578,    2402578,    2402578,    2402578
19,    2576481,     45.0,     44.0,     44.0,    139.0,  9, 10, 11, 10,    2402578,    2402578,    2402578,    2402578
19,      45283,     45.0,     44.0,     44.0,    138.0,  9, 10, 11, 11,      82064,      82064,    2402578,    2402578
19,    2577321,     57.0,     54.0,     57.0,    169.0,  9, 10, 11, 10,    1425121,    1425121,    1425121,    1425121
19,    2818264,     59.0,     58.0,     59.0,    189.0,  1,  2,  3,  2,    2387415,    2818264,    2387415,    2818264
20,    2575430,     56.0,     54.0,     57.0,    170.0,  9, 10, 11, 10,    1425121,    1425121,    1425121,    1425121
20,    2575536,     56.0,     54.0,     56.0,    169.0,  9, 10, 11, 10,    1425121,    1425121,    1425121,    1425121
20,    1005977,     24.0,     25.0,     24.0,     75.0,  9, 10, 11,  9,    1246651,    1246651,    1246651,    1246651
20,    1005987,     49.0,     49.0,     49.0,    149.0,  9, 10, 11,  9,    1246656,    1246656,    1246656,    1246656
20,    1006012,     49.0,     49.0,     49.0,    151.0,  9, 10, 11,  9,    1246665,    1246665,    1246665,    1246665
20,    1006022,     47.0,     48.0,     48.0,    147.0,  9, 10, 11,  9,    1246669,    1246669,    1246669,    1246669
20,    1006032,     47.0,     48.0,     48.0,    148.0,  9, 10, 11,  9,    1246671,    1246671,    1246671,    1246671
20,    1006051,     47.0,     48.0,     48.0,    148.0,  9, 10, 11,  9,    1246677,    1246677,    1246677,    1246677
20,    1006216,     46.0,     45.0,     46.0,    141.0,  9, 10, 11, 10,    1246795,    1246795,    1246795,    1246795
20,    1275862,     59.0,     59.0,     60.0,    180.0,  9, 10, 11, 10,    1246663,    1246663,    1246663,    1246663
20,    1174166,     49.0,     49.0,     49.0,    153.0,  9, 10, 11,  9,    1376848,    1376848,    1376848,    1376848
20,    1275863,     49.0,     49.0,     49.0,    153.0,  9, 10, 11,  9,    1376850,    1376850,    1376850,    1376850
20,    1175067,     63.0,     63.0,     63.0,    195.0,  9, 10, 11,  9,    1377164,    1377164,    1377164,    1377164
20,    1275913,     48.0,     48.0,     48.0,    145.0,  9, 10, 11, 10,    1425122,    1425122,    1425122,    1425122
20,    2576433,     55.0,     53.0,     55.0,    168.0,  9, 10, 11, 10,    1425121,    1425121,    1425121,    1425121
20,    2576441,     44.0,     45.0,     45.0,    140.0,  9, 10, 11,  9,    2402578,    2402578,    2402578,    2402578
20,    2576457,     44.0,     45.0,     45.0,    139.0,  9, 10, 11,  9,    2402578,    2402578,    2402578,    2402578
20,    2576481,     44.0,     44.0,     45.0,    139.0,  9, 10, 11,  9,    2402578,    2402578,    2402578,    2402578
20,      45283,     44.0,     44.0,     45.0,    139.0,  9, 10, 11,  9,      82064,    2402578,      82064,    2402578
20,    2577321,     56.0,     54.0,     56.0,    169.0,  9, 10, 11, 10,    1425121,    1425121,    1425121,    1425121
20,    2818264,     58.0,     58.0,     58.0,    189.0,  1,  2,  3,  2,    2818264,    2818264,    2818264,    2818264
21,    2575430,     56.0,     54.0,     56.0,    170.0,  9, 10, 11, 10,    1425121,    1425121,    1425121,    1425121
21,    2575536,     55.0,     54.0,     55.0,    169.0,  9, 10, 11, 10,    1425121,    1425121,    1425121,    1425121
21,    1005977,     24.0,     24.0,     24.0,     73.0,  9, 10, 11,  9,    1246651,    1246651,    1246651,    1246651
21,    1005987,     48.0,     49.0,     48.0,    147.0,  9, 10, 11,  9,    1246656,    1246656,    1246656,    1246656
21,    1006012,     49.0,     48.0,     49.0,    148.0,  9, 10, 11, 10,    1246665,    1246665,    1246665,    1246665
21,    1006022,     48.0,     48.0,     48.0,    149.0,  9, 10, 11, 10,    1246669,    1246669,    1246669,    1246669
21,    1006032,     45.0,     48.0,     48.0,    141.0,  9, 10, 11,  9,    1246671,    1246671,    1246671,    1246671
21,    1006051,     48.0,     48.0,     48.0,    149.0,  9, 10, 11, 11,    1246677,    1246677,    1246677,    1246677
21,    1006216,     48.0,     47.0,     48.0,    148.0,  9, 10, 11, 10,    1246795,    1246795,    1246795,    1246795
21,    1275862,     58.0,     60.0,     61.0,    178.0,  9, 10, 11,  9,    1246663,    1246663,    1246663,    1246663
21,    1174166,     49.0,     49.0,     49.0,    153.0,  9, 10, 11,  9,    1376848,    1376848,    1376848,    1376848
21,    1275863,     49.0,     49.0,     49.0,    153.0,  9, 10, 11,  9,    1376850,    1376850,    1376850,    1376850
21,    1175067,     63.0,     63.0,     63.0,    195.0,  9, 10, 11,  9,    1377164,    1377164,    1377164,    1377164
21,    1275913,     47.0,     48.0,     48.0,    144.0,  9, 10, 11,  9,    1425122,    1425122,    1425122,    1425122
21,    2576433,     54.0,     53.0,     54.0,    168.0,  9, 10, 11, 10,    1425121,    1425121,    1425121,    1425121
21,    2576441,     45.0,     45.0,     45.0,    140.0,  9, 10, 11,  9,    2402578,    2402578,    2402578,    2402578
21,    2576457,     45.0,     45.0,     45.0,    140.0,  9, 10, 11,  9,    2402578,    2402578,    2402578,    2402578
21,    2576481,     44.0,     44.0,     44.0,    140.0,  9, 10, 11,  9,    2402578,    2402578,    2402578,    2402578
21,      45283,     44.0,     44.0,     44.0,    140.0,  9, 10, 11,  9,    2402578,    2402578,    2402578,      82064
21,    2577321,     55.0,     54.0,     55.0,    169.0,  9, 10, 11, 10,    1425121,    1425121,    1425121,    1425121
21,    2818264,     59.0,     58.0,     58.0,    189.0,  1,  2,  3,  2,    2387415,    2818264,    2818264,    2818264
22,    2575430,     57.0,     57.0,     57.0,    177.0,  9, 10, 11,  9,    1425121,    1425121,    1425121,    1425121
22,    2575536,     56.0,     56.0,     57.0,    176.0,  9, 10, 11,  9,    1425121,    1425121,    1246514,    1425121
22,    1005977,     24.0,     24.0,     24.0,     73.0,  9, 10, 11,  9,    1246651,    1246651,    1246651,    1246651
22,    1005987,     49.0,     48.0,     50.0,    148.0,  9, 10, 11, 10,    1246656,    1246656,    1246656,    1246656
22,    1006012,     48.0,     48.0,     49.0,    150.0,  9, 10, 11,  9,    1246665,    1246665,    1246665,    1246665
22,    1006022,     48.0,     49.0,     49.0,    150.0,  9, 10, 11,  9,    1246669,    1246669,    1246669,    1246669
22,    1006032,     47.0,     47.0,     48.0,    147.0,  9, 10, 11,  9,    1246671,    1246671,    1246671,    1246671
22,    1006051,     48.0,     48.0,     48.0,    149.0,  9, 10, 11, 11,    1246677,    1246677,    1246677,    1246677
22,    1006216,     48.0,     47.0,     48.0,    149.0,  9, 10, 11, 10,    1246795,    1246795,    1246795,    1246795
22,    1275862,     60.0,     60.0,     61.0,    183.0,  9, 10, 11, 10,    1246663,    1246663,    1246663,    1246663
22,    1174166,     49.0,     49.0,     49.0,    153.0,  9, 10, 11,  9,    1376848,    1376848,    1376848,    1376848
22,    1275863,     49.0,     49.0,     49.0,    153.0,  9, 10, 11,  9,    1376850,    1376850,    1376850,    1376850
22,    1175067,     63.0,     63.0,     63.0,    195.0,  9, 10, 11,  9,    1377164,    1377164,    1377164,    1377164
22,    1275913,     48.0,     48.0,     49.0,    145.0,  9, 10, 11,  9,    1425122,    1425122,    1425122,    1425122
22,    2576433,     55.0,     55.0,     56.0,    175.0,  9, 10, 11,  9,    1425121,    1425121,    1246514,    1425121
22,    2576441,     45.0,     45.0,     45.0,    141.0,  9, 10, 11, 11,    2402578,    2402578,    2402578,    2402578
22,    2576457,     45.0,     45.0,     45.0,    140.0,  9, 10, 11, 11,    2402578,    2402578,    2402578,    2402578
22,    2576481,     45.0,     45.0,     45.0,    140.0,  9, 10, 11, 11,    2402578,    2402578,    2402578,    2402578
22,      45283,     45.0,     45.0,     44.0,    140.0,  9, 10, 11, 11,      82064,      82064,    2402578,    2402578
22,    2577321,     56.0,     57.0,     57.0,    176.0,  9, 10, 11,  9,    1425121,    1425121,    1425121,    1425121
22,    2818264,     59.0,     58.0,     59.0,    189.0,  1,  2,  3,  9,    2387415,    2818264,    2387415,    2281410
23,    2575430,     58.0,     57.0,     58.0,    177.0,  9, 10, 11, 10,    1425121,    1425121,    1425121,    1425121
23,    2575536,     58.0,     57.0,     58.0,    177.0,  9, 10, 11, 10,    1246514,    1246514,    1246514,    1425121
23,    1005977,     24.0,     24.0,     24.0,     73.0,  9, 10, 11,  9,    1246651,    1246651,    1246651,    1246651
23,    1005987,     49.0,     48.0,     50.0,    147.0,  9, 10, 11, 10,    1246656,    1246656,    1246656,    1246656
23,    1006012,     49.0,     49.0,     49.0,    152.0,  9, 10, 11,  9,    1246665,    1246665,    1246665,    1246665
23,    1006022,     49.0,     49.0,     49.0,    151.0,  9, 10, 11,  9,    1246669,    1246669,    1246669,    1246669
23,    1006032,     46.0,     48.0,     48.0,    143.0,  9, 10, 11,  9,    1246671,    1246671,    1246671,    1246671
23,    1006051,     48.0,     48.0,     48.0,    151.0,  9, 10, 11,  9,    1246677,    1246677,    1246677,    1246677
23,    1006216,     48.0,     48.0,     48.0,    149.0,  9, 10, 11, 10,    1246795,    1246795,    1246795,    1246795
23,    1275862,     59.0,     61.0,     62.0,    183.0,  9, 10, 11,  9,    1246663,    1246663,    1246663,    1246663
23,    1174166,     49.0,     49.0,     49.0,    153.0,  9, 10, 11,  9,    1376848,    1376848,    1376848,    1376848
23,    1275863,     49.0,     49.0,     49.0,    153.0,  9, 10, 11,  9,    1376850,    1376850,    1376850,    1376850
23,    1175067,     63.0,     63.0,     63.0,    195.0,  9, 10, 11,  9,    1377164,    1377164,    1377164,    1377164
23,    1275913,     48.0,     48.0,     49.0,    147.0,  9, 10, 11,  9,    1425122,    1425122,    1425122,    1425122
23,    2576433,     57.0,     56.0,     57.0,    175.0,  9, 10, 11, 10,    1246514,    1246514,    1246514,    1425121
23,    2576441,     45.0,     45.0,     45.0,    141.0,  9, 10, 11, 10,    2402578,    2402578,    2402578,    2402578
23,    2576457,     45.0,     45.0,     45.0,    141.0,  9, 10, 11, 10,    2402578,    2402578,    2402578,    2402578
23,    2576481,     45.0,     45.0,     45.0,    141.0,  9, 10, 11, 10,    2402578,    2402578,    2402578,    2402578
23,      45283,     45.0,     45.0,     45.0,    141.0,  9, 10, 11, 10,      82064,      82064,    2402578,    2402578
23,    2577321,     58.0,     57.0,     58.0,    177.0,  9, 10, 11, 10,    1246514,    1246514,    1425121,    1425121
23,    2818264,     59.0,     59.0,     59.0,    189.0,  1,  2,  3,  9,    2818264,    2387415,    2818264,    2281410
24,    2575430,     71.0,     71.0,     69.0,    216.0, 12, 12, 12, 11,    1246514,    1246514,    1246514,    1246514
24,    2575536,     71.0,     71.0,     69.0,    216.0, 12, 12, 12, 11,    1425121,    1246514,    1246514,    1246514
24,    1005977,     25.0,     25.0,     25.0,     78.0, 12, 12, 12,  9,    1246651,    1246651,    1246651,    1246651
24,    1005987,     55.0,     54.0,     53.0,    164.0, 12, 12, 12, 11,    1246656,    1246656,    1246656,    1246656
24,    1006012,     54.0,     55.0,     54.0,    163.0, 12, 12, 12, 11,    1246665,    1246665,    1246665,    1246665
24,    1006022,     55.0,     55.0,     55.0,    164.0, 12, 12, 12,  9,    1246669,    1246669,    1246669,    1246669
24,    1006032,     56.0,     55.0,     54.0,    164.0, 12, 12, 12, 11,    1246671,    1246671,    1246671,    1246671
24,    1006051,     55.0,     56.0,     55.0,    164.0, 12, 10, 12,  9,    1246677,    1246677,    1246677,    1246677
24,    1006216,     56.0,     55.0,     56.0,    165.0, 12, 12, 12,  9,    1246795,    1246795,    1246795,    1246795
24,    1275862,     69.0,     69.0,     68.0,    204.0,  9, 12, 12,  9,    1376802,    1246663,    1246663,    1376802
24,    1174166,     55.0,     55.0,     55.0,    162.0,  9, 10, 11,  9,    1376848,    1376848,    1376848,    1376848
24,    1275863,     55.0,     55.0,     55.0,    162.0,  9, 10, 11,  9,    1376850,    1376850,    1376850,    1376850
24,    1175067,     70.0,     70.0,     70.0,    206.0,  9, 10, 11,  9,    1377164,    1377164,    1377164,    1377164
24,    1275913,     51.0,     52.0,     51.0,    155.0, 12, 12, 12, 11,    1425122,    1425122,    1425122,    1425122
24,    2576433,     72.0,     72.0,     70.0,    218.0, 12, 12, 12, 11,    1425121,    1246514,    1246514,    1246514
24,    2576441,     54.0,     54.0,     53.0,    161.0, 12, 12, 12,  9,    2402578,    2402578,    2402578,    2402578
24,    2576457,     54.0,     54.0,     53.0,    161.0, 12, 12, 12,  9,    2402578,    2402578,    2402578,    2402578
24,    2576481,     54.0,     54.0,     53.0,    161.0, 12, 12, 12,  9,    2402578,    2402578,    2402578,    2402588
24,      45283,     54.0,     54.0,     53.0,    161.0, 12, 12, 12,  9,      82064,      82064,    2402578,      82064
24,    2577321,     71.0,     71.0,     69.0,    216.0, 12, 12, 12, 11,    1425121,    1246514,    1246514,    1246514
24,    2818264,     64.0,     64.0,     64.0,    183.0,  4,  5,  6,  4,    2818264,    2818264,    2818264,    2818264
25,    2575430,     71.0,     70.0,     69.0,    217.0, 12, 12, 12, 11,    1425121,    1246514,    1246514,    1246514
25,    2575536,     72.0,     71.0,     69.0,    217.0, 12, 12, 12, 11,    1246514,    1246514,    1246514,    1246514
25,    1005977,     25.0,     25.0,     25.0,     79.0, 12, 12, 12,  9,    1246651,    1246651,    1246651,    1246651
25,    1005987,     53.0,     54.0,     54.0,    163.0, 12, 12, 12, 11,    1246656,    1246656,    1246656,    1246656
25,    1006012,     54.0,     55.0,     55.0,    163.0, 12, 10, 11,  9,    1246665,    1246665,    1246665,    1246665
25,    1006022,     55.0,     55.0,     55.0,    163.0, 12, 10, 11, 10,    1246669,    1246669,    1246669,    1246669
25,    1006032,     56.0,     55.0,     55.0,    164.0, 12, 12, 12, 11,    1246671,    1246671,    1246671,    1246671
25,    1006051,     55.0,     56.0,     55.0,    164.0, 12, 10, 12,  9,    1246677,    1246677,    1246677,    1246677
25,    1006216,     56.0,     55.0,     56.0,    165.0,  9, 12, 12,  9,    1246795,    1246795,    1246795,    1246795
25,    1275862,     69.0,     69.0,     68.0,    204.0, 12, 12, 12,  9,    1246663,    1246663,    1246663,    1376802
25,    1174166,     55.0,     55.0,     55.0,    162.0,  9, 10, 11,  9,    1376848,    1376848,    1376848,    1376848
25,    1275863,     55.0,     55.0,     55.0,    162.0,  9, 10, 11,  9,    1376850,    1376850,    1376850,    1376850
25,    1175067,     70.0,     70.0,     70.0,    206.0,  9, 10, 11,  9,    1377164,    1377164,    1377164,    1377164
25,    1275913,     50.0,     52.0,     51.0,    154.0, 12, 12, 12,  9,    1425122,    1425122,    1425122,    1425122
25,    2576433,     73.0,     72.0,     70.0,    219.0, 12, 12, 12, 11,    1246514,    1246514,    1246514,    1246514
25,    2576441,     54.0,     53.0,     54.0,    161.0, 12, 12, 12, 10,    2402578,    2402578,    2402578,    2402578
25,    2576457,     54.0,     54.0,     54.0,    162.0, 12, 12, 12,  9,    2402578,    2402578,    2402578,    2402578
25,    2576481,     54.0,     54.0,     54.0,    161.0, 12, 12, 12,  9,    2402578,    2402578,    2402578,    2402588
25,      45283,     54.0,     54.0,     54.0,    161.0, 12, 12, 12, 11,      82064,      82064,      82064,      82064
25,    2577321,     71.0,     70.0,     69.0,    217.0, 12, 12, 12, 11,    1425121,    1246514,    1246514,    1246514
25,    2818264,     64.0,     64.0,     64.0,    183.0,  4,  5,  6,  4,    2818264,    2818264,    2818264,    2818264
26,    2575430,     72.0,     69.0,     69.0,    216.0, 12, 12, 12, 11,    1425121,    1246514,    1246514,    1246514
26,    2575536,     73.0,     70.0,     69.0,    216.0, 12, 12, 12, 11,    1425121,    1246514,    1246514,    1246514
26,    1005977,     25.0,     25.0,     25.0,     79.0, 12, 12, 12,  9,    1246651,    1246651,    1246651,    1246651
26,    1005987,     53.0,     54.0,     54.0,    163.0, 12, 12, 12,  9,    1246656,    1246656,    1246656,    1246656
26,    1006012,     55.0,     55.0,     54.0,    163.0,  9, 10, 12,  9,    1246665,    1246665,    1246665,    1246665
26,    1006022,     55.0,     55.0,     55.0,    163.0, 12, 10, 11, 10,    1246669,    1246669,    1246669,    1246669
26,    1006032,     56.0,     55.0,     55.0,    164.0,  9, 12, 12, 10,    1246671,    1246671,    1246671,    1246671
26,    1006051,     55.0,     56.0,     56.0,    164.0, 12, 10, 11,  9,    1246677,    1246677,    1246677,    1246677
26,    1006216,     56.0,     56.0,     56.0,    165.0,  9, 12, 12,  9,    1246795,    1246795,    1246795,    1246795
26,    1275862,     69.0,     68.0,     69.0,    204.0, 12, 12, 12,  9,    1246663,    1246663,    1246663,    1376802
26,    1174166,     55.0,     55.0,     55.0,    162.0,  9, 10, 11,  9,    1376848,    1376848,    1376848,    1376848
26,    1275863,     55.0,     55.0,     55.0,    162.0,  9, 10, 11,  9,    1376850,    1376850,    1376850,    1376850
26,    1175067,     70.0,     70.0,     70.0,    206.0,  9, 10, 11,  9,    1377164,    1377164,    1377164,    1377164
26,    1275913,     50.0,     52.0,     51.0,    154.0, 12, 12, 12,  9,    1425122,    1425122,    1425122,    1425122
26,    2576433,     74.0,     71.0,     70.0,    218.0, 12, 12, 12, 11,    1425121,    1246514,    1246514,    1246514
26,    2576441,     54.0,     54.0,     53.0,    161.0, 12, 12, 12,  9,    2402578,    2402578,    2402578,    2402578
26,    2576457,     54.0,     54.0,     53.0,    161.0, 12, 12, 12,  9,    2402578,    2402578,    2402578,    2402578
26,    2576481,     54.0,     54.0,     54.0,    160.0, 12, 12, 12, 11,    2402588,    2402578,    2402578,    2402588
26,      45283,     55.0,     54.0,     54.0,    161.0,  9, 12, 12,  9,      82064,      82064,      82064,      82064
26,    2577321,     72.0,     70.0,     69.0,    216.0, 12, 12, 12, 11,    1425121,    1246514,    1246514,    1246514
26,    2818264,     64.0,     64.0,     64.0,    182.0,  4,  5,  6,  4,    2818264,    2818264,    2818264,    2818264
27,    2575430,     71.0,     70.0,     69.0,    216.0, 12, 12, 12, 10,    1425121,    1246514,    1246514,    1246514
27,    2575536,     72.0,     70.0,     70.0,    216.0, 12, 12, 12, 10,    1425121,    1246514,    1246514,    1246514
27,    1005977,     25.0,     25.0,     25.0,     79.0, 12, 12, 12,  9,    1246651,    1246651,    1246651,    1246651
27,    1005987,     54.0,     54.0,     54.0,    162.0, 12, 12, 11, 11,    1246656,    1246656,    1246656,    1246656
27,    1006012,     54.0,     55.0,     55.0,    163.0, 12, 10, 11,  9,    1246665,    1246665,    1246665,    1246665
27,    1006022,     55.0,     55.0,     55.0,    163.0, 12, 10, 12, 10,    1246669,    1246669,    1246669,    1246669
27,    1006032,     56.0,     55.0,     55.0,    164.0,  9, 12, 12, 10,    1246671,    1246671,    1246671,    1246671
27,    1006051,     55.0,     56.0,     56.0,    164.0, 12, 10, 11,  9,    1246677,    1246677,    1246677,    1246677
27,    1006216,     56.0,     56.0,     56.0,    165.0, 12, 12, 11,  9,    1246795,    1246795,    1246795,    1246795
27,    1275862,     69.0,     68.0,     69.0,    204.0, 12, 12, 12,  9,    1246663,    1246663,    1246663,    1376802
27,    1174166,     55.0,     55.0,     55.0,    162.0,  9, 10, 11,  9,    1376848,    1376848,    1376848,    1376848
27,    1275863,     55.0,     55.0,     55.0,    162.0,  9, 10, 11,  9,    1376850,    1376850,    1376850,    1376850
27,    1175067,     70.0,     70.0,     70.0,    206.0,  9, 10, 11,  9,    1377164,    1377164,    1377164,    1377164
27,    1275913,     50.0,     52.0,     51.0,    154.0, 12, 10, 12,  9,    1425122,    1425122,    1425122,    1425122
27,    2576433,     73.0,     71.0,     71.0,    218.0, 12, 12, 12, 10,    1425121,    1246514,    1246514,    1246514
27,    2576441,     54.0,     53.0,     54.0,    160.0, 12, 12, 12, 10,    2402578,    2402578,    2402578,    2402578
27,    2576457,     54.0,     53.0,     54.0,    161.0, 12, 12, 12,  9,    2402578,    2402578,    2402578,    2402578
27,    2576481,     54.0,     54.0,     54.0,    160.0, 12, 12, 12, 10,    2402578,    2402578,    2402578,    2402588
27,      45283,     54.0,     54.0,     54.0,    160.0, 12, 12, 12, 10,      82064,      82064,      82064,      82064
27,    2577321,     71.0,     70.0,     70.0,    216.0, 12, 12, 12, 10,    1425121,    1246514,    1246514,    1246514
27,    2818264,     64.0,     64.0,     64.0,    183.0,  4,  5,  6,  4,    2818264,    2818264,    2818264,    2818264
28,    2575430,     70.0,     70.0,     71.0,    215.0, 12, 12, 12,  9,    1425121,    1246514,    1246514,    1246514
28,    2575536,     70.0,     71.0,     71.0,    215.0, 12, 12, 12,  9,    1425121,    1246514,    1246514,    1246514
28,    1005977,     25.0,     25.0,     25.0,     79.0, 12, 12, 12,  9,    1246651,    1246651,    1246651,    1246651
28,    1005987,     53.0,     54.0,     54.0,    162.0, 12, 12, 12,  9,    1246656,    1246656,    1246656,    1246656
28,    1006012,     54.0,     54.0,     55.0,    163.0, 12, 12, 11,  9,    1246665,    1246665,    1246665,    1246665
28,    1006022,     55.0,     55.0,     55.0,    163.0, 12, 10, 11, 10,    1246669,    1246669,    1246669,    1246669
28,    1006032,     56.0,     55.0,     55.0,    164.0,  9, 12, 12, 10,    1246671,    1246671,    1246671,    1246671
28,    1006051,     55.0,     56.0,     56.0,    164.0, 12, 10, 11,  9,    1246677,    1246677,    1246677,    1246677
28,    1006216,     56.0,     56.0,     56.0,    165.0,  9, 12, 12,  9,    1246795,    1246795,    1246795,    1246795
28,    1275862,     69.0,     68.0,     69.0,    204.0, 12, 12, 12,  9,    1246663,    1246663,    1246663,    1376802
28,    1174166,     55.0,     55.0,     55.0,    162.0,  9, 10, 11,  9,    1376848,    1376848,    1376848,    1376848
28,    1275863,     55.0,     55.0,     55.0,    162.0,  9, 10, 11,  9,    1376850,    1376850,    1376850,    1376850
28,    1175067,     70.0,     70.0,     70.0,    206.0,  9, 10, 11,  9,    1377164,    1377164,    1377164,    1377164
28,    1275913,     51.0,     52.0,     51.0,    154.0, 12, 10, 12,  9,    1425122,    1425122,    1425122,    1425122
28,    2576433,     71.0,     72.0,     72.0,    217.0, 12, 12, 12,  9,    1425121,    1246514,    1246514,    1246514
28,    2576441,     54.0,     54.0,     53.0,    160.0, 12, 12, 12,  9,    2402578,    2402578,    2402578,    2402578
28,    2576457,     54.0,     54.0,     54.0,    160.0, 12, 12, 12,  9,    2402578,    2402578,    2402578,    2402578
28,    2576481,     54.0,     54.0,     54.0,    160.0, 12, 12, 12, 10,    2402578,    2402578,    2402578,    2402578
28,      45283,     54.0,     54.0,     54.0,    160.0, 12, 12, 12,  9,      82064,      82064,      82064,      82064
28,    2577321,     70.0,     71.0,     71.0,    215.0, 12, 12, 12,  9,    1425121,    1246514,    1246514,    1246514
28,    2818264,     64.0,     64.0,     64.0,    182.0,  4,  5,  6,  4,    2818264,    2818264,    2818264,    2818264
29,    2575430,     71.0,     71.0,     69.0,    215.0, 12, 12, 12, 11,    1246514,    1246514,    1246514,    1246514
29,    2575536,     72.0,     71.0,     70.0,    215.0, 12, 12, 12, 11,    1246514,    1246514,    1246514,    1246514
29,    1005977,     25.0,     25.0,     25.0,     78.0, 12, 12, 12,  9,    1246651,    1246651,    1246651,    1246651
29,    1005987,     55.0,     54.0,     53.0,    163.0, 12, 12, 12, 10,    1246656,    1246656,    1246656,    1246656
29,    1006012,     54.0,     55.0,     55.0,    163.0, 12, 10, 11,  9,    1246665,    1246665,    1246665,    1246665
29,    1006022,     55.0,     55.0,     55.0,    163.0, 12, 10, 11, 10,    1246669,    1246669,    1246669,    1246669
29,    1006032,     56.0,     55.0,     55.0,    164.0,  9, 12, 12, 10,    1246671,    1246671,    1246671,    1246671
29,    1006051,     55.0,     56.0,     55.0,    164.0, 12, 10, 12,  9,    1246677,    1246677,    1246677,    1246677
29,    1006216,     56.0,     56.0,     56.0,    165.0, 12, 12, 11,  9,    1246795,    1246795,    1246795,    1246795
29,    1275862,     69.0,     68.0,     69.0,    204.0, 12, 12, 12,  9,    1246663,    1246663,    1246663,    1376802
29,    1174166,     55.0,     55.0,     55.0,    162.0,  9, 10, 11,  9,    1376848,    1376848,    1376848,    1376848
29,    1275863,     55.0,     55.0,     55.0,    162.0,  9, 10, 11,  9,    1376850,    1376850,    1376850,    1376850
29,    1175067,     70.0,     70.0,     70.0,    206.0,  9, 10, 11,  9,    1377164,    1377164,    1377164,    1377164
29,    1275913,     51.0,     51.0,     51.0,    155.0, 12, 12, 12,  9,    1425122,    1425122,    1425122,    1425122
29,    2576433,     73.0,     72.0,     71.0,    217.0, 12, 12, 12, 11,    1246514,    1246514,    1246514,    1246514
29,    2576441,     54.0,     54.0,     53.0,    161.0, 12, 12, 12, 10,    2402578,    2402578,    2402578,    2402578
29,    2576457,     54.0,     54.0,     53.0,    161.0, 12, 12, 12, 10,    2402578,    2402578,    2402578,    2402578
29,    2576481,     54.0,     54.0,     54.0,    160.0, 12, 12, 12,  9,    2402588,    2402578,    2402578,    2402588
29,      45283,     54.0,     54.0,     54.0,    160.0, 12, 12, 12, 10,      82064,      82064,      82064,      82064
29,    2577321,     71.0,     71.0,     70.0,    215.0, 12, 12, 12, 11,    1425121,    1246514,    1246514,    1246514
29,    2818264,     64.0,     64.0,     64.0,    183.0,  4,  5,  6,  4,    2818264,    2818264,    2818264,    2818264
30,    2575430,     72.0,     70.0,     69.0,    215.0, 12, 12, 12, 11,    1425121,    1246514,    1246514,    1246514
30,    2575536,     72.0,     70.0,     69.0,    215.0, 12, 12, 12, 11,    1425121,    1246514,    1246514,    1246514
30,    1005977,     25.0,     25.0,     25.0,     76.0,  9, 10, 11,  9,    1246651,    1246651,    1246651,    1246651
30,    1005987,     54.0,     54.0,     54.0,    163.0, 12, 12, 12, 10,    1246656,    1246656,    1246656,    1246656
30,    1006012,     54.0,     55.0,     55.0,    163.0, 12, 10, 11,  9,    1246665,    1246665,    1246665,    1246665
30,    1006022,     55.0,     55.0,     55.0,    163.0, 12, 10, 12,  9,    1246669,    1246669,    1246669,    1246669
30,    1006032,     56.0,     55.0,     55.0,    164.0,  9, 12, 12, 10,    1246671,    1246671,    1246671,    1246671
30,    1006051,     55.0,     56.0,     55.0,    164.0, 12, 10, 12, 10,    1246677,    1246677,    1246677,    1246677
30,    1006216,     56.0,     56.0,     56.0,    165.0,  9, 12, 11,  9,    1246795,    1246795,    1246795,    1246795
30,    1275862,     69.0,     68.0,     69.0,    204.0, 12, 12, 12,  9,    1246663,    1246663,    1246663,    1376802
30,    1174166,     55.0,     55.0,     55.0,    162.0,  9, 10, 11,  9,    1376848,    1376848,    1376848,    1376848
30,    1275863,     55.0,     55.0,     55.0,    162.0,  9, 10, 11,  9,    1376850,    1376850,    1376850,    1376850
30,    1175067,     70.0,     70.0,     70.0,    206.0,  9, 10, 11,  9,    1377164,    1377164,    1377164,    1377164
30,    1275913,     50.0,     52.0,     51.0,    154.0, 12, 10, 12,  9,    1425122,    1425122,    1425122,    1425122
30,    2576433,     73.0,     71.0,     70.0,    217.0, 12, 12, 12, 11,    1425121,    1246514,    1246514,    1246514
30,    2576441,     55.0,     53.0,     53.0,    160.0, 12, 12, 12, 10,    2402578,    2402578,    2402578,    2402578
30,    2576457,     55.0,     53.0,     53.0,    160.0, 12, 12, 12, 10,    2402578,    2402578,    2402578,    2402578
30,    2576481,     54.0,     53.0,     53.0,    160.0, 12, 12, 12,  9,    2402588,    2402578,    2402578,    2402588
30,      45283,     54.0,     53.0,     53.0,    160.0, 12, 12, 12,  9,      82064,    2402578,    2402578,      82064
30,    2577321,     72.0,     70.0,     69.0,    215.0, 12, 12, 12, 11,    1425121,    1246514,    1246514,    1246514
30,    2818264,     64.0,     64.0,     64.0,    182.0,  4,  5,  6,  4,    2818264,    2818264,    2818264,    2818264
31,    2575430,     73.0,     70.0,     68.0,    217.0, 12, 12, 12, 11,    1425121,    1246514,    1246514,    1246514
31,    2575536,     73.0,     70.0,     68.0,    218.0, 12, 12, 12, 11,    1425121,    1246514,    1246514,    1246514
31,    1005977,     25.0,     25.0,     25.0,     76.0,  9, 10, 11,  9,    1246651,    1246651,    1246651,    1246651
31,    1005987,     53.0,     55.0,     53.0,    162.0, 12, 12, 12, 11,    1246656,    1246656,    1246656,    1246656
31,    1006012,     55.0,     54.0,     54.0,    162.0,  9, 12, 12, 10,    1246665,    1246665,    1246665,    1246665
31,    1006022,     55.0,     55.0,     55.0,    164.0, 12, 12, 12,  9,    1246669,    1246669,    1246669,    1246669
31,    1006032,     56.0,     55.0,     55.0,    164.0, 12, 12, 12, 10,    1246671,    1246671,    1246671,    1246671
31,    1006051,     55.0,     56.0,     56.0,    164.0, 12, 10, 11, 10,    1246677,    1246677,    1246677,    1246677
31,    1006216,     56.0,     55.0,     56.0,    166.0, 12, 12, 12,  9,    1246795,    1246795,    1246795,    1246795
31,    1275862,     69.0,     68.0,     68.0,    204.0,  9, 12, 12,  9,    1376802,    1246663,    1246663,    1376802
31,    1174166,     55.0,     55.0,     55.0,    162.0,  9, 10, 11,  9,    1376848,    1376848,    1376848,    1376848
31,    1275863,     55.0,     55.0,     55.0,    162.0,  9, 10, 11,  9,    1376850,    1376850,    1376850,    1376850
31,    1175067,     70.0,     70.0,     70.0,    206.0,  9, 10, 11,  9,    1377164,    1377164,    1377164,    1377164
31,    1275913,     50.0,     51.0,     52.0,    154.0, 12, 12, 11,  9,    1425122,    1425122,    1425122,    1425122
31,    2576433,     74.0,     71.0,     69.0,    219.0, 12, 12, 12, 11,    1425121,    1246514,    1246514,    1246514
31,    2576441,     55.0,     53.0,     53.0,    162.0, 12, 12, 12, 10,    2402578,    2402578,    2402578,    2402578
31,    2576457,     55.0,     54.0,     53.0,    162.0, 12, 12, 12, 10,    2402578,    2402578,    2402578,    2402578
31,    2576481,     54.0,     54.0,     53.0,    160.0, 12, 12, 12,  9,    2402588,    2402578,    2402578,    2402588
31,      45283,     54.0,     54.0,     53.0,    160.0, 12, 12, 12,  9,      82064,      82064,    2402578,      82064
31,    2577321,     73.0,     70.0,     68.0,    218.0, 12, 12, 12, 11,    1425121,    1246514,    1246514,    1246514
31,    2818264,     64.0,     64.0,     64.0,    182.0,  4,  5,  6,  6,    2818264,    2818264,    2818264,    2818264
32,    2575430,     72.0,     71.0,     68.0,    217.0, 12, 12, 12, 11,    1425121,    1246514,    1246514,    1246514
32,    2575536,     72.0,     71.0,     68.0,    218.0, 12, 12, 12, 11,    1425121,    1246514,    1246514,    1246514
32,    1005977,     25.0,     25.0,     25.0,     76.0,  9, 10, 11,  9,    1246651,    1246651,    1246651,    1246651
32,    1005987,     54.0,     54.0,     53.0,    163.0, 12, 12, 12, 11,    1246656,    1246656,    1246656,    1246656
32,    1006012,     55.0,     54.0,     55.0,    163.0, 12, 12, 12, 10,    1246665,    1246665,    1246665,    1246665
32,    1006022,     55.0,     55.0,     55.0,    164.0, 12, 12, 12, 10,    1246669,    1246669,    1246669,    1246669
32,    1006032,     56.0,     55.0,     55.0,    164.0,  9, 12, 12, 11,    1246671,    1246671,    1246671,    1246671
32,    1006051,     55.0,     56.0,     56.0,    164.0, 12, 10, 12, 10,    1246677,    1246677,    1246677,    1246677
32,    1006216,     56.0,     55.0,     56.0,    171.0, 12, 12, 12,  9,    1246795,    1246795,    1246795,    1246795
32,    1275862,     69.0,     68.0,     69.0,    204.0, 12, 12, 12,  9,    1246663,    1246663,    1246663,    1376802
32,    1174166,     55.0,     55.0,     55.0,    162.0,  9, 10, 11,  9,    1376848,    1376848,    1376848,    1376848
32,    1275863,     55.0,     55.0,     55.0,    162.0,  9, 10, 11,  9,    1376850,    1376850,    1376850,    1376850
32,    1175067,     70.0,     70.0,     70.0,    206.0,  9, 10, 11,  9,    1377164,    1377164,    1377164,    1377164
32,    1275913,     50.0,     51.0,     52.0,    154.0, 12, 12, 12,  9,    1425122,    1425122,    1425122,    1425122
32,    2576433,     73.0,     72.0,     69.0,    220.0, 12, 12, 12, 11,    1425121,    1246514,    1246514,    1246514
32,    2576441,     54.0,     54.0,     53.0,    162.0, 12, 12, 12, 11,    2402578,    2402578,    2402578,    2402578
32,    2576457,     54.0,     54.0,     53.0,    162.0, 12, 12, 12, 11,    2402578,    2402578,    2402578,    2402578
32,    2576481,     54.0,     54.0,     53.0,    160.0, 12, 12, 12,  9,    2402578,    2402578,    2402578,    2402588
32,      45283,     54.0,     54.0,     53.0,    160.0, 12, 12, 12,  9,      82064,    2402578,    2402578,      82064
32,    2577321,     72.0,     71.0,     68.0,    218.0, 12, 12, 12, 11,    1425121,    1246514,    1246514,    1246514
32,    2818264,     65.0,     65.0,     65.0,    184.0,  4,  5,  6,  5,    2818264,    2818264,    2818264,    2818264
33,    2575430,     68.0,     72.0,     69.0,    222.0, 12, 12, 12,  9,    1425121,    1246514,    1425121,    1246514
33,    2575536,     68.0,     72.0,     69.0,    223.0, 12, 12, 12,  9,    1425121,    1246514,    1425121,    1246514
33,    1005977,     25.0,     25.0,     25.0,     76.0,  9, 10, 11,  9,    1246651,    1246651,    1246651,    1246651
33,    1005987,     55.0,     52.0,     54.0,    164.0, 12, 12, 12, 10,    1246656,    1246656,    1246656,    1246656
33,    1006012,     55.0,     54.0,     55.0,    163.0,  9, 12, 12, 10,    1246665,    1246665,    1246665,    1246665
33,    1006022,     55.0,     55.0,     55.0,    163.0, 12, 10, 11, 10,    1246669,    1246669,    1246669,    1246669
33,    1006032,     56.0,     56.0,     54.0,    164.0, 12, 12, 12, 11,    1246671,    1246671,    1246671,    1246671
33,    1006051,     56.0,     55.0,     56.0,    164.0, 12, 12, 12, 10,    1246677,    1246677,    1246677,    1246677
33,    1006216,     56.0,     55.0,     57.0,    171.0, 12, 12, 12,  9,    1246795,    1246795,    1246795,    1246795
33,    1275862,     69.0,     68.0,     69.0,    204.0, 12, 12, 12,  9,    1246663,    1246663,    1246663,    1376802
33,    1174166,     55.0,     55.0,     55.0,    162.0,  9, 10, 11,  9,    1376848,    1376848,    1376848,    1376848
33,    1275863,     55.0,     55.0,     55.0,    162.0,  9, 10, 11,  9,    1376850,    1376850,    1376850,    1376850
33,    1175067,     70.0,     70.0,     70.0,    206.0,  9, 10, 11,  9,    1377164,    1377164,    1377164,    1377164
33,    1275913,     49.0,     54.0,     51.0,    155.0, 12, 12, 12,  9,    1425122,    1425122,    1425122,    1425122
33,    2576433,     69.0,     73.0,     70.0,    224.0, 12, 12, 12,  9,    1425121,    1246514,    1425121,    1246514
33,    2576441,     53.0,     55.0,     53.0,    163.0, 12, 12, 12,  9,    2402578,    2402578,    2402578,    2402578
33,    2576457,     53.0,     55.0,     54.0,    163.0, 12, 12, 12,  9,    2402578,    2402578,    2402578,    2402578
33,    2576481,     53.0,     55.0,     53.0,    161.0, 12, 12, 12, 11,    2402578,    2402578,    2402588,    2402588
33,      45283,     53.0,     55.0,     53.0,    161.0, 12, 12, 12, 11,    2402578,      82064,      82064,      82064
33,    2577321,     68.0,     72.0,     69.0,    223.0, 12, 12, 12,  9,    1425121,    1246514,    1425121,    1246514
33,    2818264,     65.0,     65.0,     65.0,    184.0,  4,  5,  6,  4,    2818264,    2818264,    2818264,    2818264
34,    2575430,     74.0,     68.0,     67.0,    221.0, 12, 12, 12, 10,    1246514,    1246514,    1425121,    1246514
34,    2575536,     74.0,     69.0,     68.0,    221.0, 12, 12, 12, 10,    1425121,    1246514,    1425121,    1246514
34,    1005977,     25.0,     25.0,     25.0,     76.0,  9, 10, 11,  9,    1246651,    1246651,    1246651,    1246651
34,    1005987,     54.0,     53.0,     54.0,    165.0, 12, 12, 12, 10,    1246656,    1246656,    1246656,    1246656
34,    1006012,     55.0,     55.0,     54.0,    164.0, 12, 12, 12,  9,    1246665,    1246665,    1246665,    1246665
34,    1006022,     55.0,     55.0,     55.0,    163.0, 12, 10, 11, 10,    1246669,    1246669,    1246669,    1246669
34,    1006032,     56.0,     55.0,     55.0,    164.0, 12, 12, 12, 11,    1246671,    1246671,    1246671,    1246671
34,    1006051,     55.0,     55.0,     56.0,    166.0, 12, 12, 12,  9,    1246677,    1246677,    1246677,    1246677
34,    1006216,     55.0,     54.0,     58.0,    165.0, 12, 12, 11,  9,    1246795,    1246795,    1246795,    1246795
34,    1275862,     69.0,     67.0,     69.0,    204.0, 12, 12, 11,  9,    1246663,    1246663,    1376802,    1376802
34,    1174166,     55.0,     55.0,     55.0,    162.0,  9, 10, 11,  9,    1376848,    1376848,    1376848,    1376848
34,    1275863,     55.0,     55.0,     55.0,    162.0,  9, 10, 11,  9,    1376850,    1376850,    1376850,    1376850
34,    1175067,     70.0,     70.0,     70.0,    206.0,  9, 10, 11,  9,    1377164,    1377164,    1377164,    1377164
34,    1275913,     51.0,     53.0,     50.0,    156.0, 12, 12, 12, 11,    1425122,    1425122,    1425122,    1425122
34,    2576433,     75.0,     70.0,     68.0,    223.0, 12, 12, 12, 10,    1425121,    1246514,    1425121,    1246514
34,    2576441,     56.0,     52.0,     53.0,    162.0, 12, 12, 12, 10,    2402578,    2402578,    2402578,    2402578
34,    2576457,     56.0,     52.0,     53.0,    162.0, 12, 12, 12, 10,    2402578,    2402578,    2402578,    2402578
34,    2576481,     55.0,     52.0,     53.0,    161.0, 12, 12, 12, 11,    2402588,    2402578,    2402578,    2402588
34,      45283,     55.0,     52.0,     53.0,    161.0, 12, 12, 12, 11,      82064,    2402578,      82064,      82064
34,    2577321,     74.0,     69.0,     67.0,    221.0, 12, 12, 12, 10,    1246514,    1246514,    1425121,    1246514
34,    2818264,     64.0,     64.0,     64.0,    182.0,  4,  5,  6,  4,    2818264,    2818264,    2818264,    2818264
35,    2575430,     71.0,     70.0,     69.0,    220.0, 12, 12, 12, 11,    1246514,    1246514,    1425121,    1246514
35,    2575536,     71.0,     70.0,     70.0,    221.0, 12, 12, 12, 11,    1246514,    1425121,    1425121,    1246514
35,    1005977,     25.0,     25.0,     25.0,     76.0,  9, 10, 11,  9,    1246651,    1246651,    1246651,    1246651
35,    1005987,     52.0,     55.0,     54.0,    166.0, 12, 12, 12,  9,    1246656,    1246656,    1246656,    1246656
35,    1006012,     54.0,     55.0,     55.0,    163.0, 12, 12, 11,  9,    1246665,    1246665,    1246665,    1246665
35,    1006022,     56.0,     55.0,     54.0,    163.0,  9, 10, 12, 10,    1246669,    1246669,    1246669,    1246669
35,    1006032,     58.0,     55.0,     53.0,    165.0, 12, 12, 12, 11,    1246671,    1246671,    1246671,    1246671
35,    1006051,     55.0,     56.0,     56.0,    164.0, 12, 10, 12,  9,    1246677,    1246677,    1246677,    1246677
35,    1006216,     55.0,     53.0,     59.0,    165.0, 12, 12, 11,  9,    1246795,    1246795,    1246795,    1246795
35,    1275862,     69.0,     66.0,     69.0,    204.0,  9, 12, 11,  9,    1376802,    1246663,    1376802,    1376802
35,    1174166,     55.0,     55.0,     55.0,    162.0,  9, 10, 11,  9,    1376848,    1376848,    1376848,    1376848
35,    1275863,     55.0,     55.0,     55.0,    162.0,  9, 10, 11,  9,    1376850,    1376850,    1376850,    1376850
35,    1175067,     70.0,     70.0,     70.0,    206.0,  9, 10, 11,  9,    1377164,    1377164,    1377164,    1377164
35,    1275913,     52.0,     51.0,     50.0,    155.0, 12, 12, 12, 11,    1425122,    1425122,    1425122,    1425122
35,    2576433,     72.0,     71.0,     71.0,    222.0, 12, 12, 12, 11,    1246514,    1425121,    1425121,    1246514
35,    2576441,     54.0,     53.0,     54.0,    161.0, 12, 12, 12, 10,    2402578,    2402578,    2402578,    2402578
35,    2576457,     54.0,     53.0,     54.0,    161.0, 12, 12, 12, 10,    2402578,    2402578,    2402578,    2402578
35,    2576481,     54.0,     53.0,     53.0,    160.0, 12, 12, 12, 11,    2402578,    2402578,    2402588,    2402588
35,      45283,     54.0,     53.0,     53.0,    160.0, 12, 12, 12, 11,    2402578,    2402578,      82064,      82064
35,    2577321,     71.0,     70.0,     70.0,    221.0, 12, 12, 12, 11,    1246514,    1246514,    1246514,    1246514
35,    2818264,     64.0,     65.0,     64.0,    183.0,  4,  5,  6,  4,    2818264,    2818264,    2818264,    2818264
36,    2575430,     72.0,     68.0,     70.0,    219.0, 12, 12, 12, 10,    1246514,    1246514,    1425121,    1246514
36,    2575536,     72.0,     68.0,     71.0,    220.0, 12, 12, 12, 10,    1246514,    1425121,    1246514,    1246514
36,    1005977,     25.0,     25.0,     25.0,     76.0,  9, 10, 11,  9,    1246651,    1246651,    1246651,    1246651
36,    1005987,     54.0,     52.0,     55.0,    163.0, 12, 12, 12, 10,    1246656,    1246656,    1246656,    1246656
36,    1006012,     54.0,     56.0,     54.0,    164.0, 12, 12, 12,  9,    1246665,    1246665,    1246665,    1246665
36,    1006022,     56.0,     55.0,     54.0,    164.0, 12, 12, 12, 11,    1246669,    1246669,    1246669,    1246669
36,    1006032,     57.0,     55.0,     54.0,    166.0, 12, 12, 12, 11,    1246671,    1246671,    1246671,    1246671
36,    1006051,     55.0,     56.0,     56.0,    164.0, 12, 10, 11,  9,    1246677,    1246677,    1246677,    1246677
36,    1006216,     56.0,     55.0,     57.0,    165.0,  9, 12, 11,  9,    1246795,    1246795,    1246795,    1246795
36,    1275862,     69.0,     68.0,     68.0,    204.0,  9, 12, 12,  9,    1376802,    1246663,    1246663,    1376802
36,    1174166,     55.0,     55.0,     55.0,    162.0,  9, 10, 11,  9,    1376848,    1376848,    1376848,    1376848
36,    1275863,     55.0,     55.0,     55.0,    162.0,  9, 10, 11,  9,    1376850,    1376850,    1376850,    1376850
36,    1175067,     70.0,     70.0,     70.0,    206.0,  9, 10, 11,  9,    1377164,    1377164,    1377164,    1377164
36,    1275913,     52.0,     51.0,     51.0,    155.0, 12, 12, 12, 10,    1425122,    1425122,    1425122,    1425122
36,    2576433,     73.0,     69.0,     72.0,    222.0, 12, 12, 12, 10,    1246514,    1425121,    1246514,    1246514
36,    2576441,     55.0,     53.0,     53.0,    162.0, 12, 12, 12, 10,    2402578,    2402578,    2402578,    2402578
36,    2576457,     55.0,     53.0,     53.0,    162.0, 12, 12, 12, 10,    2402578,    2402578,    2402578,    2402578
36,    2576481,     55.0,     53.0,     53.0,    159.0, 12, 12, 12, 11,    2402578,    2402578,    2402578,    2402588
36,      45283,     55.0,     54.0,     53.0,    159.0, 12, 12, 12, 11,      82064,      82064,      82064,      82064
36,    2577321,     72.0,     68.0,     71.0,    220.0, 12, 12, 12, 10,    1246514,    1425121,    1246514,    1246514
36,    2818264,     64.0,     64.0,     64.0,    183.0,  4,  5,  6,  4,    2818264,    2818264,    2818264,    2818264
37,    2575430,     68.0,     71.0,     69.0,    219.0, 12, 12, 12,  9,    1425121,    1246514,    1425121,    1246514
37,    2575536,     68.0,     72.0,     70.0,    220.0, 12, 12, 12,  9,    1425121,    1246514,    1425121,    1246514
37,    1005977,     25.0,     25.0,     25.0,     76.0,  9, 10, 11,  9,    1246651,    1246651,    1246651,    1246651
37,    1005987,     53.0,     53.0,     55.0,    165.0, 12, 12, 12,  9,    1246656,    1246656,    1246656,    1246656
37,    1006012,     55.0,     55.0,     54.0,    163.0,  9, 12, 12, 11,    1246665,    1246665,    1246665,    1246665
37,    1006022,     56.0,     55.0,     54.0,    164.0, 12, 12, 12, 11,    1246669,    1246669,    1246669,    1246669
37,    1006032,     57.0,     55.0,     54.0,    164.0,  9, 12, 12, 11,    1246671,    1246671,    1246671,    1246671
37,    1006051,     54.0,     56.0,     57.0,    164.0, 12, 10, 12,  9,    1246677,    1246677,    1246677,    1246677
37,    1006216,     56.0,     54.0,     57.0,    165.0,  9, 12, 12,  9,    1246795,    1246795,    1246795,    1246795
37,    1275862,     69.0,     67.0,     69.0,    204.0,  9, 12, 12,  9,    1376802,    1246663,    1246663,    1376802
37,    1174166,     55.0,     55.0,     55.0,    162.0,  9, 10, 11,  9,    1376848,    1376848,    1376848,    1376848
37,    1275863,     55.0,     55.0,     55.0,    162.0,  9, 10, 11,  9,    1376850,    1376850,    1376850,    1376850
37,    1175067,     70.0,     70.0,     70.0,    206.0,  9, 10, 11,  9,    1377164,    1377164,    1377164,    1377164
37,    1275913,     50.0,     53.0,     50.0,    155.0, 12, 12, 12,  9,    1425122,    1425122,    1425122,    1425122
37,    2576433,     69.0,     73.0,     71.0,    221.0, 12, 12, 12,  9,    1425121,    1246514,    1425121,    1246514
37,    2576441,     54.0,     54.0,     54.0,    161.0, 12, 12, 12,  9,    2402578,    2402578,    2402578,    2402578
37,    2576457,     54.0,     54.0,     54.0,    161.0, 12, 12, 12,  9,    2402578,    2402578,    2402578,    2402578
37,    2576481,     54.0,     54.0,     54.0,    160.0, 12, 12, 12,  9,    2402578,    2402578,    2402578,    2402588
37,      45283,     54.0,     54.0,     54.0,    160.0, 12, 12, 12,  9,      82064,      82064,      82064,      82064
37,    2577321,     68.0,     71.0,     70.0,    219.0, 12, 12, 12,  9,    1425121,    1246514,    1425121,    1246514
37,    2818264,     64.0,     64.0,     64.0,    183.0,  4,  5,  6,  4,    2818264,    2818264,    2818264,    2818264
38,    2575430,     69.0,     70.0,     71.0,    220.0, 12, 12, 12,  9,    1425121,    1246514,    1246514,    1246514
38,    2575536,     70.0,     71.0,     71.0,    220.0, 12, 12, 12,  9,    1425121,    1246514,    1246514,    1246514
38,    1005977,     25.0,     25.0,     25.0,     76.0,  9, 10, 11,  9,    1246651,    1246651,    1246651,    1246651
38,    1005987,     55.0,     53.0,     54.0,    163.0, 12, 12, 12, 10,    1246656,    1246656,    1246656,    1246656
38,    1006012,     55.0,     55.0,     54.0,    163.0,  9, 10, 12, 11,    1246665,    1246665,    1246665,    1246665
38,    1006022,     56.0,     54.0,     54.0,    163.0, 12, 12, 12, 10,    1246669,    1246669,    1246669,    1246669
38,    1006032,     55.0,     56.0,     55.0,    164.0, 12, 12, 12, 11,    1246671,    1246671,    1246671,    1246671
38,    1006051,     55.0,     56.0,     56.0,    164.0, 12, 10, 12,  9,    1246677,    1246677,    1246677,    1246677
38,    1006216,     56.0,     55.0,     56.0,    165.0,  9, 12, 12,  9,    1246795,    1246795,    1246795,    1246795
38,    1275862,     69.0,     69.0,     68.0,    204.0, 12, 12, 12,  9,    1246663,    1246663,    1246663,    1376802
38,    1174166,     55.0,     55.0,     55.0,    162.0,  9, 10, 11,  9,    1376848,    1376848,    1376848,    1376848
38,    1275863,     55.0,     55.0,     55.0,    162.0,  9, 10, 11,  9,    1376850,    1376850,    1376850,    1376850
38,    1175067,     70.0,     70.0,     70.0,    206.0,  9, 10, 11,  9,    1377164,    1377164,    1377164,    1377164
38,    1275913,     50.0,     52.0,     51.0,    154.0, 12, 10, 12,  9,    1425122,    1425122,    1425122,    1425122
38,    2576433,     71.0,     72.0,     72.0,    222.0, 12, 12, 12,  9,    1425121,    1246514,    1246514,    1246514
38,    2576441,     54.0,     53.0,     54.0,    162.0, 12, 12, 12,  9,    2402578,    2402578,    2402578,    2402578
38,    2576457,     54.0,     53.0,     54.0,    162.0, 12, 12, 12,  9,    2402578,    2402578,    2402578,    2402578
38,    2576481,     54.0,     53.0,     54.0,    162.0, 12, 12, 12,  9,    2402578,    2402578,    2402578,    2402578
38,      45283,     54.0,     54.0,     54.0,    162.0, 12, 12, 12,  9,      82064,      82064,      82064,      82064
38,    2577321,     70.0,     70.0,     71.0,    220.0, 12, 12, 12,  9,    1425121,    1246514,    1246514,    1246514
38,    2818264,     64.0,     64.0,     64.0,    182.0,  4,  5,  6,  4,    2818264,    2818264,    2818264,    2818264
39,    2575430,     69.0,     71.0,     71.0,    217.0, 12, 12, 12,  9,    1425121,    1246514,    1246514,    1246514
39,    2575536,     70.0,     71.0,     71.0,    218.0, 12, 12, 12,  9,    1246514,    1246514,    1246514,    1246514
39,    1005977,     25.0,     25.0,     25.0,     76.0,  9, 10, 11,  9,    1246651,    1246651,    1246651,    1246651
39,    1005987,     54.0,     53.0,     54.0,    163.0, 12, 12, 12, 10,    1246656,    1246656,    1246656,    1246656
39,    1006012,     56.0,     54.0,     54.0,    163.0,  9, 12, 12, 10,    1246665,    1246665,    1246665,    1246665
39,    1006022,     55.0,     55.0,     55.0,    163.0, 12, 12, 11, 10,    1246669,    1246669,    1246669,    1246669
39,    1006032,     55.0,     56.0,     55.0,    164.0, 12, 12, 12, 11,    1246671,    1246671,    1246671,    1246671
39,    1006051,     55.0,     56.0,     56.0,    164.0, 12, 10, 12,  9,    1246677,    1246677,    1246677,    1246677
39,    1006216,     56.0,     55.0,     56.0,    172.0, 12, 12, 12, 10,    1246795,    1246795,    1246795,    1246795
39,    1275862,     69.0,     68.0,     68.0,    204.0,  9, 12, 12,  9,    1376802,    1246663,    1246663,    1376802
39,    1174166,     55.0,     55.0,     55.0,    162.0,  9, 10, 11,  9,    1376848,    1376848,    1376848,    1376848
39,    1275863,     55.0,     55.0,     55.0,    162.0,  9, 10, 11,  9,    1376850,    1376850,    1376850,    1376850
39,    1175067,     70.0,     70.0,     70.0,    206.0,  9, 10, 11,  9,    1377164,    1377164,    1377164,    1377164
39,    1275913,     51.0,     52.0,     51.0,    155.0, 12, 10, 12, 11,    1425122,    1425122,    1425122,    1425122
39,    2576433,     71.0,     72.0,     72.0,    219.0, 12, 12, 12,  9,    1246514,    1246514,    1246514,    1246514
39,    2576441,     53.0,     54.0,     54.0,    161.0, 12, 12, 12,  9,    2402578,    2402578,    2402578,    2402578
39,    2576457,     53.0,     54.0,     54.0,    161.0, 12, 12, 12,  9,    2402578,    2402578,    2402578,    2402578
39,    2576481,     53.0,     54.0,     54.0,    161.0, 12, 12, 12,  9,    2402578,    2402578,    2402578,    2402578
39,      45283,     54.0,     54.0,     54.0,    161.0, 12, 12, 12,  9,      82064,      82064,      82064,      82064
39,    2577321,     69.0,     71.0,     71.0,    218.0, 12, 12, 12,  9,    1425121,    1246514,    1246514,    1246514
39,    2818264,     65.0,     65.0,     65.0,    184.0,  4,  5,  6,  4,    2818264,    2818264,    2818264,    2818264
40,    2575430,     69.0,     73.0,     69.0,    218.0, 12, 12, 12,  9,    1425121,    1246514,    1246514,    1246514
40,    2575536,     69.0,     73.0,     69.0,    218.0, 12, 12, 12,  9,    1425121,    1246514,    1246514,    1246514
40,    1005977,     25.0,     25.0,     25.0,     76.0,  9, 10, 11,  9,    1246651,    1246651,    1246651,    1246651
40,    1005987,     54.0,     53.0,     54.0,    163.0, 12, 12, 12, 10,    1246656,    1246656,    1246656,    1246656
40,    1006012,     54.0,     55.0,     55.0,    163.0, 12, 10, 11,  9,    1246665,    1246665,    1246665,    1246665
40,    1006022,     55.0,     55.0,     55.0,    163.0, 12, 12, 11, 10,    1246669,    1246669,    1246669,    1246669
40,    1006032,     56.0,     55.0,     55.0,    165.0, 12, 12, 12, 10,    1246671,    1246671,    1246671,    1246671
40,    1006051,     55.0,     56.0,     56.0,    164.0, 12, 10, 12,  9,    1246677,    1246677,    1246677,    1246677
40,    1006216,     56.0,     55.0,     56.0,    171.0, 12, 12, 12,  9,    1246795,    1246795,    1246795,    1246795
40,    1275862,     69.0,     67.0,     69.0,    204.0,  9, 12, 12,  9,    1376802,    1246663,    1246663,    1376802
40,    1174166,     55.0,     55.0,     55.0,    162.0,  9, 10, 11,  9,    1376848,    1376848,    1376848,    1376848
40,    1275863,     55.0,     55.0,     55.0,    162.0,  9, 10, 11,  9,    1376850,    1376850,    1376850,    1376850
40,    1175067,     70.0,     70.0,     70.0,    206.0,  9, 10, 11,  9,    1377164,    1377164,    1377164,    1377164
40,    1275913,     51.0,     51.0,     52.0,    155.0, 12, 12, 11,  9,    1425122,    1425122,    1425122,    1425122
40,    2576433,     70.0,     74.0,     70.0,    220.0, 12, 12, 12,  9,    1425121,    1246514,    1246514,    1246514
40,    2576441,     53.0,     56.0,     52.0,    162.0, 12, 12, 12,  9,    2402578,    2402578,    2402578,    2402578
40,    2576457,     53.0,     56.0,     52.0,    162.0, 12, 12, 12,  9,    2402578,    2402578,    2402578,    2402578
40,    2576481,     53.0,     55.0,     52.0,    160.0, 12, 12, 12,  9,    2402578,    2402588,    2402578,    2402588
40,      45283,     53.0,     55.0,     53.0,    160.0, 12, 12, 12,  9,      82064,      82064,      82064,      82064
40,    2577321,     69.0,     73.0,     69.0,    218.0, 12, 12, 12,  9,    1425121,    1246514,    1246514,    1246514
40,    2818264,     65.0,     65.0,     65.0,    184.0,  4,  5,  6,  4,    2818264,    2818264,    2818264,    2818264
41,    2575430,     70.0,     71.0,     70.0,    218.0, 12, 12, 12,  9,    1246514,    1425121,    1246514,    1246514
41,    2575536,     70.0,     71.0,     70.0,    218.0, 12, 12, 12,  9,    1246514,    1425121,    1246514,    1246514
41,    1005977,     25.0,     25.0,     25.0,     76.0,  9, 10, 11,  9,    1246651,    1246651,    1246651,    1246651
41,    1005987,     55.0,     54.0,     53.0,    164.0, 12, 12, 12, 11,    1246656,    1246656,    1246656,    1246656
41,    1006012,     54.0,     55.0,     54.0,    163.0, 12, 10, 12,  9,    1246665,    1246665,    1246665,    1246665
41,    1006022,     55.0,     54.0,     55.0,    163.0, 12, 12, 12, 10,    1246669,    1246669,    1246669,    1246669
41,    1006032,     55.0,     54.0,     56.0,    166.0, 12, 12, 12, 10,    1246671,    1246671,    1246671,    1246671
41,    1006051,     55.0,     56.0,     56.0,    165.0, 12, 10, 12,  9,    1246677,    1246677,    1246677,    1246677
41,    1006216,     56.0,     55.0,     56.0,    166.0, 12, 12, 12,  9,    1246795,    1246795,    1246795,    1246795
41,    1275862,     69.0,     67.0,     69.0,    204.0, 12, 12, 11,  9,    1246663,    1246663,    1376802,    1376802
41,    1174166,     55.0,     55.0,     55.0,    162.0,  9, 10, 11,  9,    1376848,    1376848,    1376848,    1376848
41,    1275863,     55.0,     55.0,     55.0,    162.0,  9, 10, 11,  9,    1376850,    1376850,    1376850,    1376850
41,    1175067,     70.0,     70.0,     70.0,    206.0,  9, 10, 11,  9,    1377164,    1377164,    1377164,    1377164
41,    1275913,     52.0,     50.0,     51.0,    155.0, 12, 12, 12, 10,    1425122,    1425122,    1425122,    1425122
41,    2576433,     71.0,     72.0,     71.0,    220.0, 12, 12, 12,  9,    1246514,    1425121,    1246514,    1246514
41,    2576441,     53.0,     55.0,     53.0,    161.0, 12, 12, 12,  9,    2402578,    2402578,    2402578,    2402578
41,    2576457,     53.0,     55.0,     53.0,    161.0, 12, 12, 12,  9,    2402578,    2402578,    2402578,    2402578
41,    2576481,     53.0,     54.0,     54.0,    160.0, 12, 12, 12,  9,    2402578,    2402588,    2402578,    2402588
41,      45283,     53.0,     55.0,     54.0,    160.0, 12, 12, 12,  9,    2402578,      82064,      82064,      82064
41,    2577321,     70.0,     71.0,     70.0,    218.0, 12, 12, 12,  9,    1246514,    1425121,    1246514,    1246514
41,    2818264,     64.0,     64.0,     64.0,    183.0,  4,  5,  6,  4,    2818264,    2818264,    2818264,    2818264
42,    2575430,     69.0,     73.0,     69.0,    218.0, 12, 12, 12,  9,    1246514,    1246514,    1246514,    1246514
42,    2575536,     69.0,     74.0,     69.0,    219.0, 12, 12, 12,  9,    1246514,    1246514,    1246514,    1246514
42,    1005977,     25.0,     25.0,     25.0,     76.0,  9, 10, 11,  9,    1246651,    1246651,    1246651,    1246651
42,    1005987,     55.0,     53.0,     53.0,    164.0, 12, 12, 12, 11,    1246656,    1246656,    1246656,    1246656
42,    1006012,     54.0,     56.0,     54.0,    163.0, 12, 10, 12, 11,    1246665,    1246665,    1246665,    1246665
42,    1006022,     55.0,     55.0,     55.0,    164.0, 12, 12, 12, 10,    1246669,    1246669,    1246669,    1246669
42,    1006032,     56.0,     55.0,     55.0,    165.0,  9, 12, 12, 11,    1246671,    1246671,    1246671,    1246671
42,    1006051,     55.0,     56.0,     56.0,    165.0, 12, 12, 12, 10,    1246677,    1246677,    1246677,    1246677
42,    1006216,     55.0,     55.0,     57.0,    165.0, 12, 12, 11,  9,    1246795,    1246795,    1246795,    1246795
42,    1275862,     68.0,     69.0,     69.0,    204.0, 12, 10, 12,  9,    1246663,    1376802,    1246663,    1376802
42,    1174166,     55.0,     55.0,     55.0,    162.0,  9, 10, 11,  9,    1376848,    1376848,    1376848,    1376848
42,    1275863,     55.0,     55.0,     55.0,    162.0,  9, 10, 11,  9,    1376850,    1376850,    1376850,    1376850
42,    1175067,     70.0,     70.0,     70.0,    206.0,  9, 10, 11,  9,    1377164,    1377164,    1377164,    1377164
42,    1275913,     51.0,     51.0,     51.0,    155.0, 12, 12, 12, 11,    1425122,    1425122,    1425122,    1425122
42,    2576433,     70.0,     75.0,     70.0,    221.0, 12, 12, 12,  9,    1246514,    1246514,    1246514,    1246514
42,    2576441,     54.0,     53.0,     54.0,    161.0, 12, 12, 12, 10,    2402578,    2402578,    2402578,    2402578
42,    2576457,     54.0,     53.0,     54.0,    162.0, 12, 12, 12,  9,    2402578,    2402578,    2402578,    2402578
42,    2576481,     54.0,     54.0,     54.0,    161.0, 12, 12, 12,  9,    2402578,    2402578,    2402578,    2402588
42,      45283,     54.0,     54.0,     54.0,    161.0, 12, 12, 12, 10,      82064,      82064,      82064,      82064
42,    2577321,     69.0,     74.0,     69.0,    219.0, 12, 12, 12,  9,    1246514,    1246514,    1246514,    1246514
42,    2818264,     64.0,     65.0,     64.0,    183.0,  4,  5,  6,  4,    2818264,    2818264,    2818264,    2818264
43,    2575430,     68.0,     73.0,     70.0,    218.0, 12, 12, 12,  9,    1246514,    1246514,    1246514,    1246514
43,    2575536,     68.0,     73.0,     70.0,    219.0, 12, 12, 12,  9,    1246514,    1246514,    1425121,    1246514
43,    1005977,     25.0,     25.0,     25.0,     76.0,  9, 10, 11,  9,    1246651,    1246651,    1246651,    1246651
43,    1005987,     57.0,     53.0,     52.0,    164.0, 12, 12, 12, 10,    1246656,    1246656,    1246656,    1246656
43,    1006012,     54.0,     55.0,     54.0,    163.0, 12, 12, 12, 11,    1246665,    1246665,    1246665,    1246665
43,    1006022,     55.0,     54.0,     55.0,    165.0, 12, 12, 12, 10,    1246669,    1246669,    1246669,    1246669
43,    1006032,     56.0,     55.0,     55.0,    165.0,  9, 12, 12, 11,    1246671,    1246671,    1246671,    1246671
43,    1006051,     55.0,     56.0,     56.0,    165.0, 12, 10, 12,  9,    1246677,    1246677,    1246677,    1246677
43,    1006216,     55.0,     55.0,     57.0,    167.0, 12, 12, 12,  9,    1246795,    1246795,    1246795,    1246795
43,    1275862,     68.0,     69.0,     69.0,    204.0, 12, 12, 12,  9,    1246663,    1246663,    1246663,    1376802
43,    1174166,     55.0,     55.0,     55.0,    162.0,  9, 10, 11,  9,    1376848,    1376848,    1376848,    1376848
43,    1275863,     55.0,     55.0,     55.0,    162.0,  9, 10, 11,  9,    1376850,    1376850,    1376850,    1376850
43,    1175067,     70.0,     70.0,     70.0,    206.0,  9, 10, 11,  9,    1377164,    1377164,    1377164,    1377164
43,    1275913,     51.0,     51.0,     51.0,    156.0, 12, 12, 12, 11,    1425122,    1425122,    1425122,    1425122
43,    2576433,     69.0,     74.0,     72.0,    220.0, 12, 12, 12,  9,    1246514,    1246514,    1246514,    1246514
43,    2576441,     54.0,     54.0,     54.0,    162.0, 12, 12, 12, 10,    2402578,    2402578,    2402578,    2402578
43,    2576457,     54.0,     54.0,     54.0,    162.0, 12, 12, 12, 10,    2402578,    2402578,    2402578,    2402578
43,    2576481,     54.0,     54.0,     53.0,    161.0, 12, 12, 12, 11,    2402578,    2402578,    2402588,    2402588
43,      45283,     54.0,     54.0,     53.0,    161.0, 12, 12, 12, 11,      82064,      82064,      82064,      82064
43,    2577321,     68.0,     73.0,     70.0,    218.0, 12, 12, 12,  9,    1246514,    1246514,    1425121,    1246514
43,    2818264,     64.0,     65.0,     65.0,    183.0,  4,  5,  6,  4,    2818264,    2818264,    2818264,    2818264
44,    2575430,     70.0,     72.0,     69.0,    220.0, 12, 12, 12, 11,    1246514,    1246514,    1246514,    1246514
44,    2575536,     70.0,     72.0,     69.0,    221.0, 12, 12, 12, 11,    1246514,    1246514,    1246514,    1246514
44,    1005977,     25.0,     25.0,     25.0,     76.0,  9, 10, 11,  9,    1246651,    1246651,    1246651,    1246651
44,    1005987,     54.0,     53.0,     54.0,    164.0, 12, 12, 12, 11,    1246656,    1246656,    1246656,    1246656
44,    1006012,     55.0,     54.0,     54.0,    163.0, 12, 12, 12, 11,    1246665,    1246665,    1246665,    1246665
44,    1006022,     55.0,     54.0,     55.0,    166.0, 12, 12, 12, 10,    1246669,    1246669,    1246669,    1246669
44,    1006032,     56.0,     55.0,     55.0,    165.0, 12, 12, 12, 10,    1246671,    1246671,    1246671,    1246671
44,    1006051,     56.0,     56.0,     55.0,    165.0, 12, 10, 12, 10,    1246677,    1246677,    1246677,    1246677
44,    1006216,     55.0,     56.0,     56.0,    171.0, 12, 12, 12,  9,    1246795,    1246795,    1246795,    1246795
44,    1275862,     69.0,     68.0,     68.0,    204.0,  9, 12, 12,  9,    1376802,    1246663,    1246663,    1376802
44,    1174166,     55.0,     55.0,     55.0,    162.0,  9, 10, 11,  9,    1376848,    1376848,    1376848,    1376848
44,    1275863,     55.0,     55.0,     55.0,    162.0,  9, 10, 11,  9,    1376850,    1376850,    1376850,    1376850
44,    1175067,     70.0,     70.0,     70.0,    206.0,  9, 10, 11,  9,    1377164,    1377164,    1377164,    1377164
44,    1275913,     51.0,     51.0,     51.0,    157.0, 12, 12, 12,  9,    1425122,    1425122,    1425122,    1425122
44,    2576433,     71.0,     73.0,     70.0,    222.0, 12, 12, 12, 11,    1246514,    1246514,    1246514,    1246514
44,    2576441,     54.0,     54.0,     53.0,    162.0, 12, 12, 12, 10,    2402578,    2402578,    2402578,    2402578
44,    2576457,     54.0,     54.0,     53.0,    162.0, 12, 12, 12, 10,    2402578,    2402578,    2402578,    2402578
44,    2576481,     54.0,     54.0,     53.0,    160.0, 12, 12, 12, 11,    2402578,    2402578,    2402578,    2402588
44,      45283,     54.0,     54.0,     53.0,    161.0, 12, 12, 12, 11,      82064,      82064,      82064,      82064
44,    2577321,     70.0,     72.0,     69.0,    220.0, 12, 12, 12, 11,    1246514,    1246514,    1246514,    1246514
44,    2818264,     65.0,     65.0,     65.0,    184.0,  4,  5,  6,  4,    2818264,    2818264,    2818264,    2818264
45,    2575430,     69.0,     71.0,     70.0,    222.0, 12, 12, 12,  9,    1246514,    1425121,    1246514,    1246514
45,    2575536,     69.0,     71.0,     71.0,    223.0, 12, 12, 12,  9,    1246514,    1425121,    1246514,    1246514
45,    1005977,     25.0,     25.0,     25.0,     78.0, 12, 12, 12,  9,    1246651,    1246651,    1246651,    1246651
45,    1005987,     55.0,     53.0,     54.0,    165.0, 12, 12, 12, 10,    1246656,    1246656,    1246656,    1246656
45,    1006012,     54.0,     55.0,     54.0,    165.0, 12, 12, 12,  9,    1246665,    1246665,    1246665,    1246665
45,    1006022,     55.0,     55.0,     55.0,    165.0, 12, 12, 12, 11,    1246669,    1246669,    1246669,    1246669
45,    1006032,     58.0,     54.0,     53.0,    165.0, 12, 12, 12, 11,    1246671,    1246671,    1246671,    1246671
45,    1006051,     55.0,     56.0,     56.0,    165.0, 12, 10, 12,  9,    1246677,    1246677,    1246677,    1246677
45,    1006216,     55.0,     56.0,     56.0,    166.0, 12, 12, 12,  9,    1246795,    1246795,    1246795,    1246795
45,    1275862,     69.0,     68.0,     66.0,    204.0,  9, 12, 12,  9,    1376802,    1246663,    1246663,    1376802
45,    1174166,     55.0,     55.0,     55.0,    162.0,  9, 10, 11,  9,    1376848,    1376848,    1376848,    1376848
45,    1275863,     55.0,     55.0,     55.0,    162.0,  9, 10, 11,  9,    1376850,    1376850,    1376850,    1376850
45,    1175067,     70.0,     70.0,     70.0,    206.0,  9, 10, 11,  9,    1377164,    1377164,    1377164,    1377164
45,    1275913,     52.0,     50.0,     51.0,    156.0, 12, 12, 12, 10,    1425122,    1425122,    1425122,    1425122
45,    2576433,     70.0,     72.0,     72.0,    225.0, 12, 12, 12,  9,    1246514,    1425121,    1246514,    1246514
45,    2576441,     54.0,     53.0,     53.0,    162.0, 12, 12, 12, 10,    2402578,    2402578,    2402578,    2402578
45,    2576457,     54.0,     54.0,     53.0,    162.0, 12, 12, 12, 10,    2402578,    2402578,    2402578,    2402578
45,    2576481,     55.0,     54.0,     53.0,    160.0, 12, 12, 12, 11,    2402578,    2402578,    2402578,    2402588
45,      45283,     55.0,     54.0,     53.0,    160.0, 12, 12, 12, 11,      82064,      82064,      82064,      82064
45,    2577321,     69.0,     71.0,     70.0,    223.0, 12, 12, 12,  9,    1246514,    1425121,    1246514,    1246514
45,    2818264,     65.0,     65.0,     65.0,    184.0,  4,  5,  6,  4,    2818264,    2818264,    2818264,    2818264
46,    2575430,     71.0,     70.0,     70.0,    219.0, 12, 12, 12,  9,    1246514,    1246514,    1425121,    1246514
46,    2575536,     71.0,     70.0,     71.0,    220.0, 12, 12, 12,  9,    1246514,    1425121,    1246514,    1246514
46,    1005977,     25.0,     25.0,     25.0,     78.0, 12, 12, 12,  9,    1246651,    1246651,    1246651,    1246651
46,    1005987,     54.0,     54.0,     53.0,    164.0, 12, 12, 12, 11,    1246656,    1246656,    1246656,    1246656
46,    1006012,     55.0,     55.0,     54.0,    164.0, 12, 12, 12, 11,    1246665,    1246665,    1246665,    1246665
46,    1006022,     55.0,     55.0,     55.0,    164.0, 12, 12, 12, 11,    1246669,    1246669,    1246669,    1246669
46,    1006032,     56.0,     56.0,     54.0,    166.0, 12, 12, 12, 11,    1246671,    1246671,    1246671,    1246671
46,    1006051,     55.0,     56.0,     56.0,    164.0, 12, 10, 12, 10,    1246677,    1246677,    1246677,    1246677
46,    1006216,     55.0,     56.0,     56.0,    165.0, 12, 12, 12,  9,    1246795,    1246795,    1246795,    1246795
46,    1275862,     69.0,     69.0,     67.0,    204.0, 12, 10, 12,  9,    1246663,    1376802,    1246663,    1376802
46,    1174166,     55.0,     55.0,     55.0,    162.0,  9, 10, 11,  9,    1376848,    1376848,    1376848,    1376848
46,    1275863,     55.0,     55.0,     55.0,    162.0,  9, 10, 11,  9,    1376850,    1376850,    1376850,    1376850
46,    1175067,     70.0,     70.0,     70.0,    206.0,  9, 10, 11,  9,    1377164,    1377164,    1377164,    1377164
46,    1275913,     52.0,     51.0,     51.0,    155.0, 12, 12, 12, 11,    1425122,    1425122,    1425122,    1425122
46,    2576433,     72.0,     71.0,     72.0,    221.0, 12, 12, 12,  9,    1246514,    1425121,    1246514,    1246514
46,    2576441,     54.0,     53.0,     54.0,    161.0, 12, 12, 12,  9,    2402578,    2402578,    2402578,    2402578
46,    2576457,     54.0,     53.0,     54.0,    161.0, 12, 12, 12,  9,    2402578,    2402578,    2402578,    2402578
46,    2576481,     54.0,     53.0,     54.0,    160.0, 12, 12, 12, 11,    2402578,    2402578,    2402578,    2402588
46,      45283,     54.0,     54.0,     54.0,    160.0, 12, 12, 12, 11,      82064,      82064,      82064,      82064
46,    2577321,     71.0,     70.0,     70.0,    220.0, 12, 12, 12,  9,    1246514,    1246514,    1425121,    1246514
46,    2818264,     64.0,     65.0,     65.0,    184.0,  4,  5,  6,  4,    2818264,    2818264,    2818264,    2818264
47,    2575430,     70.0,     72.0,     70.0,    218.0, 12, 12, 12,  9,    1246514,    1246514,    1246514,    1246514
47,    2575536,     71.0,     72.0,     70.0,    218.0, 12, 12, 12,  9,    1246514,    1246514,    1246514,    1246514
47,    1005977,     25.0,     25.0,     25.0,     78.0, 12, 12, 12, 10,    1246651,    1246651,    1246651,    1246651
47,    1005987,     54.0,     55.0,     53.0,    163.0, 12, 12, 12, 11,    1246656,    1246656,    1246656,    1246656
47,    1006012,     54.0,     55.0,     54.0,    163.0, 12, 10, 12,  9,    1246665,    1246665,    1246665,    1246665
47,    1006022,     55.0,     55.0,     55.0,    164.0, 12, 12, 12, 10,    1246669,    1246669,    1246669,    1246669
47,    1006032,     57.0,     55.0,     54.0,    165.0, 12, 12, 12, 11,    1246671,    1246671,    1246671,    1246671
47,    1006051,     55.0,     56.0,     56.0,    164.0, 12, 10, 11,  9,    1246677,    1246677,    1246677,    1246677
47,    1006216,     55.0,     56.0,     56.0,    165.0, 12, 12, 12,  9,    1246795,    1246795,    1246795,    1246795
47,    1275862,     69.0,     68.0,     67.0,    204.0,  9, 12, 12,  9,    1376802,    1246663,    1246663,    1376802
47,    1174166,     55.0,     55.0,     55.0,    162.0,  9, 10, 11,  9,    1376848,    1376848,    1376848,    1376848
47,    1275863,     55.0,     55.0,     55.0,    162.0,  9, 10, 11,  9,    1376850,    1376850,    1376850,    1376850
47,    1175067,     70.0,     70.0,     70.0,    206.0,  9, 10, 11,  9,    1377164,    1377164,    1377164,    1377164
47,    1275913,     51.0,     51.0,     51.0,    155.0, 12, 12, 12, 11,    1425122,    1425122,    1425122,    1425122
47,    2576433,     72.0,     73.0,     71.0,    220.0, 12, 12, 12,  9,    1246514,    1246514,    1246514,    1246514
47,    2576441,     54.0,     54.0,     53.0,    160.0, 12, 12, 12,  9,    2402578,    2402578,    2402578,    2402578
47,    2576457,     54.0,     54.0,     53.0,    161.0, 12, 12, 12,  9,    2402578,    2402578,    2402578,    2402578
47,    2576481,     54.0,     54.0,     53.0,    160.0, 12, 12, 12,  9,    2402578,    2402588,    2402578,    2402588
47,      45283,     54.0,     54.0,     53.0,    160.0, 12, 12, 12,  9,      82064,      82064,      82064,      82064
47,    2577321,     70.0,     72.0,     70.0,    218.0, 12, 12, 12,  9,    1246514,    1246514,    1246514,    1246514
47,    2818264,     64.0,     64.0,     64.0,    183.0,  4,  5,  6,  4,    2818264,    2818264,    2818264,    2818264
