 F,      BusId,       PA,       PB,       PC,       P3, XA, XB, XC, X3,       id_A,       id_B,       id_C,       id_3
 0,    2818164,     71.0,     71.0,     70.0,    213.0,  9, 10, 11, 11,      82003,      82003,      82003,      82003
 0,      45257,     39.0,     38.0,     38.0,    118.0,  9, 10, 11, 10,      82009,      82009,      82009,      82009
 0,    3814155,     39.0,     38.0,     39.0,    118.0,  9, 10, 11, 10,      82009,      82009,      82009,      82009
 0,    3814154,     40.0,     38.0,     39.0,    118.0,  9, 10, 11, 10,      82009,      82009,      82009,      82009
 0,    1351946,     21.0,     21.0,     21.0,     67.0,  9, 10, 11,  9,    1469332,    1469332,    1469332,    1469332
 0,    1351946,     21.0,     21.0,     21.0,     67.0,  9, 10, 11,  9,    1469332,    1469332,    1469332,    1469332
 0,    2235300,     46.0,     48.0,     47.0,    140.0,  9, 10, 11,  9,      82081,      82081,      82081,      82081
 0,    2524886,     39.0,     37.0,     38.0,    117.0,  9, 10, 11, 10,      82009,      82009,      82009,      82009
 0,    2524881,     39.0,     37.0,     38.0,    117.0,  9, 10, 11, 10,      82009,      82009,      82009,      82009
 0,    2524876,     38.0,     37.0,     38.0,    117.0,  9, 10, 11, 10,      82009,      82009,      82009,      82009
 0,    2528023,     44.0,     46.0,     46.0,    140.0,  9, 10, 11,  9,      77831,      77831,      77831,      77831
 0,    2528057,     45.0,     47.0,     47.0,    141.0,  9, 10, 11,  9,      77831,      77831,      77831,      77831
 0,    2528062,     45.0,     47.0,     47.0,    141.0,  9, 10, 11,  9,      77831,      77831,      77831,      77831
 0,    2528148,     46.0,     47.0,     47.0,    141.0,  9, 10, 11,  9,      77831,      77831,      77831,      77831
 0,      45291,     46.0,     49.0,     48.0,    141.0,  9, 10, 11,  9,      82081,      82081,      82081,      82081
 0,    2818169,     70.0,     70.0,     69.0,    212.0,  9, 10, 11, 11,      82003,      82003,      82003,      82003
 0,    2537255,     42.0,     42.0,     42.0,    134.0,  9, 10, 11,  9,      82070,      82070,      82070,      82070
 0,    2537268,     43.0,     43.0,     43.0,    135.0,  9, 10, 11, 10,      82070,      82070,      82070,      82070
 0,    2818025,     59.0,     60.0,     60.0,    185.0,  9, 10, 11,  9,    2402037,    2402037,    2402037,    2402037
 0,    2577411,     72.0,     72.0,     71.0,    215.0,  9, 10, 11, 11,      82003,      82003,      82003,      82003
 1,    2818164,     72.0,     72.0,     71.0,    217.0,  9, 10, 11, 11,      82003,      82003,      82003,      82003
 1,      45257,     41.0,     40.0,     41.0,    126.0,  9, 10, 11, 10,      82009,      82009,      82009,      82009
 1,    3814155,     41.0,     41.0,     41.0,    126.0,  9, 10, 11, 10,      82009,      82009,      82009,      82009
 1,    3814154,     41.0,     41.0,     42.0,    126.0,  9, 10, 11, 10,      82009,      82009,      82009,      82009
 1,    1351946,     21.0,     21.0,     21.0,     66.0,  9, 10, 11,  9,    1469332,    1469332,    1469332,    1469332
 1,    1351946,     21.0,     21.0,     21.0,     66.0,  9, 10, 11,  9,    1469332,    1469332,    1469332,    1469332
 1,    2235300,     47.0,     48.0,     47.0,    144.0,  9, 10, 11,  9,      82081,      82081,      82081,      82081
 1,    2524886,     41.0,     40.0,     41.0,    125.0,  9, 10, 11, 10,      82009,      82009,      82009,      82009
 1,    2524881,     40.0,     40.0,     41.0,    125.0,  9, 10, 11, 10,      82009,      82009,      82009,      82009
 1,    2524876,     40.0,     40.0,     41.0,    125.0,  9, 10, 11, 10,      82009,      82009,      82009,      82009
 1,    2528023,     44.0,     46.0,     46.0,    139.0,  9, 10, 11,  9,      77831,      77831,      77831,      77831
 1,    2528057,     45.0,     47.0,     46.0,    140.0,  9, 10, 11,  9,      77831,      77831,      77831,      77831
 1,    2528062,     45.0,     47.0,     47.0,    140.0,  9, 10, 11,  9,      77831,      77831,      77831,      77831
 1,    2528148,     45.0,     47.0,     47.0,    141.0,  9, 10, 11,  9,      77831,      77831,      77831,      77831
 1,      45291,     48.0,     49.0,     48.0,    145.0,  9, 10, 11,  9,      82081,      82081,      82081,      82081
 1,    2818169,     71.0,     71.0,     70.0,    216.0,  9, 10, 11, 11,      82003,      82003,      82003,      82003
 1,    2537255,     42.0,     42.0,     42.0,    134.0,  9, 10, 11,  9,      82070,      82070,      82070,      82070
 1,    2537268,     43.0,     43.0,     43.0,    136.0,  9, 10, 11,  9,      82070,      82070,      82070,      82070
 1,    2818025,     60.0,     60.0,     60.0,    187.0,  9, 10, 11,  9,    2402037,    2402037,    2402037,    2402037
 1,    2577411,     73.0,     73.0,     72.0,    218.0,  9, 10, 11, 11,      82003,      82003,      82003,      82003
 2,    2818164,     72.0,     72.0,     71.0,    217.0,  9, 10, 11, 11,      82003,      82003,      82003,      82003
 2,      45257,     42.0,     41.0,     42.0,    129.0,  9, 10, 11, 10,      82009,      82009,      82009,      82009
 2,    3814155,     42.0,     42.0,     42.0,    129.0,  9, 10, 11, 10,      82009,      82009,      82009,      82009
 2,    3814154,     42.0,     42.0,     43.0,    129.0,  9, 10, 11, 10,      82009,      82009,      82009,      82009
 2,    1351946,     21.0,     21.0,     21.0,     66.0,  9, 10, 11,  9,    1469332,    1469332,    1469332,    1469332
 2,    1351946,     21.0,     21.0,     21.0,     66.0,  9, 10, 11,  9,    1469332,    1469332,    1469332,    1469332
 2,    2235300,     48.0,     48.0,     47.0,    143.0,  9, 10, 11, 11,      82081,      82081,      82081,      82081
 2,    2524886,     41.0,     41.0,     42.0,    128.0,  9, 10, 11, 10,      82009,      82009,      82009,      82009
 2,    2524881,     41.0,     41.0,     41.0,    128.0,  9, 10, 11, 10,      82009,      82009,      82009,      82009
 2,    2524876,     41.0,     41.0,     41.0,    128.0,  9, 10, 11, 10,      82009,      82009,      82009,      82009
 2,    2528023,     45.0,     46.0,     46.0,    141.0,  9, 10, 11,  9,      77831,      77831,      77831,      77831
 2,    2528057,     46.0,     47.0,     47.0,    142.0,  9, 10, 11,  9,      77831,      77831,      77831,      77831
 2,    2528062,     46.0,     47.0,     47.0,    143.0,  9, 10, 11,  9,      77831,      77831,      77831,      77831
 2,    2528148,     46.0,     47.0,     47.0,    143.0,  9, 10, 11,  9,      77831,      77831,      77831,      77831
 2,      45291,     48.0,     49.0,     47.0,    144.0,  9, 10, 11, 11,      82081,      82081,      82081,      82081
 2,    2818169,     71.0,     71.0,     70.0,    215.0,  9, 10, 11, 11,      82003,      82003,      82003,      82003
 2,    2537255,     42.0,     42.0,     42.0,    134.0,  9, 10, 11, 11,      82070,      82070,      82070,      82070
 2,    2537268,     44.0,     44.0,     43.0,    135.0,  9, 10, 11, 11,      82070,      82070,      82070,      82070
 2,    2818025,     60.0,     60.0,     60.0,    187.0,  9, 10, 11, 11,    2402037,    2402037,    2402037,    2402037
 2,    2577411,     73.0,     73.0,     72.0,    218.0,  9, 10, 11, 11,      82003,      82003,      82003,      82003
 3,    2818164,     72.0,     72.0,     72.0,    218.0,  9, 10, 11, 10,      82003,      82003,      82003,      82003
 3,      45257,     42.0,     42.0,     42.0,    130.0,  9, 10, 11, 10,      82009,      82009,      82009,      82009
 3,    3814155,     43.0,     42.0,     42.0,    131.0,  9, 10, 11, 10,      82009,      82009,      82009,      82009
 3,    3814154,     43.0,     42.0,     43.0,    131.0,  9, 10, 11, 10,      82009,      82009,      82009,      82009
 3,    1351946,     21.0,     21.0,     21.0,     66.0,  9, 10, 11,  9,    1469332,    1469332,    1469332,    1469332
 3,    1351946,     21.0,     21.0,     21.0,     66.0,  9, 10, 11,  9,    1469332,    1469332,    1469332,    1469332
 3,    2235300,     48.0,     48.0,     47.0,    145.0,  9, 10, 11, 11,      82081,      82081,      82081,      82081
 3,    2524886,     42.0,     41.0,     42.0,    130.0,  9, 10, 11, 10,      82009,      82009,      82009,      82009
 3,    2524881,     42.0,     41.0,     42.0,    129.0,  9, 10, 11, 10,      82009,      82009,      82009,      82009
 3,    2524876,     42.0,     41.0,     41.0,    129.0,  9, 10, 11, 10,      82009,      82009,      82009,      82009
 3,    2528023,     45.0,     46.0,     46.0,    142.0,  9, 10, 11,  9,      77831,      77831,      77831,      77831
 3,    2528057,     46.0,     47.0,     46.0,    143.0,  9, 10, 11,  9,      77831,      77831,      77831,      77831
 3,    2528062,     46.0,     47.0,     47.0,    144.0,  9, 10, 11,  9,      77831,      77831,      77831,      77831
 3,    2528148,     47.0,     47.0,     47.0,    144.0,  9, 10, 11,  9,      77831,      77831,      77831,      77831
 3,      45291,     48.0,     49.0,     48.0,    146.0,  9, 10, 11, 11,      82081,      82081,      82081,      82081
 3,    2818169,     71.0,     71.0,     71.0,    217.0,  9, 10, 11, 10,      82003,      82003,      82003,      82003
 3,    2537255,     42.0,     42.0,     42.0,    134.0,  9, 10, 11,  9,      82070,      82070,      82070,      82070
 3,    2537268,     43.0,     44.0,     43.0,    136.0,  9, 10, 11,  9,      82070,      82070,      82070,      82070
 3,    2818025,     60.0,     60.0,     60.0,    188.0,  9, 10, 11,  9,    2402037,    2402037,    2402037,    2402037
 3,    2577411,     73.0,     73.0,     73.0,    220.0,  9, 10, 11, 10,      82003,      82003,      82003,      82003
 4,    2818164,     72.0,     72.0,     72.0,    219.0,  9, 10, 11,  9,      82003,      82003,      82003,      82003
 4,      45257,     41.0,     41.0,     40.0,    124.0,  9, 10, 11, 11,      82009,      82009,      82009,      82009
 4,    3814155,     42.0,     41.0,     40.0,    124.0,  9, 10, 11, 11,      82009,      82009,      82009,      82009
 4,    3814154,     42.0,     42.0,     40.0,    125.0,  9, 10, 11, 11,      82009,      82009,      82009,      82009
 4,    1351946,     21.0,     21.0,     21.0,     66.0,  9, 10, 11,  9,    1469332,    1469332,    1469332,    1469332
 4,    1351946,     21.0,     21.0,     21.0,     66.0,  9, 10, 11,  9,    1469332,    1469332,    1469332,    1469332
 4,    2235300,     48.0,     48.0,     47.0,    145.0,  9, 10, 11, 11,      82081,      82081,      82081,      82081
 4,    2524886,     41.0,     41.0,     39.0,    123.0,  9, 10, 11, 11,      82009,      82009,      82009,      82009
 4,    2524881,     41.0,     41.0,     39.0,    123.0,  9, 10, 11, 11,      82009,      82009,      82009,      82009
 4,    2524876,     41.0,     40.0,     39.0,    123.0,  9, 10, 11, 11,      82009,      82009,      82009,      82009
 4,    2528023,     45.0,     46.0,     46.0,    142.0,  9, 10, 11,  9,      77831,      77831,      77831,      77831
 4,    2528057,     46.0,     47.0,     47.0,    143.0,  9, 10, 11,  9,      77831,      77831,      77831,      77831
 4,    2528062,     46.0,     47.0,     47.0,    143.0,  9, 10, 11,  9,      77831,      77831,      77831,      77831
 4,    2528148,     46.0,     47.0,     47.0,    144.0,  9, 10, 11,  9,      77831,      77831,      77831,      77831
 4,      45291,     48.0,     49.0,     48.0,    146.0,  9, 10, 11, 11,      82081,      82081,      82081,      82081
 4,    2818169,     71.0,     71.0,     71.0,    218.0,  9, 10, 11,  9,      82003,      82003,      82003,      82003
 4,    2537255,     42.0,     42.0,     42.0,    134.0,  9, 10, 11, 10,      82070,      82070,      82070,      82070
 4,    2537268,     44.0,     43.0,     44.0,    136.0,  9, 10, 11,  9,      82070,      82070,      82070,      82070
 4,    2818025,     60.0,     61.0,     60.0,    188.0,  9, 10, 11,  9,    2402037,    2402037,    2402037,    2402037
 4,    2577411,     73.0,     73.0,     73.0,    220.0,  9, 10, 11, 11,      82003,      82003,      82003,      82003
 5,    2818164,     72.0,     72.0,     72.0,    218.0,  9, 10, 11, 11,      82003,      82003,      82003,      82003
 5,      45257,     42.0,     41.0,     42.0,    129.0,  9, 10, 11, 10,      82009,      82009,      82009,      82009
 5,    3814155,     42.0,     41.0,     42.0,    129.0,  9, 10, 11, 10,      82009,      82009,      82009,      82009
 5,    3814154,     43.0,     42.0,     42.0,    129.0,  9, 10, 11, 10,      82009,      82009,      82009,      82009
 5,    1351946,     22.0,     22.0,     22.0,     69.0,  9, 10, 11,  9,    1469332,    1469332,    1469332,    1469332
 5,    1351946,     22.0,     22.0,     22.0,     69.0,  9, 10, 11,  9,    1469332,    1469332,    1469332,    1469332
 5,    2235300,     48.0,     48.0,     48.0,    146.0,  9, 10, 11,  9,      82081,      82081,      82081,      82081
 5,    2524886,     42.0,     41.0,     41.0,    128.0,  9, 10, 11, 10,      82009,      82009,      82009,      82009
 5,    2524881,     41.0,     41.0,     41.0,    128.0,  9, 10, 11, 10,      82009,      82009,      82009,      82009
 5,    2524876,     41.0,     41.0,     41.0,    127.0,  9, 10, 11, 10,      82009,      82009,      82009,      82009
 5,    2528023,     45.0,     46.0,     46.0,    142.0,  9, 10, 11,  9,      77831,      77831,      77831,      77831
 5,    2528057,     46.0,     47.0,     46.0,    143.0,  9, 10, 11,  9,      77831,      77831,      77831,      77831
 5,    2528062,     46.0,     47.0,     47.0,    143.0,  9, 10, 11,  9,      77831,      77831,      77831,      77831
 5,    2528148,     46.0,     47.0,     47.0,    143.0,  9, 10, 11,  9,      77831,      77831,      77831,      77831
 5,      45291,     48.0,     49.0,     48.0,    147.0,  9, 10, 11,  9,      82081,      82081,      82081,      82081
 5,    2818169,     71.0,     71.0,     71.0,    217.0,  9, 10, 11, 11,      82003,      82003,      82003,      82003
 5,    2537255,     43.0,     43.0,     43.0,    136.0,  9, 10, 11,  9,      82070,      82070,      82070,      82070
 5,    2537268,     44.0,     44.0,     44.0,    137.0,  9, 10, 11,  9,      82070,      82070,      82070,      82070
 5,    2818025,     60.0,     60.0,     60.0,    188.0,  9, 10, 11,  9,    2402037,    2402037,    2402037,    2402037
 5,    2577411,     73.0,     73.0,     73.0,    220.0,  9, 10, 11, 11,      82003,      82003,      82003,      82003
 6,    2818164,     72.0,     72.0,     71.0,    216.0,  9, 10, 11, 11,      82003,      82003,      82003,      82003
 6,      45257,     41.0,     40.0,     40.0,    123.0,  9, 10, 11, 11,      82009,      82009,      82009,      82009
 6,    3814155,     41.0,     40.0,     40.0,    124.0,  9, 10, 11, 11,      82009,      82009,      82009,      82009
 6,    3814154,     41.0,     41.0,     40.0,    124.0,  9, 10, 11, 11,      82009,      82009,      82009,      82009
 6,    1351946,     24.0,     24.0,     24.0,     74.0,  9, 10, 11,  9,    1469332,    1469332,    1469332,    1469332
 6,    1351946,     24.0,     24.0,     24.0,     74.0,  9, 10, 11,  9,    1469332,    1469332,    1469332,    1469332
 6,    2235300,     48.0,     48.0,     48.0,    146.0,  9, 10, 11, 11,      82081,      82081,      82081,      82081
 6,    2524886,     40.0,     40.0,     39.0,    123.0,  9, 10, 11, 11,      82009,      82009,      82009,      82009
 6,    2524881,     40.0,     39.0,     39.0,    122.0,  9, 10, 11, 11,      82009,      82009,      82009,      82009
 6,    2524876,     40.0,     39.0,     39.0,    122.0,  9, 10, 11, 11,      82009,      82009,      82009,      82009
 6,    2528023,     45.0,     46.0,     46.0,    141.0,  9, 10, 11,  9,      77831,      77831,      77831,      77831
 6,    2528057,     46.0,     47.0,     46.0,    142.0,  9, 10, 11,  9,      77831,      77831,      77831,      77831
 6,    2528062,     46.0,     47.0,     46.0,    143.0,  9, 10, 11,  9,      77831,      77831,      77831,      77831
 6,    2528148,     46.0,     47.0,     47.0,    143.0,  9, 10, 11,  9,      77831,      77831,      77831,      77831
 6,      45291,     48.0,     49.0,     48.0,    147.0,  9, 10, 11, 11,      82081,      82081,      82081,      82081
 6,    2818169,     71.0,     71.0,     70.0,    215.0,  9, 10, 11, 11,      82003,      82003,      82003,      82003
 6,    2537255,     45.0,     45.0,     45.0,    141.0,  9, 10, 11, 10,      82070,      82070,      82070,      82070
 6,    2537268,     46.0,     46.0,     46.0,    143.0,  9, 10, 11, 10,      82070,      82070,      82070,      82070
 6,    2818025,     60.0,     61.0,     60.0,    187.0,  9, 10, 11, 11,    2402037,    2402037,    2402037,    2402037
 6,    2577411,     73.0,     73.0,     72.0,    218.0,  9, 10, 11, 11,      82003,      82003,      82003,      82003
 7,    2818164,     72.0,     71.0,     71.0,    216.0,  9, 10, 11, 11,      82003,      82003,      82003,      82003
 7,      45257,     41.0,     40.0,     38.0,    120.0,  9, 10, 11, 11,      82009,      82009,      82009,      82009
 7,    3814155,     41.0,     40.0,     39.0,    120.0,  9, 10, 11, 11,      82009,      82009,      82009,      82009
 7,    3814154,     41.0,     41.0,     39.0,    121.0,  9, 10, 11, 11,      82009,      82009,      82009,      82009
 7,    1351946,     24.0,     24.0,     24.0,     74.0,  9, 10, 11,  9,    1469332,    1469332,    1469332,    1469332
 7,    1351946,     24.0,     24.0,     24.0,     74.0,  9, 10, 11,  9,    1469332,    1469332,    1469332,    1469332
 7,    2235300,     47.0,     48.0,     46.0,    142.0,  9, 10, 11, 11,      82081,      82081,      82081,      82081
 7,    2524886,     40.0,     40.0,     38.0,    119.0,  9, 10, 11, 11,      82009,      82009,      82009,      82009
 7,    2524881,     40.0,     40.0,     38.0,    119.0,  9, 10, 11, 11,      82009,      82009,      82009,      82009
 7,    2524876,     40.0,     39.0,     38.0,    119.0,  9, 10, 11, 11,      82009,      82009,      82009,      82009
 7,    2528023,     45.0,     46.0,     44.0,    138.0,  9, 10, 11, 11,      77831,      77831,      77831,      77831
 7,    2528057,     46.0,     47.0,     45.0,    139.0,  9, 10, 11, 11,      77831,      77831,      77831,      77831
 7,    2528062,     46.0,     47.0,     45.0,    139.0,  9, 10, 11, 11,      77831,      77831,      77831,      77831
 7,    2528148,     46.0,     47.0,     45.0,    140.0,  9, 10, 11, 11,      77831,      77831,      77831,      77831
 7,      45291,     48.0,     48.0,     47.0,    143.0,  9, 10, 11, 11,      82081,      82081,      82081,      82081
 7,    2818169,     71.0,     71.0,     70.0,    215.0,  9, 10, 11, 11,      82003,      82003,      82003,      82003
 7,    2537255,     45.0,     43.0,     44.0,    137.0,  9, 10, 11, 10,      82070,      82070,      82070,      82070
 7,    2537268,     46.0,     44.0,     46.0,    139.0,  9, 10, 11, 10,      82070,      82070,      82070,      82070
 7,    2818025,     60.0,     61.0,     60.0,    188.0,  9, 10, 11,  9,    2402037,    2402037,    2402037,    2402037
 7,    2577411,     73.0,     72.0,     72.0,    218.0,  9, 10, 11, 11,      82003,      82003,      82003,      82003
 8,    2818164,     72.0,     72.0,     70.0,    214.0,  9, 10, 11, 11,      82003,      82003,      82003,      82003
 8,      45257,     37.0,     38.0,     38.0,    116.0,  9, 10, 11,  9,      82009,      82009,      82009,      82009
 8,    3814155,     38.0,     38.0,     38.0,    117.0,  9, 10, 11,  9,      82009,      82009,      82009,      82009
 8,    3814154,     38.0,     39.0,     38.0,    117.0,  9, 10, 11,  9,      82009,      82009,      82009,      82009
 8,    1351946,     24.0,     24.0,     24.0,     74.0,  9, 10, 11,  9,    1469332,    1469332,    1469332,    1469332
 8,    1351946,     24.0,     24.0,     24.0,     74.0,  9, 10, 11,  9,    1469332,    1469332,    1469332,    1469332
 8,    2235300,     47.0,     46.0,     47.0,    142.0,  9, 10, 11, 10,      82081,      82081,      82081,      82081
 8,    2524886,     37.0,     38.0,     38.0,    116.0,  9, 10, 11,  9,      82009,      82009,      82009,      82009
 8,    2524881,     37.0,     38.0,     37.0,    116.0,  9, 10, 11,  9,      82009,      82009,      82009,      82009
 8,    2524876,     37.0,     37.0,     37.0,    115.0,  9, 10, 11,  9,      82009,      82009,      82009,      82009
 8,    2528023,     45.0,     46.0,     45.0,    141.0,  9, 10, 11, 11,      77831,      77831,      77831,      77831
 8,    2528057,     46.0,     47.0,     45.0,    142.0,  9, 10, 11, 11,      77831,      77831,      77831,      77831
 8,    2528062,     46.0,     47.0,     46.0,    142.0,  9, 10, 11, 11,      77831,      77831,      77831,      77831
 8,    2528148,     46.0,     47.0,     46.0,    142.0,  9, 10, 11, 11,      77831,      77831,      77831,      77831
 8,      45291,     48.0,     47.0,     47.0,    143.0,  9, 10, 11, 10,      82081,      82081,      82081,      82081
 8,    2818169,     71.0,     71.0,     69.0,    213.0,  9, 10, 11, 11,      82003,      82003,      82003,      82003
 8,    2537255,     44.0,     43.0,     44.0,    137.0,  9, 10, 11, 10,      82070,      82070,      82070,      82070
 8,    2537268,     45.0,     44.0,     46.0,    139.0,  9, 10, 11, 10,      82070,      82070,      82070,      82070
 8,    2818025,     60.0,     60.0,     60.0,    187.0,  9, 10, 11, 11,    2402037,    2402037,    2402037,    2402037
 8,    2577411,     73.0,     73.0,     71.0,    216.0,  9, 10, 11, 11,      82003,      82003,      82003,      82003
 9,    2818164,     70.0,     70.0,     69.0,    211.0,  9, 10, 11, 11,      82003,      82003,      82003,      82003
 9,      45257,     38.0,     37.0,     37.0,    116.0,  9, 10, 11, 10,      82009,      82009,      82009,      82009
 9,    3814155,     38.0,     37.0,     37.0,    116.0,  9, 10, 11, 10,      82009,      82009,      82009,      82009
 9,    3814154,     38.0,     38.0,     38.0,    116.0,  9, 10, 11, 10,      82009,      82009,      82009,      82009
 9,    1351946,     24.0,     24.0,     24.0,     74.0,  9, 10, 11,  9,    1469332,    1469332,    1469332,    1469332
 9,    1351946,     24.0,     24.0,     24.0,     74.0,  9, 10, 11,  9,    1469332,    1469332,    1469332,    1469332
 9,    2235300,     47.0,     47.0,     46.0,    141.0,  9, 10, 11, 11,      82081,      82081,      82081,      82081
 9,    2524886,     37.0,     37.0,     37.0,    115.0,  9, 10, 11, 10,      82009,      82009,      82009,      82009
 9,    2524881,     37.0,     37.0,     37.0,    115.0,  9, 10, 11, 10,      82009,      82009,      82009,      82009
 9,    2524876,     37.0,     36.0,     36.0,    115.0,  9, 10, 11, 10,      82009,      82009,      82009,      82009
 9,    2528023,     45.0,     46.0,     44.0,    137.0,  9, 10, 11, 11,      77831,      77831,      77831,      77831
 9,    2528057,     45.0,     46.0,     44.0,    138.0,  9, 10, 11, 11,      77831,      77831,      77831,      77831
 9,    2528062,     45.0,     47.0,     44.0,    138.0,  9, 10, 11, 11,      77831,      77831,      77831,      77831
 9,    2528148,     46.0,     47.0,     45.0,    138.0,  9, 10, 11, 11,      77831,      77831,      77831,      77831
 9,      45291,     48.0,     47.0,     47.0,    142.0,  9, 10, 11, 11,      82081,      82081,      82081,      82081
 9,    2818169,     69.0,     70.0,     69.0,    210.0,  9, 10, 11, 11,      82003,      82003,      82003,      82003
 9,    2537255,     43.0,     42.0,     44.0,    135.0,  9, 10, 11, 10,      82070,      82070,      82070,      82070
 9,    2537268,     44.0,     44.0,     46.0,    137.0,  9, 10, 11, 10,      82070,      82070,      82070,      82070
 9,    2818025,     60.0,     60.0,     60.0,    187.0,  9, 10, 11,  9,    2402037,    2402037,    2402037,    2402037
 9,    2577411,     71.0,     71.0,     70.0,    213.0,  9, 10, 11, 11,      82003,      82003,      82003,      82003
10,    2818164,     70.0,     69.0,     68.0,    207.0,  9, 10, 11, 11,      82003,      82003,      82003,      82003
10,      45257,     39.0,     36.0,     38.0,    111.0,  9, 10, 11, 10,      82009,      82009,      82009,      82009
10,    3814155,     40.0,     36.0,     38.0,    111.0,  9, 10, 11, 10,      82009,      82009,      82009,      82009
10,    3814154,     40.0,     36.0,     38.0,    112.0,  9, 10, 11, 10,      82009,      82009,      82009,      82009
10,    1351946,     24.0,     24.0,     24.0,     74.0,  9, 10, 11,  9,    1469332,    1469332,    1469332,    1469332
10,    1351946,     24.0,     24.0,     24.0,     74.0,  9, 10, 11,  9,    1469332,    1469332,    1469332,    1469332
10,    2235300,     46.0,     46.0,     47.0,    141.0,  9, 10, 11,  9,      82081,      82081,      82081,      82081
10,    2524886,     39.0,     35.0,     38.0,    110.0,  9, 10, 11, 10,      82009,      82009,      82009,      82009
10,    2524881,     39.0,     35.0,     37.0,    110.0,  9, 10, 11, 10,      82009,      82009,      82009,      82009
10,    2524876,     39.0,     35.0,     37.0,    110.0,  9, 10, 11, 10,      82009,      82009,      82009,      82009
10,    2528023,     43.0,     46.0,     44.0,    136.0,  9, 10, 11,  9,      77831,      77831,      77831,      77831
10,    2528057,     44.0,     47.0,     45.0,    137.0,  9, 10, 11,  9,      77831,      77831,      77831,      77831
10,    2528062,     44.0,     47.0,     45.0,    137.0,  9, 10, 11,  9,      77831,      77831,      77831,      77831
10,    2528148,     44.0,     47.0,     45.0,    138.0,  9, 10, 11,  9,      77831,      77831,      77831,      77831
10,      45291,     46.0,     46.0,     48.0,    142.0,  9, 10, 11,  9,      82081,      82081,      82081,      82081
10,    2818169,     69.0,     69.0,     67.0,    206.0,  9, 10, 11, 11,      82003,      82003,      82003,      82003
10,    2537255,     44.0,     43.0,     43.0,    137.0,  9, 10, 11, 10,      82070,      82070,      82070,      82070
10,    2537268,     45.0,     44.0,     45.0,    139.0,  9, 10, 11, 10,      82070,      82070,      82070,      82070
10,    2818025,     59.0,     60.0,     60.0,    185.0,  9, 10, 11,  9,    2402037,    2402037,    2402037,    2402037
10,    2577411,     71.0,     71.0,     69.0,    209.0,  9, 10, 11, 11,      82003,      82003,      82003,      82003
11,    2818164,     69.0,     70.0,     68.0,    209.0,  9, 10, 11, 11,      82003,      82003,      82003,      82003
11,      45257,     36.0,     33.0,     37.0,    102.0,  9, 10, 11, 10,      82009,      82009,      82009,      82009
11,    3814155,     36.0,     33.0,     37.0,    102.0,  9, 10, 11, 10,      82009,      82009,      82009,      82009
11,    3814154,     36.0,     33.0,     37.0,    102.0,  9, 10, 11, 10,      82009,      82009,      82009,      82009
11,    1351946,     24.0,     24.0,     24.0,     74.0,  9, 10, 11,  9,    1469332,    1469332,    1469332,    1469332
11,    1351946,     24.0,     24.0,     24.0,     74.0,  9, 10, 11,  9,    1469332,    1469332,    1469332,    1469332
11,    2235300,     45.0,     46.0,     46.0,    139.0,  9, 10, 11,  9,      82081,      82081,      82081,      82081
11,    2524886,     36.0,     32.0,     36.0,    101.0,  9, 10, 11, 10,      82009,      82009,      82009,      82009
11,    2524881,     36.0,     32.0,     36.0,    101.0,  9, 10, 11, 10,      82009,      82009,      82009,      82009
11,    2524876,     35.0,     32.0,     36.0,    101.0,  9, 10, 11, 10,      82009,      82009,      82009,      82009
11,    2528023,     44.0,     45.0,     45.0,    139.0,  9, 10, 11,  9,      77831,      77831,      77831,      77831
11,    2528057,     45.0,     46.0,     46.0,    140.0,  9, 10, 11,  9,      77831,      77831,      77831,      77831
11,    2528062,     45.0,     46.0,     46.0,    140.0,  9, 10, 11,  9,      77831,      77831,      77831,      77831
11,    2528148,     45.0,     47.0,     47.0,    141.0,  9, 10, 11,  9,      77831,      77831,      77831,      77831
11,      45291,     46.0,     47.0,     47.0,    140.0,  9, 10, 11,  9,      82081,      82081,      82081,      82081
11,    2818169,     69.0,     70.0,     68.0,    208.0,  9, 10, 11, 11,      82003,      82003,      82003,      82003
11,    2537255,     44.0,     44.0,     44.0,    139.0,  9, 10, 11, 10,      82070,      82070,      82070,      82070
11,    2537268,     45.0,     45.0,     45.0,    140.0,  9, 10, 11, 10,      82070,      82070,      82070,      82070
11,    2818025,     59.0,     60.0,     60.0,    183.0,  9, 10, 11,  9,    2402037,    2402037,    2402037,    2402037
11,    2577411,     70.0,     71.0,     69.0,    210.0,  9, 10, 11, 11,      82003,      82003,      82003,      82003
12,    2818164,     71.0,     70.0,     68.0,    207.0,  9, 10, 11, 11,      82003,      82003,      82003,      82003
12,      45257,     36.0,     34.0,     38.0,    106.0,  9, 10, 11, 10,      82009,      82009,      82009,      82009
12,    3814155,     36.0,     34.0,     38.0,    106.0,  9, 10, 11, 10,      82009,      82009,      82009,      82009
12,    3814154,     36.0,     34.0,     38.0,    106.0,  9, 10, 11, 10,      82009,      82009,      82009,      82009
12,    1351946,     24.0,     24.0,     24.0,     74.0,  9, 10, 11,  9,    1469332,    1469332,    1469332,    1469332
12,    1351946,     24.0,     24.0,     24.0,     74.0,  9, 10, 11,  9,    1469332,    1469332,    1469332,    1469332
12,    2235300,     45.0,     46.0,     46.0,    137.0,  9, 10, 11,  9,      82081,      82081,      82081,      82081
12,    2524886,     36.0,     34.0,     37.0,    105.0,  9, 10, 11, 10,      82009,      82009,      82009,      82009
12,    2524881,     35.0,     33.0,     37.0,    105.0,  9, 10, 11, 10,      82009,      82009,      82009,      82009
12,    2524876,     35.0,     33.0,     37.0,    105.0,  9, 10, 11, 10,      82009,      82009,      82009,      82009
12,    2528023,     45.0,     45.0,     46.0,    140.0,  9, 10, 11,  9,      77831,      77831,      77831,      77831
12,    2528057,     45.0,     46.0,     46.0,    141.0,  9, 10, 11,  9,      77831,      77831,      77831,      77831
12,    2528062,     45.0,     46.0,     46.0,    141.0,  9, 10, 11,  9,      77831,      77831,      77831,      77831
12,    2528148,     46.0,     47.0,     47.0,    142.0,  9, 10, 11,  9,      77831,      77831,      77831,      77831
12,      45291,     45.0,     47.0,     46.0,    138.0,  9, 10, 11,  9,      82081,      82081,      82081,      82081
12,    2818169,     71.0,     70.0,     67.0,    206.0,  9, 10, 11, 11,      82003,      82003,      82003,      82003
12,    2537255,     44.0,     44.0,     44.0,    138.0,  9, 10, 11, 11,      82070,      82070,      82070,      82070
12,    2537268,     46.0,     46.0,     45.0,    140.0,  9, 10, 11, 11,      82070,      82070,      82070,      82070
12,    2818025,     60.0,     60.0,     59.0,    185.0,  9, 10, 11, 11,    2402037,    2402037,    2402037,    2402037
12,    2577411,     72.0,     72.0,     69.0,    209.0,  9, 10, 11, 11,      82003,      82003,      82003,      82003
13,    2818164,     71.0,     70.0,     68.0,    207.0,  9, 10, 11, 11,      82003,      82003,      82003,      82003
13,      45257,     36.0,     36.0,     38.0,    111.0,  9, 10, 11, 10,      82009,      82009,      82009,      82009
13,    3814155,     37.0,     36.0,     38.0,    111.0,  9, 10, 11, 10,      82009,      82009,      82009,      82009
13,    3814154,     37.0,     36.0,     38.0,    112.0,  9, 10, 11, 10,      82009,      82009,      82009,      82009
13,    1351946,     24.0,     24.0,     24.0,     74.0,  9, 10, 11,  9,    1469332,    1469332,    1469332,    1469332
13,    1351946,     24.0,     24.0,     24.0,     74.0,  9, 10, 11,  9,    1469332,    1469332,    1469332,    1469332
13,    2235300,     46.0,     48.0,     46.0,    140.0,  9, 10, 11, 11,      82081,      82081,      82081,      82081
13,    2524886,     36.0,     35.0,     37.0,    111.0,  9, 10, 11, 10,      82009,      82009,      82009,      82009
13,    2524881,     36.0,     35.0,     37.0,    110.0,  9, 10, 11, 10,      82009,      82009,      82009,      82009
13,    2524876,     36.0,     35.0,     37.0,    110.0,  9, 10, 11, 10,      82009,      82009,      82009,      82009
13,    2528023,     44.0,     46.0,     46.0,    139.0,  9, 10, 11,  9,      77831,      77831,      77831,      77831
13,    2528057,     45.0,     46.0,     46.0,    140.0,  9, 10, 11,  9,      77831,      77831,      77831,      77831
13,    2528062,     45.0,     47.0,     47.0,    140.0,  9, 10, 11,  9,      77831,      77831,      77831,      77831
13,    2528148,     45.0,     47.0,     47.0,    141.0,  9, 10, 11,  9,      77831,      77831,      77831,      77831
13,      45291,     47.0,     48.0,     46.0,    141.0,  9, 10, 11, 11,      82081,      82081,      82081,      82081
13,    2818169,     70.0,     70.0,     67.0,    206.0,  9, 10, 11, 11,      82003,      82003,      82003,      82003
13,    2537255,     43.0,     45.0,     43.0,    137.0,  9, 10, 11, 11,      82070,      82070,      82070,      82070
13,    2537268,     45.0,     46.0,     44.0,    139.0,  9, 10, 11, 11,      82070,      82070,      82070,      82070
13,    2818025,     59.0,     60.0,     60.0,    185.0,  9, 10, 11,  9,    2402037,    2402037,    2402037,    2402037
13,    2577411,     72.0,     71.0,     69.0,    209.0,  9, 10, 11, 11,      82003,      82003,      82003,      82003
14,    2818164,     72.0,     71.0,     69.0,    212.0,  9, 10, 11, 11,      82003,      82003,      82003,      82003
14,      45257,     37.0,     33.0,     37.0,    103.0,  9, 10, 11, 10,      82009,      82009,      82009,      82009
14,    3814155,     37.0,     33.0,     37.0,    103.0,  9, 10, 11, 10,      82009,      82009,      82009,      82009
14,    3814154,     37.0,     33.0,     38.0,    103.0,  9, 10, 11, 10,      82009,      82009,      82009,      82009
14,    1351946,     24.0,     24.0,     24.0,     74.0,  9, 10, 11,  9,    1469332,    1469332,    1469332,    1469332
14,    1351946,     24.0,     24.0,     24.0,     74.0,  9, 10, 11,  9,    1469332,    1469332,    1469332,    1469332
14,    2235300,     47.0,     48.0,     46.0,    142.0,  9, 10, 11, 11,      82081,      82081,      82081,      82081
14,    2524886,     37.0,     33.0,     37.0,    102.0,  9, 10, 11, 10,      82009,      82009,      82009,      82009
14,    2524881,     36.0,     32.0,     37.0,    102.0,  9, 10, 11, 10,      82009,      82009,      82009,      82009
14,    2524876,     36.0,     32.0,     37.0,    102.0,  9, 10, 11, 10,      82009,      82009,      82009,      82009
14,    2528023,     43.0,     46.0,     46.0,    133.0,  9, 10, 11,  9,      77831,      77831,      77831,      77831
14,    2528057,     43.0,     46.0,     46.0,    134.0,  9, 10, 11,  9,      77831,      77831,      77831,      77831
14,    2528062,     43.0,     47.0,     46.0,    134.0,  9, 10, 11,  9,      77831,      77831,      77831,      77831
14,    2528148,     44.0,     47.0,     47.0,    135.0,  9, 10, 11,  9,      77831,      77831,      77831,      77831
14,      45291,     47.0,     48.0,     47.0,    143.0,  9, 10, 11, 11,      82081,      82081,      82081,      82081
14,    2818169,     71.0,     70.0,     69.0,    211.0,  9, 10, 11, 11,      82003,      82003,      82003,      82003
14,    2537255,     44.0,     44.0,     44.0,    139.0,  9, 10, 11,  9,      82070,      82070,      82070,      82070
14,    2537268,     45.0,     46.0,     46.0,    141.0,  9, 10, 11,  9,      82070,      82070,      82070,      82070
14,    2818025,     60.0,     60.0,     60.0,    187.0,  9, 10, 11, 11,    2402037,    2402037,    2402037,    2402037
14,    2577411,     73.0,     72.0,     70.0,    213.0,  9, 10, 11, 11,      82003,      82003,      82003,      82003
15,    2818164,     71.0,     71.0,     70.0,    213.0,  9, 10, 11, 11,      82003,      82003,      82003,      82003
15,      45257,     37.0,     34.0,     37.0,    107.0,  9, 10, 11, 10,      82009,      82009,      82009,      82009
15,    3814155,     37.0,     34.0,     37.0,    107.0,  9, 10, 11, 10,      82009,      82009,      82009,      82009
15,    3814154,     37.0,     35.0,     38.0,    107.0,  9, 10, 11, 10,      82009,      82009,      82009,      82009
15,    1351946,     24.0,     24.0,     24.0,     74.0,  9, 10, 11,  9,    1469332,    1469332,    1469332,    1469332
15,    1351946,     24.0,     24.0,     24.0,     74.0,  9, 10, 11,  9,    1469332,    1469332,    1469332,    1469332
15,    2235300,     48.0,     48.0,     47.0,    144.0,  9, 10, 11, 11,      82081,      82081,      82081,      82081
15,    2524886,     37.0,     34.0,     37.0,    106.0,  9, 10, 11, 10,      82009,      82009,      82009,      82009
15,    2524881,     36.0,     34.0,     37.0,    106.0,  9, 10, 11, 10,      82009,      82009,      82009,      82009
15,    2524876,     36.0,     34.0,     37.0,    106.0,  9, 10, 11, 10,      82009,      82009,      82009,      82009
15,    2528023,     44.0,     46.0,     46.0,    137.0,  9, 10, 11,  9,      77831,      77831,      77831,      77831
15,    2528057,     44.0,     47.0,     46.0,    138.0,  9, 10, 11,  9,      77831,      77831,      77831,      77831
15,    2528062,     44.0,     47.0,     47.0,    138.0,  9, 10, 11,  9,      77831,      77831,      77831,      77831
15,    2528148,     45.0,     47.0,     47.0,    139.0,  9, 10, 11,  9,      77831,      77831,      77831,      77831
15,      45291,     48.0,     49.0,     47.0,    144.0,  9, 10, 11, 11,      82081,      82081,      82081,      82081
15,    2818169,     71.0,     71.0,     69.0,    212.0,  9, 10, 11, 11,      82003,      82003,      82003,      82003
15,    2537255,     44.0,     45.0,     44.0,    141.0,  9, 10, 11,  9,      82070,      82070,      82070,      82070
15,    2537268,     46.0,     46.0,     46.0,    143.0,  9, 10, 11,  9,      82070,      82070,      82070,      82070
15,    2818025,     60.0,     60.0,     60.0,    186.0,  9, 10, 11, 11,    2402037,    2402037,    2402037,    2402037
15,    2577411,     72.0,     72.0,     71.0,    215.0,  9, 10, 11, 11,      82003,      82003,      82003,      82003
16,    2818164,     71.0,     71.0,     70.0,    214.0,  9, 10, 11, 11,      82003,      82003,      82003,      82003
16,      45257,     36.0,     33.0,     37.0,    104.0,  9, 10, 11, 10,      82009,      82009,      82009,      82009
16,    3814155,     36.0,     34.0,     37.0,    104.0,  9, 10, 11, 10,      82009,      82009,      82009,      82009
16,    3814154,     37.0,     34.0,     37.0,    105.0,  9, 10, 11, 10,      82009,      82009,      82009,      82009
16,    1351946,     24.0,     24.0,     24.0,     74.0,  9, 10, 11,  9,    1469332,    1469332,    1469332,    1469332
16,    1351946,     24.0,     24.0,     24.0,     74.0,  9, 10, 11,  9,    1469332,    1469332,    1469332,    1469332
16,    2235300,     47.0,     48.0,     46.0,    140.0,  9, 10, 11, 11,      82081,      82081,      82081,      82081
16,    2524886,     36.0,     33.0,     36.0,    103.0,  9, 10, 11, 10,      82009,      82009,      82009,      82009
16,    2524881,     36.0,     33.0,     36.0,    103.0,  9, 10, 11, 10,      82009,      82009,      82009,      82009
16,    2524876,     36.0,     33.0,     36.0,    103.0,  9, 10, 11, 10,      82009,      82009,      82009,      82009
16,    2528023,     44.0,     46.0,     46.0,    139.0,  9, 10, 11,  9,      77831,      77831,      77831,      77831
16,    2528057,     45.0,     46.0,     46.0,    140.0,  9, 10, 11,  9,      77831,      77831,      77831,      77831
16,    2528062,     45.0,     46.0,     46.0,    140.0,  9, 10, 11,  9,      77831,      77831,      77831,      77831
16,    2528148,     45.0,     47.0,     47.0,    141.0,  9, 10, 11,  9,      77831,      77831,      77831,      77831
16,      45291,     47.0,     49.0,     46.0,    141.0,  9, 10, 11, 11,      82081,      82081,      82081,      82081
16,    2818169,     71.0,     70.0,     69.0,    213.0,  9, 10, 11, 11,      82003,      82003,      82003,      82003
16,    2537255,     44.0,     44.0,     44.0,    140.0,  9, 10, 11,  9,      82070,      82070,      82070,      82070
16,    2537268,     45.0,     46.0,     46.0,    142.0,  9, 10, 11,  9,      82070,      82070,      82070,      82070
16,    2818025,     60.0,     60.0,     60.0,    187.0,  9, 10, 11,  9,    2402037,    2402037,    2402037,    2402037
16,    2577411,     72.0,     72.0,     71.0,    215.0,  9, 10, 11, 11,      82003,      82003,      82003,      82003
17,    2818164,     71.0,     70.0,     69.0,    211.0,  9, 10, 11, 11,      82003,      82003,      82003,      82003
17,      45257,     37.0,     34.0,     38.0,    105.0,  9, 10, 11, 10,      82009,      82009,      82009,      82009
17,    3814155,     37.0,     34.0,     38.0,    106.0,  9, 10, 11, 10,      82009,      82009,      82009,      82009
17,    3814154,     37.0,     34.0,     38.0,    106.0,  9, 10, 11, 10,      82009,      82009,      82009,      82009
17,    1351946,     24.0,     24.0,     24.0,     74.0,  9, 10, 11,  9,    1469332,    1469332,    1469332,    1469332
17,    1351946,     24.0,     24.0,     24.0,     74.0,  9, 10, 11,  9,    1469332,    1469332,    1469332,    1469332
17,    2235300,     47.0,     47.0,     45.0,    139.0,  9, 10, 11, 11,      82081,      82081,      82081,      82081
17,    2524886,     36.0,     33.0,     38.0,    105.0,  9, 10, 11, 10,      82009,      82009,      82009,      82009
17,    2524881,     36.0,     33.0,     38.0,    104.0,  9, 10, 11, 10,      82009,      82009,      82009,      82009
17,    2524876,     36.0,     33.0,     37.0,    104.0,  9, 10, 11, 10,      82009,      82009,      82009,      82009
17,    2528023,     44.0,     46.0,     46.0,    138.0,  9, 10, 11,  9,      77831,      77831,      77831,      77831
17,    2528057,     45.0,     47.0,     46.0,    139.0,  9, 10, 11,  9,      77831,      77831,      77831,      77831
17,    2528062,     45.0,     47.0,     47.0,    140.0,  9, 10, 11,  9,      77831,      77831,      77831,      77831
17,    2528148,     45.0,     47.0,     47.0,    140.0,  9, 10, 11,  9,      77831,      77831,      77831,      77831
17,      45291,     48.0,     48.0,     46.0,    140.0,  9, 10, 11, 11,      82081,      82081,      82081,      82081
17,    2818169,     71.0,     69.0,     68.0,    210.0,  9, 10, 11, 11,      82003,      82003,      82003,      82003
17,    2537255,     44.0,     44.0,     44.0,    140.0,  9, 10, 11, 11,      82070,      82070,      82070,      82070
17,    2537268,     46.0,     46.0,     45.0,    141.0,  9, 10, 11, 11,      82070,      82070,      82070,      82070
17,    2818025,     60.0,     59.0,     60.0,    186.0,  9, 10, 11, 10,    2402037,    2402037,    2402037,    2402037
17,    2577411,     72.0,     71.0,     70.0,    212.0,  9, 10, 11, 11,      82003,      82003,      82003,      82003
18,    2818164,     71.0,     70.0,     69.0,    211.0,  9, 10, 11, 11,      82003,      82003,      82003,      82003
18,      45257,     36.0,     35.0,     39.0,    110.0,  9, 10, 11, 10,      82009,      82009,      82009,      82009
18,    3814155,     36.0,     35.0,     39.0,    110.0,  9, 10, 11, 10,      82009,      82009,      82009,      82009
18,    3814154,     37.0,     36.0,     39.0,    110.0,  9, 10, 11, 10,      82009,      82009,      82009,      82009
18,    1351946,     24.0,     24.0,     24.0,     74.0,  9, 10, 11,  9,    1469332,    1469332,    1469332,    1469332
18,    1351946,     24.0,     24.0,     24.0,     74.0,  9, 10, 11,  9,    1469332,    1469332,    1469332,    1469332
18,    2235300,     47.0,     47.0,     46.0,    140.0,  9, 10, 11, 11,      82081,      82081,      82081,      82081
18,    2524886,     36.0,     35.0,     39.0,    109.0,  9, 10, 11, 10,      82009,      82009,      82009,      82009
18,    2524881,     36.0,     35.0,     38.0,    109.0,  9, 10, 11, 10,      82009,      82009,      82009,      82009
18,    2524876,     36.0,     34.0,     38.0,    108.0,  9, 10, 11, 10,      82009,      82009,      82009,      82009
18,    2528023,     44.0,     46.0,     45.0,    137.0,  9, 10, 11,  9,      77831,      77831,      77831,      77831
18,    2528057,     44.0,     46.0,     45.0,    138.0,  9, 10, 11,  9,      77831,      77831,      77831,      77831
18,    2528062,     44.0,     47.0,     45.0,    138.0,  9, 10, 11,  9,      77831,      77831,      77831,      77831
18,    2528148,     45.0,     47.0,     46.0,    139.0,  9, 10, 11,  9,      77831,      77831,      77831,      77831
18,      45291,     47.0,     48.0,     46.0,    141.0,  9, 10, 11, 11,      82081,      82081,      82081,      82081
18,    2818169,     71.0,     70.0,     69.0,    210.0,  9, 10, 11, 11,      82003,      82003,      82003,      82003
18,    2537255,     44.0,     44.0,     44.0,    140.0,  9, 10, 11, 10,      82070,      82070,      82070,      82070
18,    2537268,     46.0,     45.0,     45.0,    141.0,  9, 10, 11, 11,      82070,      82070,      82070,      82070
18,    2818025,     60.0,     60.0,     59.0,    185.0,  9, 10, 11, 11,    2402037,    2402037,    2402037,    2402037
18,    2577411,     72.0,     71.0,     70.0,    213.0,  9, 10, 11, 11,      82003,      82003,      82003,      82003
19,    2818164,     71.0,     71.0,     69.0,    211.0,  9, 10, 11, 11,      82003,      82003,      82003,      82003
19,      45257,     37.0,     36.0,     39.0,    112.0,  9, 10, 11, 10,      82009,      82009,      82009,      82009
19,    3814155,     37.0,     36.0,     39.0,    113.0,  9, 10, 11, 10,      82009,      82009,      82009,      82009
19,    3814154,     37.0,     36.0,     39.0,    113.0,  9, 10, 11, 10,      82009,      82009,      82009,      82009
19,    1351946,     24.0,     24.0,     24.0,     74.0,  9, 10, 11,  9,    1469332,    1469332,    1469332,    1469332
19,    1351946,     24.0,     24.0,     24.0,     74.0,  9, 10, 11,  9,    1469332,    1469332,    1469332,    1469332
19,    2235300,     47.0,     47.0,     46.0,    140.0,  9, 10, 11, 11,      82081,      82081,      82081,      82081
19,    2524886,     37.0,     36.0,     39.0,    112.0,  9, 10, 11, 10,      82009,      82009,      82009,      82009
19,    2524881,     36.0,     35.0,     38.0,    111.0,  9, 10, 11, 10,      82009,      82009,      82009,      82009
19,    2524876,     36.0,     35.0,     38.0,    111.0,  9, 10, 11, 10,      82009,      82009,      82009,      82009
19,    2528023,     44.0,     46.0,     45.0,    137.0,  9, 10, 11,  9,      77831,      77831,      77831,      77831
19,    2528057,     44.0,     46.0,     46.0,    138.0,  9, 10, 11,  9,      77831,      77831,      77831,      77831
19,    2528062,     44.0,     46.0,     46.0,    138.0,  9, 10, 11,  9,      77831,      77831,      77831,      77831
19,    2528148,     45.0,     47.0,     46.0,    138.0,  9, 10, 11,  9,      77831,      77831,      77831,      77831
19,      45291,     47.0,     48.0,     46.0,    140.0,  9, 10, 11, 11,      82081,      82081,      82081,      82081
19,    2818169,     70.0,     70.0,     69.0,    210.0,  9, 10, 11, 11,      82003,      82003,      82003,      82003
19,    2537255,     44.0,     44.0,     44.0,    140.0,  9, 10, 11, 11,      82070,      82070,      82070,      82070
19,    2537268,     46.0,     46.0,     45.0,    142.0,  9, 10, 11, 11,      82070,      82070,      82070,      82070
19,    2818025,     60.0,     60.0,     59.0,    185.0,  9, 10, 11, 11,    2402037,    2402037,    2402037,    2402037
19,    2577411,     72.0,     72.0,     70.0,    213.0,  9, 10, 11, 11,      82003,      82003,      82003,      82003
20,    2818164,     70.0,     69.0,     68.0,    206.0,  9, 10, 11, 11,      82003,      82003,      82003,      82003
20,      45257,     36.0,     36.0,     39.0,    111.0,  9, 10, 11, 10,      82009,      82009,      82009,      82009
20,    3814155,     36.0,     36.0,     39.0,    111.0,  9, 10, 11, 10,      82009,      82009,      82009,      82009
20,    3814154,     36.0,     36.0,     39.0,    112.0,  9, 10, 11, 10,      82009,      82009,      82009,      82009
20,    1351946,     24.0,     24.0,     24.0,     74.0,  9, 10, 11,  9,    1469332,    1469332,    1469332,    1469332
20,    1351946,     24.0,     24.0,     24.0,     74.0,  9, 10, 11,  9,    1469332,    1469332,    1469332,    1469332
20,    2235300,     47.0,     48.0,     46.0,    141.0,  9, 10, 11, 11,      82081,      82081,      82081,      82081
20,    2524886,     36.0,     35.0,     38.0,    110.0,  9, 10, 11, 10,      82009,      82009,      82009,      82009
20,    2524881,     36.0,     35.0,     38.0,    110.0,  9, 10, 11, 10,      82009,      82009,      82009,      82009
20,    2524876,     35.0,     35.0,     38.0,    110.0,  9, 10, 11, 10,      82009,      82009,      82009,      82009
20,    2528023,     44.0,     45.0,     44.0,    137.0,  9, 10, 11,  9,      77831,      77831,      77831,      77831
20,    2528057,     44.0,     46.0,     44.0,    138.0,  9, 10, 11,  9,      77831,      77831,      77831,      77831
20,    2528062,     44.0,     46.0,     44.0,    138.0,  9, 10, 11,  9,      77831,      77831,      77831,      77831
20,    2528148,     45.0,     46.0,     45.0,    138.0,  9, 10, 11, 11,      77831,      77831,      77831,      77831
20,      45291,     48.0,     48.0,     46.0,    141.0,  9, 10, 11, 11,      82081,      82081,      82081,      82081
20,    2818169,     70.0,     69.0,     67.0,    205.0,  9, 10, 11, 11,      82003,      82003,      82003,      82003
20,    2537255,     44.0,     44.0,     43.0,    137.0,  9, 10, 11, 11,      82070,      82070,      82070,      82070
20,    2537268,     45.0,     45.0,     44.0,    139.0,  9, 10, 11, 11,      82070,      82070,      82070,      82070
20,    2818025,     59.0,     59.0,     59.0,    185.0,  9, 10, 11,  9,    2402037,    2402037,    2402037,    2402037
20,    2577411,     71.0,     70.0,     69.0,    208.0,  9, 10, 11, 11,      82003,      82003,      82003,      82003
21,    2818164,     69.0,     70.0,     67.0,    205.0,  9, 10, 11, 11,      82003,      82003,      82003,      82003
21,      45257,     40.0,     36.0,     40.0,    112.0,  9, 10, 11, 10,      82009,      82009,      82009,      82009
21,    3814155,     40.0,     36.0,     41.0,    112.0,  9, 10, 11, 10,      82009,      82009,      82009,      82009
21,    3814154,     41.0,     36.0,     41.0,    113.0,  9, 10, 11, 10,      82009,      82009,      82009,      82009
21,    1351946,     23.0,     23.0,     22.0,     70.0,  9, 10, 11,  9,    1469332,    1469332,    1469332,    1469332
21,    1351946,     23.0,     23.0,     22.0,     70.0,  9, 10, 11,  9,    1469332,    1469332,    1469332,    1469332
21,    2235300,     46.0,     47.0,     45.0,    137.0,  9, 10, 11, 11,      82081,      82081,      82081,      82081
21,    2524886,     40.0,     36.0,     40.0,    111.0,  9, 10, 11, 10,      82009,      82009,      82009,      82009
21,    2524881,     40.0,     35.0,     40.0,    111.0,  9, 10, 11, 10,      82009,      82009,      82009,      82009
21,    2524876,     39.0,     35.0,     40.0,    111.0,  9, 10, 11, 10,      82009,      82009,      82009,      82009
21,    2528023,     44.0,     46.0,     44.0,    138.0,  9, 10, 11,  9,      77831,      77831,      77831,      77831
21,    2528057,     44.0,     46.0,     45.0,    138.0,  9, 10, 11,  9,      77831,      77831,      77831,      77831
21,    2528062,     45.0,     46.0,     45.0,    139.0,  9, 10, 11,  9,      77831,      77831,      77831,      77831
21,    2528148,     45.0,     47.0,     45.0,    139.0,  9, 10, 11,  9,      77831,      77831,      77831,      77831
21,      45291,     47.0,     48.0,     45.0,    138.0,  9, 10, 11, 11,      82081,      82081,      82081,      82081
21,    2818169,     68.0,     69.0,     67.0,    204.0,  9, 10, 11, 11,      82003,      82003,      82003,      82003
21,    2537255,     43.0,     43.0,     42.0,    133.0,  9, 10, 11, 11,      82070,      82070,      82070,      82070
21,    2537268,     44.0,     44.0,     43.0,    135.0,  9, 10, 11, 11,      82070,      82070,      82070,      82070
21,    2818025,     58.0,     60.0,     59.0,    182.0,  9, 10, 11,  9,    2402037,    2402037,    2402037,    2402037
21,    2577411,     70.0,     71.0,     68.0,    207.0,  9, 10, 11, 11,      82003,      82003,      82003,      82003
22,    2818164,     70.0,     70.0,     69.0,    210.0,  9, 10, 11, 11,      82003,      82003,      82003,      82003
22,      45257,     41.0,     37.0,     40.0,    117.0,  9, 10, 11, 10,      82009,      82009,      82009,      82009
22,    3814155,     41.0,     38.0,     41.0,    117.0,  9, 10, 11, 10,      82009,      82009,      82009,      82009
22,    3814154,     41.0,     38.0,     41.0,    117.0,  9, 10, 11, 10,      82009,      82009,      82009,      82009
22,    1351946,     21.0,     21.0,     21.0,     66.0,  9, 10, 11,  9,    1469332,    1469332,    1469332,    1469332
22,    1351946,     21.0,     21.0,     21.0,     66.0,  9, 10, 11,  9,    1469332,    1469332,    1469332,    1469332
22,    2235300,     46.0,     48.0,     47.0,    140.0,  9, 10, 11,  9,      82081,      82081,      82081,      82081
22,    2524886,     40.0,     37.0,     40.0,    116.0,  9, 10, 11, 10,      82009,      82009,      82009,      82009
22,    2524881,     40.0,     37.0,     40.0,    116.0,  9, 10, 11, 10,      82009,      82009,      82009,      82009
22,    2524876,     40.0,     37.0,     40.0,    116.0,  9, 10, 11, 10,      82009,      82009,      82009,      82009
22,    2528023,     44.0,     46.0,     45.0,    139.0,  9, 10, 11,  9,      77831,      77831,      77831,      77831
22,    2528057,     45.0,     46.0,     46.0,    140.0,  9, 10, 11,  9,      77831,      77831,      77831,      77831
22,    2528062,     45.0,     46.0,     46.0,    140.0,  9, 10, 11,  9,      77831,      77831,      77831,      77831
22,    2528148,     45.0,     47.0,     46.0,    141.0,  9, 10, 11,  9,      77831,      77831,      77831,      77831
22,      45291,     46.0,     48.0,     47.0,    141.0,  9, 10, 11,  9,      82081,      82081,      82081,      82081
22,    2818169,     70.0,     69.0,     68.0,    209.0,  9, 10, 11, 11,      82003,      82003,      82003,      82003
22,    2537255,     42.0,     42.0,     41.0,    129.0,  9, 10, 11, 11,      82070,      82070,      82070,      82070
22,    2537268,     43.0,     43.0,     42.0,    131.0,  9, 10, 11, 11,      82070,      82070,      82070,      82070
22,    2818025,     60.0,     60.0,     60.0,    186.0,  9, 10, 11,  9,    2402037,    2402037,    2402037,    2402037
22,    2577411,     72.0,     71.0,     70.0,    212.0,  9, 10, 11, 11,      82003,      82003,      82003,      82003
23,    2818164,     71.0,     70.0,     70.0,    215.0,  9, 10, 11, 10,      82003,      82003,      82003,      82003
23,      45257,     41.0,     39.0,     41.0,    122.0,  9, 10, 11, 10,      82009,      82009,      82009,      82009
23,    3814155,     41.0,     39.0,     41.0,    122.0,  9, 10, 11, 10,      82009,      82009,      82009,      82009
23,    3814154,     41.0,     40.0,     41.0,    123.0,  9, 10, 11, 10,      82009,      82009,      82009,      82009
23,    1351946,     21.0,     21.0,     21.0,     66.0,  9, 10, 11,  9,    1469332,    1469332,    1469332,    1469332
23,    1351946,     21.0,     21.0,     21.0,     66.0,  9, 10, 11,  9,    1469332,    1469332,    1469332,    1469332
23,    2235300,     47.0,     48.0,     47.0,    143.0,  9, 10, 11,  9,      82081,      82081,      82081,      82081
23,    2524886,     41.0,     39.0,     41.0,    122.0,  9, 10, 11, 10,      82009,      82009,      82009,      82009
23,    2524881,     40.0,     39.0,     40.0,    121.0,  9, 10, 11, 10,      82009,      82009,      82009,      82009
23,    2524876,     40.0,     39.0,     40.0,    121.0,  9, 10, 11, 10,      82009,      82009,      82009,      82009
23,    2528023,     44.0,     46.0,     46.0,    140.0,  9, 10, 11,  9,      77831,      77831,      77831,      77831
23,    2528057,     45.0,     47.0,     46.0,    140.0,  9, 10, 11,  9,      77831,      77831,      77831,      77831
23,    2528062,     45.0,     47.0,     46.0,    141.0,  9, 10, 11,  9,      77831,      77831,      77831,      77831
23,    2528148,     46.0,     47.0,     47.0,    141.0,  9, 10, 11,  9,      77831,      77831,      77831,      77831
23,      45291,     47.0,     49.0,     47.0,    143.0,  9, 10, 11,  9,      82081,      82081,      82081,      82081
23,    2818169,     71.0,     70.0,     70.0,    214.0,  9, 10, 11, 10,      82003,      82003,      82003,      82003
23,    2537255,     42.0,     42.0,     42.0,    133.0,  9, 10, 11, 10,      82070,      82070,      82070,      82070
23,    2537268,     43.0,     43.0,     43.0,    135.0,  9, 10, 11, 10,      82070,      82070,      82070,      82070
23,    2818025,     60.0,     60.0,     60.0,    187.0,  9, 10, 11,  9,    2402037,    2402037,    2402037,    2402037
23,    2577411,     72.0,     71.0,     72.0,    216.0,  9, 10, 11, 10,      82003,      82003,      82003,      82003
24,    2818164,     78.0,     78.0,     79.0,    237.0, 12, 12, 12,  9,      82003,      82003,    2516357,    2516362
24,      45257,     52.0,     52.0,     53.0,    157.0, 12, 12, 12, 11,      82009,      82010,    2878569,    2878569
24,    3814155,     51.0,     52.0,     54.0,    168.0, 12, 12, 12,  9,      82010,      82009,      82009,    2878568
24,    3814154,     51.0,     52.0,     53.0,    170.0, 12, 12, 12,  9,      82009,      82009,      82009,      82010
24,    1351946,     26.0,     26.0,     26.0,     85.0, 12, 12, 12,  9,    1469332,    1469332,    1469332,    1469332
24,    1351946,     26.0,     26.0,     26.0,     85.0, 12, 12, 12,  9,    1469332,    1469332,    1469332,    1469332
24,    2235300,     54.0,     50.0,     51.0,    156.0, 12, 12, 12, 10,      82081,      82081,      82081,      82081
24,    2524886,     52.0,     53.0,     52.0,    166.0, 12, 12, 12, 11,      82009,      82009,      82014,      82014
24,    2524881,     53.0,     53.0,     53.0,    159.0, 12, 12, 12, 11,      82009,      82009,      82014,    2371999
24,    2524876,     53.0,     54.0,     53.0,    158.0, 12, 12, 12, 10,      82009,      82009,      82014,    2372000
24,    2528023,     55.0,     53.0,     53.0,    157.0, 12, 12, 12, 10,      77831,      77831,      77831,    2374713
24,    2528057,     53.0,     52.0,     52.0,    156.0,  9, 12, 12, 11,    2374731,    2374730,      77831,    2374729
24,    2528062,     54.0,     52.0,     52.0,    156.0, 12, 12, 12, 10,      77831,      77831,      77831,    2374733
24,    2528148,     52.0,     52.0,     52.0,    156.0, 12, 12, 12,  9,    2374794,      77831,      77831,    2374794
24,      45291,     53.0,     50.0,     50.0,    155.0, 12, 12, 12, 10,      82081,      82081,      82081,      82081
24,    2818169,     79.0,     79.0,     79.0,    237.0, 12, 12, 12,  9,      82003,      82003,    2516363,    2516363
24,    2537255,     55.0,     55.0,     54.0,    166.0, 12, 12, 12,  9,      82070,      82070,      82070,    2381225
24,    2537268,     53.0,     54.0,     53.0,    165.0, 12, 12, 12,  9,      82070,      82070,      82070,    2381237
24,    2818025,     71.0,     70.0,     71.0,    214.0, 12, 12, 12, 10,    2402037,    2402037,    2402037,    2402037
24,    2577411,     77.0,     77.0,     79.0,    245.0, 12, 12, 12, 10,      82003,      82003,      82003,      82003
25,    2818164,     78.0,     79.0,     79.0,    237.0, 12, 12, 12,  9,      82003,      82003,    2516357,    2516362
25,      45257,     53.0,     52.0,     53.0,    157.0, 12, 12, 12,  9,      82009,      82009,    2878569,    2878569
25,    3814155,     52.0,     52.0,     53.0,    164.0, 12, 12, 12,  9,    2878568,      82009,      82009,    2878568
25,    3814154,     52.0,     51.0,     53.0,    166.0, 12, 12, 12,  9,      82009,      82010,      82009,      82010
25,    1351946,     26.0,     26.0,     26.0,     85.0, 12, 12, 12,  9,    1469332,    1469332,    1469332,    1469332
25,    1351946,     26.0,     26.0,     26.0,     85.0, 12, 12, 12,  9,    1469332,    1469332,    1469332,    1469332
25,    2235300,     52.0,     51.0,     52.0,    156.0, 12, 12, 12, 10,      82081,      82081,      82081,      82081
25,    2524886,     53.0,     53.0,     53.0,    165.0, 12, 12, 12, 11,      82009,      82009,      82014,      82014
25,    2524881,     54.0,     53.0,     53.0,    159.0, 12, 12, 12, 11,      82009,      82009,      82014,    2371999
25,    2524876,     54.0,     53.0,     53.0,    159.0, 12, 12, 12, 11,      82009,      82009,      82014,    2371999
25,    2528023,     55.0,     53.0,     53.0,    157.0, 12, 12, 12, 10,      77831,      77831,      77831,    2374713
25,    2528057,     53.0,     52.0,     52.0,    156.0,  9, 12, 12, 11,    2374731,      77831,      77831,    2374731
25,    2528062,     54.0,     52.0,     52.0,    156.0,  9, 12, 12, 10,    2374733,      77831,      77831,    2374733
25,    2528148,     52.0,     52.0,     52.0,    156.0, 12, 12, 12,  9,    2374794,      77831,      77831,    2374794
25,      45291,     52.0,     51.0,     51.0,    155.0, 12, 12, 12, 10,      82081,      82081,      82081,      82081
25,    2818169,     79.0,     79.0,     79.0,    237.0, 12, 12, 12,  9,      82003,    2516357,    2516363,    2516363
25,    2537255,     55.0,     55.0,     54.0,    166.0, 12, 12, 12,  9,      82070,      82070,      82070,    2381225
25,    2537268,     53.0,     54.0,     53.0,    165.0, 12, 12, 12, 10,      82070,      82070,      82070,    2381237
25,    2818025,     70.0,     70.0,     71.0,    213.0, 12, 12, 12, 10,    2402037,    2402037,    2402037,    2402037
25,    2577411,     77.0,     78.0,     78.0,    243.0, 12, 12, 12,  9,      82003,      82003,      82003,      82003
26,    2818164,     78.0,     78.0,     79.0,    237.0, 12, 12, 12,  9,      82003,    2516357,      82003,    2516362
26,      45257,     53.0,     52.0,     53.0,    158.0, 12, 12, 12,  9,      82009,      82009,      82009,    2878569
26,    3814155,     53.0,     51.0,     53.0,    162.0, 12, 12, 12,  9,      82009,      82010,      82009,    2878568
26,    3814154,     53.0,     51.0,     53.0,    164.0, 12, 12, 12,  9,      82009,      82010,      82009,      82010
26,    1351946,     26.0,     26.0,     26.0,     85.0, 12, 12, 12,  9,    1469332,    1469332,    1469332,    1469332
26,    1351946,     26.0,     26.0,     26.0,     85.0, 12, 12, 12,  9,    1469332,    1469332,    1469332,    1469332
26,    2235300,     52.0,     51.0,     53.0,    156.0, 12, 12, 12, 10,      82081,      82081,      82081,      82081
26,    2524886,     53.0,     53.0,     53.0,    164.0, 12, 12, 12, 11,      82014,      82009,      82014,      82014
26,    2524881,     54.0,     53.0,     53.0,    159.0, 12, 12, 12,  9,      82009,      82009,      82014,    2371999
26,    2524876,     54.0,     53.0,     53.0,    159.0, 12, 12, 12, 11,      82009,      82009,      82014,    2371999
26,    2528023,     54.0,     53.0,     53.0,    157.0, 12, 12, 12, 10,    2374713,      77831,    2374713,    2374713
26,    2528057,     53.0,     52.0,     53.0,    156.0,  9, 12, 12, 11,    2374731,    2374730,      77831,    2374729
26,    2528062,     53.0,     52.0,     53.0,    156.0, 12, 12, 12, 10,    2374733,      77831,      77831,    2374733
26,    2528148,     52.0,     52.0,     52.0,    156.0, 12, 12, 12,  9,    2374794,      77831,      77831,    2374794
26,      45291,     51.0,     50.0,     52.0,    155.0, 12, 12, 12, 10,      82081,      82081,      82081,      82081
26,    2818169,     79.0,     79.0,     79.0,    237.0, 12, 12, 12,  9,      82003,      82003,    2516363,    2516363
26,    2537255,     55.0,     55.0,     55.0,    166.0, 12, 12, 12,  9,      82070,      82070,      82070,    2381225
26,    2537268,     54.0,     54.0,     54.0,    165.0, 12, 12, 12,  9,      82070,      82070,      82070,    2381237
26,    2818025,     71.0,     70.0,     71.0,    212.0, 12, 12, 12, 10,    2402037,    2402037,    2402037,    2402037
26,    2577411,     77.0,     77.0,     78.0,    243.0, 12, 12, 12,  9,      82003,      82003,      82003,      82003
27,    2818164,     78.0,     79.0,     79.0,    237.0, 12, 12, 12,  9,      82003,      82003,      82003,    2516362
27,      45257,     53.0,     51.0,     53.0,    158.0, 12, 12, 12,  9,      82009,      82010,    2878569,    2878569
27,    3814155,     53.0,     51.0,     54.0,    162.0, 12, 12, 12,  9,      82009,      82010,      82009,    2878568
27,    3814154,     52.0,     51.0,     54.0,    163.0, 12, 12, 12,  9,      82009,      82009,      82009,      82010
27,    1351946,     26.0,     26.0,     26.0,     85.0, 12, 12, 12,  9,    1469332,    1469332,    1469332,    1469332
27,    1351946,     26.0,     26.0,     26.0,     85.0, 12, 12, 12,  9,    1469332,    1469332,    1469332,    1469332
27,    2235300,     52.0,     51.0,     52.0,    156.0, 12, 12, 12, 10,      82081,      82081,      82081,      82081
27,    2524886,     53.0,     52.0,     53.0,    164.0, 12, 12, 12, 11,      82009,      82009,      82014,      82014
27,    2524881,     54.0,     53.0,     53.0,    159.0, 12, 12, 12,  9,      82009,      82009,      82014,    2371999
27,    2524876,     54.0,     53.0,     53.0,    159.0, 12, 12, 12, 11,      82009,      82009,      82014,    2371999
27,    2528023,     54.0,     53.0,     54.0,    157.0, 12, 12, 12, 10,      77831,      77831,      77831,    2374713
27,    2528057,     53.0,     52.0,     53.0,    156.0,  9, 12, 12, 10,    2374731,    2374730,      77831,    2374729
27,    2528062,     53.0,     52.0,     53.0,    156.0, 12, 12, 12, 10,    2374733,    2374730,      77831,    2374733
27,    2528148,     52.0,     52.0,     53.0,    156.0, 12, 12, 12,  9,    2374794,      77831,      77831,    2374794
27,      45291,     51.0,     51.0,     52.0,    155.0, 12, 12, 12, 10,      82081,      82081,      82081,      82081
27,    2818169,     78.0,     80.0,     79.0,    236.0, 12, 12, 12, 11,      82003,      82003,    2516363,    2516363
27,    2537255,     55.0,     55.0,     54.0,    166.0, 12, 12, 12,  9,      82070,      82070,      82070,    2381225
27,    2537268,     54.0,     54.0,     53.0,    165.0, 12, 12, 12,  9,      82070,      82070,      82070,    2381237
27,    2818025,     70.0,     71.0,     71.0,    213.0, 12, 12, 12,  9,    2402037,    2402037,    2402037,    2402037
27,    2577411,     76.0,     78.0,     78.0,    242.0, 12, 12, 12,  9,      82003,      82003,      82003,      82003
28,    2818164,     78.0,     78.0,     79.0,    237.0, 12, 12, 12,  9,      82003,    2516357,      82003,    2516362
28,      45257,     52.0,     51.0,     53.0,    158.0, 12, 12, 12,  9,      82009,      82009,    2878569,    2878569
28,    3814155,     52.0,     51.0,     54.0,    162.0, 12, 12, 12,  9,      82009,      82009,      82010,    2878568
28,    3814154,     52.0,     50.0,     54.0,    163.0, 12, 12, 12,  9,      82009,      82009,      82010,      82010
28,    1351946,     26.0,     26.0,     26.0,     85.0, 12, 12, 12,  9,    1469332,    1469332,    1469332,    1469332
28,    1351946,     26.0,     26.0,     26.0,     85.0, 12, 12, 12,  9,    1469332,    1469332,    1469332,    1469332
28,    2235300,     52.0,     51.0,     52.0,    156.0, 12, 12, 12, 10,      82081,      82081,      82081,      82081
28,    2524886,     53.0,     51.0,     54.0,    167.0, 12, 12, 12,  9,      82009,      82009,      82014,      82014
28,    2524881,     53.0,     51.0,     55.0,    160.0, 12, 12, 12,  9,      82009,      82009,      82014,    2371999
28,    2524876,     53.0,     52.0,     55.0,    159.0, 12, 12, 12,  9,      82009,      82009,      82014,    2372000
28,    2528023,     54.0,     53.0,     53.0,    157.0,  9, 12, 12, 10,    2374713,    2374730,      77831,    2374713
28,    2528057,     53.0,     53.0,     53.0,    156.0,  9, 12, 12, 10,    2374731,      77831,      77831,    2374729
28,    2528062,     53.0,     52.0,     53.0,    156.0, 12, 12, 12, 10,    2374733,    2374730,      77831,    2374733
28,    2528148,     52.0,     52.0,     52.0,    156.0, 12, 12, 12,  9,    2374794,      77831,      77831,    2374794
28,      45291,     51.0,     50.0,     52.0,    155.0, 12, 12, 12, 10,      82081,      82081,      82081,      82081
28,    2818169,     79.0,     79.0,     79.0,    236.0, 12, 12, 12, 11,      82003,    2516357,    2516363,    2516363
28,    2537255,     55.0,     55.0,     54.0,    166.0, 12, 12, 12,  9,      82070,      82070,      82070,    2381225
28,    2537268,     53.0,     54.0,     53.0,    165.0, 12, 12, 12,  9,      82070,      82070,      82070,    2381237
28,    2818025,     71.0,     70.0,     71.0,    212.0, 12, 12, 12, 10,    2402037,    2402037,    2402037,    2402037
28,    2577411,     77.0,     78.0,     78.0,    242.0, 12, 12, 12, 10,      82003,      82003,      82003,      82003
29,    2818164,     78.0,     78.0,     79.0,    236.0, 12, 12, 12, 10,      82003,    2516357,      82003,    2516362
29,      45257,     52.0,     52.0,     53.0,    158.0, 12, 12, 12,  9,      82009,      82009,    2878569,    2878569
29,    3814155,     52.0,     52.0,     54.0,    162.0, 12, 12, 12,  9,      82009,      82009,      82009,    2878568
29,    3814154,     52.0,     51.0,     54.0,    163.0, 12, 12, 12, 11,      82009,      82010,      82009,      82010
29,    1351946,     26.0,     26.0,     26.0,     83.0, 12, 12, 12,  9,    1469332,    1469332,    1469332,    1469332
29,    1351946,     26.0,     26.0,     26.0,     83.0, 12, 12, 12,  9,    1469332,    1469332,    1469332,    1469332
29,    2235300,     52.0,     51.0,     52.0,    156.0, 12, 12, 12, 10,      82081,      82081,      82081,      82081
29,    2524886,     53.0,     53.0,     54.0,    165.0, 12, 12, 12,  9,      82009,      82009,      82014,      82014
29,    2524881,     53.0,     53.0,     54.0,    159.0, 12, 12, 12,  9,      82009,      82009,      82014,    2371999
29,    2524876,     53.0,     53.0,     54.0,    159.0, 12, 12, 12,  9,      82009,      82009,      82014,    2372000
29,    2528023,     54.0,     53.0,     53.0,    157.0,  9, 12, 12, 10,    2374713,      77831,      77831,    2374713
29,    2528057,     53.0,     52.0,     53.0,    156.0,  9, 12, 12, 11,    2374731,    2374730,      77831,    2374729
29,    2528062,     54.0,     52.0,     53.0,    156.0, 12, 12, 12, 10,      77831,    2374730,      77831,    2374733
29,    2528148,     53.0,     52.0,     52.0,    156.0,  9, 12, 12,  9,    2374794,      77831,      77831,    2374794
29,      45291,     52.0,     50.0,     51.0,    155.0,  9, 12, 12, 10,      82081,      82081,      82081,      82081
29,    2818169,     79.0,     79.0,     79.0,    236.0, 12, 12, 12, 10,      82003,      82003,    2516363,    2516363
29,    2537255,     55.0,     55.0,     54.0,    166.0, 12, 12, 12,  9,      82070,      82070,      82070,    2381225
29,    2537268,     54.0,     54.0,     53.0,    165.0, 12, 12, 12, 10,      82070,      82070,      82070,    2381237
29,    2818025,     70.0,     71.0,     71.0,    212.0, 12, 12, 12, 10,    2402037,    2402037,    2402037,    2402037
29,    2577411,     77.0,     77.0,     78.0,    242.0, 12, 12, 12,  9,      82003,      82003,      82003,      82003
30,    2818164,     78.0,     78.0,     79.0,    237.0, 12, 12, 12,  9,      82003,    2516357,    2516362,    2516362
30,      45257,     52.0,     51.0,     53.0,    158.0, 12, 12, 12,  9,      82009,    2878568,    2878569,    2878569
30,    3814155,     52.0,     51.0,     54.0,    162.0, 12, 12, 12, 10,      82009,      82009,      82010,    2878568
30,    3814154,     52.0,     51.0,     54.0,    164.0, 12, 12, 12,  9,      82009,      82009,      82009,      82010
30,    1351946,     26.0,     26.0,     26.0,     77.0,  9, 10, 11,  9,    1469332,    1469332,    1469332,    1469332
30,    1351946,     26.0,     26.0,     26.0,     77.0,  9, 10, 11,  9,    1469332,    1469332,    1469332,    1469332
30,    2235300,     52.0,     51.0,     52.0,    156.0, 12, 12, 12, 10,      82081,      82081,      82081,      82081
30,    2524886,     53.0,     52.0,     54.0,    169.0, 12, 12, 12,  9,      82009,      82009,      82014,      82014
30,    2524881,     53.0,     52.0,     54.0,    160.0, 12, 12, 12,  9,      82009,      82009,      82014,    2371999
30,    2524876,     53.0,     52.0,     54.0,    158.0, 12, 12, 12, 10,      82009,      82009,      82014,    2372000
30,    2528023,     54.0,     53.0,     54.0,    157.0, 12, 12, 12, 10,      77831,      77831,      77831,    2374713
30,    2528057,     53.0,     52.0,     53.0,    156.0,  9, 12, 12, 11,    2374731,    2374730,      77831,    2374729
30,    2528062,     53.0,     52.0,     53.0,    157.0, 12, 12, 12, 10,    2374733,    2374730,      77831,    2374730
30,    2528148,     52.0,     52.0,     53.0,    156.0, 12, 12, 12,  9,    2374794,      77831,      77831,    2374794
30,      45291,     52.0,     51.0,     51.0,    155.0,  9, 12, 12, 10,      82081,      82081,      82081,      82081
30,    2818169,     79.0,     79.0,     80.0,    236.0, 12, 12, 12, 10,      82003,      82003,    2516357,    2516363
30,    2537255,     55.0,     55.0,     54.0,    162.0, 12, 12, 12,  9,      82070,      82070,      82070,      82070
30,    2537268,     54.0,     54.0,     53.0,    160.0, 12, 12, 12,  9,      82070,      82070,      82070,      82070
30,    2818025,     71.0,     70.0,     71.0,    212.0, 12, 12, 12, 10,    2402037,    2402037,    2402037,    2402037
30,    2577411,     77.0,     77.0,     79.0,    243.0, 12, 12, 12,  9,      82003,      82003,      82003,      82003
31,    2818164,     78.0,     78.0,     79.0,    237.0, 12, 12, 12,  9,      82003,    2516357,      82003,    2516362
31,      45257,     52.0,     51.0,     53.0,    158.0, 12, 12, 12,  9,      82009,      82009,    2878569,    2878569
31,    3814155,     52.0,     50.0,     54.0,    161.0, 12, 12, 12, 10,      82009,      82009,    2878568,    2878568
31,    3814154,     52.0,     50.0,     54.0,    166.0, 12, 12, 12,  9,      82009,      82009,      82010,      82010
31,    1351946,     26.0,     26.0,     26.0,     77.0,  9, 10, 11,  9,    1469332,    1469332,    1469332,    1469332
31,    1351946,     26.0,     26.0,     26.0,     77.0,  9, 10, 11,  9,    1469332,    1469332,    1469332,    1469332
31,    2235300,     52.0,     50.0,     52.0,    157.0, 12, 12, 12, 10,      82081,      82081,      82081,      82081
31,    2524886,     53.0,     51.0,     54.0,    167.0, 12, 12, 12,  9,      82009,      82009,      82014,      82014
31,    2524881,     53.0,     51.0,     54.0,    160.0, 12, 12, 12,  9,      82009,      82009,      82014,    2371999
31,    2524876,     53.0,     51.0,     54.0,    159.0, 12, 12, 12,  9,      82009,      82009,      82014,    2372000
31,    2528023,     53.0,     52.0,     53.0,    157.0, 12, 12, 12, 10,      77831,      77831,    2374729,    2374713
31,    2528057,     53.0,     52.0,     53.0,    156.0, 12, 12, 11, 11,      77831,      77831,    2374729,    2374729
31,    2528062,     53.0,     52.0,     53.0,    157.0, 12, 12, 12, 10,      77831,      77831,    2374730,    2374730
31,    2528148,     52.0,     51.0,     54.0,    156.0, 12, 12, 12,  9,      77831,      77831,      77831,    2374794
31,      45291,     52.0,     50.0,     52.0,    156.0, 12, 12, 12, 10,      82081,      82081,      82081,      82081
31,    2818169,     79.0,     79.0,     79.0,    237.0, 12, 12, 12, 10,      82003,    2516357,    2516363,    2516363
31,    2537255,     54.0,     57.0,     54.0,    162.0, 12, 12, 12,  9,      82070,      82070,      82070,      82070
31,    2537268,     53.0,     56.0,     53.0,    160.0, 12, 10, 12,  9,      82070,      82070,      82070,      82070
31,    2818025,     71.0,     70.0,     71.0,    212.0, 12, 12, 12, 10,    2402037,    2402037,    2402037,    2402037
31,    2577411,     77.0,     78.0,     78.0,    243.0, 12, 12, 12,  9,      82003,      82003,      82003,      82003
32,    2818164,     77.0,     78.0,     80.0,    237.0, 12, 12, 12,  9,      82003,      82003,    2516357,    2516362
32,      45257,     53.0,     51.0,     53.0,    158.0, 12, 12, 12, 10,    2878568,      82009,    2878569,    2878569
32,    3814155,     52.0,     51.0,     53.0,    163.0, 12, 12, 12, 10,    2878568,      82009,      82009,    2878568
32,    3814154,     53.0,     50.0,     53.0,    167.0, 12, 12, 12, 10,      82009,      82010,      82009,      82010
32,    1351946,     26.0,     26.0,     26.0,     77.0,  9, 10, 11,  9,    1469332,    1469332,    1469332,    1469332
32,    1351946,     26.0,     26.0,     26.0,     77.0,  9, 10, 11,  9,    1469332,    1469332,    1469332,    1469332
32,    2235300,     51.0,     52.0,     51.0,    159.0, 12, 12, 12,  9,      82081,      82081,      82081,      82081
32,    2524886,     53.0,     51.0,     53.0,    172.0, 12, 12, 12,  9,      82014,      82009,      82014,      82014
32,    2524881,     53.0,     52.0,     53.0,    159.0, 12, 12, 12,  9,      82014,      82009,      82014,    2371999
32,    2524876,     54.0,     52.0,     53.0,    158.0, 12, 12, 12, 10,      82009,      82009,      82014,    2372000
32,    2528023,     54.0,     52.0,     53.0,    157.0, 12, 12, 12, 10,      77831,    2374730,    2374729,    2374713
32,    2528057,     53.0,     52.0,     53.0,    156.0,  9, 12, 11, 11,    2374731,      77831,    2374729,    2374729
32,    2528062,     53.0,     51.0,     54.0,    156.0, 12, 12, 12, 10,      77831,    2374730,      77831,    2374733
32,    2528148,     52.0,     52.0,     52.0,    156.0, 12, 12, 12,  9,    2374794,      77831,    2374794,    2374794
32,      45291,     51.0,     52.0,     51.0,    158.0, 12, 12, 12,  9,      82081,      82081,      82081,      82081
32,    2818169,     78.0,     79.0,     79.0,    237.0, 12, 12, 12,  9,      82003,      82003,    2516363,    2516363
32,    2537255,     55.0,     56.0,     53.0,    163.0, 12, 12, 12, 11,      82070,      82070,      82070,      82070
32,    2537268,     53.0,     55.0,     52.0,    161.0, 12, 12, 12, 11,      82070,      82070,      82070,      82070
32,    2818025,     70.0,     70.0,     71.0,    213.0, 12, 12, 12,  9,    2402037,    2402037,    2402037,    2402037
32,    2577411,     76.0,     77.0,     79.0,    242.0, 12, 12, 12,  9,      82003,      82003,      82003,      82003
33,    2818164,     78.0,     78.0,     79.0,    239.0, 12, 12, 12, 11,      82003,      82003,    2516357,    2516362
33,      45257,     53.0,     51.0,     52.0,    158.0, 12, 12, 12, 10,      82009,      82010,    2878569,    2878569
33,    3814155,     52.0,     50.0,     53.0,    163.0, 12, 12, 12, 10,      82009,    2878568,      82009,    2878568
33,    3814154,     52.0,     50.0,     53.0,    168.0, 12, 12, 12, 10,      82009,      82010,      82009,      82010
33,    1351946,     26.0,     26.0,     26.0,     77.0,  9, 10, 11,  9,    1469332,    1469332,    1469332,    1469332
33,    1351946,     26.0,     26.0,     26.0,     77.0,  9, 10, 11,  9,    1469332,    1469332,    1469332,    1469332
33,    2235300,     51.0,     51.0,     53.0,    159.0, 12, 12, 12,  9,      82081,      82081,      82081,      82081
33,    2524886,     52.0,     52.0,     53.0,    171.0, 12, 12, 12,  9,      82014,      82009,      82014,      82014
33,    2524881,     53.0,     53.0,     53.0,    159.0, 12, 12, 12,  9,      82009,      82009,      82014,    2371999
33,    2524876,     53.0,     53.0,     53.0,    158.0, 12, 12, 12, 10,      82014,      82009,      82014,    2372000
33,    2528023,     54.0,     51.0,     53.0,    157.0, 12, 12, 12, 10,      77831,    2374730,    2374729,    2374713
33,    2528057,     53.0,     51.0,     53.0,    156.0, 12, 12, 11, 11,      77831,      77831,    2374729,    2374729
33,    2528062,     53.0,     51.0,     54.0,    157.0, 12, 12, 12, 10,      77831,      77831,    2374730,    2374730
33,    2528148,     52.0,     50.0,     53.0,    156.0, 12, 12, 12,  9,    2374794,      77831,    2374794,    2374794
33,      45291,     51.0,     51.0,     52.0,    158.0, 12, 12, 12,  9,      82081,      82081,      82081,      82081
33,    2818169,     78.0,     79.0,     79.0,    237.0, 12, 12, 12, 11,      82003,      82003,    2516363,    2516363
33,    2537255,     55.0,     57.0,     52.0,    163.0, 12, 12, 12, 11,      82070,      82070,      82070,      82070
33,    2537268,     54.0,     56.0,     51.0,    161.0, 12, 12, 12, 11,      82070,      82070,      82070,      82070
33,    2818025,     71.0,     70.0,     71.0,    213.0, 12, 12, 12, 10,    2402037,    2402037,    2402037,    2402037
33,    2577411,     77.0,     77.0,     79.0,    247.0, 12, 12, 12, 10,      82003,      82003,      82003,      82003
34,    2818164,     76.0,     78.0,     80.0,    240.0, 12, 12, 12, 10,      82003,      82003,    2516357,    2516362
34,      45257,     50.0,     53.0,     52.0,    158.0, 12, 12, 12, 11,      82009,      82010,    2878569,    2878569
34,    3814155,     50.0,     52.0,     53.0,    165.0, 12, 12, 12,  9,      82009,      82010,      82009,    2878568
34,    3814154,     50.0,     52.0,     53.0,    168.0, 12, 12, 12,  9,      82009,      82010,      82009,      82010
34,    1351946,     26.0,     26.0,     26.0,     77.0,  9, 10, 11,  9,    1469332,    1469332,    1469332,    1469332
34,    1351946,     26.0,     26.0,     26.0,     77.0,  9, 10, 11,  9,    1469332,    1469332,    1469332,    1469332
34,    2235300,     52.0,     53.0,     50.0,    159.0, 12, 12, 12, 11,      82081,      82081,      82081,      82081
34,    2524886,     50.0,     55.0,     52.0,    169.0, 12, 12, 12,  9,      82009,      82009,      82014,      82014
34,    2524881,     51.0,     53.0,     52.0,    160.0, 12, 12, 12,  9,      82009,    2371999,      82014,    2371999
34,    2524876,     51.0,     53.0,     53.0,    158.0, 12, 12, 12, 10,      82009,    2371999,      82014,    2372000
34,    2528023,     54.0,     51.0,     53.0,    157.0,  9, 12, 12, 10,    2374713,      77831,    2374729,    2374713
34,    2528057,     53.0,     51.0,     53.0,    156.0,  9, 12, 12, 11,    2374731,      77831,      77831,    2374729
34,    2528062,     55.0,     51.0,     53.0,    157.0, 12, 12, 12, 10,      77831,      77831,      77831,    2374730
34,    2528148,     52.0,     50.0,     53.0,    156.0, 12, 12, 12,  9,    2374794,      77831,      77831,    2374794
34,      45291,     52.0,     52.0,     50.0,    158.0, 12, 12, 12, 11,      82081,      82081,      82081,      82081
34,    2818169,     77.0,     79.0,     80.0,    240.0, 12, 12, 12,  9,      82003,      82003,    2516357,    2516363
34,    2537255,     54.0,     56.0,     54.0,    164.0, 12, 12, 12,  9,      82070,      82070,      82070,      82070
34,    2537268,     53.0,     54.0,     53.0,    162.0, 12, 12, 12,  9,      82070,      82070,      82070,      82070
34,    2818025,     71.0,     70.0,     71.0,    214.0, 12, 12, 12, 10,    2402037,    2402037,    2402037,    2402037
34,    2577411,     75.0,     77.0,     80.0,    250.0, 12, 12, 12,  9,      82003,      82003,      82003,      82003
35,    2818164,     76.0,     78.0,     79.0,    238.0, 12, 12, 12,  9,    2516362,      82003,    2516357,    2516362
35,      45257,     50.0,     54.0,     51.0,    159.0, 12, 12, 12, 11,      82009,    2878568,      82009,    2878569
35,    3814155,     50.0,     54.0,     51.0,    171.0, 12, 12, 12, 11,      82009,      82010,      82009,    2878568
35,    3814154,     50.0,     54.0,     50.0,    174.0, 12, 12, 12, 11,      82009,      82010,      82009,      82010
35,    1351946,     26.0,     26.0,     26.0,     77.0,  9, 10, 11,  9,    1469332,    1469332,    1469332,    1469332
35,    1351946,     26.0,     26.0,     26.0,     77.0,  9, 10, 11,  9,    1469332,    1469332,    1469332,    1469332
35,    2235300,     53.0,     51.0,     51.0,    163.0, 12, 12, 12, 10,      82081,      82081,      82081,      82081
35,    2524886,     51.0,     55.0,     51.0,    170.0, 12, 12, 12,  9,      82009,      82014,      82009,      82014
35,    2524881,     51.0,     54.0,     51.0,    159.0, 12, 12, 12,  9,      82009,    2371999,      82009,    2371999
35,    2524876,     51.0,     54.0,     52.0,    158.0, 12, 12, 12, 10,      82009,    2371999,      82009,    2372000
35,    2528023,     54.0,     52.0,     53.0,    157.0,  9, 12, 12, 10,    2374713,    2374730,      77831,    2374713
35,    2528057,     53.0,     52.0,     52.0,    156.0,  9, 12, 12, 10,    2374731,    2374730,      77831,    2374729
35,    2528062,     54.0,     51.0,     52.0,    156.0, 12, 12, 12, 10,      77831,    2374730,      77831,    2374733
35,    2528148,     52.0,     52.0,     52.0,    156.0, 12, 12, 12,  9,    2374794,      77831,      77831,    2374794
35,      45291,     52.0,     51.0,     50.0,    162.0, 12, 12, 12, 10,      82081,      82081,      82081,      82081
35,    2818169,     77.0,     79.0,     79.0,    238.0, 12, 12, 12,  9,    2516362,      82003,    2516363,    2516363
35,    2537255,     55.0,     56.0,     54.0,    164.0, 12, 12, 12,  9,      82070,      82070,      82070,      82070
35,    2537268,     53.0,     54.0,     53.0,    162.0, 12, 12, 12,  9,      82070,      82070,      82070,      82070
35,    2818025,     72.0,     70.0,     69.0,    212.0, 12, 12, 12, 10,    2402037,    2402037,    2402037,    2402037
35,    2577411,     76.0,     77.0,     79.0,    247.0, 12, 12, 12, 10,      82003,      82003,      82003,      82003
36,    2818164,     76.0,     78.0,     80.0,    237.0, 12, 12, 12,  9,      82003,      82003,    2516362,    2516362
36,      45257,     52.0,     53.0,     51.0,    158.0, 12, 12, 12, 11,      82009,    2878568,      82009,    2878569
36,    3814155,     52.0,     53.0,     50.0,    168.0, 12, 12, 12, 11,      82009,      82010,      82009,    2878568
36,    3814154,     52.0,     53.0,     50.0,    170.0, 12, 12, 12, 11,      82009,      82010,      82009,      82010
36,    1351946,     26.0,     26.0,     26.0,     77.0,  9, 10, 11,  9,    1469332,    1469332,    1469332,    1469332
36,    1351946,     26.0,     26.0,     26.0,     77.0,  9, 10, 11,  9,    1469332,    1469332,    1469332,    1469332
36,    2235300,     53.0,     51.0,     51.0,    163.0, 12, 12, 12, 10,      82081,      82081,      82081,      82081
36,    2524886,     52.0,     55.0,     51.0,    172.0, 12, 12, 12,  9,      82009,      82014,      82009,      82014
36,    2524881,     53.0,     54.0,     51.0,    159.0, 12, 12, 12, 11,      82009,    2371999,      82009,    2371999
36,    2524876,     53.0,     53.0,     51.0,    158.0, 12, 12, 12, 10,      82009,    2372000,      82009,    2372000
36,    2528023,     54.0,     52.0,     53.0,    157.0,  9, 12, 12, 10,    2374713,    2374730,      77831,    2374713
36,    2528057,     53.0,     52.0,     53.0,    157.0,  9, 12, 12, 10,    2374731,    2374730,      77831,    2374729
36,    2528062,     54.0,     52.0,     52.0,    156.0, 12, 12, 12, 10,      77831,    2374730,      77831,    2374733
36,    2528148,     52.0,     52.0,     52.0,    156.0, 12, 12, 12,  9,    2374794,      77831,      77831,    2374794
36,      45291,     52.0,     50.0,     50.0,    162.0, 12, 12, 12, 10,      82081,      82081,      82081,      82081
36,    2818169,     76.0,     79.0,     80.0,    237.0, 12, 12, 11,  9,      82003,      82003,    2516363,    2516363
36,    2537255,     54.0,     55.0,     55.0,    162.0, 12, 12, 12, 10,      82070,      82070,      82070,      82070
36,    2537268,     53.0,     54.0,     54.0,    161.0, 12, 12, 12,  9,      82070,      82070,      82070,      82070
36,    2818025,     71.0,     70.0,     71.0,    213.0, 12, 12, 12, 10,    2402037,    2402037,    2402037,    2402037
36,    2577411,     75.0,     77.0,     81.0,    244.0, 12, 12, 12,  9,      82003,      82003,      82003,      82003
37,    2818164,     77.0,     78.0,     80.0,    237.0, 12, 12, 12,  9,      82003,      82003,    2516357,    2516362
37,      45257,     53.0,     52.0,     51.0,    158.0, 12, 12, 12, 11,      82009,      82010,      82009,    2878569
37,    3814155,     53.0,     52.0,     51.0,    167.0, 12, 12, 12, 11,      82009,      82010,      82009,    2878568
37,    3814154,     52.0,     52.0,     51.0,    171.0, 12, 12, 12, 11,      82009,      82010,      82009,      82010
37,    1351946,     26.0,     26.0,     26.0,     77.0,  9, 10, 11,  9,    1469332,    1469332,    1469332,    1469332
37,    1351946,     26.0,     26.0,     26.0,     77.0,  9, 10, 11,  9,    1469332,    1469332,    1469332,    1469332
37,    2235300,     52.0,     50.0,     53.0,    157.0, 12, 12, 12, 10,      82081,      82081,      82081,      82081
37,    2524886,     53.0,     54.0,     52.0,    171.0, 12, 12, 12,  9,      82009,      82009,      82009,      82014
37,    2524881,     53.0,     54.0,     52.0,    160.0, 12, 12, 12, 10,      82014,    2371999,      82009,    2371999
37,    2524876,     53.0,     54.0,     52.0,    158.0, 12, 12, 12, 10,      82014,    2371999,      82009,    2372000
37,    2528023,     54.0,     52.0,     53.0,    157.0,  9, 12, 12, 10,    2374713,    2374730,      77831,    2374713
37,    2528057,     53.0,     52.0,     53.0,    156.0,  9, 12, 12, 11,    2374731,      77831,      77831,    2374729
37,    2528062,     54.0,     52.0,     52.0,    156.0, 12, 12, 12, 10,      77831,      77831,      77831,    2374733
37,    2528148,     52.0,     52.0,     52.0,    156.0, 12, 12, 12,  9,    2374794,      77831,      77831,    2374794
37,      45291,     52.0,     49.0,     52.0,    157.0, 12, 12, 12, 10,      82081,      82081,      82081,      82081
37,    2818169,     77.0,     79.0,     79.0,    237.0, 12, 12, 12,  9,      82003,      82003,    2516363,    2516363
37,    2537255,     55.0,     54.0,     55.0,    162.0, 12, 12, 12, 10,      82070,      82070,      82070,      82070
37,    2537268,     54.0,     53.0,     54.0,    160.0, 12, 12, 12, 10,      82070,      82070,      82070,      82070
37,    2818025,     71.0,     70.0,     71.0,    213.0, 12, 12, 12, 10,    2402037,    2402037,    2402037,    2402037
37,    2577411,     76.0,     77.0,     80.0,    246.0, 12, 12, 12,  9,      82003,      82003,      82003,      82003
38,    2818164,     77.0,     78.0,     80.0,    237.0, 12, 12, 12,  9,      82003,      82003,    2516362,    2516362
38,      45257,     51.0,     52.0,     51.0,    158.0, 12, 12, 12, 11,      82009,    2878568,      82009,    2878569
38,    3814155,     51.0,     52.0,     51.0,    168.0, 12, 12, 12, 11,      82009,    2878568,      82009,    2878568
38,    3814154,     50.0,     53.0,     51.0,    174.0, 12, 12, 12,  9,      82009,      82010,      82009,      82010
38,    1351946,     26.0,     26.0,     26.0,     77.0,  9, 10, 11,  9,    1469332,    1469332,    1469332,    1469332
38,    1351946,     26.0,     26.0,     26.0,     77.0,  9, 10, 11,  9,    1469332,    1469332,    1469332,    1469332
38,    2235300,     52.0,     51.0,     52.0,    157.0, 12, 12, 12, 10,      82081,      82081,      82081,      82081
38,    2524886,     51.0,     56.0,     51.0,    170.0, 12, 12, 12, 11,      82009,      82009,      82014,      82014
38,    2524881,     51.0,     54.0,     52.0,    159.0, 12, 12, 12, 11,      82009,    2371999,      82009,    2371999
38,    2524876,     52.0,     54.0,     52.0,    158.0, 12, 10, 12, 10,      82009,    2372000,      82009,    2372000
38,    2528023,     54.0,     51.0,     52.0,    157.0,  9, 12, 12,  9,    2374713,    2374730,      77831,    2374713
38,    2528057,     54.0,     51.0,     51.0,    156.0,  9, 12, 12, 11,    2374729,    2374730,      77831,    2374731
38,    2528062,     56.0,     51.0,     51.0,    157.0, 12, 12, 12, 10,      77831,      77831,      77831,    2374730
38,    2528148,     52.0,     51.0,     51.0,    156.0, 12, 12, 12,  9,    2374794,      77831,      77831,    2374794
38,      45291,     52.0,     50.0,     52.0,    156.0, 12, 12, 12, 10,      82081,      82081,      82081,      82081
38,    2818169,     77.0,     79.0,     80.0,    237.0, 12, 12, 12,  9,      82003,      82003,    2516363,    2516363
38,    2537255,     55.0,     55.0,     54.0,    163.0, 12, 12, 12, 10,      82070,      82070,      82070,      82070
38,    2537268,     54.0,     54.0,     53.0,    161.0, 12, 12, 12, 10,      82070,      82070,      82070,      82070
38,    2818025,     70.0,     70.0,     71.0,    213.0, 12, 12, 12,  9,    2402037,    2402037,    2402037,    2402037
38,    2577411,     75.0,     77.0,     80.0,    243.0, 12, 12, 12,  9,      82003,      82003,      82003,      82003
39,    2818164,     78.0,     78.0,     79.0,    237.0, 12, 12, 12,  9,      82003,      82003,    2516362,    2516362
39,      45257,     51.0,     53.0,     52.0,    158.0, 12, 12, 12, 11,      82009,      82010,      82009,    2878569
39,    3814155,     51.0,     52.0,     52.0,    169.0, 12, 12, 12, 11,      82009,      82010,      82009,    2878568
39,    3814154,     51.0,     52.0,     52.0,    172.0, 12, 12, 12,  9,      82009,      82010,      82009,      82010
39,    1351946,     26.0,     26.0,     26.0,     77.0,  9, 10, 11,  9,    1469332,    1469332,    1469332,    1469332
39,    1351946,     26.0,     26.0,     26.0,     77.0,  9, 10, 11,  9,    1469332,    1469332,    1469332,    1469332
39,    2235300,     52.0,     51.0,     52.0,    156.0, 12, 12, 12, 10,      82081,      82081,      82081,      82081
39,    2524886,     52.0,     55.0,     52.0,    172.0, 12, 12, 12,  9,      82009,      82009,      82014,      82014
39,    2524881,     52.0,     54.0,     52.0,    159.0, 12, 12, 12, 11,      82009,    2371999,      82014,    2371999
39,    2524876,     52.0,     54.0,     52.0,    158.0, 12, 12, 12, 10,      82009,    2371999,      82014,    2372000
39,    2528023,     54.0,     52.0,     53.0,    157.0,  9, 12, 12, 10,    2374713,    2374730,      77831,    2374713
39,    2528057,     53.0,     52.0,     52.0,    156.0,  9, 12, 12, 11,    2374731,      77831,      77831,    2374729
39,    2528062,     55.0,     51.0,     52.0,    157.0, 12, 12, 12, 10,      77831,    2374730,      77831,    2374730
39,    2528148,     52.0,     52.0,     51.0,    156.0, 12, 12, 12,  9,    2374794,      77831,      77831,    2374794
39,      45291,     51.0,     50.0,     52.0,    155.0, 12, 12, 12, 10,      82081,      82081,      82081,      82081
39,    2818169,     79.0,     79.0,     79.0,    237.0, 12, 12, 12,  9,      82003,      82003,    2516363,    2516363
39,    2537255,     55.0,     55.0,     54.0,    162.0, 12, 12, 12, 10,      82070,      82070,      82070,      82070
39,    2537268,     54.0,     54.0,     53.0,    160.0, 12, 12, 12, 10,      82070,      82070,      82070,      82070
39,    2818025,     71.0,     70.0,     71.0,    212.0, 12, 12, 12, 10,    2402037,    2402037,    2402037,    2402037
39,    2577411,     77.0,     77.0,     79.0,    244.0, 12, 12, 12,  9,      82003,      82003,      82003,      82003
40,    2818164,     77.0,     79.0,     79.0,    237.0, 12, 12, 12,  9,      82003,      82003,    2516357,    2516362
40,      45257,     51.0,     52.0,     52.0,    158.0, 12, 12, 12,  9,      82009,    2878568,      82009,    2878569
40,    3814155,     51.0,     52.0,     52.0,    169.0, 12, 12, 12,  9,      82009,      82010,      82009,    2878568
40,    3814154,     51.0,     52.0,     51.0,    172.0, 12, 12, 12,  9,      82009,      82010,      82009,      82010
40,    1351946,     26.0,     26.0,     26.0,     77.0,  9, 10, 11,  9,    1469332,    1469332,    1469332,    1469332
40,    1351946,     26.0,     26.0,     26.0,     77.0,  9, 10, 11,  9,    1469332,    1469332,    1469332,    1469332
40,    2235300,     52.0,     49.0,     53.0,    156.0, 12, 12, 12, 10,      82081,      82081,      82081,      82081
40,    2524886,     51.0,     55.0,     52.0,    174.0, 12, 12, 12,  9,      82009,      82009,      82009,      82014
40,    2524881,     52.0,     54.0,     52.0,    159.0, 12, 12, 12, 11,      82009,    2371999,      82014,    2371999
40,    2524876,     52.0,     53.0,     52.0,    158.0, 12, 12, 12, 10,      82009,    2372000,      82014,    2372000
40,    2528023,     54.0,     52.0,     53.0,    157.0,  9, 12, 12, 10,    2374713,    2374730,      77831,    2374713
40,    2528057,     53.0,     52.0,     53.0,    157.0,  9, 12, 12, 10,    2374731,    2374730,      77831,    2374729
40,    2528062,     54.0,     52.0,     52.0,    156.0, 12, 12, 12, 10,      77831,      77831,      77831,    2374733
40,    2528148,     52.0,     52.0,     52.0,    156.0, 12, 12, 12,  9,    2374794,      77831,      77831,    2374794
40,      45291,     52.0,     49.0,     53.0,    155.0, 12, 12, 12, 10,      82081,      82081,      82081,      82081
40,    2818169,     78.0,     79.0,     79.0,    237.0, 12, 12, 12,  9,      82003,    2516357,    2516363,    2516363
40,    2537255,     55.0,     55.0,     54.0,    162.0, 12, 12, 12, 10,      82070,      82070,      82070,      82070
40,    2537268,     54.0,     54.0,     53.0,    160.0, 12, 12, 12, 10,      82070,      82070,      82070,      82070
40,    2818025,     71.0,     70.0,     71.0,    213.0, 12, 12, 12, 10,    2402037,    2402037,    2402037,    2402037
40,    2577411,     76.0,     78.0,     79.0,    244.0, 12, 12, 12,  9,      82003,      82003,      82003,      82003
41,    2818164,     76.0,     79.0,     80.0,    238.0, 12, 12, 12,  9,      82003,      82003,    2516357,    2516362
41,      45257,     52.0,     52.0,     50.0,    158.0, 12, 12, 12, 11,      82009,    2878568,      82009,    2878569
41,    3814155,     52.0,     51.0,     50.0,    167.0, 12, 12, 12,  9,      82009,    2878568,      82009,    2878568
41,    3814154,     51.0,     52.0,     50.0,    170.0, 12, 12, 12, 11,      82009,      82010,      82009,      82010
41,    1351946,     26.0,     26.0,     26.0,     77.0,  9, 10, 11,  9,    1469332,    1469332,    1469332,    1469332
41,    1351946,     26.0,     26.0,     26.0,     77.0,  9, 10, 11,  9,    1469332,    1469332,    1469332,    1469332
41,    2235300,     51.0,     50.0,     54.0,    158.0, 12, 12, 12, 10,      82081,      82081,      82081,      82081
41,    2524886,     52.0,     56.0,     50.0,    171.0, 12, 12, 12, 11,      82009,      82009,      82009,      82014
41,    2524881,     52.0,     55.0,     51.0,    160.0, 12, 12, 12, 11,      82014,    2371999,      82009,    2371999
41,    2524876,     53.0,     54.0,     51.0,    158.0, 12, 10, 12, 10,      82009,    2372000,      82009,    2372000
41,    2528023,     54.0,     53.0,     53.0,    157.0,  9, 12, 12, 10,    2374713,      77831,      77831,    2374713
41,    2528057,     54.0,     52.0,     52.0,    157.0,  9, 12, 12, 10,    2374729,    2374730,      77831,    2374729
41,    2528062,     54.0,     52.0,     52.0,    156.0, 12, 12, 12, 10,      77831,      77831,      77831,    2374733
41,    2528148,     52.0,     52.0,     52.0,    156.0, 12, 12, 12,  9,    2374794,      77831,      77831,    2374794
41,      45291,     51.0,     49.0,     53.0,    157.0, 12, 12, 12, 10,      82081,      82081,      82081,      82081
41,    2818169,     77.0,     80.0,     79.0,    236.0, 12, 12, 12, 11,      82003,      82003,    2516363,    2516363
41,    2537255,     55.0,     55.0,     54.0,    162.0, 12, 12, 12, 10,      82070,      82070,      82070,      82070
41,    2537268,     54.0,     54.0,     53.0,    160.0, 12, 12, 12, 10,      82070,      82070,      82070,      82070
41,    2818025,     70.0,     71.0,     70.0,    214.0, 12, 12, 12,  9,    2402037,    2402037,    2402037,    2402037
41,    2577411,     75.0,     78.0,     80.0,    244.0, 12, 12, 12,  9,      82003,      82003,      82003,      82003
42,    2818164,     76.0,     79.0,     79.0,    237.0, 12, 12, 12,  9,      82003,      82003,    2516362,    2516362
42,      45257,     53.0,     52.0,     50.0,    158.0, 12, 12, 12, 11,    2878568,      82010,      82009,    2878569
42,    3814155,     53.0,     52.0,     50.0,    163.0, 12, 12, 12,  9,      82009,      82010,      82009,    2878568
42,    3814154,     53.0,     51.0,     49.0,    165.0, 12, 12, 12, 11,      82009,      82010,      82009,      82010
42,    1351946,     26.0,     26.0,     26.0,     77.0,  9, 10, 11,  9,    1469332,    1469332,    1469332,    1469332
42,    1351946,     26.0,     26.0,     26.0,     77.0,  9, 10, 11,  9,    1469332,    1469332,    1469332,    1469332
42,    2235300,     51.0,     51.0,     53.0,    160.0, 12, 12, 12,  9,      82081,      82081,      82081,      82081
42,    2524886,     52.0,     55.0,     50.0,    173.0, 12, 12, 12, 11,      82014,      82009,      82009,      82014
42,    2524881,     52.0,     55.0,     50.0,    160.0, 12, 12, 12,  9,      82014,      82009,      82009,    2371999
42,    2524876,     53.0,     53.0,     51.0,    158.0, 12, 12, 12, 10,      82014,    2372000,      82009,    2372000
42,    2528023,     54.0,     53.0,     52.0,    157.0,  9, 12, 12, 10,    2374713,      77831,    2374729,    2374713
42,    2528057,     54.0,     52.0,     52.0,    156.0, 12, 12, 12, 11,      77831,      77831,    2374729,    2374731
42,    2528062,     54.0,     52.0,     52.0,    156.0, 12, 12, 12, 10,      77831,      77831,    2374730,    2374733
42,    2528148,     52.0,     52.0,     52.0,    156.0, 12, 12, 12,  9,    2374794,      77831,      77831,    2374794
42,      45291,     51.0,     51.0,     52.0,    159.0, 12, 12, 12,  9,      82081,      82081,      82081,      82081
42,    2818169,     77.0,     80.0,     79.0,    237.0, 12, 12, 12,  9,      82003,      82003,    2516363,    2516363
42,    2537255,     55.0,     55.0,     54.0,    163.0, 12, 12, 12,  9,      82070,      82070,      82070,      82070
42,    2537268,     53.0,     54.0,     53.0,    161.0, 12, 12, 12,  9,      82070,      82070,      82070,      82070
42,    2818025,     70.0,     70.0,     71.0,    213.0, 12, 12, 12, 10,    2402037,    2402037,    2402037,    2402037
42,    2577411,     75.0,     78.0,     80.0,    244.0, 12, 12, 12,  9,      82003,      82003,      82003,      82003
43,    2818164,     77.0,     78.0,     80.0,    238.0, 12, 12, 12,  9,      82003,    2516357,      82003,    2516362
43,      45257,     53.0,     51.0,     51.0,    159.0, 12, 12, 12, 10,      82009,      82010,      82009,    2878569
43,    3814155,     53.0,     51.0,     51.0,    163.0, 12, 12, 12, 10,      82009,      82010,      82009,    2878568
43,    3814154,     53.0,     50.0,     50.0,    167.0, 12, 12, 12, 10,      82009,      82010,      82009,      82010
43,    1351946,     26.0,     26.0,     26.0,     77.0,  9, 10, 11,  9,    1469332,    1469332,    1469332,    1469332
43,    1351946,     26.0,     26.0,     26.0,     77.0,  9, 10, 11,  9,    1469332,    1469332,    1469332,    1469332
43,    2235300,     51.0,     50.0,     53.0,    158.0, 12, 12, 12, 10,      82081,      82081,      82081,      82081
43,    2524886,     52.0,     54.0,     51.0,    171.0, 12, 12, 12, 11,      82014,      82009,      82009,      82014
43,    2524881,     52.0,     55.0,     51.0,    160.0, 12, 12, 12, 11,      82014,      82009,      82009,    2371999
43,    2524876,     52.0,     54.0,     51.0,    158.0, 12, 10, 12, 10,      82014,    2372000,      82014,    2372000
43,    2528023,     54.0,     52.0,     53.0,    157.0,  9, 12, 12, 10,    2374713,    2374730,      77831,    2374713
43,    2528057,     53.0,     52.0,     52.0,    156.0, 12, 12, 12, 11,    2374731,    2374730,      77831,    2374731
43,    2528062,     55.0,     51.0,     52.0,    157.0, 12, 12, 12, 10,      77831,    2374730,      77831,    2374730
43,    2528148,     52.0,     52.0,     52.0,    156.0, 12, 12, 12,  9,    2374794,      77831,      77831,    2374794
43,      45291,     51.0,     49.0,     53.0,    157.0, 12, 12, 12, 10,      82081,      82081,      82081,      82081
43,    2818169,     77.0,     79.0,     79.0,    237.0, 12, 12, 12, 11,      82003,    2516357,    2516363,    2516363
43,    2537255,     55.0,     55.0,     55.0,    163.0, 12, 12, 12,  9,      82070,      82070,      82070,      82070
43,    2537268,     54.0,     54.0,     53.0,    161.0, 12, 12, 12,  9,      82070,      82070,      82070,      82070
43,    2818025,     71.0,     70.0,     71.0,    213.0, 12, 12, 12, 10,    2402037,    2402037,    2402037,    2402037
43,    2577411,     76.0,     78.0,     79.0,    246.0, 12, 12, 12,  9,      82003,      82003,      82003,      82003
44,    2818164,     76.0,     79.0,     79.0,    237.0, 12, 12, 12,  9,      82003,      82003,    2516357,    2516362
44,      45257,     53.0,     51.0,     50.0,    159.0, 12, 12, 12,  9,    2878568,      82010,      82009,    2878569
44,    3814155,     53.0,     50.0,     50.0,    164.0, 12, 12, 12,  9,    2878568,      82010,      82009,    2878568
44,    3814154,     54.0,     50.0,     50.0,    169.0, 12, 12, 12, 11,      82009,      82010,      82009,      82010
44,    1351946,     26.0,     26.0,     26.0,     77.0,  9, 10, 11,  9,    1469332,    1469332,    1469332,    1469332
44,    1351946,     26.0,     26.0,     26.0,     77.0,  9, 10, 11,  9,    1469332,    1469332,    1469332,    1469332
44,    2235300,     52.0,     50.0,     53.0,    157.0, 12, 12, 12, 10,      82081,      82081,      82081,      82081
44,    2524886,     52.0,     54.0,     51.0,    170.0, 12, 12, 12, 11,      82014,      82009,      82009,      82014
44,    2524881,     52.0,     54.0,     51.0,    160.0, 12, 12, 12, 11,      82014,      82009,      82009,    2371999
44,    2524876,     53.0,     54.0,     51.0,    158.0, 12, 12, 12, 10,      82014,      82009,      82009,    2372000
44,    2528023,     54.0,     51.0,     53.0,    157.0, 12, 12, 12, 10,      77831,    2374730,    2374729,    2374713
44,    2528057,     53.0,     51.0,     53.0,    156.0,  9, 12, 11, 11,    2374731,    2374730,    2374729,    2374729
44,    2528062,     54.0,     50.0,     54.0,    158.0, 12, 12, 12, 10,      77831,    2374730,      77831,    2374730
44,    2528148,     52.0,     51.0,     52.0,    156.0, 12, 12, 12,  9,    2374794,      77831,    2374794,    2374794
44,      45291,     51.0,     49.0,     53.0,    156.0, 12, 12, 12, 10,      82081,      82081,      82081,      82081
44,    2818169,     76.0,     80.0,     79.0,    237.0, 12, 12, 12,  9,      82003,      82003,    2516363,    2516363
44,    2537255,     55.0,     54.0,     55.0,    163.0, 12, 12, 12,  9,      82070,      82070,      82070,      82070
44,    2537268,     53.0,     53.0,     54.0,    161.0, 12, 12, 12,  9,      82070,      82070,      82070,      82070
44,    2818025,     70.0,     70.0,     71.0,    215.0, 12, 12, 12, 10,    2402037,    2402037,    2402037,    2402037
44,    2577411,     74.0,     78.0,     80.0,    247.0, 12, 12, 12,  9,      82003,      82003,      82003,      82003
45,    2818164,     77.0,     77.0,     80.0,    237.0, 12, 12, 12,  9,    2516362,      82003,    2516357,    2516362
45,      45257,     51.0,     52.0,     52.0,    159.0, 12, 12, 12,  9,      82009,    2878568,      82009,    2878569
45,    3814155,     51.0,     51.0,     51.0,    164.0, 12, 12, 12,  9,      82009,    2878568,      82009,    2878568
45,    3814154,     50.0,     52.0,     51.0,    167.0, 12, 12, 12,  9,      82009,      82010,      82009,      82010
45,    1351946,     26.0,     26.0,     26.0,     81.0, 12, 12, 12, 11,    1469332,    1469332,    1469332,    1469332
45,    1351946,     26.0,     26.0,     26.0,     81.0, 12, 12, 12, 11,    1469332,    1469332,    1469332,    1469332
45,    2235300,     52.0,     49.0,     54.0,    158.0, 12, 12, 12, 10,      82081,      82081,      82081,      82081
45,    2524886,     51.0,     56.0,     51.0,    166.0, 12, 12, 12, 11,      82009,      82009,      82014,      82014
45,    2524881,     51.0,     55.0,     51.0,    160.0, 12, 12, 12,  9,      82009,    2371999,      82014,    2371999
45,    2524876,     52.0,     53.0,     52.0,    158.0, 12, 12, 12, 10,      82009,    2372000,      82014,    2372000
45,    2528023,     54.0,     52.0,     53.0,    157.0,  9, 12, 12, 10,    2374713,      77831,    2374713,    2374713
45,    2528057,     54.0,     51.0,     52.0,    156.0, 12, 12, 12, 11,      77831,    2374730,    2374729,    2374729
45,    2528062,     54.0,     51.0,     53.0,    157.0, 12, 12, 12, 10,      77831,    2374730,      77831,    2374730
45,    2528148,     52.0,     51.0,     53.0,    156.0, 12, 12, 12,  9,    2374794,      77831,      77831,    2374794
45,      45291,     51.0,     49.0,     53.0,    157.0, 12, 12, 12, 10,      82081,      82081,      82081,      82081
45,    2818169,     78.0,     78.0,     80.0,    237.0, 12, 12, 11,  9,      82003,      82003,    2516363,    2516363
45,    2537255,     55.0,     54.0,     55.0,    167.0, 12, 12, 12,  9,      82070,      82070,      82070,    2381225
45,    2537268,     54.0,     53.0,     54.0,    166.0, 12, 12, 12,  9,      82070,      82070,      82070,      82070
45,    2818025,     72.0,     69.0,     70.0,    214.0, 12, 12, 12, 10,    2402037,    2402037,    2402037,    2402037
45,    2577411,     76.0,     76.0,     80.0,    247.0, 12, 12, 12, 10,      82003,      82003,      82003,      82003
46,    2818164,     77.0,     79.0,     80.0,    238.0, 12, 12, 12,  9,      82003,      82003,      82003,    2516362
46,      45257,     51.0,     52.0,     53.0,    158.0, 12, 12, 12, 11,      82009,      82010,      82009,    2878569
46,    3814155,     51.0,     51.0,     52.0,    163.0, 12, 12, 12,  9,      82009,    2878568,      82009,    2878568
46,    3814154,     51.0,     52.0,     52.0,    167.0, 12, 12, 12,  9,      82009,      82010,      82009,      82010
46,    1351946,     26.0,     26.0,     26.0,     85.0, 12, 12, 12,  9,    1469332,    1469332,    1469332,    1469332
46,    1351946,     26.0,     26.0,     26.0,     85.0, 12, 12, 12,  9,    1469332,    1469332,    1469332,    1469332
46,    2235300,     54.0,     50.0,     51.0,    157.0, 12, 12, 12, 10,      82081,      82081,      82081,      82081
46,    2524886,     52.0,     55.0,     52.0,    166.0, 12, 12, 12,  9,      82009,      82009,      82014,      82014
46,    2524881,     52.0,     55.0,     52.0,    159.0, 12, 12, 12, 11,      82009,      82009,      82014,    2371999
46,    2524876,     52.0,     54.0,     52.0,    158.0, 12, 10, 12, 10,      82009,    2372000,      82014,    2372000
46,    2528023,     54.0,     52.0,     53.0,    157.0,  9, 12, 12, 10,    2374713,    2374730,    2374729,    2374713
46,    2528057,     53.0,     51.0,     53.0,    156.0,  9, 12, 12, 11,    2374731,    2374730,      77831,    2374729
46,    2528062,     54.0,     51.0,     53.0,    157.0, 12, 12, 12, 10,      77831,    2374730,      77831,    2374730
46,    2528148,     52.0,     52.0,     53.0,    156.0, 12, 12, 12,  9,    2374794,      77831,      77831,    2374794
46,      45291,     53.0,     49.0,     51.0,    156.0, 12, 12, 12, 10,      82081,      82081,      82081,      82081
46,    2818169,     78.0,     79.0,     79.0,    237.0, 12, 12, 12,  9,      82003,    2516357,    2516363,    2516363
46,    2537255,     55.0,     54.0,     55.0,    167.0, 12, 12, 12,  9,      82070,      82070,      82070,    2381225
46,    2537268,     54.0,     53.0,     54.0,    166.0, 12, 12, 12,  9,      82070,      82070,      82070,    2381237
46,    2818025,     71.0,     70.0,     71.0,    214.0, 12, 12, 12, 10,    2402037,    2402037,    2402037,    2402037
46,    2577411,     76.0,     78.0,     79.0,    247.0, 12, 12, 12,  9,      82003,      82003,      82003,      82003
47,    2818164,     78.0,     79.0,     79.0,    237.0, 12, 12, 12,  9,      82003,      82003,      82003,    2516362
47,      45257,     52.0,     52.0,     53.0,    158.0, 12, 12, 12,  9,      82009,      82010,      82009,    2878569
47,    3814155,     52.0,     51.0,     53.0,    162.0, 12, 12, 12,  9,      82009,    2878568,      82009,    2878568
47,    3814154,     52.0,     52.0,     52.0,    165.0, 12, 12, 12,  9,      82009,      82010,      82009,      82010
47,    1351946,     26.0,     26.0,     26.0,     85.0, 12, 12, 12,  9,    1469332,    1469332,    1469332,    1469332
47,    1351946,     26.0,     26.0,     26.0,     85.0, 12, 12, 12,  9,    1469332,    1469332,    1469332,    1469332
47,    2235300,     53.0,     50.0,     52.0,    156.0, 12, 12, 12, 10,      82081,      82081,      82081,      82081
47,    2524886,     53.0,     54.0,     52.0,    165.0, 12, 12, 12, 11,      82009,      82009,      82014,      82014
47,    2524881,     53.0,     54.0,     52.0,    159.0, 12, 12, 12, 11,      82009,      82009,      82014,    2371999
47,    2524876,     53.0,     54.0,     53.0,    159.0, 12, 12, 12, 10,      82009,      82009,      82014,    2372000
47,    2528023,     54.0,     52.0,     53.0,    157.0,  9, 12, 12, 10,    2374713,    2374730,      77831,    2374713
47,    2528057,     53.0,     52.0,     53.0,    156.0,  9, 12, 12, 11,    2374731,      77831,      77831,    2374729
47,    2528062,     54.0,     52.0,     52.0,    156.0, 12, 12, 12, 10,      77831,      77831,      77831,    2374733
47,    2528148,     52.0,     52.0,     52.0,    156.0, 12, 12, 12,  9,    2374794,      77831,      77831,    2374794
47,      45291,     53.0,     50.0,     51.0,    155.0, 12, 12, 12, 10,      82081,      82081,      82081,      82081
47,    2818169,     78.0,     79.0,     79.0,    237.0, 12, 12, 12,  9,      82003,    2516357,    2516363,    2516363
47,    2537255,     55.0,     55.0,     54.0,    166.0, 12, 12, 12,  9,      82070,      82070,      82070,    2381225
47,    2537268,     54.0,     54.0,     53.0,    165.0, 12, 12, 12, 11,      82070,      82070,      82070,    2381237
47,    2818025,     71.0,     70.0,     71.0,    213.0, 12, 12, 12, 10,    2402037,    2402037,    2402037,    2402037
47,    2577411,     76.0,     78.0,     78.0,    244.0, 12, 12, 12,  9,      82003,      82003,      82003,      82003
