 F,      BusId,       PA,       PB,       PC,       P3, XA, XB, XC, X3,       id_A,       id_B,       id_C,       id_3
 0,    2069113,     24.0,     24.0,     24.0,     74.0,  9, 10, 11, 10,    2063317,    2063317,    2063317,    2063317
 0,    1272375,     47.0,     47.0,     47.0,    152.0,  1,  2,  3,  1,     455226,     455226,     455226,    1272375
 0,    2575617,     63.0,     64.0,     63.0,    194.0,  9, 10, 11, 11,    2812510,    2812510,    2812510,    2812510
 0,    3564191,     50.0,     50.0,     50.0,    152.0,  9, 10, 11, 10,    2812544,    2812544,    2812544,    2812544
 0,    3564181,     51.0,     51.0,     50.0,    155.0,  9, 10, 11,  9,    2812540,    2812540,    2812540,    2812540
 0,    3564201,     49.0,     49.0,     49.0,    151.0,  9, 10, 11,  9,    2812550,    2812550,    2812550,    2812550
 0,    3564147,     51.0,     51.0,     51.0,    156.0,  9, 10, 11,  9,    2812526,    2812526,    2812526,    2812526
 0,    1272418,     47.0,     47.0,     48.0,    148.0,  9, 10, 11,  9,    2812568,    2812568,    2812568,    2812568
 0,    1272465,     17.0,     17.0,     17.0,     53.0,  9, 10, 11,  9,    1423585,    1423585,    1423585,    1423585
 0,    2069187,     17.0,     17.0,     17.0,     53.0,  9, 10, 11,  9,    2063333,    2063333,    2063333,    2063333
 0,    2069192,     62.0,     61.0,     62.0,    191.0,  9, 10, 11, 10,    2063307,    2063307,    2063307,    2063307
 0,    2581372,     56.0,     55.0,     56.0,    173.0,  9, 10, 11, 10,    2812531,    2812531,    2812531,    2812531
 0,    2581373,     56.0,     55.0,     56.0,    173.0,  9, 10, 11, 10,    2812531,    2812531,    2812531,    2812531
 0,    2581388,     56.0,     54.0,     56.0,    172.0,  9, 10, 11, 10,    2812531,    2812531,    2812531,    2812531
 0,    2537276,     51.0,     51.0,     51.0,    155.0,  9, 10, 11,  9,    2381240,    2381240,    2381240,    2381240
 0,    1272340,     64.0,     64.0,     63.0,    192.0,  9, 10, 11, 11,    2420232,    2420232,    2420232,    2420232
 0,    2538869,     18.0,     18.0,     18.0,     55.0,  9, 10, 11,  9,    2382093,    2382093,    2382093,    2382093
 0,    2714101,     51.0,     51.0,     51.0,    154.0,  9, 10, 11,  9,    2466092,    2466092,    2466092,    2466092
 1,    2069113,     24.0,     24.0,     24.0,     74.0,  9, 10, 11,  9,    2063317,    2063317,    2063317,    2063317
 1,    1272375,     47.0,     47.0,     47.0,    152.0,  1,  2,  3,  1,     455226,     455226,     455226,    1272375
 1,    2575617,     63.0,     63.0,     63.0,    195.0,  9, 10, 11,  9,    2812510,    2812510,    2812510,    2812510
 1,    3564191,     50.0,     49.0,     50.0,    152.0,  9, 10, 11, 10,    2812544,    2812544,    2812544,    2812544
 1,    3564181,     51.0,     50.0,     51.0,    154.0,  9, 10, 11, 10,    2812540,    2812540,    2812540,    2812540
 1,    3564201,     49.0,     48.0,     49.0,    147.0,  9, 10, 11, 10,    2812550,    2812550,    2812550,    2812550
 1,    3564147,     51.0,     51.0,     51.0,    156.0,  9, 10, 11,  9,    2812526,    2812526,    2812526,    2812526
 1,    1272418,     47.0,     48.0,     48.0,    149.0,  9, 10, 11,  9,    2812568,    2812568,    2812568,    2812568
 1,    1272465,     17.0,     17.0,     17.0,     54.0,  9, 10, 11,  9,    1423585,    1423585,    1423585,    1423585
 1,    2069187,     17.0,     17.0,     18.0,     54.0,  9, 10, 11,  9,    2063333,    2063333,    2063333,    2063333
 1,    2069192,     62.0,     61.0,     62.0,    192.0,  9, 10, 11,  9,    2063307,    2063307,    2063307,    2063307
 1,    2581372,     56.0,     52.0,     56.0,    163.0,  9, 10, 11, 10,    2812531,    2812531,    2812531,    2812531
 1,    2581373,     56.0,     52.0,     56.0,    164.0,  9, 10, 11, 10,    2812531,    2812531,    2812531,    2812531
 1,    2581388,     56.0,     51.0,     55.0,    163.0,  9, 10, 11, 10,    2812531,    2812531,    2812531,    2812531
 1,    2537276,     51.0,     51.0,     51.0,    155.0,  9, 10, 11,  9,    2381240,    2381240,    2381240,    2381240
 1,    1272340,     64.0,     64.0,     64.0,    193.0,  9, 10, 11, 11,    2420232,    2420232,    2420232,    2420232
 1,    2538869,     18.0,     18.0,     18.0,     55.0,  9, 10, 11,  9,    2382093,    2382093,    2382093,    2382093
 1,    2714101,     51.0,     51.0,     51.0,    154.0,  9, 10, 11, 11,    2466092,    2466092,    2466092,    2466092
 2,    2069113,     24.0,     24.0,     24.0,     74.0,  9, 10, 11, 10,    2063317,    2063317,    2063317,    2063317
 2,    1272375,     47.0,     47.0,     47.0,    153.0,  1,  2,  3,  1,     455226,     455226,     455226,    1272375
 2,    2575617,     63.0,     64.0,     63.0,    195.0,  9, 10, 11,  9,    2812510,    2812510,    2812510,    2812525
 2,    3564191,     50.0,     50.0,     50.0,    153.0,  9, 10, 11, 10,    2812544,    2812544,    2812544,    2812544
 2,    3564181,     50.0,     51.0,     50.0,    154.0,  9, 10, 11, 11,    2812540,    2812540,    2812540,    2812540
 2,    3564201,     49.0,     47.0,     49.0,    145.0,  9, 10, 11, 10,    2812550,    2812550,    2812550,    2812550
 2,    3564147,     51.0,     51.0,     51.0,    156.0,  9, 10, 11,  9,    2812526,    2812526,    2812526,    2812526
 2,    1272418,     48.0,     48.0,     48.0,    150.0,  9, 10, 11,  9,    2812568,    2812568,    2812568,    2812568
 2,    1272465,     17.0,     17.0,     17.0,     54.0,  9, 10, 11,  9,    1423585,    1423585,    1423585,    1423585
 2,    2069187,     17.0,     17.0,     18.0,     54.0,  9, 10, 11,  9,    2063333,    2063333,    2063333,    2063333
 2,    2069192,     62.0,     62.0,     62.0,    192.0,  9, 10, 11,  9,    2063307,    2063307,    2063307,    2063307
 2,    2581372,     58.0,     55.0,     56.0,    173.0,  9, 10, 11, 10,    2812531,    2812531,    2812531,    2812531
 2,    2581373,     58.0,     55.0,     57.0,    173.0,  9, 10, 11, 10,    2812531,    2812531,    2812531,    2812531
 2,    2581388,     58.0,     54.0,     56.0,    172.0,  9, 10, 11, 10,    2812531,    2812531,    2812531,    2812531
 2,    2537276,     51.0,     51.0,     51.0,    155.0,  9, 10, 11,  9,    2381240,    2381240,    2381240,    2381240
 2,    1272340,     64.0,     65.0,     64.0,    195.0,  9, 10, 11,  9,    2420232,    1423543,    2420232,    2420232
 2,    2538869,     18.0,     18.0,     18.0,     55.0,  9, 10, 11,  9,    2382093,    2382093,    2382093,    2382093
 2,    2714101,     51.0,     51.0,     51.0,    155.0,  9, 10, 11,  9,    2466092,    2466092,    2466092,    2466092
 3,    2069113,     24.0,     24.0,     24.0,     74.0,  9, 10, 11, 10,    2063317,    2063317,    2063317,    2063317
 3,    1272375,     47.0,     47.0,     47.0,    153.0,  1,  2,  3,  1,     455226,     455226,     455226,    1272375
 3,    2575617,     63.0,     63.0,     63.0,    195.0,  9, 10, 11,  9,    2812510,    2812510,    2812510,    2812525
 3,    3564191,     50.0,     50.0,     50.0,    153.0,  9, 10, 11, 10,    2812544,    2812544,    2812544,    2812544
 3,    3564181,     51.0,     50.0,     51.0,    154.0,  9, 10, 11, 10,    2812540,    2812540,    2812540,    2812540
 3,    3564201,     49.0,     47.0,     49.0,    144.0,  9, 10, 11, 10,    2812550,    2812550,    2812550,    2812550
 3,    3564147,     51.0,     51.0,     51.0,    157.0,  9, 10, 11,  9,    2812526,    2812526,    2812526,    2812526
 3,    1272418,     48.0,     48.0,     48.0,    150.0,  9, 10, 11,  9,    2812568,    2812568,    2812568,    2812568
 3,    1272465,     17.0,     17.0,     17.0,     54.0,  9, 10, 11,  9,    1423585,    1423585,    1423585,    1423585
 3,    2069187,     17.0,     17.0,     18.0,     54.0,  9, 10, 11,  9,    2063333,    2063333,    2063333,    2063333
 3,    2069192,     62.0,     62.0,     62.0,    192.0,  9, 10, 11, 10,    2063307,    2063307,    2063307,    2063307
 3,    2581372,     59.0,     55.0,     57.0,    175.0,  9, 10, 11, 10,    2812531,    2812531,    2812531,    2812531
 3,    2581373,     59.0,     56.0,     57.0,    176.0,  9, 10, 11, 10,    2812531,    2812531,    2812531,    2812531
 3,    2581388,     58.0,     55.0,     57.0,    175.0,  9, 10, 11, 10,    2812531,    2812531,    2812531,    2812531
 3,    2537276,     51.0,     51.0,     51.0,    155.0,  9, 10, 11,  9,    2381240,    2381240,    2381240,    2381240
 3,    1272340,     64.0,     65.0,     64.0,    195.0,  9, 10, 11,  9,    2420232,    1423543,    2420232,    2420232
 3,    2538869,     18.0,     18.0,     18.0,     55.0,  9, 10, 11,  9,    2382093,    2382093,    2382093,    2382093
 3,    2714101,     51.0,     51.0,     51.0,    155.0,  9, 10, 11,  9,    2466092,    2466092,    2466092,    2466092
 4,    2069113,     24.0,     24.0,     24.0,     74.0,  9, 10, 11, 10,    2063317,    2063317,    2063317,    2063317
 4,    1272375,     47.0,     47.0,     47.0,    153.0,  1,  2,  3,  1,     455226,     455226,     455226,    1272375
 4,    2575617,     63.0,     63.0,     63.0,    195.0,  9, 10, 11,  9,    2812510,    2812510,    2812510,    2812525
 4,    3564191,     50.0,     50.0,     50.0,    153.0,  9, 10, 11, 10,    2812544,    2812544,    2812544,    2812544
 4,    3564181,     51.0,     51.0,     51.0,    155.0,  9, 10, 11,  9,    2812540,    2812540,    2812540,    2812540
 4,    3564201,     49.0,     49.0,     49.0,    152.0,  9, 10, 11,  9,    2812550,    2812550,    2812550,    2812550
 4,    3564147,     51.0,     51.0,     51.0,    157.0,  9, 10, 11,  9,    2812526,    2812526,    2812526,    2812526
 4,    1272418,     48.0,     48.0,     48.0,    150.0,  9, 10, 11,  9,    2812568,    2812568,    2812568,    2812568
 4,    1272465,     17.0,     17.0,     17.0,     54.0,  9, 10, 11,  9,    1423585,    1423585,    1423585,    1423585
 4,    2069187,     17.0,     17.0,     17.0,     54.0,  9, 10, 11,  9,    2063333,    2063333,    2063333,    2063333
 4,    2069192,     62.0,     62.0,     62.0,    192.0,  9, 10, 11, 10,    2063307,    2063307,    2063307,    2063307
 4,    2581372,     57.0,     57.0,     57.0,    180.0,  9, 10, 11,  9,    2812531,    2812531,    2812531,    2812531
 4,    2581373,     57.0,     58.0,     58.0,    180.0,  9, 10, 11,  9,    2812531,    2812531,    2812531,    2812531
 4,    2581388,     56.0,     57.0,     57.0,    179.0,  9, 10, 11,  9,    2812531,    2812531,    2812531,    2812531
 4,    2537276,     51.0,     51.0,     51.0,    155.0,  9, 10, 11,  9,    2381240,    2381240,    2381240,    2381240
 4,    1272340,     64.0,     64.0,     64.0,    194.0,  9, 10, 11,  9,    2420232,    2420232,    2420232,    2420232
 4,    2538869,     18.0,     18.0,     18.0,     55.0,  9, 10, 11,  9,    2382093,    2382093,    2382093,    2382093
 4,    2714101,     51.0,     51.0,     51.0,    155.0,  9, 10, 11,  9,    2466092,    2466092,    2466092,    2466092
 5,    2069113,     24.0,     24.0,     24.0,     74.0,  9, 10, 11, 10,    2063317,    2063317,    2063317,    2063317
 5,    1272375,     47.0,     47.0,     47.0,    153.0,  1,  2,  3,  1,     455226,     455226,     455226,    1272375
 5,    2575617,     63.0,     64.0,     63.0,    195.0,  9, 10, 11,  9,    2812510,    2812510,    2812510,    2812525
 5,    3564191,     50.0,     50.0,     50.0,    153.0,  9, 10, 11, 10,    2812544,    2812544,    2812544,    2812544
 5,    3564181,     51.0,     51.0,     50.0,    154.0,  9, 10, 11, 11,    2812540,    2812540,    2812540,    2812540
 5,    3564201,     49.0,     49.0,     50.0,    152.0,  9, 10, 11, 10,    2812550,    2812550,    2812550,    2812550
 5,    3564147,     51.0,     51.0,     51.0,    156.0,  9, 10, 11,  9,    2812526,    2812526,    2812526,    2812526
 5,    1272418,     48.0,     48.0,     48.0,    150.0,  9, 10, 11,  9,    2812568,    2812568,    2812568,    2812568
 5,    1272465,     17.0,     17.0,     17.0,     54.0,  9, 10, 11,  9,    1423585,    1423585,    1423585,    1423585
 5,    2069187,     17.0,     17.0,     17.0,     54.0,  9, 10, 11,  9,    2063333,    2063333,    2063333,    2063333
 5,    2069192,     62.0,     62.0,     62.0,    192.0,  9, 10, 11, 10,    2063307,    2063307,    2063307,    2063307
 5,    2581372,     58.0,     58.0,     58.0,    183.0,  9, 10, 11, 10,    2812531,    2812531,    2812531,    2812531
 5,    2581373,     58.0,     58.0,     58.0,    183.0,  9, 10, 11, 11,    2812531,    2812531,    2812531,    2812531
 5,    2581388,     57.0,     57.0,     57.0,    182.0,  9, 10, 11, 11,    2812531,    2812531,    2812531,    2812531
 5,    2537276,     51.0,     51.0,     51.0,    155.0,  9, 10, 11,  9,    2381240,    2381240,    2381240,    2381240
 5,    1272340,     64.0,     64.0,     64.0,    194.0,  9, 10, 11, 11,    2420232,    2420232,    2420232,    2420232
 5,    2538869,     18.0,     18.0,     18.0,     55.0,  9, 10, 11,  9,    2382093,    2382093,    2382093,    2382093
 5,    2714101,     51.0,     51.0,     51.0,    155.0,  9, 10, 11,  9,    2466092,    2466092,    2466092,    2466092
 6,    2069113,     24.0,     24.0,     24.0,     74.0,  9, 10, 11, 10,    2063317,    2063317,    2063317,    2063317
 6,    1272375,     47.0,     47.0,     47.0,    152.0,  1,  2,  3,  1,     455226,     455226,     455226,    1272375
 6,    2575617,     63.0,     63.0,     63.0,    194.0,  9, 10, 11, 10,    2812510,    2812510,    2812510,    2812510
 6,    3564191,     50.0,     50.0,     50.0,    153.0,  9, 10, 11, 10,    2812544,    2812544,    2812544,    2812544
 6,    3564181,     51.0,     51.0,     50.0,    154.0,  9, 10, 11, 11,    2812540,    2812540,    2812540,    2812540
 6,    3564201,     49.0,     49.0,     49.0,    152.0,  9, 10, 11,  9,    2812550,    2812550,    2812550,    2812550
 6,    3564147,     51.0,     51.0,     51.0,    157.0,  9, 10, 11,  9,    2812526,    2812526,    2812526,    2812526
 6,    1272418,     47.0,     48.0,     48.0,    149.0,  9, 10, 11,  9,    2812568,    2812568,    2812568,    2812568
 6,    1272465,     17.0,     17.0,     17.0,     54.0,  9, 10, 11,  9,    1423585,    1423585,    1423585,    1423585
 6,    2069187,     18.0,     17.0,     18.0,     54.0,  9, 10, 11,  9,    2063333,    2063333,    2063333,    2063333
 6,    2069192,     62.0,     62.0,     62.0,    192.0,  9, 10, 11, 10,    2063307,    2063307,    2063307,    2063307
 6,    2581372,     55.0,     58.0,     56.0,    175.0,  9, 10, 11,  9,    2812531,    2812531,    2812531,    2812531
 6,    2581373,     55.0,     58.0,     56.0,    175.0,  9, 10, 11,  9,    2812531,    2812531,    2812531,    2812531
 6,    2581388,     55.0,     57.0,     55.0,    174.0,  9, 10, 11,  9,    2812531,    2812531,    2812531,    2812531
 6,    2537276,     51.0,     51.0,     51.0,    156.0,  9, 10, 11,  9,    2381240,    2381240,    2381240,    2381240
 6,    1272340,     64.0,     64.0,     64.0,    193.0,  9, 10, 11, 11,    2420232,    2420232,    2420232,    2420232
 6,    2538869,     18.0,     18.0,     18.0,     55.0,  9, 10, 11,  9,    2382093,    2382093,    2382093,    2382093
 6,    2714101,     51.0,     51.0,     51.0,    154.0,  9, 10, 11, 11,    2466092,    2466092,    2466092,    2466092
 7,    2069113,     24.0,     24.0,     24.0,     74.0,  9, 10, 11, 10,    2063317,    2063317,    2063317,    2063317
 7,    1272375,     47.0,     47.0,     47.0,    152.0,  1,  2,  3,  1,     455226,     455226,     455226,    1272375
 7,    2575617,     63.0,     63.0,     63.0,    195.0,  9, 10, 11, 10,    2812510,    2812510,    2812510,    2812510
 7,    3564191,     50.0,     50.0,     50.0,    153.0,  9, 10, 11, 10,    2812544,    2812544,    2812544,    2812544
 7,    3564181,     50.0,     50.0,     50.0,    154.0,  9, 10, 11,  9,    2812540,    2812540,    2812540,    2812540
 7,    3564201,     49.0,     49.0,     49.0,    152.0,  9, 10, 11,  9,    2812550,    2812550,    2812550,    2812550
 7,    3564147,     51.0,     51.0,     51.0,    157.0,  9, 10, 11,  9,    2812526,    2812526,    2812526,    2812526
 7,    1272418,     47.0,     48.0,     48.0,    150.0,  9, 10, 11,  9,    2812568,    2812568,    2812568,    2812568
 7,    1272465,     17.0,     17.0,     17.0,     54.0,  9, 10, 11,  9,    1423585,    1423585,    1423585,    1423585
 7,    2069187,     17.0,     17.0,     18.0,     54.0,  9, 10, 11,  9,    2063333,    2063333,    2063333,    2063333
 7,    2069192,     62.0,     62.0,     62.0,    192.0,  9, 10, 11,  9,    2063307,    2063307,    2063307,    2063307
 7,    2581372,     56.0,     57.0,     54.0,    173.0,  9, 10, 11, 11,    2812531,    2812531,    2812531,    2812531
 7,    2581373,     57.0,     57.0,     55.0,    173.0,  9, 10, 11, 11,    2812531,    2812531,    2812531,    2812531
 7,    2581388,     56.0,     57.0,     54.0,    172.0,  9, 10, 11, 11,    2812531,    2812531,    2812531,    2812531
 7,    2537276,     51.0,     51.0,     51.0,    155.0,  9, 10, 11, 10,    2381240,    2381240,    2381240,    2381240
 7,    1272340,     64.0,     64.0,     64.0,    193.0,  9, 10, 11,  9,    2420232,    2420232,    2420232,    2420232
 7,    2538869,     18.0,     18.0,     18.0,     55.0,  9, 10, 11,  9,    2382093,    2382093,    2382093,    2382093
 7,    2714101,     50.0,     51.0,     51.0,    153.0,  9, 10, 11,  9,    2466092,    2466092,    2466092,    2466092
 8,    2069113,     24.0,     23.0,     24.0,     72.0,  9, 10, 11, 10,    2063317,    2063317,    2063317,    2063317
 8,    1272375,     47.0,     47.0,     47.0,    152.0,  1,  2,  3,  1,     455226,     455226,     455226,    1272375
 8,    2575617,     63.0,     63.0,     63.0,    194.0,  9, 10, 11, 11,    2812510,    2812510,    2812510,    2812510
 8,    3564191,     50.0,     50.0,     50.0,    153.0,  9, 10, 11, 10,    2812544,    2812544,    2812544,    2812544
 8,    3564181,     51.0,     51.0,     50.0,    154.0,  9, 10, 11, 11,    2812540,    2812540,    2812540,    2812540
 8,    3564201,     49.0,     48.0,     49.0,    148.0,  9, 10, 11, 10,    2812550,    2812550,    2812550,    2812550
 8,    3564147,     51.0,     51.0,     51.0,    156.0,  9, 10, 11,  9,    2812526,    2812526,    2812526,    2812526
 8,    1272418,     47.0,     47.0,     48.0,    149.0,  9, 10, 11,  9,    2812568,    2812568,    2812568,    2812568
 8,    1272465,     17.0,     17.0,     17.0,     53.0,  9, 10, 11,  9,    1423585,    1423585,    1423585,    1423585
 8,    2069187,     17.0,     17.0,     18.0,     53.0,  9, 10, 11,  9,    2063333,    2063333,    2063333,    2063333
 8,    2069192,     61.0,     61.0,     62.0,    189.0,  9, 10, 11, 10,    2063307,    2063307,    2063307,    2063307
 8,    2581372,     57.0,     56.0,     55.0,    174.0,  9, 10, 11, 11,    2812531,    2812531,    2812531,    2812531
 8,    2581373,     57.0,     56.0,     55.0,    175.0,  9, 10, 11, 11,    2812531,    2812531,    2812531,    2812531
 8,    2581388,     56.0,     56.0,     55.0,    174.0,  9, 10, 11, 11,    2812531,    2812531,    2812531,    2812531
 8,    2537276,     51.0,     51.0,     51.0,    155.0,  9, 10, 11,  9,    2381240,    2381240,    2381240,    2381240
 8,    1272340,     63.0,     64.0,     63.0,    191.0,  9, 10, 11,  9,    2420232,    2420232,    2420232,    2420232
 8,    2538869,     18.0,     18.0,     18.0,     55.0,  9, 10, 11,  9,    2382093,    2382093,    2382093,    2382093
 8,    2714101,     50.0,     51.0,     50.0,    152.0,  9, 10, 11,  9,    2466092,    2466092,    2466092,    2466092
 9,    2069113,     24.0,     24.0,     24.0,     72.0,  9, 10, 11, 10,    2063317,    2063317,    2063317,    2063317
 9,    1272375,     47.0,     47.0,     47.0,    151.0,  1,  2,  3,  2,     455226,     455226,     455226,    1272375
 9,    2575617,     63.0,     63.0,     62.0,    192.0,  9, 10, 11, 11,    2812510,    2812510,    2812510,    2812510
 9,    3564191,     50.0,     49.0,     50.0,    150.0,  9, 10, 11, 10,    2812544,    2812544,    2812544,    2812544
 9,    3564181,     51.0,     50.0,     50.0,    154.0,  9, 10, 11, 10,    2812540,    2812540,    2812540,    2812540
 9,    3564201,     49.0,     47.0,     49.0,    146.0,  9, 10, 11, 10,    2812550,    2812550,    2812550,    2812550
 9,    3564147,     51.0,     51.0,     51.0,    156.0,  9, 10, 11,  9,    2812526,    2812526,    2812526,    2812526
 9,    1272418,     47.0,     47.0,     48.0,    148.0,  9, 10, 11,  9,    2812568,    2812568,    2812568,    2812568
 9,    1272465,     17.0,     17.0,     17.0,     52.0,  9, 10, 11,  9,    1423585,    1423585,    1423585,    1423585
 9,    2069187,     16.0,     17.0,     17.0,     51.0,  9, 10, 11,  9,    2063333,    2063333,    2063333,    2063333
 9,    2069192,     61.0,     61.0,     61.0,    189.0,  9, 10, 11,  9,    2063307,    2063307,    2063307,    2063307
 9,    2581372,     57.0,     52.0,     56.0,    165.0,  9, 10, 11, 10,    2812531,    2812531,    2812531,    2812531
 9,    2581373,     57.0,     52.0,     56.0,    165.0,  9, 10, 11, 10,    2812531,    2812531,    2812531,    2812531
 9,    2581388,     56.0,     51.0,     56.0,    164.0,  9, 10, 11, 10,    2812531,    2812531,    2812531,    2812531
 9,    2537276,     51.0,     51.0,     50.0,    153.0,  9, 10, 11, 11,    2381240,    2381240,    2381240,    2381240
 9,    1272340,     63.0,     63.0,     62.0,    188.0,  9, 10, 11, 11,    2420232,    2420232,    2420232,    2420232
 9,    2538869,     18.0,     18.0,     18.0,     55.0,  9, 10, 11,  9,    2382093,    2382093,    2382093,    2382093
 9,    2714101,     50.0,     51.0,     50.0,    153.0,  9, 10, 11, 11,    2466092,    2466092,    2466092,    2466092
10,    2069113,     24.0,     24.0,     24.0,     74.0,  9, 10, 11, 10,    2063317,    2063317,    2063317,    2063317
10,    1272375,     47.0,     47.0,     47.0,    152.0,  1,  2,  3,  1,     455226,     455226,     455226,    1272375
10,    2575617,     63.0,     63.0,     62.0,    192.0,  9, 10, 11, 11,    2812510,    2812510,    2812510,    2812510
10,    3564191,     49.0,     49.0,     49.0,    150.0,  9, 10, 11,  9,    2812544,    2812544,    2812544,    2812544
10,    3564181,     51.0,     50.0,     50.0,    154.0,  9, 10, 11, 10,    2812540,    2812540,    2812540,    2812540
10,    3564201,     49.0,     47.0,     49.0,    146.0,  9, 10, 11, 10,    2812550,    2812550,    2812550,    2812550
10,    3564147,     51.0,     51.0,     51.0,    156.0,  9, 10, 11,  9,    2812526,    2812526,    2812526,    2812526
10,    1272418,     47.0,     48.0,     48.0,    149.0,  9, 10, 11,  9,    2812568,    2812568,    2812568,    2812568
10,    1272465,     17.0,     17.0,     17.0,     53.0,  9, 10, 11,  9,    1423585,    1423585,    1423585,    1423585
10,    2069187,     17.0,     17.0,     16.0,     51.0,  9, 10, 11, 11,    2063333,    2063333,    2063333,    2063333
10,    2069192,     61.0,     61.0,     61.0,    189.0,  9, 10, 11, 11,    2063307,    2063307,    2063307,    2063307
10,    2581372,     54.0,     52.0,     54.0,    165.0,  9, 10, 11, 10,    2812531,    2812531,    2812531,    2812531
10,    2581373,     55.0,     52.0,     55.0,    166.0,  9, 10, 11, 10,    2812531,    2812531,    2812531,    2812531
10,    2581388,     54.0,     52.0,     54.0,    165.0,  9, 10, 11, 10,    2812531,    2812531,    2812531,    2812531
10,    2537276,     51.0,     51.0,     50.0,    153.0,  9, 10, 11, 11,    2381240,    2381240,    2381240,    2381240
10,    1272340,     63.0,     64.0,     62.0,    189.0,  9, 10, 11, 11,    2420232,    2420232,    2420232,    2420232
10,    2538869,     18.0,     18.0,     18.0,     55.0,  9, 10, 11,  9,    2382093,    2382093,    2382093,    2382093
10,    2714101,     50.0,     51.0,     51.0,    153.0,  9, 10, 11,  9,    2466092,    2466092,    2466092,    2466092
11,    2069113,     24.0,     24.0,     24.0,     73.0,  9, 10, 11, 10,    2063317,    2063317,    2063317,    2063317
11,    1272375,     47.0,     47.0,     47.0,    151.0,  1,  2,  3,  3,     455226,     455226,     455226,    1272375
11,    2575617,     63.0,     63.0,     63.0,    193.0,  9, 10, 11, 11,    2812510,    2812510,    2812510,    2812510
11,    3564191,     49.0,     48.0,     50.0,    149.0,  9, 10, 11, 10,    2812544,    2812544,    2812544,    2812544
11,    3564181,     51.0,     50.0,     50.0,    152.0,  9, 10, 11, 10,    2812540,    2812540,    2812540,    2812540
11,    3564201,     49.0,     45.0,     49.0,    138.0,  9, 10, 11, 10,    2812550,    2812550,    2812550,    2812550
11,    3564147,     51.0,     51.0,     51.0,    157.0,  9, 10, 11,  9,    2812526,    2812526,    2812526,    2812526
11,    1272418,     47.0,     48.0,     48.0,    147.0,  9, 10, 11,  9,    2812568,    2812568,    2812568,    2812568
11,    1272465,     16.0,     17.0,     17.0,     51.0,  9, 10, 11,  9,    1423585,    1423585,    1423585,    1423585
11,    2069187,     17.0,     17.0,     18.0,     52.0,  9, 10, 11, 10,    2063333,    2063333,    2063333,    2063333
11,    2069192,     62.0,     61.0,     62.0,    190.0,  9, 10, 11, 10,    2063307,    2063307,    2063307,    2063307
11,    2581372,     56.0,     50.0,     54.0,    159.0,  9, 10, 11, 10,    2812531,    2812531,    2812531,    2812531
11,    2581373,     56.0,     50.0,     54.0,    159.0,  9, 10, 11, 10,    2812531,    2812531,    2812531,    2812531
11,    2581388,     56.0,     50.0,     53.0,    158.0,  9, 10, 11, 10,    2812531,    2812531,    2812531,    2812531
11,    2537276,     51.0,     51.0,     51.0,    154.0,  9, 10, 11, 11,    2381240,    2381240,    2381240,    2381240
11,    1272340,     63.0,     63.0,     62.0,    188.0,  9, 10, 11, 11,    2420232,    2420232,    2420232,    2420232
11,    2538869,     18.0,     18.0,     18.0,     55.0,  9, 10, 11,  9,    2382093,    2382093,    2382093,    2382093
11,    2714101,     49.0,     51.0,     50.0,    151.0,  9, 10, 11,  9,    2466092,    2466092,    2466092,    2466092
12,    2069113,     23.0,     22.0,     24.0,     68.0,  9, 10, 11, 10,    2063317,    2063317,    2063317,    2063317
12,    1272375,     46.0,     47.0,     46.0,    151.0,  1,  2,  3,  1,    1272375,     455226,    1272375,    1272375
12,    2575617,     63.0,     63.0,     63.0,    194.0,  9, 10, 11,  9,    2812510,    2812510,    2812510,    2812510
12,    3564191,     49.0,     49.0,     49.0,    150.0,  9, 10, 11, 10,    2812544,    2812544,    2812544,    2812544
12,    3564181,     51.0,     50.0,     50.0,    153.0,  9, 10, 11, 11,    2812540,    2812540,    2812540,    2812540
12,    3564201,     49.0,     46.0,     49.0,    142.0,  9, 10, 11, 10,    2812550,    2812550,    2812550,    2812550
12,    3564147,     51.0,     51.0,     51.0,    156.0,  9, 10, 11,  9,    2812526,    2812526,    2812526,    2812526
12,    1272418,     46.0,     48.0,     48.0,    147.0,  9, 10, 11,  9,    2812568,    2812568,    2812568,    2812568
12,    1272465,     16.0,     17.0,     17.0,     51.0,  9, 10, 11,  9,    1423585,    1423585,    1423585,    1423585
12,    2069187,     17.0,     17.0,     17.0,     51.0,  9, 10, 11, 10,    2063333,    2063333,    2063333,    2063333
12,    2069192,     61.0,     59.0,     62.0,    183.0,  9, 10, 11, 10,    2063307,    2063307,    2063307,    2063307
12,    2581372,     56.0,     52.0,     53.0,    163.0,  9, 10, 11, 10,    2812531,    2812531,    2812531,    2812531
12,    2581373,     56.0,     52.0,     53.0,    164.0,  9, 10, 11, 10,    2812531,    2812531,    2812531,    2812531
12,    2581388,     56.0,     51.0,     52.0,    163.0,  9, 10, 11, 10,    2812531,    2812531,    2812531,    2812531
12,    2537276,     51.0,     51.0,     50.0,    153.0,  9, 10, 11, 11,    2381240,    2381240,    2381240,    2381240
12,    1272340,     63.0,     63.0,     61.0,    186.0,  9, 10, 11, 11,    2420232,    2420232,    2420232,    2420232
12,    2538869,     18.0,     18.0,     18.0,     55.0,  9, 10, 11,  9,    2382093,    2382093,    2382093,    2382093
12,    2714101,     50.0,     51.0,     50.0,    151.0,  9, 10, 11, 11,    2466092,    2466092,    2466092,    2466092
13,    2069113,     24.0,     23.0,     24.0,     72.0,  9, 10, 11, 10,    2063317,    2063317,    2063317,    2063317
13,    1272375,     47.0,     47.0,     47.0,    152.0,  1,  2,  3,  1,     455226,     455226,     455226,    1272375
13,    2575617,     63.0,     63.0,     63.0,    195.0,  9, 10, 11,  9,    2812510,    2812510,    2812510,    2812510
13,    3564191,     50.0,     49.0,     50.0,    152.0,  9, 10, 11,  9,    2812544,    2812544,    2812544,    2812544
13,    3564181,     50.0,     51.0,     50.0,    154.0,  9, 10, 11, 11,    2812540,    2812540,    2812540,    2812540
13,    3564201,     49.0,     47.0,     49.0,    146.0,  9, 10, 11, 10,    2812550,    2812550,    2812550,    2812550
13,    3564147,     51.0,     51.0,     51.0,    156.0,  9, 10, 11,  9,    2812526,    2812526,    2812526,    2812526
13,    1272418,     45.0,     47.0,     48.0,    141.0,  9, 10, 11,  9,    2812568,    2812568,    2812568,    2812568
13,    1272465,     14.0,     17.0,     17.0,     45.0,  9, 10, 11,  9,    1423585,    1423585,    1423585,    1423585
13,    2069187,     17.0,     17.0,     18.0,     53.0,  9, 10, 11,  9,    2063333,    2063333,    2063333,    2063333
13,    2069192,     61.0,     61.0,     62.0,    189.0,  9, 10, 11, 10,    2063307,    2063307,    2063307,    2063307
13,    2581372,     55.0,     55.0,     55.0,    173.0,  9, 10, 11,  9,    2812531,    2812531,    2812531,    2812531
13,    2581373,     55.0,     55.0,     55.0,    173.0,  9, 10, 11,  9,    2812531,    2812531,    2812531,    2812531
13,    2581388,     54.0,     54.0,     54.0,    172.0,  9, 10, 11,  9,    2812531,    2812531,    2812531,    2812531
13,    2537276,     51.0,     51.0,     50.0,    152.0,  9, 10, 11, 11,    2381240,    2381240,    2381240,    2381240
13,    1272340,     64.0,     64.0,     61.0,    186.0,  9, 10, 11, 11,    2420232,    1423543,    2420232,    2420232
13,    2538869,     18.0,     18.0,     18.0,     55.0,  9, 10, 11,  9,    2382093,    2382093,    2382093,    2382093
13,    2714101,     51.0,     51.0,     50.0,    153.0,  9, 10, 11, 11,    2466092,    2466092,    2466092,    2466092
14,    2069113,     24.0,     24.0,     24.0,     73.0,  9, 10, 11,  9,    2063317,    2063317,    2063317,    2063317
14,    1272375,     47.0,     47.0,     47.0,    152.0,  1,  2,  3,  1,     455226,     455226,     455226,    1272375
14,    2575617,     63.0,     64.0,     63.0,    194.0,  9, 10, 11,  9,    2812510,    2812510,    2812510,    2812510
14,    3564191,     50.0,     50.0,     50.0,    152.0,  9, 10, 11, 10,    2812544,    2812544,    2812544,    2812544
14,    3564181,     51.0,     50.0,     50.0,    154.0,  9, 10, 11, 11,    2812540,    2812540,    2812540,    2812540
14,    3564201,     49.0,     48.0,     49.0,    149.0,  9, 10, 11, 10,    2812550,    2812550,    2812550,    2812550
14,    3564147,     51.0,     51.0,     51.0,    157.0,  9, 10, 11,  9,    2812526,    2812526,    2812526,    2812526
14,    1272418,     47.0,     47.0,     48.0,    149.0,  9, 10, 11,  9,    2812568,    2812568,    2812568,    2812568
14,    1272465,     17.0,     17.0,     17.0,     53.0,  9, 10, 11,  9,    1423585,    1423585,    1423585,    1423585
14,    2069187,     17.0,     17.0,     17.0,     53.0,  9, 10, 11,  9,    2063333,    2063333,    2063333,    2063333
14,    2069192,     61.0,     61.0,     62.0,    190.0,  9, 10, 11,  9,    2063307,    2063307,    2063307,    2063307
14,    2581372,     58.0,     54.0,     55.0,    172.0,  9, 10, 11, 10,    2812531,    2812531,    2812531,    2812531
14,    2581373,     58.0,     54.0,     56.0,    172.0,  9, 10, 11, 10,    2812531,    2812531,    2812531,    2812531
14,    2581388,     57.0,     54.0,     55.0,    171.0,  9, 10, 11, 10,    2812531,    2812531,    2812531,    2812531
14,    2537276,     51.0,     51.0,     50.0,    153.0,  9, 10, 11, 11,    2381240,    2381240,    2381240,    2381240
14,    1272340,     63.0,     64.0,     62.0,    189.0,  9, 10, 11, 11,    2420232,    2420232,    2420232,    2420232
14,    2538869,     18.0,     18.0,     18.0,     55.0,  9, 10, 11,  9,    2382093,    2382093,    2382093,    2382093
14,    2714101,     50.0,     51.0,     50.0,    153.0,  9, 10, 11,  9,    2466092,    2466092,    2466092,    2466092
15,    2069113,     24.0,     24.0,     24.0,     74.0,  9, 10, 11,  9,    2063317,    2063317,    2063317,    2063317
15,    1272375,     47.0,     47.0,     47.0,    151.0,  1,  2,  3,  1,     455226,     455226,     455226,    1272375
15,    2575617,     63.0,     63.0,     63.0,    194.0,  9, 10, 11, 11,    2812510,    2812510,    2812510,    2812510
15,    3564191,     50.0,     50.0,     50.0,    153.0,  9, 10, 11, 10,    2812544,    2812544,    2812544,    2812544
15,    3564181,     51.0,     51.0,     50.0,    154.0,  9, 10, 11, 11,    2812540,    2812540,    2812540,    2812540
15,    3564201,     49.0,     48.0,     49.0,    148.0,  9, 10, 11, 10,    2812550,    2812550,    2812550,    2812550
15,    3564147,     51.0,     51.0,     51.0,    157.0,  9, 10, 11,  9,    2812526,    2812526,    2812526,    2812526
15,    1272418,     47.0,     47.0,     48.0,    148.0,  9, 10, 11,  9,    2812568,    2812568,    2812568,    2812568
15,    1272465,     17.0,     16.0,     17.0,     52.0,  9, 10, 11, 10,    1423585,    1423585,    1423585,    1423585
15,    2069187,     17.0,     17.0,     17.0,     52.0,  9, 10, 11, 10,    2063333,    2063333,    2063333,    2063333
15,    2069192,     62.0,     61.0,     62.0,    190.0,  9, 10, 11, 10,    2063307,    2063307,    2063307,    2063307
15,    2581372,     58.0,     56.0,     56.0,    176.0,  9, 10, 11, 10,    2812531,    2812531,    2812531,    2812531
15,    2581373,     58.0,     56.0,     57.0,    176.0,  9, 10, 11, 10,    2812531,    2812531,    2812531,    2812531
15,    2581388,     57.0,     55.0,     56.0,    175.0,  9, 10, 11, 10,    2812531,    2812531,    2812531,    2812531
15,    2537276,     51.0,     51.0,     50.0,    153.0,  9, 10, 11, 11,    2381240,    2381240,    2381240,    2381240
15,    1272340,     63.0,     63.0,     63.0,    190.0,  9, 10, 11,  9,    2420232,    2420232,    2420232,    2420232
15,    2538869,     18.0,     18.0,     18.0,     55.0,  9, 10, 11,  9,    2382093,    2382093,    2382093,    2382093
15,    2714101,     50.0,     51.0,     50.0,    152.0,  9, 10, 11,  9,    2466092,    2466092,    2466092,    2466092
16,    2069113,     24.0,     24.0,     24.0,     74.0,  9, 10, 11, 10,    2063317,    2063317,    2063317,    2063317
16,    1272375,     47.0,     47.0,     47.0,    152.0,  1,  2,  3,  1,     455226,     455226,     455226,    1272375
16,    2575617,     63.0,     63.0,     63.0,    195.0,  9, 10, 11,  9,    2812510,    2812510,    2812510,    2812510
16,    3564191,     50.0,     49.0,     50.0,    152.0,  9, 10, 11, 10,    2812544,    2812544,    2812544,    2812544
16,    3564181,     51.0,     50.0,     50.0,    154.0,  9, 10, 11, 11,    2812540,    2812540,    2812540,    2812540
16,    3564201,     49.0,     48.0,     49.0,    148.0,  9, 10, 11, 10,    2812550,    2812550,    2812550,    2812550
16,    3564147,     51.0,     51.0,     51.0,    157.0,  9, 10, 11,  9,    2812526,    2812526,    2812526,    2812526
16,    1272418,     47.0,     47.0,     48.0,    149.0,  9, 10, 11,  9,    2812568,    2812568,    2812568,    2812568
16,    1272465,     17.0,     17.0,     17.0,     53.0,  9, 10, 11, 10,    1423585,    1423585,    1423585,    1423585
16,    2069187,     17.0,     17.0,     17.0,     52.0,  9, 10, 11, 10,    2063333,    2063333,    2063333,    2063333
16,    2069192,     62.0,     61.0,     61.0,    190.0,  9, 10, 11, 10,    2063307,    2063307,    2063307,    2063307
16,    2581372,     58.0,     56.0,     57.0,    176.0,  9, 10, 11, 10,    2812531,    2812531,    2812531,    2812531
16,    2581373,     58.0,     56.0,     57.0,    176.0,  9, 10, 11, 10,    2812531,    2812531,    2812531,    2812531
16,    2581388,     58.0,     55.0,     56.0,    175.0,  9, 10, 11, 10,    2812531,    2812531,    2812531,    2812531
16,    2537276,     51.0,     51.0,     51.0,    154.0,  9, 10, 11, 11,    2381240,    2381240,    2381240,    2381240
16,    1272340,     63.0,     63.0,     63.0,    191.0,  9, 10, 11, 11,    2420232,    2420232,    2420232,    2420232
16,    2538869,     18.0,     18.0,     18.0,     55.0,  9, 10, 11,  9,    2382093,    2382093,    2382093,    2382093
16,    2714101,     50.0,     51.0,     51.0,    154.0,  9, 10, 11,  9,    2466092,    2466092,    2466092,    2466092
17,    2069113,     24.0,     24.0,     24.0,     73.0,  9, 10, 11, 10,    2063317,    2063317,    2063317,    2063317
17,    1272375,     47.0,     47.0,     47.0,    152.0,  1,  2,  3,  1,     455226,     455226,     455226,    1272375
17,    2575617,     63.0,     63.0,     63.0,    195.0,  9, 10, 11,  9,    2812510,    2812510,    2812510,    2812510
17,    3564191,     50.0,     49.0,     50.0,    151.0,  9, 10, 11, 10,    2812544,    2812544,    2812544,    2812544
17,    3564181,     50.0,     50.0,     50.0,    153.0,  9, 10, 11,  9,    2812540,    2812540,    2812540,    2812540
17,    3564201,     49.0,     47.0,     49.0,    146.0,  9, 10, 11, 10,    2812550,    2812550,    2812550,    2812550
17,    3564147,     51.0,     51.0,     51.0,    156.0,  9, 10, 11,  9,    2812526,    2812526,    2812526,    2812526
17,    1272418,     47.0,     47.0,     48.0,    148.0,  9, 10, 11,  9,    2812568,    2812568,    2812568,    2812568
17,    1272465,     17.0,     17.0,     17.0,     52.0,  9, 10, 11,  9,    1423585,    1423585,    1423585,    1423585
17,    2069187,     17.0,     17.0,     17.0,     52.0,  9, 10, 11,  9,    2063333,    2063333,    2063333,    2063333
17,    2069192,     61.0,     61.0,     62.0,    189.0,  9, 10, 11, 10,    2063307,    2063307,    2063307,    2063307
17,    2581372,     58.0,     53.0,     56.0,    167.0,  9, 10, 11, 10,    2812531,    2812531,    2812531,    2812531
17,    2581373,     58.0,     53.0,     56.0,    167.0,  9, 10, 11, 10,    2812531,    2812531,    2812531,    2812531
17,    2581388,     57.0,     52.0,     55.0,    166.0,  9, 10, 11, 10,    2812531,    2812531,    2812531,    2812531
17,    2537276,     51.0,     51.0,     51.0,    155.0,  9, 10, 11,  9,    2381240,    2381240,    2381240,    2381240
17,    1272340,     64.0,     64.0,     63.0,    191.0,  9, 10, 11, 11,    2420232,    2420232,    2420232,    2420232
17,    2538869,     18.0,     18.0,     18.0,     55.0,  9, 10, 11,  9,    2382093,    2382093,    2382093,    2382093
17,    2714101,     51.0,     51.0,     50.0,    154.0,  9, 10, 11,  9,    2466092,    2466092,    2466092,    2466092
18,    2069113,     24.0,     24.0,     24.0,     74.0,  9, 10, 11,  9,    2063317,    2063317,    2063317,    2063317
18,    1272375,     47.0,     47.0,     47.0,    151.0,  1,  2,  3,  1,     455226,     455226,     455226,    1272375
18,    2575617,     63.0,     63.0,     63.0,    195.0,  9, 10, 11,  9,    2812510,    2812510,    2812510,    2812510
18,    3564191,     50.0,     49.0,     50.0,    149.0,  9, 10, 11, 10,    2812544,    2812544,    2812544,    2812544
18,    3564181,     50.0,     49.0,     50.0,    151.0,  9, 10, 11, 10,    2812540,    2812540,    2812540,    2812540
18,    3564201,     49.0,     47.0,     49.0,    145.0,  9, 10, 11, 10,    2812550,    2812550,    2812550,    2812550
18,    3564147,     51.0,     51.0,     51.0,    157.0,  9, 10, 11,  9,    2812526,    2812526,    2812526,    2812526
18,    1272418,     47.0,     47.0,     48.0,    149.0,  9, 10, 11,  9,    2812568,    2812568,    2812568,    2812568
18,    1272465,     17.0,     17.0,     17.0,     53.0,  9, 10, 11, 10,    1423585,    1423585,    1423585,    1423585
18,    2069187,     16.0,     17.0,     17.0,     49.0,  9, 10, 11,  9,    2063333,    2063333,    2063333,    2063333
18,    2069192,     60.0,     61.0,     61.0,    188.0,  9, 10, 11,  9,    2063307,    2063307,    2063307,    2063307
18,    2581372,     58.0,     53.0,     54.0,    169.0,  9, 10, 11, 10,    2812531,    2812531,    2812531,    2812531
18,    2581373,     58.0,     54.0,     54.0,    169.0,  9, 10, 11, 10,    2812531,    2812531,    2812531,    2812531
18,    2581388,     57.0,     53.0,     53.0,    168.0,  9, 10, 11, 10,    2812531,    2812531,    2812531,    2812531
18,    2537276,     51.0,     51.0,     51.0,    155.0,  9, 10, 11,  9,    2381240,    2381240,    2381240,    2381240
18,    1272340,     63.0,     63.0,     63.0,    190.0,  9, 10, 11, 11,    2420232,    2420232,    2420232,    2420232
18,    2538869,     18.0,     18.0,     18.0,     55.0,  9, 10, 11,  9,    2382093,    2382093,    2382093,    2382093
18,    2714101,     50.0,     51.0,     50.0,    153.0,  9, 10, 11, 11,    2466092,    2466092,    2466092,    2466092
19,    2069113,     24.0,     24.0,     24.0,     74.0,  9, 10, 11, 10,    2063317,    2063317,    2063317,    2063317
19,    1272375,     46.0,     47.0,     47.0,    151.0,  1,  2,  3,  1,    1272375,     455226,     455226,    1272375
19,    2575617,     63.0,     63.0,     63.0,    195.0,  9, 10, 11,  9,    2812510,    2812510,    2812510,    2812510
19,    3564191,     50.0,     48.0,     50.0,    147.0,  9, 10, 11, 10,    2812544,    2812544,    2812544,    2812544
19,    3564181,     51.0,     50.0,     50.0,    152.0,  9, 10, 11, 11,    2812540,    2812540,    2812540,    2812540
19,    3564201,     49.0,     47.0,     48.0,    145.0,  9, 10, 11, 10,    2812550,    2812550,    2812550,    2812550
19,    3564147,     51.0,     51.0,     51.0,    156.0,  9, 10, 11,  9,    2812526,    2812526,    2812526,    2812526
19,    1272418,     47.0,     46.0,     48.0,    144.0,  9, 10, 11, 10,    2812568,    2812568,    2812568,    2812568
19,    1272465,     17.0,     15.0,     17.0,     48.0,  9, 10, 11, 10,    1423585,    1423585,    1423585,    1423585
19,    2069187,     17.0,     17.0,     17.0,     51.0,  9, 10, 11,  9,    2063333,    2063333,    2063333,    2063333
19,    2069192,     61.0,     61.0,     61.0,    190.0,  9, 10, 11,  9,    2063307,    2063307,    2063307,    2063307
19,    2581372,     58.0,     52.0,     53.0,    164.0,  9, 10, 11, 10,    2812531,    2812531,    2812531,    2812531
19,    2581373,     58.0,     52.0,     54.0,    165.0,  9, 10, 11, 10,    2812531,    2812531,    2812531,    2812531
19,    2581388,     57.0,     51.0,     53.0,    164.0,  9, 10, 11, 10,    2812531,    2812531,    2812531,    2812531
19,    2537276,     51.0,     51.0,     51.0,    154.0,  9, 10, 11,  9,    2381240,    2381240,    2381240,    2381240
19,    1272340,     62.0,     63.0,     62.0,    187.0,  9, 10, 11,  9,    2420232,    2420232,    2420232,    2420232
19,    2538869,     18.0,     18.0,     18.0,     55.0,  9, 10, 11,  9,    2382093,    2382093,    2382093,    2382093
19,    2714101,     50.0,     51.0,     50.0,    152.0,  9, 10, 11,  9,    2466092,    2466092,    2466092,    2466092
20,    2069113,     24.0,     24.0,     24.0,     74.0,  9, 10, 11,  9,    2063317,    2063317,    2063317,    2063317
20,    1272375,     46.0,     47.0,     46.0,    151.0,  1,  2,  3,  1,    1272375,     455226,    1272375,    1272375
20,    2575617,     63.0,     63.0,     63.0,    195.0,  9, 10, 11,  9,    2812510,    2812510,    2812510,    2812510
20,    3564191,     50.0,     48.0,     50.0,    147.0,  9, 10, 11, 10,    2812544,    2812544,    2812544,    2812544
20,    3564181,     51.0,     50.0,     50.0,    152.0,  9, 10, 11, 11,    2812540,    2812540,    2812540,    2812540
20,    3564201,     49.0,     48.0,     49.0,    148.0,  9, 10, 11, 10,    2812550,    2812550,    2812550,    2812550
20,    3564147,     51.0,     51.0,     51.0,    157.0,  9, 10, 11,  9,    2812526,    2812526,    2812526,    2812526
20,    1272418,     47.0,     47.0,     48.0,    148.0,  9, 10, 11,  9,    2812568,    2812568,    2812568,    2812568
20,    1272465,     17.0,     17.0,     17.0,     52.0,  9, 10, 11,  9,    1423585,    1423585,    1423585,    1423585
20,    2069187,     15.0,     15.0,     17.0,     46.0,  9, 10, 11, 10,    2063333,    2063333,    2063333,    2063333
20,    2069192,     60.0,     59.0,     62.0,    184.0,  9, 10, 11, 10,    2063307,    2063307,    2063307,    2063307
20,    2581372,     57.0,     51.0,     52.0,    162.0,  9, 10, 11, 10,    2812531,    2812531,    2812531,    2812531
20,    2581373,     57.0,     51.0,     53.0,    163.0,  9, 10, 11, 10,    2812531,    2812531,    2812531,    2812531
20,    2581388,     56.0,     51.0,     52.0,    162.0,  9, 10, 11, 10,    2812531,    2812531,    2812531,    2812531
20,    2537276,     50.0,     51.0,     51.0,    153.0,  9, 10, 11,  9,    2381240,    2381240,    2381240,    2381240
20,    1272340,     61.0,     62.0,     61.0,    186.0,  9, 10, 11,  9,    2420232,    2420232,    2420232,    2420232
20,    2538869,     18.0,     18.0,     18.0,     55.0,  9, 10, 11,  9,    2382093,    2382093,    2382093,    2382093
20,    2714101,     49.0,     50.0,     50.0,    150.0,  9, 10, 11,  9,    2466092,    2466092,    2466092,    2466092
21,    2069113,     24.0,     24.0,     24.0,     74.0,  9, 10, 11,  9,    2063317,    2063317,    2063317,    2063317
21,    1272375,     46.0,     47.0,     47.0,    151.0,  1,  2,  3,  1,    1272375,     455226,     455226,    1272375
21,    2575617,     63.0,     63.0,     63.0,    194.0,  9, 10, 11,  9,    2812510,    2812510,    2812510,    2812510
21,    3564191,     50.0,     48.0,     49.0,    147.0,  9, 10, 11, 10,    2812544,    2812544,    2812544,    2812544
21,    3564181,     51.0,     50.0,     50.0,    152.0,  9, 10, 11, 11,    2812540,    2812540,    2812540,    2812540
21,    3564201,     49.0,     48.0,     49.0,    149.0,  9, 10, 11, 10,    2812550,    2812550,    2812550,    2812550
21,    3564147,     51.0,     51.0,     51.0,    156.0,  9, 10, 11,  9,    2812526,    2812526,    2812526,    2812526
21,    1272418,     47.0,     48.0,     48.0,    147.0,  9, 10, 11,  9,    2812568,    2812568,    2812568,    2812568
21,    1272465,     17.0,     17.0,     17.0,     52.0,  9, 10, 11,  9,    1423585,    1423585,    1423585,    1423585
21,    2069187,     17.0,     16.0,     18.0,     50.0,  9, 10, 11, 10,    2063333,    2063333,    2063333,    2063333
21,    2069192,     61.0,     60.0,     62.0,    188.0,  9, 10, 11, 10,    2063307,    2063307,    2063307,    2063307
21,    2581372,     57.0,     53.0,     51.0,    162.0,  9, 10, 11, 11,    2812531,    2812531,    2812531,    2812531
21,    2581373,     58.0,     53.0,     51.0,    162.0,  9, 10, 11, 11,    2812531,    2812531,    2812531,    2812531
21,    2581388,     57.0,     53.0,     51.0,    161.0,  9, 10, 11, 11,    2812531,    2812531,    2812531,    2812531
21,    2537276,     50.0,     51.0,     51.0,    153.0,  9, 10, 11,  9,    2381240,    2381240,    2381240,    2381240
21,    1272340,     61.0,     64.0,     62.0,    185.0,  9, 10, 11,  9,    2420232,    2420232,    2420232,    2420232
21,    2538869,     18.0,     18.0,     18.0,     55.0,  9, 10, 11,  9,    2382093,    2382093,    2382093,    2382093
21,    2714101,     50.0,     51.0,     50.0,    151.0,  9, 10, 11,  9,    2466092,    2466092,    2466092,    2466092
22,    2069113,     24.0,     24.0,     24.0,     73.0,  9, 10, 11, 10,    2063317,    2063317,    2063317,    2063317
22,    1272375,     47.0,     47.0,     47.0,    152.0,  1,  2,  3,  1,     455226,     455226,     455226,    1272375
22,    2575617,     63.0,     63.0,     63.0,    194.0,  9, 10, 11,  9,    2812510,    2812510,    2812510,    2812525
22,    3564191,     50.0,     49.0,     50.0,    150.0,  9, 10, 11, 10,    2812544,    2812544,    2812544,    2812544
22,    3564181,     51.0,     50.0,     50.0,    152.0,  9, 10, 11, 11,    2812540,    2812540,    2812540,    2812540
22,    3564201,     48.0,     47.0,     49.0,    144.0,  9, 10, 11, 10,    2812550,    2812550,    2812550,    2812550
22,    3564147,     51.0,     51.0,     51.0,    156.0,  9, 10, 11,  9,    2812526,    2812526,    2812526,    2812526
22,    1272418,     47.0,     48.0,     48.0,    148.0,  9, 10, 11,  9,    2812568,    2812568,    2812568,    2812568
22,    1272465,     17.0,     17.0,     17.0,     52.0,  9, 10, 11,  9,    1423585,    1423585,    1423585,    1423585
22,    2069187,     17.0,     16.0,     18.0,     49.0,  9, 10, 11, 10,    2063333,    2063333,    2063333,    2063333
22,    2069192,     62.0,     60.0,     62.0,    186.0,  9, 10, 11, 10,    2063307,    2063307,    2063307,    2063307
22,    2581372,     56.0,     52.0,     52.0,    164.0,  9, 10, 11, 11,    2812531,    2812531,    2812531,    2812531
22,    2581373,     56.0,     52.0,     52.0,    164.0,  9, 10, 11, 11,    2812531,    2812531,    2812531,    2812531
22,    2581388,     56.0,     52.0,     51.0,    163.0,  9, 10, 11, 11,    2812531,    2812531,    2812531,    2812531
22,    2537276,     51.0,     51.0,     51.0,    154.0,  9, 10, 11,  9,    2381240,    2381240,    2381240,    2381240
22,    1272340,     63.0,     64.0,     63.0,    191.0,  9, 10, 11,  9,    2420232,    2420232,    2420232,    2420232
22,    2538869,     18.0,     18.0,     18.0,     55.0,  9, 10, 11,  9,    2382093,    2382093,    2382093,    2382093
22,    2714101,     50.0,     51.0,     50.0,    153.0,  9, 10, 11,  9,    2466092,    2466092,    2466092,    2466092
23,    2069113,     24.0,     24.0,     24.0,     74.0,  9, 10, 11, 10,    2063317,    2063317,    2063317,    2063317
23,    1272375,     47.0,     47.0,     47.0,    152.0,  1,  2,  3,  1,     455226,     455226,     455226,    1272375
23,    2575617,     63.0,     63.0,     63.0,    194.0,  9, 10, 11,  9,    2812510,    2812510,    2812510,    2812525
23,    3564191,     50.0,     49.0,     50.0,    151.0,  9, 10, 11, 10,    2812544,    2812544,    2812544,    2812544
23,    3564181,     51.0,     50.0,     50.0,    154.0,  9, 10, 11, 10,    2812540,    2812540,    2812540,    2812540
23,    3564201,     48.0,     47.0,     49.0,    146.0,  9, 10, 11, 10,    2812550,    2812550,    2812550,    2812550
23,    3564147,     51.0,     51.0,     51.0,    155.0,  9, 10, 11,  9,    2812526,    2812526,    2812526,    2812526
23,    1272418,     47.0,     48.0,     47.0,    148.0,  9, 10, 11,  9,    2812568,    2812568,    2812568,    2812568
23,    1272465,     17.0,     17.0,     17.0,     53.0,  9, 10, 11,  9,    1423585,    1423585,    1423585,    1423585
23,    2069187,     17.0,     17.0,     18.0,     53.0,  9, 10, 11,  9,    2063333,    2063333,    2063333,    2063333
23,    2069192,     62.0,     61.0,     62.0,    191.0,  9, 10, 11, 10,    2063307,    2063307,    2063307,    2063307
23,    2581372,     56.0,     53.0,     55.0,    167.0,  9, 10, 11, 10,    2812531,    2812531,    2812531,    2812531
23,    2581373,     56.0,     53.0,     55.0,    167.0,  9, 10, 11, 10,    2812531,    2812531,    2812531,    2812531
23,    2581388,     55.0,     52.0,     55.0,    166.0,  9, 10, 11, 10,    2812531,    2812531,    2812531,    2812531
23,    2537276,     51.0,     51.0,     51.0,    155.0,  9, 10, 11,  9,    2381240,    2381240,    2381240,    2381240
23,    1272340,     63.0,     64.0,     63.0,    192.0,  9, 10, 11,  9,    2420232,    2420232,    2420232,    2420232
23,    2538869,     18.0,     18.0,     18.0,     55.0,  9, 10, 11,  9,    2382093,    2382093,    2382093,    2382093
23,    2714101,     51.0,     51.0,     51.0,    154.0,  9, 10, 11,  9,    2466092,    2466092,    2466092,    2466092
24,    2069113,     25.0,     26.0,     25.0,     77.0, 12, 10, 12,  9,    2063317,    2063317,    2063317,    2063317
24,    1272375,     51.0,     51.0,     51.0,    145.0,  4,  5,  6,  4,     455226,     455226,     455226,    1272375
24,    2575617,     69.0,     69.0,     70.0,    206.0, 12, 12, 11,  9,    2812510,    2812510,    2812510,    2812510
24,    3564191,     54.0,     54.0,     54.0,    161.0,  9, 12, 12,  9,    2812544,    2812544,    2812544,    2812544
24,    3564181,     53.0,     54.0,     54.0,    161.0, 12, 10, 11,  9,    2812540,    2812540,    2812540,    2812540
24,    3564201,     55.0,     55.0,     54.0,    163.0, 12, 10, 12, 11,    2812550,    2812550,    2812550,    2812550
24,    3564147,     53.0,     53.0,     53.0,    159.0,  9, 10, 11, 10,    2812526,    2812526,    2812526,    2812526
24,    1272418,     57.0,     56.0,     56.0,    166.0, 12, 12, 12, 10,    2812568,    2812568,    2812568,    2812568
24,    1272465,     19.0,     19.0,     19.0,     60.0, 12, 12, 12, 10,    1423585,    1423585,    1423585,    1423585
24,    2069187,     19.0,     19.0,     19.0,     59.0, 12, 12, 12, 11,    2063333,    2063333,    2063333,    2063333
24,    2069192,     70.0,     71.0,     70.0,    207.0, 12, 12, 12,  9,    2063307,    2063307,    2063307,    2063364
24,    2581372,     71.0,     74.0,     71.0,    218.0, 12, 12, 12,  9,    2651934,    2651934,    2812531,    2651934
24,    2581373,     71.0,     74.0,     70.0,    218.0, 12, 12, 12,  9,    2651934,    2651934,    2812546,    2651934
24,    2581388,     72.0,     75.0,     71.0,    219.0, 12, 12, 12,  9,    2651934,    2651934,    2812531,    2651934
24,    2537276,     53.0,     53.0,     53.0,    160.0, 12, 10, 12, 10,    2381240,    2381240,    2381240,    2381240
24,    1272340,     67.0,     66.0,     67.0,    204.0, 12, 12, 12,  9,    1423543,    2420232,    1423543,    1423543
24,    2538869,     19.0,     19.0,     19.0,     58.0,  9, 10, 11,  9,    2382093,    2382093,    2382093,    2382093
24,    2714101,     54.0,     53.0,     54.0,    161.0,  9, 12, 11, 10,    2466092,    2466092,    2466092,    2466092
25,    2069113,     25.0,     26.0,     25.0,     77.0, 12, 10, 12,  9,    2063317,    2063317,    2063317,    2063317
25,    1272375,     51.0,     51.0,     51.0,    145.0,  4,  5,  6,  4,     455226,     455226,     455226,    1272375
25,    2575617,     69.0,     69.0,     69.0,    206.0, 12, 12, 12,  9,    2812510,    2812510,    2812510,    2812510
25,    3564191,     54.0,     54.0,     54.0,    161.0,  9, 12, 12,  9,    2812544,    2812544,    2812544,    2812544
25,    3564181,     53.0,     54.0,     54.0,    161.0, 12, 10, 11,  9,    2812540,    2812540,    2812540,    2812540
25,    3564201,     55.0,     56.0,     53.0,    163.0, 12, 12, 12, 11,    2812550,    2812550,    2812550,    2812550
25,    3564147,     53.0,     53.0,     53.0,    159.0,  9, 10, 11, 10,    2812526,    2812526,    2812526,    2812526
25,    1272418,     57.0,     56.0,     57.0,    166.0,  9, 12, 11, 10,    2812568,    2812568,    2812568,    2812568
25,    1272465,     19.0,     19.0,     20.0,     59.0, 12, 12, 11, 10,    1423585,    1423585,    1423585,    1423585
25,    2069187,     19.0,     19.0,     19.0,     59.0, 12, 12, 12,  9,    2063333,    2063333,    2063333,    2063333
25,    2069192,     70.0,     71.0,     70.0,    207.0, 12, 12, 12,  9,    2063307,    2063307,    2063307,    2063364
25,    2581372,     69.0,     76.0,     69.0,    218.0, 12, 12, 12,  9,    2651934,    2651934,    2812531,    2651934
25,    2581373,     69.0,     76.0,     69.0,    218.0, 12, 12, 12,  9,    2651934,    2651934,    2812531,    2651934
25,    2581388,     69.0,     76.0,     70.0,    219.0, 12, 12, 12,  9,    2812531,    2651934,    2812531,    2651934
25,    2537276,     53.0,     53.0,     53.0,    160.0, 12, 10, 11, 10,    2381240,    2381240,    2381240,    2381240
25,    1272340,     67.0,     67.0,     67.0,    204.0, 12, 12, 12,  9,    1423543,    1423543,    1423543,    1423543
25,    2538869,     19.0,     19.0,     19.0,     58.0,  9, 10, 11,  9,    2382093,    2382093,    2382093,    2382093
25,    2714101,     54.0,     53.0,     54.0,    161.0,  9, 12, 11,  9,    2466092,    2466092,    2466092,    2466092
26,    2069113,     25.0,     26.0,     25.0,     77.0, 12, 10, 12,  9,    2063317,    2063317,    2063317,    2063317
26,    1272375,     51.0,     51.0,     51.0,    144.0,  4,  5,  6,  6,     455226,     455226,     455226,    1272375
26,    2575617,     69.0,     69.0,     70.0,    205.0, 12, 12, 11, 10,    2812510,    2812510,    2812510,    2812510
26,    3564191,     54.0,     54.0,     54.0,    161.0,  9, 12, 11,  9,    2812544,    2812544,    2812544,    2812544
26,    3564181,     54.0,     54.0,     54.0,    161.0,  9, 10, 11,  9,    2812540,    2812540,    2812540,    2812540
26,    3564201,     53.0,     57.0,     53.0,    163.0, 12, 12, 12,  9,    2812550,    2812550,    2812550,    2812550
26,    3564147,     53.0,     53.0,     53.0,    159.0,  9, 10, 11, 10,    2812526,    2812526,    2812526,    2812526
26,    1272418,     56.0,     56.0,     57.0,    166.0, 12, 12, 11,  9,    2812568,    2812568,    2812568,    2812568
26,    1272465,     19.0,     19.0,     20.0,     59.0, 12, 12, 11,  9,    1423585,    1423585,    1423585,    1423585
26,    2069187,     19.0,     19.0,     19.0,     59.0, 12, 12, 12,  9,    2063333,    2063333,    2063333,    2063333
26,    2069192,     71.0,     70.0,     70.0,    207.0,  9, 12, 12,  9,    2063307,    2063323,    2063307,    2063364
26,    2581372,     69.0,     73.0,     72.0,    214.0, 12, 12, 12,  9,    2812531,    2651934,    2812531,    2651934
26,    2581373,     69.0,     72.0,     71.0,    213.0, 12, 12, 12,  9,    2812531,    2651934,    2812531,    2651934
26,    2581388,     70.0,     73.0,     72.0,    215.0, 12, 12, 12,  9,    2812531,    2651934,    2812531,    2651934
26,    2537276,     53.0,     53.0,     53.0,    160.0, 12, 10, 11, 10,    2381240,    2381240,    2381240,    2381240
26,    1272340,     67.0,     67.0,     67.0,    203.0, 12, 12, 12,  9,    1423543,    1423543,    1423543,    1423543
26,    2538869,     19.0,     19.0,     19.0,     58.0,  9, 10, 11,  9,    2382093,    2382093,    2382093,    2382093
26,    2714101,     54.0,     53.0,     54.0,    161.0,  9, 12, 11,  9,    2466092,    2466092,    2466092,    2466092
27,    2069113,     25.0,     26.0,     25.0,     77.0, 12, 10, 12,  9,    2063317,    2063317,    2063317,    2063317
27,    1272375,     51.0,     51.0,     51.0,    144.0,  4,  5,  6,  6,     455226,     455226,     455226,    1272375
27,    2575617,     69.0,     69.0,     70.0,    206.0, 12, 12, 11,  9,    2812510,    2812510,    2812510,    2812510
27,    3564191,     54.0,     54.0,     54.0,    161.0,  9, 12, 11,  9,    2812544,    2812544,    2812544,    2812544
27,    3564181,     54.0,     54.0,     54.0,    161.0,  9, 10, 11,  9,    2812540,    2812540,    2812540,    2812540
27,    3564201,     53.0,     57.0,     53.0,    163.0, 12, 12, 12,  9,    2812550,    2812550,    2812550,    2812550
27,    3564147,     53.0,     53.0,     53.0,    159.0,  9, 10, 11,  9,    2812526,    2812526,    2812526,    2812526
27,    1272418,     56.0,     57.0,     57.0,    165.0, 12, 10, 11, 11,    2812568,    2812568,    2812568,    2812568
27,    1272465,     19.0,     19.0,     19.0,     59.0, 12, 12, 12,  9,    1423585,    1423585,    1423585,    1423585
27,    2069187,     19.0,     19.0,     19.0,     59.0, 12, 12, 11,  9,    2063333,    2063333,    2063333,    2063333
27,    2069192,     70.0,     71.0,     70.0,    207.0, 12, 12, 12,  9,    2063307,    2063307,    2063307,    2063364
27,    2581372,     69.0,     72.0,     71.0,    212.0, 12, 12, 12,  9,    2812531,    2651934,    2812531,    2651934
27,    2581373,     69.0,     72.0,     71.0,    212.0, 12, 12, 12,  9,    2812531,    2651934,    2812531,    2651934
27,    2581388,     70.0,     73.0,     72.0,    213.0, 12, 12, 12,  9,    2812531,    2651934,    2812531,    2651934
27,    2537276,     53.0,     53.0,     53.0,    160.0, 12, 10, 11, 10,    2381240,    2381240,    2381240,    2381240
27,    1272340,     67.0,     67.0,     67.0,    204.0, 12, 12, 12,  9,    1423543,    1423543,    1423543,    1423543
27,    2538869,     19.0,     19.0,     19.0,     58.0,  9, 10, 11,  9,    2382093,    2382093,    2382093,    2382093
27,    2714101,     54.0,     53.0,     54.0,    161.0,  9, 12, 11,  9,    2466092,    2466092,    2466092,    2466092
28,    2069113,     25.0,     26.0,     25.0,     77.0, 12, 10, 12,  9,    2063317,    2063317,    2063317,    2063317
28,    1272375,     51.0,     51.0,     51.0,    145.0,  4,  5,  6,  4,     455226,     455226,     455226,    1272375
28,    2575617,     69.0,     69.0,     70.0,    206.0, 12, 12, 11,  9,    2812510,    2812510,    2812510,    2812510
28,    3564191,     54.0,     54.0,     54.0,    161.0,  9, 12, 12,  9,    2812544,    2812544,    2812544,    2812544
28,    3564181,     53.0,     54.0,     54.0,    161.0, 12, 10, 11,  9,    2812540,    2812540,    2812540,    2812540
28,    3564201,     55.0,     55.0,     54.0,    163.0,  9, 10, 12,  9,    2812550,    2812550,    2812550,    2812550
28,    3564147,     53.0,     53.0,     53.0,    159.0,  9, 10, 11,  9,    2812526,    2812526,    2812526,    2812526
28,    1272418,     56.0,     56.0,     57.0,    165.0, 12, 12, 11, 10,    2812568,    2812568,    2812568,    2812568
28,    1272465,     19.0,     19.0,     20.0,     59.0, 12, 12, 11,  9,    1423585,    1423585,    1423585,    1423585
28,    2069187,     19.0,     19.0,     19.0,     59.0, 12, 12, 12,  9,    2063333,    2063333,    2063333,    2063333
28,    2069192,     70.0,     71.0,     70.0,    207.0, 12, 12, 12,  9,    2063307,    2063307,    2063307,    2063364
28,    2581372,     73.0,     72.0,     71.0,    214.0, 12, 12, 12, 10,    2651934,    2651934,    2812541,    2651934
28,    2581373,     73.0,     72.0,     71.0,    214.0, 12, 12, 12, 10,    2651934,    2651934,    2812531,    2651934
28,    2581388,     73.0,     73.0,     72.0,    215.0, 12, 12, 12, 10,    2812531,    2651934,    2812531,    2651934
28,    2537276,     53.0,     53.0,     53.0,    160.0, 12, 10, 11, 10,    2381240,    2381240,    2381240,    2381240
28,    1272340,     67.0,     67.0,     67.0,    204.0, 12, 12, 12,  9,    1423543,    1423543,    1423543,    1423543
28,    2538869,     19.0,     19.0,     19.0,     58.0,  9, 10, 11,  9,    2382093,    2382093,    2382093,    2382093
28,    2714101,     54.0,     53.0,     54.0,    160.0,  9, 12, 11, 10,    2466092,    2466092,    2466092,    2466092
29,    2069113,     25.0,     26.0,     25.0,     77.0, 12, 10, 12,  9,    2063317,    2063317,    2063317,    2063317
29,    1272375,     51.0,     51.0,     51.0,    145.0,  4,  5,  6,  4,     455226,     455226,     455226,    1272375
29,    2575617,     69.0,     69.0,     70.0,    205.0, 12, 12, 11, 10,    2812510,    2812510,    2812510,    2812510
29,    3564191,     54.0,     54.0,     54.0,    161.0,  9, 12, 11,  9,    2812544,    2812544,    2812544,    2812544
29,    3564181,     54.0,     54.0,     54.0,    161.0,  9, 10, 11,  9,    2812540,    2812540,    2812540,    2812540
29,    3564201,     55.0,     55.0,     54.0,    163.0,  9, 10, 12,  9,    2812550,    2812550,    2812550,    2812550
29,    3564147,     53.0,     53.0,     53.0,    159.0,  9, 10, 11, 10,    2812526,    2812526,    2812526,    2812526
29,    1272418,     57.0,     57.0,     57.0,    165.0,  9, 10, 11, 10,    2812568,    2812568,    2812568,    2812568
29,    1272465,     19.0,     19.0,     19.0,     59.0, 12, 12, 12,  9,    1423585,    1423585,    1423585,    1423585
29,    2069187,     19.0,     19.0,     19.0,     59.0, 12, 12, 12,  9,    2063333,    2063333,    2063333,    2063333
29,    2069192,     70.0,     70.0,     70.0,    207.0, 12, 12, 12,  9,    2063307,    2063323,    2063307,    2063364
29,    2581372,     72.0,     73.0,     72.0,    213.0, 12, 12, 12, 10,    2651934,    2651934,    2812531,    2651934
29,    2581373,     72.0,     72.0,     72.0,    212.0, 12, 12, 12, 10,    2651934,    2651934,    2812531,    2651934
29,    2581388,     73.0,     73.0,     72.0,    214.0, 12, 12, 12, 10,    2651934,    2651934,    2812541,    2651934
29,    2537276,     53.0,     53.0,     53.0,    160.0, 12, 10, 11, 10,    2381240,    2381240,    2381240,    2381240
29,    1272340,     67.0,     67.0,     68.0,    204.0, 12, 12, 11,  9,    1423543,    1423543,    1423543,    1423543
29,    2538869,     19.0,     19.0,     19.0,     58.0,  9, 10, 11,  9,    2382093,    2382093,    2382093,    2382093
29,    2714101,     54.0,     53.0,     54.0,    160.0,  9, 12, 11, 10,    2466092,    2466092,    2466092,    2466092
30,    2069113,     25.0,     26.0,     25.0,     77.0, 12, 10, 12,  9,    2063317,    2063317,    2063317,    2063317
30,    1272375,     51.0,     51.0,     51.0,    145.0,  4,  5,  6,  4,     455226,     455226,     455226,    1272375
30,    2575617,     69.0,     70.0,     69.0,    206.0, 12, 10, 12,  9,    2812510,    2812510,    2812510,    2812510
30,    3564191,     54.0,     55.0,     54.0,    161.0,  9, 10, 11,  9,    2812544,    2812544,    2812544,    2812544
30,    3564181,     54.0,     54.0,     54.0,    161.0,  9, 10, 11,  9,    2812540,    2812540,    2812540,    2812540
30,    3564201,     55.0,     55.0,     54.0,    163.0,  9, 10, 12, 11,    2812550,    2812550,    2812550,    2812550
30,    3564147,     53.0,     53.0,     53.0,    159.0,  9, 10, 11,  9,    2812526,    2812526,    2812526,    2812526
30,    1272418,     57.0,     57.0,     56.0,    166.0,  9, 10, 12, 10,    2812568,    2812568,    2812568,    2812568
30,    1272465,     19.0,     19.0,     19.0,     59.0, 12, 12, 12, 10,    1423585,    1423585,    1423585,    1423585
30,    2069187,     19.0,     19.0,     19.0,     59.0, 12, 12, 11,  9,    2063333,    2063333,    2063333,    2063333
30,    2069192,     70.0,     71.0,     70.0,    207.0, 12, 12, 12,  9,    2063307,    2063307,    2063307,    2063364
30,    2581372,     74.0,     70.0,     72.0,    213.0, 12, 12, 12, 10,    2651934,    2651934,    2812531,    2651934
30,    2581373,     74.0,     70.0,     72.0,    212.0, 12, 12, 12, 10,    2651934,    2651934,    2812531,    2651934
30,    2581388,     75.0,     70.0,     73.0,    214.0, 12, 12, 12, 10,    2651934,    2651934,    2812531,    2651934
30,    2537276,     53.0,     53.0,     53.0,    160.0, 12, 10, 11,  9,    2381240,    2381240,    2381240,    2381240
30,    1272340,     67.0,     67.0,     68.0,    204.0, 12, 12, 12,  9,    1423543,    1423543,    1423543,    1423543
30,    2538869,     19.0,     19.0,     19.0,     58.0,  9, 10, 11,  9,    2382093,    2382093,    2382093,    2382093
30,    2714101,     54.0,     53.0,     53.0,    161.0,  9, 12, 12,  9,    2466092,    2466092,    2466092,    2466092
31,    2069113,     25.0,     26.0,     25.0,     77.0, 12, 10, 12,  9,    2063317,    2063317,    2063317,    2063317
31,    1272375,     51.0,     51.0,     51.0,    144.0,  4,  5,  6,  6,     455226,     455226,     455226,    1272375
31,    2575617,     69.0,     69.0,     70.0,    206.0, 12, 12, 11,  9,    2812510,    2812525,    2812510,    2812510
31,    3564191,     54.0,     54.0,     54.0,    162.0,  9, 12, 12,  9,    2812544,    2812544,    2812544,    2812544
31,    3564181,     54.0,     54.0,     54.0,    162.0,  9, 10, 11,  9,    2812540,    2812540,    2812540,    2812540
31,    3564201,     55.0,     55.0,     54.0,    163.0,  9, 10, 12,  9,    2812550,    2812550,    2812550,    2812550
31,    3564147,     53.0,     53.0,     53.0,    159.0,  9, 10, 11,  9,    2812526,    2812526,    2812526,    2812526
31,    1272418,     56.0,     57.0,     57.0,    166.0, 12, 10, 11,  9,    2812568,    2812568,    2812568,    2812568
31,    1272465,     19.0,     19.0,     19.0,     59.0, 12, 12, 12, 10,    1423585,    1423585,    1423585,    1423585
31,    2069187,     19.0,     19.0,     19.0,     59.0, 12, 12, 12, 11,    2063333,    2063333,    2063333,    2063333
31,    2069192,     71.0,     71.0,     70.0,    207.0,  9, 12, 12,  9,    2063307,    2063307,    2063307,    2063364
31,    2581372,     72.0,     70.0,     74.0,    214.0, 12, 12, 12, 10,    2651934,    2651934,    2812531,    2651934
31,    2581373,     71.0,     70.0,     74.0,    214.0, 12, 12, 12, 10,    2812531,    2651934,    2812531,    2651934
31,    2581388,     72.0,     71.0,     74.0,    215.0, 12, 12, 12, 10,    2651934,    2651934,    2812531,    2651934
31,    2537276,     53.0,     53.0,     53.0,    160.0,  9, 12, 11,  9,    2381240,    2381240,    2381240,    2381240
31,    1272340,     67.0,     67.0,     67.0,    203.0, 12, 12, 12,  9,    1423543,    1423543,    1423543,    1423543
31,    2538869,     19.0,     19.0,     19.0,     58.0,  9, 10, 11,  9,    2382093,    2382093,    2382093,    2382093
31,    2714101,     54.0,     53.0,     53.0,    160.0, 12, 12, 12, 10,    2466092,    2466092,    2466092,    2466092
32,    2069113,     25.0,     26.0,     25.0,     77.0, 12, 10, 12, 11,    2063317,    2063317,    2063317,    2063317
32,    1272375,     51.0,     51.0,     51.0,    145.0,  4,  5,  6,  5,    1272375,     455226,     455226,    1272375
32,    2575617,     69.0,     69.0,     70.0,    206.0, 12, 12, 11,  9,    2812510,    2812510,    2812510,    2812510
32,    3564191,     54.0,     54.0,     54.0,    162.0,  9, 12, 12,  9,    2812544,    2812544,    2812544,    2812544
32,    3564181,     54.0,     54.0,     54.0,    161.0,  9, 10, 11,  9,    2812540,    2812540,    2812540,    2812540
32,    3564201,     54.0,     56.0,     53.0,    163.0, 12, 12, 12,  9,    2812550,    2812550,    2812550,    2812550
32,    3564147,     53.0,     53.0,     53.0,    159.0,  9, 10, 11,  9,    2812526,    2812526,    2812526,    2812526
32,    1272418,     57.0,     57.0,     56.0,    165.0,  9, 10, 12, 11,    2812568,    2812568,    2812568,    2812568
32,    1272465,     19.0,     19.0,     19.0,     59.0, 12, 12, 12, 11,    1423585,    1423585,    1423585,    1423585
32,    2069187,     19.0,     19.0,     19.0,     59.0, 12, 12, 12, 11,    2063333,    2063333,    2063333,    2063333
32,    2069192,     71.0,     71.0,     70.0,    207.0, 12, 12, 12,  9,    2063307,    2063307,    2063307,    2063364
32,    2581372,     71.0,     71.0,     73.0,    214.0, 12, 12, 12, 10,    2812531,    2651934,    2812531,    2651934
32,    2581373,     71.0,     71.0,     73.0,    214.0, 12, 12, 12, 10,    2812531,    2651934,    2812531,    2651934
32,    2581388,     72.0,     72.0,     74.0,    215.0, 12, 12, 12, 10,    2651934,    2651934,    2812531,    2651934
32,    2537276,     53.0,     53.0,     53.0,    160.0, 12, 10, 12, 10,    2381240,    2381240,    2381240,    2381240
32,    1272340,     67.0,     66.0,     67.0,    204.0, 12, 12, 12,  9,    1423543,    2420232,    1423543,    1423543
32,    2538869,     19.0,     19.0,     19.0,     58.0,  9, 10, 11,  9,    2382093,    2382093,    2382093,    2382093
32,    2714101,     54.0,     53.0,     53.0,    161.0, 12, 12, 12, 10,    2466092,    2466092,    2466092,    2466092
33,    2069113,     25.0,     26.0,     25.0,     77.0, 12, 10, 12,  9,    2063317,    2063317,    2063317,    2063317
33,    1272375,     51.0,     51.0,     51.0,    146.0,  4,  5,  6,  4,    1272375,    1272375,    1272375,    1272375
33,    2575617,     69.0,     69.0,     70.0,    206.0, 12, 12, 12,  9,    2812510,    2812510,    2812510,    2812510
33,    3564191,     53.0,     55.0,     54.0,    162.0, 12, 12, 12,  9,    2812544,    2812544,    2812544,    2812544
33,    3564181,     53.0,     54.0,     54.0,    161.0, 12, 10, 11,  9,    2812540,    2812540,    2812540,    2812540
33,    3564201,     54.0,     56.0,     53.0,    163.0, 12, 12, 12,  9,    2812550,    2812550,    2812550,    2812550
33,    3564147,     53.0,     53.0,     53.0,    159.0,  9, 10, 11, 10,    2812526,    2812526,    2812526,    2812526
33,    1272418,     57.0,     57.0,     56.0,    166.0, 12, 10, 12, 11,    2812568,    2812568,    2812568,    2812568
33,    1272465,     19.0,     19.0,     19.0,     59.0, 12, 12, 12, 11,    1423585,    1423585,    1423585,    1423585
33,    2069187,     20.0,     19.0,     19.0,     61.0, 12, 12, 12, 10,    2063333,    2063333,    2063333,    2063333
33,    2069192,     71.0,     70.0,     70.0,    207.0, 12, 12, 12,  9,    2063307,    2063323,    2063307,    2063364
33,    2581372,     68.0,     75.0,     70.0,    216.0, 12, 12, 12,  9,    2812531,    2651934,    2812531,    2651934
33,    2581373,     68.0,     75.0,     70.0,    216.0, 12, 12, 12,  9,    2812531,    2651934,    2812531,    2651934
33,    2581388,     68.0,     75.0,     71.0,    217.0, 12, 12, 12,  9,    2812531,    2651934,    2812531,    2651934
33,    2537276,     52.0,     53.0,     54.0,    160.0, 12, 12, 11, 10,    2381240,    2381240,    2381240,    2381240
33,    1272340,     66.0,     67.0,     67.0,    205.0, 12, 12, 12,  9,    2420232,    2420232,    1423543,    1423543
33,    2538869,     19.0,     19.0,     19.0,     58.0,  9, 10, 11,  9,    2382093,    2382093,    2382093,    2382093
33,    2714101,     54.0,     53.0,     54.0,    161.0,  9, 12, 11, 10,    2466092,    2466092,    2466092,    2466092
34,    2069113,     25.0,     26.0,     26.0,     77.0, 12, 10, 11,  9,    2063317,    2063317,    2063317,    2063317
34,    1272375,     51.0,     51.0,     51.0,    145.0,  4,  5,  6,  5,    1272375,     455226,     455226,    1272375
34,    2575617,     69.0,     69.0,     70.0,    206.0, 12, 12, 12, 10,    2812510,    2812510,    2812510,    2812510
34,    3564191,     54.0,     54.0,     54.0,    164.0, 12, 12, 12, 10,    2812544,    2812544,    2812544,    2812544
34,    3564181,     53.0,     54.0,     54.0,    161.0, 12, 10, 11,  9,    2812540,    2812540,    2812540,    2812540
34,    3564201,     54.0,     56.0,     53.0,    163.0, 12, 12, 12,  9,    2812550,    2812550,    2812550,    2812550
34,    3564147,     53.0,     53.0,     53.0,    159.0,  9, 10, 11, 10,    2812526,    2812526,    2812526,    2812526
34,    1272418,     57.0,     57.0,     56.0,    166.0,  9, 10, 12, 10,    2812568,    2812568,    2812568,    2812568
34,    1272465,     19.0,     19.0,     19.0,     59.0, 12, 12, 12, 10,    1423585,    1423585,    1423585,    1423585
34,    2069187,     19.0,     19.0,     19.0,     61.0, 12, 12, 12,  9,    2063333,    2063333,    2063333,    2063333
34,    2069192,     70.0,     70.0,     71.0,    207.0, 12, 12, 12,  9,    2063307,    2063307,    2063307,    2063364
34,    2581372,     70.0,     73.0,     70.0,    222.0, 12, 12, 12,  9,    2812531,    2651934,    2812546,    2651934
34,    2581373,     70.0,     73.0,     70.0,    221.0, 12, 12, 12,  9,    2812531,    2651934,    2812541,    2651934
34,    2581388,     71.0,     74.0,     71.0,    223.0, 12, 12, 12,  9,    2812531,    2651934,    2812531,    2651934
34,    2537276,     53.0,     53.0,     54.0,    160.0, 12, 10, 11, 10,    2381240,    2381240,    2381240,    2381240
34,    1272340,     67.0,     66.0,     68.0,    204.0, 12, 12, 12,  9,    1423543,    2420232,    1423543,    1423543
34,    2538869,     19.0,     19.0,     19.0,     58.0,  9, 10, 11,  9,    2382093,    2382093,    2382093,    2382093
34,    2714101,     54.0,     53.0,     53.0,    161.0,  9, 12, 12, 10,    2466092,    2466092,    2466092,    2466092
35,    2069113,     25.0,     26.0,     25.0,     77.0, 12, 10, 12,  9,    2063317,    2063317,    2063317,    2063317
35,    1272375,     51.0,     51.0,     51.0,    145.0,  4,  5,  6,  5,    1272375,     455226,    1272375,    1272375
35,    2575617,     69.0,     69.0,     70.0,    206.0, 12, 12, 12,  9,    2812510,    2812510,    2812510,    2812510
35,    3564191,     54.0,     55.0,     53.0,    162.0, 12, 12, 12, 11,    2812544,    2812544,    2812544,    2812544
35,    3564181,     53.0,     54.0,     54.0,    161.0, 12, 12, 11,  9,    2812540,    2812540,    2812540,    2812540
35,    3564201,     52.0,     59.0,     52.0,    163.0, 12, 12, 12,  9,    2812550,    2812550,    2812550,    2812550
35,    3564147,     53.0,     53.0,     53.0,    159.0,  9, 10, 11,  9,    2812526,    2812526,    2812526,    2812526
35,    1272418,     57.0,     56.0,     56.0,    166.0, 12, 12, 12, 10,    2812568,    2812568,    2812568,    2812568
35,    1272465,     20.0,     19.0,     19.0,     59.0, 12, 12, 12, 10,    1423585,    1423585,    1423585,    1423585
35,    2069187,     19.0,     19.0,     19.0,     59.0, 12, 12, 12, 11,    2063333,    2063333,    2063333,    2063333
35,    2069192,     70.0,     71.0,     70.0,    207.0, 12, 12, 12,  9,    2063307,    2063307,    2063307,    2063364
35,    2581372,     67.0,     72.0,     71.0,    218.0, 12, 12, 12,  9,    2812531,    2651934,    2812531,    2651934
35,    2581373,     67.0,     71.0,     70.0,    218.0, 12, 12, 12,  9,    2812531,    2651934,    2812531,    2651934
35,    2581388,     67.0,     72.0,     71.0,    219.0, 12, 12, 12,  9,    2812531,    2651934,    2812531,    2651934
35,    2537276,     53.0,     53.0,     54.0,    160.0, 12, 10, 11, 10,    2381240,    2381240,    2381240,    2381240
35,    1272340,     67.0,     66.0,     68.0,    204.0, 12, 12, 12,  9,    1423543,    2420232,    1423543,    1423543
35,    2538869,     19.0,     19.0,     19.0,     58.0,  9, 10, 11,  9,    2382093,    2382093,    2382093,    2382093
35,    2714101,     55.0,     52.0,     53.0,    161.0,  9, 12, 12, 10,    2466092,    2466092,    2466092,    2466092
36,    2069113,     25.0,     27.0,     24.0,     77.0, 12, 12, 12, 11,    2063317,    2063317,    2063317,    2063317
36,    1272375,     51.0,     51.0,     51.0,    146.0,  4,  5,  6,  4,    1272375,    1272375,    1272375,    1272375
36,    2575617,     69.0,     69.0,     69.0,    206.0, 12, 12, 12, 10,    2812510,    2812510,    2812510,    2812510
36,    3564191,     54.0,     55.0,     53.0,    164.0, 12, 12, 12,  9,    2812544,    2812544,    2812544,    2812544
36,    3564181,     53.0,     54.0,     54.0,    161.0, 12, 10, 12,  9,    2812540,    2812540,    2812540,    2812540
36,    3564201,     53.0,     58.0,     52.0,    163.0, 12, 12, 12,  9,    2812550,    2812550,    2812550,    2812550
36,    3564147,     53.0,     53.0,     53.0,    159.0,  9, 10, 11,  9,    2812526,    2812526,    2812526,    2812526
36,    1272418,     57.0,     57.0,     55.0,    166.0, 12, 10, 12, 10,    2812568,    2812568,    2812568,    2812568
36,    1272465,     20.0,     20.0,     18.0,     59.0, 12, 10, 12, 10,    1423585,    1423585,    1423585,    1423585
36,    2069187,     19.0,     20.0,     19.0,     59.0, 12, 12, 12, 11,    2063333,    2063333,    2063333,    2063333
36,    2069192,     70.0,     70.0,     69.0,    206.0, 12, 10, 12, 10,    2063307,    2063364,    2063307,    2063364
36,    2581372,     67.0,     72.0,     72.0,    217.0, 12, 12, 12,  9,    2812531,    2651934,    2812531,    2651934
36,    2581373,     67.0,     71.0,     72.0,    217.0, 12, 12, 12,  9,    2812531,    2651934,    2812531,    2651934
36,    2581388,     68.0,     72.0,     72.0,    218.0, 12, 12, 12,  9,    2812531,    2651934,    2812541,    2651934
36,    2537276,     52.0,     53.0,     54.0,    160.0, 12, 10, 11, 10,    2381240,    2381240,    2381240,    2381240
36,    1272340,     67.0,     66.0,     67.0,    204.0, 12, 12, 12,  9,    1423543,    2420232,    1423543,    1423543
36,    2538869,     19.0,     19.0,     19.0,     58.0,  9, 10, 11,  9,    2382093,    2382093,    2382093,    2382093
36,    2714101,     53.0,     52.0,     54.0,    161.0, 12, 12, 12, 10,    2466092,    2466092,    2466092,    2466092
37,    2069113,     25.0,     26.0,     25.0,     77.0, 12, 12, 12,  9,    2063317,    2063317,    2063317,    2063317
37,    1272375,     51.0,     51.0,     51.0,    145.0,  4,  5,  6,  4,     455226,     455226,    1272375,    1272375
37,    2575617,     69.0,     69.0,     69.0,    206.0, 12, 12, 12,  9,    2812510,    2812510,    2812510,    2812510
37,    3564191,     54.0,     55.0,     54.0,    162.0, 12, 10, 12, 11,    2812544,    2812544,    2812544,    2812544
37,    3564181,     54.0,     54.0,     54.0,    161.0,  9, 10, 11,  9,    2812540,    2812540,    2812540,    2812540
37,    3564201,     54.0,     57.0,     53.0,    163.0, 12, 10, 12,  9,    2812550,    2812550,    2812550,    2812550
37,    3564147,     53.0,     53.0,     53.0,    159.0,  9, 10, 11,  9,    2812526,    2812526,    2812526,    2812526
37,    1272418,     59.0,     56.0,     54.0,    166.0, 12, 12, 12, 11,    2812568,    2812568,    2812568,    2812568
37,    1272465,     22.0,     18.0,     17.0,     59.0, 12, 12, 12, 11,    1423585,    1423585,    1423585,    1423585
37,    2069187,     19.0,     19.0,     19.0,     59.0, 12, 12, 12, 11,    2063333,    2063333,    2063333,    2063333
37,    2069192,     70.0,     71.0,     70.0,    207.0, 12, 12, 12,  9,    2063307,    2063323,    2063307,    2063364
37,    2581372,     72.0,     71.0,     71.0,    216.0, 12, 12, 12, 10,    2812531,    2651934,    2812531,    2651934
37,    2581373,     72.0,     70.0,     71.0,    215.0, 12, 12, 12, 10,    2812531,    2651934,    2812531,    2651934
37,    2581388,     72.0,     71.0,     71.0,    217.0, 12, 12, 12, 10,    2812531,    2651934,    2812541,    2651934
37,    2537276,     52.0,     52.0,     55.0,    160.0, 12, 12, 11, 10,    2381240,    2381240,    2381240,    2381240
37,    1272340,     66.0,     66.0,     68.0,    204.0, 12, 12, 12,  9,    2420232,    2420232,    1423543,    1423543
37,    2538869,     19.0,     19.0,     19.0,     58.0,  9, 10, 11,  9,    2382093,    2382093,    2382093,    2382093
37,    2714101,     54.0,     52.0,     54.0,    161.0,  9, 12, 12,  9,    2466092,    2466092,    2466092,    2466092
38,    2069113,     26.0,     25.0,     25.0,     77.0,  9, 12, 12, 11,    2063317,    2063317,    2063317,    2063317
38,    1272375,     51.0,     51.0,     51.0,    145.0,  4,  5,  6,  5,    1272375,     455226,    1272375,    1272375
38,    2575617,     70.0,     69.0,     69.0,    205.0,  9, 12, 12, 10,    2812510,    2812510,    2812510,    2812510
38,    3564191,     54.0,     54.0,     54.0,    162.0, 12, 12, 12,  9,    2812544,    2812544,    2812544,    2812544
38,    3564181,     54.0,     54.0,     54.0,    161.0,  9, 10, 11,  9,    2812540,    2812540,    2812540,    2812540
38,    3564201,     54.0,     56.0,     53.0,    163.0, 12, 10, 12,  9,    2812550,    2812550,    2812550,    2812550
38,    3564147,     53.0,     53.0,     53.0,    159.0,  9, 10, 11,  9,    2812526,    2812526,    2812526,    2812526
38,    1272418,     57.0,     57.0,     56.0,    166.0, 12, 10, 12, 11,    2812568,    2812568,    2812568,    2812568
38,    1272465,     19.0,     19.0,     19.0,     60.0, 12, 12, 12, 10,    1423585,    1423585,    1423585,    1423585
38,    2069187,     19.0,     19.0,     19.0,     59.0, 12, 12, 12, 11,    2063333,    2063333,    2063333,    2063333
38,    2069192,     71.0,     71.0,     70.0,    207.0, 12, 12, 12,  9,    2063307,    2063307,    2063307,    2063364
38,    2581372,     69.0,     73.0,     73.0,    215.0, 12, 12, 12,  9,    2812531,    2651934,    2812531,    2651934
38,    2581373,     69.0,     73.0,     72.0,    215.0, 12, 12, 12,  9,    2812531,    2651934,    2812531,    2651934
38,    2581388,     69.0,     74.0,     73.0,    216.0, 12, 12, 12,  9,    2812531,    2651934,    2812531,    2651934
38,    2537276,     52.0,     53.0,     54.0,    160.0, 12, 10, 11, 10,    2381240,    2381240,    2381240,    2381240
38,    1272340,     67.0,     66.0,     67.0,    204.0, 12, 12, 12,  9,    1423543,    2420232,    1423543,    1423543
38,    2538869,     19.0,     19.0,     19.0,     58.0,  9, 10, 11,  9,    2382093,    2382093,    2382093,    2382093
38,    2714101,     54.0,     52.0,     54.0,    162.0, 12, 12, 12, 10,    2466092,    2466092,    2466092,    2466092
39,    2069113,     25.0,     26.0,     26.0,     77.0, 12, 10, 11,  9,    2063317,    2063317,    2063317,    2063317
39,    1272375,     51.0,     51.0,     51.0,    145.0,  4,  5,  6,  5,    1272375,     455226,     455226,    1272375
39,    2575617,     69.0,     69.0,     70.0,    206.0, 12, 12, 11, 10,    2812510,    2812510,    2812510,    2812510
39,    3564191,     54.0,     55.0,     54.0,    162.0, 12, 10, 11,  9,    2812544,    2812544,    2812544,    2812544
39,    3564181,     53.0,     54.0,     54.0,    161.0, 12, 10, 11,  9,    2812540,    2812540,    2812540,    2812540
39,    3564201,     54.0,     56.0,     53.0,    163.0, 12, 10, 12, 11,    2812550,    2812550,    2812550,    2812550
39,    3564147,     53.0,     53.0,     53.0,    159.0,  9, 10, 11,  9,    2812526,    2812526,    2812526,    2812526
39,    1272418,     56.0,     57.0,     56.0,    166.0, 12, 12, 12, 11,    2812568,    2812568,    2812568,    2812568
39,    1272465,     19.0,     20.0,     18.0,     59.0, 12, 12, 12, 11,    1423585,    1423585,    1423585,    1423585
39,    2069187,     19.0,     20.0,     19.0,     59.0, 12, 10, 12, 11,    2063333,    2063333,    2063333,    2063333
39,    2069192,     70.0,     71.0,     70.0,    207.0, 12, 12, 12,  9,    2063307,    2063307,    2063307,    2063364
39,    2581372,     70.0,     73.0,     72.0,    214.0, 12, 12, 12,  9,    2812531,    2651934,    2812531,    2651934
39,    2581373,     70.0,     73.0,     72.0,    214.0, 12, 12, 12,  9,    2651934,    2651934,    2812531,    2651934
39,    2581388,     70.0,     74.0,     72.0,    215.0, 12, 12, 12,  9,    2812531,    2651934,    2812531,    2651934
39,    2537276,     52.0,     53.0,     54.0,    160.0, 12, 10, 11, 10,    2381240,    2381240,    2381240,    2381240
39,    1272340,     67.0,     66.0,     67.0,    204.0, 12, 12, 12,  9,    1423543,    2420232,    1423543,    1423543
39,    2538869,     19.0,     19.0,     19.0,     58.0,  9, 10, 11,  9,    2382093,    2382093,    2382093,    2382093
39,    2714101,     55.0,     53.0,     53.0,    162.0,  9, 12, 12, 10,    2466092,    2466092,    2466092,    2466092
40,    2069113,     25.0,     26.0,     25.0,     77.0, 12, 10, 12,  9,    2063317,    2063317,    2063317,    2063317
40,    1272375,     51.0,     51.0,     51.0,    145.0,  4,  5,  6,  4,     455226,     455226,     455226,    1272375
40,    2575617,     70.0,     69.0,     69.0,    206.0,  9, 12, 12,  9,    2812510,    2812510,    2812510,    2812510
40,    3564191,     54.0,     55.0,     54.0,    162.0, 12, 10, 12,  9,    2812544,    2812544,    2812544,    2812544
40,    3564181,     53.0,     54.0,     54.0,    161.0, 12, 10, 11,  9,    2812540,    2812540,    2812540,    2812540
40,    3564201,     54.0,     56.0,     53.0,    163.0, 12, 12, 12,  9,    2812550,    2812550,    2812550,    2812550
40,    3564147,     53.0,     53.0,     53.0,    159.0,  9, 10, 11,  9,    2812526,    2812526,    2812526,    2812526
40,    1272418,     57.0,     57.0,     56.0,    166.0,  9, 10, 12, 11,    2812568,    2812568,    2812568,    2812568
40,    1272465,     19.0,     19.0,     19.0,     59.0, 12, 12, 12, 11,    1423585,    1423585,    1423585,    1423585
40,    2069187,     19.0,     19.0,     19.0,     59.0, 12, 12, 12,  9,    2063333,    2063333,    2063333,    2063333
40,    2069192,     70.0,     71.0,     71.0,    207.0, 12, 12, 12,  9,    2063307,    2063307,    2063307,    2063364
40,    2581372,     70.0,     72.0,     72.0,    214.0, 12, 12, 12,  9,    2812531,    2651934,    2812531,    2651934
40,    2581373,     70.0,     72.0,     72.0,    213.0, 12, 12, 12,  9,    2812531,    2651934,    2812531,    2651934
40,    2581388,     71.0,     73.0,     72.0,    215.0, 12, 12, 12,  9,    2812531,    2651934,    2812531,    2651934
40,    2537276,     53.0,     53.0,     54.0,    160.0, 12, 10, 11, 10,    2381240,    2381240,    2381240,    2381240
40,    1272340,     67.0,     67.0,     67.0,    204.0, 12, 12, 12,  9,    1423543,    2420232,    1423543,    1423543
40,    2538869,     19.0,     19.0,     19.0,     58.0,  9, 10, 11,  9,    2382093,    2382093,    2382093,    2382093
40,    2714101,     54.0,     53.0,     53.0,    161.0,  9, 12, 12, 10,    2466092,    2466092,    2466092,    2466092
41,    2069113,     25.0,     26.0,     25.0,     77.0, 12, 10, 12,  9,    2063317,    2063317,    2063317,    2063317
41,    1272375,     51.0,     51.0,     51.0,    145.0,  4,  5,  6,  4,     455226,     455226,     455226,    1272375
41,    2575617,     69.0,     69.0,     69.0,    206.0, 12, 12, 12,  9,    2812510,    2812510,    2812510,    2812510
41,    3564191,     54.0,     55.0,     54.0,    162.0,  9, 10, 12,  9,    2812544,    2812544,    2812544,    2812544
41,    3564181,     54.0,     54.0,     53.0,    162.0, 12, 10, 12, 10,    2812540,    2812540,    2812540,    2812540
41,    3564201,     54.0,     56.0,     53.0,    163.0, 12, 12, 12,  9,    2812550,    2812550,    2812550,    2812550
41,    3564147,     53.0,     53.0,     53.0,    159.0,  9, 10, 11, 10,    2812526,    2812526,    2812526,    2812526
41,    1272418,     57.0,     57.0,     56.0,    166.0, 12, 10, 12, 11,    2812568,    2812568,    2812568,    2812568
41,    1272465,     20.0,     19.0,     19.0,     59.0,  9, 12, 12, 11,    1423585,    1423585,    1423585,    1423585
41,    2069187,     19.0,     19.0,     19.0,     60.0, 12, 12, 12, 11,    2063333,    2063333,    2063333,    2063333
41,    2069192,     70.0,     70.0,     70.0,    207.0, 12, 12, 12,  9,    2063307,    2063323,    2063307,    2063364
41,    2581372,     68.0,     74.0,     70.0,    214.0, 12, 12, 12,  9,    2812531,    2651934,    2812531,    2651934
41,    2581373,     68.0,     74.0,     70.0,    213.0, 12, 12, 12,  9,    2812531,    2651934,    2812531,    2651934
41,    2581388,     69.0,     75.0,     71.0,    215.0, 12, 12, 12,  9,    2812531,    2651934,    2812531,    2651934
41,    2537276,     53.0,     53.0,     53.0,    160.0, 12, 10, 12, 10,    2381240,    2381240,    2381240,    2381240
41,    1272340,     67.0,     67.0,     67.0,    204.0, 12, 12, 12,  9,    1423543,    1423543,    1423543,    1423543
41,    2538869,     19.0,     19.0,     19.0,     58.0,  9, 10, 11,  9,    2382093,    2382093,    2382093,    2382093
41,    2714101,     54.0,     53.0,     54.0,    162.0,  9, 12, 11,  9,    2466092,    2466092,    2466092,    2466092
42,    2069113,     25.0,     26.0,     25.0,     77.0, 12, 10, 12,  9,    2063317,    2063317,    2063317,    2063317
42,    1272375,     51.0,     51.0,     51.0,    145.0,  4,  5,  6,  5,    1272375,     455226,    1272375,    1272375
42,    2575617,     69.0,     69.0,     69.0,    206.0, 12, 12, 12,  9,    2812510,    2812510,    2812510,    2812510
42,    3564191,     53.0,     55.0,     54.0,    162.0, 12, 12, 12,  9,    2812544,    2812544,    2812544,    2812544
42,    3564181,     53.0,     54.0,     54.0,    162.0, 12, 12, 12,  9,    2812540,    2812540,    2812540,    2812540
42,    3564201,     54.0,     57.0,     53.0,    164.0, 12, 10, 12,  9,    2812550,    2812550,    2812550,    2812550
42,    3564147,     53.0,     53.0,     53.0,    159.0,  9, 10, 11,  9,    2812526,    2812526,    2812526,    2812526
42,    1272418,     56.0,     57.0,     56.0,    166.0, 12, 10, 12, 11,    2812568,    2812568,    2812568,    2812568
42,    1272465,     19.0,     20.0,     19.0,     59.0, 12, 10, 12, 11,    1423585,    1423585,    1423585,    1423585
42,    2069187,     20.0,     19.0,     18.0,     61.0, 12, 12, 12, 10,    2063333,    2063333,    2063333,    2063333
42,    2069192,     70.0,     70.0,     70.0,    206.0,  9, 12, 12,  9,    2063364,    2063323,    2063307,    2063364
42,    2581372,     68.0,     71.0,     73.0,    214.0, 12, 12, 12,  9,    2812531,    2651934,    2812531,    2651934
42,    2581373,     68.0,     71.0,     73.0,    214.0, 12, 12, 12,  9,    2812531,    2651934,    2812531,    2651934
42,    2581388,     68.0,     71.0,     74.0,    215.0, 12, 12, 12,  9,    2812531,    2651934,    2812531,    2651934
42,    2537276,     53.0,     53.0,     53.0,    160.0, 12, 10, 12, 10,    2381240,    2381240,    2381240,    2381240
42,    1272340,     67.0,     67.0,     67.0,    205.0, 12, 12, 12,  9,    1423543,    2420232,    1423543,    1423543
42,    2538869,     19.0,     19.0,     19.0,     58.0,  9, 10, 11,  9,    2382093,    2382093,    2382093,    2382093
42,    2714101,     54.0,     53.0,     54.0,    161.0,  9, 12, 11, 10,    2466092,    2466092,    2466092,    2466092
43,    2069113,     25.0,     26.0,     26.0,     77.0, 12, 10, 11,  9,    2063317,    2063317,    2063317,    2063317
43,    1272375,     51.0,     51.0,     51.0,    146.0,  4,  5,  6,  4,    1272375,    1272375,    1272375,    1272375
43,    2575617,     69.0,     69.0,     70.0,    206.0, 12, 12, 11,  9,    2812510,    2812510,    2812510,    2812510
43,    3564191,     53.0,     56.0,     54.0,    163.0, 12, 10, 12,  9,    2812544,    2812544,    2812544,    2812544
43,    3564181,     54.0,     53.0,     54.0,    161.0,  9, 12, 12,  9,    2812540,    2812540,    2812540,    2812540
43,    3564201,     53.0,     55.0,     55.0,    164.0, 12, 12, 12,  9,    2812550,    2812550,    2812550,    2812550
43,    3564147,     53.0,     53.0,     53.0,    159.0,  9, 10, 11,  9,    2812526,    2812526,    2812526,    2812526
43,    1272418,     56.0,     58.0,     55.0,    166.0, 12, 12, 12, 11,    2812568,    2812568,    2812568,    2812568
43,    1272465,     19.0,     21.0,     18.0,     59.0, 12, 12, 12, 11,    1423585,    1423585,    1423585,    1423585
43,    2069187,     19.0,     19.0,     19.0,     61.0, 12, 12, 12, 10,    2063333,    2063333,    2063333,    2063333
43,    2069192,     71.0,     70.0,     71.0,    207.0, 12, 12, 12,  9,    2063307,    2063307,    2063307,    2063364
43,    2581372,     66.0,     73.0,     73.0,    214.0, 12, 12, 12,  9,    2812531,    2651934,    2812541,    2651934
43,    2581373,     66.0,     73.0,     73.0,    214.0, 12, 12, 12,  9,    2812531,    2651934,    2651934,    2651934
43,    2581388,     67.0,     74.0,     74.0,    215.0, 12, 12, 12,  9,    2812531,    2651934,    2651934,    2651934
43,    2537276,     53.0,     53.0,     53.0,    160.0, 12, 10, 11, 10,    2381240,    2381240,    2381240,    2381240
43,    1272340,     67.0,     66.0,     67.0,    206.0, 12, 12, 12, 10,    1423543,    2420232,    1423543,    1423543
43,    2538869,     19.0,     19.0,     19.0,     58.0,  9, 10, 11,  9,    2382093,    2382093,    2382093,    2382093
43,    2714101,     54.0,     52.0,     53.0,    161.0, 12, 12, 12, 10,    2466092,    2466092,    2466092,    2466092
44,    2069113,     25.0,     26.0,     25.0,     77.0, 12, 10, 12,  9,    2063317,    2063317,    2063317,    2063317
44,    1272375,     51.0,     51.0,     51.0,    146.0,  4,  5,  6,  5,    1272375,    1272375,    1272375,    1272375
44,    2575617,     69.0,     69.0,     70.0,    205.0, 12, 12, 11, 10,    2812510,    2812510,    2812510,    2812510
44,    3564191,     53.0,     56.0,     53.0,    163.0, 12, 12, 12,  9,    2812544,    2812544,    2812544,    2812544
44,    3564181,     53.0,     53.0,     55.0,    161.0, 12, 12, 11,  9,    2812540,    2812540,    2812540,    2812540
44,    3564201,     54.0,     55.0,     54.0,    164.0, 12, 12, 12,  9,    2812550,    2812550,    2812550,    2812550
44,    3564147,     53.0,     53.0,     53.0,    159.0,  9, 10, 11,  9,    2812526,    2812526,    2812526,    2812526
44,    1272418,     57.0,     57.0,     56.0,    166.0, 12, 12, 12, 11,    2812568,    2812568,    2812568,    2812568
44,    1272465,     19.0,     20.0,     19.0,     59.0, 12, 10, 12, 11,    1423585,    1423585,    1423585,    1423585
44,    2069187,     19.0,     21.0,     17.0,     59.0, 12, 12, 12, 11,    2063333,    2063333,    2063333,    2063333
44,    2069192,     70.0,     70.0,     68.0,    206.0,  9, 10, 12,  9,    2063364,    2063364,    2063307,    2063364
44,    2581372,     67.0,     73.0,     73.0,    217.0, 12, 12, 12,  9,    2812531,    2651934,    2812541,    2651934
44,    2581373,     67.0,     73.0,     72.0,    217.0, 12, 12, 12,  9,    2812531,    2651934,    2812541,    2651934
44,    2581388,     67.0,     74.0,     73.0,    218.0, 12, 12, 12,  9,    2812531,    2651934,    2812541,    2651934
44,    2537276,     53.0,     53.0,     53.0,    161.0, 12, 12, 12, 10,    2381240,    2381240,    2381240,    2381240
44,    1272340,     66.0,     66.0,     68.0,    205.0, 12, 12, 12,  9,    1423543,    2420232,    1423543,    1423543
44,    2538869,     19.0,     19.0,     19.0,     58.0,  9, 10, 11,  9,    2382093,    2382093,    2382093,    2382093
44,    2714101,     55.0,     52.0,     53.0,    162.0, 12, 12, 12, 10,    2466092,    2466092,    2466092,    2466092
45,    2069113,     26.0,     26.0,     25.0,     77.0,  9, 10, 12,  9,    2063317,    2063317,    2063317,    2063317
45,    1272375,     51.0,     51.0,     51.0,    146.0,  4,  5,  6,  5,    1272375,    1272375,    1272375,    1272375
45,    2575617,     69.0,     69.0,     70.0,    207.0, 12, 12, 11,  9,    2812510,    2812510,    2812510,    2812510
45,    3564191,     52.0,     56.0,     54.0,    162.0, 12, 12, 12,  9,    2812544,    2812544,    2812544,    2812544
45,    3564181,     53.0,     53.0,     54.0,    161.0, 12, 12, 12,  9,    2812540,    2812540,    2812540,    2812540
45,    3564201,     55.0,     55.0,     54.0,    164.0, 12, 12, 12,  9,    2812550,    2812550,    2812550,    2812550
45,    3564147,     53.0,     53.0,     53.0,    159.0,  9, 10, 11,  9,    2812526,    2812526,    2812526,    2812526
45,    1272418,     57.0,     56.0,     56.0,    166.0, 12, 12, 12, 10,    2812568,    2812568,    2812568,    2812568
45,    1272465,     20.0,     19.0,     19.0,     59.0, 12, 12, 12, 10,    1423585,    1423585,    1423585,    1423585
45,    2069187,     19.0,     20.0,     18.0,     59.0, 12, 12, 12, 11,    2063333,    2063333,    2063333,    2063333
45,    2069192,     70.0,     71.0,     69.0,    206.0, 12, 10, 12, 10,    2063307,    2063364,    2063307,    2063364
45,    2581372,     67.0,     71.0,     75.0,    216.0, 12, 12, 12,  9,    2812531,    2651934,    2812541,    2651934
45,    2581373,     66.0,     71.0,     75.0,    215.0, 12, 12, 12,  9,    2812531,    2651934,    2812541,    2651934
45,    2581388,     67.0,     71.0,     76.0,    216.0, 12, 12, 12,  9,    2812531,    2651934,    2812541,    2651934
45,    2537276,     53.0,     53.0,     53.0,    161.0, 12, 12, 12, 10,    2381240,    2381240,    2381240,    2381240
45,    1272340,     68.0,     65.0,     67.0,    205.0, 12, 12, 12, 10,    1423543,    2420232,    1423543,    1423543
45,    2538869,     19.0,     19.0,     19.0,     58.0,  9, 10, 11,  9,    2382093,    2382093,    2382093,    2382093
45,    2714101,     54.0,     52.0,     54.0,    161.0, 12, 12, 12, 10,    2466092,    2466092,    2466092,    2466092
46,    2069113,     25.0,     26.0,     25.0,     77.0, 12, 10, 12,  9,    2063317,    2063317,    2063317,    2063317
46,    1272375,     51.0,     51.0,     51.0,    145.0,  4,  5,  6,  4,     455226,     455226,     455226,    1272375
46,    2575617,     69.0,     69.0,     69.0,    206.0, 12, 12, 12, 11,    2812510,    2812510,    2812510,    2812510
46,    3564191,     53.0,     55.0,     54.0,    162.0, 12, 12, 12,  9,    2812544,    2812544,    2812544,    2812544
46,    3564181,     53.0,     53.0,     54.0,    161.0, 12, 12, 12,  9,    2812540,    2812540,    2812540,    2812540
46,    3564201,     55.0,     56.0,     52.0,    163.0, 12, 12, 12, 11,    2812550,    2812550,    2812550,    2812550
46,    3564147,     53.0,     53.0,     53.0,    159.0,  9, 10, 11, 10,    2812526,    2812526,    2812526,    2812526
46,    1272418,     57.0,     56.0,     56.0,    166.0, 12, 12, 12, 10,    2812568,    2812568,    2812568,    2812568
46,    1272465,     20.0,     19.0,     19.0,     59.0,  9, 12, 12, 10,    1423585,    1423585,    1423585,    1423585
46,    2069187,     18.0,     21.0,     18.0,     59.0, 12, 10, 12, 11,    2063333,    2063333,    2063333,    2063333
46,    2069192,     69.0,     70.0,     70.0,    206.0, 12, 10, 12, 10,    2063307,    2063364,    2063307,    2063364
46,    2581372,     67.0,     71.0,     73.0,    217.0, 12, 12, 12,  9,    2812531,    2651934,    2812541,    2651934
46,    2581373,     67.0,     71.0,     73.0,    216.0, 12, 12, 12,  9,    2812531,    2651934,    2812541,    2651934
46,    2581388,     68.0,     72.0,     74.0,    218.0, 12, 12, 12,  9,    2812531,    2651934,    2812541,    2651934
46,    2537276,     53.0,     53.0,     53.0,    160.0, 12, 10, 12, 10,    2381240,    2381240,    2381240,    2381240
46,    1272340,     67.0,     66.0,     68.0,    205.0, 12, 12, 12,  9,    1423543,    2420232,    1423543,    1423543
46,    2538869,     19.0,     19.0,     19.0,     58.0,  9, 10, 11,  9,    2382093,    2382093,    2382093,    2382093
46,    2714101,     54.0,     53.0,     54.0,    161.0,  9, 12, 11, 10,    2466092,    2466092,    2466092,    2466092
47,    2069113,     25.0,     26.0,     26.0,     77.0, 12, 10, 11,  9,    2063317,    2063317,    2063317,    2063317
47,    1272375,     51.0,     51.0,     51.0,    145.0,  4,  5,  6,  4,     455226,     455226,     455226,    1272375
47,    2575617,     69.0,     69.0,     69.0,    206.0, 12, 12, 12,  9,    2812510,    2812510,    2812525,    2812510
47,    3564191,     54.0,     55.0,     54.0,    162.0, 12, 10, 12,  9,    2812544,    2812544,    2812544,    2812544
47,    3564181,     53.0,     54.0,     54.0,    161.0, 12, 10, 11,  9,    2812540,    2812540,    2812540,    2812540
47,    3564201,     55.0,     56.0,     52.0,    163.0, 12, 12, 12, 11,    2812550,    2812550,    2812550,    2812550
47,    3564147,     54.0,     53.0,     53.0,    159.0,  9, 10, 11, 10,    2812526,    2812526,    2812526,    2812526
47,    1272418,     57.0,     56.0,     56.0,    166.0, 12, 12, 12, 10,    2812568,    2812568,    2812568,    2812568
47,    1272465,     19.0,     19.0,     19.0,     59.0, 12, 12, 12, 10,    1423585,    1423585,    1423585,    1423585
47,    2069187,     19.0,     19.0,     19.0,     58.0, 12, 12, 11, 11,    2063333,    2063333,    2063333,    2063333
47,    2069192,     70.0,     71.0,     70.0,    207.0, 12, 12, 12,  9,    2063307,    2063307,    2063307,    2063364
47,    2581372,     70.0,     74.0,     70.0,    216.0, 12, 12, 12,  9,    2651934,    2651934,    2812541,    2651934
47,    2581373,     70.0,     74.0,     70.0,    215.0, 12, 12, 12,  9,    2651934,    2651934,    2812531,    2651934
47,    2581388,     70.0,     75.0,     71.0,    217.0, 12, 12, 12,  9,    2651934,    2651934,    2812531,    2651934
47,    2537276,     53.0,     53.0,     53.0,    160.0, 12, 10, 12, 10,    2381240,    2381240,    2381240,    2381240
47,    1272340,     67.0,     67.0,     67.0,    205.0, 12, 12, 12,  9,    1423543,    1423543,    1423543,    1423543
47,    2538869,     19.0,     19.0,     19.0,     58.0,  9, 10, 11,  9,    2382093,    2382093,    2382093,    2382093
47,    2714101,     54.0,     53.0,     54.0,    161.0,  9, 12, 11, 10,    2466092,    2466092,    2466092,    2466092
