 F,      BusId,       PA,       PB,       PC,       P3, XA, XB, XC, X3,       id_A,       id_B,       id_C,       id_3
 0,     709145,     57.0,     56.0,     58.0,    176.0,  9, 10, 11, 10,    1148416,    1114273,    1114273,    1148416
 0,     709150,     49.0,     49.0,     49.0,    152.0,  9, 10, 11,  9,    1114275,    1114275,    1114275,    1114275
 0,     788745,     50.0,     49.0,     50.0,    153.0,  9, 10, 11, 10,    1148425,    1148425,    1148425,    1148425
 0,    1237683,     47.0,     48.0,     47.0,    144.0,  9, 10, 11,  9,    1405105,    1405105,    1405105,    1405105
 0,    1237688,     47.0,     47.0,     48.0,    146.0,  9, 10, 11, 10,    1405107,    1405107,    1405107,    1405107
 0,    1237698,     45.0,     47.0,     47.0,    141.0,  9, 10, 11,  9,    1405110,    1405110,    1405110,    1405110
 0,    2576546,     57.0,     58.0,     57.0,    179.0,  9, 10, 11,  9,    1405148,    1405148,    1405148,    1405148
 0,    1546417,     45.0,     46.0,     45.0,    145.0,  9, 10, 11, 11,    1632874,    1632874,    1632874,    1632874
 0,    2576569,     55.0,     56.0,     55.0,    177.0,  9, 10, 11,  9,    1405148,    1405148,    1405148,    1405148
 0,    2577003,     46.0,     47.0,     47.0,    150.0,  1,  2,  3,  1,    1237785,    1237785,    1237785,    1237785
 0,    2577042,     57.0,     58.0,     57.0,    179.0,  9, 10, 11,  9,    1405148,    1405148,    1405148,    1405148
 0,    2577063,     56.0,     57.0,     56.0,    178.0,  9, 10, 11,  9,    1405148,    1405148,    1405148,    1405148
 0,    1237855,     67.0,     65.0,     67.0,    203.0,  9, 10, 11, 10,    1405169,    1405169,    1405169,    1405169
 0,    2451248,     65.0,     63.0,     65.0,    200.0,  9, 10, 11, 10,    1405169,    1405169,    1405169,    1405169
 0,    2577220,     64.0,     62.0,     64.0,    198.0,  9, 10, 11, 10,    1405169,    1405169,    1405169,    1405169
 0,    2577250,     68.0,     66.0,     68.0,    203.0,  9, 10, 11, 10,    1405169,    1405169,    1405169,    1405169
 0,    2577271,     67.0,     65.0,     67.0,    202.0,  9, 10, 11, 10,    1405169,    1405169,    1405169,    1405169
 0,    2577281,     66.0,     64.0,     66.0,    201.0,  9, 10, 11, 10,    1405169,    1405169,    1405169,    1405169
 0,    2577290,     64.0,     62.0,     64.0,    198.0,  9, 10, 11, 10,    1405169,    1405169,    1405169,    1405169
 0,    2577311,     63.0,     61.0,     63.0,    196.0,  1, 10,  3, 10,    2451546,    1405169,    2451546,    1405169
 0,    1238008,     48.0,     48.0,     48.0,    145.0,  9, 10, 11,  9,    1405201,    1405201,    1405201,    1405201
 0,    1238013,     49.0,     49.0,     49.0,    148.0,  9, 10, 11, 10,    1405202,    1405202,    1405202,    1405202
 0,    1238028,     48.0,     48.0,     48.0,    147.0,  9, 10, 11,  9,    1405206,    1405206,    1405206,    1405206
 0,    1238038,     48.0,     48.0,     47.0,    146.0,  9, 10, 11, 11,    1405209,    1405209,    1405209,    1405209
 0,    1238090,     50.0,     49.0,     50.0,    153.0,  9, 10, 11,  9,    1405233,    1405233,    1405233,    1405233
 0,    1238095,     49.0,     49.0,     49.0,    151.0,  9, 10, 11, 11,    1405234,    1405234,    1405234,    1405234
 0,    1238100,     49.0,     49.0,     49.0,    151.0,  9, 10, 11, 10,    1405235,    1405235,    1405235,    1405235
 0,    1238147,     47.0,     46.0,     46.0,    145.0,  9, 10, 11, 10,    1405246,    1405246,    1405246,    1405246
 0,    1238184,     50.0,     50.0,     50.0,    153.0,  9, 10, 11, 10,    1405261,    1405261,    1405261,    1405261
 0,    2577953,     72.0,     72.0,     71.0,    215.0,  9, 10, 11, 11,    2403590,    2403590,    2403590,    2403590
 0,    2578028,     70.0,     70.0,     69.0,    213.0,  9, 10, 11, 11,    2403590,    2403590,    2403590,    2403590
 0,    2578058,     70.0,     69.0,     69.0,    212.0,  9, 10, 11, 11,    2403590,    2403590,    2403590,    2403590
 0,    2578357,     50.0,     50.0,     50.0,    160.0,  1, 10, 11,  9,    1237805,    1405316,    1405316,    1405316
 0,    2578365,     50.0,     51.0,     51.0,    161.0,  9, 10, 11,  9,    1405316,    1405316,    1405316,    1405316
 0,    2578405,     46.0,     46.0,     46.0,    148.0,  1,  2,  3,  1,    1237800,    1237800,    1237800,    1237800
 0,    2578413,     43.0,     44.0,     44.0,    140.0,  1,  2,  3,  1,    1237800,    1237800,    1237800,    1237800
 0,    2578429,     41.0,     42.0,     41.0,    133.0,  1,  2,  3,  1,    1237800,    1237800,    1237800,    1237800
 0,    2578437,     39.0,     40.0,     40.0,    128.0,  1,  2,  3,  1,    1237800,    1237800,    1237800,    1237800
 0,    1363948,     58.0,     59.0,     60.0,    182.0,  9, 10, 11,  9,    1405134,    1405134,    1405134,    1405134
 0,    2579380,     39.0,     39.0,     39.0,    126.0,  1,  2,  3,  1,    1237800,    1237800,    1237800,    1237800
 0,    2578238,     42.0,     41.0,     43.0,    132.0,  1,  2,  3,  2,      44565,      44565,      44565,      44565
 0,    2578266,     42.0,     41.0,     42.0,    130.0,  9, 10, 11, 10,      80658,      80658,      80658,      80658
 0,    2578282,     42.0,     40.0,     42.0,    130.0,  9, 10, 11, 10,      80658,      80658,      80658,      80658
 0,    2451321,     41.0,     40.0,     42.0,    129.0,  1,  2,  3,  2,    2451321,    2451321,    2451321,    2451321
 1,     709145,     58.0,     56.0,     58.0,    177.0,  9, 10, 11, 10,    1114273,    1148416,    1148416,    1148416
 1,     709150,     49.0,     49.0,     49.0,    152.0,  9, 10, 11,  9,    1114275,    1114275,    1114275,    1114275
 1,     788745,     50.0,     49.0,     50.0,    153.0,  9, 10, 11, 10,    1148425,    1148425,    1148425,    1148425
 1,    1237683,     47.0,     48.0,     47.0,    146.0,  9, 10, 11,  9,    1405105,    1405105,    1405105,    1405105
 1,    1237688,     47.0,     47.0,     48.0,    145.0,  9, 10, 11,  9,    1405107,    1405107,    1405107,    1405107
 1,    1237698,     47.0,     47.0,     47.0,    145.0,  9, 10, 11,  9,    1405110,    1405110,    1405110,    1405110
 1,    2576546,     56.0,     58.0,     57.0,    177.0,  9, 10, 11,  9,    1405148,    1405148,    1405148,    1405148
 1,    1546417,     45.0,     46.0,     45.0,    145.0,  9, 10, 11,  9,    1632874,    1632874,    1632874,    1632874
 1,    2576569,     55.0,     56.0,     56.0,    175.0,  9, 10, 11,  9,    1405148,    1405148,    1405148,    1405148
 1,    2577003,     46.0,     47.0,     47.0,    149.0,  1,  2,  3,  1,    1237785,    1237785,    1237785,    1237785
 1,    2577042,     56.0,     58.0,     57.0,    178.0,  9, 10, 11,  9,    1405148,    1405148,    1405148,    1405148
 1,    2577063,     56.0,     57.0,     56.0,    177.0,  9, 10, 11,  9,    1405148,    1405148,    1405148,    1405148
 1,    1237855,     67.0,     67.0,     67.0,    207.0,  9, 10, 11, 10,    1405169,    1405169,    1405169,    1405169
 1,    2451248,     65.0,     64.0,     65.0,    203.0,  9, 10, 11, 10,    1405169,    1405169,    1405169,    1405169
 1,    2577220,     64.0,     63.0,     64.0,    201.0,  9, 10, 11, 10,    1405169,    1405169,    1405169,    1405169
 1,    2577250,     68.0,     67.0,     68.0,    207.0,  9, 10, 11, 10,    1405169,    1405169,    1405169,    1405169
 1,    2577271,     67.0,     66.0,     67.0,    206.0,  9, 10, 11, 10,    1405169,    1405169,    1405169,    1405169
 1,    2577281,     66.0,     65.0,     66.0,    204.0,  9, 10, 11, 10,    1405169,    1405169,    1405169,    1405169
 1,    2577290,     64.0,     63.0,     64.0,    202.0,  9, 10, 11, 10,    1405169,    1405169,    1405169,    1405169
 1,    2577311,     63.0,     62.0,     63.0,    200.0,  1, 10,  3, 10,    2451546,    1405169,    2451546,    1405169
 1,    1238008,     48.0,     48.0,     48.0,    147.0,  9, 10, 11,  9,    1405201,    1405201,    1405201,    1405201
 1,    1238013,     49.0,     49.0,     49.0,    149.0,  9, 10, 11,  9,    1405202,    1405202,    1405202,    1405202
 1,    1238028,     48.0,     48.0,     48.0,    147.0,  9, 10, 11,  9,    1405206,    1405206,    1405206,    1405206
 1,    1238038,     47.0,     48.0,     47.0,    146.0,  9, 10, 11,  9,    1405209,    1405209,    1405209,    1405209
 1,    1238090,     49.0,     50.0,     50.0,    152.0,  9, 10, 11,  9,    1405233,    1405233,    1405233,    1405233
 1,    1238095,     49.0,     49.0,     49.0,    152.0,  9, 10, 11,  9,    1405234,    1405234,    1405234,    1405234
 1,    1238100,     49.0,     49.0,     49.0,    152.0,  9, 10, 11, 10,    1405235,    1405235,    1405235,    1405235
 1,    1238147,     47.0,     47.0,     46.0,    145.0,  9, 10, 11, 11,    1405246,    1405246,    1405246,    1405246
 1,    1238184,     50.0,     50.0,     50.0,    153.0,  9, 10, 11, 10,    1405261,    1405261,    1405261,    1405261
 1,    2577953,     72.0,     73.0,     72.0,    217.0,  9, 10, 11, 11,    2403590,    2403590,    2403590,    2403590
 1,    2578028,     70.0,     71.0,     70.0,    214.0,  9, 10, 11, 11,    2403590,    2403590,    2403590,    2403590
 1,    2578058,     70.0,     70.0,     69.0,    213.0,  9, 10, 11, 11,    2403590,    2403590,    2403590,    2403590
 1,    2578357,     51.0,     51.0,     51.0,    163.0,  1, 10, 11,  9,    1237805,    1405316,    1405316,    1405316
 1,    2578365,     51.0,     52.0,     52.0,    163.0,  9, 10, 11,  9,    1405316,    1405316,    1405316,    1405316
 1,    2578405,     46.0,     47.0,     47.0,    151.0,  1,  2,  3,  1,    1237800,    1237800,    1237800,    1237800
 1,    2578413,     44.0,     45.0,     45.0,    143.0,  1,  2,  3,  1,    1237800,    1237800,    1237800,    1237800
 1,    2578429,     42.0,     43.0,     42.0,    136.0,  1,  2,  3,  1,    1237800,    1237800,    1237800,    1237800
 1,    2578437,     40.0,     41.0,     41.0,    131.0,  1,  2,  3,  1,    1237800,    1237800,    1237800,    1237800
 1,    1363948,     59.0,     59.0,     60.0,    185.0,  9, 10, 11, 10,    1405134,    1405134,    1405134,    1405134
 1,    2579380,     39.0,     40.0,     40.0,    128.0,  1,  2,  3,  1,    1237800,    1237800,    1237800,    1237800
 1,    2578238,     43.0,     41.0,     43.0,    134.0,  1,  2,  3,  2,      44565,      44565,      44565,      44565
 1,    2578266,     43.0,     41.0,     43.0,    133.0,  9, 10, 11, 10,      80658,      80658,      80658,      80658
 1,    2578282,     42.0,     41.0,     42.0,    132.0,  9, 10, 11, 10,      80658,      80658,      80658,      80658
 1,    2451321,     42.0,     40.0,     42.0,    131.0,  1,  2,  3,  2,    2451321,    2451321,    2451321,    2451321
 2,     709145,     58.0,     57.0,     58.0,    181.0,  9, 10, 11, 10,    1114273,    1148416,    1114273,    1148416
 2,     709150,     49.0,     49.0,     49.0,    152.0,  9, 10, 11,  9,    1114275,    1114275,    1114275,    1114275
 2,     788745,     50.0,     50.0,     50.0,    154.0,  9, 10, 11,  9,    1148425,    1148425,    1148425,    1148425
 2,    1237683,     47.0,     48.0,     48.0,    146.0,  9, 10, 11,  9,    1405105,    1405105,    1405105,    1405105
 2,    1237688,     47.0,     47.0,     48.0,    147.0,  9, 10, 11,  9,    1405107,    1405107,    1405107,    1405107
 2,    1237698,     47.0,     47.0,     47.0,    145.0,  9, 10, 11, 10,    1405110,    1405110,    1405110,    1405110
 2,    2576546,     57.0,     58.0,     58.0,    181.0,  9, 10, 11,  9,    1405148,    1405148,    1405148,    1405148
 2,    1546417,     45.0,     46.0,     45.0,    146.0,  9, 10, 11,  9,    1632874,    1632874,    1632874,    1632874
 2,    2576569,     56.0,     57.0,     56.0,    179.0,  9, 10, 11,  9,    1405148,    1405148,    1405148,    1405148
 2,    2577003,     47.0,     48.0,     48.0,    152.0,  1,  2,  3,  1,    1237785,    1237785,    1237785,    1237785
 2,    2577042,     57.0,     59.0,     58.0,    181.0,  9, 10, 11,  9,    1405148,    1405148,    1405148,    1405148
 2,    2577063,     57.0,     58.0,     57.0,    180.0,  9, 10, 11,  9,    1405148,    1405148,    1405148,    1405148
 2,    1237855,     68.0,     66.0,     68.0,    206.0,  9, 10, 11, 10,    1405169,    1405169,    1405169,    1405169
 2,    2451248,     65.0,     64.0,     65.0,    203.0,  9, 10, 11, 10,    1405169,    1405169,    1405169,    1405169
 2,    2577220,     64.0,     63.0,     64.0,    201.0,  9, 10, 11, 10,    1405169,    1405169,    1405169,    1405169
 2,    2577250,     68.0,     67.0,     68.0,    207.0,  9, 10, 11, 10,    1405169,    1405169,    1405169,    1405169
 2,    2577271,     67.0,     66.0,     67.0,    205.0,  9, 10, 11, 10,    1405169,    1405169,    1405169,    1405169
 2,    2577281,     66.0,     65.0,     66.0,    204.0,  9, 10, 11, 10,    1405169,    1405169,    1405169,    1405169
 2,    2577290,     64.0,     63.0,     64.0,    201.0,  9, 10, 11, 10,    1405169,    1405169,    1405169,    1405169
 2,    2577311,     63.0,     62.0,     63.0,    200.0,  9, 10, 11, 10,    1405169,    1405169,    1405169,    1405169
 2,    1238008,     48.0,     48.0,     48.0,    147.0,  9, 10, 11,  9,    1405201,    1405201,    1405201,    1405201
 2,    1238013,     49.0,     49.0,     49.0,    149.0,  9, 10, 11,  9,    1405202,    1405202,    1405202,    1405202
 2,    1238028,     48.0,     48.0,     48.0,    147.0,  9, 10, 11,  9,    1405206,    1405206,    1405206,    1405206
 2,    1238038,     47.0,     48.0,     48.0,    146.0,  9, 10, 11,  9,    1405209,    1405209,    1405209,    1405209
 2,    1238090,     50.0,     50.0,     50.0,    153.0,  9, 10, 11,  9,    1405233,    1405233,    1405233,    1405233
 2,    1238095,     49.0,     49.0,     49.0,    152.0,  9, 10, 11,  9,    1405234,    1405234,    1405234,    1405234
 2,    1238100,     49.0,     49.0,     49.0,    152.0,  9, 10, 11,  9,    1405235,    1405235,    1405235,    1405235
 2,    1238147,     47.0,     47.0,     46.0,    145.0,  9, 10, 11, 11,    1405246,    1405246,    1405246,    1405246
 2,    1238184,     50.0,     50.0,     50.0,    153.0,  9, 10, 11, 10,    1405261,    1405261,    1405261,    1405261
 2,    2577953,     72.0,     73.0,     73.0,    219.0,  9, 10, 11,  9,    2403590,    2403590,    2403590,    2403590
 2,    2578028,     71.0,     71.0,     71.0,    216.0,  9, 10, 11,  9,    2403590,    2403590,    2403590,    2403590
 2,    2578058,     70.0,     70.0,     70.0,    215.0,  9, 10, 11,  9,    2403590,    2403590,    2403590,    2403590
 2,    2578357,     51.0,     52.0,     52.0,    165.0,  9, 10, 11,  9,    1405316,    1405316,    1405316,    1405316
 2,    2578365,     52.0,     53.0,     53.0,    166.0,  9, 10, 11,  9,    1405316,    1405316,    1405316,    1405316
 2,    2578405,     47.0,     48.0,     49.0,    153.0,  1,  2,  3,  1,    1237800,    1237800,    1237800,    1237800
 2,    2578413,     45.0,     46.0,     46.0,    145.0,  1,  2,  3,  1,    1237800,    1237800,    1237800,    1237800
 2,    2578429,     42.0,     44.0,     44.0,    138.0,  1,  2,  3,  1,    1237800,    1237800,    1237800,    1237800
 2,    2578437,     41.0,     42.0,     42.0,    133.0,  1,  2,  3,  1,    1237800,    1237800,    1237800,    1237800
 2,    1363948,     60.0,     59.0,     60.0,    185.0,  9, 10, 11, 10,    1405134,    1405134,    1405134,    1405134
 2,    2579380,     40.0,     41.0,     41.0,    130.0,  1,  2,  3,  1,    1237800,    1237800,    1237800,    1237800
 2,    2578238,     43.0,     42.0,     43.0,    138.0,  1,  2,  3,  2,      44565,      44565,      44565,      44565
 2,    2578266,     43.0,     42.0,     43.0,    135.0,  9, 10, 11, 10,      80658,      80658,      80658,      80658
 2,    2578282,     42.0,     42.0,     42.0,    134.0,  9, 10, 11, 10,      80658,      80658,      80658,      80658
 2,    2451321,     42.0,     41.0,     42.0,    134.0,  1,  2,  3, 10,    2451321,    2451321,    2451321,      80658
 3,     709145,     58.0,     57.0,     58.0,    179.0,  9, 10, 11, 10,    1148416,    1114273,    1148416,    1148416
 3,     709150,     49.0,     49.0,     49.0,    152.0,  9, 10, 11,  9,    1114275,    1114275,    1114275,    1114275
 3,     788745,     50.0,     49.0,     50.0,    153.0,  9, 10, 11, 10,    1148425,    1148425,    1148425,    1148425
 3,    1237683,     47.0,     48.0,     48.0,    146.0,  9, 10, 11,  9,    1405105,    1405105,    1405105,    1405105
 3,    1237688,     48.0,     47.0,     48.0,    146.0,  9, 10, 11, 10,    1405107,    1405107,    1405107,    1405107
 3,    1237698,     47.0,     47.0,     47.0,    145.0,  9, 10, 11, 10,    1405110,    1405110,    1405110,    1405110
 3,    2576546,     57.0,     58.0,     58.0,    180.0,  9, 10, 11,  9,    1405148,    1405148,    1405148,    1405148
 3,    1546417,     46.0,     46.0,     46.0,    146.0,  9, 10, 11,  9,    1632874,    1632874,    1632874,    1632874
 3,    2576569,     56.0,     57.0,     56.0,    178.0,  9, 10, 11,  9,    1405148,    1405148,    1405148,    1405148
 3,    2577003,     47.0,     48.0,     48.0,    152.0,  1,  2,  3,  1,    1237785,    1237785,    1237785,    1237785
 3,    2577042,     57.0,     58.0,     58.0,    181.0,  9, 10, 11,  9,    1405148,    1405148,    1405148,    1405148
 3,    2577063,     56.0,     58.0,     57.0,    180.0,  9, 10, 11,  9,    1405148,    1405148,    1405148,    1405148
 3,    1237855,     67.0,     67.0,     68.0,    207.0,  9, 10, 11, 10,    1405169,    1405169,    1405169,    1405169
 3,    2451248,     65.0,     64.0,     65.0,    203.0,  9, 10, 11, 10,    1405169,    1405169,    1405169,    1405169
 3,    2577220,     64.0,     63.0,     64.0,    202.0,  9, 10, 11, 10,    1405169,    1405169,    1405169,    1405169
 3,    2577250,     68.0,     67.0,     68.0,    207.0,  9, 10, 11, 10,    1405169,    1405169,    1405169,    1405169
 3,    2577271,     67.0,     66.0,     67.0,    206.0,  9, 10, 11, 10,    1405169,    1405169,    1405169,    1405169
 3,    2577281,     66.0,     65.0,     66.0,    205.0,  9, 10, 11, 10,    1405169,    1405169,    1405169,    1405169
 3,    2577290,     64.0,     63.0,     65.0,    202.0,  9, 10, 11, 10,    1405169,    1405169,    1405169,    1405169
 3,    2577311,     63.0,     62.0,     63.0,    200.0,  9, 10, 11, 10,    1405169,    1405169,    1405169,    1405169
 3,    1238008,     48.0,     48.0,     48.0,    147.0,  9, 10, 11,  9,    1405201,    1405201,    1405201,    1405201
 3,    1238013,     49.0,     49.0,     49.0,    149.0,  9, 10, 11,  9,    1405202,    1405202,    1405202,    1405202
 3,    1238028,     48.0,     48.0,     48.0,    147.0,  9, 10, 11,  9,    1405206,    1405206,    1405206,    1405206
 3,    1238038,     48.0,     47.0,     47.0,    147.0,  9, 10, 11,  9,    1405209,    1405209,    1405209,    1405209
 3,    1238090,     50.0,     50.0,     50.0,    154.0,  9, 10, 11,  9,    1405233,    1405233,    1405233,    1405233
 3,    1238095,     49.0,     49.0,     49.0,    152.0,  9, 10, 11,  9,    1405234,    1405234,    1405234,    1405234
 3,    1238100,     49.0,     49.0,     49.0,    152.0,  9, 10, 11, 10,    1405235,    1405235,    1405235,    1405235
 3,    1238147,     47.0,     47.0,     46.0,    145.0,  9, 10, 11, 11,    1405246,    1405246,    1405246,    1405246
 3,    1238184,     50.0,     50.0,     50.0,    153.0,  9, 10, 11, 10,    1405261,    1405261,    1405261,    1405261
 3,    2577953,     73.0,     73.0,     73.0,    220.0,  9, 10, 11,  9,    2403590,    2403590,    2403590,    2403590
 3,    2578028,     71.0,     71.0,     71.0,    217.0,  9, 10, 11,  9,    2403590,    2403590,    2403590,    2403590
 3,    2578058,     70.0,     70.0,     70.0,    216.0,  9, 10, 11,  9,    2403590,    2403590,    2403590,    2403590
 3,    2578357,     51.0,     51.0,     51.0,    164.0,  9, 10, 11, 10,    1405316,    1405316,    1405316,    1405316
 3,    2578365,     52.0,     52.0,     52.0,    165.0,  9, 10, 11,  9,    1405316,    1405316,    1405316,    1405316
 3,    2578405,     47.0,     47.0,     48.0,    153.0,  1,  2,  3,  1,    1237800,    1237800,    1237800,    1237800
 3,    2578413,     45.0,     45.0,     45.0,    145.0,  1,  2,  3,  1,    1237800,    1237800,    1237800,    1237800
 3,    2578429,     42.0,     42.0,     43.0,    137.0,  1,  2,  3,  2,    1237800,    1237800,    1237800,    1237800
 3,    2578437,     41.0,     41.0,     41.0,    132.0,  1,  2,  3,  2,    1237800,    1237800,    1237800,    1237800
 3,    1363948,     60.0,     59.0,     61.0,    185.0,  9, 10, 11, 10,    1405134,    1405134,    1405134,    1405134
 3,    2579380,     40.0,     40.0,     40.0,    130.0,  1,  2,  3,  1,    1237800,    1237800,    1237800,    1237800
 3,    2578238,     43.0,     41.0,     43.0,    135.0,  1,  2,  3,  2,      44565,      44565,      44565,      44565
 3,    2578266,     43.0,     42.0,     43.0,    134.0,  9, 10, 11, 10,      80658,      80658,      80658,      80658
 3,    2578282,     43.0,     42.0,     43.0,    133.0,  9, 10, 11, 10,      80658,      80658,      80658,      80658
 3,    2451321,     42.0,     41.0,     42.0,    132.0,  1,  2, 11,  2,    2451321,    2451321,      80658,    2451321
 4,     709145,     58.0,     57.0,     58.0,    179.0,  9, 10, 11, 10,    1148416,    1114273,    1148416,    1148416
 4,     709150,     49.0,     49.0,     49.0,    152.0,  9, 10, 11,  9,    1114275,    1114275,    1114275,    1114275
 4,     788745,     50.0,     49.0,     50.0,    153.0,  9, 10, 11, 10,    1148425,    1148425,    1148425,    1148425
 4,    1237683,     47.0,     47.0,     48.0,    146.0,  9, 10, 11,  9,    1405105,    1405105,    1405105,    1405105
 4,    1237688,     48.0,     48.0,     48.0,    147.0,  9, 10, 11,  9,    1405107,    1405107,    1405107,    1405107
 4,    1237698,     47.0,     47.0,     47.0,    146.0,  9, 10, 11,  9,    1405110,    1405110,    1405110,    1405110
 4,    2576546,     57.0,     58.0,     58.0,    181.0,  9, 10, 11,  9,    1405148,    1405148,    1405148,    1405148
 4,    1546417,     46.0,     46.0,     45.0,    146.0,  9, 10, 11,  9,    1632874,    1632874,    1632874,    1632874
 4,    2576569,     56.0,     57.0,     56.0,    179.0,  9, 10, 11,  9,    1405148,    1405148,    1405148,    1405148
 4,    2577003,     47.0,     48.0,     48.0,    153.0,  1,  2,  3,  1,    1237785,    1237785,    1237785,    1237785
 4,    2577042,     57.0,     59.0,     58.0,    182.0,  9, 10, 11,  9,    1405148,    1405148,    1405148,    1405148
 4,    2577063,     57.0,     58.0,     57.0,    181.0,  9, 10, 11,  9,    1405148,    1405148,    1405148,    1405148
 4,    1237855,     68.0,     66.0,     68.0,    205.0,  9, 10, 11, 10,    1405169,    1405169,    1405169,    1405169
 4,    2451248,     66.0,     64.0,     66.0,    201.0,  9, 10, 11, 10,    1405169,    1405169,    1405169,    1405169
 4,    2577220,     64.0,     63.0,     64.0,    200.0,  9, 10, 11, 10,    1405169,    1405169,    1405169,    1405169
 4,    2577250,     68.0,     66.0,     68.0,    205.0,  9, 10, 11, 10,    1405169,    1405169,    1405169,    1405169
 4,    2577271,     67.0,     65.0,     68.0,    204.0,  9, 10, 11, 10,    1405169,    1405169,    1405169,    1405169
 4,    2577281,     67.0,     65.0,     67.0,    203.0,  9, 10, 11, 10,    1405169,    1405169,    1405169,    1405169
 4,    2577290,     65.0,     63.0,     65.0,    200.0,  9, 10, 11, 10,    1405169,    1405169,    1405169,    1405169
 4,    2577311,     64.0,     62.0,     64.0,    198.0,  1,  2,  3, 10,    2451546,    2451546,    2451546,    1405169
 4,    1238008,     48.0,     48.0,     48.0,    147.0,  9, 10, 11,  9,    1405201,    1405201,    1405201,    1405201
 4,    1238013,     49.0,     49.0,     49.0,    149.0,  9, 10, 11,  9,    1405202,    1405202,    1405202,    1405202
 4,    1238028,     48.0,     48.0,     48.0,    147.0,  9, 10, 11,  9,    1405206,    1405206,    1405206,    1405206
 4,    1238038,     48.0,     47.0,     47.0,    146.0,  9, 10, 11, 11,    1405209,    1405209,    1405209,    1405209
 4,    1238090,     50.0,     50.0,     50.0,    154.0,  9, 10, 11,  9,    1405233,    1405233,    1405233,    1405233
 4,    1238095,     49.0,     49.0,     49.0,    152.0,  9, 10, 11,  9,    1405234,    1405234,    1405234,    1405234
 4,    1238100,     49.0,     49.0,     49.0,    152.0,  9, 10, 11, 10,    1405235,    1405235,    1405235,    1405235
 4,    1238147,     47.0,     47.0,     46.0,    145.0,  9, 10, 11, 11,    1405246,    1405246,    1405246,    1405246
 4,    1238184,     50.0,     50.0,     50.0,    153.0,  9, 10, 11, 10,    1405261,    1405261,    1405261,    1405261
 4,    2577953,     73.0,     73.0,     73.0,    219.0,  9, 10, 11,  9,    2403590,    2403590,    2403590,    2403590
 4,    2578028,     71.0,     71.0,     71.0,    217.0,  9, 10, 11,  9,    2403590,    2403590,    2403590,    2403590
 4,    2578058,     70.0,     70.0,     70.0,    216.0,  9, 10, 11,  9,    2403590,    2403590,    2403590,    2403590
 4,    2578357,     51.0,     52.0,     52.0,    165.0,  9, 10, 11,  9,    1405316,    1405316,    1405316,    1405316
 4,    2578365,     52.0,     52.0,     52.0,    165.0,  9, 10, 11,  9,    1405316,    1405316,    1405316,    1405316
 4,    2578405,     47.0,     48.0,     48.0,    154.0,  1,  2,  3,  1,    1237800,    1237800,    1237800,    1237800
 4,    2578413,     45.0,     46.0,     45.0,    146.0,  1,  2,  3,  1,    1237800,    1237800,    1237800,    1237800
 4,    2578429,     43.0,     43.0,     43.0,    138.0,  1,  2,  3,  1,    1237800,    1237800,    1237800,    1237800
 4,    2578437,     41.0,     42.0,     41.0,    133.0,  1,  2,  3,  1,    1237800,    1237800,    1237800,    1237800
 4,    1363948,     60.0,     59.0,     61.0,    185.0,  9, 10, 11, 10,    1405134,    1405134,    1405134,    1405134
 4,    2579380,     40.0,     41.0,     40.0,    131.0,  1,  2,  3,  1,    1237800,    1237800,    1237800,    1237800
 4,    2578238,     43.0,     42.0,     43.0,    136.0,  1,  2,  3,  2,      44565,      44565,      44565,      44565
 4,    2578266,     43.0,     42.0,     43.0,    133.0,  9, 10, 11, 10,      80658,      80658,      80658,      80658
 4,    2578282,     43.0,     41.0,     43.0,    133.0,  9, 10, 11, 10,      80658,      80658,      80658,      80658
 4,    2451321,     42.0,     41.0,     42.0,    132.0,  1,  2, 11, 10,    2451321,    2451321,      80658,      80658
 5,     709145,     58.0,     57.0,     58.0,    180.0,  9, 10, 11, 10,    1148416,    1148416,    1114273,    1148416
 5,     709150,     49.0,     49.0,     49.0,    152.0,  9, 10, 11,  9,    1114275,    1114275,    1114275,    1114275
 5,     788745,     50.0,     49.0,     50.0,    153.0,  9, 10, 11, 10,    1148425,    1148425,    1148425,    1148425
 5,    1237683,     47.0,     48.0,     47.0,    146.0,  9, 10, 11,  9,    1405105,    1405105,    1405105,    1405105
 5,    1237688,     48.0,     48.0,     48.0,    147.0,  9, 10, 11,  9,    1405107,    1405107,    1405107,    1405107
 5,    1237698,     47.0,     47.0,     47.0,    146.0,  9, 10, 11,  9,    1405110,    1405110,    1405110,    1405110
 5,    2576546,     57.0,     58.0,     58.0,    181.0,  9, 10, 11,  9,    1405148,    1405148,    1405148,    1405148
 5,    1546417,     46.0,     46.0,     45.0,    146.0,  9, 10, 11,  9,    1632874,    1632874,    1632874,    1632874
 5,    2576569,     56.0,     57.0,     56.0,    179.0,  9, 10, 11,  9,    1405148,    1405148,    1405148,    1405148
 5,    2577003,     47.0,     48.0,     47.0,    152.0,  1,  2,  3,  1,    1237785,    1237785,    1237785,    1237785
 5,    2577042,     57.0,     58.0,     58.0,    181.0,  9, 10, 11,  9,    1405148,    1405148,    1405148,    1405148
 5,    2577063,     57.0,     58.0,     57.0,    180.0,  9, 10, 11,  9,    1405148,    1405148,    1405148,    1405148
 5,    1237855,     68.0,     67.0,     68.0,    207.0,  9, 10, 11, 10,    1405169,    1405169,    1405169,    1405169
 5,    2451248,     66.0,     64.0,     66.0,    204.0,  9, 10, 11, 10,    1405169,    1405169,    1405169,    1405169
 5,    2577220,     64.0,     63.0,     64.0,    202.0,  9, 10, 11, 10,    1405169,    1405169,    1405169,    1405169
 5,    2577250,     68.0,     67.0,     68.0,    208.0,  9, 10, 11, 10,    1405169,    1405169,    1405169,    1405169
 5,    2577271,     68.0,     66.0,     68.0,    206.0,  9, 10, 11, 10,    1405169,    1405169,    1405169,    1405169
 5,    2577281,     67.0,     65.0,     67.0,    205.0,  9, 10, 11, 10,    1405169,    1405169,    1405169,    1405169
 5,    2577290,     65.0,     63.0,     65.0,    202.0,  9, 10, 11, 10,    1405169,    1405169,    1405169,    1405169
 5,    2577311,     64.0,     62.0,     64.0,    200.0,  1, 10,  3, 10,    2451546,    1405169,    2451546,    1405169
 5,    1238008,     48.0,     48.0,     49.0,    147.0,  9, 10, 11,  9,    1405201,    1405201,    1405201,    1405201
 5,    1238013,     49.0,     49.0,     49.0,    149.0,  9, 10, 11,  9,    1405202,    1405202,    1405202,    1405202
 5,    1238028,     48.0,     48.0,     48.0,    147.0,  9, 10, 11, 10,    1405206,    1405206,    1405206,    1405206
 5,    1238038,     47.0,     48.0,     47.0,    146.0,  9, 10, 11, 11,    1405209,    1405209,    1405209,    1405209
 5,    1238090,     50.0,     50.0,     50.0,    153.0,  9, 10, 11, 11,    1405233,    1405233,    1405233,    1405233
 5,    1238095,     49.0,     49.0,     49.0,    152.0,  9, 10, 11,  9,    1405234,    1405234,    1405234,    1405234
 5,    1238100,     49.0,     49.0,     49.0,    152.0,  9, 10, 11,  9,    1405235,    1405235,    1405235,    1405235
 5,    1238147,     47.0,     47.0,     46.0,    145.0,  9, 10, 11, 11,    1405246,    1405246,    1405246,    1405246
 5,    1238184,     50.0,     50.0,     50.0,    153.0,  9, 10, 11, 10,    1405261,    1405261,    1405261,    1405261
 5,    2577953,     72.0,     73.0,     73.0,    218.0,  9, 10, 11,  9,    2403590,    2403590,    2403590,    2403590
 5,    2578028,     70.0,     71.0,     71.0,    215.0,  9, 10, 11,  9,    2403590,    2403590,    2403590,    2403590
 5,    2578058,     70.0,     70.0,     70.0,    214.0,  9, 10, 11,  9,    2403590,    2403590,    2403590,    2403590
 5,    2578357,     51.0,     50.0,     51.0,    160.0,  9, 10, 11, 10,    1405316,    1405316,    1405316,    1405316
 5,    2578365,     51.0,     50.0,     52.0,    161.0,  9, 10, 11, 10,    1405316,    1405316,    1405316,    1405316
 5,    2578405,     47.0,     46.0,     47.0,    150.0,  1,  2,  3,  2,    1237800,    1237800,    1237800,    1237800
 5,    2578413,     44.0,     44.0,     45.0,    143.0,  1,  2,  3,  2,    1237800,    1237800,    1237800,    1237800
 5,    2578429,     42.0,     42.0,     43.0,    135.0,  1,  2,  3,  2,    1237800,    1237800,    1237800,    1237800
 5,    2578437,     41.0,     40.0,     41.0,    130.0,  1,  2,  3,  2,    1237800,    1237800,    1237800,    1237800
 5,    1363948,     60.0,     59.0,     60.0,    186.0,  9, 10, 11, 10,    1405134,    1405134,    1405134,    1405134
 5,    2579380,     40.0,     39.0,     40.0,    128.0,  1,  2,  3,  2,    1237800,    1237800,    1237800,    1237800
 5,    2578238,     43.0,     42.0,     43.0,    137.0,  1,  2,  3,  2,      44565,      44565,      44565,      44565
 5,    2578266,     43.0,     42.0,     43.0,    135.0,  9, 10, 11, 10,      80658,      80658,      80658,      80658
 5,    2578282,     43.0,     42.0,     42.0,    135.0,  9, 10, 11, 10,      80658,      80658,      80658,      80658
 5,    2451321,     42.0,     41.0,     42.0,    134.0,  1,  2,  3,  2,    2451321,    2451321,    2451321,    2451321
 6,     709145,     58.0,     57.0,     58.0,    179.0,  9, 10, 11, 10,    1114273,    1114273,    1114273,    1148416
 6,     709150,     49.0,     49.0,     49.0,    152.0,  9, 10, 11,  9,    1114275,    1114275,    1114275,    1114275
 6,     788745,     50.0,     49.0,     50.0,    153.0,  9, 10, 11, 10,    1148425,    1148425,    1148425,    1148425
 6,    1237683,     47.0,     48.0,     48.0,    146.0,  9, 10, 11,  9,    1405105,    1405105,    1405105,    1405105
 6,    1237688,     48.0,     48.0,     48.0,    147.0,  9, 10, 11,  9,    1405107,    1405107,    1405107,    1405107
 6,    1237698,     47.0,     47.0,     47.0,    146.0,  9, 10, 11,  9,    1405110,    1405110,    1405110,    1405110
 6,    2576546,     57.0,     58.0,     57.0,    180.0,  9, 10, 11,  9,    1405148,    1405148,    1405148,    1405148
 6,    1546417,     45.0,     45.0,     45.0,    145.0,  9, 10, 11,  9,    1632874,    1632874,    1632874,    1632874
 6,    2576569,     56.0,     57.0,     56.0,    178.0,  9, 10, 11,  9,    1405148,    1405148,    1405148,    1405148
 6,    2577003,     46.0,     48.0,     47.0,    151.0,  1,  2,  3,  1,    1237785,    1237785,    1237785,    1237785
 6,    2577042,     57.0,     58.0,     57.0,    181.0,  9, 10, 11,  9,    1405148,    1405148,    1405148,    1405148
 6,    2577063,     56.0,     57.0,     57.0,    180.0,  9, 10, 11,  9,    1405148,    1405148,    1405148,    1405148
 6,    1237855,     67.0,     67.0,     66.0,    204.0,  9, 10, 11, 11,    1405169,    1405169,    1405169,    1405169
 6,    2451248,     65.0,     64.0,     63.0,    201.0,  9, 10, 11, 11,    1405169,    1405169,    1405169,    1405169
 6,    2577220,     64.0,     63.0,     62.0,    199.0,  9, 10, 11, 11,    1405169,    1405169,    1405169,    1405169
 6,    2577250,     67.0,     67.0,     66.0,    205.0,  9, 10, 11, 11,    1405169,    1405169,    1405169,    1405169
 6,    2577271,     67.0,     66.0,     65.0,    203.0,  9, 10, 11, 11,    1405169,    1405169,    1405169,    1405169
 6,    2577281,     66.0,     65.0,     65.0,    202.0,  9, 10, 11, 11,    1405169,    1405169,    1405169,    1405169
 6,    2577290,     64.0,     63.0,     63.0,    200.0,  9, 10, 11, 11,    1405169,    1405169,    1405169,    1405169
 6,    2577311,     63.0,     62.0,     62.0,    198.0,  1, 10, 11, 11,    2451546,    1405169,    1405169,    1405169
 6,    1238008,     48.0,     48.0,     48.0,    147.0,  9, 10, 11,  9,    1405201,    1405201,    1405201,    1405201
 6,    1238013,     49.0,     49.0,     49.0,    148.0,  9, 10, 11, 10,    1405202,    1405202,    1405202,    1405202
 6,    1238028,     48.0,     48.0,     48.0,    147.0,  9, 10, 11,  9,    1405206,    1405206,    1405206,    1405206
 6,    1238038,     48.0,     48.0,     48.0,    147.0,  9, 10, 11,  9,    1405209,    1405209,    1405209,    1405209
 6,    1238090,     50.0,     50.0,     50.0,    154.0,  9, 10, 11,  9,    1405233,    1405233,    1405233,    1405233
 6,    1238095,     49.0,     49.0,     49.0,    152.0,  9, 10, 11,  9,    1405234,    1405234,    1405234,    1405234
 6,    1238100,     49.0,     49.0,     49.0,    151.0,  9, 10, 11,  9,    1405235,    1405235,    1405235,    1405235
 6,    1238147,     47.0,     47.0,     46.0,    145.0,  9, 10, 11, 11,    1405246,    1405246,    1405246,    1405246
 6,    1238184,     50.0,     50.0,     50.0,    153.0,  9, 10, 11, 10,    1405261,    1405261,    1405261,    1405261
 6,    2577953,     72.0,     72.0,     73.0,    218.0,  9, 10, 11,  9,    2403590,    2403590,    2403590,    2403590
 6,    2578028,     70.0,     71.0,     71.0,    215.0,  9, 10, 11,  9,    2403590,    2403590,    2403590,    2403590
 6,    2578058,     70.0,     70.0,     70.0,    214.0,  9, 10, 11,  9,    2403590,    2403590,    2403590,    2403590
 6,    2578357,     50.0,     50.0,     50.0,    159.0,  1,  2,  3, 10,    1237805,    1237805,    1237805,    1405316
 6,    2578365,     50.0,     50.0,     50.0,    160.0,  9, 10, 11, 10,    1405316,    1405316,    1405316,    1405316
 6,    2578405,     46.0,     46.0,     46.0,    148.0,  1,  2,  3,  3,    1237800,    1237800,    1237800,    1237800
 6,    2578413,     43.0,     44.0,     43.0,    141.0,  1,  2,  3,  1,    1237800,    1237800,    1237800,    1237800
 6,    2578429,     41.0,     41.0,     41.0,    133.0,  1,  2,  3,  3,    1237800,    1237800,    1237800,    1237800
 6,    2578437,     40.0,     40.0,     39.0,    128.0,  1,  2,  3,  3,    1237800,    1237800,    1237800,    1237800
 6,    1363948,     60.0,     59.0,     61.0,    185.0,  9, 10, 11, 10,    1405134,    1405134,    1405134,    1405134
 6,    2579380,     39.0,     39.0,     39.0,    126.0,  1,  2,  3,  1,    1237800,    1237800,    1237800,    1237800
 6,    2578238,     43.0,     42.0,     43.0,    135.0,  1,  2,  3,  2,      44565,      44565,      44565,      44565
 6,    2578266,     43.0,     42.0,     42.0,    134.0,  9, 10, 11, 10,      80658,      80658,      80658,      80658
 6,    2578282,     42.0,     41.0,     42.0,    133.0,  9, 10, 11, 10,      80658,      80658,      80658,      80658
 6,    2451321,     42.0,     41.0,     42.0,    132.0,  1,  2,  3,  2,    2451321,    2451321,    2451321,    2451321
 7,     709145,     58.0,     57.0,     58.0,    179.0,  9, 10, 11, 10,    1114273,    1114273,    1148416,    1148416
 7,     709150,     49.0,     49.0,     49.0,    152.0,  9, 10, 11,  9,    1114275,    1114275,    1114275,    1114275
 7,     788745,     50.0,     49.0,     50.0,    153.0,  9, 10, 11, 10,    1148425,    1148425,    1148425,    1148425
 7,    1237683,     47.0,     47.0,     47.0,    145.0,  9, 10, 11, 10,    1405105,    1405105,    1405105,    1405105
 7,    1237688,     47.0,     48.0,     48.0,    147.0,  9, 10, 11,  9,    1405107,    1405107,    1405107,    1405107
 7,    1237698,     47.0,     47.0,     47.0,    145.0,  9, 10, 11, 10,    1405110,    1405110,    1405110,    1405110
 7,    2576546,     55.0,     57.0,     56.0,    175.0,  9, 10, 11,  9,    1405148,    1405148,    1405148,    1405148
 7,    1546417,     44.0,     45.0,     45.0,    141.0,  9, 10, 11,  9,    1632874,    1632874,    1632874,    1632874
 7,    2576569,     54.0,     56.0,     55.0,    173.0,  9, 10, 11,  9,    1405148,    1405148,    1405148,    1405148
 7,    2577003,     45.0,     47.0,     46.0,    146.0,  1,  2,  3,  1,    1237785,    1237785,    1237785,    1237785
 7,    2577042,     55.0,     58.0,     57.0,    175.0,  9, 10, 11,  9,    1405148,    1405148,    1405148,    1405148
 7,    2577063,     55.0,     57.0,     56.0,    174.0,  9, 10, 11,  9,    1405148,    1405148,    1405148,    1405148
 7,    1237855,     67.0,     66.0,     65.0,    202.0,  9, 10, 11, 11,    1405169,    1405169,    1405169,    1405169
 7,    2451248,     65.0,     64.0,     63.0,    198.0,  9, 10, 11, 11,    1405169,    1405169,    1405169,    1405169
 7,    2577220,     64.0,     63.0,     62.0,    197.0,  9, 10, 11, 11,    1405169,    1405169,    1405169,    1405169
 7,    2577250,     67.0,     67.0,     65.0,    203.0,  9, 10, 11, 11,    1405169,    1405169,    1405169,    1405169
 7,    2577271,     67.0,     66.0,     65.0,    201.0,  9, 10, 11, 11,    1405169,    1405169,    1405169,    1405169
 7,    2577281,     66.0,     65.0,     64.0,    200.0,  9, 10, 11, 11,    1405169,    1405169,    1405169,    1405169
 7,    2577290,     64.0,     63.0,     62.0,    197.0,  9, 10, 11, 11,    1405169,    1405169,    1405169,    1405169
 7,    2577311,     63.0,     62.0,     61.0,    196.0,  1,  2, 11, 11,    2451546,    2451546,    1405169,    1405169
 7,    1238008,     48.0,     48.0,     48.0,    147.0,  9, 10, 11,  9,    1405201,    1405201,    1405201,    1405201
 7,    1238013,     49.0,     49.0,     49.0,    148.0,  9, 10, 11, 10,    1405202,    1405202,    1405202,    1405202
 7,    1238028,     48.0,     48.0,     48.0,    148.0,  9, 10, 11,  9,    1405206,    1405206,    1405206,    1405206
 7,    1238038,     48.0,     48.0,     47.0,    146.0,  9, 10, 11, 11,    1405209,    1405209,    1405209,    1405209
 7,    1238090,     50.0,     50.0,     50.0,    153.0,  9, 10, 11,  9,    1405233,    1405233,    1405233,    1405233
 7,    1238095,     49.0,     48.0,     48.0,    150.0,  9, 10, 11, 10,    1405234,    1405234,    1405234,    1405234
 7,    1238100,     49.0,     49.0,     49.0,    152.0,  9, 10, 11, 10,    1405235,    1405235,    1405235,    1405235
 7,    1238147,     46.0,     46.0,     46.0,    145.0,  9, 10, 11,  9,    1405246,    1405246,    1405246,    1405246
 7,    1238184,     50.0,     49.0,     50.0,    152.0,  9, 10, 11, 10,    1405261,    1405261,    1405261,    1405261
 7,    2577953,     73.0,     72.0,     73.0,    218.0,  9, 10, 11, 10,    2403590,    2403590,    2403590,    2403590
 7,    2578028,     71.0,     70.0,     71.0,    215.0,  9, 10, 11, 10,    2403590,    2403590,    2403590,    2403590
 7,    2578058,     70.0,     70.0,     70.0,    214.0,  9, 10, 11, 10,    2403590,    2403590,    2403590,    2403590
 7,    2578357,     48.0,     49.0,     48.0,    155.0,  9, 10, 11, 11,    1405316,    1405316,    1405316,    1405316
 7,    2578365,     49.0,     50.0,     49.0,    155.0,  9, 10, 11, 11,    1405316,    1405316,    1405316,    1405316
 7,    2578405,     45.0,     46.0,     44.0,    143.0,  1,  2,  3,  3,    1237800,    1237800,    1237800,    1237800
 7,    2578413,     42.0,     43.0,     42.0,    136.0,  1,  2,  3,  3,    1237800,    1237800,    1237800,    1237800
 7,    2578429,     40.0,     41.0,     40.0,    129.0,  1,  2,  3,  3,    1237800,    1237800,    1237800,    1237800
 7,    2578437,     39.0,     40.0,     38.0,    124.0,  1,  2,  3,  3,    1237800,    1237800,    1237800,    1237800
 7,    1363948,     60.0,     59.0,     60.0,    183.0,  9, 10, 11, 10,    1405134,    1405134,    1405134,    1405134
 7,    2579380,     38.0,     39.0,     37.0,    121.0,  1,  2,  3,  3,    1237800,    1237800,    1237800,    1237800
 7,    2578238,     43.0,     42.0,     43.0,    135.0,  1,  2,  3,  2,      44565,      44565,      44565,      44565
 7,    2578266,     42.0,     42.0,     43.0,    135.0,  9, 10, 11, 10,      80658,      80658,      80658,      80658
 7,    2578282,     42.0,     42.0,     42.0,    134.0,  9, 10, 11, 10,      80658,      80658,      80658,      80658
 7,    2451321,     42.0,     41.0,     42.0,    132.0,  1,  2,  3,  2,    2451321,    2451321,    2451321,    2451321
 8,     709145,     57.0,     54.0,     57.0,    171.0,  9, 10, 11, 10,    1114273,    1148416,    1114273,    1148416
 8,     709150,     49.0,     49.0,     49.0,    151.0,  9, 10, 11,  9,    1114275,    1114275,    1114275,    1114275
 8,     788745,     50.0,     49.0,     49.0,    153.0,  9, 10, 11, 10,    1148425,    1148425,    1148425,    1148425
 8,    1237683,     47.0,     47.0,     47.0,    144.0,  9, 10, 11,  9,    1405105,    1405105,    1405105,    1405105
 8,    1237688,     47.0,     47.0,     47.0,    145.0,  9, 10, 11, 11,    1405107,    1405107,    1405107,    1405107
 8,    1237698,     47.0,     46.0,     47.0,    142.0,  9, 10, 11, 10,    1405110,    1405110,    1405110,    1405110
 8,    2576546,     53.0,     57.0,     57.0,    169.0,  9, 10, 11,  9,    1405148,    1405148,    1405148,    1405148
 8,    1546417,     43.0,     45.0,     45.0,    138.0,  1, 10, 11,  1,    1546417,    1632874,    1632874,    1546417
 8,    2576569,     52.0,     56.0,     55.0,    167.0,  1,  2, 11,  9,    1237785,    1237785,    1405148,    1405148
 8,    2577003,     43.0,     46.0,     46.0,    139.0,  1,  2,  3,  1,    1237785,    1237785,    1237785,    1237785
 8,    2577042,     53.0,     57.0,     57.0,    169.0,  9, 10, 11,  9,    1405148,    1405148,    1405148,    1405148
 8,    2577063,     53.0,     57.0,     56.0,    168.0,  9, 10, 11,  9,    1405148,    1405148,    1405148,    1405148
 8,    1237855,     65.0,     66.0,     67.0,    203.0,  9, 10, 11,  9,    1405169,    1405169,    1405169,    1405169
 8,    2451248,     63.0,     63.0,     64.0,    199.0,  9, 10, 11,  9,    1405169,    1405169,    1405169,    1405169
 8,    2577220,     62.0,     62.0,     63.0,    198.0,  9, 10, 11,  9,    1405169,    1405169,    1405169,    1405169
 8,    2577250,     66.0,     66.0,     67.0,    204.0,  9, 10, 11,  9,    1405169,    1405169,    1405169,    1405169
 8,    2577271,     65.0,     65.0,     66.0,    202.0,  9, 10, 11,  9,    1405169,    1405169,    1405169,    1405169
 8,    2577281,     64.0,     64.0,     65.0,    201.0,  9, 10, 11,  9,    1405169,    1405169,    1405169,    1405169
 8,    2577290,     62.0,     62.0,     64.0,    199.0,  9, 10, 11,  9,    1405169,    1405169,    1405169,    1405169
 8,    2577311,     61.0,     61.0,     62.0,    197.0,  9,  2, 11,  9,    1405169,    2451546,    1405169,    1405169
 8,    1238008,     47.0,     48.0,     48.0,    144.0,  9, 10, 11,  9,    1405201,    1405201,    1405201,    1405201
 8,    1238013,     49.0,     49.0,     48.0,    147.0,  9, 10, 11, 11,    1405202,    1405202,    1405202,    1405202
 8,    1238028,     48.0,     48.0,     48.0,    147.0,  9, 10, 11,  9,    1405206,    1405206,    1405206,    1405206
 8,    1238038,     47.0,     47.0,     47.0,    144.0,  9, 10, 11, 11,    1405209,    1405209,    1405209,    1405209
 8,    1238090,     49.0,     50.0,     50.0,    151.0,  9, 10, 11,  9,    1405233,    1405233,    1405233,    1405233
 8,    1238095,     49.0,     47.0,     48.0,    148.0,  9, 10, 11, 10,    1405234,    1405234,    1405234,    1405234
 8,    1238100,     49.0,     48.0,     49.0,    149.0,  9, 10, 11, 10,    1405235,    1405235,    1405235,    1405235
 8,    1238147,     46.0,     46.0,     46.0,    145.0,  9, 10, 11,  9,    1405246,    1405246,    1405246,    1405246
 8,    1238184,     50.0,     49.0,     50.0,    153.0,  9, 10, 11, 10,    1405261,    1405261,    1405261,    1405261
 8,    2577953,     72.0,     71.0,     72.0,    215.0,  9, 10, 11, 10,    2403590,    2403590,    2403590,    2403590
 8,    2578028,     70.0,     69.0,     70.0,    212.0,  9, 10, 11, 10,    2403590,    2403590,    2403590,    2403590
 8,    2578058,     70.0,     69.0,     69.0,    211.0,  9, 10, 11, 10,    2403590,    2403590,    2403590,    2403590
 8,    2578357,     46.0,     48.0,     48.0,    148.0,  1,  2, 11,  9,    1237805,    1237805,    1405316,    1405316
 8,    2578365,     47.0,     49.0,     49.0,    149.0,  9, 10, 11,  9,    1405316,    1405316,    1405316,    1405316
 8,    2578405,     41.0,     44.0,     44.0,    134.0,  1,  2,  3,  1,    1237800,    1237800,    1237800,    1237800
 8,    2578413,     39.0,     41.0,     42.0,    127.0,  1,  2,  3,  1,    1237800,    1237800,    1237800,    1237800
 8,    2578429,     37.0,     39.0,     40.0,    121.0,  1,  2,  3,  1,    1237800,    1237800,    1237800,    1237800
 8,    2578437,     36.0,     38.0,     38.0,    116.0,  1,  2,  3,  1,    1237800,    1237800,    1237800,    1237800
 8,    1363948,     60.0,     58.0,     59.0,    180.0,  9, 10, 11, 10,    1405134,    1405134,    1405134,    1405134
 8,    2579380,     35.0,     37.0,     37.0,    114.0,  1,  2,  3,  1,    1237800,    1237800,    1237800,    1237800
 8,    2578238,     41.0,     39.0,     42.0,    126.0,  1,  2,  3,  2,      44565,      44565,      44565,      44565
 8,    2578266,     42.0,     40.0,     42.0,    127.0,  9, 10, 11, 10,      80658,      80658,      80658,      80658
 8,    2578282,     41.0,     39.0,     41.0,    127.0,  9, 10, 11, 10,      80658,      80658,      80658,      80658
 8,    2451321,     40.0,     38.0,     41.0,    123.0,  1,  2,  3,  2,    2451321,    2451321,    2451321,    2451321
 9,     709145,     55.0,     51.0,     54.0,    161.0,  9, 10, 11, 10,    1148416,    1148416,    1148416,    1148416
 9,     709150,     48.0,     48.0,     48.0,    149.0,  9, 10, 11, 10,    1114275,    1114275,    1114275,    1114275
 9,     788745,     49.0,     49.0,     49.0,    152.0,  9, 10, 11, 10,    1148425,    1148425,    1148425,    1148425
 9,    1237683,     45.0,     47.0,     47.0,    140.0,  9, 10, 11,  9,    1405105,    1405105,    1405105,    1405105
 9,    1237688,     47.0,     47.0,     48.0,    144.0,  9, 10, 11,  9,    1405107,    1405107,    1405107,    1405107
 9,    1237698,     47.0,     46.0,     46.0,    142.0,  9, 10, 11, 11,    1405110,    1405110,    1405110,    1405110
 9,    2576546,     53.0,     57.0,     55.0,    169.0,  9, 10, 11,  9,    1405148,    1405148,    1405148,    1405148
 9,    1546417,     42.0,     45.0,     44.0,    136.0,  1, 10, 11,  1,    1546417,    1632874,    1632874,    1546417
 9,    2576569,     51.0,     55.0,     54.0,    166.0,  1, 10, 11,  1,    1237785,    1405148,    1405148,    1237785
 9,    2577003,     42.0,     46.0,     45.0,    136.0,  1,  2,  3,  1,    1237785,    1237785,    1237785,    1237785
 9,    2577042,     53.0,     57.0,     56.0,    169.0,  9, 10, 11,  9,    1405148,    1405148,    1405148,    1405148
 9,    2577063,     53.0,     56.0,     55.0,    168.0,  9, 10, 11,  9,    1405148,    1405148,    1405148,    1405148
 9,    1237855,     65.0,     62.0,     66.0,    193.0,  9, 10, 11, 10,    1405169,    1405169,    1405169,    1405169
 9,    2451248,     62.0,     60.0,     63.0,    189.0,  9, 10, 11, 10,    1405169,    1405169,    1405169,    1405169
 9,    2577220,     61.0,     59.0,     62.0,    188.0,  9, 10, 11, 10,    1405169,    1405169,    1405169,    1405169
 9,    2577250,     65.0,     62.0,     66.0,    193.0,  9, 10, 11, 10,    1405169,    1405169,    1405169,    1405169
 9,    2577271,     64.0,     62.0,     65.0,    192.0,  9, 10, 11, 10,    1405169,    1405169,    1405169,    1405169
 9,    2577281,     64.0,     61.0,     64.0,    191.0,  9, 10, 11, 10,    1405169,    1405169,    1405169,    1405169
 9,    2577290,     62.0,     59.0,     62.0,    188.0,  9, 10, 11, 10,    1405169,    1405169,    1405169,    1405169
 9,    2577311,     61.0,     58.0,     61.0,    186.0,  1,  2,  3, 10,    2451546,    2451546,    2451546,    1405169
 9,    1238008,     48.0,     48.0,     48.0,    145.0,  9, 10, 11,  9,    1405201,    1405201,    1405201,    1405201
 9,    1238013,     48.0,     48.0,     47.0,    144.0,  9, 10, 11, 11,    1405202,    1405202,    1405202,    1405202
 9,    1238028,     48.0,     48.0,     48.0,    147.0,  9, 10, 11,  9,    1405206,    1405206,    1405206,    1405206
 9,    1238038,     47.0,     47.0,     46.0,    142.0,  9, 10, 11, 11,    1405209,    1405209,    1405209,    1405209
 9,    1238090,     49.0,     50.0,     50.0,    152.0,  9, 10, 11,  9,    1405233,    1405233,    1405233,    1405233
 9,    1238095,     49.0,     48.0,     48.0,    148.0,  9, 10, 11, 11,    1405234,    1405234,    1405234,    1405234
 9,    1238100,     49.0,     47.0,     48.0,    147.0,  9, 10, 11, 10,    1405235,    1405235,    1405235,    1405235
 9,    1238147,     46.0,     46.0,     46.0,    144.0,  9, 10, 11,  9,    1405246,    1405246,    1405246,    1405246
 9,    1238184,     50.0,     49.0,     49.0,    150.0,  9, 10, 11, 11,    1405261,    1405261,    1405261,    1405261
 9,    2577953,     71.0,     68.0,     70.0,    207.0,  9, 10, 11, 10,    2403590,    2403590,    2403590,    2403590
 9,    2578028,     70.0,     67.0,     68.0,    204.0,  9, 10, 11, 10,    2403590,    2403590,    2403590,    2403590
 9,    2578058,     69.0,     66.0,     67.0,    203.0,  9, 10, 11, 10,    2403590,    2403590,    2403590,    2403590
 9,    2578357,     44.0,     46.0,     47.0,    141.0,  1,  2,  3,  1,    1237805,    1237805,    1237805,    1237805
 9,    2578365,     44.0,     46.0,     47.0,    141.0,  9, 10, 11,  9,    1405316,    1405316,    1405316,    1405316
 9,    2578405,     38.0,     41.0,     42.0,    124.0,  1,  2,  3,  1,    1237800,    1237800,    1237800,    1237800
 9,    2578413,     36.0,     38.0,     40.0,    118.0,  1,  2,  3,  1,    1237800,    1237800,    1237800,    1237800
 9,    2578429,     34.0,     36.0,     38.0,    112.0,  1,  2,  3,  1,    1237800,    1237800,    1237800,    1237800
 9,    2578437,     33.0,     35.0,     36.0,    108.0,  1,  2,  3,  1,    1237800,    1237800,    1237800,    1237800
 9,    1363948,     57.0,     58.0,     58.0,    179.0,  9, 10, 11,  9,    1405134,    1405134,    1405134,    1405134
 9,    2579380,     32.0,     34.0,     36.0,    105.0,  1,  2,  3,  1,    1237800,    1237800,    1237800,    1237800
 9,    2578238,     40.0,     36.0,     39.0,    116.0,  1,  2,  3,  2,      44565,      44565,      44565,      44565
 9,    2578266,     41.0,     37.0,     39.0,    120.0,  9, 10, 11, 10,      80658,      80658,      80658,      80658
 9,    2578282,     41.0,     37.0,     39.0,    119.0,  1,  2, 11,  2,    2451321,    2451321,      80658,    2451321
 9,    2451321,     39.0,     35.0,     38.0,    113.0,  1,  2,  3,  2,    2451321,    2451321,    2451321,    2451321
10,     709145,     54.0,     53.0,     55.0,    167.0,  9, 10, 11, 10,    1148416,    1148416,    1148416,    1148416
10,     709150,     48.0,     48.0,     48.0,    148.0,  9, 10, 11, 10,    1114275,    1114275,    1114275,    1114275
10,     788745,     49.0,     49.0,     49.0,    153.0,  9, 10, 11,  9,    1148425,    1148425,    1148425,    1148425
10,    1237683,     45.0,     47.0,     47.0,    138.0,  9, 10, 11,  9,    1405105,    1405105,    1405105,    1405105
10,    1237688,     47.0,     47.0,     47.0,    145.0,  9, 10, 11,  9,    1405107,    1405107,    1405107,    1405107
10,    1237698,     47.0,     46.0,     46.0,    142.0,  9, 10, 11, 11,    1405110,    1405110,    1405110,    1405110
10,    2576546,     53.0,     55.0,     53.0,    168.0,  9, 10, 11,  9,    1405148,    1405148,    1405148,    1405148
10,    1546417,     42.0,     44.0,     43.0,    135.0,  1,  2,  3,  1,    1546417,    1546417,    1546417,    1546417
10,    2576569,     51.0,     53.0,     52.0,    165.0,  1, 10, 11,  1,    1237785,    1405148,    1405148,    1546417
10,    2577003,     42.0,     44.0,     43.0,    136.0,  1,  2,  3,  1,    1237785,    1237785,    1237785,    1237785
10,    2577042,     53.0,     55.0,     53.0,    168.0,  9, 10, 11,  9,    1405148,    1405148,    1405148,    1405148
10,    2577063,     53.0,     54.0,     53.0,    167.0,  9, 10, 11,  9,    1405148,    1405148,    1405148,    1405148
10,    1237855,     63.0,     61.0,     63.0,    191.0,  9, 10, 11, 10,    1405169,    1405169,    1405169,    1405169
10,    2451248,     61.0,     59.0,     61.0,    187.0,  9, 10, 11, 10,    1405169,    1405169,    1405169,    1405169
10,    2577220,     60.0,     58.0,     60.0,    186.0,  9, 10, 11, 10,    1405169,    1405169,    1405169,    1405169
10,    2577250,     63.0,     62.0,     63.0,    191.0,  9, 10, 11, 10,    1405169,    1405169,    1405169,    1405169
10,    2577271,     63.0,     61.0,     62.0,    190.0,  9, 10, 11, 10,    1405169,    1405169,    1405169,    1405169
10,    2577281,     62.0,     60.0,     62.0,    188.0,  9, 10, 11, 10,    1405169,    1405169,    1405169,    1405169
10,    2577290,     60.0,     58.0,     60.0,    186.0,  9, 10, 11, 10,    1405169,    1405169,    1405169,    1405169
10,    2577311,     59.0,     57.0,     59.0,    184.0,  9, 10, 11, 10,    1405169,    1405169,    1405169,    1405169
10,    1238008,     47.0,     48.0,     48.0,    142.0,  9, 10, 11,  9,    1405201,    1405201,    1405201,    1405201
10,    1238013,     49.0,     48.0,     48.0,    147.0,  9, 10, 11, 10,    1405202,    1405202,    1405202,    1405202
10,    1238028,     48.0,     48.0,     48.0,    147.0,  9, 10, 11,  9,    1405206,    1405206,    1405206,    1405206
10,    1238038,     46.0,     47.0,     47.0,    142.0,  9, 10, 11,  9,    1405209,    1405209,    1405209,    1405209
10,    1238090,     49.0,     50.0,     50.0,    152.0,  9, 10, 11,  9,    1405233,    1405233,    1405233,    1405233
10,    1238095,     49.0,     49.0,     48.0,    150.0,  9, 10, 11, 11,    1405234,    1405234,    1405234,    1405234
10,    1238100,     49.0,     48.0,     47.0,    147.0,  9, 10, 11, 11,    1405235,    1405235,    1405235,    1405235
10,    1238147,     46.0,     46.0,     46.0,    144.0,  9, 10, 11, 11,    1405246,    1405246,    1405246,    1405246
10,    1238184,     50.0,     49.0,     48.0,    149.0,  9, 10, 11, 11,    1405261,    1405261,    1405261,    1405261
10,    2577953,     71.0,     70.0,     68.0,    205.0,  9, 10, 11, 11,    2403590,    2403590,    2403590,    2403590
10,    2578028,     69.0,     69.0,     66.0,    202.0,  9, 10, 11, 11,    2403590,    2403590,    2403590,    2403590
10,    2578058,     68.0,     68.0,     65.0,    201.0,  9, 10, 11, 11,    2403590,    2403590,    2403590,    2403590
10,    2578357,     43.0,     45.0,     45.0,    139.0,  9, 10, 11,  9,    1405316,    1405316,    1405316,    1405316
10,    2578365,     44.0,     45.0,     46.0,    140.0,  9, 10, 11,  9,    1405316,    1405316,    1405316,    1405316
10,    2578405,     38.0,     40.0,     41.0,    124.0,  1,  2,  3,  1,    1237800,    1237800,    1237800,    1237800
10,    2578413,     36.0,     38.0,     39.0,    117.0,  1,  2,  3,  1,    1237800,    1237800,    1237800,    1237800
10,    2578429,     34.0,     36.0,     37.0,    111.0,  1,  2,  3,  1,    1237800,    1237800,    1237800,    1237800
10,    2578437,     33.0,     35.0,     36.0,    107.0,  1,  2,  3,  1,    1237800,    1237800,    1237800,    1237800
10,    1363948,     57.0,     58.0,     58.0,    179.0,  9, 10, 11,  9,    1405134,    1405134,    1405134,    1405134
10,    2579380,     32.0,     34.0,     35.0,    105.0,  1,  2,  3,  1,    1237800,    1237800,    1237800,    1237800
10,    2578238,     39.0,     38.0,     40.0,    123.0,  1,  2,  3,  2,      44565,      44565,      44565,      44565
10,    2578266,     40.0,     39.0,     42.0,    125.0,  9, 10, 11, 10,      80658,      80658,      80658,      80658
10,    2578282,     39.0,     39.0,     41.0,    124.0,  9,  2, 11, 10,      80658,    2451321,      80658,      80658
10,    2451321,     38.0,     37.0,     39.0,    120.0,  1,  2,  3,  2,    2451321,    2451321,    2451321,    2451321
11,     709145,     52.0,     53.0,     52.0,    164.0,  9, 10, 11,  9,    1148416,    1148416,    1148416,    1148416
11,     709150,     48.0,     48.0,     48.0,    148.0,  9, 10, 11, 11,    1114275,    1114275,    1114275,    1114275
11,     788745,     49.0,     49.0,     49.0,    153.0,  9, 10, 11,  9,    1148425,    1148425,    1148425,    1148425
11,    1237683,     46.0,     47.0,     44.0,    136.0,  9, 10, 11, 11,    1405105,    1405105,    1405105,    1405105
11,    1237688,     47.0,     47.0,     47.0,    145.0,  9, 10, 11,  9,    1405107,    1405107,    1405107,    1405107
11,    1237698,     47.0,     46.0,     46.0,    142.0,  9, 10, 11, 10,    1405110,    1405110,    1405110,    1405110
11,    2576546,     52.0,     56.0,     54.0,    165.0,  9, 10, 11,  9,    1405148,    1405148,    1405148,    1405148
11,    1546417,     42.0,     45.0,     44.0,    136.0,  1,  2,  3,  1,    1546417,    1546417,    1546417,    1546417
11,    2576569,     51.0,     55.0,     53.0,    163.0,  1,  2, 11,  9,    1237785,    1237785,    1405148,    1405148
11,    2577003,     42.0,     45.0,     44.0,    136.0,  1,  2,  3,  1,    1237785,    1237785,    1237785,    1237785
11,    2577042,     52.0,     57.0,     54.0,    165.0,  9, 10, 11,  9,    1405148,    1405148,    1405148,    1405148
11,    2577063,     52.0,     56.0,     54.0,    164.0,  9, 10, 11,  9,    1405148,    1405148,    1405148,    1405148
11,    1237855,     63.0,     61.0,     64.0,    191.0,  9, 10, 11, 10,    1405169,    1405169,    1405169,    1405169
11,    2451248,     61.0,     59.0,     62.0,    188.0,  9, 10, 11, 10,    1405169,    1405169,    1405169,    1405169
11,    2577220,     60.0,     59.0,     61.0,    186.0,  9, 10, 11, 10,    1405169,    1405169,    1405169,    1405169
11,    2577250,     63.0,     62.0,     64.0,    191.0,  9, 10, 11, 10,    1405169,    1405169,    1405169,    1405169
11,    2577271,     63.0,     61.0,     64.0,    190.0,  9, 10, 11, 10,    1405169,    1405169,    1405169,    1405169
11,    2577281,     62.0,     60.0,     63.0,    189.0,  9, 10, 11, 10,    1405169,    1405169,    1405169,    1405169
11,    2577290,     60.0,     58.0,     61.0,    186.0,  9, 10, 11, 10,    1405169,    1405169,    1405169,    1405169
11,    2577311,     59.0,     58.0,     60.0,    185.0,  9,  2, 11, 10,    1405169,    2451546,    1405169,    1405169
11,    1238008,     48.0,     48.0,     48.0,    145.0,  9, 10, 11, 10,    1405201,    1405201,    1405201,    1405201
11,    1238013,     48.0,     48.0,     49.0,    146.0,  9, 10, 11, 10,    1405202,    1405202,    1405202,    1405202
11,    1238028,     48.0,     47.0,     48.0,    145.0,  9, 10, 11, 10,    1405206,    1405206,    1405206,    1405206
11,    1238038,     47.0,     46.0,     47.0,    144.0,  9, 10, 11,  9,    1405209,    1405209,    1405209,    1405209
11,    1238090,     49.0,     50.0,     50.0,    152.0,  9, 10, 11,  9,    1405233,    1405233,    1405233,    1405233
11,    1238095,     49.0,     49.0,     48.0,    149.0,  9, 10, 11, 11,    1405234,    1405234,    1405234,    1405234
11,    1238100,     49.0,     49.0,     48.0,    149.0,  9, 10, 11, 11,    1405235,    1405235,    1405235,    1405235
11,    1238147,     46.0,     46.0,     46.0,    144.0,  9, 10, 11,  9,    1405246,    1405246,    1405246,    1405246
11,    1238184,     50.0,     49.0,     49.0,    152.0,  9, 10, 11, 10,    1405261,    1405261,    1405261,    1405261
11,    2577953,     70.0,     70.0,     69.0,    207.0,  9, 10, 11, 11,    2403590,    2403590,    2403590,    2403590
11,    2578028,     68.0,     68.0,     67.0,    205.0,  9, 10, 11, 11,    2403590,    2403590,    2403590,    2403590
11,    2578058,     68.0,     67.0,     66.0,    204.0,  9, 10, 11, 11,    2403590,    2403590,    2403590,    2403590
11,    2578357,     44.0,     44.0,     47.0,    140.0,  9, 10,  3, 10,    1405316,    1405316,    1237805,    1405316
11,    2578365,     44.0,     44.0,     47.0,    141.0,  9, 10, 11, 10,    1405316,    1405316,    1405316,    1405316
11,    2578405,     39.0,     38.0,     42.0,    124.0,  1,  2,  3,  2,    1237800,    1237800,    1237800,    1237800
11,    2578413,     37.0,     36.0,     40.0,    118.0,  1,  2,  3,  2,    1237800,    1237800,    1237800,    1237800
11,    2578429,     35.0,     34.0,     38.0,    112.0,  1,  2,  3,  2,    1237800,    1237800,    1237800,    1237800
11,    2578437,     34.0,     33.0,     37.0,    108.0,  1,  2,  3,  2,    1237800,    1237800,    1237800,    1237800
11,    1363948,     58.0,     57.0,     56.0,    176.0,  9, 10, 11, 11,    1405134,    1405134,    1405134,    1405134
11,    2579380,     33.0,     33.0,     36.0,    106.0,  1,  2,  3,  2,    1237800,    1237800,    1237800,    1237800
11,    2578238,     37.0,     38.0,     37.0,    121.0,  1,  2,  3,  1,      44565,      44565,      44565,      44565
11,    2578266,     38.0,     40.0,     40.0,    122.0,  9, 10, 11,  9,      80658,      80658,      80658,      80658
11,    2578282,     38.0,     39.0,     39.0,    121.0,  1,  2,  3,  9,    2451321,    2451321,    2451321,      80658
11,    2451321,     36.0,     37.0,     37.0,    118.0,  1,  2,  3,  1,    2451321,    2451321,    2451321,    2451321
12,     709145,     53.0,     54.0,     55.0,    166.0,  9, 10, 11,  9,    1148416,    1148416,    1148416,    1148416
12,     709150,     48.0,     48.0,     48.0,    148.0,  9, 10, 11,  9,    1114275,    1114275,    1114275,    1114275
12,     788745,     49.0,     49.0,     49.0,    153.0,  9, 10, 11,  9,    1148425,    1148425,    1148425,    1148425
12,    1237683,     47.0,     47.0,     47.0,    144.0,  9, 10, 11,  9,    1405105,    1405105,    1405105,    1405105
12,    1237688,     47.0,     47.0,     48.0,    145.0,  9, 10, 11,  9,    1405107,    1405107,    1405107,    1405107
12,    1237698,     47.0,     46.0,     46.0,    143.0,  9, 10, 11, 10,    1405110,    1405110,    1405110,    1405110
12,    2576546,     53.0,     57.0,     55.0,    169.0,  9, 10, 11,  9,    1405148,    1405148,    1405148,    1405148
12,    1546417,     42.0,     45.0,     45.0,    137.0,  1, 10,  3,  1,    1546417,    1632874,    1546417,    1546417
12,    2576569,     52.0,     56.0,     54.0,    167.0,  1,  2,  3,  1,    1237785,    1237785,    1237785,    1237785
12,    2577003,     42.0,     46.0,     45.0,    137.0,  1,  2,  3,  1,    1237785,    1237785,    1237785,    1237785
12,    2577042,     53.0,     57.0,     55.0,    169.0,  9, 10, 11,  9,    1405148,    1405148,    1405148,    1405148
12,    2577063,     53.0,     56.0,     55.0,    168.0,  9, 10, 11,  9,    1405148,    1405148,    1405148,    1405148
12,    1237855,     63.0,     63.0,     65.0,    195.0,  9, 10, 11,  9,    1405169,    1405169,    1405169,    1405169
12,    2451248,     61.0,     61.0,     62.0,    192.0,  9, 10, 11,  9,    1405169,    1405169,    1405169,    1405169
12,    2577220,     60.0,     60.0,     61.0,    190.0,  9, 10, 11,  9,    1405169,    1405169,    1405169,    1405169
12,    2577250,     63.0,     64.0,     65.0,    196.0,  9, 10, 11,  9,    1405169,    1405169,    1405169,    1405169
12,    2577271,     62.0,     63.0,     64.0,    194.0,  9, 10, 11,  9,    1405169,    1405169,    1405169,    1405169
12,    2577281,     62.0,     62.0,     63.0,    193.0,  9, 10, 11,  9,    1405169,    1405169,    1405169,    1405169
12,    2577290,     60.0,     60.0,     62.0,    191.0,  9, 10, 11,  9,    1405169,    1405169,    1405169,    1405169
12,    2577311,     59.0,     59.0,     61.0,    189.0,  9,  2,  3,  9,    1405169,    2451546,    2451546,    1405169
12,    1238008,     48.0,     48.0,     48.0,    145.0,  9, 10, 11,  9,    1405201,    1405201,    1405201,    1405201
12,    1238013,     49.0,     48.0,     49.0,    145.0,  9, 10, 11, 10,    1405202,    1405202,    1405202,    1405202
12,    1238028,     48.0,     47.0,     47.0,    144.0,  9, 10, 11, 11,    1405206,    1405206,    1405206,    1405206
12,    1238038,     46.0,     47.0,     47.0,    143.0,  9, 10, 11,  9,    1405209,    1405209,    1405209,    1405209
12,    1238090,     50.0,     50.0,     50.0,    153.0,  9, 10, 11,  9,    1405233,    1405233,    1405233,    1405233
12,    1238095,     49.0,     49.0,     48.0,    149.0,  9, 10, 11, 11,    1405234,    1405234,    1405234,    1405234
12,    1238100,     49.0,     48.0,     48.0,    150.0,  9, 10, 11, 10,    1405235,    1405235,    1405235,    1405235
12,    1238147,     46.0,     46.0,     46.0,    144.0,  9, 10, 11,  9,    1405246,    1405246,    1405246,    1405246
12,    1238184,     50.0,     49.0,     50.0,    152.0,  9, 10, 11, 10,    1405261,    1405261,    1405261,    1405261
12,    2577953,     71.0,     69.0,     70.0,    208.0,  9, 10, 11, 10,    2403590,    2403590,    2403590,    2403590
12,    2578028,     69.0,     67.0,     68.0,    206.0,  9, 10, 11, 10,    2403590,    2403590,    2403590,    2403590
12,    2578058,     68.0,     67.0,     67.0,    205.0,  9, 10, 11, 10,    2403590,    2403590,    2403590,    2403590
12,    2578357,     45.0,     45.0,     47.0,    144.0,  9, 10,  3, 10,    1405316,    1405316,    1237805,    1405316
12,    2578365,     46.0,     45.0,     47.0,    145.0,  9, 10, 11, 10,    1405316,    1405316,    1405316,    1405316
12,    2578405,     40.0,     40.0,     42.0,    130.0,  1,  2,  3,  2,    1237800,    1237800,    1237800,    1237800
12,    2578413,     38.0,     38.0,     40.0,    123.0,  1,  2,  3,  2,    1237800,    1237800,    1237800,    1237800
12,    2578429,     36.0,     36.0,     38.0,    117.0,  1,  2,  3,  2,    1237800,    1237800,    1237800,    1237800
12,    2578437,     35.0,     35.0,     36.0,    112.0,  1,  2,  3,  2,    1237800,    1237800,    1237800,    1237800
12,    1363948,     59.0,     58.0,     59.0,    180.0,  9, 10, 11, 10,    1405134,    1405134,    1405134,    1405134
12,    2579380,     34.0,     34.0,     36.0,    110.0,  1,  2,  3,  2,    1237800,    1237800,    1237800,    1237800
12,    2578238,     38.0,     39.0,     40.0,    122.0,  1,  2,  3,  1,      44565,      44565,      44565,      44565
12,    2578266,     38.0,     40.0,     41.0,    123.0,  9, 10, 11,  9,      80658,      80658,      80658,      80658
12,    2578282,     38.0,     40.0,     41.0,    123.0,  9,  2, 11,  9,      80658,    2451321,      80658,      80658
12,    2451321,     37.0,     38.0,     40.0,    119.0,  1,  2,  3,  1,    2451321,    2451321,    2451321,    2451321
13,     709145,     55.0,     55.0,     55.0,    172.0,  9, 10, 11, 10,    1148416,    1114273,    1148416,    1148416
13,     709150,     49.0,     49.0,     49.0,    151.0,  9, 10, 11,  9,    1114275,    1114275,    1114275,    1114275
13,     788745,     49.0,     49.0,     49.0,    153.0,  9, 10, 11,  9,    1148425,    1148425,    1148425,    1148425
13,    1237683,     46.0,     47.0,     47.0,    141.0,  9, 10, 11,  9,    1405105,    1405105,    1405105,    1405105
13,    1237688,     47.0,     47.0,     47.0,    145.0,  9, 10, 11, 10,    1405107,    1405107,    1405107,    1405107
13,    1237698,     47.0,     47.0,     46.0,    143.0,  9, 10, 11, 11,    1405110,    1405110,    1405110,    1405110
13,    2576546,     53.0,     56.0,     53.0,    167.0,  9, 10, 11,  9,    1405148,    1405148,    1405148,    1405148
13,    1546417,     42.0,     45.0,     43.0,    137.0,  1, 10,  3,  1,    1546417,    1632874,    1546417,    1546417
13,    2576569,     51.0,     55.0,     52.0,    165.0,  1, 10,  3,  9,    1237785,    1405148,    1546417,    1405148
13,    2577003,     42.0,     46.0,     43.0,    137.0,  1,  2,  3,  1,    1237785,    1237785,    1237785,    1237785
13,    2577042,     53.0,     56.0,     53.0,    167.0,  9, 10, 11,  9,    1405148,    1405148,    1405148,    1405148
13,    2577063,     52.0,     56.0,     53.0,    166.0,  9, 10, 11,  9,    1405148,    1405148,    1405148,    1405148
13,    1237855,     63.0,     62.0,     63.0,    192.0,  9, 10, 11, 10,    1405169,    1405169,    1405169,    1405169
13,    2451248,     61.0,     60.0,     61.0,    189.0,  9, 10, 11, 10,    1405169,    1405169,    1405169,    1405169
13,    2577220,     60.0,     59.0,     60.0,    188.0,  9, 10, 11, 10,    1405169,    1405169,    1405169,    1405169
13,    2577250,     63.0,     62.0,     63.0,    193.0,  9, 10, 11, 10,    1405169,    1405169,    1405169,    1405169
13,    2577271,     62.0,     62.0,     62.0,    192.0,  9, 10, 11, 10,    1405169,    1405169,    1405169,    1405169
13,    2577281,     62.0,     61.0,     61.0,    190.0,  9, 10, 11, 10,    1405169,    1405169,    1405169,    1405169
13,    2577290,     60.0,     59.0,     60.0,    188.0,  9, 10, 11, 10,    1405169,    1405169,    1405169,    1405169
13,    2577311,     59.0,     58.0,     59.0,    186.0,  9, 10, 11, 10,    1405169,    1405169,    1405169,    1405169
13,    1238008,     48.0,     47.0,     46.0,    139.0,  9, 10, 11, 11,    1405201,    1405201,    1405201,    1405201
13,    1238013,     49.0,     48.0,     49.0,    146.0,  9, 10, 11, 10,    1405202,    1405202,    1405202,    1405202
13,    1238028,     48.0,     47.0,     48.0,    145.0,  9, 10, 11, 10,    1405206,    1405206,    1405206,    1405206
13,    1238038,     47.0,     46.0,     47.0,    143.0,  9, 10, 11, 10,    1405209,    1405209,    1405209,    1405209
13,    1238090,     50.0,     50.0,     48.0,    149.0,  9, 10, 11, 11,    1405233,    1405233,    1405233,    1405233
13,    1238095,     49.0,     49.0,     48.0,    151.0,  9, 10, 11, 11,    1405234,    1405234,    1405234,    1405234
13,    1238100,     49.0,     49.0,     49.0,    151.0,  9, 10, 11, 10,    1405235,    1405235,    1405235,    1405235
13,    1238147,     46.0,     46.0,     46.0,    143.0,  9, 10, 11,  9,    1405246,    1405246,    1405246,    1405246
13,    1238184,     50.0,     48.0,     50.0,    149.0,  9, 10, 11, 10,    1405261,    1405261,    1405261,    1405261
13,    2577953,     71.0,     69.0,     70.0,    207.0,  9, 10, 11, 10,    2403590,    2403590,    2403590,    2403590
13,    2578028,     69.0,     67.0,     68.0,    205.0,  9, 10, 11, 10,    2403590,    2403590,    2403590,    2403590
13,    2578058,     68.0,     66.0,     67.0,    204.0,  9, 10, 11, 10,    2403590,    2403590,    2403590,    2403590
13,    2578357,     45.0,     44.0,     47.0,    143.0,  9, 10, 11, 10,    1405316,    1405316,    1405316,    1405316
13,    2578365,     45.0,     45.0,     47.0,    143.0,  9, 10, 11, 10,    1405316,    1405316,    1405316,    1405316
13,    2578405,     40.0,     39.0,     42.0,    126.0,  1,  2,  3,  2,    1237800,    1237800,    1237800,    1237800
13,    2578413,     38.0,     37.0,     40.0,    120.0,  1,  2,  3,  2,    1237800,    1237800,    1237800,    1237800
13,    2578429,     36.0,     35.0,     38.0,    114.0,  1,  2,  3,  2,    1237800,    1237800,    1237800,    1237800
13,    2578437,     35.0,     34.0,     36.0,    110.0,  1,  2,  3,  2,    1237800,    1237800,    1237800,    1237800
13,    1363948,     58.0,     58.0,     58.0,    181.0,  9, 10, 11, 10,    1405134,    1405134,    1405134,    1405134
13,    2579380,     34.0,     33.0,     36.0,    107.0,  1,  2,  3,  2,    1237800,    1237800,    1237800,    1237800
13,    2578238,     40.0,     39.0,     40.0,    127.0,  1,  2,  3,  2,      44565,      44565,      44565,      44565
13,    2578266,     40.0,     40.0,     41.0,    128.0,  9, 10, 11, 10,      80658,      80658,      80658,      80658
13,    2578282,     40.0,     40.0,     40.0,    128.0,  9,  2, 11, 10,      80658,    2451321,      80658,      80658
13,    2451321,     39.0,     38.0,     39.0,    124.0,  1,  2,  3,  2,    2451321,    2451321,    2451321,    2451321
14,     709145,     55.0,     56.0,     56.0,    174.0,  9, 10, 11,  9,    1148416,    1114273,    1148416,    1148416
14,     709150,     49.0,     49.0,     49.0,    151.0,  9, 10, 11,  9,    1114275,    1114275,    1114275,    1114275
14,     788745,     49.0,     49.0,     49.0,    153.0,  9, 10, 11,  9,    1148425,    1148425,    1148425,    1148425
14,    1237683,     46.0,     47.0,     46.0,    142.0,  9, 10, 11,  9,    1405105,    1405105,    1405105,    1405105
14,    1237688,     47.0,     47.0,     48.0,    146.0,  9, 10, 11,  9,    1405107,    1405107,    1405107,    1405107
14,    1237698,     47.0,     46.0,     47.0,    144.0,  9, 10, 11, 10,    1405110,    1405110,    1405110,    1405110
14,    2576546,     53.0,     57.0,     54.0,    169.0,  9, 10, 11,  9,    1405148,    1405148,    1405148,    1405148
14,    1546417,     43.0,     45.0,     44.0,    141.0,  1, 10,  3,  1,    1546417,    1632874,    1546417,    1546417
14,    2576569,     52.0,     56.0,     52.0,    167.0,  9, 10, 11,  9,    1405148,    1405148,    1405148,    1405148
14,    2577003,     43.0,     47.0,     44.0,    141.0,  1,  2,  3,  1,    1237785,    1237785,    1237785,    1237785
14,    2577042,     54.0,     57.0,     54.0,    170.0,  9, 10, 11,  9,    1405148,    1405148,    1405148,    1405148
14,    2577063,     53.0,     57.0,     53.0,    169.0,  9, 10, 11,  9,    1405148,    1405148,    1405148,    1405148
14,    1237855,     63.0,     65.0,     66.0,    196.0,  9, 10, 11,  9,    1405169,    1405169,    1405169,    1405169
14,    2451248,     61.0,     63.0,     64.0,    193.0,  9, 10, 11,  9,    1405169,    1405169,    1405169,    1405169
14,    2577220,     60.0,     62.0,     62.0,    191.0,  9, 10, 11,  9,    1405169,    1405169,    1405169,    1405169
14,    2577250,     63.0,     65.0,     66.0,    196.0,  9, 10, 11,  9,    1405169,    1405169,    1405169,    1405169
14,    2577271,     63.0,     64.0,     65.0,    195.0,  9, 10, 11,  9,    1405169,    1405169,    1405169,    1405169
14,    2577281,     62.0,     63.0,     65.0,    194.0,  9, 10, 11,  9,    1405169,    1405169,    1405169,    1405169
14,    2577290,     60.0,     62.0,     63.0,    191.0,  9, 10, 11,  9,    1405169,    1405169,    1405169,    1405169
14,    2577311,     59.0,     61.0,     62.0,    190.0,  9,  2,  3,  9,    1405169,    2451546,    2451546,    1405169
14,    1238008,     48.0,     47.0,     48.0,    144.0,  9, 10, 11, 10,    1405201,    1405201,    1405201,    1405201
14,    1238013,     49.0,     48.0,     48.0,    147.0,  9, 10, 11, 10,    1405202,    1405202,    1405202,    1405202
14,    1238028,     48.0,     48.0,     48.0,    147.0,  9, 10, 11,  9,    1405206,    1405206,    1405206,    1405206
14,    1238038,     47.0,     47.0,     46.0,    143.0,  9, 10, 11, 11,    1405209,    1405209,    1405209,    1405209
14,    1238090,     49.0,     50.0,     49.0,    151.0,  9, 10, 11, 11,    1405233,    1405233,    1405233,    1405233
14,    1238095,     49.0,     49.0,     48.0,    151.0,  9, 10, 11, 11,    1405234,    1405234,    1405234,    1405234
14,    1238100,     49.0,     48.0,     49.0,    149.0,  9, 10, 11, 10,    1405235,    1405235,    1405235,    1405235
14,    1238147,     46.0,     47.0,     46.0,    143.0,  9, 10, 11, 11,    1405246,    1405246,    1405246,    1405246
14,    1238184,     50.0,     49.0,     50.0,    152.0,  9, 10, 11, 10,    1405261,    1405261,    1405261,    1405261
14,    2577953,     70.0,     69.0,     71.0,    208.0,  9, 10, 11, 10,    2403590,    2403590,    2403590,    2403590
14,    2578028,     69.0,     67.0,     69.0,    205.0,  9, 10, 11, 10,    2403590,    2403590,    2403590,    2403590
14,    2578058,     68.0,     66.0,     68.0,    204.0,  9, 10, 11, 10,    2403590,    2403590,    2403590,    2403590
14,    2578357,     44.0,     46.0,     48.0,    143.0,  9, 10, 11,  9,    1405316,    1405316,    1405316,    1405316
14,    2578365,     45.0,     47.0,     48.0,    143.0,  9, 10, 11,  9,    1405316,    1405316,    1405316,    1405316
14,    2578405,     40.0,     41.0,     43.0,    130.0,  1,  2,  3,  1,    1237800,    1237800,    1237800,    1237800
14,    2578413,     38.0,     39.0,     41.0,    123.0,  1,  2,  3,  1,    1237800,    1237800,    1237800,    1237800
14,    2578429,     36.0,     37.0,     39.0,    117.0,  1,  2,  3,  1,    1237800,    1237800,    1237800,    1237800
14,    2578437,     35.0,     36.0,     38.0,    112.0,  1,  2,  3,  1,    1237800,    1237800,    1237800,    1237800
14,    1363948,     59.0,     58.0,     59.0,    181.0,  9, 10, 11, 10,    1405134,    1405134,    1405134,    1405134
14,    2579380,     34.0,     35.0,     37.0,    110.0,  1,  2,  3,  1,    1237800,    1237800,    1237800,    1237800
14,    2578238,     40.0,     41.0,     41.0,    131.0,  1,  2,  3,  1,      44565,      44565,      44565,      44565
14,    2578266,     40.0,     41.0,     41.0,    129.0,  9, 10, 11,  9,      80658,      80658,      80658,      80658
14,    2578282,     40.0,     41.0,     41.0,    128.0,  9, 10, 11,  9,      80658,      80658,      80658,      80658
14,    2451321,     39.0,     40.0,     40.0,    128.0,  1,  2,  3,  1,    2451321,    2451321,    2451321,    2451321
15,     709145,     55.0,     55.0,     55.0,    172.0,  9, 10, 11,  9,    1114273,    1114273,    1148416,    1148416
15,     709150,     49.0,     49.0,     49.0,    151.0,  9, 10, 11,  9,    1114275,    1114275,    1114275,    1114275
15,     788745,     49.0,     49.0,     49.0,    153.0,  9, 10, 11,  9,    1148425,    1148425,    1148425,    1148425
15,    1237683,     46.0,     47.0,     47.0,    142.0,  9, 10, 11,  9,    1405105,    1405105,    1405105,    1405105
15,    1237688,     48.0,     47.0,     48.0,    144.0,  9, 10, 11, 10,    1405107,    1405107,    1405107,    1405107
15,    1237698,     47.0,     47.0,     47.0,    145.0,  9, 10, 11, 10,    1405110,    1405110,    1405110,    1405110
15,    2576546,     57.0,     57.0,     55.0,    174.0,  9, 10, 11, 11,    1405148,    1405148,    1405148,    1405148
15,    1546417,     45.0,     45.0,     45.0,    144.0,  9, 10,  3, 11,    1632874,    1632874,    1546417,    1632874
15,    2576569,     55.0,     56.0,     53.0,    171.0,  9, 10, 11, 11,    1405148,    1405148,    1405148,    1405148
15,    2577003,     46.0,     47.0,     45.0,    146.0,  1,  2,  3,  3,    1237785,    1237785,    1237785,    1237785
15,    2577042,     57.0,     57.0,     55.0,    174.0,  9, 10, 11, 11,    1405148,    1405148,    1405148,    1405148
15,    2577063,     56.0,     57.0,     54.0,    173.0,  9, 10, 11, 11,    1405148,    1405148,    1405148,    1405148
15,    1237855,     65.0,     65.0,     66.0,    201.0,  9, 10, 11,  9,    1405169,    1405169,    1405169,    1405169
15,    2451248,     63.0,     62.0,     63.0,    197.0,  9, 10, 11, 10,    1405169,    1405169,    1405169,    1405169
15,    2577220,     61.0,     61.0,     62.0,    196.0,  9, 10, 11,  9,    1405169,    1405169,    1405169,    1405169
15,    2577250,     65.0,     65.0,     66.0,    201.0,  9, 10, 11,  9,    1405169,    1405169,    1405169,    1405169
15,    2577271,     64.0,     64.0,     65.0,    200.0,  9, 10, 11,  9,    1405169,    1405169,    1405169,    1405169
15,    2577281,     63.0,     63.0,     64.0,    199.0,  9, 10, 11,  9,    1405169,    1405169,    1405169,    1405169
15,    2577290,     62.0,     62.0,     62.0,    196.0,  9, 10, 11,  9,    1405169,    1405169,    1405169,    1405169
15,    2577311,     61.0,     61.0,     61.0,    194.0,  9,  2, 11, 10,    1405169,    2451546,    1405169,    1405169
15,    1238008,     48.0,     47.0,     48.0,    143.0,  9, 10, 11, 10,    1405201,    1405201,    1405201,    1405201
15,    1238013,     49.0,     48.0,     48.0,    146.0,  9, 10, 11, 10,    1405202,    1405202,    1405202,    1405202
15,    1238028,     48.0,     47.0,     48.0,    146.0,  9, 10, 11, 10,    1405206,    1405206,    1405206,    1405206
15,    1238038,     47.0,     47.0,     47.0,    145.0,  9, 10, 11, 11,    1405209,    1405209,    1405209,    1405209
15,    1238090,     49.0,     50.0,     49.0,    151.0,  9, 10, 11, 11,    1405233,    1405233,    1405233,    1405233
15,    1238095,     49.0,     49.0,     49.0,    151.0,  9, 10, 11, 11,    1405234,    1405234,    1405234,    1405234
15,    1238100,     49.0,     48.0,     49.0,    148.0,  9, 10, 11, 10,    1405235,    1405235,    1405235,    1405235
15,    1238147,     46.0,     47.0,     46.0,    144.0,  9, 10, 11, 11,    1405246,    1405246,    1405246,    1405246
15,    1238184,     50.0,     49.0,     50.0,    152.0,  9, 10, 11, 10,    1405261,    1405261,    1405261,    1405261
15,    2577953,     71.0,     68.0,     70.0,    205.0,  9, 10, 11, 10,    2403590,    2403590,    2403590,    2403590
15,    2578028,     69.0,     66.0,     69.0,    203.0,  9, 10, 11, 10,    2403590,    2403590,    2403590,    2403590
15,    2578058,     68.0,     65.0,     68.0,    202.0,  9, 10, 11, 10,    2403590,    2403590,    2403590,    2403590
15,    2578357,     46.0,     47.0,     48.0,    149.0,  9, 10, 11,  9,    1405316,    1405316,    1405316,    1405316
15,    2578365,     47.0,     48.0,     48.0,    150.0,  9, 10, 11,  9,    1405316,    1405316,    1405316,    1405316
15,    2578405,     42.0,     43.0,     44.0,    138.0,  1,  2,  3,  1,    1237800,    1237800,    1237800,    1237800
15,    2578413,     40.0,     41.0,     42.0,    131.0,  1,  2,  3,  1,    1237800,    1237800,    1237800,    1237800
15,    2578429,     38.0,     39.0,     40.0,    124.0,  1,  2,  3,  1,    1237800,    1237800,    1237800,    1237800
15,    2578437,     37.0,     37.0,     38.0,    120.0,  1,  2,  3,  1,    1237800,    1237800,    1237800,    1237800
15,    1363948,     59.0,     58.0,     60.0,    180.0,  9, 10, 11, 10,    1405134,    1405134,    1405134,    1405134
15,    2579380,     36.0,     37.0,     37.0,    117.0,  1,  2,  3,  1,    1237800,    1237800,    1237800,    1237800
15,    2578238,     40.0,     39.0,     41.0,    128.0,  1,  2,  3,  2,      44565,      44565,      44565,      44565
15,    2578266,     40.0,     40.0,     40.0,    127.0,  9, 10, 11,  9,      80658,      80658,      80658,      80658
15,    2578282,     39.0,     40.0,     40.0,    127.0,  9, 10, 11,  9,      80658,      80658,      80658,      80658
15,    2451321,     39.0,     39.0,     40.0,    125.0,  1,  2,  3,  2,    2451321,    2451321,    2451321,    2451321
16,     709145,     54.0,     54.0,     55.0,    169.0,  9, 10, 11,  9,    1114273,    1148416,    1114273,    1148416
16,     709150,     49.0,     49.0,     49.0,    151.0,  9, 10, 11,  9,    1114275,    1114275,    1114275,    1114275
16,     788745,     49.0,     49.0,     49.0,    153.0,  9, 10, 11,  9,    1148425,    1148425,    1148425,    1148425
16,    1237683,     47.0,     47.0,     47.0,    143.0,  9, 10, 11,  9,    1405105,    1405105,    1405105,    1405105
16,    1237688,     48.0,     47.0,     48.0,    145.0,  9, 10, 11, 10,    1405107,    1405107,    1405107,    1405107
16,    1237698,     47.0,     46.0,     47.0,    144.0,  9, 10, 11, 10,    1405110,    1405110,    1405110,    1405110
16,    2576546,     57.0,     57.0,     54.0,    172.0,  9, 10, 11, 11,    1405148,    1405148,    1405148,    1405148
16,    1546417,     46.0,     46.0,     44.0,    143.0,  1, 10,  3, 11,    1546417,    1632874,    1546417,    1632874
16,    2576569,     55.0,     56.0,     53.0,    170.0,  9, 10, 11, 11,    1405148,    1405148,    1405148,    1405148
16,    2577003,     46.0,     47.0,     45.0,    145.0,  1,  2,  3,  3,    1237785,    1237785,    1237785,    1237785
16,    2577042,     57.0,     57.0,     54.0,    172.0,  9, 10, 11, 11,    1405148,    1405148,    1405148,    1405148
16,    2577063,     56.0,     57.0,     54.0,    171.0,  9, 10, 11, 11,    1405148,    1405148,    1405148,    1405148
16,    1237855,     66.0,     64.0,     65.0,    199.0,  9, 10, 11, 10,    1405169,    1405169,    1405169,    1405169
16,    2451248,     63.0,     62.0,     63.0,    196.0,  9, 10, 11, 10,    1405169,    1405169,    1405169,    1405169
16,    2577220,     62.0,     61.0,     62.0,    194.0,  9, 10, 11, 10,    1405169,    1405169,    1405169,    1405169
16,    2577250,     66.0,     64.0,     66.0,    200.0,  9, 10, 11, 10,    1405169,    1405169,    1405169,    1405169
16,    2577271,     65.0,     64.0,     65.0,    198.0,  9, 10, 11, 10,    1405169,    1405169,    1405169,    1405169
16,    2577281,     64.0,     63.0,     64.0,    197.0,  9, 10, 11, 10,    1405169,    1405169,    1405169,    1405169
16,    2577290,     63.0,     61.0,     62.0,    194.0,  9, 10, 11, 10,    1405169,    1405169,    1405169,    1405169
16,    2577311,     62.0,     60.0,     61.0,    193.0,  1, 10, 11, 10,    2451546,    1405169,    1405169,    1405169
16,    1238008,     47.0,     48.0,     48.0,    142.0,  9, 10, 11,  9,    1405201,    1405201,    1405201,    1405201
16,    1238013,     49.0,     48.0,     48.0,    147.0,  9, 10, 11, 10,    1405202,    1405202,    1405202,    1405202
16,    1238028,     48.0,     46.0,     48.0,    143.0,  9, 10, 11, 10,    1405206,    1405206,    1405206,    1405206
16,    1238038,     47.0,     47.0,     47.0,    146.0,  9, 10, 11,  9,    1405209,    1405209,    1405209,    1405209
16,    1238090,     49.0,     50.0,     49.0,    152.0,  9, 10, 11,  9,    1405233,    1405233,    1405233,    1405233
16,    1238095,     49.0,     49.0,     49.0,    151.0,  9, 10, 11, 11,    1405234,    1405234,    1405234,    1405234
16,    1238100,     49.0,     47.0,     49.0,    147.0,  9, 10, 11, 10,    1405235,    1405235,    1405235,    1405235
16,    1238147,     46.0,     46.0,     46.0,    144.0,  9, 10, 11, 11,    1405246,    1405246,    1405246,    1405246
16,    1238184,     50.0,     49.0,     50.0,    152.0,  9, 10, 11, 10,    1405261,    1405261,    1405261,    1405261
16,    2577953,     72.0,     69.0,     71.0,    210.0,  9, 10, 11, 10,    2403590,    2403590,    2403590,    2403590
16,    2578028,     70.0,     68.0,     70.0,    207.0,  9, 10, 11, 10,    2403590,    2403590,    2403590,    2403590
16,    2578058,     69.0,     67.0,     69.0,    206.0,  9, 10, 11, 10,    2403590,    2403590,    2403590,    2403590
16,    2578357,     46.0,     46.0,     48.0,    146.0,  9, 10, 11,  9,    1405316,    1405316,    1405316,    1405316
16,    2578365,     46.0,     46.0,     48.0,    147.0,  9, 10, 11,  9,    1405316,    1405316,    1405316,    1405316
16,    2578405,     41.0,     41.0,     43.0,    134.0,  1,  2,  3,  2,    1237800,    1237800,    1237800,    1237800
16,    2578413,     39.0,     39.0,     41.0,    127.0,  1,  2,  3,  2,    1237800,    1237800,    1237800,    1237800
16,    2578429,     37.0,     37.0,     39.0,    120.0,  1,  2,  3,  2,    1237800,    1237800,    1237800,    1237800
16,    2578437,     36.0,     36.0,     37.0,    116.0,  1,  2,  3,  2,    1237800,    1237800,    1237800,    1237800
16,    1363948,     59.0,     58.0,     60.0,    182.0,  9, 10, 11, 10,    1405134,    1405134,    1405134,    1405134
16,    2579380,     35.0,     35.0,     37.0,    113.0,  1,  2,  3,  2,    1237800,    1237800,    1237800,    1237800
16,    2578238,     39.0,     39.0,     40.0,    127.0,  1,  2,  3,  1,      44565,      44565,      44565,      44565
16,    2578266,     39.0,     39.0,     40.0,    123.0,  9, 10, 11,  9,      80658,      80658,      80658,      80658
16,    2578282,     38.0,     39.0,     40.0,    123.0,  9, 10, 11,  9,      80658,      80658,      80658,      80658
16,    2451321,     38.0,     38.0,     39.0,    123.0,  1,  2,  3,  9,    2451321,    2451321,    2451321,      80658
17,     709145,     55.0,     55.0,     55.0,    172.0,  9, 10, 11,  9,    1114273,    1114273,    1148416,    1148416
17,     709150,     49.0,     49.0,     49.0,    151.0,  9, 10, 11,  9,    1114275,    1114275,    1114275,    1114275
17,     788745,     49.0,     49.0,     49.0,    153.0,  9, 10, 11,  9,    1148425,    1148425,    1148425,    1148425
17,    1237683,     46.0,     46.0,     47.0,    141.0,  9, 10, 11, 10,    1405105,    1405105,    1405105,    1405105
17,    1237688,     48.0,     46.0,     48.0,    142.0,  9, 10, 11, 10,    1405107,    1405107,    1405107,    1405107
17,    1237698,     47.0,     46.0,     47.0,    144.0,  9, 10, 11, 10,    1405110,    1405110,    1405110,    1405110
17,    2576546,     57.0,     58.0,     57.0,    179.0,  9, 10, 11,  9,    1405148,    1405148,    1405148,    1405148
17,    1546417,     46.0,     45.0,     45.0,    145.0,  1, 10, 11, 11,    1546417,    1632874,    1632874,    1632874
17,    2576569,     55.0,     56.0,     55.0,    177.0,  9, 10, 11,  9,    1405148,    1405148,    1405148,    1405148
17,    2577003,     46.0,     47.0,     46.0,    150.0,  1,  2,  3,  1,    1237785,    1237785,    1237785,    1237785
17,    2577042,     57.0,     58.0,     57.0,    180.0,  9, 10, 11,  9,    1405148,    1405148,    1405148,    1405148
17,    2577063,     56.0,     57.0,     56.0,    179.0,  9, 10, 11,  9,    1405148,    1405148,    1405148,    1405148
17,    1237855,     66.0,     63.0,     66.0,    196.0,  9, 10, 11, 10,    1405169,    1405169,    1405169,    1405169
17,    2451248,     64.0,     61.0,     64.0,    192.0,  9, 10, 11, 10,    1405169,    1405169,    1405169,    1405169
17,    2577220,     63.0,     60.0,     63.0,    191.0,  9, 10, 11, 10,    1405169,    1405169,    1405169,    1405169
17,    2577250,     66.0,     63.0,     67.0,    196.0,  9, 10, 11, 10,    1405169,    1405169,    1405169,    1405169
17,    2577271,     65.0,     63.0,     66.0,    195.0,  9, 10, 11, 10,    1405169,    1405169,    1405169,    1405169
17,    2577281,     65.0,     62.0,     65.0,    194.0,  9, 10, 11, 10,    1405169,    1405169,    1405169,    1405169
17,    2577290,     63.0,     60.0,     63.0,    191.0,  9, 10, 11, 10,    1405169,    1405169,    1405169,    1405169
17,    2577311,     62.0,     59.0,     62.0,    190.0,  1, 10,  3, 10,    2451546,    1405169,    2451546,    1405169
17,    1238008,     48.0,     48.0,     48.0,    145.0,  9, 10, 11,  9,    1405201,    1405201,    1405201,    1405201
17,    1238013,     49.0,     48.0,     48.0,    146.0,  9, 10, 11, 11,    1405202,    1405202,    1405202,    1405202
17,    1238028,     48.0,     48.0,     48.0,    147.0,  9, 10, 11,  9,    1405206,    1405206,    1405206,    1405206
17,    1238038,     47.0,     47.0,     47.0,    146.0,  9, 10, 11,  9,    1405209,    1405209,    1405209,    1405209
17,    1238090,     49.0,     50.0,     48.0,    149.0,  9, 10, 11, 11,    1405233,    1405233,    1405233,    1405233
17,    1238095,     49.0,     49.0,     49.0,    151.0,  9, 10, 11, 11,    1405234,    1405234,    1405234,    1405234
17,    1238100,     49.0,     48.0,     49.0,    148.0,  9, 10, 11, 10,    1405235,    1405235,    1405235,    1405235
17,    1238147,     46.0,     46.0,     46.0,    144.0,  9, 10, 11, 11,    1405246,    1405246,    1405246,    1405246
17,    1238184,     50.0,     49.0,     50.0,    152.0,  9, 10, 11, 10,    1405261,    1405261,    1405261,    1405261
17,    2577953,     72.0,     70.0,     71.0,    213.0,  9, 10, 11, 10,    2403590,    2403590,    2403590,    2403590
17,    2578028,     70.0,     69.0,     70.0,    210.0,  9, 10, 11, 10,    2403590,    2403590,    2403590,    2403590
17,    2578058,     70.0,     68.0,     69.0,    209.0,  9, 10, 11, 10,    2403590,    2403590,    2403590,    2403590
17,    2578357,     45.0,     47.0,     48.0,    146.0,  9, 10, 11,  9,    1405316,    1405316,    1405316,    1405316
17,    2578365,     46.0,     48.0,     48.0,    146.0,  9, 10, 11,  9,    1405316,    1405316,    1405316,    1405316
17,    2578405,     41.0,     42.0,     43.0,    133.0,  1,  2,  3,  1,    1237800,    1237800,    1237800,    1237800
17,    2578413,     39.0,     40.0,     41.0,    126.0,  1,  2,  3,  1,    1237800,    1237800,    1237800,    1237800
17,    2578429,     37.0,     38.0,     39.0,    120.0,  1,  2,  3,  1,    1237800,    1237800,    1237800,    1237800
17,    2578437,     36.0,     37.0,     38.0,    116.0,  1,  2,  3,  1,    1237800,    1237800,    1237800,    1237800
17,    1363948,     59.0,     56.0,     60.0,    175.0,  9, 10, 11, 10,    1405134,    1405134,    1405134,    1405134
17,    2579380,     35.0,     36.0,     37.0,    113.0,  1,  2,  3,  1,    1237800,    1237800,    1237800,    1237800
17,    2578238,     40.0,     40.0,     40.0,    128.0,  1,  2,  3,  2,      44565,      44565,      44565,      44565
17,    2578266,     40.0,     40.0,     40.0,    127.0,  9, 10, 11,  9,      80658,      80658,      80658,      80658
17,    2578282,     39.0,     40.0,     40.0,    127.0,  9, 10, 11,  9,      80658,      80658,      80658,      80658
17,    2451321,     39.0,     39.0,     39.0,    126.0,  1,  2,  3,  2,    2451321,    2451321,    2451321,    2451321
18,     709145,     55.0,     54.0,     55.0,    171.0,  9, 10, 11, 10,    1114273,    1148416,    1148416,    1148416
18,     709150,     49.0,     49.0,     49.0,    151.0,  9, 10, 11,  9,    1114275,    1114275,    1114275,    1114275
18,     788745,     49.0,     49.0,     49.0,    153.0,  9, 10, 11,  9,    1148425,    1148425,    1148425,    1148425
18,    1237683,     46.0,     48.0,     47.0,    142.0,  9, 10, 11,  9,    1405105,    1405105,    1405105,    1405105
18,    1237688,     47.0,     47.0,     48.0,    145.0,  9, 10, 11, 10,    1405107,    1405107,    1405107,    1405107
18,    1237698,     46.0,     46.0,     47.0,    144.0,  9, 10, 11,  9,    1405110,    1405110,    1405110,    1405110
18,    2576546,     56.0,     57.0,     56.0,    178.0,  9, 10, 11, 11,    1405148,    1405148,    1405148,    1405148
18,    1546417,     45.0,     45.0,     45.0,    145.0,  9, 10, 11, 10,    1632874,    1632874,    1632874,    1632874
18,    2576569,     55.0,     56.0,     55.0,    176.0,  9, 10, 11, 11,    1405148,    1405148,    1405148,    1405148
18,    2577003,     46.0,     47.0,     45.0,    148.0,  1,  2,  3,  3,    1237785,    1237785,    1237785,    1237785
18,    2577042,     57.0,     57.0,     56.0,    179.0,  9, 10, 11,  9,    1405148,    1405148,    1405148,    1405148
18,    2577063,     56.0,     57.0,     56.0,    178.0,  9, 10, 11,  9,    1405148,    1405148,    1405148,    1405148
18,    1237855,     65.0,     62.0,     65.0,    192.0,  9, 10, 11, 10,    1405169,    1405169,    1405169,    1405169
18,    2451248,     63.0,     60.0,     63.0,    189.0,  9, 10, 11, 10,    1405169,    1405169,    1405169,    1405169
18,    2577220,     62.0,     59.0,     62.0,    187.0,  9, 10, 11, 10,    1405169,    1405169,    1405169,    1405169
18,    2577250,     66.0,     62.0,     66.0,    193.0,  9, 10, 11, 10,    1405169,    1405169,    1405169,    1405169
18,    2577271,     65.0,     61.0,     65.0,    191.0,  9, 10, 11, 10,    1405169,    1405169,    1405169,    1405169
18,    2577281,     64.0,     61.0,     64.0,    190.0,  9, 10, 11, 10,    1405169,    1405169,    1405169,    1405169
18,    2577290,     62.0,     59.0,     62.0,    188.0,  9, 10, 11, 10,    1405169,    1405169,    1405169,    1405169
18,    2577311,     61.0,     58.0,     61.0,    186.0,  9, 10, 11, 10,    1405169,    1405169,    1405169,    1405169
18,    1238008,     48.0,     48.0,     48.0,    145.0,  9, 10, 11,  9,    1405201,    1405201,    1405201,    1405201
18,    1238013,     49.0,     48.0,     47.0,    143.0,  9, 10, 11, 11,    1405202,    1405202,    1405202,    1405202
18,    1238028,     48.0,     48.0,     47.0,    146.0,  9, 10, 11,  9,    1405206,    1405206,    1405206,    1405206
18,    1238038,     47.0,     47.0,     46.0,    143.0,  9, 10, 11, 11,    1405209,    1405209,    1405209,    1405209
18,    1238090,     49.0,     50.0,     49.0,    150.0,  9, 10, 11, 11,    1405233,    1405233,    1405233,    1405233
18,    1238095,     49.0,     49.0,     49.0,    151.0,  9, 10, 11, 11,    1405234,    1405234,    1405234,    1405234
18,    1238100,     49.0,     48.0,     49.0,    150.0,  9, 10, 11, 10,    1405235,    1405235,    1405235,    1405235
18,    1238147,     46.0,     47.0,     46.0,    144.0,  9, 10, 11, 11,    1405246,    1405246,    1405246,    1405246
18,    1238184,     50.0,     49.0,     49.0,    152.0,  9, 10, 11, 10,    1405261,    1405261,    1405261,    1405261
18,    2577953,     71.0,     70.0,     71.0,    213.0,  9, 10, 11, 10,    2403590,    2403590,    2403590,    2403590
18,    2578028,     70.0,     69.0,     69.0,    210.0,  9, 10, 11, 10,    2403590,    2403590,    2403590,    2403590
18,    2578058,     69.0,     68.0,     68.0,    209.0,  9, 10, 11, 10,    2403590,    2403590,    2403590,    2403590
18,    2578357,     44.0,     47.0,     48.0,    142.0,  9, 10, 11,  9,    1405316,    1405316,    1405316,    1405316
18,    2578365,     45.0,     48.0,     49.0,    143.0,  9, 10, 11,  9,    1405316,    1405316,    1405316,    1405316
18,    2578405,     40.0,     43.0,     43.0,    130.0,  1,  2,  3,  1,    1237800,    1237800,    1237800,    1237800
18,    2578413,     38.0,     40.0,     41.0,    123.0,  1,  2,  3,  1,    1237800,    1237800,    1237800,    1237800
18,    2578429,     36.0,     38.0,     39.0,    117.0,  1,  2,  3,  1,    1237800,    1237800,    1237800,    1237800
18,    2578437,     35.0,     37.0,     38.0,    113.0,  1,  2,  3,  1,    1237800,    1237800,    1237800,    1237800
18,    1363948,     58.0,     58.0,     60.0,    181.0,  9, 10, 11, 10,    1405134,    1405134,    1405134,    1405134
18,    2579380,     34.0,     36.0,     37.0,    110.0,  1,  2,  3,  1,    1237800,    1237800,    1237800,    1237800
18,    2578238,     40.0,     39.0,     40.0,    127.0,  1,  2,  3,  2,      44565,      44565,      44565,      44565
18,    2578266,     40.0,     39.0,     40.0,    126.0,  9, 10, 11, 10,      80658,      80658,      80658,      80658
18,    2578282,     40.0,     39.0,     40.0,    126.0,  9, 10, 11, 10,      80658,      80658,      80658,      80658
18,    2451321,     39.0,     38.0,     39.0,    124.0,  1,  2,  3,  2,    2451321,    2451321,    2451321,    2451321
19,     709145,     54.0,     53.0,     54.0,    166.0,  9, 10, 11, 10,    1114273,    1114273,    1148416,    1148416
19,     709150,     49.0,     49.0,     49.0,    151.0,  9, 10, 11,  9,    1114275,    1114275,    1114275,    1114275
19,     788745,     49.0,     49.0,     49.0,    153.0,  9, 10, 11,  9,    1148425,    1148425,    1148425,    1148425
19,    1237683,     46.0,     47.0,     47.0,    141.0,  9, 10, 11,  9,    1405105,    1405105,    1405105,    1405105
19,    1237688,     47.0,     46.0,     48.0,    143.0,  9, 10, 11, 10,    1405107,    1405107,    1405107,    1405107
19,    1237698,     47.0,     46.0,     47.0,    142.0,  9, 10, 11, 10,    1405110,    1405110,    1405110,    1405110
19,    2576546,     55.0,     56.0,     57.0,    175.0,  9, 10, 11,  9,    1405148,    1405148,    1405148,    1405148
19,    1546417,     45.0,     45.0,     45.0,    143.0,  1,  2, 11, 10,    1546417,    1546417,    1632874,    1632874
19,    2576569,     54.0,     54.0,     55.0,    173.0,  1,  2, 11,  9,    1237785,    1546417,    1405148,    1405148
19,    2577003,     45.0,     45.0,     46.0,    145.0,  1,  2,  3,  1,    1237785,    1237785,    1237785,    1237785
19,    2577042,     55.0,     56.0,     57.0,    175.0,  9, 10, 11,  9,    1405148,    1405148,    1405148,    1405148
19,    2577063,     55.0,     55.0,     56.0,    174.0,  9, 10, 11,  9,    1405148,    1405148,    1405148,    1405148
19,    1237855,     62.0,     63.0,     64.0,    192.0,  9, 10, 11,  9,    1405169,    1405169,    1405169,    1405169
19,    2451248,     60.0,     61.0,     61.0,    189.0,  9, 10, 11,  9,    1405169,    1405169,    1405169,    1405169
19,    2577220,     59.0,     60.0,     60.0,    187.0,  9, 10, 11,  9,    1405169,    1405169,    1405169,    1405169
19,    2577250,     62.0,     63.0,     64.0,    193.0,  9, 10, 11,  9,    1405169,    1405169,    1405169,    1405169
19,    2577271,     62.0,     62.0,     63.0,    192.0,  9, 10, 11,  9,    1405169,    1405169,    1405169,    1405169
19,    2577281,     61.0,     62.0,     62.0,    191.0,  9, 10, 11,  9,    1405169,    1405169,    1405169,    1405169
19,    2577290,     59.0,     60.0,     61.0,    188.0,  9, 10, 11,  9,    1405169,    1405169,    1405169,    1405169
19,    2577311,     58.0,     59.0,     60.0,    187.0,  9,  2, 11,  9,    1405169,    2451546,    1405169,    1405169
19,    1238008,     47.0,     48.0,     48.0,    144.0,  9, 10, 11,  9,    1405201,    1405201,    1405201,    1405201
19,    1238013,     48.0,     48.0,     47.0,    144.0,  9, 10, 11, 11,    1405202,    1405202,    1405202,    1405202
19,    1238028,     47.0,     47.0,     47.0,    144.0,  9, 10, 11,  9,    1405206,    1405206,    1405206,    1405206
19,    1238038,     47.0,     47.0,     46.0,    143.0,  9, 10, 11, 11,    1405209,    1405209,    1405209,    1405209
19,    1238090,     49.0,     50.0,     48.0,    149.0,  9, 10, 11, 11,    1405233,    1405233,    1405233,    1405233
19,    1238095,     49.0,     49.0,     49.0,    151.0,  9, 10, 11,  9,    1405234,    1405234,    1405234,    1405234
19,    1238100,     48.0,     49.0,     48.0,    149.0,  9, 10, 11, 11,    1405235,    1405235,    1405235,    1405235
19,    1238147,     46.0,     46.0,     46.0,    145.0,  9, 10, 11,  9,    1405246,    1405246,    1405246,    1405246
19,    1238184,     50.0,     49.0,     50.0,    152.0,  9, 10, 11, 10,    1405261,    1405261,    1405261,    1405261
19,    2577953,     70.0,     70.0,     69.0,    210.0,  9, 10, 11, 11,    2403590,    2403590,    2403590,    2403590
19,    2578028,     68.0,     68.0,     68.0,    207.0,  9, 10, 11, 11,    2403590,    2403590,    2403590,    2403590
19,    2578058,     67.0,     68.0,     67.0,    206.0,  9, 10, 11, 11,    2403590,    2403590,    2403590,    2403590
19,    2578357,     43.0,     45.0,     47.0,    138.0,  9,  2, 11,  9,    1405316,    1237805,    1405316,    1405316
19,    2578365,     43.0,     45.0,     48.0,    139.0,  9, 10, 11,  9,    1405316,    1405316,    1405316,    1405316
19,    2578405,     38.0,     39.0,     43.0,    124.0,  1,  2,  3,  1,    1237800,    1237800,    1237800,    1237800
19,    2578413,     36.0,     37.0,     41.0,    118.0,  1,  2,  3,  1,    1237800,    1237800,    1237800,    1237800
19,    2578429,     34.0,     35.0,     38.0,    112.0,  1,  2,  3,  1,    1237800,    1237800,    1237800,    1237800
19,    2578437,     33.0,     33.0,     37.0,    107.0,  1,  2,  3,  1,    1237800,    1237800,    1237800,    1237800
19,    1363948,     59.0,     57.0,     60.0,    178.0,  9, 10, 11, 10,    1405134,    1405134,    1405134,    1405134
19,    2579380,     32.0,     33.0,     36.0,    105.0,  1,  2,  3,  1,    1237800,    1237800,    1237800,    1237800
19,    2578238,     39.0,     37.0,     39.0,    120.0,  1,  2,  3,  2,      44565,      44565,      44565,      44565
19,    2578266,     39.0,     38.0,     39.0,    122.0,  9, 10, 11, 10,      80658,      80658,      80658,      80658
19,    2578282,     39.0,     38.0,     39.0,    122.0,  9,  2, 11, 10,      80658,    2451321,      80658,      80658
19,    2451321,     38.0,     36.0,     38.0,    117.0,  1,  2,  3,  2,    2451321,    2451321,    2451321,    2451321
20,     709145,     53.0,     52.0,     51.0,    159.0,  9, 10, 11, 11,    1148416,    1148416,    1114273,    1148416
20,     709150,     49.0,     49.0,     49.0,    151.0,  9, 10, 11,  9,    1114275,    1114275,    1114275,    1114275
20,     788745,     49.0,     49.0,     49.0,    152.0,  9, 10, 11, 11,    1148425,    1148425,    1148425,    1148425
20,    1237683,     43.0,     47.0,     46.0,    132.0,  9, 10, 11,  9,    1405105,    1405105,    1405105,    1405105
20,    1237688,     47.0,     47.0,     48.0,    145.0,  9, 10, 11, 10,    1405107,    1405107,    1405107,    1405107
20,    1237698,     46.0,     46.0,     46.0,    143.0,  9, 10, 11, 10,    1405110,    1405110,    1405110,    1405110
20,    2576546,     55.0,     56.0,     52.0,    166.0,  9, 10, 11, 11,    1405148,    1405148,    1405148,    1405148
20,    1546417,     44.0,     45.0,     42.0,    136.0,  1,  2,  3,  3,    1546417,    1546417,    1546417,    1546417
20,    2576569,     53.0,     54.0,     51.0,    164.0,  1,  2,  3, 11,    1237785,    1546417,    1237785,    1405148
20,    2577003,     44.0,     45.0,     42.0,    136.0,  1,  2,  3,  3,    1237785,    1237785,    1237785,    1237785
20,    2577042,     55.0,     56.0,     53.0,    166.0,  9, 10, 11, 11,    1405148,    1405148,    1405148,    1405148
20,    2577063,     55.0,     55.0,     52.0,    165.0,  9, 10, 11, 11,    1405148,    1405148,    1405148,    1405148
20,    1237855,     60.0,     61.0,     63.0,    185.0,  9, 10, 11,  9,    1405169,    1405169,    1405169,    1405169
20,    2451248,     58.0,     59.0,     61.0,    182.0,  9, 10, 11,  9,    1405169,    1405169,    1405169,    1405169
20,    2577220,     57.0,     58.0,     60.0,    181.0,  9, 10, 11,  9,    1405169,    1405169,    1405169,    1405169
20,    2577250,     60.0,     62.0,     63.0,    186.0,  9, 10, 11,  9,    1405169,    1405169,    1405169,    1405169
20,    2577271,     59.0,     61.0,     62.0,    184.0,  9, 10, 11,  9,    1405169,    1405169,    1405169,    1405169
20,    2577281,     58.0,     60.0,     62.0,    183.0,  9, 10, 11,  9,    1405169,    1405169,    1405169,    1405169
20,    2577290,     57.0,     58.0,     60.0,    181.0,  9, 10, 11,  9,    1405169,    1405169,    1405169,    1405169
20,    2577311,     56.0,     58.0,     59.0,    180.0,  9,  2,  3,  9,    1405169,    2451546,    2451546,    1405169
20,    1238008,     48.0,     48.0,     48.0,    145.0,  9, 10, 11,  9,    1405201,    1405201,    1405201,    1405201
20,    1238013,     48.0,     48.0,     46.0,    142.0,  9, 10, 11, 11,    1405202,    1405202,    1405202,    1405202
20,    1238028,     47.0,     47.0,     46.0,    143.0,  9, 10, 11, 10,    1405206,    1405206,    1405206,    1405206
20,    1238038,     47.0,     46.0,     46.0,    143.0,  9, 10, 11, 10,    1405209,    1405209,    1405209,    1405209
20,    1238090,     49.0,     50.0,     49.0,    151.0,  9, 10, 11,  9,    1405233,    1405233,    1405233,    1405233
20,    1238095,     49.0,     48.0,     48.0,    149.0,  9, 10, 11, 11,    1405234,    1405234,    1405234,    1405234
20,    1238100,     48.0,     48.0,     48.0,    149.0,  9, 10, 11, 11,    1405235,    1405235,    1405235,    1405235
20,    1238147,     46.0,     46.0,     46.0,    143.0,  9, 10, 11, 11,    1405246,    1405246,    1405246,    1405246
20,    1238184,     50.0,     49.0,     49.0,    151.0,  9, 10, 11, 10,    1405261,    1405261,    1405261,    1405261
20,    2577953,     68.0,     68.0,     69.0,    204.0,  9, 10, 11, 10,    2403590,    2403590,    2403590,    2403590
20,    2578028,     67.0,     66.0,     67.0,    202.0,  9, 10, 11, 10,    2403590,    2403590,    2403590,    2403590
20,    2578058,     66.0,     65.0,     67.0,    201.0,  9, 10, 11, 10,    2403590,    2403590,    2403590,    2403590
20,    2578357,     41.0,     45.0,     45.0,    131.0,  1,  2,  3,  9,    1237805,    1237805,    1237805,    1405316
20,    2578365,     41.0,     45.0,     46.0,    132.0,  9, 10, 11,  9,    1405316,    1405316,    1405316,    1405316
20,    2578405,     35.0,     39.0,     40.0,    113.0,  1,  2,  3,  1,    1237800,    1237800,    1237800,    1237800
20,    2578413,     33.0,     37.0,     38.0,    107.0,  1,  2,  3,  1,    1237800,    1237800,    1237800,    1237800
20,    2578429,     31.0,     35.0,     36.0,    102.0,  1,  2,  3,  1,    1237800,    1237800,    1237800,    1237800
20,    2578437,     30.0,     34.0,     35.0,     98.0,  1,  2,  3,  1,    1237800,    1237800,    1237800,    1237800
20,    1363948,     55.0,     57.0,     58.0,    172.0,  9, 10, 11,  9,    1405134,    1405134,    1405134,    1405134
20,    2579380,     30.0,     33.0,     34.0,     96.0,  1,  2,  3,  1,    1237800,    1237800,    1237800,    1237800
20,    2578238,     38.0,     36.0,     35.0,    114.0,  1,  2,  3,  3,      44565,      44565,      44565,      44565
20,    2578266,     39.0,     38.0,     36.0,    115.0,  9, 10, 11, 11,      80658,      80658,      80658,      80658
20,    2578282,     38.0,     37.0,     35.0,    114.0,  9,  2, 11, 11,      80658,    2451321,      80658,      80658
20,    2451321,     37.0,     36.0,     34.0,    110.0,  1,  2,  3,  3,    2451321,    2451321,    2451321,    2451321
21,     709145,     54.0,     53.0,     55.0,    168.0,  9, 10, 11, 10,    1114273,    1148416,    1148416,    1148416
21,     709150,     49.0,     49.0,     49.0,    151.0,  9, 10, 11,  9,    1114275,    1114275,    1114275,    1114275
21,     788745,     49.0,     49.0,     49.0,    153.0,  9, 10, 11,  9,    1148425,    1148425,    1148425,    1148425
21,    1237683,     45.0,     47.0,     47.0,    140.0,  9, 10, 11,  9,    1405105,    1405105,    1405105,    1405105
21,    1237688,     47.0,     46.0,     48.0,    143.0,  9, 10, 11, 10,    1405107,    1405107,    1405107,    1405107
21,    1237698,     47.0,     46.0,     46.0,    143.0,  9, 10, 11, 10,    1405110,    1405110,    1405110,    1405110
21,    2576546,     55.0,     55.0,     54.0,    172.0,  9, 10, 11, 11,    1405148,    1405148,    1405148,    1405148
21,    1546417,     44.0,     44.0,     44.0,    142.0,  1,  2,  3,  3,    1546417,    1546417,    1546417,    1546417
21,    2576569,     54.0,     54.0,     53.0,    170.0,  1,  2,  3, 11,    1237785,    1237785,    1237785,    1405148
21,    2577003,     44.0,     44.0,     44.0,    142.0,  1,  2,  3,  3,    1237785,    1237785,    1237785,    1237785
21,    2577042,     55.0,     55.0,     54.0,    172.0,  9, 10, 11, 11,    1405148,    1405148,    1405148,    1405148
21,    2577063,     54.0,     55.0,     54.0,    171.0,  9, 10, 11, 11,    1405148,    1405148,    1405148,    1405148
21,    1237855,     62.0,     60.0,     63.0,    187.0,  9, 10, 11, 10,    1405169,    1405169,    1405169,    1405169
21,    2451248,     60.0,     58.0,     61.0,    184.0,  9, 10, 11, 10,    1405169,    1405169,    1405169,    1405169
21,    2577220,     59.0,     57.0,     60.0,    183.0,  9, 10, 11, 10,    1405169,    1405169,    1405169,    1405169
21,    2577250,     63.0,     61.0,     63.0,    188.0,  9, 10, 11, 10,    1405169,    1405169,    1405169,    1405169
21,    2577271,     62.0,     60.0,     62.0,    186.0,  9, 10, 11, 10,    1405169,    1405169,    1405169,    1405169
21,    2577281,     61.0,     59.0,     61.0,    185.0,  9, 10, 11, 10,    1405169,    1405169,    1405169,    1405169
21,    2577290,     60.0,     57.0,     60.0,    183.0,  9, 10, 11, 10,    1405169,    1405169,    1405169,    1405169
21,    2577311,     59.0,     57.0,     59.0,    181.0,  1,  2, 11, 10,    2451546,    2451546,    1405169,    1405169
21,    1238008,     48.0,     47.0,     48.0,    143.0,  9, 10, 11, 10,    1405201,    1405201,    1405201,    1405201
21,    1238013,     48.0,     48.0,     47.0,    143.0,  9, 10, 11, 11,    1405202,    1405202,    1405202,    1405202
21,    1238028,     47.0,     47.0,     46.0,    142.0,  9, 10, 11, 11,    1405206,    1405206,    1405206,    1405206
21,    1238038,     47.0,     46.0,     45.0,    139.0,  9, 10, 11, 11,    1405209,    1405209,    1405209,    1405209
21,    1238090,     49.0,     50.0,     49.0,    151.0,  9, 10, 11,  9,    1405233,    1405233,    1405233,    1405233
21,    1238095,     49.0,     48.0,     48.0,    150.0,  9, 10, 11, 11,    1405234,    1405234,    1405234,    1405234
21,    1238100,     48.0,     48.0,     48.0,    149.0,  9, 10, 11, 10,    1405235,    1405235,    1405235,    1405235
21,    1238147,     46.0,     46.0,     45.0,    141.0,  9, 10, 11, 11,    1405246,    1405246,    1405246,    1405246
21,    1238184,     50.0,     48.0,     50.0,    148.0,  9, 10, 11, 10,    1405261,    1405261,    1405261,    1405261
21,    2577953,     69.0,     67.0,     70.0,    203.0,  9, 10, 11, 10,    2403590,    2403590,    2403590,    2403590
21,    2578028,     67.0,     65.0,     68.0,    200.0,  9, 10, 11, 10,    2403590,    2403590,    2403590,    2403590
21,    2578058,     66.0,     65.0,     68.0,    199.0,  9, 10, 11, 10,    2403590,    2403590,    2403590,    2403590
21,    2578357,     41.0,     44.0,     45.0,    133.0,  9, 10,  3,  9,    1405316,    1405316,    1237805,    1405316
21,    2578365,     42.0,     44.0,     45.0,    133.0,  9, 10, 11,  9,    1405316,    1405316,    1405316,    1405316
21,    2578405,     36.0,     38.0,     40.0,    116.0,  1,  2,  3,  1,    1237800,    1237800,    1237800,    1237800
21,    2578413,     34.0,     36.0,     37.0,    110.0,  1,  2,  3,  1,    1237800,    1237800,    1237800,    1237800
21,    2578429,     32.0,     35.0,     36.0,    105.0,  1,  2,  3,  1,    1237800,    1237800,    1237800,    1237800
21,    2578437,     31.0,     33.0,     34.0,    101.0,  1,  2,  3,  1,    1237800,    1237800,    1237800,    1237800
21,    1363948,     58.0,     57.0,     59.0,    178.0,  9, 10, 11, 10,    1405134,    1405134,    1405134,    1405134
21,    2579380,     30.0,     33.0,     34.0,     99.0,  1,  2,  3,  1,    1237800,    1237800,    1237800,    1237800
21,    2578238,     38.0,     37.0,     39.0,    121.0,  1,  2,  3,  2,      44565,      44565,      44565,      44565
21,    2578266,     39.0,     39.0,     41.0,    125.0,  9, 10, 11,  9,      80658,      80658,      80658,      80658
21,    2578282,     39.0,     38.0,     40.0,    124.0,  1,  2, 11,  2,    2451321,    2451321,      80658,    2451321
21,    2451321,     37.0,     36.0,     38.0,    118.0,  1,  2,  3,  2,    2451321,    2451321,    2451321,    2451321
22,     709145,     56.0,     53.0,     56.0,    168.0,  9, 10, 11, 10,    1148416,    1148416,    1148416,    1148416
22,     709150,     49.0,     49.0,     49.0,    151.0,  9, 10, 11, 10,    1114275,    1114275,    1114275,    1114275
22,     788745,     50.0,     49.0,     49.0,    153.0,  9, 10, 11, 10,    1148425,    1148425,    1148425,    1148425
22,    1237683,     46.0,     47.0,     47.0,    142.0,  9, 10, 11,  9,    1405105,    1405105,    1405105,    1405105
22,    1237688,     47.0,     47.0,     48.0,    145.0,  9, 10, 11,  9,    1405107,    1405107,    1405107,    1405107
22,    1237698,     46.0,     46.0,     47.0,    142.0,  9, 10, 11,  9,    1405110,    1405110,    1405110,    1405110
22,    2576546,     55.0,     55.0,     57.0,    174.0,  9, 10, 11,  9,    1405148,    1405148,    1405148,    1405148
22,    1546417,     45.0,     45.0,     45.0,    143.0,  1,  2, 11, 10,    1546417,    1546417,    1632874,    1632874
22,    2576569,     54.0,     54.0,     55.0,    172.0,  1,  2, 11,  9,    1237785,    1237785,    1405148,    1405148
22,    2577003,     45.0,     45.0,     46.0,    144.0,  1,  2,  3,  1,    1237785,    1237785,    1237785,    1237785
22,    2577042,     55.0,     55.0,     57.0,    174.0,  9, 10, 11,  9,    1405148,    1405148,    1405148,    1405148
22,    2577063,     54.0,     55.0,     56.0,    173.0,  9, 10, 11,  9,    1405148,    1405148,    1405148,    1405148
22,    1237855,     65.0,     60.0,     64.0,    188.0,  9, 10, 11, 10,    1405169,    1405169,    1405169,    1405169
22,    2451248,     62.0,     58.0,     62.0,    184.0,  9, 10, 11, 10,    1405169,    1405169,    1405169,    1405169
22,    2577220,     61.0,     58.0,     61.0,    183.0,  9, 10, 11, 10,    1405169,    1405169,    1405169,    1405169
22,    2577250,     65.0,     61.0,     64.0,    188.0,  9, 10, 11, 10,    1405169,    1405169,    1405169,    1405169
22,    2577271,     64.0,     60.0,     64.0,    187.0,  9, 10, 11, 10,    1405169,    1405169,    1405169,    1405169
22,    2577281,     63.0,     59.0,     63.0,    185.0,  9, 10, 11, 10,    1405169,    1405169,    1405169,    1405169
22,    2577290,     62.0,     57.0,     61.0,    183.0,  9, 10, 11, 10,    1405169,    1405169,    1405169,    1405169
22,    2577311,     61.0,     56.0,     60.0,    181.0,  1, 10, 11, 10,    2451546,    1405169,    1405169,    1405169
22,    1238008,     48.0,     48.0,     48.0,    145.0,  9, 10, 11,  9,    1405201,    1405201,    1405201,    1405201
22,    1238013,     48.0,     48.0,     47.0,    143.0,  9, 10, 11, 11,    1405202,    1405202,    1405202,    1405202
22,    1238028,     47.0,     47.0,     47.0,    145.0,  9, 10, 11,  9,    1405206,    1405206,    1405206,    1405206
22,    1238038,     47.0,     47.0,     46.0,    143.0,  9, 10, 11, 11,    1405209,    1405209,    1405209,    1405209
22,    1238090,     49.0,     50.0,     50.0,    152.0,  9, 10, 11,  9,    1405233,    1405233,    1405233,    1405233
22,    1238095,     49.0,     48.0,     48.0,    149.0,  9, 10, 11, 11,    1405234,    1405234,    1405234,    1405234
22,    1238100,     49.0,     47.0,     48.0,    144.0,  9, 10, 11, 10,    1405235,    1405235,    1405235,    1405235
22,    1238147,     46.0,     46.0,     45.0,    141.0,  9, 10, 11, 11,    1405246,    1405246,    1405246,    1405246
22,    1238184,     50.0,     49.0,     50.0,    151.0,  9, 10, 11, 10,    1405261,    1405261,    1405261,    1405261
22,    2577953,     69.0,     67.0,     70.0,    204.0,  9, 10, 11, 10,    2403590,    2403590,    2403590,    2403590
22,    2578028,     67.0,     66.0,     68.0,    201.0,  9, 10, 11, 10,    2403590,    2403590,    2403590,    2403590
22,    2578058,     67.0,     65.0,     67.0,    200.0,  9, 10, 11, 10,    2403590,    2403590,    2403590,    2403590
22,    2578357,     44.0,     46.0,     46.0,    142.0,  9, 10, 11,  9,    1405316,    1405316,    1405316,    1405316
22,    2578365,     45.0,     47.0,     46.0,    143.0,  9, 10, 11,  9,    1405316,    1405316,    1405316,    1405316
22,    2578405,     40.0,     41.0,     41.0,    129.0,  1,  2,  3,  1,    1237800,    1237800,    1237800,    1237800
22,    2578413,     37.0,     39.0,     39.0,    122.0,  1,  2,  3,  1,    1237800,    1237800,    1237800,    1237800
22,    2578429,     36.0,     37.0,     37.0,    116.0,  1,  2,  3,  1,    1237800,    1237800,    1237800,    1237800
22,    2578437,     34.0,     36.0,     36.0,    111.0,  1,  2,  3,  1,    1237800,    1237800,    1237800,    1237800
22,    1363948,     58.0,     58.0,     59.0,    180.0,  9, 10, 11,  9,    1405134,    1405134,    1405134,    1405134
22,    2579380,     34.0,     35.0,     35.0,    109.0,  1,  2,  3,  1,    1237800,    1237800,    1237800,    1237800
22,    2578238,     41.0,     38.0,     41.0,    122.0,  1,  2,  3,  2,      44565,      44565,      44565,      44565
22,    2578266,     42.0,     39.0,     42.0,    124.0,  9, 10, 11, 10,      80658,      80658,      80658,      80658
22,    2578282,     41.0,     38.0,     41.0,    123.0,  9, 10, 11, 10,      80658,      80658,      80658,      80658
22,    2451321,     40.0,     37.0,     40.0,    119.0,  1,  2,  3,  2,    2451321,    2451321,    2451321,    2451321
23,     709145,     57.0,     55.0,     57.0,    172.0,  9, 10, 11, 10,    1114273,    1114273,    1148416,    1148416
23,     709150,     49.0,     49.0,     49.0,    151.0,  9, 10, 11, 10,    1114275,    1114275,    1114275,    1114275
23,     788745,     50.0,     49.0,     50.0,    153.0,  9, 10, 11, 10,    1148425,    1148425,    1148425,    1148425
23,    1237683,     47.0,     47.0,     47.0,    144.0,  9, 10, 11,  9,    1405105,    1405105,    1405105,    1405105
23,    1237688,     47.0,     47.0,     47.0,    146.0,  9, 10, 11,  9,    1405107,    1405107,    1405107,    1405107
23,    1237698,     46.0,     46.0,     47.0,    143.0,  9, 10, 11,  9,    1405110,    1405110,    1405110,    1405110
23,    2576546,     56.0,     57.0,     57.0,    177.0,  9, 10, 11,  9,    1405148,    1405148,    1405148,    1405148
23,    1546417,     45.0,     45.0,     45.0,    146.0,  9, 10, 11,  9,    1632874,    1632874,    1632874,    1632874
23,    2576569,     55.0,     56.0,     56.0,    175.0,  9, 10, 11,  9,    1405148,    1405148,    1405148,    1405148
23,    2577003,     46.0,     47.0,     47.0,    148.0,  1,  2,  3,  1,    1237785,    1237785,    1237785,    1237785
23,    2577042,     56.0,     57.0,     57.0,    178.0,  9, 10, 11,  9,    1405148,    1405148,    1405148,    1405148
23,    2577063,     56.0,     57.0,     57.0,    177.0,  9, 10, 11,  9,    1405148,    1405148,    1405148,    1405148
23,    1237855,     66.0,     65.0,     67.0,    201.0,  9, 10, 11, 10,    1405169,    1405169,    1405169,    1405169
23,    2451248,     63.0,     62.0,     64.0,    197.0,  9, 10, 11, 10,    1405169,    1405169,    1405169,    1405169
23,    2577220,     62.0,     61.0,     63.0,    196.0,  9, 10, 11, 10,    1405169,    1405169,    1405169,    1405169
23,    2577250,     66.0,     65.0,     67.0,    201.0,  9, 10, 11, 10,    1405169,    1405169,    1405169,    1405169
23,    2577271,     65.0,     64.0,     66.0,    200.0,  9, 10, 11, 10,    1405169,    1405169,    1405169,    1405169
23,    2577281,     64.0,     63.0,     65.0,    199.0,  9, 10, 11, 10,    1405169,    1405169,    1405169,    1405169
23,    2577290,     63.0,     62.0,     63.0,    196.0,  9, 10, 11, 10,    1405169,    1405169,    1405169,    1405169
23,    2577311,     62.0,     61.0,     62.0,    194.0,  1,  2, 11, 10,    2451546,    2451546,    1405169,    1405169
23,    1238008,     48.0,     48.0,     48.0,    146.0,  9, 10, 11,  9,    1405201,    1405201,    1405201,    1405201
23,    1238013,     49.0,     49.0,     48.0,    147.0,  9, 10, 11, 11,    1405202,    1405202,    1405202,    1405202
23,    1238028,     48.0,     48.0,     48.0,    146.0,  9, 10, 11,  9,    1405206,    1405206,    1405206,    1405206
23,    1238038,     47.0,     47.0,     47.0,    144.0,  9, 10, 11, 11,    1405209,    1405209,    1405209,    1405209
23,    1238090,     50.0,     50.0,     50.0,    153.0,  9, 10, 11,  9,    1405233,    1405233,    1405233,    1405233
23,    1238095,     49.0,     49.0,     48.0,    151.0,  9, 10, 11, 10,    1405234,    1405234,    1405234,    1405234
23,    1238100,     49.0,     48.0,     49.0,    149.0,  9, 10, 11, 10,    1405235,    1405235,    1405235,    1405235
23,    1238147,     46.0,     46.0,     46.0,    144.0,  9, 10, 11, 11,    1405246,    1405246,    1405246,    1405246
23,    1238184,     50.0,     49.0,     50.0,    152.0,  9, 10, 11, 10,    1405261,    1405261,    1405261,    1405261
23,    2577953,     72.0,     71.0,     72.0,    215.0,  9, 10, 11, 10,    2403590,    2403590,    2403590,    2403590
23,    2578028,     70.0,     69.0,     70.0,    212.0,  9, 10, 11, 10,    2403590,    2403590,    2403590,    2403590
23,    2578058,     69.0,     68.0,     69.0,    211.0,  9, 10, 11, 10,    2403590,    2403590,    2403590,    2403590
23,    2578357,     46.0,     49.0,     49.0,    147.0,  9,  2, 11,  9,    1405316,    1237805,    1405316,    1405316
23,    2578365,     46.0,     49.0,     49.0,    148.0,  9, 10, 11,  9,    1405316,    1405316,    1405316,    1405316
23,    2578405,     41.0,     44.0,     45.0,    134.0,  1,  2,  3,  1,    1237800,    1237800,    1237800,    1237800
23,    2578413,     39.0,     42.0,     43.0,    127.0,  1,  2,  3,  1,    1237800,    1237800,    1237800,    1237800
23,    2578429,     37.0,     40.0,     41.0,    120.0,  1,  2,  3,  1,    1237800,    1237800,    1237800,    1237800
23,    2578437,     36.0,     38.0,     39.0,    116.0,  1,  2,  3,  1,    1237800,    1237800,    1237800,    1237800
23,    1363948,     59.0,     59.0,     59.0,    183.0,  9, 10, 11,  9,    1405134,    1405134,    1405134,    1405134
23,    2579380,     35.0,     38.0,     38.0,    114.0,  1,  2,  3,  1,    1237800,    1237800,    1237800,    1237800
23,    2578238,     42.0,     39.0,     42.0,    128.0,  1,  2,  3,  2,      44565,      44565,      44565,      44565
23,    2578266,     42.0,     40.0,     42.0,    128.0,  9, 10, 11, 10,      80658,      80658,      80658,      80658
23,    2578282,     42.0,     40.0,     42.0,    128.0,  9, 10, 11, 10,      80658,      80658,      80658,      80658
23,    2451321,     41.0,     38.0,     41.0,    125.0,  1,  2,  3,  2,    2451321,    2451321,    2451321,    2451321
24,     709145,     70.0,     72.0,     72.0,    208.0, 12, 10, 12,  9,    1114273,    1114274,    1114273,    1114274
24,     709150,     55.0,     55.0,     55.0,    163.0,  9, 10, 11,  9,    1114275,    1114275,    1114275,    1114275
24,     788745,     55.0,     55.0,     55.0,    161.0,  9, 10, 11,  9,    1148425,    1148425,    1148425,    1148425
24,    1237683,     52.0,     52.0,     52.0,    157.0, 12, 12, 12, 10,    1405105,    1405105,    1405105,    1405105
24,    1237688,     52.0,     53.0,     52.0,    156.0, 12, 10, 12,  9,    1405107,    1405107,    1405107,    1405107
24,    1237698,     55.0,     52.0,     51.0,    158.0,  9, 12, 12, 10,    1405110,    1405110,    1405110,    1405110
24,    2576546,     73.0,     72.0,     72.0,    218.0, 12, 12, 12, 10,    1405148,    1405148,    1405148,    1405148
24,    1546417,     57.0,     58.0,     58.0,    168.0, 12, 12, 12,  5,    1632874,    1632874,    1632874,    1546417
24,    2576569,     74.0,     72.0,     73.0,    204.0,  4,  5,  6,  5,    1237785,    1237785,    1237785,    1525708
24,    2577003,     60.0,     59.0,     60.0,    167.0,  4,  5,  6,  5,    1237785,    1237785,    1237785,    1237785
24,    2577042,     73.0,     72.0,     71.0,    217.0, 12, 12, 12, 10,    1405148,    1405148,    1405148,    1405148
24,    2577063,     73.0,     73.0,     72.0,    218.0, 12, 12, 12, 10,    1405148,    1405148,    1405148,    1405148
24,    1237855,     80.0,     80.0,     81.0,    245.0, 12, 12, 12,  9,    1405169,    1405170,    1405169,    1405170
24,    2451248,     83.0,     82.0,     83.0,    246.0, 12, 12, 12,  9,    1405169,    1405170,    1405169,    1405182
24,    2577220,     84.0,     84.0,     84.0,    246.0, 12, 12, 12,  9,    1405169,    1405170,    1405169,    2322990
24,    2577250,     79.0,     81.0,     80.0,    245.0, 12, 12, 12, 11,    1405186,    1405169,    1405169,    1405186
24,    2577271,     80.0,     82.0,     81.0,    245.0, 12, 12, 12, 11,    1405186,    1405169,    1405169,    2402873
24,    2577281,     81.0,     83.0,     82.0,    243.0, 12, 12, 12, 11,    1405186,    1405169,    1405169,    2402875
24,    2577290,     83.0,     85.0,     84.0,    245.0, 12, 12, 12,  9,    1405186,    1405169,    1405169,    2402877
24,    2577311,     79.0,     81.0,     79.0,    224.0,  4,  5,  6,  4,    2451546,    2451546,    2451546,    2451546
24,    1238008,     52.0,     51.0,     51.0,    156.0, 12, 12, 12, 11,    1405201,    1405201,    1405201,    1405201
24,    1238013,     51.0,     51.0,     51.0,    155.0, 12, 12, 12,  9,    1405202,    1405202,    1405202,    1405202
24,    1238028,     52.0,     52.0,     52.0,    155.0,  9, 10, 11, 11,    1405206,    1405206,    1405206,    1405206
24,    1238038,     52.0,     52.0,     53.0,    156.0, 12, 12, 11,  9,    1405209,    1405209,    1405209,    1405209
24,    1238090,     54.0,     55.0,     54.0,    162.0, 12, 10, 12,  9,    1405233,    1405233,    1405233,    1405233
24,    1238095,     55.0,     55.0,     55.0,    164.0, 12, 12, 12,  9,    1405234,    1405234,    1405234,    1405234
24,    1238100,     54.0,     55.0,     55.0,    163.0, 12, 12, 11,  9,    1405235,    1405235,    1405235,    1405235
24,    1238147,     53.0,     53.0,     54.0,    157.0, 12, 12, 11,  9,    1405246,    1405246,    1405246,    1405246
24,    1238184,     54.0,     54.0,     55.0,    161.0, 12, 12, 11,  9,    1405261,    1405261,    1405261,    1405261
24,    2577953,     76.0,     78.0,     78.0,    244.0, 12, 12, 12,  9,    2403590,    2403590,    2403590,    2403590
24,    2578028,     78.0,     79.0,     80.0,    241.0, 12, 12, 12,  9,    2403590,    2403605,    2403590,    2403605
24,    2578058,     79.0,     80.0,     80.0,    238.0, 12, 12, 12,  9,    2403590,    2403590,    2403611,    2403611
24,    2578357,     75.0,     74.0,     72.0,    212.0, 12, 12, 12,  5,    1405316,    1405316,    1405316,    1237805
24,    2578365,     74.0,     73.0,     71.0,    231.0, 12, 12, 12,  5,    1405316,    1405316,    1405316,    1237805
24,    2578405,     73.0,     72.0,     72.0,    203.0,  4,  5,  6,  5,    1237800,    1237800,    2578405,    2578405
24,    2578413,     69.0,     68.0,     69.0,    193.0,  4,  5,  6,  5,    1237800,    2578413,    1237800,    2578413
24,    2578429,     66.0,     65.0,     65.0,    184.0,  4,  5,  6,  5,    1237800,    1237800,    1237800,    2578429
24,    2578437,     63.0,     63.0,     63.0,    178.0,  4,  5,  6,  5,    1237800,    1237800,    1237800,    1237800
24,    1363948,     70.0,     71.0,     68.0,    207.0, 12, 12, 12,  9,    1481659,    1405134,    1405134,    1481659
24,    2579380,     62.0,     61.0,     62.0,    174.0,  4,  5,  6,  5,    1237800,    1237800,    1237800,    1237800
24,    2578238,     55.0,     56.0,     54.0,    154.0,  4,  5,  6,  6,      44565,      44565,      44565,      44565
24,    2578266,     54.0,     56.0,     55.0,    167.0, 12, 12, 12, 11,      80658,      80658,      80658,      80658
24,    2578282,     54.0,     56.0,     55.0,    160.0, 12, 12, 12,  6,      80658,    2403768,      80658,    2578282
24,    2451321,     54.0,     55.0,     53.0,    152.0,  4, 12,  6,  6,    2451321,    2403773,    2451321,    2451321
25,     709145,     70.0,     72.0,     72.0,    208.0, 12, 10, 12,  9,    1114273,    1114274,    1114273,    1114274
25,     709150,     55.0,     55.0,     55.0,    163.0,  9, 10, 11,  9,    1114275,    1114275,    1114275,    1114275
25,     788745,     55.0,     55.0,     55.0,    161.0,  9, 10, 11, 10,    1148425,    1148425,    1148425,    1148425
25,    1237683,     52.0,     52.0,     52.0,    157.0, 12, 12, 12,  9,    1405105,    1405105,    1405105,    1405105
25,    1237688,     53.0,     53.0,     51.0,    156.0,  9, 10, 12, 11,    1405107,    1405107,    1405107,    1405107
25,    1237698,     53.0,     53.0,     52.0,    157.0,  9, 12, 12,  9,    1405110,    1405110,    1405110,    1405110
25,    2576546,     74.0,     72.0,     71.0,    218.0, 12, 12, 12, 10,    1405148,    1405148,    1405148,    1405148
25,    1546417,     58.0,     57.0,     58.0,    167.0, 12, 12, 12,  5,    1632874,    1632874,    1632874,    1546417
25,    2576569,     74.0,     72.0,     72.0,    204.0,  4,  5, 12,  5,    1237785,    1237785,    1405148,    1525708
25,    2577003,     61.0,     59.0,     60.0,    167.0,  4,  5,  6,  5,    1237785,    1237785,    1237785,    1237785
25,    2577042,     73.0,     72.0,     71.0,    218.0, 12, 12, 12, 10,    1405148,    1405148,    1405148,    1405148
25,    2577063,     74.0,     72.0,     72.0,    219.0, 12, 12, 12, 10,    1405148,    1405148,    1405148,    1405148
25,    1237855,     81.0,     80.0,     81.0,    245.0, 12, 12, 12,  9,    1405169,    1405170,    1405169,    1405170
25,    2451248,     84.0,     82.0,     84.0,    246.0, 12, 12, 12,  9,    1405169,    1405170,    1405169,    1405182
25,    2577220,     85.0,     83.0,     85.0,    246.0, 12, 12, 12,  9,    1405169,    1405170,    1405169,    2322990
25,    2577250,     80.0,     80.0,     80.0,    245.0, 12, 12, 12, 11,    1405186,    1405169,    1405186,    1405186
25,    2577271,     81.0,     81.0,     81.0,    245.0, 12, 12, 12, 11,    1405169,    1405169,    1405186,    2402873
25,    2577281,     81.0,     82.0,     82.0,    243.0, 12, 12, 12, 11,    2402875,    1405169,    1405186,    2402875
25,    2577290,     83.0,     84.0,     84.0,    245.0, 12, 12, 12,  9,    2402875,    1405169,    1405186,    2402877
25,    2577311,     79.0,     80.0,     79.0,    223.0,  4,  5,  6,  6,    2451546,    2451546,    2451546,    2451546
25,    1238008,     51.0,     51.0,     51.0,    156.0, 12, 12, 12, 10,    1405201,    1405201,    1405201,    1405201
25,    1238013,     51.0,     51.0,     51.0,    154.0, 12, 12, 12,  9,    1405202,    1405202,    1405202,    1405202
25,    1238028,     52.0,     52.0,     52.0,    155.0,  9, 12, 11, 11,    1405206,    1405206,    1405206,    1405206
25,    1238038,     52.0,     52.0,     53.0,    156.0, 12, 12, 11, 10,    1405209,    1405209,    1405209,    1405209
25,    1238090,     55.0,     54.0,     54.0,    162.0,  9, 12, 12, 10,    1405233,    1405233,    1405233,    1405233
25,    1238095,     55.0,     55.0,     55.0,    163.0, 12, 12, 12,  9,    1405234,    1405234,    1405234,    1405234
25,    1238100,     54.0,     55.0,     55.0,    163.0, 12, 12, 11,  9,    1405235,    1405235,    1405235,    1405235
25,    1238147,     54.0,     53.0,     54.0,    157.0,  9, 12, 11,  9,    1405246,    1405246,    1405246,    1405246
25,    1238184,     54.0,     54.0,     54.0,    161.0, 12, 12, 12,  9,    1405261,    1405261,    1405261,    1405261
25,    2577953,     77.0,     78.0,     78.0,    244.0, 12, 12, 12,  9,    2403590,    2403590,    2403590,    2403590
25,    2578028,     78.0,     79.0,     80.0,    242.0, 12, 12, 12,  9,    2403590,    2403590,    2403590,    2403605
25,    2578058,     79.0,     80.0,     80.0,    239.0, 12, 12, 12,  9,    2403590,    2403590,    2403611,    2403611
25,    2578357,     75.0,     74.0,     72.0,    209.0,  4,  5, 12,  5,    1237805,    1237805,    1405316,    1237805
25,    2578365,     74.0,     73.0,     71.0,    228.0, 12, 12, 12,  5,    1405316,    1405316,    1405316,    1237805
25,    2578405,     72.0,     70.0,     71.0,    200.0,  4,  5,  6,  5,    1237800,    2578405,    2578405,    2578405
25,    2578413,     68.0,     67.0,     67.0,    190.0,  4,  5,  6,  5,    2578413,    1237800,    2578413,    2578413
25,    2578429,     65.0,     64.0,     64.0,    181.0,  4,  5,  6,  5,    1237800,    1237800,    1237800,    1237800
25,    2578437,     63.0,     61.0,     62.0,    175.0,  4,  5,  6,  5,    1237800,    1237800,    1237800,    1237800
25,    1363948,     70.0,     72.0,     69.0,    207.0, 12, 12, 12,  9,    1481659,    1405134,    1405134,    1481659
25,    2579380,     61.0,     60.0,     61.0,    171.0,  4,  5,  6,  5,    1237800,    1237800,    1237800,    1237800
25,    2578238,     54.0,     56.0,     54.0,    153.0,  4,  5,  6,  6,      44565,      44565,      44565,      44565
25,    2578266,     54.0,     56.0,     55.0,    167.0, 12, 12, 12, 11,      80658,      80658,      80658,      80658
25,    2578282,     54.0,     56.0,     55.0,    159.0, 12, 12, 12,  6,      80658,    2403768,    2403768,    2451321
25,    2451321,     53.0,     55.0,     53.0,    150.0,  4,  5,  6,  6,    2451321,    2451321,    2451321,    2451321
26,     709145,     70.0,     72.0,     72.0,    208.0, 12, 12, 12,  9,    1114273,    1114273,    1114273,    1114274
26,     709150,     55.0,     55.0,     55.0,    163.0,  9, 10, 11,  9,    1114275,    1114275,    1114275,    1114275
26,     788745,     55.0,     55.0,     55.0,    161.0,  9, 10, 11, 10,    1148425,    1148425,    1148425,    1148425
26,    1237683,     52.0,     52.0,     52.0,    157.0, 12, 12, 12,  9,    1405105,    1405105,    1405105,    1405105
26,    1237688,     52.0,     53.0,     52.0,    156.0, 12, 10, 12,  9,    1405107,    1405107,    1405107,    1405107
26,    1237698,     53.0,     53.0,     52.0,    157.0,  9, 12, 12,  9,    1405110,    1405110,    1405110,    1405110
26,    2576546,     73.0,     72.0,     72.0,    216.0, 12, 12, 12, 10,    1405148,    1405148,    1405148,    1405148
26,    1546417,     58.0,     58.0,     58.0,    165.0, 12,  5,  6,  5,    1632874,    1546417,    1546417,    1546417
26,    2576569,     73.0,     71.0,     71.0,    202.0,  4,  5,  6,  5,    1237785,    1237785,    1525708,    1237785
26,    2577003,     60.0,     58.0,     58.0,    165.0,  4,  5,  6,  5,    1237785,    1237785,    1237785,    1237785
26,    2577042,     73.0,     72.0,     71.0,    216.0, 12, 12, 12, 10,    1405148,    1405148,    1405148,    1405148
26,    2577063,     73.0,     73.0,     72.0,    217.0, 12, 12, 12, 10,    1405148,    1405148,    1405148,    1405148
26,    1237855,     80.0,     80.0,     81.0,    245.0, 12, 12, 12,  9,    1405169,    1405170,    1405169,    1405170
26,    2451248,     83.0,     83.0,     84.0,    246.0, 12, 12, 12,  9,    1405169,    1405170,    1405169,    1405182
26,    2577220,     84.0,     84.0,     85.0,    246.0, 12, 12, 12, 10,    1405169,    1405170,    1405169,    2322990
26,    2577250,     79.0,     81.0,     81.0,    245.0, 12, 12, 12, 11,    1405186,    1405169,    1405169,    1405186
26,    2577271,     80.0,     82.0,     82.0,    245.0, 12, 12, 12, 11,    1405186,    1405169,    1405169,    2402873
26,    2577281,     81.0,     83.0,     82.0,    244.0, 12, 12, 12, 11,    1405169,    1405169,    1405186,    2402875
26,    2577290,     83.0,     85.0,     84.0,    245.0, 12, 12, 12,  9,    1405169,    1405169,    2402875,    2402877
26,    2577311,     79.0,     80.0,     78.0,    222.0,  4,  5,  6,  6,    2451546,    2451546,    2451546,    2451546
26,    1238008,     51.0,     51.0,     51.0,    156.0, 12, 12, 12,  9,    1405201,    1405201,    1405201,    1405201
26,    1238013,     51.0,     51.0,     52.0,    154.0,  9, 12, 11,  9,    1405202,    1405202,    1405202,    1405202
26,    1238028,     52.0,     52.0,     52.0,    155.0,  9, 12, 11, 11,    1405206,    1405206,    1405206,    1405206
26,    1238038,     52.0,     52.0,     53.0,    156.0, 12, 12, 11, 10,    1405209,    1405209,    1405209,    1405209
26,    1238090,     55.0,     54.0,     54.0,    161.0,  9, 12, 12, 10,    1405233,    1405233,    1405233,    1405233
26,    1238095,     55.0,     55.0,     55.0,    163.0, 12, 12, 12,  9,    1405234,    1405234,    1405234,    1405234
26,    1238100,     55.0,     55.0,     55.0,    163.0,  9, 10, 11,  9,    1405235,    1405235,    1405235,    1405235
26,    1238147,     53.0,     53.0,     54.0,    157.0, 12, 12, 11,  9,    1405246,    1405246,    1405246,    1405246
26,    1238184,     54.0,     54.0,     55.0,    161.0, 12, 12, 11,  9,    1405261,    1405261,    1405261,    1405261
26,    2577953,     77.0,     78.0,     77.0,    243.0, 12, 12, 12, 10,    2403590,    2403590,    2403590,    2403590
26,    2578028,     79.0,     79.0,     79.0,    241.0, 12, 12, 12, 10,    2403590,    2403605,    2403590,    2403605
26,    2578058,     80.0,     80.0,     80.0,    239.0, 12, 12, 12,  9,    2403590,    2403590,    2403590,    2403611
26,    2578357,     74.0,     73.0,     72.0,    206.0,  4,  5, 12,  5,    1237805,    1237805,    1405316,    1237805
26,    2578365,     74.0,     73.0,     71.0,    225.0, 12, 12, 12,  5,    1405316,    1405316,    1405316,    1237805
26,    2578405,     71.0,     69.0,     69.0,    197.0,  4,  5,  6,  5,    1237800,    2578405,    2578405,    2578405
26,    2578413,     67.0,     66.0,     66.0,    187.0,  4,  5,  6,  5,    2578413,    1237800,    1237800,    2578413
26,    2578429,     64.0,     63.0,     63.0,    178.0,  4,  5,  6,  5,    1237800,    1237800,    1237800,    1237800
26,    2578437,     62.0,     60.0,     60.0,    171.0,  4,  5,  6,  5,    1237800,    1237800,    1237800,    2578437
26,    1363948,     70.0,     72.0,     69.0,    207.0, 12, 12, 12,  9,    1481659,    1405134,    1405134,    1481659
26,    2579380,     60.0,     59.0,     59.0,    168.0,  4,  5,  6,  5,    1237800,    1237800,    1237800,    1237800
26,    2578238,     54.0,     54.0,     53.0,    152.0,  4,  5,  6,  6,      44565,      44565,      44565,      44565
26,    2578266,     54.0,     56.0,     56.0,    167.0, 12, 12, 12,  9,      80658,      80658,      80658,      80658
26,    2578282,     54.0,     56.0,     55.0,    158.0, 12, 12,  6,  6,      80658,      80658,    2451321,    2451321
26,    2451321,     53.0,     54.0,     52.0,    150.0,  4,  5,  6,  6,    2451321,    2451321,    2451321,    2451321
27,     709145,     70.0,     72.0,     72.0,    208.0, 12, 10, 12,  9,    1114273,    1114274,    1114273,    1114274
27,     709150,     55.0,     55.0,     55.0,    163.0,  9, 10, 11,  9,    1114275,    1114275,    1114275,    1114275
27,     788745,     55.0,     55.0,     55.0,    161.0,  9, 10, 11, 10,    1148425,    1148425,    1148425,    1148425
27,    1237683,     52.0,     52.0,     52.0,    156.0, 12, 12, 12, 10,    1405105,    1405105,    1405105,    1405105
27,    1237688,     52.0,     53.0,     52.0,    156.0, 12, 10, 12,  9,    1405107,    1405107,    1405107,    1405107
27,    1237698,     53.0,     53.0,     52.0,    157.0,  9, 12, 12,  9,    1405110,    1405110,    1405110,    1405110
27,    2576546,     73.0,     72.0,     71.0,    216.0, 12, 12, 12, 10,    1405148,    1405148,    1405148,    1405148
27,    1546417,     58.0,     58.0,     58.0,    166.0, 12,  5,  6,  5,    1632874,    1546417,    1546417,    1546417
27,    2576569,     73.0,     71.0,     71.0,    203.0,  4,  5,  6,  5,    1237785,    1525708,    2576569,    1237785
27,    2577003,     59.0,     58.0,     58.0,    166.0,  4,  5,  6,  5,    1237785,    1237785,    1237785,    1237785
27,    2577042,     73.0,     72.0,     71.0,    216.0, 12, 12, 12, 10,    1405148,    1405148,    1405148,    1405148
27,    2577063,     74.0,     73.0,     72.0,    217.0, 12, 12, 12, 10,    1405148,    1405148,    1405148,    1405148
27,    1237855,     81.0,     80.0,     81.0,    245.0, 12, 12, 12, 10,    1405169,    1405170,    1405169,    1405170
27,    2451248,     83.0,     83.0,     83.0,    246.0, 12, 12, 12,  9,    1405169,    1405170,    1405169,    1405182
27,    2577220,     84.0,     84.0,     85.0,    246.0, 12, 12, 12,  9,    1405169,    1405170,    1405169,    2322990
27,    2577250,     79.0,     81.0,     80.0,    244.0, 12, 12, 12, 11,    1405186,    1405169,    1405169,    1405186
27,    2577271,     80.0,     82.0,     81.0,    245.0, 12, 12, 12, 11,    1405186,    1405169,    1405169,    2402873
27,    2577281,     81.0,     83.0,     82.0,    243.0, 12, 12, 12, 11,    1405186,    1405169,    1405169,    2402875
27,    2577290,     83.0,     85.0,     84.0,    245.0, 12, 12, 12,  9,    1405186,    1405169,    1405169,    2402877
27,    2577311,     79.0,     80.0,     78.0,    221.0,  4,  5,  6,  6,    2451546,    2451546,    2451546,    2451546
27,    1238008,     51.0,     51.0,     51.0,    156.0, 12, 12, 12,  9,    1405201,    1405201,    1405201,    1405201
27,    1238013,     51.0,     52.0,     51.0,    154.0,  9, 10, 12,  9,    1405202,    1405202,    1405202,    1405202
27,    1238028,     52.0,     52.0,     52.0,    155.0, 12, 10, 11, 11,    1405206,    1405206,    1405206,    1405206
27,    1238038,     52.0,     52.0,     53.0,    156.0, 12, 12, 11,  9,    1405209,    1405209,    1405209,    1405209
27,    1238090,     54.0,     54.0,     54.0,    161.0, 12, 10, 12, 10,    1405233,    1405233,    1405233,    1405233
27,    1238095,     55.0,     55.0,     55.0,    163.0, 12, 12, 12,  9,    1405234,    1405234,    1405234,    1405234
27,    1238100,     55.0,     55.0,     55.0,    163.0,  9, 10, 11,  9,    1405235,    1405235,    1405235,    1405235
27,    1238147,     54.0,     53.0,     54.0,    157.0,  9, 12, 11,  9,    1405246,    1405246,    1405246,    1405246
27,    1238184,     54.0,     54.0,     54.0,    162.0, 12, 12, 12,  9,    1405261,    1405261,    1405261,    1405261
27,    2577953,     76.0,     78.0,     78.0,    243.0, 12, 12, 12,  9,    2403590,    2403590,    2403590,    2403590
27,    2578028,     78.0,     80.0,     80.0,    241.0, 12, 12, 12,  9,    2403590,    2403590,    2403590,    2403605
27,    2578058,     79.0,     80.0,     80.0,    238.0, 12, 12, 12,  9,    2403590,    2403605,    2403590,    2403611
27,    2578357,     74.0,     74.0,     73.0,    208.0,  4,  5,  6,  6,    1237805,    1237805,    1237805,    1237805
27,    2578365,     73.0,     73.0,     72.0,    227.0, 12, 12, 12,  6,    1405316,    1405316,    1405316,    1237805
27,    2578405,     71.0,     71.0,     70.0,    200.0,  4,  5,  6,  6,    1237800,    2578405,    2578405,    2578405
27,    2578413,     67.0,     67.0,     67.0,    190.0,  4,  5,  6,  6,    2578413,    2578413,    1237800,    2578413
27,    2578429,     64.0,     64.0,     64.0,    181.0,  4,  5,  6,  6,    1237800,    1237800,    1237800,    1237800
27,    2578437,     62.0,     62.0,     61.0,    174.0,  4,  5,  6,  6,    1237800,    1237800,    1237800,    1237800
27,    1363948,     70.0,     72.0,     70.0,    207.0, 12, 12, 12,  9,    1405134,    1405134,    1405134,    1481659
27,    2579380,     61.0,     61.0,     60.0,    171.0,  4,  5,  6,  6,    1237800,    1237800,    1237800,    1237800
27,    2578238,     54.0,     55.0,     53.0,    151.0,  4,  5,  6,  6,      44565,      44565,      44565,      44565
27,    2578266,     54.0,     56.0,     56.0,    166.0, 12, 12, 12, 11,      80658,      80658,      80658,      80658
27,    2578282,     54.0,     56.0,     55.0,    157.0, 12, 12,  6,  6,      80658,      80658,    2451321,    2451321
27,    2451321,     53.0,     55.0,     52.0,    149.0,  4,  5,  6,  6,    2451321,    2451321,    2451321,    2451321
28,     709145,     70.0,     72.0,     72.0,    208.0, 12, 10, 12,  9,    1114273,    1114274,    1114273,    1114274
28,     709150,     55.0,     55.0,     55.0,    163.0,  9, 10, 11,  9,    1114275,    1114275,    1114275,    1114275
28,     788745,     55.0,     55.0,     55.0,    161.0,  9, 10, 11, 10,    1148425,    1148425,    1148425,    1148425
28,    1237683,     52.0,     52.0,     52.0,    157.0, 12, 12, 12, 10,    1405105,    1405105,    1405105,    1405105
28,    1237688,     52.0,     53.0,     52.0,    156.0, 12, 10, 12,  9,    1405107,    1405107,    1405107,    1405107
28,    1237698,     53.0,     53.0,     52.0,    157.0,  9, 10, 12,  9,    1405110,    1405110,    1405110,    1405110
28,    2576546,     73.0,     72.0,     72.0,    216.0, 12, 12, 12, 10,    1405148,    1405148,    1405148,    1405148
28,    1546417,     58.0,     58.0,     58.0,    165.0, 12,  5, 12,  5,    1632874,    1546417,    1632874,    1546417
28,    2576569,     72.0,     71.0,     72.0,    201.0,  4,  5,  6,  5,    1525708,    1237785,    1237785,    2576569
28,    2577003,     59.0,     58.0,     59.0,    165.0,  4,  5,  6,  5,    1237785,    1237785,    1237785,    1237785
28,    2577042,     73.0,     72.0,     71.0,    216.0, 12, 12, 12, 10,    1405148,    1405148,    1405148,    1405148
28,    2577063,     73.0,     73.0,     72.0,    217.0, 12, 12, 12, 10,    1405148,    1405148,    1405148,    1405148
28,    1237855,     80.0,     80.0,     81.0,    245.0, 12, 12, 12,  9,    1405169,    1405170,    1405169,    1405170
28,    2451248,     83.0,     83.0,     83.0,    246.0, 12, 12, 12,  9,    1405169,    1405170,    1405169,    1405182
28,    2577220,     84.0,     84.0,     84.0,    246.0, 12, 12, 12,  9,    1405169,    1405170,    1405169,    2322990
28,    2577250,     79.0,     82.0,     80.0,    244.0, 12, 12, 12, 11,    1405186,    1405169,    1405169,    1405186
28,    2577271,     80.0,     82.0,     81.0,    244.0, 12, 12, 12, 11,    1405186,    1405169,    1405169,    2402873
28,    2577281,     81.0,     83.0,     82.0,    243.0, 12, 12, 12, 11,    1405169,    1405169,    1405169,    2402875
28,    2577290,     83.0,     85.0,     84.0,    245.0, 12, 12, 12,  9,    1405169,    1405169,    1405169,    2402877
28,    2577311,     78.0,     80.0,     78.0,    221.0,  4,  5,  6,  4,    2451546,    2451546,    2451546,    2451546
28,    1238008,     51.0,     51.0,     51.0,    156.0, 12, 12, 12,  9,    1405201,    1405201,    1405201,    1405201
28,    1238013,     51.0,     52.0,     51.0,    154.0, 12, 10, 12,  9,    1405202,    1405202,    1405202,    1405202
28,    1238028,     52.0,     52.0,     52.0,    155.0,  9, 10, 11, 11,    1405206,    1405206,    1405206,    1405206
28,    1238038,     52.0,     52.0,     53.0,    156.0, 12, 12, 11,  9,    1405209,    1405209,    1405209,    1405209
28,    1238090,     54.0,     54.0,     54.0,    161.0, 12, 10, 12, 10,    1405233,    1405233,    1405233,    1405233
28,    1238095,     55.0,     55.0,     55.0,    163.0, 12, 12, 12,  9,    1405234,    1405234,    1405234,    1405234
28,    1238100,     55.0,     55.0,     55.0,    162.0,  9, 10, 11,  9,    1405235,    1405235,    1405235,    1405235
28,    1238147,     54.0,     53.0,     54.0,    157.0,  9, 12, 11,  9,    1405246,    1405246,    1405246,    1405246
28,    1238184,     54.0,     54.0,     54.0,    162.0, 12, 12, 12,  9,    1405261,    1405261,    1405261,    1405261
28,    2577953,     77.0,     78.0,     78.0,    243.0, 12, 12, 12, 10,    2403590,    2403590,    2403590,    2403590
28,    2578028,     79.0,     79.0,     79.0,    241.0, 12, 12, 12, 10,    2403590,    2403590,    2403590,    2403605
28,    2578058,     80.0,     80.0,     80.0,    239.0, 12, 12, 12,  9,    2403590,    2403590,    2403590,    2403611
28,    2578357,     74.0,     73.0,     72.0,    207.0,  4,  5, 12,  5,    1237805,    1237805,    1405316,    1237805
28,    2578365,     74.0,     73.0,     72.0,    226.0, 12, 12, 12,  5,    1405316,    1405316,    1405316,    1237805
28,    2578405,     70.0,     70.0,     70.0,    198.0,  4,  5,  6,  5,    2578405,    1237800,    2578405,    2578405
28,    2578413,     67.0,     66.0,     67.0,    188.0,  4,  5,  6,  5,    1237800,    2578413,    1237800,    2578413
28,    2578429,     64.0,     63.0,     64.0,    179.0,  4,  5,  6,  5,    1237800,    1237800,    1237800,    1237800
28,    2578437,     61.0,     61.0,     61.0,    173.0,  4,  5,  6,  5,    1237800,    1237800,    1237800,    1237800
28,    1363948,     70.0,     72.0,     70.0,    207.0, 12, 12, 12,  9,    1481659,    1405134,    1405134,    1481659
28,    2579380,     60.0,     60.0,     60.0,    169.0,  4,  5,  6,  5,    1237800,    1237800,    1237800,    1237800
28,    2578238,     53.0,     55.0,     53.0,    151.0,  4,  5,  6,  6,      44565,      44565,      44565,      44565
28,    2578266,     53.0,     57.0,     55.0,    166.0, 12, 12, 12,  9,      80658,      80658,      80658,      80658
28,    2578282,     54.0,     56.0,     55.0,    157.0, 12, 12,  6,  6,      80658,    2403768,    2451321,    2451321
28,    2451321,     53.0,     54.0,     52.0,    149.0,  4,  5,  6,  6,    2451321,    2451321,    2451321,    2451321
29,     709145,     70.0,     72.0,     72.0,    208.0, 12, 12, 11,  9,    1114273,    1114273,    1114274,    1114274
29,     709150,     55.0,     55.0,     55.0,    163.0,  9, 10, 11,  9,    1114275,    1114275,    1114275,    1114275
29,     788745,     55.0,     55.0,     55.0,    161.0,  9, 10, 11, 10,    1148425,    1148425,    1148425,    1148425
29,    1237683,     52.0,     52.0,     52.0,    157.0, 12, 12, 12,  9,    1405105,    1405105,    1405105,    1405105
29,    1237688,     52.0,     53.0,     52.0,    156.0, 12, 10, 12,  9,    1405107,    1405107,    1405107,    1405107
29,    1237698,     53.0,     53.0,     52.0,    157.0,  9, 10, 12,  9,    1405110,    1405110,    1405110,    1405110
29,    2576546,     73.0,     72.0,     72.0,    217.0, 12, 12, 12, 10,    1405148,    1405148,    1405148,    1405148
29,    1546417,     58.0,     58.0,     58.0,    167.0, 12, 12, 12,  5,    1632874,    1632874,    1632874,    1546417
29,    2576569,     73.0,     72.0,     72.0,    203.0,  4,  5,  6,  5,    1237785,    1237785,    1237785,    1525708
29,    2577003,     60.0,     59.0,     59.0,    166.0,  4,  5,  6,  5,    1237785,    1237785,    1237785,    1237785
29,    2577042,     73.0,     72.0,     72.0,    217.0, 12, 12, 12, 10,    1405148,    1405148,    1405148,    1405148
29,    2577063,     73.0,     73.0,     72.0,    218.0, 12, 12, 12, 10,    1405148,    1405148,    1405148,    1405148
29,    1237855,     80.0,     81.0,     81.0,    245.0, 12, 12, 12,  9,    1405169,    1405169,    1405169,    1405170
29,    2451248,     83.0,     83.0,     84.0,    246.0, 12, 12, 12,  9,    1405169,    1405170,    1405169,    1405182
29,    2577220,     84.0,     84.0,     85.0,    246.0, 12, 12, 12,  9,    1405169,    1405170,    1405169,    2322990
29,    2577250,     80.0,     81.0,     81.0,    244.0, 12, 12, 12, 11,    1405169,    1405169,    1405169,    1405186
29,    2577271,     81.0,     82.0,     82.0,    244.0, 12, 12, 12, 11,    1405169,    1405169,    1405169,    2402873
29,    2577281,     81.0,     83.0,     82.0,    243.0, 12, 12, 12, 11,    1405186,    1405169,    1405186,    2402875
29,    2577290,     83.0,     85.0,     84.0,    245.0, 12, 12, 12,  9,    1405186,    1405169,    2402875,    2402877
29,    2577311,     79.0,     80.0,     78.0,    221.0,  4,  5,  6,  6,    2451546,    2451546,    2451546,    2451546
29,    1238008,     51.0,     51.0,     51.0,    156.0, 12, 12, 12,  9,    1405201,    1405201,    1405201,    1405201
29,    1238013,     51.0,     51.0,     51.0,    154.0,  9, 12, 12,  9,    1405202,    1405202,    1405202,    1405202
29,    1238028,     52.0,     52.0,     52.0,    155.0,  9, 10, 11, 11,    1405206,    1405206,    1405206,    1405206
29,    1238038,     52.0,     52.0,     53.0,    156.0, 12, 12, 11, 10,    1405209,    1405209,    1405209,    1405209
29,    1238090,     54.0,     54.0,     54.0,    161.0, 12, 12, 12, 10,    1405233,    1405233,    1405233,    1405233
29,    1238095,     55.0,     55.0,     55.0,    163.0, 12, 12, 12,  9,    1405234,    1405234,    1405234,    1405234
29,    1238100,     55.0,     55.0,     55.0,    163.0, 12, 10, 11, 10,    1405235,    1405235,    1405235,    1405235
29,    1238147,     53.0,     53.0,     54.0,    157.0, 12, 12, 11,  9,    1405246,    1405246,    1405246,    1405246
29,    1238184,     54.0,     54.0,     54.0,    161.0, 12, 12, 12,  9,    1405261,    1405261,    1405261,    1405261
29,    2577953,     78.0,     78.0,     77.0,    243.0, 12, 12, 12, 10,    2403590,    2403590,    2403590,    2403590
29,    2578028,     80.0,     79.0,     79.0,    241.0, 12, 12, 12, 10,    2403590,    2403590,    2403590,    2403605
29,    2578058,     80.0,     80.0,     80.0,    240.0, 12, 12, 12,  9,    2403590,    2403590,    2403590,    2403611
29,    2578357,     73.0,     75.0,     71.0,    210.0, 12,  5, 12,  6,    1405316,    1237805,    1405316,    1237805
29,    2578365,     73.0,     75.0,     71.0,    228.0, 12, 12, 12,  6,    1405316,    1405316,    1405316,    2578365
29,    2578405,     71.0,     72.0,     71.0,    201.0,  4,  5,  6,  6,    2578405,    1237800,    1237800,    2578405
29,    2578413,     68.0,     68.0,     67.0,    191.0,  4,  5,  6,  6,    1237800,    1237800,    2578413,    2578413
29,    2578429,     64.0,     65.0,     64.0,    182.0,  4,  5,  6,  6,    2578429,    1237800,    1237800,    1237800
29,    2578437,     62.0,     62.0,     62.0,    175.0,  4,  5,  6,  6,    1237800,    1237800,    1237800,    1237800
29,    1363948,     70.0,     71.0,     70.0,    207.0, 12, 12, 12,  9,    1481659,    1405134,    1405134,    1481659
29,    2579380,     61.0,     61.0,     60.0,    172.0,  4,  5,  6,  6,    1237800,    1237800,    1237800,    1237800
29,    2578238,     54.0,     55.0,     53.0,    152.0,  4,  5,  6,  6,      44565,      44565,      44565,      44565
29,    2578266,     54.0,     56.0,     56.0,    166.0, 12, 12, 12,  9,      80658,      80658,      80658,      80658
29,    2578282,     54.0,     56.0,     56.0,    158.0, 12, 12,  6,  6,      80658,      80658,    2451321,    2578282
29,    2451321,     53.0,     54.0,     53.0,    150.0,  4,  5,  6,  6,    2451321,    2451321,    2451321,    2451321
30,     709145,     70.0,     72.0,     72.0,    208.0, 12, 12, 12,  9,    1114273,    1114273,    1114273,    1114274
30,     709150,     55.0,     55.0,     55.0,    163.0,  9, 10, 11,  9,    1114275,    1114275,    1114275,    1114275
30,     788745,     55.0,     55.0,     55.0,    161.0,  9, 10, 11, 10,    1148425,    1148425,    1148425,    1148425
30,    1237683,     52.0,     52.0,     52.0,    156.0, 12, 12, 12, 11,    1405105,    1405105,    1405105,    1405105
30,    1237688,     52.0,     53.0,     52.0,    156.0, 12, 10, 12,  9,    1405107,    1405107,    1405107,    1405107
30,    1237698,     53.0,     53.0,     52.0,    157.0,  9, 10, 12,  9,    1405110,    1405110,    1405110,    1405110
30,    2576546,     73.0,     72.0,     71.0,    217.0, 12, 12, 12, 10,    1405148,    1405148,    1405148,    1405148
30,    1546417,     58.0,     58.0,     57.0,    167.0, 12, 12, 12,  5,    1632874,    1632874,    1632874,    1546417
30,    2576569,     73.0,     72.0,     73.0,    204.0,  4,  5,  6,  5,    1525708,    1237785,    1237785,    1525708
30,    2577003,     60.0,     59.0,     60.0,    167.0,  4,  5,  6,  5,    1237785,    1237785,    1237785,    1237785
30,    2577042,     73.0,     72.0,     71.0,    217.0, 12, 12, 12, 10,    1405148,    1405148,    1405148,    1405148
30,    2577063,     74.0,     72.0,     72.0,    218.0, 12, 12, 12, 10,    1405148,    1405148,    1405148,    1405148
30,    1237855,     80.0,     79.0,     82.0,    245.0, 12, 12, 12, 10,    1405169,    1405170,    1405169,    1405170
30,    2451248,     83.0,     81.0,     83.0,    246.0, 12, 12, 12, 11,    1405169,    1405170,    1405182,    1405182
30,    2577220,     84.0,     83.0,     84.0,    246.0, 12, 12, 12, 10,    1405169,    1405170,    1405182,    2322990
30,    2577250,     80.0,     79.0,     81.0,    245.0, 12, 12, 12,  9,    1405169,    1405169,    1405186,    1405186
30,    2577271,     80.0,     80.0,     81.0,    245.0, 12, 12, 12, 11,    1405186,    1405169,    1405186,    2402873
30,    2577281,     81.0,     81.0,     82.0,    242.0, 12, 12, 12, 11,    1405186,    1405169,    1405186,    2402875
30,    2577290,     83.0,     83.0,     84.0,    244.0, 12, 12, 12, 11,    1405186,    1405169,    1405186,    2402877
30,    2577311,     79.0,     80.0,     80.0,    224.0,  4,  5,  6,  4,    2451546,    2451546,    2451546,    2451546
30,    1238008,     51.0,     51.0,     51.0,    156.0, 12, 12, 12,  9,    1405201,    1405201,    1405201,    1405201
30,    1238013,     51.0,     51.0,     51.0,    154.0, 12, 12, 12,  9,    1405202,    1405202,    1405202,    1405202
30,    1238028,     52.0,     52.0,     52.0,    155.0,  9, 10, 11, 11,    1405206,    1405206,    1405206,    1405206
30,    1238038,     52.0,     52.0,     53.0,    156.0, 12, 12, 11,  9,    1405209,    1405209,    1405209,    1405209
30,    1238090,     54.0,     54.0,     54.0,    161.0, 12, 10, 11, 10,    1405233,    1405233,    1405233,    1405233
30,    1238095,     55.0,     55.0,     55.0,    163.0, 12, 12, 12,  9,    1405234,    1405234,    1405234,    1405234
30,    1238100,     55.0,     55.0,     55.0,    163.0, 12, 12, 11, 11,    1405235,    1405235,    1405235,    1405235
30,    1238147,     54.0,     53.0,     54.0,    157.0,  9, 12, 11,  9,    1405246,    1405246,    1405246,    1405246
30,    1238184,     54.0,     54.0,     54.0,    161.0, 12, 12, 12,  9,    1405261,    1405261,    1405261,    1405261
30,    2577953,     77.0,     78.0,     77.0,    244.0, 12, 12, 12, 10,    2403590,    2403590,    2403590,    2403590
30,    2578028,     79.0,     80.0,     79.0,    242.0, 12, 12, 12, 10,    2403590,    2403590,    2403590,    2403605
30,    2578058,     80.0,     80.0,     80.0,    240.0, 12, 12, 12,  9,    2403590,    2403605,    2403590,    2403611
30,    2578357,     74.0,     74.0,     72.0,    215.0, 12, 12, 12,  5,    1405316,    1405316,    1405316,    1237805
30,    2578365,     73.0,     73.0,     72.0,    234.0, 12, 12, 12,  5,    1405316,    1405316,    1405316,    2578365
30,    2578405,     73.0,     72.0,     73.0,    205.0,  4,  5,  6,  5,    1237800,    2578405,    1237800,    2578405
30,    2578413,     69.0,     69.0,     69.0,    195.0,  4,  5,  6,  5,    1237800,    1237800,    2578413,    2578413
30,    2578429,     66.0,     65.0,     66.0,    185.0,  4,  5,  6,  5,    1237800,    1237800,    1237800,    2578429
30,    2578437,     63.0,     63.0,     63.0,    179.0,  4,  5,  6,  5,    1237800,    1237800,    1237800,    1237800
30,    1363948,     70.0,     72.0,     70.0,    207.0, 12, 12, 12,  9,    1481659,    1405134,    1405134,    1481659
30,    2579380,     62.0,     62.0,     62.0,    175.0,  4,  5,  6,  5,    1237800,    1237800,    1237800,    1237800
30,    2578238,     54.0,     55.0,     54.0,    154.0,  4,  5,  6,  4,      44565,      44565,      44565,      44565
30,    2578266,     54.0,     56.0,     56.0,    167.0, 12, 12, 12,  9,      80658,      80658,      80658,      80658
30,    2578282,     54.0,     56.0,     55.0,    160.0, 12, 12, 12,  6,      80658,      80658,    2403768,    2578282
30,    2451321,     53.0,     54.0,     53.0,    152.0,  4,  5,  6,  4,    2451321,    2451321,    2451321,    2451321
31,     709145,     70.0,     72.0,     72.0,    208.0, 12, 12, 12,  9,    1114273,    1114273,    1114273,    1114274
31,     709150,     55.0,     55.0,     55.0,    163.0,  9, 10, 11,  9,    1114275,    1114275,    1114275,    1114275
31,     788745,     55.0,     55.0,     55.0,    161.0,  9, 10, 11, 10,    1148425,    1148425,    1148425,    1148425
31,    1237683,     52.0,     52.0,     52.0,    158.0, 12, 12, 12,  9,    1405105,    1405105,    1405105,    1405105
31,    1237688,     52.0,     53.0,     52.0,    156.0, 12, 10, 12, 10,    1405107,    1405107,    1405107,    1405107
31,    1237698,     53.0,     53.0,     52.0,    157.0,  9, 12, 12,  9,    1405110,    1405110,    1405110,    1405110
31,    2576546,     74.0,     71.0,     71.0,    219.0, 12, 12, 12, 10,    1405148,    1405148,    1405148,    1405148
31,    1546417,     59.0,     57.0,     57.0,    170.0, 12, 12, 12,  5,    1632874,    1632874,    1632874,    1546417
31,    2576569,     75.0,     72.0,     73.0,    207.0,  4, 12, 12,  5,    1237785,    1405148,    1405148,    1525708
31,    2577003,     62.0,     60.0,     60.0,    170.0,  4,  5,  6,  5,    1237785,    1237785,    1237785,    1237785
31,    2577042,     74.0,     71.0,     71.0,    219.0, 12, 12, 12, 10,    1405148,    1405148,    1405148,    1405148
31,    2577063,     75.0,     72.0,     72.0,    220.0, 12, 12, 12, 10,    1405148,    1405148,    1405148,    1405148
31,    1237855,     79.0,     79.0,     83.0,    245.0, 12, 12, 12, 10,    1405169,    1405170,    1405169,    1405170
31,    2451248,     82.0,     81.0,     83.0,    246.0, 12, 12, 12, 11,    1405169,    1405170,    1405182,    1405182
31,    2577220,     83.0,     82.0,     84.0,    246.0, 12, 12, 12, 10,    1405169,    1405170,    1405182,    2322990
31,    2577250,     79.0,     79.0,     81.0,    245.0, 12, 12, 12, 11,    1405169,    1405169,    1405186,    1405186
31,    2577271,     80.0,     80.0,     82.0,    245.0, 12, 12, 12,  9,    1405169,    1405169,    1405186,    2402873
31,    2577281,     81.0,     81.0,     82.0,    243.0, 12, 12, 12, 11,    1405169,    1405169,    2402875,    2402875
31,    2577290,     83.0,     83.0,     84.0,    245.0, 12, 12, 12,  9,    1405169,    1405169,    2402875,    2402877
31,    2577311,     79.0,     80.0,     80.0,    224.0,  4,  5,  6,  4,    2451546,    2451546,    2451546,    2451546
31,    1238008,     51.0,     51.0,     51.0,    156.0, 12, 12, 12, 10,    1405201,    1405201,    1405201,    1405201
31,    1238013,     51.0,     51.0,     51.0,    154.0, 12, 12, 12, 11,    1405202,    1405202,    1405202,    1405202
31,    1238028,     52.0,     52.0,     52.0,    155.0,  9, 10, 11, 11,    1405206,    1405206,    1405206,    1405206
31,    1238038,     52.0,     52.0,     53.0,    156.0, 12, 12, 11,  9,    1405209,    1405209,    1405209,    1405209
31,    1238090,     55.0,     54.0,     54.0,    161.0,  9, 10, 12, 10,    1405233,    1405233,    1405233,    1405233
31,    1238095,     55.0,     55.0,     55.0,    163.0, 12, 12, 12,  9,    1405234,    1405234,    1405234,    1405234
31,    1238100,     55.0,     55.0,     55.0,    163.0,  9, 10, 11,  9,    1405235,    1405235,    1405235,    1405235
31,    1238147,     54.0,     53.0,     53.0,    158.0,  9, 12, 12,  9,    1405246,    1405246,    1405246,    1405246
31,    1238184,     54.0,     55.0,     54.0,    162.0, 12, 10, 12,  9,    1405261,    1405261,    1405261,    1405261
31,    2577953,     76.0,     79.0,     78.0,    243.0, 12, 12, 12,  9,    2403590,    2403590,    2403590,    2403590
31,    2578028,     78.0,     80.0,     79.0,    241.0, 12, 12, 12,  9,    2403590,    2403590,    2403590,    2403605
31,    2578058,     79.0,     80.0,     80.0,    239.0, 12, 12, 12,  9,    2403590,    2403611,    2403590,    2403611
31,    2578357,     74.0,     72.0,     73.0,    216.0, 12, 12, 12,  5,    1405316,    1405316,    1405316,    1237805
31,    2578365,     74.0,     72.0,     72.0,    235.0, 12, 12, 12,  5,    1405316,    1405316,    1405316,    2578365
31,    2578405,     74.0,     73.0,     73.0,    206.0,  4,  5, 12,  5,    1237800,    1237800,    1405316,    2578405
31,    2578413,     70.0,     69.0,     71.0,    196.0,  4,  5,  6,  5,    1237800,    2578413,    1237800,    2578413
31,    2578429,     67.0,     66.0,     67.0,    187.0,  4,  5,  6,  5,    1237800,    1237800,    2578429,    1237800
31,    2578437,     64.0,     63.0,     65.0,    180.0,  4,  5,  6,  5,    1237800,    1237800,    1237800,    1237800
31,    1363948,     70.0,     72.0,     69.0,    207.0, 12, 12, 12,  9,    1405134,    1405134,    1405134,    1481659
31,    2579380,     63.0,     62.0,     64.0,    177.0,  4,  5,  6,  5,    1237800,    1237800,    1237800,    1237800
31,    2578238,     54.0,     55.0,     54.0,    153.0,  4,  5,  6,  6,      44565,      44565,      44565,      44565
31,    2578266,     55.0,     55.0,     55.0,    166.0, 12, 12, 12, 11,      80658,      80658,      80658,      80658
31,    2578282,     55.0,     56.0,     55.0,    159.0, 12, 12, 12,  6,      80658,      80658,    2403768,    2451321
31,    2451321,     53.0,     55.0,     53.0,    151.0,  4,  5,  6,  6,    2451321,    2451321,    2451321,    2451321
32,     709145,     68.0,     71.0,     72.0,    207.0, 12, 10, 12, 10,    1148416,    1114274,    1114273,    1114274
32,     709150,     55.0,     55.0,     55.0,    163.0, 12, 10, 12, 10,    1114275,    1114275,    1114275,    1114275
32,     788745,     55.0,     55.0,     55.0,    161.0,  9, 10, 11,  9,    1148425,    1148425,    1148425,    1148425
32,    1237683,     52.0,     52.0,     52.0,    158.0, 12, 12, 12, 10,    1405105,    1405105,    1405105,    1405105
32,    1237688,     52.0,     52.0,     52.0,    157.0, 12, 12, 12,  9,    1405107,    1405107,    1405107,    1405107
32,    1237698,     53.0,     54.0,     52.0,    157.0,  9, 12, 12,  9,    1405110,    1405110,    1405110,    1405110
32,    2576546,     75.0,     72.0,     69.0,    220.0, 12, 12, 12, 10,    1405148,    1405148,    1405148,    1405148
32,    1546417,     58.0,     57.0,     57.0,    171.0, 12, 12, 12, 10,    1632874,    1632874,    1632874,    1632874
32,    2576569,     77.0,     73.0,     70.0,    209.0, 12, 12, 12,  5,    1405148,    1405148,    1405148,    1525708
32,    2577003,     64.0,     60.0,     61.0,    172.0,  4,  5,  6,  5,    1237785,    1237785,    1237785,    1237785
32,    2577042,     75.0,     72.0,     68.0,    219.0, 12, 12, 12, 10,    1405148,    1405148,    1405148,    1405148
32,    2577063,     76.0,     72.0,     69.0,    221.0, 12, 12, 12, 10,    1405148,    1405148,    1405148,    1405148
32,    1237855,     81.0,     80.0,     80.0,    246.0, 12, 12, 12, 10,    1405169,    1405170,    1405170,    1405170
32,    2451248,     83.0,     82.0,     82.0,    246.0, 12, 12, 12, 11,    1405169,    1405170,    1405182,    1405182
32,    2577220,     85.0,     84.0,     84.0,    246.0, 12, 12, 12, 10,    1405169,    1405170,    1405169,    2322990
32,    2577250,     79.0,     80.0,     80.0,    246.0, 12, 12, 12, 11,    1405186,    1405169,    1405169,    1405186
32,    2577271,     80.0,     81.0,     81.0,    245.0, 12, 12, 12,  9,    1405186,    1405169,    1405169,    2402873
32,    2577281,     81.0,     82.0,     82.0,    245.0, 12, 12, 12,  9,    1405186,    1405169,    1405169,    2402875
32,    2577290,     83.0,     84.0,     84.0,    245.0, 12, 12, 12,  9,    1405186,    1405169,    1405169,    2402877
32,    2577311,     81.0,     82.0,     80.0,    226.0,  4,  5,  6,  6,    2451546,    2451546,    2451546,    2451546
32,    1238008,     52.0,     50.0,     51.0,    156.0, 12, 12, 12, 11,    1405201,    1405201,    1405201,    1405201
32,    1238013,     51.0,     51.0,     52.0,    154.0, 12, 12, 11,  9,    1405202,    1405202,    1405202,    1405202
32,    1238028,     52.0,     52.0,     52.0,    156.0, 12, 10, 11,  9,    1405206,    1405206,    1405206,    1405206
32,    1238038,     52.0,     52.0,     54.0,    156.0, 12, 12, 11,  9,    1405209,    1405209,    1405209,    1405209
32,    1238090,     54.0,     54.0,     54.0,    162.0, 12, 12, 12, 10,    1405233,    1405233,    1405233,    1405233
32,    1238095,     55.0,     56.0,     55.0,    163.0, 12, 12, 12,  9,    1405234,    1405234,    1405234,    1405234
32,    1238100,     54.0,     56.0,     55.0,    163.0, 12, 10, 12,  9,    1405235,    1405235,    1405235,    1405235
32,    1238147,     54.0,     53.0,     53.0,    157.0,  9, 12, 12, 10,    1405246,    1405246,    1405246,    1405246
32,    1238184,     54.0,     54.0,     55.0,    161.0, 12, 12, 11,  9,    1405261,    1405261,    1405261,    1405261
32,    2577953,     76.0,     79.0,     77.0,    245.0, 12, 12, 12,  9,    2403590,    2403590,    2403590,    2403590
32,    2578028,     78.0,     80.0,     79.0,    242.0, 12, 12, 12,  9,    2403590,    2403605,    2403590,    2403605
32,    2578058,     78.0,     81.0,     80.0,    239.0, 12, 12, 12,  9,    2403590,    2403590,    2403590,    2403611
32,    2578357,     76.0,     74.0,     69.0,    221.0, 12, 12, 12,  6,    1405316,    1405316,    1405316,    1237805
32,    2578365,     75.0,     73.0,     69.0,    241.0, 12, 12, 12,  6,    1405316,    1405316,    1405316,    1237805
32,    2578405,     76.0,     74.0,     70.0,    212.0, 12, 12, 12,  5,    1405316,    1405316,    1405316,    2578405
32,    2578413,     73.0,     71.0,     70.0,    202.0,  7,  5, 12,  5,    1237800,    2578413,    1405316,    2578413
32,    2578429,     70.0,     68.0,     68.0,    192.0,  4,  5,  6,  5,    1237800,    1237800,    1237800,    2578429
32,    2578437,     67.0,     65.0,     65.0,    185.0,  7,  5,  6,  5,    1237800,    1237800,    2578437,    2578437
32,    1363948,     69.0,     72.0,     70.0,    207.0, 12, 10, 12,  9,    1405134,    1481659,    1405134,    1481659
32,    2579380,     66.0,     64.0,     64.0,    182.0,  4,  5,  6,  5,    1237800,    1237800,    1237800,    1237800
32,    2578238,     55.0,     56.0,     55.0,    157.0, 12, 10,  6,  6,    2322944,    2322944,      44565,      44565
32,    2578266,     53.0,     57.0,     56.0,    170.0, 12, 12, 12,  9,      80658,      80658,      80658,      80658
32,    2578282,     53.0,     56.0,     56.0,    164.0, 12, 12, 12,  6,      80658,    2403768,      80658,    2451321
32,    2451321,     53.0,     57.0,     55.0,    155.0, 12, 12,  6,  6,      80658,      80658,    2451321,    2451321
33,     709145,     66.0,     71.0,     72.0,    207.0, 12, 10, 12, 10,    1148416,    1114274,    1114273,    1114274
33,     709150,     55.0,     54.0,     55.0,    164.0, 12, 12, 12, 10,    1114275,    1114275,    1114275,    1114275
33,     788745,     55.0,     54.0,     55.0,    160.0,  9, 10, 11, 10,    1148425,    1148425,    1148425,    1148425
33,    1237683,     54.0,     51.0,     51.0,    157.0, 12, 12, 12, 10,    1405105,    1405105,    1405105,    1405105
33,    1237688,     53.0,     53.0,     51.0,    156.0,  9, 10, 12, 11,    1405107,    1405107,    1405107,    1405107
33,    1237698,     52.0,     53.0,     53.0,    158.0, 12, 12, 12,  9,    1405110,    1405110,    1405110,    1405110
33,    2576546,     75.0,     71.0,     69.0,    221.0, 12, 12, 12, 10,    1405148,    1405148,    1405148,    1405148
33,    1546417,     58.0,     57.0,     57.0,    170.0, 12, 12, 12, 10,    1632874,    1632874,    1632874,    1632874
33,    2576569,     77.0,     73.0,     70.0,    212.0, 12, 12, 12,  5,    1405148,    1405148,    1405148,    2576569
33,    2577003,     65.0,     61.0,     62.0,    174.0,  4,  5,  6,  5,    1237785,    1237785,    1237785,    1237785
33,    2577042,     75.0,     71.0,     69.0,    220.0, 12, 12, 12, 10,    1405148,    1405148,    1405148,    1405148
33,    2577063,     76.0,     72.0,     70.0,    222.0, 12, 12, 12, 10,    1405148,    1405148,    1405148,    1405148
33,    1237855,     79.0,     81.0,     80.0,    246.0, 12, 12, 12, 11,    1405169,    1405170,    1405169,    1405170
33,    2451248,     81.0,     84.0,     82.0,    247.0, 12, 12, 12, 11,    1405169,    1405170,    1405170,    1405182
33,    2577220,     82.0,     84.0,     83.0,    247.0, 12, 12, 12, 10,    1405169,    2322990,    1405170,    2322990
33,    2577250,     78.0,     82.0,     80.0,    249.0, 12, 12, 12,  9,    1405169,    1405186,    1405169,    1405186
33,    2577271,     79.0,     83.0,     81.0,    246.0, 12, 12, 12,  9,    1405169,    1405186,    1405169,    2402873
33,    2577281,     79.0,     84.0,     82.0,    246.0, 12, 12, 12,  9,    2402873,    1405169,    1405169,    2402875
33,    2577290,     81.0,     86.0,     84.0,    245.0, 12, 12, 12,  9,    2402873,    1405186,    1405169,    2402877
33,    2577311,     82.0,     85.0,     82.0,    231.0, 12,  5,  6,  6,    2402873,    2451546,    2451546,    2451546
33,    1238008,     51.0,     51.0,     50.0,    156.0, 12, 12, 12, 11,    1405201,    1405201,    1405201,    1405201
33,    1238013,     50.0,     51.0,     52.0,    155.0, 12, 12, 12,  9,    1405202,    1405202,    1405202,    1405202
33,    1238028,     52.0,     52.0,     52.0,    155.0,  9, 10, 11,  9,    1405206,    1405206,    1405206,    1405206
33,    1238038,     52.0,     51.0,     54.0,    156.0, 12, 12, 11, 10,    1405209,    1405209,    1405209,    1405209
33,    1238090,     55.0,     54.0,     54.0,    161.0,  9, 10, 12, 10,    1405233,    1405233,    1405233,    1405233
33,    1238095,     55.0,     54.0,     56.0,    163.0,  9, 12, 12,  9,    1405234,    1405234,    1405234,    1405234
33,    1238100,     53.0,     56.0,     56.0,    163.0, 12, 12, 11,  9,    1405235,    1405235,    1405235,    1405235
33,    1238147,     54.0,     53.0,     53.0,    158.0,  9, 12, 12,  9,    1405246,    1405246,    1405246,    1405246
33,    1238184,     53.0,     54.0,     56.0,    161.0, 12, 12, 11,  9,    1405261,    1405261,    1405261,    1405261
33,    2577953,     74.0,     80.0,     78.0,    246.0, 12, 12, 12,  9,    2403590,    2403590,    2403590,    2403590
33,    2578028,     75.0,     82.0,     79.0,    244.0, 12, 12, 12,  9,    2403590,    2403590,    2403590,    2403605
33,    2578058,     76.0,     81.0,     80.0,    239.0, 12, 12, 12,  9,    2403590,    2403611,    2403590,    2403611
33,    2578357,     75.0,     74.0,     69.0,    228.0, 12, 12, 12,  6,    1405316,    1405316,    1405316,    1237805
33,    2578365,     75.0,     73.0,     68.0,    248.0, 12, 12, 12,  6,    1405316,    1405316,    1405316,    2578365
33,    2578405,     76.0,     74.0,     69.0,    218.0, 12,  7, 12,  6,    1405316,    1237800,    1405316,    2578405
33,    2578413,     74.0,     70.0,     70.0,    208.0,  7,  7,  8,  6,    1237800,    1237800,    1237800,    2578413
33,    2578429,     70.0,     67.0,     67.0,    198.0,  7,  7,  8,  6,    1237800,    1237800,    1237800,    2578429
33,    2578437,     68.0,     65.0,     64.0,    191.0,  7,  7,  8,  6,    1237800,    1237800,    1237800,    1237800
33,    1363948,     70.0,     71.0,     69.0,    206.0, 12, 12, 12,  9,    1481659,    1405134,    1405134,    1481659
33,    2579380,     67.0,     64.0,     63.0,    188.0,  7,  7,  8,  6,    1237800,    1237800,    1237800,    1237800
33,    2578238,     54.0,     56.0,     56.0,    161.0, 12, 10, 11,  9,    2322944,    2322944,    2322944,    2322944
33,    2578266,     51.0,     57.0,     55.0,    173.0, 12, 12, 12,  9,      80658,      80658,      80658,      80658
33,    2578282,     51.0,     57.0,     54.0,    166.0, 12, 12, 12, 11,      80658,    2403768,    2403768,    2403768
33,    2451321,     52.0,     58.0,     54.0,    162.0, 12, 12, 12, 11,      80658,      80658,    2403773,    2403773
34,     709145,     70.0,     71.0,     71.0,    207.0, 12, 10, 12, 10,    1114273,    1114274,    1114273,    1114274
34,     709150,     55.0,     55.0,     55.0,    165.0, 12, 12, 12, 10,    1114275,    1114275,    1114275,    1114275
34,     788745,     55.0,     55.0,     55.0,    161.0,  9, 10, 11,  9,    1148425,    1148425,    1148425,    1148425
34,    1237683,     54.0,     51.0,     51.0,    159.0, 12, 12, 12, 10,    1405105,    1405105,    1405105,    1405105
34,    1237688,     52.0,     52.0,     52.0,    156.0, 12, 12, 12, 11,    1405107,    1405107,    1405107,    1405107
34,    1237698,     53.0,     52.0,     53.0,    157.0,  9, 12, 12,  9,    1405110,    1405110,    1405110,    1405110
34,    2576546,     73.0,     73.0,     70.0,    227.0, 12, 12, 12, 10,    1405148,    1405148,    1405148,    1405148
34,    1546417,     58.0,     57.0,     58.0,    171.0, 12, 12, 12,  9,    1632874,    1632874,    1632874,    1632874
34,    2576569,     74.0,     74.0,     71.0,    217.0, 12, 12, 12,  5,    1405148,    1405148,    1405148,    1525708
34,    2577003,     66.0,     63.0,     64.0,    178.0,  4,  5,  6,  5,    1237785,    1237785,    1237785,    1237785
34,    2577042,     73.0,     73.0,     70.0,    227.0, 12, 12, 12, 10,    1405148,    1405148,    1405148,    1405148
34,    2577063,     73.0,     73.0,     70.0,    228.0, 12, 12, 12, 10,    1405148,    1405148,    1405148,    1405148
34,    1237855,     81.0,     80.0,     80.0,    249.0, 12, 12, 12,  9,    1405169,    1405170,    1405169,    1405170
34,    2451248,     83.0,     82.0,     83.0,    249.0, 12, 12, 12,  9,    1405169,    1405170,    1405169,    1405182
34,    2577220,     84.0,     82.0,     84.0,    246.0, 12, 12, 12, 10,    1405169,    2322990,    1405169,    2322990
34,    2577250,     80.0,     81.0,     80.0,    252.0, 12, 12, 12, 11,    1405169,    1405169,    1405169,    1405186
34,    2577271,     79.0,     81.0,     81.0,    249.0, 12, 12, 12,  9,    2402873,    1405169,    1405169,    2402873
34,    2577281,     80.0,     82.0,     81.0,    245.0, 12, 12, 12, 11,    2402873,    1405169,    2402875,    2402875
34,    2577290,     82.0,     84.0,     83.0,    246.0, 12, 12, 12, 11,    2402873,    1405169,    2402875,    2402877
34,    2577311,     83.0,     85.0,     83.0,    235.0, 12,  5,  6,  6,    2402873,    2451546,    2451546,    2451546
34,    1238008,     52.0,     51.0,     50.0,    157.0, 12, 12, 12, 11,    1405201,    1405201,    1405201,    1405201
34,    1238013,     50.0,     51.0,     52.0,    154.0, 12, 12, 11,  9,    1405202,    1405202,    1405202,    1405202
34,    1238028,     52.0,     52.0,     52.0,    155.0,  9, 12, 11,  9,    1405206,    1405206,    1405206,    1405206
34,    1238038,     53.0,     51.0,     52.0,    157.0, 12, 12, 12, 10,    1405209,    1405209,    1405209,    1405209
34,    1238090,     55.0,     54.0,     54.0,    161.0,  9, 12, 11, 11,    1405233,    1405233,    1405233,    1405233
34,    1238095,     55.0,     54.0,     55.0,    163.0,  9, 12, 12,  9,    1405234,    1405234,    1405234,    1405234
34,    1238100,     53.0,     55.0,     56.0,    163.0, 12, 12, 12,  9,    1405235,    1405235,    1405235,    1405235
34,    1238147,     53.0,     53.0,     54.0,    157.0, 12, 12, 11,  9,    1405246,    1405246,    1405246,    1405246
34,    1238184,     53.0,     53.0,     56.0,    161.0, 12, 12, 11,  9,    1405261,    1405261,    1405261,    1405261
34,    2577953,     74.0,     77.0,     80.0,    248.0, 12, 12, 12,  9,    2403590,    2403590,    2403590,    2403590
34,    2578028,     76.0,     79.0,     82.0,    246.0, 12, 12, 12,  9,    2403590,    2403590,    2403590,    2403605
34,    2578058,     77.0,     79.0,     83.0,    239.0, 12, 12, 12,  9,    2403590,    2403605,    2403590,    2403611
34,    2578357,     74.0,     74.0,     70.0,    230.0, 12, 12, 12,  5,    1405316,    1405316,    1405316,    1237805
34,    2578365,     73.0,     73.0,     70.0,    250.0, 12, 12, 12,  6,    1405316,    1405316,    1405316,    2578365
34,    2578405,     74.0,     73.0,     70.0,    220.0, 12,  7, 12,  6,    1405316,    1237800,    1405316,    2578405
34,    2578413,     74.0,     69.0,     70.0,    210.0,  7,  7,  7,  6,    1237800,    1237800,    1237800,    2578413
34,    2578429,     71.0,     66.0,     67.0,    200.0,  7,  7,  7,  6,    1237800,    1237800,    1237800,    2578429
34,    2578437,     68.0,     64.0,     65.0,    193.0,  7,  7,  7,  6,    1237800,    1237800,    1237800,    1237800
34,    1363948,     70.0,     70.0,     69.0,    206.0, 12, 12, 12,  9,    1481659,    1405134,    1405134,    1481659
34,    2579380,     67.0,     63.0,     64.0,    189.0,  7,  7,  7,  6,    1237800,    1237800,    1237800,    1237800
34,    2578238,     55.0,     55.0,     57.0,    160.0, 12, 12,  6,  9,    2322944,    2322944,      44565,    2322944
34,    2578266,     54.0,     57.0,     53.0,    170.0, 12, 12, 12, 11,      80658,      80658,      80658,      80658
34,    2578282,     54.0,     56.0,     54.0,    165.0, 12, 12, 12, 11,      80658,    2403768,      80658,    2403768
34,    2451321,     54.0,     56.0,     54.0,    160.0, 12, 12, 12,  6,      80658,    2403768,      80658,    2451321
35,     709145,     70.0,     71.0,     71.0,    207.0, 12, 12, 11,  9,    1114273,    1114273,    1114274,    1114274
35,     709150,     55.0,     55.0,     55.0,    165.0, 12, 12, 12, 11,    1114275,    1114275,    1114275,    1114275
35,     788745,     55.0,     55.0,     55.0,    161.0,  9, 10, 11,  9,    1148425,    1148425,    1148425,    1148425
35,    1237683,     51.0,     50.0,     55.0,    159.0, 12, 12, 12, 10,    1405105,    1405105,    1405105,    1405105
35,    1237688,     53.0,     52.0,     52.0,    156.0,  9, 12, 12, 11,    1405107,    1405107,    1405107,    1405107
35,    1237698,     53.0,     53.0,     52.0,    158.0, 12, 12, 12,  9,    1405110,    1405110,    1405110,    1405110
35,    2576546,     75.0,     70.0,     70.0,    222.0, 12, 12, 12, 10,    1405148,    1405148,    1405148,    1405148
35,    1546417,     57.0,     57.0,     58.0,    170.0, 12, 12, 12,  9,    1632874,    1632874,    1632874,    1632874
35,    2576569,     77.0,     72.0,     71.0,    214.0, 12, 12, 12,  5,    1405148,    1405148,    1405148,    1525708
35,    2577003,     65.0,     62.0,     63.0,    176.0,  4,  5,  6,  5,    1237785,    1237785,    1237785,    1237785
35,    2577042,     75.0,     70.0,     70.0,    221.0, 12, 12, 12, 10,    1405148,    1405148,    1405148,    1405148
35,    2577063,     76.0,     71.0,     71.0,    223.0, 12, 12, 12, 10,    1405148,    1405148,    1405148,    1405148
35,    1237855,     80.0,     80.0,     81.0,    248.0, 12, 12, 12, 10,    1405169,    1405170,    1405169,    1405170
35,    2451248,     82.0,     82.0,     83.0,    249.0, 12, 12, 12, 10,    1405169,    1405170,    1405169,    1405182
35,    2577220,     84.0,     83.0,     84.0,    246.0, 12, 12, 12, 10,    1405169,    2322990,    1405169,    2322990
35,    2577250,     79.0,     81.0,     80.0,    251.0, 12, 12, 12, 11,    1405186,    1405169,    1405169,    1405186
35,    2577271,     79.0,     82.0,     81.0,    249.0, 12, 12, 12,  9,    2402873,    1405169,    1405169,    2402873
35,    2577281,     80.0,     83.0,     81.0,    244.0, 12, 12, 12, 11,    1405186,    1405169,    2402875,    2402875
35,    2577290,     82.0,     85.0,     83.0,    246.0, 12, 12, 12, 11,    1405186,    1405169,    2402875,    2402877
35,    2577311,     83.0,     86.0,     83.0,    233.0,  4,  5,  6,  6,    2451546,    2451546,    2451546,    2451546
35,    1238008,     51.0,     51.0,     50.0,    156.0, 12, 12, 12, 11,    1405201,    1405201,    1405201,    1405201
35,    1238013,     51.0,     52.0,     51.0,    154.0, 12, 10, 12, 11,    1405202,    1405202,    1405202,    1405202
35,    1238028,     51.0,     53.0,     51.0,    156.0, 12, 10, 12,  9,    1405206,    1405206,    1405206,    1405206
35,    1238038,     52.0,     53.0,     52.0,    158.0, 12, 12, 12, 11,    1405209,    1405209,    1405209,    1405209
35,    1238090,     55.0,     54.0,     54.0,    162.0,  9, 12, 12, 10,    1405233,    1405233,    1405233,    1405233
35,    1238095,     55.0,     54.0,     56.0,    163.0,  9, 12, 11,  9,    1405234,    1405234,    1405234,    1405234
35,    1238100,     54.0,     55.0,     56.0,    164.0, 12, 12, 11,  9,    1405235,    1405235,    1405235,    1405235
35,    1238147,     54.0,     53.0,     54.0,    157.0,  9, 12, 11, 10,    1405246,    1405246,    1405246,    1405246
35,    1238184,     54.0,     54.0,     55.0,    161.0, 12, 12, 11,  9,    1405261,    1405261,    1405261,    1405261
35,    2577953,     76.0,     77.0,     79.0,    251.0, 12, 12, 12,  9,    2403590,    2403590,    2403590,    2403590
35,    2578028,     77.0,     79.0,     81.0,    243.0, 12, 12, 12,  9,    2403590,    2403590,    2403590,    2403605
35,    2578058,     78.0,     79.0,     81.0,    240.0, 12, 12, 12,  9,    2403590,    2403605,    2403611,    2403611
35,    2578357,     74.0,     76.0,     69.0,    227.0, 12, 12, 12,  6,    1405316,    1405316,    1405316,    1237805
35,    2578365,     73.0,     75.0,     68.0,    246.0, 12, 12, 12,  6,    1405316,    1405316,    1405316,    2578365
35,    2578405,     74.0,     76.0,     69.0,    217.0, 12, 12, 12,  6,    1405316,    1405316,    1405316,    2578405
35,    2578413,     73.0,     73.0,     68.0,    207.0,  7,  7,  7,  6,    1237800,    1237800,    1237800,    2578413
35,    2578429,     69.0,     70.0,     65.0,    197.0,  7,  7,  7,  6,    1237800,    1237800,    1237800,    2578429
35,    2578437,     67.0,     68.0,     63.0,    190.0,  7,  7,  7,  6,    1237800,    1237800,    1237800,    1237800
35,    1363948,     70.0,     70.0,     70.0,    206.0, 12, 12, 12, 11,    1405134,    1405134,    1481659,    1481659
35,    2579380,     66.0,     66.0,     62.0,    187.0,  7,  7,  7,  6,    1237800,    1237800,    1237800,    1237800
35,    2578238,     53.0,     55.0,     58.0,    161.0, 12, 12, 11,  9,    2322944,    2322944,    2322944,    2322944
35,    2578266,     56.0,     55.0,     54.0,    174.0, 12, 12, 12, 11,      80658,      80658,      80658,      80658
35,    2578282,     55.0,     55.0,     54.0,    164.0, 12, 12, 12, 11,    2403768,      80658,      80658,    2403768
35,    2451321,     56.0,     55.0,     54.0,    161.0, 12, 12, 12, 11,    2403768,      80658,      80658,    2403773
36,     709145,     71.0,     72.0,     69.0,    207.0,  9, 12, 12,  9,    1114274,    1114273,    1114273,    1114274
36,     709150,     55.0,     55.0,     55.0,    165.0, 12, 12, 12,  9,    1114275,    1114275,    1114275,    1114275
36,     788745,     55.0,     55.0,     55.0,    161.0,  9, 10, 11,  9,    1148425,    1148425,    1148425,    1148425
36,    1237683,     52.0,     52.0,     52.0,    158.0, 12, 12, 12, 10,    1405105,    1405105,    1405105,    1405105
36,    1237688,     52.0,     53.0,     52.0,    156.0, 12, 10, 12, 11,    1405107,    1405107,    1405107,    1405107
36,    1237698,     53.0,     53.0,     53.0,    158.0, 12, 12, 12,  9,    1405110,    1405110,    1405110,    1405110
36,    2576546,     75.0,     71.0,     70.0,    220.0, 12, 12, 12, 10,    1405148,    1405148,    1405148,    1405148
36,    1546417,     57.0,     58.0,     58.0,    170.0, 12, 12, 12,  9,    1632874,    1632874,    1632874,    1632874
36,    2576569,     76.0,     72.0,     71.0,    212.0, 12, 12, 12,  5,    1405148,    1405148,    1405148,    1525708
36,    2577003,     65.0,     61.0,     63.0,    174.0,  4,  5,  6,  5,    1237785,    1237785,    1237785,    1237785
36,    2577042,     75.0,     71.0,     70.0,    220.0, 12, 12, 12, 10,    1405148,    1405148,    1405148,    1405148
36,    2577063,     75.0,     72.0,     71.0,    221.0, 12, 12, 12, 10,    1405148,    1405148,    1405148,    1405148
36,    1237855,     81.0,     79.0,     80.0,    246.0, 12, 12, 12, 10,    1405169,    1405170,    1405169,    1405170
36,    2451248,     84.0,     82.0,     82.0,    246.0, 12, 12, 12, 11,    1405169,    1405170,    1405182,    1405182
36,    2577220,     85.0,     83.0,     83.0,    246.0, 12, 12, 12, 10,    1405169,    1405170,    1405182,    2322990
36,    2577250,     79.0,     80.0,     80.0,    252.0, 12, 12, 12,  9,    1405186,    1405169,    1405169,    1405186
36,    2577271,     80.0,     81.0,     81.0,    249.0, 12, 12, 12,  9,    1405186,    1405169,    1405169,    2402873
36,    2577281,     81.0,     82.0,     81.0,    244.0, 12, 12, 12, 11,    1405186,    1405169,    1405169,    2402875
36,    2577290,     83.0,     84.0,     83.0,    245.0, 12, 12, 12, 11,    1405186,    1405169,    2402875,    2402877
36,    2577311,     84.0,     84.0,     82.0,    232.0,  4,  5,  6,  6,    2451546,    2451546,    2451546,    2451546
36,    1238008,     51.0,     50.0,     51.0,    157.0, 12, 12, 12, 10,    1405201,    1405201,    1405201,    1405201
36,    1238013,     50.0,     52.0,     51.0,    154.0, 12, 12, 11,  9,    1405202,    1405202,    1405202,    1405202
36,    1238028,     51.0,     52.0,     53.0,    155.0, 12, 12, 11,  9,    1405206,    1405206,    1405206,    1405206
36,    1238038,     53.0,     52.0,     52.0,    157.0, 12, 12, 12, 10,    1405209,    1405209,    1405209,    1405209
36,    1238090,     54.0,     54.0,     54.0,    161.0, 12, 10, 12, 10,    1405233,    1405233,    1405233,    1405233
36,    1238095,     55.0,     54.0,     55.0,    163.0, 12, 12, 12,  9,    1405234,    1405234,    1405234,    1405234
36,    1238100,     54.0,     55.0,     56.0,    163.0, 12, 12, 11,  9,    1405235,    1405235,    1405235,    1405235
36,    1238147,     54.0,     53.0,     54.0,    157.0,  9, 12, 11, 10,    1405246,    1405246,    1405246,    1405246
36,    1238184,     54.0,     54.0,     54.0,    161.0, 12, 12, 12,  9,    1405261,    1405261,    1405261,    1405261
36,    2577953,     75.0,     79.0,     78.0,    249.0, 12, 12, 12,  9,    2403590,    2403590,    2403590,    2403590
36,    2578028,     77.0,     79.0,     80.0,    244.0, 12, 12, 12,  9,    2403590,    2403605,    2403590,    2403605
36,    2578058,     78.0,     80.0,     80.0,    241.0, 12, 12, 12,  9,    2403590,    2403605,    2403590,    2403611
36,    2578357,     73.0,     75.0,     70.0,    226.0, 12, 12, 12,  6,    1405316,    1405316,    1405316,    1237805
36,    2578365,     73.0,     74.0,     70.0,    246.0, 12, 12, 12,  6,    1405316,    1405316,    1405316,    2578365
36,    2578405,     73.0,     75.0,     71.0,    218.0, 12, 12, 12,  6,    1405316,    1405316,    1405316,    2578405
36,    2578413,     72.0,     73.0,     70.0,    208.0,  7,  7,  7,  6,    1237800,    1237800,    1237800,    2578413
36,    2578429,     69.0,     70.0,     66.0,    198.0,  7,  7,  7,  6,    1237800,    1237800,    1237800,    1237800
36,    2578437,     66.0,     68.0,     64.0,    191.0,  7,  7,  7,  6,    1237800,    1237800,    1237800,    1237800
36,    1363948,     70.0,     72.0,     70.0,    207.0, 12, 12, 12,  9,    1405134,    1405134,    1405134,    1481659
36,    2579380,     65.0,     66.0,     63.0,    187.0,  7,  7,  7,  6,    1237800,    1237800,    1237800,    1237800
36,    2578238,     55.0,     56.0,     56.0,    160.0, 12, 10, 11,  9,    2322944,    2322944,    2322944,    2322944
36,    2578266,     56.0,     56.0,     53.0,    172.0, 12, 12, 12, 11,      80658,      80658,      80658,      80658
36,    2578282,     56.0,     55.0,     53.0,    164.0, 12, 12, 12, 10,      80658,    2403768,      80658,    2403768
36,    2451321,     57.0,     55.0,     53.0,    160.0, 12, 12, 12,  6,      80658,    2403768,      80658,    2451321
37,     709145,     70.0,     72.0,     72.0,    207.0, 12, 12, 12, 10,    1114273,    1114273,    1114273,    1114274
37,     709150,     55.0,     55.0,     55.0,    163.0,  9, 10, 11,  9,    1114275,    1114275,    1114275,    1114275
37,     788745,     55.0,     55.0,     55.0,    161.0,  9, 10, 11,  9,    1148425,    1148425,    1148425,    1148425
37,    1237683,     53.0,     51.0,     52.0,    159.0, 12, 12, 12, 10,    1405105,    1405105,    1405105,    1405105
37,    1237688,     52.0,     53.0,     52.0,    156.0, 12, 10, 12,  9,    1405107,    1405107,    1405107,    1405107
37,    1237698,     53.0,     52.0,     53.0,    157.0,  9, 12, 12,  9,    1405110,    1405110,    1405110,    1405110
37,    2576546,     75.0,     70.0,     71.0,    223.0, 12, 12, 12, 10,    1405148,    1405148,    1405148,    1405148
37,    1546417,     58.0,     57.0,     58.0,    169.0, 12, 12, 12,  9,    1632874,    1632874,    1632874,    1632874
37,    2576569,     77.0,     71.0,     72.0,    212.0, 12, 12, 12,  5,    1405148,    1405148,    1405148,    2576569
37,    2577003,     65.0,     61.0,     64.0,    174.0,  4,  5,  6,  5,    1237785,    1237785,    1237785,    1237785
37,    2577042,     75.0,     70.0,     71.0,    222.0, 12, 12, 12, 10,    1405148,    1405148,    1405148,    1405148
37,    2577063,     76.0,     70.0,     71.0,    224.0, 12, 12, 12, 10,    1405148,    1405148,    1405148,    1405148
37,    1237855,     80.0,     81.0,     80.0,    248.0, 12, 12, 12, 11,    1405169,    1405169,    1405170,    1405170
37,    2451248,     82.0,     83.0,     82.0,    247.0, 12, 12, 12, 11,    1405169,    1405169,    1405170,    1405182
37,    2577220,     84.0,     83.0,     83.0,    245.0, 12, 12, 12, 10,    1405169,    2322990,    1405170,    2322990
37,    2577250,     79.0,     80.0,     81.0,    254.0, 12, 12, 12,  9,    1405186,    1405186,    1405169,    1405186
37,    2577271,     80.0,     81.0,     81.0,    251.0, 12, 12, 12,  9,    1405186,    1405169,    1405169,    2402873
37,    2577281,     80.0,     82.0,     81.0,    243.0, 12, 12, 12, 11,    2402873,    1405169,    2402875,    2402875
37,    2577290,     82.0,     84.0,     83.0,    245.0, 12, 12, 12, 11,    2402873,    1405169,    2402875,    2402877
37,    2577311,     83.0,     85.0,     83.0,    234.0,  4,  5,  6,  6,    2451546,    2451546,    2451546,    2451546
37,    1238008,     50.0,     50.0,     53.0,    157.0, 12, 12, 12,  9,    1405201,    1405201,    1405201,    1405201
37,    1238013,     51.0,     52.0,     51.0,    154.0, 12, 10, 12,  9,    1405202,    1405202,    1405202,    1405202
37,    1238028,     52.0,     53.0,     51.0,    155.0, 12, 10, 12, 11,    1405206,    1405206,    1405206,    1405206
37,    1238038,     52.0,     52.0,     52.0,    158.0, 12, 12, 12,  9,    1405209,    1405209,    1405209,    1405209
37,    1238090,     54.0,     53.0,     55.0,    161.0, 12, 12, 12, 10,    1405233,    1405233,    1405233,    1405233
37,    1238095,     55.0,     55.0,     55.0,    163.0,  9, 12, 12,  9,    1405234,    1405234,    1405234,    1405234
37,    1238100,     54.0,     55.0,     55.0,    163.0, 12, 12, 11,  9,    1405235,    1405235,    1405235,    1405235
37,    1238147,     54.0,     53.0,     54.0,    157.0,  9, 12, 11, 10,    1405246,    1405246,    1405246,    1405246
37,    1238184,     53.0,     55.0,     54.0,    161.0, 12, 12, 12,  9,    1405261,    1405261,    1405261,    1405261
37,    2577953,     75.0,     79.0,     77.0,    249.0, 12, 12, 12,  9,    2403590,    2403590,    2403590,    2403590
37,    2578028,     77.0,     80.0,     79.0,    241.0, 12, 12, 12,  9,    2403590,    2403605,    2403590,    2403605
37,    2578058,     78.0,     81.0,     80.0,    238.0, 12, 12, 12,  9,    2403590,    2403605,    2403590,    2403611
37,    2578357,     72.0,     75.0,     71.0,    224.0, 12, 12, 12,  6,    1405316,    1405316,    1405316,    1237805
37,    2578365,     72.0,     75.0,     70.0,    244.0, 12, 12, 12,  6,    1405316,    1405316,    1405316,    2578365
37,    2578405,     72.0,     76.0,     71.0,    217.0, 12,  7, 12,  6,    1405316,    1237800,    1405316,    2578405
37,    2578413,     73.0,     72.0,     69.0,    207.0,  7,  7,  7,  6,    1237800,    1237800,    1237800,    2578413
37,    2578429,     70.0,     69.0,     66.0,    197.0,  7,  7,  7,  6,    1237800,    1237800,    1237800,    2578429
37,    2578437,     67.0,     67.0,     64.0,    190.0,  7,  7,  7,  6,    1237800,    1237800,    1237800,    1237800
37,    1363948,     70.0,     71.0,     70.0,    207.0, 12, 12, 12,  9,    1481659,    1405134,    1405134,    1481659
37,    2579380,     66.0,     65.0,     62.0,    187.0,  7,  7,  7,  6,    1237800,    1237800,    1237800,    1237800
37,    2578238,     55.0,     56.0,     56.0,    161.0, 12, 12, 11,  9,    2322944,    2322944,    2322944,    2322944
37,    2578266,     54.0,     55.0,     55.0,    173.0, 12, 12, 12, 11,      80658,      80658,      80658,      80658
37,    2578282,     55.0,     55.0,     55.0,    165.0, 12, 12, 12, 10,      80658,    2403768,      80658,    2403768
37,    2451321,     55.0,     55.0,     56.0,    160.0, 12, 12,  6,  6,      80658,    2403768,    2451321,    2451321
38,     709145,     71.0,     72.0,     72.0,    208.0, 12, 12, 12,  9,    1114273,    1114273,    1114273,    1114274
38,     709150,     55.0,     55.0,     55.0,    163.0,  9, 10, 11,  9,    1114275,    1114275,    1114275,    1114275
38,     788745,     55.0,     55.0,     55.0,    161.0,  9, 10, 11,  9,    1148425,    1148425,    1148425,    1148425
38,    1237683,     53.0,     51.0,     52.0,    159.0, 12, 12, 12, 10,    1405105,    1405105,    1405105,    1405105
38,    1237688,     52.0,     53.0,     52.0,    156.0, 12, 10, 12, 10,    1405107,    1405107,    1405107,    1405107
38,    1237698,     53.0,     53.0,     52.0,    157.0,  9, 12, 12,  9,    1405110,    1405110,    1405110,    1405110
38,    2576546,     74.0,     70.0,     71.0,    220.0, 12, 12, 12, 10,    1405148,    1405148,    1405148,    1405148
38,    1546417,     57.0,     57.0,     58.0,    169.0, 12, 12, 12,  9,    1632874,    1632874,    1632874,    1632874
38,    2576569,     76.0,     71.0,     73.0,    208.0, 12, 12, 12,  5,    1405148,    1405148,    1405148,    1525708
38,    2577003,     64.0,     60.0,     63.0,    171.0,  4,  5,  6,  5,    1237785,    1237785,    1237785,    1237785
38,    2577042,     74.0,     70.0,     71.0,    220.0, 12, 12, 12, 10,    1405148,    1405148,    1405148,    1405148
38,    2577063,     75.0,     70.0,     72.0,    221.0, 12, 12, 12, 10,    1405148,    1405148,    1405148,    1405148
38,    1237855,     82.0,     80.0,     80.0,    246.0, 12, 12, 12, 10,    1405169,    1405169,    1405169,    1405170
38,    2451248,     84.0,     82.0,     82.0,    246.0, 12, 12, 12, 11,    1405182,    1405170,    1405169,    1405182
38,    2577220,     85.0,     83.0,     83.0,    246.0, 12, 12, 12,  9,    1405182,    1405170,    1405169,    2322990
38,    2577250,     80.0,     80.0,     79.0,    249.0, 12, 12, 12, 11,    1405186,    1405169,    1405169,    1405186
38,    2577271,     81.0,     81.0,     80.0,    249.0, 12, 12, 12, 11,    1405186,    1405169,    1405169,    2402873
38,    2577281,     81.0,     82.0,     81.0,    245.0, 12, 12, 12, 11,    2402875,    1405169,    1405169,    2402875
38,    2577290,     83.0,     84.0,     83.0,    246.0, 12, 12, 12, 11,    2402875,    1405169,    1405169,    2402877
38,    2577311,     83.0,     82.0,     80.0,    227.0,  4,  5,  6,  6,    2451546,    2451546,    2451546,    2451546
38,    1238008,     51.0,     51.0,     50.0,    157.0, 12, 12, 12, 11,    1405201,    1405201,    1405201,    1405201
38,    1238013,     51.0,     51.0,     52.0,    155.0, 12, 12, 11,  9,    1405202,    1405202,    1405202,    1405202
38,    1238028,     52.0,     52.0,     52.0,    155.0,  9, 12, 11,  9,    1405206,    1405206,    1405206,    1405206
38,    1238038,     52.0,     52.0,     53.0,    158.0, 12, 12, 12, 10,    1405209,    1405209,    1405209,    1405209
38,    1238090,     54.0,     54.0,     55.0,    162.0, 12, 12, 11, 10,    1405233,    1405233,    1405233,    1405233
38,    1238095,     55.0,     55.0,     55.0,    163.0, 12, 12, 12,  9,    1405234,    1405234,    1405234,    1405234
38,    1238100,     54.0,     56.0,     55.0,    163.0, 12, 10, 12,  9,    1405235,    1405235,    1405235,    1405235
38,    1238147,     54.0,     53.0,     54.0,    157.0,  9, 12, 12, 10,    1405246,    1405246,    1405246,    1405246
38,    1238184,     54.0,     55.0,     54.0,    161.0, 12, 10, 12,  9,    1405261,    1405261,    1405261,    1405261
38,    2577953,     76.0,     80.0,     76.0,    249.0, 12, 12, 12, 11,    2403590,    2403590,    2403590,    2403590
38,    2578028,     78.0,     81.0,     78.0,    244.0, 12, 12, 12,  9,    2403590,    2403605,    2403590,    2403605
38,    2578058,     78.0,     81.0,     79.0,    239.0, 12, 12, 12,  9,    2403590,    2403611,    2403590,    2403611
38,    2578357,     75.0,     74.0,     69.0,    221.0, 12, 12, 12,  6,    1405316,    1405316,    1405316,    1237805
38,    2578365,     75.0,     73.0,     69.0,    240.0, 12, 12, 12,  6,    1405316,    1405316,    1405316,    2578365
38,    2578405,     75.0,     74.0,     70.0,    213.0, 12, 12, 12,  6,    1405316,    1405316,    1405316,    2578405
38,    2578413,     75.0,     72.0,     69.0,    203.0,  7,  7,  7,  6,    1237800,    1237800,    1237800,    2578413
38,    2578429,     71.0,     68.0,     66.0,    194.0,  7,  7,  7,  6,    1237800,    1237800,    1237800,    1237800
38,    2578437,     69.0,     66.0,     64.0,    187.0,  4,  7,  7,  6,    1237800,    1237800,    1237800,    1237800
38,    1363948,     70.0,     71.0,     70.0,    207.0, 12, 12, 12,  9,    1481659,    1405134,    1405134,    1481659
38,    2579380,     68.0,     65.0,     62.0,    183.0,  4,  7,  7,  6,    1237800,    1237800,    1237800,    1237800
38,    2578238,     55.0,     55.0,     56.0,    159.0, 12, 12,  6,  6,    2322944,    2322944,      44565,      44565
38,    2578266,     55.0,     55.0,     55.0,    171.0, 12, 12, 12, 11,      80658,      80658,      80658,      80658
38,    2578282,     55.0,     55.0,     55.0,    164.0, 12, 12, 12, 10,      80658,    2403768,      80658,    2403768
38,    2451321,     56.0,     55.0,     55.0,    156.0,  4, 12,  6,  6,    2451321,    2403768,    2451321,    2451321
39,     709145,     71.0,     72.0,     72.0,    208.0, 12, 12, 12,  9,    1114273,    1114273,    1114273,    1114274
39,     709150,     55.0,     55.0,     55.0,    163.0,  9, 10, 11,  9,    1114275,    1114275,    1114275,    1114275
39,     788745,     55.0,     55.0,     55.0,    161.0,  9, 10, 11,  9,    1148425,    1148425,    1148425,    1148425
39,    1237683,     53.0,     52.0,     51.0,    158.0, 12, 12, 12, 11,    1405105,    1405105,    1405105,    1405105
39,    1237688,     52.0,     53.0,     52.0,    156.0, 12, 12, 12,  9,    1405107,    1405107,    1405107,    1405107
39,    1237698,     53.0,     52.0,     53.0,    157.0,  9, 12, 12,  9,    1405110,    1405110,    1405110,    1405110
39,    2576546,     72.0,     71.0,     73.0,    219.0, 12, 12, 12, 10,    1405148,    1405148,    1405148,    1405148
39,    1546417,     58.0,     57.0,     58.0,    169.0, 12, 12, 12,  9,    1632874,    1632874,    1632874,    1632874
39,    2576569,     73.0,     72.0,     75.0,    208.0, 12, 12,  6,  5,    1405148,    1405148,    1237785,    1237785
39,    2577003,     60.0,     60.0,     61.0,    170.0,  4,  5,  6,  5,    1237785,    1237785,    1237785,    1237785
39,    2577042,     72.0,     71.0,     73.0,    219.0, 12, 12, 12, 10,    1405148,    1405148,    1405148,    1405148
39,    2577063,     72.0,     72.0,     74.0,    220.0, 12, 12, 12, 10,    1405148,    1405148,    1405148,    1405148
39,    1237855,     81.0,     81.0,     80.0,    247.0, 12, 12, 12, 11,    1405169,    1405169,    1405170,    1405170
39,    2451248,     83.0,     83.0,     83.0,    246.0, 12, 12, 12,  9,    1405169,    1405169,    1405169,    1405182
39,    2577220,     84.0,     84.0,     84.0,    245.0, 12, 12, 12, 10,    1405169,    2322990,    1405170,    2322990
39,    2577250,     80.0,     80.0,     80.0,    249.0, 12, 12, 12, 11,    1405169,    1405169,    1405169,    1405186
39,    2577271,     81.0,     81.0,     81.0,    248.0, 12, 12, 12, 10,    1405169,    1405169,    1405169,    2402873
39,    2577281,     81.0,     82.0,     82.0,    246.0, 12, 12, 12, 11,    2402875,    1405169,    1405169,    2402875
39,    2577290,     83.0,     84.0,     84.0,    247.0, 12, 12, 12,  9,    2402875,    1405169,    1405169,    2402877
39,    2577311,     81.0,     82.0,     80.0,    227.0,  4,  5,  6,  6,    2451546,    2451546,    2451546,    2451546
39,    1238008,     51.0,     52.0,     50.0,    157.0, 12, 12, 12, 11,    1405201,    1405201,    1405201,    1405201
39,    1238013,     51.0,     52.0,     51.0,    155.0, 12, 10, 12,  9,    1405202,    1405202,    1405202,    1405202
39,    1238028,     51.0,     53.0,     51.0,    155.0, 12, 10, 12, 11,    1405206,    1405206,    1405206,    1405206
39,    1238038,     52.0,     52.0,     53.0,    156.0, 12, 12, 11, 10,    1405209,    1405209,    1405209,    1405209
39,    1238090,     55.0,     53.0,     55.0,    161.0,  9, 12, 11, 10,    1405233,    1405233,    1405233,    1405233
39,    1238095,     55.0,     55.0,     55.0,    163.0, 12, 12, 12,  9,    1405234,    1405234,    1405234,    1405234
39,    1238100,     54.0,     56.0,     55.0,    163.0, 12, 12, 12,  9,    1405235,    1405235,    1405235,    1405235
39,    1238147,     54.0,     53.0,     54.0,    157.0,  9, 12, 11, 10,    1405246,    1405246,    1405246,    1405246
39,    1238184,     54.0,     54.0,     55.0,    162.0, 12, 12, 11,  9,    1405261,    1405261,    1405261,    1405261
39,    2577953,     75.0,     80.0,     77.0,    249.0, 12, 12, 12,  9,    2403590,    2403590,    2403590,    2403590
39,    2578028,     77.0,     82.0,     79.0,    243.0, 12, 12, 12,  9,    2403590,    2403590,    2403590,    2403605
39,    2578058,     77.0,     81.0,     79.0,    239.0, 12, 12, 12,  9,    2403590,    2403611,    2403590,    2403611
39,    2578357,     74.0,     73.0,     72.0,    220.0, 12, 12, 12,  6,    1405316,    1405316,    1405316,    1237805
39,    2578365,     73.0,     73.0,     71.0,    239.0, 12, 12, 12,  6,    1405316,    1405316,    1405316,    2578365
39,    2578405,     74.0,     74.0,     72.0,    211.0, 12, 12, 12,  6,    1405316,    1405316,    1405316,    2578405
39,    2578413,     72.0,     72.0,     71.0,    201.0,  4,  5,  6,  6,    2578413,    1237800,    1237800,    2578413
39,    2578429,     69.0,     68.0,     68.0,    192.0,  4,  5,  6,  6,    1237800,    2578429,    1237800,    1237800
39,    2578437,     66.0,     66.0,     65.0,    185.0,  4,  5,  6,  6,    2578437,    1237800,    1237800,    1237800
39,    1363948,     70.0,     72.0,     69.0,    207.0, 12, 10, 12,  9,    1481659,    1481659,    1405134,    1481659
39,    2579380,     65.0,     65.0,     64.0,    181.0,  4,  5,  6,  6,    1237800,    1237800,    1237800,    1237800
39,    2578238,     55.0,     56.0,     56.0,    160.0, 12, 10,  6,  6,    2322944,    2322944,      44565,      44565
39,    2578266,     55.0,     55.0,     55.0,    174.0, 12, 12, 12, 11,      80658,      80658,      80658,      80658
39,    2578282,     55.0,     55.0,     55.0,    164.0, 12, 12, 12,  9,      80658,      80658,      80658,    2403768
39,    2451321,     55.0,     55.0,     56.0,    158.0, 12, 12,  6,  6,    2403773,      80658,    2451321,    2451321
40,     709145,     71.0,     71.0,     72.0,    208.0, 12, 12, 12,  9,    1114273,    1114273,    1114273,    1114274
40,     709150,     55.0,     55.0,     55.0,    163.0,  9, 10, 11,  9,    1114275,    1114275,    1114275,    1114275
40,     788745,     55.0,     55.0,     55.0,    161.0,  9, 10, 11,  9,    1148425,    1148425,    1148425,    1148425
40,    1237683,     53.0,     52.0,     51.0,    157.0, 12, 12, 12, 10,    1405105,    1405105,    1405105,    1405105
40,    1237688,     52.0,     53.0,     52.0,    156.0, 12, 10, 12,  9,    1405107,    1405107,    1405107,    1405107
40,    1237698,     53.0,     53.0,     52.0,    158.0,  9, 12, 12,  9,    1405110,    1405110,    1405110,    1405110
40,    2576546,     71.0,     71.0,     74.0,    220.0, 12, 12, 12, 10,    1405148,    1405148,    1405148,    1405148
40,    1546417,     58.0,     57.0,     58.0,    169.0, 12, 12, 12,  9,    1632874,    1632874,    1632874,    1632874
40,    2576569,     73.0,     72.0,     76.0,    208.0,  4, 12,  6,  5,    1525708,    1405148,    1237785,    1237785
40,    2577003,     60.0,     60.0,     62.0,    170.0,  4,  5,  6,  5,    1237785,    1237785,    1237785,    1237785
40,    2577042,     71.0,     71.0,     74.0,    220.0, 12, 12, 12, 10,    1405148,    1405148,    1405148,    1405148
40,    2577063,     72.0,     71.0,     75.0,    221.0, 12, 12, 12, 10,    1405148,    1405148,    1405148,    1405148
40,    1237855,     80.0,     81.0,     80.0,    247.0, 12, 12, 12,  9,    1405169,    1405169,    1405170,    1405170
40,    2451248,     83.0,     84.0,     83.0,    246.0, 12, 12, 12,  9,    1405169,    1405169,    1405169,    1405182
40,    2577220,     84.0,     84.0,     84.0,    246.0, 12, 12, 12,  9,    1405169,    2322990,    1405170,    2322990
40,    2577250,     80.0,     80.0,     80.0,    249.0, 12, 12, 12,  9,    1405169,    1405186,    1405169,    1405186
40,    2577271,     81.0,     81.0,     81.0,    249.0, 12, 12, 12,  9,    1405169,    1405186,    1405169,    2402873
40,    2577281,     81.0,     82.0,     82.0,    245.0, 12, 12, 12, 11,    2402875,    1405186,    1405169,    2402875
40,    2577290,     83.0,     84.0,     84.0,    246.0, 12, 12, 12, 11,    2402875,    1405186,    1405169,    2402877
40,    2577311,     81.0,     82.0,     81.0,    228.0,  4,  5,  6,  4,    2451546,    2451546,    2451546,    2451546
40,    1238008,     52.0,     50.0,     50.0,    157.0, 12, 12, 12, 11,    1405201,    1405201,    1405201,    1405201
40,    1238013,     51.0,     52.0,     51.0,    154.0, 12, 10, 12,  9,    1405202,    1405202,    1405202,    1405202
40,    1238028,     51.0,     54.0,     51.0,    156.0, 12, 10, 12,  9,    1405206,    1405206,    1405206,    1405206
40,    1238038,     52.0,     52.0,     53.0,    156.0, 12, 12, 11, 10,    1405209,    1405209,    1405209,    1405209
40,    1238090,     54.0,     54.0,     54.0,    161.0, 12, 10, 12, 10,    1405233,    1405233,    1405233,    1405233
40,    1238095,     55.0,     55.0,     55.0,    163.0, 12, 12, 12,  9,    1405234,    1405234,    1405234,    1405234
40,    1238100,     53.0,     56.0,     55.0,    163.0, 12, 12, 12,  9,    1405235,    1405235,    1405235,    1405235
40,    1238147,     54.0,     53.0,     54.0,    157.0,  9, 12, 11, 10,    1405246,    1405246,    1405246,    1405246
40,    1238184,     54.0,     54.0,     55.0,    162.0, 12, 12, 11,  9,    1405261,    1405261,    1405261,    1405261
40,    2577953,     75.0,     80.0,     77.0,    245.0, 12, 12, 12,  9,    2403590,    2403590,    2403590,    2403590
40,    2578028,     77.0,     82.0,     79.0,    242.0, 12, 12, 12,  9,    2403590,    2403590,    2403590,    2403605
40,    2578058,     77.0,     81.0,     79.0,    239.0, 12, 12, 12,  9,    2403590,    2403611,    2403590,    2403611
40,    2578357,     74.0,     74.0,     71.0,    221.0, 12, 12, 12,  6,    1405316,    1405316,    1405316,    1237805
40,    2578365,     73.0,     74.0,     70.0,    241.0, 12, 12, 12,  6,    1405316,    1405316,    1405316,    1237805
40,    2578405,     74.0,     74.0,     71.0,    213.0, 12, 12, 12,  6,    1405316,    1405316,    1405316,    2578405
40,    2578413,     72.0,     73.0,     70.0,    203.0,  7,  7,  7,  6,    1237800,    1237800,    1237800,    2578413
40,    2578429,     69.0,     70.0,     67.0,    194.0,  7,  5,  7,  6,    1237800,    1237800,    1237800,    1237800
40,    2578437,     66.0,     68.0,     65.0,    187.0,  7,  5,  7,  6,    1237800,    1237800,    1237800,    1237800
40,    1363948,     70.0,     72.0,     69.0,    207.0, 12, 12, 12,  9,    1481659,    1405134,    1405134,    1481659
40,    2579380,     65.0,     66.0,     64.0,    183.0,  7,  5,  7,  6,    1237800,    1237800,    1237800,    1237800
40,    2578238,     55.0,     56.0,     56.0,    160.0, 12, 10, 11,  9,    2322944,    2322944,    2322944,    2322944
40,    2578266,     55.0,     55.0,     55.0,    175.0, 12, 12, 12, 11,      80658,      80658,      80658,      80658
40,    2578282,     55.0,     55.0,     55.0,    163.0, 12, 12, 12, 10,      80658,      80658,      80658,    2403768
40,    2451321,     55.0,     55.0,     55.0,    160.0, 12, 12, 12,  6,    2403773,      80658,      80658,    2451321
41,     709145,     71.0,     71.0,     72.0,    208.0, 12, 12, 12,  9,    1114273,    1114273,    1114273,    1114274
41,     709150,     55.0,     55.0,     55.0,    163.0,  9, 10, 11,  9,    1114275,    1114275,    1114275,    1114275
41,     788745,     55.0,     55.0,     55.0,    161.0,  9, 10, 11,  9,    1148425,    1148425,    1148425,    1148425
41,    1237683,     52.0,     53.0,     51.0,    158.0, 12, 12, 12, 11,    1405105,    1405105,    1405105,    1405105
41,    1237688,     51.0,     54.0,     52.0,    156.0, 12, 10, 12,  9,    1405107,    1405107,    1405107,    1405107
41,    1237698,     53.0,     53.0,     52.0,    158.0,  9, 12, 12,  9,    1405110,    1405110,    1405110,    1405110
41,    2576546,     73.0,     72.0,     72.0,    218.0, 12, 12, 12, 10,    1405148,    1405148,    1405148,    1405148
41,    1546417,     58.0,     58.0,     58.0,    168.0, 12, 12, 12,  9,    1632874,    1632874,    1632874,    1632874
41,    2576569,     74.0,     73.0,     73.0,    207.0,  4,  5,  6,  5,    1237785,    1237785,    2576569,    1237785
41,    2577003,     60.0,     60.0,     60.0,    169.0,  4,  5,  6,  5,    1237785,    1237785,    1237785,    1237785
41,    2577042,     73.0,     72.0,     72.0,    218.0, 12, 12, 12, 10,    1405148,    1405148,    1405148,    1405148
41,    2577063,     73.0,     72.0,     72.0,    219.0, 12, 12, 12, 10,    1405148,    1405148,    1405148,    1405148
41,    1237855,     79.0,     83.0,     80.0,    246.0, 12, 12, 12,  9,    1405169,    1405169,    1405169,    1405170
41,    2451248,     82.0,     85.0,     82.0,    246.0, 12, 12, 12,  9,    1405169,    1405170,    1405169,    1405182
41,    2577220,     83.0,     84.0,     83.0,    246.0, 12, 12, 12,  9,    1405169,    2322990,    1405170,    2322990
41,    2577250,     79.0,     80.0,     79.0,    247.0, 12, 12, 12, 11,    1405169,    1405186,    1405169,    1405186
41,    2577271,     80.0,     81.0,     80.0,    247.0, 12, 12, 12, 11,    1405169,    1405186,    1405169,    2402873
41,    2577281,     81.0,     82.0,     81.0,    244.0, 12, 12, 12, 11,    1405169,    1405186,    1405169,    2402875
41,    2577290,     82.0,     84.0,     83.0,    245.0, 12, 12, 12, 11,    1405169,    1405186,    1405169,    2402877
41,    2577311,     81.0,     83.0,     80.0,    227.0,  4,  5,  6,  6,    2451546,    2451546,    2451546,    2451546
41,    1238008,     51.0,     51.0,     51.0,    157.0, 12, 12, 12, 10,    1405201,    1405201,    1405201,    1405201
41,    1238013,     51.0,     51.0,     52.0,    155.0, 12, 12, 11,  9,    1405202,    1405202,    1405202,    1405202
41,    1238028,     52.0,     52.0,     52.0,    155.0, 12, 12, 11, 11,    1405206,    1405206,    1405206,    1405206
41,    1238038,     52.0,     52.0,     53.0,    156.0, 12, 12, 11, 10,    1405209,    1405209,    1405209,    1405209
41,    1238090,     55.0,     52.0,     55.0,    161.0,  9, 12, 12, 10,    1405233,    1405233,    1405233,    1405233
41,    1238095,     55.0,     55.0,     55.0,    163.0, 12, 12, 12,  9,    1405234,    1405234,    1405234,    1405234
41,    1238100,     54.0,     56.0,     55.0,    163.0, 12, 12, 12,  9,    1405235,    1405235,    1405235,    1405235
41,    1238147,     54.0,     54.0,     53.0,    158.0,  9, 10, 12,  9,    1405246,    1405246,    1405246,    1405246
41,    1238184,     54.0,     54.0,     54.0,    162.0, 12, 12, 12,  9,    1405261,    1405261,    1405261,    1405261
41,    2577953,     75.0,     79.0,     78.0,    245.0, 12, 12, 12,  9,    2403590,    2403590,    2403590,    2403590
41,    2578028,     77.0,     80.0,     80.0,    242.0, 12, 12, 12,  9,    2403590,    2403605,    2403590,    2403605
41,    2578058,     78.0,     81.0,     80.0,    239.0, 12, 12, 12,  9,    2403590,    2403605,    2403590,    2403611
41,    2578357,     75.0,     73.0,     70.0,    221.0, 12, 12, 12,  6,    1405316,    1405316,    1405316,    1237805
41,    2578365,     75.0,     72.0,     70.0,    241.0, 12, 12, 12,  6,    1405316,    1405316,    1405316,    1237805
41,    2578405,     76.0,     73.0,     71.0,    213.0, 12, 12, 12,  6,    1405316,    1405316,    1405316,    2578405
41,    2578413,     73.0,     72.0,     71.0,    203.0,  7,  5,  7,  6,    1237800,    2578413,    1237800,    2578413
41,    2578429,     70.0,     69.0,     68.0,    194.0,  4,  5,  7,  6,    1237800,    1237800,    1237800,    1237800
41,    2578437,     67.0,     67.0,     66.0,    187.0,  7,  5,  6,  6,    1237800,    1237800,    1237800,    1237800
41,    1363948,     69.0,     72.0,     68.0,    207.0, 12, 10, 12,  9,    1405134,    1481659,    1405134,    1481659
41,    2579380,     66.0,     65.0,     64.0,    183.0,  4,  5,  7,  6,    1237800,    1237800,    1237800,    1237800
41,    2578238,     55.0,     56.0,     56.0,    160.0, 12, 10, 11, 11,    2322944,    2322944,    2322944,    2322944
41,    2578266,     55.0,     54.0,     55.0,    174.0, 12, 12, 12, 10,      80658,      80658,      80658,      80658
41,    2578282,     55.0,     55.0,     56.0,    164.0, 12, 12, 12, 10,      80658,      80658,      80658,    2403768
41,    2451321,     55.0,     55.0,     56.0,    160.0, 12, 12,  6,  6,      80658,      80658,    2451321,    2451321
42,     709145,     70.0,     72.0,     72.0,    208.0, 12, 12, 12,  9,    1114273,    1114273,    1114273,    1114274
42,     709150,     55.0,     55.0,     55.0,    163.0,  9, 10, 11,  9,    1114275,    1114275,    1114275,    1114275
42,     788745,     55.0,     55.0,     55.0,    161.0,  9, 10, 11,  9,    1148425,    1148425,    1148425,    1148425
42,    1237683,     54.0,     51.0,     51.0,    157.0,  9, 12, 12, 10,    1405105,    1405105,    1405105,    1405105
42,    1237688,     52.0,     53.0,     52.0,    156.0, 12, 12, 12,  9,    1405107,    1405107,    1405107,    1405107
42,    1237698,     54.0,     53.0,     52.0,    158.0,  9, 12, 12, 11,    1405110,    1405110,    1405110,    1405110
42,    2576546,     73.0,     72.0,     72.0,    219.0, 12, 12, 12, 10,    1405148,    1405148,    1405148,    1405148
42,    1546417,     58.0,     58.0,     58.0,    169.0, 12, 12, 12,  9,    1632874,    1632874,    1632874,    1632874
42,    2576569,     74.0,     73.0,     73.0,    207.0,  4,  5, 12,  5,    1525708,    1525708,    1405148,    2576569
42,    2577003,     61.0,     60.0,     61.0,    170.0,  4,  5,  6,  5,    1237785,    1237785,    1237785,    1237785
42,    2577042,     73.0,     72.0,     72.0,    219.0, 12, 12, 12, 10,    1405148,    1405148,    1405148,    1405148
42,    2577063,     73.0,     72.0,     72.0,    220.0, 12, 12, 12, 10,    1405148,    1405148,    1405148,    1405148
42,    1237855,     78.0,     82.0,     81.0,    247.0, 12, 12, 12,  9,    1405169,    1405170,    1405169,    1405170
42,    2451248,     81.0,     84.0,     82.0,    247.0, 12, 12, 12,  9,    1405169,    1405170,    1405182,    1405182
42,    2577220,     82.0,     84.0,     84.0,    246.0, 12, 12, 12, 10,    1405169,    2322990,    1405169,    2322990
42,    2577250,     78.0,     82.0,     80.0,    247.0, 12, 12, 12, 11,    1405169,    1405186,    1405169,    1405186
42,    2577271,     79.0,     82.0,     81.0,    247.0, 12, 12, 12, 11,    1405169,    2402873,    1405169,    2402873
42,    2577281,     80.0,     83.0,     82.0,    245.0, 12, 12, 12, 11,    1405169,    2402873,    1405169,    2402875
42,    2577290,     81.0,     85.0,     84.0,    246.0, 12, 12, 12, 11,    1405169,    2402873,    1405169,    2402877
42,    2577311,     81.0,     84.0,     81.0,    229.0,  4,  5,  6,  4,    2451546,    2451546,    2451546,    2451546
42,    1238008,     51.0,     50.0,     51.0,    157.0, 12, 12, 12, 10,    1405201,    1405201,    1405201,    1405201
42,    1238013,     50.0,     50.0,     53.0,    155.0, 12, 12, 11,  9,    1405202,    1405202,    1405202,    1405202
42,    1238028,     52.0,     52.0,     52.0,    156.0, 12, 12, 12,  9,    1405206,    1405206,    1405206,    1405206
42,    1238038,     52.0,     52.0,     53.0,    157.0, 12, 12, 12,  9,    1405209,    1405209,    1405209,    1405209
42,    1238090,     55.0,     52.0,     55.0,    161.0,  9, 12, 11, 10,    1405233,    1405233,    1405233,    1405233
42,    1238095,     55.0,     55.0,     55.0,    163.0, 12, 12, 11,  9,    1405234,    1405234,    1405234,    1405234
42,    1238100,     54.0,     55.0,     55.0,    163.0, 12, 12, 12,  9,    1405235,    1405235,    1405235,    1405235
42,    1238147,     54.0,     53.0,     54.0,    157.0,  9, 12, 11,  9,    1405246,    1405246,    1405246,    1405246
42,    1238184,     54.0,     54.0,     54.0,    161.0, 12, 12, 12,  9,    1405261,    1405261,    1405261,    1405261
42,    2577953,     76.0,     78.0,     78.0,    247.0, 12, 12, 12,  9,    2403590,    2403590,    2403590,    2403590
42,    2578028,     78.0,     80.0,     80.0,    242.0, 12, 12, 12,  9,    2403590,    2403590,    2403590,    2403605
42,    2578058,     79.0,     80.0,     80.0,    239.0, 12, 12, 12,  9,    2403590,    2403611,    2403590,    2403611
42,    2578357,     77.0,     73.0,     69.0,    221.0, 12, 12, 12,  6,    1405316,    1405316,    1405316,    1237805
42,    2578365,     76.0,     72.0,     69.0,    241.0, 12, 12, 12,  5,    1405316,    1405316,    1405316,    2578365
42,    2578405,     77.0,     73.0,     69.0,    214.0, 12, 12, 12,  5,    1405316,    1405316,    1405316,    2578405
42,    2578413,     74.0,     71.0,     70.0,    204.0,  7,  7, 12,  5,    1237800,    1237800,    1405316,    2578413
42,    2578429,     71.0,     67.0,     68.0,    194.0,  7,  7,  7,  6,    1237800,    1237800,    1237800,    2578429
42,    2578437,     68.0,     65.0,     66.0,    187.0,  7,  7,  6,  6,    1237800,    1237800,    1237800,    1237800
42,    1363948,     70.0,     72.0,     68.0,    206.0, 12, 12, 12,  9,    1481659,    1405134,    1405134,    1481659
42,    2579380,     67.0,     64.0,     64.0,    184.0,  4,  7,  7,  5,    1237800,    1237800,    1237800,    1237800
42,    2578238,     55.0,     56.0,     56.0,    160.0, 12, 10, 11,  9,    2322944,    2322944,    2322944,    2322944
42,    2578266,     54.0,     56.0,     55.0,    174.0, 12, 12, 12, 11,      80658,      80658,      80658,      80658
42,    2578282,     54.0,     56.0,     55.0,    165.0, 12, 12, 12, 10,      80658,      80658,      80658,    2403768
42,    2451321,     55.0,     56.0,     56.0,    160.0, 12, 12,  6,  6,      80658,      80658,    2451321,    2451321
43,     709145,     69.0,     71.0,     72.0,    207.0, 12, 10, 12, 10,    1114273,    1114274,    1114273,    1114274
43,     709150,     55.0,     55.0,     55.0,    163.0,  9, 10, 11,  9,    1114275,    1114275,    1114275,    1114275
43,     788745,     55.0,     55.0,     55.0,    161.0,  9, 10, 11,  9,    1148425,    1148425,    1148425,    1148425
43,    1237683,     54.0,     52.0,     50.0,    158.0,  9, 12, 12, 10,    1405105,    1405105,    1405105,    1405105
43,    1237688,     51.0,     53.0,     52.0,    156.0, 12, 12, 12,  9,    1405107,    1405107,    1405107,    1405107
43,    1237698,     53.0,     53.0,     52.0,    157.0,  9, 12, 12,  9,    1405110,    1405110,    1405110,    1405110
43,    2576546,     73.0,     73.0,     70.0,    221.0, 12, 12, 12, 11,    1405148,    1405148,    1405148,    1405148
43,    1546417,     57.0,     58.0,     58.0,    169.0, 12, 12, 12,  9,    1632874,    1632874,    1632874,    1632874
43,    2576569,     74.0,     75.0,     71.0,    211.0, 12, 12, 12,  6,    1405148,    1405148,    1405148,    1525708
43,    2577003,     62.0,     62.0,     61.0,    173.0,  4,  5,  6,  6,    1237785,    1237785,    1237785,    1237785
43,    2577042,     73.0,     73.0,     70.0,    221.0, 12, 12, 12, 11,    1405148,    1405148,    1405148,    1405148
43,    2577063,     73.0,     74.0,     71.0,    222.0, 12, 12, 12, 11,    1405148,    1405148,    1405148,    1405148
43,    1237855,     81.0,     79.0,     80.0,    248.0, 12, 12, 12, 10,    1405169,    1405170,    1405170,    1405170
43,    2451248,     84.0,     82.0,     82.0,    246.0, 12, 12, 12, 11,    1405169,    1405170,    1405170,    1405182
43,    2577220,     85.0,     83.0,     84.0,    246.0, 12, 12, 12, 10,    1405169,    1405170,    1405169,    2322990
43,    2577250,     78.0,     80.0,     80.0,    251.0, 12, 12, 12, 11,    1405186,    1405169,    1405169,    1405186
43,    2577271,     79.0,     81.0,     81.0,    250.0, 12, 12, 12,  9,    1405186,    1405169,    1405169,    2402873
43,    2577281,     80.0,     81.0,     82.0,    247.0, 12, 12, 12, 11,    1405186,    1405169,    1405169,    2402875
43,    2577290,     82.0,     84.0,     84.0,    247.0, 12, 12, 12,  9,    1405186,    1405169,    1405169,    2402877
43,    2577311,     83.0,     85.0,     83.0,    233.0, 12,  5,  6,  6,    1405186,    2451546,    2451546,    2451546
43,    1238008,     51.0,     51.0,     50.0,    157.0, 12, 12, 12, 11,    1405201,    1405201,    1405201,    1405201
43,    1238013,     50.0,     51.0,     53.0,    155.0, 12, 12, 11,  9,    1405202,    1405202,    1405202,    1405202
43,    1238028,     52.0,     52.0,     52.0,    158.0, 12, 12, 12,  9,    1405206,    1405206,    1405206,    1405206
43,    1238038,     52.0,     52.0,     53.0,    158.0, 12, 12, 12, 10,    1405209,    1405209,    1405209,    1405209
43,    1238090,     55.0,     52.0,     55.0,    161.0,  9, 12, 12, 10,    1405233,    1405233,    1405233,    1405233
43,    1238095,     55.0,     55.0,     55.0,    163.0, 12, 12, 11,  9,    1405234,    1405234,    1405234,    1405234
43,    1238100,     55.0,     54.0,     56.0,    163.0, 12, 12, 11, 10,    1405235,    1405235,    1405235,    1405235
43,    1238147,     53.0,     53.0,     53.0,    157.0, 12, 12, 12,  9,    1405246,    1405246,    1405246,    1405246
43,    1238184,     54.0,     55.0,     54.0,    161.0,  9, 10, 12,  9,    1405261,    1405261,    1405261,    1405261
43,    2577953,     76.0,     78.0,     78.0,    250.0, 12, 12, 12, 10,    2403590,    2403590,    2403590,    2403590
43,    2578028,     78.0,     79.0,     80.0,    245.0, 12, 12, 12, 10,    2403590,    2403605,    2403590,    2403605
43,    2578058,     79.0,     80.0,     80.0,    241.0, 12, 12, 12,  9,    2403590,    2403590,    2403590,    2403611
43,    2578357,     75.0,     74.0,     69.0,    224.0, 12, 12, 12,  6,    1405316,    1405316,    1405316,    1237805
43,    2578365,     74.0,     74.0,     68.0,    244.0, 12, 12, 12,  6,    1405316,    1405316,    1405316,    1237805
43,    2578405,     75.0,     75.0,     69.0,    216.0, 12, 12, 12,  6,    1405316,    1405316,    1405316,    2578405
43,    2578413,     75.0,     72.0,     66.0,    206.0,  7,  7,  7,  6,    1237800,    1237800,    1237800,    2578413
43,    2578429,     72.0,     69.0,     63.0,    196.0,  7,  7,  7,  6,    1237800,    1237800,    1237800,    1237800
43,    2578437,     69.0,     67.0,     61.0,    189.0,  7,  7,  7,  6,    1237800,    1237800,    1237800,    1237800
43,    1363948,     70.0,     72.0,     69.0,    206.0, 12, 10, 12,  9,    1405134,    1481659,    1405134,    1481659
43,    2579380,     68.0,     65.0,     60.0,    185.0,  7,  7,  7,  6,    1237800,    1237800,    1237800,    1237800
43,    2578238,     55.0,     56.0,     56.0,    160.0, 12, 10, 11, 11,    2322944,    2322944,    2322944,    2322944
43,    2578266,     54.0,     56.0,     55.0,    178.0, 12, 12, 12, 11,      80658,      80658,      80658,      80658
43,    2578282,     54.0,     55.0,     55.0,    165.0, 12, 12, 12, 10,      80658,    2403768,      80658,    2403768
43,    2451321,     54.0,     55.0,     56.0,    162.0, 12, 12, 12,  9,      80658,    2403768,      80658,    2403773
44,     709145,     69.0,     69.0,     71.0,    207.0, 12, 12, 11, 10,    1114273,    1114273,    1114274,    1114274
44,     709150,     55.0,     55.0,     54.0,    162.0,  9, 10, 12, 11,    1114275,    1114275,    1114275,    1114275
44,     788745,     55.0,     55.0,     54.0,    160.0,  9, 10, 11, 11,    1148425,    1148425,    1148425,    1148425
44,    1237683,     56.0,     51.0,     48.0,    159.0, 12, 12, 12, 10,    1405105,    1405105,    1405105,    1405105
44,    1237688,     52.0,     53.0,     52.0,    156.0, 12, 10, 12,  9,    1405107,    1405107,    1405107,    1405107
44,    1237698,     53.0,     52.0,     52.0,    158.0, 12, 12, 12,  9,    1405110,    1405110,    1405110,    1405110
44,    2576546,     71.0,     70.0,     74.0,    223.0, 12, 12, 12, 10,    1405148,    1405148,    1405148,    1405148
44,    1546417,     57.0,     57.0,     58.0,    169.0, 12, 12, 12,  9,    1632874,    1632874,    1632874,    1632874
44,    2576569,     73.0,     71.0,     76.0,    217.0, 12, 12, 12,  5,    1405148,    1405148,    1405148,    1525708
44,    2577003,     64.0,     63.0,     65.0,    178.0,  4,  5,  6,  5,    1237785,    1237785,    1237785,    1237785
44,    2577042,     71.0,     70.0,     74.0,    223.0, 12, 12, 12, 10,    1405148,    1405148,    1405148,    1405148
44,    2577063,     72.0,     70.0,     75.0,    224.0, 12, 12, 12, 10,    1405148,    1405148,    1405148,    1405148
44,    1237855,     82.0,     80.0,     78.0,    247.0, 12, 12, 12, 11,    1405169,    1405170,    1405169,    1405170
44,    2451248,     84.0,     83.0,     81.0,    246.0, 12, 12, 12, 11,    1405182,    1405169,    1405169,    1405182
44,    2577220,     86.0,     84.0,     82.0,    246.0, 12, 12, 12, 10,    1405169,    1405170,    1405169,    2322990
44,    2577250,     80.0,     80.0,     78.0,    257.0, 12, 12, 12, 11,    1405186,    1405169,    1405169,    1405186
44,    2577271,     81.0,     81.0,     79.0,    256.0, 12, 12, 12, 11,    1405186,    1405169,    1405169,    2402873
44,    2577281,     81.0,     82.0,     80.0,    246.0, 12, 12, 12, 11,    2402875,    1405169,    1405169,    2402875
44,    2577290,     83.0,     84.0,     82.0,    246.0, 12, 12, 12, 11,    2402875,    1405169,    1405169,    2402877
44,    2577311,     84.0,     85.0,     83.0,    238.0, 12, 12, 12,  6,    2402875,    1405169,    1405169,    2451546
44,    1238008,     51.0,     51.0,     50.0,    157.0, 12, 12, 12, 11,    1405201,    1405201,    1405201,    1405201
44,    1238013,     50.0,     50.0,     53.0,    156.0, 12, 12, 12,  9,    1405202,    1405202,    1405202,    1405202
44,    1238028,     51.0,     52.0,     52.0,    157.0, 12, 12, 12,  9,    1405206,    1405206,    1405206,    1405206
44,    1238038,     51.0,     52.0,     53.0,    158.0, 12, 12, 12,  9,    1405209,    1405209,    1405209,    1405209
44,    1238090,     55.0,     54.0,     53.0,    161.0,  9, 10, 12, 10,    1405233,    1405233,    1405233,    1405233
44,    1238095,     55.0,     55.0,     55.0,    163.0,  9, 12, 12,  9,    1405234,    1405234,    1405234,    1405234
44,    1238100,     54.0,     55.0,     56.0,    164.0, 12, 12, 11,  9,    1405235,    1405235,    1405235,    1405235
44,    1238147,     54.0,     52.0,     54.0,    157.0,  9, 12, 11, 10,    1405246,    1405246,    1405246,    1405246
44,    1238184,     54.0,     54.0,     54.0,    161.0, 12, 12, 12,  9,    1405261,    1405261,    1405261,    1405261
44,    2577953,     76.0,     79.0,     76.0,    254.0, 12, 12, 12, 11,    2403590,    2403590,    2403590,    2403590
44,    2578028,     78.0,     80.0,     78.0,    248.0, 12, 12, 12,  9,    2403590,    2403605,    2403590,    2403605
44,    2578058,     78.0,     81.0,     79.0,    241.0, 12, 12, 12,  9,    2403611,    2403605,    2403590,    2403611
44,    2578357,     77.0,     71.0,     69.0,    235.0, 12, 12, 12,  6,    1405316,    1405316,    1405316,    1237805
44,    2578365,     77.0,     71.0,     68.0,    254.0, 12, 12, 12, 11,    1405316,    1405316,    1405316,    1405316
44,    2578405,     78.0,     72.0,     69.0,    226.0, 12,  7, 12,  6,    1405316,    1237800,    1405316,    2578405
44,    2578413,     76.0,     68.0,     68.0,    215.0,  7,  7,  7,  6,    1237800,    1237800,    1237800,    2578413
44,    2578429,     73.0,     65.0,     64.0,    205.0,  7,  7,  7,  6,    1237800,    1237800,    1237800,    2578429
44,    2578437,     70.0,     63.0,     62.0,    198.0,  7,  7,  7,  6,    1237800,    1237800,    1237800,    1237800
44,    1363948,     70.0,     71.0,     66.0,    206.0,  9, 12, 12,  9,    1481659,    1405134,    1405134,    1481659
44,    2579380,     69.0,     62.0,     61.0,    194.0,  7,  7,  7,  6,    1237800,    1237800,    1237800,    1237800
44,    2578238,     55.0,     56.0,     56.0,    160.0, 12, 12, 11, 11,    2322944,    2322944,    2322944,    2322944
44,    2578266,     53.0,     52.0,     58.0,    179.0, 12, 12, 12, 10,      80658,      80658,      80658,      80658
44,    2578282,     54.0,     52.0,     57.0,    169.0, 12, 12, 12,  9,      80658,      80658,    2403768,    2403768
44,    2451321,     54.0,     52.0,     56.0,    162.0, 12, 12, 12, 10,      80658,      80658,    2403773,    2403773
45,     709145,     70.0,     71.0,     71.0,    207.0, 12, 10, 12, 10,    1114273,    1114274,    1114273,    1114274
45,     709150,     55.0,     55.0,     55.0,    163.0,  9, 10, 11,  9,    1114275,    1114275,    1114275,    1114275
45,     788745,     55.0,     55.0,     55.0,    161.0,  9, 10, 11,  9,    1148425,    1148425,    1148425,    1148425
45,    1237683,     54.0,     52.0,     50.0,    158.0, 12, 12, 12, 10,    1405105,    1405105,    1405105,    1405105
45,    1237688,     52.0,     54.0,     51.0,    156.0, 12, 10, 12, 11,    1405107,    1405107,    1405107,    1405107
45,    1237698,     53.0,     52.0,     52.0,    157.0,  9, 12, 12,  9,    1405110,    1405110,    1405110,    1405110
45,    2576546,     72.0,     72.0,     71.0,    225.0, 12, 12, 12, 10,    1405148,    1405148,    1405148,    1405148
45,    1546417,     57.0,     58.0,     58.0,    169.0, 12, 12, 12,  9,    1632874,    1632874,    1632874,    1632874
45,    2576569,     73.0,     74.0,     73.0,    217.0, 12, 12, 12,  5,    1405148,    1405148,    1405148,    2576569
45,    2577003,     63.0,     63.0,     63.0,    179.0,  4,  5,  6,  4,    1237785,    1237785,    1237785,    1237785
45,    2577042,     72.0,     72.0,     71.0,    225.0, 12, 12, 12,  9,    1405148,    1405148,    1405148,    1405148
45,    2577063,     72.0,     73.0,     72.0,    226.0, 12, 12, 12, 10,    1405148,    1405148,    1405148,    1405148
45,    1237855,     80.0,     80.0,     80.0,    250.0, 12, 12, 12, 10,    1405169,    1405170,    1405169,    1405170
45,    2451248,     82.0,     82.0,     82.0,    248.0, 12, 12, 12, 11,    1405169,    1405170,    1405170,    1405182
45,    2577220,     83.0,     83.0,     84.0,    247.0, 12, 12, 12, 10,    1405169,    1405170,    1405169,    2322990
45,    2577250,     78.0,     81.0,     80.0,    253.0, 12, 12, 12,  9,    1405186,    1405169,    1405169,    1405186
45,    2577271,     79.0,     82.0,     81.0,    253.0, 12, 12, 12,  9,    1405186,    1405169,    1405169,    2402873
45,    2577281,     79.0,     83.0,     81.0,    246.0, 12, 12, 12, 11,    1405186,    1405169,    2402875,    2402875
45,    2577290,     81.0,     85.0,     83.0,    246.0, 12, 12, 12, 11,    1405186,    1405169,    2402875,    2402877
45,    2577311,     82.0,     85.0,     84.0,    237.0, 12, 12,  6,  6,    1405186,    2402881,    2451546,    2451546
45,    1238008,     50.0,     51.0,     51.0,    157.0, 12, 12, 12,  9,    1405201,    1405201,    1405201,    1405201
45,    1238013,     51.0,     50.0,     52.0,    156.0, 12, 12, 12,  9,    1405202,    1405202,    1405202,    1405202
45,    1238028,     51.0,     52.0,     52.0,    158.0, 12, 12, 12, 10,    1405206,    1405206,    1405206,    1405206
45,    1238038,     50.0,     52.0,     54.0,    158.0, 12, 12, 12,  9,    1405209,    1405209,    1405209,    1405209
45,    1238090,     55.0,     54.0,     54.0,    161.0,  9, 10, 12, 10,    1405233,    1405233,    1405233,    1405233
45,    1238095,     55.0,     55.0,     55.0,    163.0,  9, 12, 12,  9,    1405234,    1405234,    1405234,    1405234
45,    1238100,     54.0,     55.0,     55.0,    165.0, 12, 12, 12,  9,    1405235,    1405235,    1405235,    1405235
45,    1238147,     53.0,     52.0,     54.0,    158.0, 12, 12, 12,  9,    1405246,    1405246,    1405246,    1405246
45,    1238184,     53.0,     56.0,     54.0,    162.0, 12, 10, 12,  9,    1405261,    1405261,    1405261,    1405261
45,    2577953,     75.0,     80.0,     76.0,    251.0, 12, 12, 12, 11,    2403590,    2403590,    2403590,    2403590
45,    2578028,     77.0,     82.0,     78.0,    247.0, 12, 12, 12, 11,    2403590,    2403590,    2403590,    2403605
45,    2578058,     78.0,     82.0,     79.0,    242.0, 12, 12, 12,  9,    2403590,    2403605,    2403590,    2403611
45,    2578357,     76.0,     72.0,     69.0,    234.0, 12, 12, 12,  6,    1405316,    1405316,    1405316,    1237805
45,    2578365,     75.0,     71.0,     69.0,    255.0, 12, 12, 12,  6,    1405316,    1405316,    1405316,    1237805
45,    2578405,     76.0,     72.0,     70.0,    226.0,  7, 12, 12,  6,    1237800,    1405316,    1405316,    2578405
45,    2578413,     73.0,     70.0,     69.0,    216.0,  7,  7,  7,  6,    1237800,    1237800,    1237800,    2578413
45,    2578429,     69.0,     67.0,     66.0,    206.0,  7,  7,  7,  6,    1237800,    1237800,    1237800,    1237800
45,    2578437,     67.0,     65.0,     64.0,    198.0,  7,  7,  7,  6,    1237800,    1237800,    1237800,    2578437
45,    1363948,     70.0,     72.0,     66.0,    206.0, 12, 10, 12,  9,    1481659,    1481659,    1405134,    1481659
45,    2579380,     66.0,     64.0,     63.0,    195.0,  7,  7,  7,  6,    1237800,    1237800,    1237800,    1237800
45,    2578238,     54.0,     56.0,     56.0,    161.0, 12, 12, 11,  9,    2322944,    2322944,    2322944,    2322944
45,    2578266,     55.0,     55.0,     54.0,    173.0, 12, 12, 12, 11,      80658,      80658,      80658,      80658
45,    2578282,     55.0,     55.0,     54.0,    167.0, 12, 12, 12, 11,      80658,      80658,      80658,    2403768
45,    2451321,     55.0,     55.0,     55.0,    163.0, 12, 12, 12,  6,    2403773,    2403768,      80658,    2451321
46,     709145,     68.0,     71.0,     72.0,    207.0, 12, 10, 12, 10,    1114273,    1114274,    1114273,    1114274
46,     709150,     55.0,     55.0,     55.0,    163.0,  9, 10, 11,  9,    1114275,    1114275,    1114275,    1114275
46,     788745,     55.0,     55.0,     55.0,    161.0,  9, 10, 11,  9,    1148425,    1148425,    1148425,    1148425
46,    1237683,     53.0,     52.0,     51.0,    159.0, 12, 12, 12, 10,    1405105,    1405105,    1405105,    1405105
46,    1237688,     52.0,     53.0,     52.0,    156.0, 12, 10, 12, 11,    1405107,    1405107,    1405107,    1405107
46,    1237698,     54.0,     52.0,     52.0,    158.0,  9, 12, 12, 11,    1405110,    1405110,    1405110,    1405110
46,    2576546,     72.0,     75.0,     69.0,    222.0, 12, 12, 12, 11,    1405148,    1405148,    1405148,    1405148
46,    1546417,     57.0,     58.0,     58.0,    169.0, 12, 12, 12,  9,    1632874,    1632874,    1632874,    1632874
46,    2576569,     74.0,     76.0,     70.0,    210.0, 12,  5, 12,  6,    1405148,    1237785,    1405148,    2576569
46,    2577003,     63.0,     62.0,     61.0,    173.0,  4,  5,  6,  6,    1237785,    1237785,    1237785,    1237785
46,    2577042,     72.0,     75.0,     69.0,    222.0, 12, 12, 12, 11,    1405148,    1405148,    1405148,    1405148
46,    2577063,     73.0,     76.0,     69.0,    223.0, 12, 12, 12, 11,    1405148,    1405148,    1405148,    1405148
46,    1237855,     78.0,     81.0,     80.0,    247.0, 12, 12, 12, 11,    1405169,    1405170,    1405170,    1405170
46,    2451248,     80.0,     83.0,     83.0,    246.0, 12, 12, 12, 11,    1405169,    1405170,    1405169,    1405182
46,    2577220,     81.0,     84.0,     84.0,    247.0, 12, 12, 12, 10,    1405169,    1405170,    1405170,    2322990
46,    2577250,     77.0,     83.0,     80.0,    250.0, 12, 12, 12,  9,    1405169,    1405169,    1405169,    1405186
46,    2577271,     77.0,     84.0,     81.0,    250.0, 12, 12, 12,  9,    1405186,    1405169,    1405169,    2402873
46,    2577281,     78.0,     85.0,     81.0,    247.0, 12, 12, 12, 11,    1405186,    1405169,    2402875,    2402875
46,    2577290,     80.0,     87.0,     83.0,    246.0, 12, 12, 12,  9,    1405186,    1405169,    2402875,    2402877
46,    2577311,     81.0,     85.0,     82.0,    232.0, 12, 12,  6,  4,    1405186,    2402881,    2451546,    2451546
46,    1238008,     51.0,     51.0,     51.0,    157.0, 12, 12, 12, 11,    1405201,    1405201,    1405201,    1405201
46,    1238013,     50.0,     51.0,     53.0,    155.0, 12, 12, 11,  9,    1405202,    1405202,    1405202,    1405202
46,    1238028,     52.0,     52.0,     52.0,    157.0, 12, 12, 12, 11,    1405206,    1405206,    1405206,    1405206
46,    1238038,     52.0,     52.0,     53.0,    158.0, 12, 12, 12,  9,    1405209,    1405209,    1405209,    1405209
46,    1238090,     55.0,     54.0,     54.0,    161.0,  9, 10, 12, 10,    1405233,    1405233,    1405233,    1405233
46,    1238095,     55.0,     55.0,     55.0,    164.0, 12, 12, 12,  9,    1405234,    1405234,    1405234,    1405234
46,    1238100,     53.0,     57.0,     55.0,    163.0, 12, 12, 12,  9,    1405235,    1405235,    1405235,    1405235
46,    1238147,     53.0,     52.0,     55.0,    158.0, 12, 12, 11,  9,    1405246,    1405246,    1405246,    1405246
46,    1238184,     54.0,     54.0,     54.0,    161.0, 12, 12, 12,  9,    1405261,    1405261,    1405261,    1405261
46,    2577953,     76.0,     80.0,     76.0,    252.0, 12, 12, 12, 11,    2403590,    2403590,    2403590,    2403590
46,    2578028,     78.0,     81.0,     78.0,    248.0, 12, 12, 12, 11,    2403590,    2403605,    2403590,    2403605
46,    2578058,     78.0,     82.0,     79.0,    240.0, 12, 12, 12,  9,    2403590,    2403590,    2403590,    2403611
46,    2578357,     75.0,     72.0,     71.0,    227.0, 12, 12, 12,  5,    1405316,    1405316,    1405316,    1237805
46,    2578365,     74.0,     71.0,     71.0,    247.0, 12, 12, 12,  5,    1405316,    1405316,    1405316,    2578365
46,    2578405,     75.0,     72.0,     72.0,    219.0,  7, 12, 12,  5,    1237800,    1405316,    1405316,    2578405
46,    2578413,     72.0,     72.0,     71.0,    209.0,  7,  7,  8,  5,    1237800,    1237800,    1237800,    2578413
46,    2578429,     68.0,     68.0,     68.0,    199.0,  7,  7,  8,  5,    1237800,    1237800,    1237800,    2578429
46,    2578437,     66.0,     66.0,     66.0,    192.0,  7,  7,  7,  5,    1237800,    1237800,    1237800,    1237800
46,    1363948,     70.0,     72.0,     68.0,    206.0, 12, 12, 12,  9,    1481659,    1405134,    1405134,    1481659
46,    2579380,     65.0,     65.0,     65.0,    188.0,  7,  7,  7,  5,    1237800,    1237800,    1237800,    1237800
46,    2578238,     55.0,     56.0,     56.0,    160.0, 12, 10,  6,  6,    2322944,    2322944,      44565,      44565
46,    2578266,     52.0,     58.0,     55.0,    170.0, 12, 12, 12,  9,      80658,      80658,      80658,      80658
46,    2578282,     52.0,     56.0,     55.0,    166.0, 12, 12, 12,  6,      80658,    2403768,      80658,    2451321
46,    2451321,     52.0,     57.0,     55.0,    157.0, 12, 12,  6,  6,      80658,    2403768,    2451321,    2451321
47,     709145,     69.0,     72.0,     72.0,    207.0, 12, 10, 12, 10,    1114273,    1114274,    1114273,    1114274
47,     709150,     55.0,     55.0,     55.0,    163.0,  9, 10, 11,  9,    1114275,    1114275,    1114275,    1114275
47,     788745,     55.0,     55.0,     55.0,    161.0,  9, 10, 11, 10,    1148425,    1148425,    1148425,    1148425
47,    1237683,     52.0,     51.0,     52.0,    157.0, 12, 12, 12, 10,    1405105,    1405105,    1405105,    1405105
47,    1237688,     52.0,     52.0,     52.0,    157.0, 12, 12, 12,  9,    1405107,    1405107,    1405107,    1405107
47,    1237698,     54.0,     52.0,     52.0,    158.0,  9, 12, 12, 11,    1405110,    1405110,    1405110,    1405110
47,    2576546,     73.0,     73.0,     70.0,    219.0, 12, 12, 12, 10,    1405148,    1405148,    1405148,    1405148
47,    1546417,     58.0,     58.0,     58.0,    168.0, 12, 12, 12,  9,    1632874,    1632874,    1632874,    1632874
47,    2576569,     74.0,     73.0,     72.0,    206.0,  4,  5,  6,  6,    2576569,    1237785,    2576569,    1237785
47,    2577003,     61.0,     60.0,     59.0,    169.0,  4,  5,  6,  6,    1237785,    1237785,    1237785,    1237785
47,    2577042,     73.0,     73.0,     70.0,    219.0, 12, 12, 12, 10,    1405148,    1405148,    1405148,    1405148
47,    2577063,     73.0,     74.0,     71.0,    220.0, 12, 12, 12, 10,    1405148,    1405148,    1405148,    1405148
47,    1237855,     81.0,     81.0,     80.0,    246.0, 12, 12, 12,  9,    1405169,    1405170,    1405169,    1405170
47,    2451248,     83.0,     83.0,     83.0,    246.0, 12, 12, 12,  9,    1405169,    1405170,    1405169,    1405182
47,    2577220,     84.0,     84.0,     84.0,    246.0, 12, 12, 12,  9,    1405169,    1405170,    1405169,    2322990
47,    2577250,     80.0,     81.0,     80.0,    248.0, 12, 12, 12, 11,    1405169,    1405169,    1405169,    1405186
47,    2577271,     81.0,     82.0,     81.0,    247.0, 12, 12, 12, 11,    1405169,    1405169,    1405169,    2402873
47,    2577281,     81.0,     83.0,     81.0,    245.0, 12, 12, 12, 11,    1405186,    1405169,    2402875,    2402875
47,    2577290,     83.0,     85.0,     84.0,    246.0, 12, 12, 12, 11,    1405186,    1405169,    1405169,    2402877
47,    2577311,     81.0,     82.0,     80.0,    226.0,  4,  5,  6,  6,    2451546,    2451546,    2451546,    2451546
47,    1238008,     51.0,     50.0,     51.0,    157.0, 12, 12, 12,  9,    1405201,    1405201,    1405201,    1405201
47,    1238013,     51.0,     51.0,     52.0,    154.0, 12, 12, 11,  9,    1405202,    1405202,    1405202,    1405202
47,    1238028,     52.0,     52.0,     52.0,    156.0, 12, 12, 12, 10,    1405206,    1405206,    1405206,    1405206
47,    1238038,     52.0,     52.0,     53.0,    157.0, 12, 12, 12, 10,    1405209,    1405209,    1405209,    1405209
47,    1238090,     54.0,     54.0,     54.0,    162.0, 12, 12, 12,  9,    1405233,    1405233,    1405233,    1405233
47,    1238095,     55.0,     55.0,     55.0,    164.0, 12, 12, 12,  9,    1405234,    1405234,    1405234,    1405234
47,    1238100,     54.0,     56.0,     55.0,    163.0, 12, 10, 12,  9,    1405235,    1405235,    1405235,    1405235
47,    1238147,     53.0,     53.0,     54.0,    157.0, 12, 12, 11,  9,    1405246,    1405246,    1405246,    1405246
47,    1238184,     54.0,     55.0,     54.0,    162.0, 12, 10, 12,  9,    1405261,    1405261,    1405261,    1405261
47,    2577953,     76.0,     79.0,     77.0,    246.0, 12, 12, 12, 11,    2403590,    2403590,    2403590,    2403590
47,    2578028,     78.0,     80.0,     79.0,    245.0, 12, 12, 12,  9,    2403590,    2403605,    2403590,    2403605
47,    2578058,     79.0,     81.0,     79.0,    240.0, 12, 12, 12,  9,    2403590,    2403590,    2403590,    2403611
47,    2578357,     76.0,     72.0,     70.0,    218.0, 12, 12, 12,  6,    1405316,    1405316,    1405316,    1237805
47,    2578365,     76.0,     72.0,     70.0,    237.0, 12, 12, 12,  6,    1405316,    1405316,    1405316,    2578365
47,    2578405,     77.0,     73.0,     71.0,    209.0,  4, 12, 12,  6,    2578405,    1405316,    1405316,    2578405
47,    2578413,     73.0,     71.0,     70.0,    199.0,  4,  5,  6,  6,    2578413,    1237800,    1237800,    2578413
47,    2578429,     70.0,     67.0,     67.0,    189.0,  4,  5,  6,  6,    1237800,    1237800,    1237800,    2578429
47,    2578437,     68.0,     65.0,     64.0,    182.0,  4,  5,  6,  6,    1237800,    1237800,    1237800,    1237800
47,    1363948,     70.0,     71.0,     70.0,    207.0, 12, 12, 12,  9,    1481659,    1405134,    1405134,    1481659
47,    2579380,     66.0,     64.0,     63.0,    179.0,  4,  5,  6,  6,    1237800,    1237800,    1237800,    1237800
47,    2578238,     55.0,     56.0,     55.0,    156.0, 12, 12,  6,  6,    2322944,    2322944,      44565,      44565
47,    2578266,     53.0,     57.0,     55.0,    169.0, 12, 12, 12,  9,      80658,      80658,      80658,      80658
47,    2578282,     53.0,     56.0,     56.0,    162.0, 12, 12, 12,  6,      80658,    2403768,      80658,    2578282
47,    2451321,     53.0,     56.0,     54.0,    154.0, 12, 12,  6,  6,      80658,    2403768,    2451321,    2451321
