 F,      BusId,       PA,       PB,       PC,       P3, XA, XB, XC, X3,       id_A,       id_B,       id_C,       id_3
 0,    3744865,     15.0,     16.0,     16.0,     48.0,  9, 10, 11,  9,    2190520,    2190520,    2190520,    2190520
 0,    2573500,     62.0,     60.0,     58.0,    177.0,  9, 10, 11, 11,    1400850,    1400850,    1400850,    1400850
 0,    2509089,     18.0,     18.0,     18.0,     56.0,  9, 10, 11,  9,    2360124,    2360124,    2360124,    2360124
 0,    2580468,     51.0,     51.0,     50.0,    161.0,  9, 10, 11, 11,    2404865,    2404865,    2404865,    2404865
 0,    2580496,     45.0,     45.0,     45.0,    147.0,  1,  2,  3,  1,      46636,      46636,      46636,      46636
 0,    1228701,     46.0,     46.0,     46.0,    145.0,  9, 10, 11,  9,      84659,      84659,      84659,      84659
 0,    1228569,     50.0,     51.0,     50.0,    153.0,  9, 10, 11,  9,    1400921,    1400921,    1400921,    1400921
 0,    1405272,     50.0,     50.0,     50.0,    153.0,  9, 10, 11,  9,    1400921,    1400921,    1400921,    1400921
 0,    1228587,     18.0,     18.0,     18.0,     56.0,  9, 10, 11,  9,    1523603,    1523603,    1523603,    1523603
 0,    1228353,     48.0,     48.0,     49.0,    147.0,  9, 10, 11, 10,    1400872,    1400872,      84680,    1400872
 0,    1404789,     34.0,     34.0,     35.0,    104.0,  9, 10, 11, 10,    2401446,    2401446,    2401446,    2401446
 0,    1404863,     18.0,     18.0,     18.0,     55.0,  9, 10, 11,  9,    1523407,    1523407,    1523407,    1523407
 0,    2509449,     18.0,     18.0,     18.0,     55.0,  9, 10, 11, 10,    2360323,    2360323,    2360323,    2360323
 0,    1228643,     24.0,     24.0,     24.0,     74.0,  9, 10, 11,  9,    1400949,    1400949,    1400949,    1400949
 0,    1228648,     24.0,     24.0,     24.0,     75.0,  9, 10, 11,  9,    1400950,    1400950,    1400950,    1400950
 0,    1120119,     15.0,     16.0,     16.0,     49.0,  9, 10, 11,  9,    2190520,    2190520,    2190520,    2190520
 0,    2529175,     15.0,     16.0,     16.0,     48.0,  9, 10, 11,  9,    2190520,    2190520,    2190520,    2190520
 0,    1228346,     50.0,     50.0,     50.0,    153.0,  9, 10, 11, 10,    1400871,    1400871,    1400871,    1400871
 0,    1228405,     64.0,     64.0,     65.0,    196.0,  9, 10, 11,  9,    1400883,    1400883,    1400883,    1400883
 0,    1228410,     64.0,     64.0,     65.0,    196.0,  9, 10, 11,  9,    1400883,    1400883,    1400883,    1400883
 0,    1228427,     64.0,     64.0,     64.0,    193.0,  9, 10, 11, 11,    1400890,    1400890,    1400890,    1400890
 0,    1228432,     64.0,     64.0,     64.0,    193.0,  9, 10, 11, 11,    1400890,    1400890,    1400890,    1400890
 0,    1228695,     48.0,     48.0,     48.0,    151.0,  9, 10, 11,  9,    1400971,    1400971,    1400971,    1400971
 0,    1228732,     24.0,     24.0,     24.0,     74.0,  9, 10, 11,  9,    1400978,    1400978,    1400978,    1400978
 0,    1324248,     46.0,     46.0,     46.0,    148.0,  9, 10, 11,  9,    1452297,    1452297,    1452297,    1452297
 0,    1405365,     18.0,     18.0,     18.0,     55.0,  9, 10, 11,  9,    1523603,    1523603,    1523603,    1523603
 0,    1405420,     18.0,     18.0,     18.0,     55.0,  9, 10, 11,  9,    1523679,    1523679,    1523679,    1523679
 0,    1404833,     18.0,     18.0,     18.0,     55.0,  9, 10, 11,  9,    1523388,    1523388,    1523388,    1523388
 0,    1425010,     46.0,     47.0,     47.0,    144.0,  9, 10, 11,  9,    1545070,    1545070,    1545070,    1545070
 0,    2236235,     23.0,     23.0,     23.0,     73.0,  9, 10, 11,  9,    2184520,    2184520,    2184520,    2184520
 0,    2247029,     24.0,     24.0,     21.0,     66.0,  9, 10, 11, 11,    2190481,    2190481,    2190481,    2190481
 0,    2247079,     60.0,     59.0,     57.0,    175.0,  9, 10, 11, 11,    1400850,    1400850,    1400850,    1400850
 0,    2247119,     16.0,     17.0,     16.0,     49.0,  9, 10, 11,  9,    2190520,    2190520,    2190520,    2190520
 0,    2247129,     16.0,     17.0,     16.0,     49.0,  9, 10, 11,  9,    2190520,    2190520,    2190520,    2190520
 0,    2328532,     24.0,     24.0,     24.0,     74.0,  9, 10, 11,  9,    2239706,    2239706,    2239706,    2239706
 0,    2575882,     34.0,     34.0,     34.0,    107.0,  9, 10, 11, 10,    2360112,    2360112,    2360112,    2360112
 0,    2575916,     35.0,     34.0,     34.0,    107.0,  9, 10, 11, 10,    2360112,    2360112,    2360112,    2360121
 0,    2509068,     35.0,     34.0,     35.0,    108.0,  9, 10, 11, 10,    2360112,    2360121,    2360112,    2360112
 0,    2509078,     18.0,     18.0,     18.0,     55.0,  9, 10, 11, 10,    2360115,    2360115,    2360115,    2360115
 0,    2576346,     36.0,     35.0,     35.0,    109.0,  9, 10, 11, 10,    2360121,    2360121,    2360121,    2360121
 0,    2509084,     36.0,     36.0,     36.0,    110.0,  9, 10, 11, 10,    2360121,    2360121,    2360121,    2360121
 0,    2509097,     18.0,     18.0,     18.0,     55.0,  9, 10, 11, 10,    2360126,    2360126,    2360126,    2360126
 0,    2703458,     28.0,     28.0,     28.0,     92.0,  1,  2,  3,  2,    2509116,    2509116,    2509116,    2509116
 0,    2703462,     26.0,     26.0,     26.0,     85.0,  1,  2,  3,  1,    2509116,    2509116,    2509116,    2509116
 0,    2509121,     17.0,     17.0,     17.0,     54.0,  9, 10, 11,  9,    2360137,    2360137,    2360137,    2360137
 0,    2509126,     17.0,     17.0,     17.0,     54.0,  9, 10, 11,  9,    2360139,    2360139,    2360139,    2360139
 0,    2509444,     35.0,     35.0,     36.0,    108.0,  9, 10, 11,  9,    1400941,    1400941,    1400941,    1400941
 0,    2577668,     15.0,     16.0,     16.0,     49.0,  9, 10, 11,  9,    2190520,    2190520,    2190520,    2190520
 0,      43461,     15.0,     16.0,     16.0,     48.0,  9, 10, 11,  9,    2190520,    2190520,    2190520,    2190520
 0,      43462,     15.0,     16.0,     16.0,     49.0,  9, 10, 11,  9,    2190520,    2190520,    2190520,    2190520
 0,    2573700,     34.0,     34.0,     35.0,    104.0,  9, 10, 11, 10,    2401446,    2401446,    2401446,    2401446
 0,    1404891,     14.0,     14.0,     14.0,     45.0,  1,  2,  3,  1,    1404891,    1404891,    1404891,    1404891
 0,    2575291,     19.0,     19.0,     19.0,     60.0,  1,  2,  3,  1,    1404891,    1404891,    1404891,    1404891
 0,    1120124,     15.0,     16.0,     16.0,     48.0,  9, 10, 11,  9,    2190520,    2190520,    2190520,    2190520
 0,    2579163,     16.0,     17.0,     16.0,     49.0,  9, 10, 11,  9,    2190520,    2190520,    2190520,    2190520
 0,    2537293,     40.0,     41.0,     40.0,    131.0,  1,  2,  3,  1,      46636,      46636,      46636,      46636
 0,      46636,     17.0,     17.0,     17.0,     55.0,  9, 10, 11,  9,    1400974,    1400974,    1400974,    1400974
 0,    2538890,     24.0,     24.0,     24.0,     73.0,  9, 10, 11, 10,    2382111,    2382111,    2382111,    2382111
 0,    2576401,     32.0,     31.0,     31.0,    101.0,  1,  2,  3,  2,    2509116,    2509116,    2509116,    2509116
 0,    3549327,     24.0,     24.0,     24.0,     74.0,  9, 10, 11, 10,    2798254,    2798254,    2798254,    2798254
 0,    4203471,     36.0,     35.0,     35.0,    109.0,  9, 10, 11, 10,    2360121,    2360121,    2360121,    2360121
 1,    3744865,     15.0,     16.0,     16.0,     46.0,  9, 10, 11,  9,    2190520,    2190520,    2190520,    2190520
 1,    2573500,     61.0,     60.0,     59.0,    179.0,  9, 10, 11, 11,    1400850,    1400850,    1400850,    1400850
 1,    2509089,     18.0,     18.0,     18.0,     56.0,  9, 10, 11,  9,    2360124,    2360124,    2360124,    2360124
 1,    2580468,     51.0,     51.0,     50.0,    160.0,  9, 10, 11, 11,    2404865,    2404865,    2404865,    2404865
 1,    2580496,     46.0,     46.0,     45.0,    146.0,  1,  2,  3,  3,      46636,      46636,      46636,      46636
 1,    1228701,     46.0,     46.0,     46.0,    145.0,  9, 10, 11,  9,      84659,      84659,      84659,      84659
 1,    1228569,     50.0,     51.0,     50.0,    155.0,  9, 10, 11,  9,    1400921,    1400921,    1400921,    1400921
 1,    1405272,     50.0,     50.0,     50.0,    154.0,  9, 10, 11,  9,    1400921,    1400921,    1400921,    1400921
 1,    1228587,     18.0,     18.0,     18.0,     56.0,  9, 10, 11,  9,    1523603,    1523603,    1523603,    1523603
 1,    1228353,     49.0,     49.0,     49.0,    149.0,  9, 10, 11,  9,      84680,      84680,      84680,      84680
 1,    1404789,     34.0,     35.0,     35.0,    106.0,  9, 10, 11,  9,    2401446,    2401446,    2401446,    2401446
 1,    1404863,     18.0,     18.0,     18.0,     55.0,  9, 10, 11,  9,    1523407,    1523407,    1523407,    1523407
 1,    2509449,     18.0,     17.0,     18.0,     53.0,  9, 10, 11, 10,    2360323,    2360323,    2360323,    2360323
 1,    1228643,     24.0,     24.0,     24.0,     74.0,  9, 10, 11,  9,    1400949,    1400949,    1400949,    1400949
 1,    1228648,     24.0,     24.0,     24.0,     75.0,  9, 10, 11,  9,    1400950,    1400950,    1400950,    1400950
 1,    1120119,     15.0,     16.0,     16.0,     46.0,  9, 10, 11,  9,    2190520,    2190520,    2190520,    2190520
 1,    2529175,     15.0,     16.0,     16.0,     46.0,  9, 10, 11,  9,    2190520,    2190520,    2190520,    2190520
 1,    1228346,     50.0,     50.0,     51.0,    153.0,  9, 10, 11, 10,    1400871,    1400871,    1400871,    1400871
 1,    1228405,     64.0,     65.0,     65.0,    196.0,  9, 10, 11,  9,    1400883,    1400883,    1400883,    1400883
 1,    1228410,     64.0,     65.0,     65.0,    196.0,  9, 10, 11,  9,    1400883,    1400883,    1400883,    1400883
 1,    1228427,     65.0,     65.0,     64.0,    195.0,  9, 10, 11, 11,    1400890,    1400890,    1400890,    1400890
 1,    1228432,     65.0,     65.0,     64.0,    195.0,  9, 10, 11, 11,    1400890,    1400890,    1400890,    1400890
 1,    1228695,     48.0,     48.0,     48.0,    151.0,  9, 10, 11,  9,    1400971,    1400971,    1400971,    1400971
 1,    1228732,     24.0,     24.0,     24.0,     74.0,  9, 10, 11,  9,    1400978,    1400978,    1400978,    1400978
 1,    1324248,     46.0,     46.0,     46.0,    148.0,  9, 10, 11,  9,    1452297,    1452297,    1452297,    1452297
 1,    1405365,     18.0,     18.0,     18.0,     55.0,  9, 10, 11,  9,    1523603,    1523603,    1523603,    1523603
 1,    1405420,     18.0,     18.0,     18.0,     55.0,  9, 10, 11,  9,    1523679,    1523679,    1523679,    1523679
 1,    1404833,     18.0,     18.0,     18.0,     55.0,  9, 10, 11,  9,    1523388,    1523388,    1523388,    1523388
 1,    1425010,     47.0,     48.0,     47.0,    148.0,  9, 10, 11,  9,    1545070,    1545070,    1545070,    1545070
 1,    2236235,     23.0,     23.0,     23.0,     72.0,  9, 10, 11, 10,    2184520,    2184520,    2184520,    2184520
 1,    2247029,     24.0,     24.0,     22.0,     67.0,  9, 10, 11, 11,    2190481,    2190481,    2190481,    2190481
 1,    2247079,     60.0,     59.0,     57.0,    177.0,  9, 10, 11, 11,    1400850,    1400850,    1400850,    1400850
 1,    2247119,     15.0,     17.0,     17.0,     47.0,  9, 10, 11,  9,    2190520,    2190520,    2190520,    2190520
 1,    2247129,     15.0,     17.0,     17.0,     47.0,  9, 10, 11,  9,    2190520,    2190520,    2190520,    2190520
 1,    2328532,     24.0,     24.0,     24.0,     74.0,  9, 10, 11,  9,    2239706,    2239706,    2239706,    2239706
 1,    2575882,     34.0,     34.0,     33.0,    104.0,  9, 10, 11, 11,    2360112,    2360112,    2360121,    2360121
 1,    2575916,     35.0,     34.0,     33.0,    105.0,  9, 10, 11, 11,    2360112,    2360112,    2360121,    2360121
 1,    2509068,     35.0,     34.0,     33.0,    105.0,  9, 10, 11, 11,    2360112,    2360112,    2360121,    2360121
 1,    2509078,     18.0,     18.0,     18.0,     55.0,  9, 10, 11, 10,    2360115,    2360115,    2360115,    2360115
 1,    2576346,     36.0,     35.0,     34.0,    106.0,  9, 10, 11, 11,    2360121,    2360121,    2360121,    2360121
 1,    2509084,     36.0,     35.0,     35.0,    107.0,  9, 10, 11, 11,    2360121,    2360121,    2360121,    2360121
 1,    2509097,     18.0,     18.0,     18.0,     55.0,  9, 10, 11, 10,    2360126,    2360126,    2360126,    2360126
 1,    2703458,     29.0,     28.0,     28.0,     91.0,  1,  2,  3,  3,    2509116,    2509116,    2509116,    2509116
 1,    2703462,     26.0,     26.0,     26.0,     84.0,  1,  2,  3,  3,    2509116,    2509116,    2509116,    2509116
 1,    2509121,     17.0,     17.0,     17.0,     54.0,  9, 10, 11,  9,    2360137,    2360137,    2360137,    2360137
 1,    2509126,     17.0,     17.0,     17.0,     54.0,  9, 10, 11,  9,    2360139,    2360139,    2360139,    2360139
 1,    2509444,     35.0,     35.0,     36.0,    109.0,  9, 10, 11, 10,    1400941,    1400941,    1400941,    1400941
 1,    2577668,     15.0,     16.0,     16.0,     46.0,  9, 10, 11,  9,    2190520,    2190520,    2190520,    2190520
 1,      43461,     15.0,     16.0,     16.0,     46.0,  9, 10, 11,  9,    2190520,    2190520,    2190520,    2190520
 1,      43462,     15.0,     16.0,     16.0,     46.0,  9, 10, 11,  9,    2190520,    2190520,    2190520,    2190520
 1,    2573700,     35.0,     35.0,     36.0,    107.0,  9, 10, 11,  9,    2401446,    2401446,    2401446,    2401446
 1,    1404891,     13.0,     14.0,     14.0,     44.0,  1,  2,  3,  1,    1404891,    1404891,    1404891,    1404891
 1,    2575291,     18.0,     19.0,     19.0,     59.0,  1,  2,  3,  1,    1404891,    1404891,    1404891,    1404891
 1,    1120124,     15.0,     16.0,     16.0,     46.0,  9, 10, 11,  9,    2190520,    2190520,    2190520,    2190520
 1,    2579163,     15.0,     17.0,     16.0,     47.0,  9, 10, 11,  9,    2190520,    2190520,    2190520,    2190520
 1,    2537293,     41.0,     41.0,     40.0,    130.0,  1,  2,  3,  3,      46636,      46636,      46636,      46636
 1,      46636,     17.0,     17.0,     17.0,     55.0,  9, 10, 11,  9,    1400974,    1400974,    1400974,    1400974
 1,    2538890,     24.0,     24.0,     24.0,     73.0,  9, 10, 11, 10,    2382111,    2382111,    2382111,    2382111
 1,    2576401,     32.0,     31.0,     31.0,    100.0,  1,  2,  3,  3,    2509116,    2509116,    2509116,    2509116
 1,    3549327,     24.0,     24.0,     24.0,     74.0,  9, 10, 11, 10,    2798254,    2798254,    2798254,    2798254
 1,    4203471,     36.0,     35.0,     34.0,    106.0,  9, 10, 11, 11,    2360121,    2360121,    2360121,    2360121
 2,    3744865,     15.0,     17.0,     16.0,     48.0,  9, 10, 11,  9,    2190520,    2190520,    2190520,    2190520
 2,    2573500,     62.0,     61.0,     59.0,    180.0,  9, 10, 11, 11,    1400850,    1400850,    1400850,    1400850
 2,    2509089,     18.0,     18.0,     18.0,     56.0,  9, 10, 11,  9,    2360124,    2360124,    2360124,    2360124
 2,    2580468,     51.0,     51.0,     51.0,    161.0,  9, 10, 11, 11,    2404865,    2404865,    2404865,    2404865
 2,    2580496,     46.0,     46.0,     46.0,    148.0,  1,  2,  3,  3,      46636,      46636,      46636,      46636
 2,    1228701,     46.0,     46.0,     46.0,    145.0,  9, 10, 11,  9,      84659,      84659,      84659,      84659
 2,    1228569,     50.0,     51.0,     50.0,    155.0,  9, 10, 11,  9,    1400921,    1400921,    1400921,    1400921
 2,    1405272,     50.0,     50.0,     50.0,    154.0,  9, 10, 11,  9,    1400921,    1400921,    1400921,    1400921
 2,    1228587,     18.0,     18.0,     18.0,     56.0,  9, 10, 11,  9,    1523603,    1523603,    1523603,    1523603
 2,    1228353,     49.0,     49.0,     49.0,    149.0,  9, 10, 11,  9,      84680,      84680,      84680,      84680
 2,    1404789,     34.0,     35.0,     36.0,    106.0,  9, 10, 11,  9,    2401446,    2401446,    1523346,    2401446
 2,    1404863,     18.0,     18.0,     18.0,     55.0,  9, 10, 11,  9,    1523407,    1523407,    1523407,    1523407
 2,    2509449,     18.0,     18.0,     18.0,     54.0,  9, 10, 11, 10,    2360323,    2360323,    2360323,    2360323
 2,    1228643,     24.0,     24.0,     24.0,     74.0,  9, 10, 11,  9,    1400949,    1400949,    1400949,    1400949
 2,    1228648,     24.0,     24.0,     24.0,     74.0,  9, 10, 11, 10,    1400950,    1400950,    1400950,    1400950
 2,    1120119,     15.0,     17.0,     16.0,     48.0,  9, 10, 11,  9,    2190520,    2190520,    2190520,    2190520
 2,    2529175,     15.0,     17.0,     16.0,     48.0,  9, 10, 11,  9,    2190520,    2190520,    2190520,    2190520
 2,    1228346,     50.0,     50.0,     51.0,    153.0,  9, 10, 11, 10,    1400871,    1400871,    1400871,    1400871
 2,    1228405,     64.0,     65.0,     65.0,    196.0,  9, 10, 11,  9,    1400883,    1400883,    1400883,    1400883
 2,    1228410,     64.0,     65.0,     65.0,    196.0,  9, 10, 11,  9,    1400883,    1400883,    1400883,    1400883
 2,    1228427,     65.0,     65.0,     65.0,    196.0,  9, 10, 11,  9,    1400890,    1400890,    1400890,    1400890
 2,    1228432,     65.0,     65.0,     65.0,    196.0,  9, 10, 11,  9,    1400890,    1400890,    1400890,    1400890
 2,    1228695,     48.0,     48.0,     48.0,    151.0,  9, 10, 11,  9,    1400971,    1400971,    1400971,    1400971
 2,    1228732,     24.0,     24.0,     24.0,     74.0,  9, 10, 11,  9,    1400978,    1400978,    1400978,    1400978
 2,    1324248,     46.0,     46.0,     46.0,    148.0,  9, 10, 11,  9,    1452297,    1452297,    1452297,    1452297
 2,    1405365,     18.0,     18.0,     18.0,     55.0,  9, 10, 11,  9,    1523603,    1523603,    1523603,    1523603
 2,    1405420,     18.0,     18.0,     18.0,     55.0,  9, 10, 11,  9,    1523679,    1523679,    1523679,    1523679
 2,    1404833,     18.0,     18.0,     18.0,     55.0,  9, 10, 11,  9,    1523388,    1523388,    1523388,    1523388
 2,    1425010,     47.0,     47.0,     47.0,    149.0,  9, 10, 11,  9,    1545070,    1545070,    1545070,    1545070
 2,    2236235,     23.0,     23.0,     23.0,     73.0,  9, 10, 11,  9,    2184520,    2184520,    2184520,    2184520
 2,    2247029,     24.0,     24.0,     22.0,     67.0,  9, 10, 11, 11,    2190481,    2190481,    2190481,    2190481
 2,    2247079,     60.0,     59.0,     57.0,    178.0,  9, 10, 11, 11,    1400850,    1400850,    1400850,    1400850
 2,    2247119,     16.0,     17.0,     16.0,     49.0,  9, 10, 11,  9,    2190520,    2190520,    2190520,    2190520
 2,    2247129,     16.0,     17.0,     16.0,     48.0,  9, 10, 11,  9,    2190520,    2190520,    2190520,    2190520
 2,    2328532,     24.0,     24.0,     24.0,     74.0,  9, 10, 11,  9,    2239706,    2239706,    2239706,    2239706
 2,    2575882,     34.0,     34.0,     34.0,    107.0,  9, 10, 11, 10,    2360112,    2360112,    2360112,    2360112
 2,    2575916,     35.0,     34.0,     34.0,    107.0,  9, 10, 11, 10,    2360112,    2360112,    2360112,    2360121
 2,    2509068,     35.0,     34.0,     34.0,    108.0,  9, 10, 11, 10,    2360112,    2360121,    2360121,    2360112
 2,    2509078,     18.0,     18.0,     18.0,     55.0,  9, 10, 11, 10,    2360115,    2360115,    2360115,    2360115
 2,    2576346,     36.0,     35.0,     35.0,    108.0,  9, 10, 11, 11,    2360121,    2360121,    2360121,    2360121
 2,    2509084,     36.0,     36.0,     35.0,    109.0,  9, 10, 11, 11,    2360121,    2360121,    2360121,    2360121
 2,    2509097,     18.0,     18.0,     18.0,     55.0,  9, 10, 11, 10,    2360126,    2360126,    2360126,    2360126
 2,    2703458,     29.0,     28.0,     28.0,     92.0,  1,  2,  3,  2,    2509116,    2509116,    2509116,    2509116
 2,    2703462,     26.0,     26.0,     26.0,     85.0,  1,  2,  3,  2,    2509116,    2509116,    2509116,    2509116
 2,    2509121,     17.0,     17.0,     17.0,     54.0,  9, 10, 11,  9,    2360137,    2360137,    2360137,    2360137
 2,    2509126,     17.0,     17.0,     17.0,     54.0,  9, 10, 11,  9,    2360139,    2360139,    2360139,    2360139
 2,    2509444,     35.0,     35.0,     36.0,    109.0,  9, 10, 11, 10,    1400941,    1400941,    1400941,    1400941
 2,    2577668,     15.0,     17.0,     16.0,     48.0,  9, 10, 11,  9,    2190520,    2190520,    2190520,    2190520
 2,      43461,     15.0,     17.0,     16.0,     48.0,  9, 10, 11,  9,    2190520,    2190520,    2190520,    2190520
 2,      43462,     15.0,     17.0,     16.0,     48.0,  9, 10, 11,  9,    2190520,    2190520,    2190520,    2190520
 2,    2573700,     35.0,     36.0,     36.0,    106.0,  9, 10, 11,  9,    2401446,    2401446,    2401446,    2401446
 2,    1404891,     13.0,     14.0,     14.0,     42.0,  1,  2,  3,  1,    1404891,    1404891,    1404891,    1404891
 2,    2575291,     18.0,     19.0,     19.0,     57.0,  1,  2,  3,  1,    1404891,    1404891,    1404891,    1404891
 2,    1120124,     15.0,     17.0,     16.0,     48.0,  9, 10, 11,  9,    2190520,    2190520,    2190520,    2190520
 2,    2579163,     15.0,     17.0,     16.0,     48.0,  9, 10, 11,  9,    2190520,    2190520,    2190520,    2190520
 2,    2537293,     41.0,     41.0,     41.0,    132.0,  1,  2,  3,  3,      46636,      46636,      46636,      46636
 2,      46636,     17.0,     17.0,     17.0,     55.0,  9, 10, 11,  9,    1400974,    1400974,    1400974,    1400974
 2,    2538890,     24.0,     24.0,     24.0,     74.0,  9, 10, 11,  9,    2382111,    2382111,    2382111,    2382111
 2,    2576401,     32.0,     31.0,     31.0,    102.0,  1,  2,  3,  2,    2509116,    2509116,    2509116,    2509116
 2,    3549327,     24.0,     24.0,     24.0,     74.0,  9, 10, 11, 10,    2798254,    2798254,    2798254,    2798254
 2,    4203471,     36.0,     35.0,     35.0,    109.0,  9, 10, 11, 10,    2360121,    2360121,    2360121,    2360121
 3,    3744865,     14.0,     17.0,     16.0,     45.0,  9, 10, 11,  9,    2190520,    2190520,    2190520,    2190520
 3,    2573500,     61.0,     61.0,     59.0,    179.0,  9, 10, 11, 11,    1400850,    1400850,    1400850,    1400850
 3,    2509089,     18.0,     18.0,     18.0,     56.0,  9, 10, 11,  9,    2360124,    2360124,    2360124,    2360124
 3,    2580468,     51.0,     51.0,     50.0,    161.0,  9, 10, 11, 11,    2404865,    2404865,    2404865,    2404865
 3,    2580496,     46.0,     46.0,     45.0,    146.0,  1,  2,  3,  3,      46636,      46636,      46636,      46636
 3,    1228701,     46.0,     46.0,     46.0,    145.0,  9, 10, 11,  9,      84659,      84659,      84659,      84659
 3,    1228569,     50.0,     51.0,     50.0,    154.0,  9, 10, 11,  9,    1400921,    1400921,    1400921,    1400921
 3,    1405272,     50.0,     50.0,     50.0,    154.0,  9, 10, 11,  9,    1400921,    1400921,    1400921,    1400921
 3,    1228587,     18.0,     18.0,     18.0,     55.0,  9, 10, 11,  9,    1523603,    1523603,    1523603,    1523603
 3,    1228353,     49.0,     49.0,     49.0,    149.0,  9, 10, 11,  9,      84680,      84680,      84680,      84680
 3,    1404789,     35.0,     36.0,     36.0,    108.0,  9, 10, 11,  9,    1523346,    1523346,    1523346,    2401446
 3,    1404863,     18.0,     18.0,     18.0,     55.0,  9, 10, 11,  9,    1523407,    1523407,    1523407,    1523407
 3,    2509449,     18.0,     18.0,     18.0,     55.0,  9, 10, 11, 10,    2360323,    2360323,    2360323,    2360323
 3,    1228643,     24.0,     24.0,     24.0,     74.0,  9, 10, 11,  9,    1400949,    1400949,    1400949,    1400949
 3,    1228648,     24.0,     24.0,     24.0,     75.0,  9, 10, 11,  9,    1400950,    1400950,    1400950,    1400950
 3,    1120119,     14.0,     17.0,     16.0,     45.0,  9, 10, 11,  9,    2190520,    2190520,    2190520,    2190520
 3,    2529175,     14.0,     17.0,     16.0,     45.0,  9, 10, 11,  9,    2190520,    2190520,    2190520,    2190520
 3,    1228346,     50.0,     50.0,     51.0,    154.0,  9, 10, 11, 10,    1400871,    1400871,    1400871,    1400871
 3,    1228405,     64.0,     65.0,     65.0,    196.0,  9, 10, 11,  9,    1400883,    1400883,    1400883,    1400883
 3,    1228410,     64.0,     65.0,     65.0,    196.0,  9, 10, 11,  9,    1400883,    1400883,    1400883,    1400883
 3,    1228427,     65.0,     65.0,     65.0,    197.0,  9, 10, 11,  9,    1400890,    1400890,    1400890,    1400890
 3,    1228432,     65.0,     65.0,     65.0,    196.0,  9, 10, 11, 11,    1400890,    1400890,    1400890,    1400890
 3,    1228695,     48.0,     48.0,     48.0,    151.0,  9, 10, 11,  9,    1400971,    1400971,    1400971,    1400971
 3,    1228732,     24.0,     24.0,     24.0,     74.0,  9, 10, 11,  9,    1400978,    1400978,    1400978,    1400978
 3,    1324248,     46.0,     46.0,     46.0,    148.0,  9, 10, 11,  9,    1452297,    1452297,    1452297,    1452297
 3,    1405365,     18.0,     18.0,     18.0,     55.0,  9, 10, 11,  9,    1523603,    1523603,    1523603,    1523603
 3,    1405420,     18.0,     18.0,     18.0,     55.0,  9, 10, 11,  9,    1523679,    1523679,    1523679,    1523679
 3,    1404833,     18.0,     18.0,     18.0,     55.0,  9, 10, 11,  9,    1523388,    1523388,    1523388,    1523388
 3,    1425010,     47.0,     48.0,     47.0,    147.0,  9, 10, 11, 11,    1545070,    1545070,    1545070,    1545070
 3,    2236235,     23.0,     23.0,     23.0,     73.0,  9, 10, 11,  9,    2184520,    2184520,    2184520,    2184520
 3,    2247029,     24.0,     24.0,     22.0,     67.0,  9, 10, 11, 11,    2190481,    2190481,    2190481,    2190481
 3,    2247079,     60.0,     59.0,     57.0,    177.0,  9, 10, 11, 11,    1400850,    1400850,    1400850,    1400850
 3,    2247119,     15.0,     17.0,     17.0,     46.0,  9, 10, 11,  9,    2190520,    2190520,    2190520,    2190520
 3,    2247129,     15.0,     17.0,     17.0,     46.0,  9, 10, 11,  9,    2190520,    2190520,    2190520,    2190520
 3,    2328532,     24.0,     24.0,     24.0,     74.0,  9, 10, 11,  9,    2239706,    2239706,    2239706,    2239706
 3,    2575882,     34.0,     34.0,     34.0,    107.0,  9, 10, 11, 10,    2360112,    2360112,    2360112,    2360112
 3,    2575916,     35.0,     34.0,     34.0,    107.0,  9, 10, 11, 10,    2360112,    2360112,    2360121,    2360121
 3,    2509068,     35.0,     34.0,     35.0,    108.0,  9, 10, 11, 10,    2360112,    2360121,    2360112,    2360112
 3,    2509078,     18.0,     18.0,     18.0,     55.0,  9, 10, 11, 10,    2360115,    2360115,    2360115,    2360115
 3,    2576346,     36.0,     35.0,     35.0,    109.0,  9, 10, 11, 10,    2360121,    2360121,    2360121,    2360121
 3,    2509084,     36.0,     36.0,     36.0,    110.0,  9, 10, 11, 10,    2360121,    2360121,    2360121,    2360121
 3,    2509097,     18.0,     18.0,     18.0,     55.0,  9, 10, 11, 10,    2360126,    2360126,    2360126,    2360126
 3,    2703458,     28.0,     28.0,     28.0,     92.0,  1,  2,  3,  2,    2509116,    2509116,    2509116,    2509116
 3,    2703462,     26.0,     26.0,     26.0,     85.0,  1,  2,  3,  2,    2509116,    2509116,    2509116,    2509116
 3,    2509121,     17.0,     17.0,     17.0,     53.0,  9, 10, 11, 10,    2360137,    2360137,    2360137,    2360137
 3,    2509126,     17.0,     17.0,     17.0,     54.0,  9, 10, 11,  9,    2360139,    2360139,    2360139,    2360139
 3,    2509444,     36.0,     35.0,     36.0,    110.0,  9, 10, 11,  9,    1400941,    1400941,    1400941,    1400941
 3,    2577668,     14.0,     17.0,     16.0,     45.0,  9, 10, 11,  9,    2190520,    2190520,    2190520,    2190520
 3,      43461,     14.0,     17.0,     16.0,     45.0,  9, 10, 11,  9,    2190520,    2190520,    2190520,    2190520
 3,      43462,     14.0,     17.0,     16.0,     45.0,  9, 10, 11,  9,    2190520,    2190520,    2190520,    2190520
 3,    2573700,     35.0,     36.0,     36.0,    108.0,  9, 10, 11,  9,    2401446,    2401446,    2401446,    2401446
 3,    1404891,     14.0,     14.0,     14.0,     44.0,  1,  2,  3,  1,    1404891,    1404891,    1404891,    1404891
 3,    2575291,     18.0,     19.0,     19.0,     60.0,  1,  2,  3,  1,    1404891,    1404891,    1404891,    1404891
 3,    1120124,     14.0,     16.0,     16.0,     45.0,  9, 10, 11,  9,    2190520,    2190520,    2190520,    2190520
 3,    2579163,     15.0,     17.0,     16.0,     46.0,  9, 10, 11,  9,    2190520,    2190520,    2190520,    2190520
 3,    2537293,     41.0,     41.0,     40.0,    131.0,  1,  2,  3,  3,      46636,      46636,      46636,      46636
 3,      46636,     17.0,     17.0,     17.0,     55.0,  9, 10, 11,  9,    1400974,    1400974,    1400974,    1400974
 3,    2538890,     24.0,     24.0,     24.0,     73.0,  9, 10, 11, 10,    2382111,    2382111,    2382111,    2382111
 3,    2576401,     32.0,     31.0,     31.0,    101.0,  1,  2,  3,  2,    2509116,    2509116,    2509116,    2509116
 3,    3549327,     24.0,     24.0,     24.0,     74.0,  9, 10, 11, 10,    2798254,    2798254,    2798254,    2798254
 3,    4203471,     36.0,     35.0,     36.0,    109.0,  9, 10, 11, 10,    2360121,    2360121,    2360121,    2360121
 4,    3744865,     14.0,     17.0,     16.0,     45.0,  9, 10, 11,  9,    2190520,    2190520,    2190520,    2190520
 4,    2573500,     61.0,     60.0,     60.0,    184.0,  9, 10, 11, 10,    1400850,    1400850,    1400850,    1400850
 4,    2509089,     18.0,     18.0,     18.0,     56.0,  9, 10, 11,  9,    2360124,    2360124,    2360124,    2360124
 4,    2580468,     51.0,     51.0,     51.0,    162.0,  9, 10, 11, 11,    2404865,    2404865,    2404865,    2404865
 4,    2580496,     47.0,     46.0,     46.0,    149.0,  1,  2,  3,  3,      46636,      46636,      46636,      46636
 4,    1228701,     46.0,     46.0,     46.0,    145.0,  9, 10, 11,  9,      84659,      84659,      84659,      84659
 4,    1228569,     50.0,     51.0,     50.0,    154.0,  9, 10, 11,  9,    1400921,    1400921,    1400921,    1400921
 4,    1405272,     50.0,     50.0,     50.0,    154.0,  9, 10, 11,  9,    1400921,    1400921,    1400921,    1400921
 4,    1228587,     18.0,     18.0,     18.0,     56.0,  9, 10, 11,  9,    1523603,    1523603,    1523603,    1523603
 4,    1228353,     49.0,     49.0,     49.0,    149.0,  9, 10, 11,  9,      84680,      84680,      84680,      84680
 4,    1404789,     35.0,     36.0,     36.0,    109.0,  9, 10, 11,  9,    2401446,    1523346,    1523346,    2401446
 4,    1404863,     18.0,     18.0,     18.0,     55.0,  9, 10, 11,  9,    1523407,    1523407,    1523407,    1523407
 4,    2509449,     18.0,     18.0,     18.0,     55.0,  9, 10, 11, 10,    2360323,    2360323,    2360323,    2360323
 4,    1228643,     24.0,     24.0,     24.0,     74.0,  9, 10, 11,  9,    1400949,    1400949,    1400949,    1400949
 4,    1228648,     24.0,     24.0,     24.0,     74.0,  9, 10, 11, 10,    1400950,    1400950,    1400950,    1400950
 4,    1120119,     14.0,     17.0,     17.0,     45.0,  9, 10, 11,  9,    2190520,    2190520,    2190520,    2190520
 4,    2529175,     14.0,     17.0,     17.0,     45.0,  9, 10, 11,  9,    2190520,    2190520,    2190520,    2190520
 4,    1228346,     51.0,     50.0,     51.0,    153.0,  9, 10, 11, 10,    1400871,    1400871,    1400871,    1400871
 4,    1228405,     64.0,     65.0,     65.0,    196.0,  9, 10, 11,  9,    1400883,    1400883,    1400883,    1400883
 4,    1228410,     64.0,     65.0,     65.0,    196.0,  9, 10, 11,  9,    1400883,    1400883,    1400883,    1400883
 4,    1228427,     65.0,     65.0,     65.0,    197.0,  9, 10, 11,  9,    1400890,    1400890,    1400890,    1400890
 4,    1228432,     65.0,     65.0,     65.0,    196.0,  9, 10, 11, 11,    1400890,    1400890,    1400890,    1400890
 4,    1228695,     48.0,     48.0,     48.0,    151.0,  9, 10, 11,  9,    1400971,    1400971,    1400971,    1400971
 4,    1228732,     24.0,     24.0,     24.0,     74.0,  9, 10, 11,  9,    1400978,    1400978,    1400978,    1400978
 4,    1324248,     46.0,     46.0,     46.0,    148.0,  9, 10, 11,  9,    1452297,    1452297,    1452297,    1452297
 4,    1405365,     18.0,     18.0,     18.0,     55.0,  9, 10, 11,  9,    1523603,    1523603,    1523603,    1523603
 4,    1405420,     18.0,     18.0,     18.0,     55.0,  9, 10, 11,  9,    1523679,    1523679,    1523679,    1523679
 4,    1404833,     18.0,     18.0,     18.0,     55.0,  9, 10, 11,  9,    1523388,    1523388,    1523388,    1523388
 4,    1425010,     47.0,     48.0,     47.0,    149.0,  9, 10, 11,  9,    1545070,    1545070,    1545070,    1545070
 4,    2236235,     23.0,     23.0,     23.0,     72.0,  9, 10, 11, 10,    2184520,    2184520,    2184520,    2184520
 4,    2247029,     24.0,     24.0,     23.0,     71.0,  9, 10, 11, 11,    2190481,    2190481,    2190481,    2190481
 4,    2247079,     60.0,     59.0,     59.0,    182.0,  9, 10, 11, 10,    1400850,    1400850,    1400850,    1400850
 4,    2247119,     15.0,     17.0,     17.0,     46.0,  9, 10, 11,  9,    2190520,    2190520,    2190520,    2190520
 4,    2247129,     15.0,     17.0,     17.0,     45.0,  9, 10, 11,  9,    2190520,    2190520,    2190520,    2190520
 4,    2328532,     24.0,     24.0,     24.0,     74.0,  9, 10, 11,  9,    2239706,    2239706,    2239706,    2239706
 4,    2575882,     34.0,     34.0,     34.0,    106.0,  9, 10, 11, 10,    2360112,    2360112,    2360112,    2360121
 4,    2575916,     35.0,     34.0,     34.0,    107.0,  9, 10, 11, 10,    2360112,    2360112,    2360121,    2360121
 4,    2509068,     35.0,     34.0,     35.0,    107.0,  9, 10, 11, 10,    2360112,    2360112,    2360112,    2360121
 4,    2509078,     18.0,     18.0,     18.0,     55.0,  9, 10, 11, 10,    2360115,    2360115,    2360115,    2360115
 4,    2576346,     36.0,     35.0,     35.0,    108.0,  9, 10, 11, 10,    2360121,    2360121,    2360121,    2360121
 4,    2509084,     36.0,     35.0,     36.0,    109.0,  9, 10, 11, 10,    2360121,    2360121,    2360121,    2360121
 4,    2509097,     18.0,     18.0,     18.0,     55.0,  9, 10, 11, 10,    2360126,    2360126,    2360126,    2360126
 4,    2703458,     29.0,     28.0,     28.0,     91.0,  1,  2,  3,  2,    2509116,    2509116,    2509116,    2509116
 4,    2703462,     26.0,     26.0,     26.0,     84.0,  1,  2,  3,  2,    2509116,    2509116,    2509116,    2509116
 4,    2509121,     17.0,     17.0,     17.0,     53.0,  9, 10, 11, 10,    2360137,    2360137,    2360137,    2360137
 4,    2509126,     17.0,     17.0,     17.0,     54.0,  9, 10, 11,  9,    2360139,    2360139,    2360139,    2360139
 4,    2509444,     36.0,     35.0,     36.0,    110.0,  9, 10, 11,  9,    1400941,    1400941,    1400941,    1400941
 4,    2577668,     14.0,     17.0,     17.0,     45.0,  9, 10, 11,  9,    2190520,    2190520,    2190520,    2190520
 4,      43461,     14.0,     17.0,     16.0,     45.0,  9, 10, 11,  9,    2190520,    2190520,    2190520,    2190520
 4,      43462,     14.0,     17.0,     17.0,     45.0,  9, 10, 11,  9,    2190520,    2190520,    2190520,    2190520
 4,    2573700,     36.0,     36.0,     36.0,    109.0,  9, 10, 11,  9,    2401446,    2401446,    2401446,    2401446
 4,    1404891,     14.0,     14.0,     14.0,     45.0,  1,  2,  3,  1,    1404891,    1404891,    1404891,    1404891
 4,    2575291,     19.0,     19.0,     19.0,     61.0,  1,  2,  3,  1,    1404891,    1404891,    1404891,    1404891
 4,    1120124,     14.0,     17.0,     16.0,     45.0,  9, 10, 11,  9,    2190520,    2190520,    2190520,    2190520
 4,    2579163,     14.0,     17.0,     17.0,     45.0,  9, 10, 11,  9,    2190520,    2190520,    2190520,    2190520
 4,    2537293,     42.0,     41.0,     41.0,    133.0,  1,  2,  3,  3,      46636,      46636,      46636,      46636
 4,      46636,     17.0,     17.0,     17.0,     55.0,  9, 10, 11,  9,    1400974,    1400974,    1400974,    1400974
 4,    2538890,     24.0,     24.0,     24.0,     73.0,  9, 10, 11, 10,    2382111,    2382111,    2382111,    2382111
 4,    2576401,     32.0,     31.0,     31.0,    101.0,  1,  2,  3,  2,    2509116,    2509116,    2509116,    2509116
 4,    3549327,     24.0,     24.0,     24.0,     74.0,  9, 10, 11, 10,    2798254,    2798254,    2798254,    2798254
 4,    4203471,     36.0,     35.0,     35.0,    109.0,  9, 10, 11, 10,    2360121,    2360121,    2360121,    2360121
 5,    3744865,     15.0,     16.0,     16.0,     49.0,  9, 10, 11,  9,    2190520,    2190520,    2190520,    2190520
 5,    2573500,     62.0,     60.0,     60.0,    182.0,  9, 10, 11, 10,    1400850,    1400850,    1400850,    1400850
 5,    2509089,     18.0,     18.0,     18.0,     56.0,  9, 10, 11,  9,    2360124,    2360124,    2360124,    2360124
 5,    2580468,     51.0,     51.0,     51.0,    162.0,  9, 10, 11, 11,    2404865,    2404865,    2404865,    2404865
 5,    2580496,     46.0,     46.0,     46.0,    150.0,  1,  2,  3,  3,      46636,      46636,      46636,      46636
 5,    1228701,     46.0,     46.0,     46.0,    145.0,  9, 10, 11,  9,      84659,      84659,      84659,      84659
 5,    1228569,     50.0,     51.0,     50.0,    155.0,  9, 10, 11,  9,    1400921,    1400921,    1400921,    1400921
 5,    1405272,     50.0,     50.0,     50.0,    155.0,  9, 10, 11,  9,    1400921,    1400921,    1400921,    1400921
 5,    1228587,     18.0,     18.0,     18.0,     56.0,  9, 10, 11,  9,    1523603,    1523603,    1523603,    1523603
 5,    1228353,     49.0,     49.0,     49.0,    149.0,  9, 10, 11,  9,      84680,      84680,      84680,      84680
 5,    1404789,     35.0,     36.0,     36.0,    109.0,  9, 10, 11,  9,    2401446,    1523346,    1523346,    2401446
 5,    1404863,     18.0,     18.0,     18.0,     55.0,  9, 10, 11,  9,    1523407,    1523407,    1523407,    1523407
 5,    2509449,     18.0,     18.0,     18.0,     55.0,  9, 10, 11, 10,    2360323,    2360323,    2360323,    2360323
 5,    1228643,     24.0,     24.0,     24.0,     74.0,  9, 10, 11,  9,    1400949,    1400949,    1400949,    1400949
 5,    1228648,     24.0,     24.0,     24.0,     74.0,  9, 10, 11, 10,    1400950,    1400950,    1400950,    1400950
 5,    1120119,     15.0,     16.0,     16.0,     49.0,  9, 10, 11,  9,    2190520,    2190520,    2190520,    2190520
 5,    2529175,     15.0,     16.0,     16.0,     49.0,  9, 10, 11,  9,    2190520,    2190520,    2190520,    2190520
 5,    1228346,     51.0,     50.0,     51.0,    154.0,  9, 10, 11, 10,    1400871,    1400871,    1400871,    1400871
 5,    1228405,     65.0,     65.0,     65.0,    196.0,  9, 10, 11,  9,    1400883,    1400883,    1400883,    1400883
 5,    1228410,     65.0,     65.0,     65.0,    196.0,  9, 10, 11,  9,    1400883,    1400883,    1400883,    1400883
 5,    1228427,     65.0,     65.0,     65.0,    197.0,  9, 10, 11,  9,    1400890,    1400890,    1400890,    1400890
 5,    1228432,     65.0,     65.0,     65.0,    197.0,  9, 10, 11,  9,    1400890,    1400890,    1400890,    1400890
 5,    1228695,     48.0,     48.0,     48.0,    151.0,  9, 10, 11,  9,    1400971,    1400971,    1400971,    1400971
 5,    1228732,     24.0,     24.0,     24.0,     74.0,  9, 10, 11,  9,    1400978,    1400978,    1400978,    1400978
 5,    1324248,     46.0,     47.0,     47.0,    148.0,  9, 10, 11,  9,    1452297,    1452297,    1452297,    1452297
 5,    1405365,     18.0,     18.0,     18.0,     55.0,  9, 10, 11,  9,    1523603,    1523603,    1523603,    1523603
 5,    1405420,     18.0,     18.0,     18.0,     55.0,  9, 10, 11,  9,    1523679,    1523679,    1523679,    1523679
 5,    1404833,     18.0,     18.0,     18.0,     55.0,  9, 10, 11,  9,    1523388,    1523388,    1523388,    1523388
 5,    1425010,     47.0,     48.0,     47.0,    149.0,  9, 10, 11,  9,    1545070,    1545070,    1545070,    1545070
 5,    2236235,     23.0,     23.0,     23.0,     73.0,  9, 10, 11,  9,    2184520,    2184520,    2184520,    2184520
 5,    2247029,     24.0,     24.0,     23.0,     70.0,  9, 10, 11, 11,    2190481,    2190481,    2190481,    2190481
 5,    2247079,     61.0,     58.0,     59.0,    180.0,  9, 10, 11, 10,    1400850,    1400850,    1400850,    1400850
 5,    2247119,     16.0,     17.0,     17.0,     49.0,  9, 10, 11,  9,    2190520,    2190520,    2190520,    2190520
 5,    2247129,     16.0,     17.0,     17.0,     49.0,  9, 10, 11,  9,    2190520,    2190520,    2190520,    2190520
 5,    2328532,     24.0,     24.0,     24.0,     74.0,  9, 10, 11,  9,    2239706,    2239706,    2239706,    2239706
 5,    2575882,     34.0,     34.0,     34.0,    107.0,  9, 10, 11, 10,    2360112,    2360112,    2360112,    2360112
 5,    2575916,     35.0,     34.0,     34.0,    107.0,  9, 10, 11, 10,    2360112,    2360112,    2360112,    2360121
 5,    2509068,     35.0,     34.0,     35.0,    108.0,  9, 10, 11, 10,    2360112,    2360121,    2360112,    2360121
 5,    2509078,     18.0,     18.0,     18.0,     55.0,  9, 10, 11, 10,    2360115,    2360115,    2360115,    2360115
 5,    2576346,     36.0,     35.0,     35.0,    109.0,  9, 10, 11, 10,    2360121,    2360121,    2360121,    2360121
 5,    2509084,     36.0,     36.0,     36.0,    110.0,  9, 10, 11, 10,    2360121,    2360121,    2360121,    2360121
 5,    2509097,     18.0,     18.0,     18.0,     55.0,  9, 10, 11, 10,    2360126,    2360126,    2360126,    2360126
 5,    2703458,     29.0,     28.0,     28.0,     92.0,  1,  2,  3,  2,    2509116,    2509116,    2509116,    2509116
 5,    2703462,     26.0,     26.0,     26.0,     85.0,  1,  2,  3,  2,    2509116,    2509116,    2509116,    2509116
 5,    2509121,     17.0,     17.0,     17.0,     54.0,  9, 10, 11,  9,    2360137,    2360137,    2360137,    2360137
 5,    2509126,     17.0,     17.0,     17.0,     54.0,  9, 10, 11,  9,    2360139,    2360139,    2360139,    2360139
 5,    2509444,     35.0,     35.0,     36.0,    110.0,  9, 10, 11,  9,    1400941,    1400941,    1400941,    1400941
 5,    2577668,     15.0,     16.0,     16.0,     49.0,  9, 10, 11,  9,    2190520,    2190520,    2190520,    2190520
 5,      43461,     15.0,     16.0,     16.0,     48.0,  9, 10, 11,  9,    2190520,    2190520,    2190520,    2190520
 5,      43462,     15.0,     16.0,     16.0,     49.0,  9, 10, 11,  9,    2190520,    2190520,    2190520,    2190520
 5,    2573700,     36.0,     36.0,     36.0,    110.0,  9, 10, 11,  9,    2401446,    2401446,    2401446,    2401446
 5,    1404891,     14.0,     14.0,     14.0,     45.0,  1,  2,  3,  1,    1404891,    1404891,    1404891,    1404891
 5,    2575291,     19.0,     19.0,     19.0,     61.0,  1,  2,  3,  1,    1404891,    1404891,    1404891,    1404891
 5,    1120124,     15.0,     16.0,     16.0,     48.0,  9, 10, 11,  9,    2190520,    2190520,    2190520,    2190520
 5,    2579163,     16.0,     17.0,     17.0,     49.0,  9, 10, 11,  9,    2190520,    2190520,    2190520,    2190520
 5,    2537293,     41.0,     41.0,     41.0,    134.0,  1,  2,  3,  2,      46636,      46636,      46636,      46636
 5,      46636,     17.0,     17.0,     17.0,     55.0,  9, 10, 11,  9,    1400974,    1400974,    1400974,    1400974
 5,    2538890,     24.0,     24.0,     24.0,     73.0,  9, 10, 11, 10,    2382111,    2382111,    2382111,    2382111
 5,    2576401,     32.0,     31.0,     31.0,    101.0,  1,  2,  3,  2,    2509116,    2509116,    2509116,    2509121
 5,    3549327,     24.0,     24.0,     24.0,     74.0,  9, 10, 11, 10,    2798254,    2798254,    2798254,    2798254
 5,    4203471,     36.0,     35.0,     35.0,    109.0,  9, 10, 11, 10,    2360121,    2360121,    2360121,    2360121
 6,    3744865,     16.0,     16.0,     16.0,     49.0,  9, 10, 11,  9,    2190520,    2190520,    2190520,    2190520
 6,    2573500,     63.0,     59.0,     60.0,    179.0,  9, 10, 11, 10,    1400850,    1400850,    1400850,    1400850
 6,    2509089,     18.0,     18.0,     18.0,     56.0,  9, 10, 11,  9,    2360124,    2360124,    2360124,    2360124
 6,    2580468,     51.0,     51.0,     51.0,    162.0,  9, 10, 11, 11,    2404865,    2404865,    2404865,    2404865
 6,    2580496,     46.0,     47.0,     46.0,    149.0,  1,  2,  3,  3,      46636,      46636,      46636,      46636
 6,    1228701,     46.0,     46.0,     46.0,    145.0,  9, 10, 11,  9,      84659,      84659,      84659,      84659
 6,    1228569,     50.0,     51.0,     50.0,    155.0,  9, 10, 11,  9,    1400921,    1400921,    1400921,    1400921
 6,    1405272,     50.0,     50.0,     50.0,    154.0,  9, 10, 11,  9,    1400921,    1400921,    1400921,    1400921
 6,    1228587,     18.0,     18.0,     18.0,     55.0,  9, 10, 11,  9,    1523603,    1523603,    1523603,    1523603
 6,    1228353,     49.0,     49.0,     49.0,    149.0,  9, 10, 11,  9,      84680,      84680,      84680,      84680
 6,    1404789,     35.0,     35.0,     36.0,    108.0,  9, 10, 11,  9,    2401446,    2401446,    1523346,    2401446
 6,    1404863,     18.0,     18.0,     18.0,     55.0,  9, 10, 11,  9,    1523407,    1523407,    1523407,    1523407
 6,    2509449,     18.0,     18.0,     18.0,     55.0,  9, 10, 11, 10,    2360323,    2360323,    2360323,    2360323
 6,    1228643,     24.0,     24.0,     24.0,     74.0,  9, 10, 11,  9,    1400949,    1400949,    1400949,    1400949
 6,    1228648,     24.0,     24.0,     24.0,     75.0,  9, 10, 11,  9,    1400950,    1400950,    1400950,    1400950
 6,    1120119,     16.0,     16.0,     16.0,     49.0,  9, 10, 11,  9,    2190520,    2190520,    2190520,    2190520
 6,    2529175,     16.0,     16.0,     16.0,     49.0,  9, 10, 11,  9,    2190520,    2190520,    2190520,    2190520
 6,    1228346,     51.0,     50.0,     51.0,    153.0,  9, 10, 11, 10,    1400871,    1400871,    1400871,    1400871
 6,    1228405,     64.0,     64.0,     65.0,    195.0,  9, 10, 11, 10,    1400883,    1400883,    1400883,    1400883
 6,    1228410,     64.0,     64.0,     65.0,    195.0,  9, 10, 11, 10,    1400883,    1400883,    1400883,    1400883
 6,    1228427,     65.0,     65.0,     65.0,    196.0,  9, 10, 11,  9,    1400890,    1400890,    1400890,    1400890
 6,    1228432,     65.0,     65.0,     65.0,    196.0,  9, 10, 11,  9,    1400890,    1400890,    1400890,    1400890
 6,    1228695,     48.0,     48.0,     48.0,    151.0,  9, 10, 11,  9,    1400971,    1400971,    1400971,    1400971
 6,    1228732,     24.0,     24.0,     24.0,     74.0,  9, 10, 11,  9,    1400978,    1400978,    1400978,    1400978
 6,    1324248,     46.0,     47.0,     46.0,    148.0,  9, 10, 11,  9,    1452297,    1452297,    1452297,    1452297
 6,    1405365,     18.0,     18.0,     18.0,     55.0,  9, 10, 11,  9,    1523603,    1523603,    1523603,    1523603
 6,    1405420,     18.0,     18.0,     18.0,     55.0,  9, 10, 11,  9,    1523679,    1523679,    1523679,    1523679
 6,    1404833,     18.0,     18.0,     18.0,     55.0,  9, 10, 11,  9,    1523388,    1523388,    1523388,    1523388
 6,    1425010,     47.0,     48.0,     47.0,    149.0,  9, 10, 11,  9,    1545070,    1545070,    1545070,    1545070
 6,    2236235,     23.0,     23.0,     23.0,     73.0,  9, 10, 11,  9,    2184520,    2184520,    2184520,    2184520
 6,    2247029,     24.0,     24.0,     23.0,     71.0,  9, 10, 11, 11,    2190481,    2190481,    2190481,    2190481
 6,    2247079,     61.0,     57.0,     59.0,    177.0,  9, 10, 11, 10,    1400850,    1400850,    1400850,    1400850
 6,    2247119,     16.0,     17.0,     17.0,     50.0,  9, 10, 11,  9,    2190520,    2190520,    2190520,    2190520
 6,    2247129,     16.0,     17.0,     17.0,     50.0,  9, 10, 11,  9,    2190520,    2190520,    2190520,    2190520
 6,    2328532,     24.0,     24.0,     24.0,     74.0,  9, 10, 11,  9,    2239706,    2239706,    2239706,    2239706
 6,    2575882,     34.0,     34.0,     34.0,    107.0,  9, 10, 11, 10,    2360112,    2360112,    2360112,    2360121
 6,    2575916,     35.0,     34.0,     34.0,    107.0,  9, 10, 11, 10,    2360112,    2360112,    2360121,    2360121
 6,    2509068,     35.0,     34.0,     35.0,    108.0,  9, 10, 11, 10,    2360112,    2360121,    2360112,    2360121
 6,    2509078,     18.0,     18.0,     18.0,     55.0,  9, 10, 11, 10,    2360115,    2360115,    2360115,    2360115
 6,    2576346,     36.0,     35.0,     35.0,    109.0,  9, 10, 11, 10,    2360121,    2360121,    2360121,    2360121
 6,    2509084,     36.0,     36.0,     36.0,    110.0,  9, 10, 11, 10,    2360121,    2360121,    2360121,    2360121
 6,    2509097,     18.0,     18.0,     18.0,     55.0,  9, 10, 11, 10,    2360126,    2360126,    2360126,    2360126
 6,    2703458,     29.0,     28.0,     28.0,     92.0,  1,  2,  3,  2,    2509116,    2509116,    2509116,    2509116
 6,    2703462,     26.0,     26.0,     26.0,     85.0,  1,  2,  3,  2,    2509116,    2509116,    2509116,    2509116
 6,    2509121,     17.0,     17.0,     17.0,     54.0,  9, 10, 11,  9,    2360137,    2360137,    2360137,    2360137
 6,    2509126,     17.0,     17.0,     17.0,     54.0,  9, 10, 11,  9,    2360139,    2360139,    2360139,    2360139
 6,    2509444,     35.0,     35.0,     36.0,    110.0,  9, 10, 11,  9,    1400941,    1400941,    1400941,    1400941
 6,    2577668,     16.0,     16.0,     16.0,     49.0,  9, 10, 11,  9,    2190520,    2190520,    2190520,    2190520
 6,      43461,     16.0,     16.0,     16.0,     49.0,  9, 10, 11,  9,    2190520,    2190520,    2190520,    2190520
 6,      43462,     16.0,     16.0,     16.0,     49.0,  9, 10, 11,  9,    2190520,    2190520,    2190520,    2190520
 6,    2573700,     36.0,     36.0,     36.0,    109.0,  9, 10, 11,  9,    2401446,    2401446,    2401446,    2401446
 6,    1404891,     14.0,     14.0,     14.0,     45.0,  1,  2,  3,  1,    1404891,    1404891,    1404891,    1404891
 6,    2575291,     19.0,     19.0,     19.0,     61.0,  1,  2,  3,  1,    1404891,    1404891,    1404891,    1404891
 6,    1120124,     16.0,     16.0,     16.0,     49.0,  9, 10, 11,  9,    2190520,    2190520,    2190520,    2190520
 6,    2579163,     16.0,     17.0,     17.0,     50.0,  9, 10, 11,  9,    2190520,    2190520,    2190520,    2190520
 6,    2537293,     41.0,     42.0,     41.0,    133.0,  1,  2,  3,  3,      46636,      46636,      46636,      46636
 6,      46636,     17.0,     17.0,     17.0,     55.0,  9, 10, 11,  9,    1400974,    1400974,    1400974,    1400974
 6,    2538890,     24.0,     24.0,     24.0,     73.0,  9, 10, 11, 10,    2382111,    2382111,    2382111,    2382111
 6,    2576401,     32.0,     31.0,     32.0,    102.0,  1,  2,  3,  2,    2509116,    2509116,    2509116,    2509116
 6,    3549327,     24.0,     24.0,     24.0,     74.0,  9, 10, 11, 10,    2798254,    2798254,    2798254,    2798254
 6,    4203471,     36.0,     35.0,     36.0,    109.0,  9, 10, 11, 10,    2360121,    2360121,    2360121,    2360121
 7,    3744865,     14.0,     16.0,     16.0,     45.0,  9, 10, 11,  9,    2190520,    2190520,    2190520,    2190520
 7,    2573500,     61.0,     59.0,     60.0,    181.0,  9, 10, 11, 10,    1400850,    1400850,    1400850,    1400850
 7,    2509089,     18.0,     18.0,     18.0,     56.0,  9, 10, 11,  9,    2360124,    2360124,    2360124,    2360124
 7,    2580468,     51.0,     51.0,     50.0,    158.0,  9, 10, 11, 11,    2404865,    2404865,    2404865,    2404865
 7,    2580496,     47.0,     46.0,     44.0,    144.0,  1,  2,  3,  3,      46636,      46636,      46636,      46636
 7,    1228701,     46.0,     46.0,     46.0,    145.0,  9, 10, 11,  9,      84659,      84659,      84659,      84659
 7,    1228569,     50.0,     51.0,     50.0,    153.0,  9, 10, 11,  9,    1400921,    1400921,    1400921,    1400921
 7,    1405272,     50.0,     50.0,     50.0,    153.0,  9, 10, 11,  9,    1400921,    1400921,    1400921,    1400921
 7,    1228587,     18.0,     18.0,     18.0,     55.0,  9, 10, 11,  9,    1523603,    1523603,    1523603,    1523603
 7,    1228353,     49.0,     49.0,     49.0,    149.0,  9, 10, 11,  9,      84680,      84680,      84680,      84680
 7,    1404789,     35.0,     36.0,     36.0,    109.0,  9, 10, 11,  9,    2401446,    1523346,    1523346,    2401446
 7,    1404863,     18.0,     18.0,     18.0,     55.0,  9, 10, 11,  9,    1523407,    1523407,    1523407,    1523407
 7,    2509449,     18.0,     18.0,     18.0,     55.0,  9, 10, 11, 10,    2360323,    2360323,    2360323,    2360323
 7,    1228643,     24.0,     24.0,     24.0,     74.0,  9, 10, 11,  9,    1400949,    1400949,    1400949,    1400949
 7,    1228648,     24.0,     24.0,     24.0,     75.0,  9, 10, 11,  9,    1400950,    1400950,    1400950,    1400950
 7,    1120119,     14.0,     16.0,     16.0,     45.0,  9, 10, 11,  9,    2190520,    2190520,    2190520,    2190520
 7,    2529175,     14.0,     16.0,     16.0,     45.0,  9, 10, 11,  9,    2190520,    2190520,    2190520,    2190520
 7,    1228346,     51.0,     48.0,     51.0,    148.0,  9, 10, 11, 10,    1400871,    1400871,    1400871,    1400871
 7,    1228405,     64.0,     65.0,     65.0,    196.0,  9, 10, 11,  9,    1400883,    1400883,    1400883,    1400883
 7,    1228410,     64.0,     65.0,     65.0,    196.0,  9, 10, 11,  9,    1400883,    1400883,    1400883,    1400883
 7,    1228427,     65.0,     65.0,     65.0,    196.0,  9, 10, 11, 11,    1400890,    1400890,    1400890,    1400890
 7,    1228432,     65.0,     65.0,     65.0,    196.0,  9, 10, 11, 11,    1400890,    1400890,    1400890,    1400890
 7,    1228695,     48.0,     48.0,     48.0,    150.0,  9, 10, 11, 11,    1400971,    1400971,    1400971,    1400971
 7,    1228732,     24.0,     24.0,     24.0,     74.0,  9, 10, 11,  9,    1400978,    1400978,    1400978,    1400978
 7,    1324248,     46.0,     46.0,     46.0,    147.0,  9, 10, 11, 11,    1452297,    1452297,    1452297,    1452297
 7,    1405365,     18.0,     18.0,     18.0,     55.0,  9, 10, 11,  9,    1523603,    1523603,    1523603,    1523603
 7,    1405420,     18.0,     18.0,     18.0,     55.0,  9, 10, 11,  9,    1523679,    1523679,    1523679,    1523679
 7,    1404833,     18.0,     18.0,     18.0,     55.0,  9, 10, 11,  9,    1523388,    1523388,    1523388,    1523388
 7,    1425010,     47.0,     47.0,     47.0,    148.0,  9, 10, 11, 11,    1545070,    1545070,    1545070,    1545070
 7,    2236235,     23.0,     23.0,     23.0,     72.0,  9, 10, 11, 10,    2184520,    2184520,    2184520,    2184520
 7,    2247029,     24.0,     24.0,     23.0,     71.0,  9, 10, 11, 11,    2190481,    2190481,    2190481,    2190481
 7,    2247079,     60.0,     58.0,     59.0,    179.0,  9, 10, 11, 10,    1400850,    1400850,    1400850,    1400850
 7,    2247119,     15.0,     17.0,     17.0,     46.0,  9, 10, 11,  9,    2190520,    2190520,    2190520,    2190520
 7,    2247129,     15.0,     16.0,     16.0,     46.0,  9, 10, 11,  9,    2190520,    2190520,    2190520,    2190520
 7,    2328532,     24.0,     24.0,     24.0,     74.0,  9, 10, 11,  9,    2239706,    2239706,    2239706,    2239706
 7,    2575882,     34.0,     33.0,     34.0,    104.0,  9, 10, 11, 10,    2360112,    2360112,    2360112,    2360112
 7,    2575916,     34.0,     33.0,     34.0,    104.0,  9, 10, 11, 10,    2360112,    2360112,    2360121,    2360121
 7,    2509068,     35.0,     33.0,     35.0,    105.0,  9, 10, 11, 10,    2360112,    2360121,    2360112,    2360112
 7,    2509078,     18.0,     18.0,     18.0,     55.0,  9, 10, 11, 10,    2360115,    2360115,    2360115,    2360115
 7,    2576346,     35.0,     34.0,     35.0,    106.0,  9, 10, 11, 10,    2360121,    2360121,    2360121,    2360121
 7,    2509084,     36.0,     35.0,     36.0,    107.0,  9, 10, 11, 10,    2360121,    2360121,    2360121,    2360121
 7,    2509097,     18.0,     18.0,     18.0,     55.0,  9, 10, 11, 10,    2360126,    2360126,    2360126,    2360126
 7,    2703458,     28.0,     28.0,     28.0,     90.0,  1,  2,  3,  2,    2509116,    2509116,    2509116,    2509116
 7,    2703462,     26.0,     26.0,     26.0,     83.0,  1,  2,  3,  2,    2509116,    2509116,    2509116,    2509116
 7,    2509121,     17.0,     17.0,     17.0,     54.0,  9, 10, 11,  9,    2360137,    2360137,    2360137,    2360137
 7,    2509126,     17.0,     17.0,     17.0,     54.0,  9, 10, 11,  9,    2360139,    2360139,    2360139,    2360139
 7,    2509444,     35.0,     36.0,     36.0,    110.0,  9, 10, 11,  9,    1400941,    1400941,    1400941,    1400941
 7,    2577668,     14.0,     16.0,     16.0,     45.0,  9, 10, 11,  9,    2190520,    2190520,    2190520,    2190520
 7,      43461,     14.0,     16.0,     16.0,     45.0,  9, 10, 11,  9,    2190520,    2190520,    2190520,    2190520
 7,      43462,     14.0,     16.0,     16.0,     45.0,  9, 10, 11,  9,    2190520,    2190520,    2190520,    2190520
 7,    2573700,     36.0,     36.0,     36.0,    109.0,  9, 10, 11,  9,    2401446,    2401446,    2401446,    2401446
 7,    1404891,     14.0,     14.0,     14.0,     45.0,  1,  2,  3,  1,    1404891,    1404891,    1404891,    1404891
 7,    2575291,     19.0,     19.0,     19.0,     61.0,  1,  2,  3,  1,    1404891,    1404891,    1404891,    1404891
 7,    1120124,     14.0,     16.0,     16.0,     45.0,  9, 10, 11,  9,    2190520,    2190520,    2190520,    2190520
 7,    2579163,     15.0,     16.0,     16.0,     46.0,  9, 10, 11,  9,    2190520,    2190520,    2190520,    2190520
 7,    2537293,     42.0,     41.0,     40.0,    129.0,  1,  2,  3,  3,      46636,      46636,      46636,      46636
 7,      46636,     17.0,     17.0,     17.0,     54.0,  9, 10, 11, 11,    1400974,    1400974,    1400974,    1400974
 7,    2538890,     24.0,     24.0,     24.0,     73.0,  9, 10, 11, 10,    2382111,    2382111,    2382111,    2382111
 7,    2576401,     32.0,     31.0,     31.0,     99.0,  1,  2,  3,  2,    2509116,    2509116,    2509116,    2509116
 7,    3549327,     24.0,     24.0,     24.0,     74.0,  9, 10, 11, 10,    2798254,    2798254,    2798254,    2798254
 7,    4203471,     36.0,     34.0,     35.0,    106.0,  9, 10, 11, 10,    2360121,    2360121,    2360121,    2360121
 8,    3744865,     15.0,     16.0,     16.0,     47.0,  9, 10, 11,  9,    2190520,    2190520,    2190520,    2190520
 8,    2573500,     61.0,     59.0,     60.0,    180.0,  9, 10, 11, 10,    1400850,    1400850,    1400850,    1400850
 8,    2509089,     18.0,     18.0,     18.0,     56.0,  9, 10, 11,  9,    2360124,    2360124,    2360124,    2360124
 8,    2580468,     51.0,     51.0,     50.0,    160.0,  9, 10, 11, 11,    2404865,    2404865,    2404865,    2404865
 8,    2580496,     46.0,     46.0,     45.0,    145.0,  1,  2,  3,  3,      46636,      46636,      46636,      46636
 8,    1228701,     46.0,     46.0,     46.0,    145.0,  9, 10, 11,  9,      84659,      84659,      84659,      84659
 8,    1228569,     50.0,     50.0,     50.0,    154.0,  9, 12, 11,  9,    1400921,    1400921,    1400921,    1400921
 8,    1405272,     50.0,     50.0,     50.0,    154.0,  9, 10, 11,  9,    1400921,    1400921,    1400921,    1400921
 8,    1228587,     18.0,     18.0,     18.0,     55.0,  9, 10, 11,  9,    1523603,    1523603,    1523603,    1523603
 8,    1228353,     49.0,     49.0,     49.0,    149.0,  9, 10, 11,  9,      84680,      84680,      84680,      84680
 8,    1404789,     35.0,     36.0,     36.0,    109.0,  9, 10, 11,  9,    2401446,    1523346,    1523346,    2401446
 8,    1404863,     18.0,     18.0,     18.0,     55.0,  9, 10, 11,  9,    1523407,    1523407,    1523407,    1523407
 8,    2509449,     18.0,     17.0,     18.0,     54.0,  9, 10, 11, 10,    2360323,    2360323,    2360323,    2360323
 8,    1228643,     24.0,     24.0,     24.0,     74.0,  9, 10, 11,  9,    1400949,    1400949,    1400949,    1400949
 8,    1228648,     24.0,     24.0,     24.0,     74.0,  9, 10, 11, 10,    1400950,    1400950,    1400950,    1400950
 8,    1120119,     15.0,     16.0,     16.0,     47.0,  9, 10, 11,  9,    2190520,    2190520,    2190520,    2190520
 8,    2529175,     15.0,     16.0,     16.0,     47.0,  9, 10, 11,  9,    2190520,    2190520,    2190520,    2190520
 8,    1228346,     51.0,     49.0,     51.0,    152.0,  9, 10, 11, 10,    1400871,    1400871,    1400871,    1400871
 8,    1228405,     64.0,     64.0,     64.0,    196.0,  9, 10, 11,  9,    1400883,    1400883,    1400883,    1400883
 8,    1228410,     64.0,     64.0,     64.0,    196.0,  9, 10, 11,  9,    1400883,    1400883,    1400883,    1400883
 8,    1228427,     65.0,     65.0,     64.0,    195.0,  9, 10, 11, 11,    1400890,    1400890,    1400890,    1400890
 8,    1228432,     65.0,     65.0,     64.0,    195.0,  9, 10, 11, 11,    1400890,    1400890,    1400890,    1400890
 8,    1228695,     48.0,     48.0,     48.0,    151.0,  9, 10, 11,  9,    1400971,    1400971,    1400971,    1400971
 8,    1228732,     24.0,     24.0,     24.0,     74.0,  9, 10, 11,  9,    1400978,    1400978,    1400978,    1400978
 8,    1324248,     46.0,     46.0,     46.0,    147.0,  9, 10, 11, 11,    1452297,    1452297,    1452297,    1452297
 8,    1405365,     18.0,     18.0,     18.0,     55.0,  9, 10, 11,  9,    1523603,    1523603,    1523603,    1523603
 8,    1405420,     18.0,     18.0,     18.0,     55.0,  9, 10, 11,  9,    1523679,    1523679,    1523679,    1523679
 8,    1404833,     18.0,     18.0,     18.0,     55.0,  9, 10, 11,  9,    1523388,    1523388,    1523388,    1523388
 8,    1425010,     47.0,     48.0,     47.0,    148.0,  9, 10, 11,  9,    1545070,    1545070,    1545070,    1545070
 8,    2236235,     23.0,     23.0,     23.0,     73.0,  9, 10, 11,  9,    2184520,    2184520,    2184520,    2184520
 8,    2247029,     24.0,     24.0,     23.0,     71.0,  9, 10, 11, 11,    2190481,    2190481,    2190481,    2190481
 8,    2247079,     60.0,     58.0,     58.0,    178.0,  9, 10, 11, 10,    1400850,    1400850,    1400850,    1400850
 8,    2247119,     15.0,     16.0,     16.0,     47.0,  9, 10, 11,  9,    2190520,    2190520,    2190520,    2190520
 8,    2247129,     15.0,     16.0,     16.0,     47.0,  9, 10, 11,  9,    2190520,    2190520,    2190520,    2190520
 8,    2328532,     24.0,     24.0,     24.0,     74.0,  9, 10, 11,  9,    2239706,    2239706,    2239706,    2239706
 8,    2575882,     34.0,     33.0,     34.0,    106.0,  9, 10, 11, 10,    2360112,    2360121,    2360112,    2360112
 8,    2575916,     35.0,     34.0,     34.0,    106.0,  9, 10, 11, 10,    2360112,    2360112,    2360121,    2360121
 8,    2509068,     35.0,     34.0,     35.0,    107.0,  9, 10, 11, 10,    2360112,    2360112,    2360112,    2360112
 8,    2509078,     18.0,     18.0,     18.0,     55.0,  9, 10, 11, 10,    2360115,    2360115,    2360115,    2360115
 8,    2576346,     36.0,     35.0,     35.0,    108.0,  9, 10, 11, 10,    2360121,    2360121,    2360121,    2360121
 8,    2509084,     36.0,     35.0,     36.0,    109.0,  9, 10, 11, 10,    2360121,    2360121,    2360121,    2360121
 8,    2509097,     18.0,     18.0,     18.0,     55.0,  9, 10, 11, 10,    2360126,    2360126,    2360126,    2360126
 8,    2703458,     28.0,     28.0,     28.0,     91.0,  1,  2,  3,  2,    2509116,    2509116,    2509116,    2509116
 8,    2703462,     26.0,     26.0,     26.0,     84.0,  1,  2,  3,  2,    2509116,    2509116,    2509116,    2509116
 8,    2509121,     17.0,     17.0,     17.0,     53.0,  9, 10, 11, 10,    2360137,    2360137,    2360137,    2360137
 8,    2509126,     17.0,     17.0,     17.0,     54.0,  9, 10, 11,  9,    2360139,    2360139,    2360139,    2360139
 8,    2509444,     35.0,     35.0,     36.0,    109.0,  9, 10, 11, 10,    1400941,    1400941,    1400941,    1400941
 8,    2577668,     15.0,     16.0,     16.0,     47.0,  9, 10, 11,  9,    2190520,    2190520,    2190520,    2190520
 8,      43461,     15.0,     16.0,     16.0,     47.0,  9, 10, 11,  9,    2190520,    2190520,    2190520,    2190520
 8,      43462,     15.0,     16.0,     16.0,     47.0,  9, 10, 11,  9,    2190520,    2190520,    2190520,    2190520
 8,    2573700,     36.0,     36.0,     36.0,    109.0,  9, 10, 11,  9,    2401446,    2401446,    2401446,    2401446
 8,    1404891,     14.0,     14.0,     14.0,     45.0,  1,  2,  3,  1,    1404891,    1404891,    1404891,    1404891
 8,    2575291,     19.0,     19.0,     19.0,     61.0,  1,  2,  3,  1,    1404891,    1404891,    1404891,    1404891
 8,    1120124,     15.0,     16.0,     16.0,     47.0,  9, 10, 11,  9,    2190520,    2190520,    2190520,    2190520
 8,    2579163,     15.0,     16.0,     16.0,     47.0,  9, 10, 11,  9,    2190520,    2190520,    2190520,    2190520
 8,    2537293,     41.0,     41.0,     40.0,    130.0,  1,  2,  3,  3,      46636,      46636,      46636,      46636
 8,      46636,     17.0,     17.0,     17.0,     54.0,  9, 10, 11, 11,    1400974,    1400974,    1400974,    1400974
 8,    2538890,     24.0,     23.0,     24.0,     73.0,  9, 10, 11, 10,    2382111,    2382111,    2382111,    2382111
 8,    2576401,     32.0,     31.0,     31.0,    100.0,  1,  2,  3,  2,    2509116,    2509116,    2509116,    2509121
 8,    3549327,     24.0,     24.0,     24.0,     74.0,  9, 10, 11, 10,    2798254,    2798254,    2798254,    2798254
 8,    4203471,     36.0,     35.0,     35.0,    108.0,  9, 10, 11, 10,    2360121,    2360121,    2360121,    2360121
 9,    3744865,     15.0,     16.0,     16.0,     47.0,  9, 10, 11,  9,    2190520,    2190520,    2190520,    2190520
 9,    2573500,     61.0,     57.0,     59.0,    175.0,  9, 10, 11, 10,    1400850,    1400850,    1400850,    1400850
 9,    2509089,     18.0,     18.0,     18.0,     56.0,  9, 10, 11,  9,    2360124,    2360124,    2360124,    2360124
 9,    2580468,     50.0,     49.0,     50.0,    157.0,  9, 10, 11, 10,    2404865,    2404865,    2404865,    2404865
 9,    2580496,     44.0,     44.0,     44.0,    143.0,  1,  2,  3,  2,      46636,      46636,      46636,      46636
 9,    1228701,     46.0,     46.0,     46.0,    145.0,  9, 10, 11,  9,      84659,      84659,      84659,      84659
 9,    1228569,     49.0,     51.0,     50.0,    150.0,  9, 10, 11,  9,    1400921,    1400921,    1400921,    1400921
 9,    1405272,     49.0,     50.0,     50.0,    150.0,  9, 10, 11,  9,    1400921,    1400921,    1400921,    1400921
 9,    1228587,     18.0,     18.0,     18.0,     55.0,  9, 10, 11,  9,    1523603,    1523603,    1523603,    1523603
 9,    1228353,     49.0,     49.0,     49.0,    149.0,  9, 10, 11,  9,      84680,      84680,      84680,      84680
 9,    1404789,     35.0,     35.0,     35.0,    108.0,  9, 10, 11,  9,    2401446,    2401446,    2401446,    2401446
 9,    1404863,     18.0,     18.0,     18.0,     55.0,  9, 10, 11,  9,    1523407,    1523407,    1523407,    1523407
 9,    2509449,     18.0,     18.0,     18.0,     55.0,  9, 10, 11, 10,    2360323,    2360323,    2360323,    2360323
 9,    1228643,     24.0,     24.0,     24.0,     74.0,  9, 10, 11,  9,    1400949,    1400949,    1400949,    1400949
 9,    1228648,     24.0,     24.0,     24.0,     75.0,  9, 10, 11,  9,    1400950,    1400950,    1400950,    1400950
 9,    1120119,     15.0,     16.0,     16.0,     47.0,  9, 10, 11,  9,    2190520,    2190520,    2190520,    2190520
 9,    2529175,     15.0,     16.0,     16.0,     47.0,  9, 10, 11,  9,    2190520,    2190520,    2190520,    2190520
 9,    1228346,     51.0,     50.0,     51.0,    152.0,  9, 10, 11, 10,    1400871,    1400871,    1400871,    1400871
 9,    1228405,     64.0,     64.0,     64.0,    195.0,  9, 10, 11, 10,    1400883,    1400883,    1400883,    1400883
 9,    1228410,     64.0,     64.0,     64.0,    195.0,  9, 10, 11, 10,    1400883,    1400883,    1400883,    1400883
 9,    1228427,     64.0,     65.0,     65.0,    194.0,  9, 10, 11,  9,    1400890,    1400890,    1400890,    1400890
 9,    1228432,     64.0,     65.0,     64.0,    194.0,  9, 10, 11,  9,    1400890,    1400890,    1400890,    1400890
 9,    1228695,     48.0,     48.0,     48.0,    151.0,  9, 10, 11,  9,    1400971,    1400971,    1400971,    1400971
 9,    1228732,     24.0,     24.0,     24.0,     74.0,  9, 10, 11,  9,    1400978,    1400978,    1400978,    1400978
 9,    1324248,     45.0,     46.0,     46.0,    144.0,  9, 10, 11,  9,    1452297,    1452297,    1452297,    1452297
 9,    1405365,     18.0,     18.0,     18.0,     55.0,  9, 10, 11,  9,    1523603,    1523603,    1523603,    1523603
 9,    1405420,     18.0,     18.0,     18.0,     55.0,  9, 10, 11,  9,    1523679,    1523679,    1523679,    1523679
 9,    1404833,     18.0,     18.0,     18.0,     55.0,  9, 10, 11,  9,    1523388,    1523388,    1523388,    1523388
 9,    1425010,     47.0,     47.0,     47.0,    147.0,  9, 10, 11,  9,    1545070,    1545070,    1545070,    1545070
 9,    2236235,     23.0,     23.0,     23.0,     72.0,  9, 10, 11, 10,    2184520,    2184520,    2184520,    2184520
 9,    2247029,     24.0,     23.0,     23.0,     71.0,  9, 10, 11, 10,    2190481,    2190481,    2190481,    2190481
 9,    2247079,     60.0,     56.0,     58.0,    173.0,  9, 10, 11, 10,    1400850,    1400850,    1400850,    1400850
 9,    2247119,     15.0,     16.0,     17.0,     48.0,  9, 10, 11,  9,    2190520,    2190520,    2190520,    2190520
 9,    2247129,     15.0,     16.0,     17.0,     47.0,  9, 10, 11,  9,    2190520,    2190520,    2190520,    2190520
 9,    2328532,     24.0,     24.0,     24.0,     74.0,  9, 10, 11,  9,    2239706,    2239706,    2239706,    2239706
 9,    2575882,     34.0,     33.0,     33.0,    103.0,  9, 10, 11, 11,    2360112,    2360112,    2360121,    2360121
 9,    2575916,     35.0,     34.0,     33.0,    104.0,  9, 10, 11, 11,    2360112,    2360112,    2360121,    2360121
 9,    2509068,     35.0,     34.0,     33.0,    104.0,  9, 10, 11, 11,    2360112,    2360112,    2360121,    2360121
 9,    2509078,     18.0,     18.0,     18.0,     55.0,  9, 10, 11, 10,    2360115,    2360115,    2360115,    2360115
 9,    2576346,     35.0,     35.0,     34.0,    105.0,  9, 10, 11, 11,    2360121,    2360121,    2360121,    2360121
 9,    2509084,     36.0,     35.0,     34.0,    106.0,  9, 10, 11, 11,    2360121,    2360121,    2360121,    2360121
 9,    2509097,     18.0,     18.0,     18.0,     55.0,  9, 10, 11, 10,    2360126,    2360126,    2360126,    2360126
 9,    2703458,     28.0,     28.0,     28.0,     90.0,  1,  2,  3,  3,    2509116,    2509116,    2509116,    2509116
 9,    2703462,     26.0,     26.0,     26.0,     83.0,  1,  2,  3,  3,    2509116,    2509116,    2509116,    2509116
 9,    2509121,     17.0,     17.0,     17.0,     54.0,  9, 10, 11,  9,    2360137,    2360137,    2360137,    2360137
 9,    2509126,     17.0,     17.0,     17.0,     54.0,  9, 10, 11,  9,    2360139,    2360139,    2360139,    2360139
 9,    2509444,     35.0,     35.0,     36.0,    110.0,  9, 10, 11,  9,    1400941,    1400941,    1400941,    1400941
 9,    2577668,     15.0,     16.0,     16.0,     47.0,  9, 10, 11,  9,    2190520,    2190520,    2190520,    2190520
 9,      43461,     15.0,     16.0,     16.0,     47.0,  9, 10, 11,  9,    2190520,    2190520,    2190520,    2190520
 9,      43462,     15.0,     16.0,     16.0,     47.0,  9, 10, 11,  9,    2190520,    2190520,    2190520,    2190520
 9,    2573700,     35.0,     35.0,     36.0,    108.0,  9, 10, 11,  9,    2401446,    2401446,    2401446,    2401446
 9,    1404891,     14.0,     14.0,     14.0,     45.0,  1,  2,  3,  1,    1404891,    1404891,    1404891,    1404891
 9,    2575291,     19.0,     19.0,     19.0,     61.0,  1,  2,  3,  1,    1404891,    1404891,    1404891,    1404891
 9,    1120124,     15.0,     16.0,     16.0,     47.0,  9, 10, 11,  9,    2190520,    2190520,    2190520,    2190520
 9,    2579163,     15.0,     16.0,     17.0,     47.0,  9, 10, 11,  9,    2190520,    2190520,    2190520,    2190520
 9,    2537293,     40.0,     39.0,     39.0,    127.0,  1,  2,  3,  2,      46636,      46636,      46636,      46636
 9,      46636,     17.0,     17.0,     17.0,     55.0,  9, 10, 11,  9,    1400974,    1400974,    1400974,    1400974
 9,    2538890,     24.0,     24.0,     24.0,     73.0,  9, 10, 11, 10,    2382111,    2382111,    2382111,    2382111
 9,    2576401,     31.0,     31.0,     31.0,    100.0,  1,  2,  3,  2,    2509116,    2509116,    2509116,    2509116
 9,    3549327,     24.0,     24.0,     24.0,     74.0,  9, 10, 11, 10,    2798254,    2798254,    2798254,    2798254
 9,    4203471,     36.0,     35.0,     34.0,    105.0,  9, 10, 11, 11,    2360121,    2360121,    2360121,    2360121
10,    3744865,     12.0,     15.0,     16.0,     38.0,  9, 10, 11,  9,    2190520,    2190520,    2190520,    2190520
10,    2573500,     58.0,     58.0,     57.0,    175.0,  9, 10, 11, 11,    1400850,    1400850,    1400850,    1400850
10,    2509089,     18.0,     18.0,     18.0,     56.0,  9, 10, 11,  9,    2360124,    2360124,    2360124,    2360124
10,    2580468,     51.0,     50.0,     48.0,    153.0,  9, 10, 11, 11,    2404865,    2404865,    2404865,    2404865
10,    2580496,     45.0,     44.0,     41.0,    134.0,  1,  2,  3,  3,      46636,      46636,      46636,      46636
10,    1228701,     46.0,     46.0,     45.0,    144.0,  9, 10, 11, 11,      84659,      84659,      84659,      84659
10,    1228569,     50.0,     51.0,     50.0,    152.0,  9, 10, 11,  9,    1400921,    1400921,    1400921,    1400921
10,    1405272,     49.0,     50.0,     50.0,    152.0,  9, 10, 11,  9,    1400921,    1400921,    1400921,    1400921
10,    1228587,     18.0,     18.0,     18.0,     56.0,  9, 10, 11,  9,    1523603,    1523603,    1523603,    1523603
10,    1228353,     49.0,     49.0,     49.0,    149.0,  9, 10, 11,  9,      84680,      84680,      84680,      84680
10,    1404789,     35.0,     35.0,     35.0,    108.0,  9, 10, 11,  9,    2401446,    2401446,    2401446,    2401446
10,    1404863,     18.0,     18.0,     18.0,     55.0,  9, 10, 11,  9,    1523407,    1523407,    1523407,    1523407
10,    2509449,     18.0,     18.0,     18.0,     55.0,  9, 10, 11, 10,    2360323,    2360323,    2360323,    2360323
10,    1228643,     24.0,     24.0,     24.0,     74.0,  9, 10, 11,  9,    1400949,    1400949,    1400949,    1400949
10,    1228648,     24.0,     24.0,     24.0,     75.0,  9, 10, 11,  9,    1400950,    1400950,    1400950,    1400950
10,    1120119,     12.0,     15.0,     16.0,     38.0,  9, 10, 11,  9,    2190520,    2190520,    2190520,    2190520
10,    2529175,     12.0,     15.0,     16.0,     38.0,  9, 10, 11,  9,    2190520,    2190520,    2190520,    2190520
10,    1228346,     50.0,     50.0,     51.0,    153.0,  9, 10, 11, 10,    1400871,    1400871,    1400871,    1400871
10,    1228405,     64.0,     64.0,     64.0,    194.0,  9, 10, 11, 11,    1400883,    1400883,    1400883,    1400883
10,    1228410,     64.0,     64.0,     64.0,    194.0,  9, 10, 11, 11,    1400883,    1400883,    1400883,    1400883
10,    1228427,     64.0,     65.0,     64.0,    193.0,  9, 10, 11,  9,    1400890,    1400890,    1400890,    1400890
10,    1228432,     63.0,     65.0,     64.0,    193.0,  9, 10, 11,  9,    1400890,    1400890,    1400890,    1400890
10,    1228695,     48.0,     48.0,     47.0,    150.0,  9, 10, 11, 11,    1400971,    1400971,    1400971,    1400971
10,    1228732,     24.0,     24.0,     24.0,     74.0,  9, 10, 11,  9,    1400978,    1400978,    1400978,    1400978
10,    1324248,     45.0,     46.0,     45.0,    144.0,  9, 10, 11,  9,    1452297,    1452297,    1452297,    1452297
10,    1405365,     18.0,     18.0,     18.0,     55.0,  9, 10, 11,  9,    1523603,    1523603,    1523603,    1523603
10,    1405420,     18.0,     18.0,     18.0,     55.0,  9, 10, 11,  9,    1523679,    1523679,    1523679,    1523679
10,    1404833,     18.0,     18.0,     18.0,     55.0,  9, 10, 11,  9,    1523388,    1523388,    1523388,    1523388
10,    1425010,     46.0,     47.0,     45.0,    142.0,  9, 10, 11, 11,    1545070,    1545070,    1545070,    1545070
10,    2236235,     23.0,     23.0,     23.0,     73.0,  9, 10, 11,  9,    2184520,    2184520,    2184520,    2184520
10,    2247029,     24.0,     24.0,     21.0,     63.0,  9, 10, 11, 11,    2190481,    2190481,    2190481,    2190481
10,    2247079,     56.0,     56.0,     56.0,    173.0,  9, 10, 11, 11,    1400850,    1400850,    1400850,    1400850
10,    2247119,     12.0,     15.0,     17.0,     39.0,  9, 10, 11,  9,    2190520,    2190520,    2190520,    2190520
10,    2247129,     12.0,     15.0,     17.0,     39.0,  9, 10, 11,  9,    2190520,    2190520,    2190520,    2190520
10,    2328532,     24.0,     24.0,     24.0,     74.0,  9, 10, 11,  9,    2239706,    2239706,    2239706,    2239706
10,    2575882,     34.0,     33.0,     33.0,    104.0,  9, 10, 11, 10,    2360112,    2360112,    2360121,    2360121
10,    2575916,     34.0,     33.0,     34.0,    104.0,  9, 10, 11, 10,    2360112,    2360112,    2360112,    2360121
10,    2509068,     34.0,     33.0,     34.0,    105.0,  9, 10, 11, 10,    2360112,    2360121,    2360112,    2360121
10,    2509078,     18.0,     18.0,     18.0,     55.0,  9, 10, 11, 10,    2360115,    2360115,    2360115,    2360115
10,    2576346,     35.0,     34.0,     35.0,    106.0,  9, 10, 11, 10,    2360121,    2360121,    2360121,    2360121
10,    2509084,     36.0,     35.0,     35.0,    106.0,  9, 10, 11, 10,    2360121,    2360121,    2360121,    2360121
10,    2509097,     18.0,     17.0,     18.0,     54.0,  9, 10, 11, 10,    2360126,    2360126,    2360126,    2360126
10,    2703458,     28.0,     28.0,     28.0,     89.0,  1,  2,  3,  2,    2509116,    2509116,    2509116,    2509121
10,    2703462,     26.0,     25.0,     26.0,     83.0,  1,  2,  3,  2,    2509116,    2509116,    2509116,    2509116
10,    2509121,     17.0,     17.0,     17.0,     53.0,  9, 10, 11, 10,    2360137,    2360137,    2360137,    2360137
10,    2509126,     17.0,     17.0,     17.0,     54.0,  9, 10, 11,  9,    2360139,    2360139,    2360139,    2360139
10,    2509444,     35.0,     35.0,     36.0,    110.0,  9, 10, 11,  9,    1400941,    1400941,    1400941,    1400941
10,    2577668,     12.0,     15.0,     16.0,     38.0,  9, 10, 11,  9,    2190520,    2190520,    2190520,    2190520
10,      43461,     12.0,     15.0,     16.0,     38.0,  9, 10, 11,  9,    2190520,    2190520,    2190520,    2190520
10,      43462,     12.0,     15.0,     16.0,     38.0,  9, 10, 11,  9,    2190520,    2190520,    2190520,    2190520
10,    2573700,     35.0,     35.0,     36.0,    108.0,  9, 10, 11,  9,    2401446,    2401446,    2401446,    2401446
10,    1404891,     13.0,     14.0,     14.0,     44.0,  1,  2,  3,  1,    1404891,    1404891,    1404891,    1404891
10,    2575291,     18.0,     19.0,     19.0,     60.0,  1,  2,  3,  1,    1404891,    1404891,    1404891,    1404891
10,    1120124,     12.0,     15.0,     16.0,     38.0,  9, 10, 11,  9,    2190520,    2190520,    2190520,    2190520
10,    2579163,     12.0,     15.0,     16.0,     39.0,  9, 10, 11,  9,    2190520,    2190520,    2190520,    2190520
10,    2537293,     40.0,     40.0,     37.0,    120.0,  1,  2,  3,  3,      46636,      46636,      46636,      46636
10,      46636,     17.0,     17.0,     17.0,     54.0,  9, 10, 11, 11,    1400974,    1400974,    1400974,    1400974
10,    2538890,     24.0,     24.0,     23.0,     73.0,  9, 10, 12, 10,    2382111,    2382111,    2382111,    2382111
10,    2576401,     31.0,     31.0,     31.0,     99.0,  1,  2,  3,  2,    2509116,    2509116,    2509116,    2509116
10,    3549327,     24.0,     24.0,     24.0,     74.0,  9, 10, 11, 10,    2798254,    2798254,    2798254,    2798254
10,    4203471,     35.0,     34.0,     35.0,    106.0,  9, 10, 11, 10,    2360121,    2360121,    2360121,    2360121
11,    3744865,     14.0,     15.0,     15.0,     43.0,  9, 10, 11,  9,    2190520,    2190520,    2190520,    2190520
11,    2573500,     58.0,     57.0,     58.0,    173.0,  9, 10, 11, 10,    1400850,    1400850,    1400850,    1400850
11,    2509089,     18.0,     18.0,     18.0,     56.0,  9, 10, 11,  9,    2360124,    2360124,    2360124,    2360124
11,    2580468,     51.0,     51.0,     48.0,    152.0,  9, 10, 11, 11,    2404865,    2404865,    2404865,    2404865
11,    2580496,     44.0,     44.0,     41.0,    133.0,  1,  2,  3,  3,      46636,      46636,      46636,      46636
11,    1228701,     46.0,     46.0,     45.0,    144.0,  9, 10, 11, 11,      84659,      84659,      84659,      84659
11,    1228569,     50.0,     51.0,     50.0,    155.0,  9, 10, 11,  9,    1400921,    1400921,    1400921,    1400921
11,    1405272,     50.0,     50.0,     50.0,    155.0,  9, 10, 11,  9,    1400921,    1400921,    1400921,    1400921
11,    1228587,     18.0,     18.0,     18.0,     56.0,  9, 10, 11,  9,    1523603,    1523603,    1523603,    1523603
11,    1228353,     49.0,     49.0,     49.0,    149.0,  9, 10, 11,  9,      84680,      84680,      84680,      84680
11,    1404789,     35.0,     35.0,     36.0,    107.0,  9, 10, 11,  9,    2401446,    2401446,    1523346,    2401446
11,    1404863,     18.0,     18.0,     18.0,     55.0,  9, 10, 11,  9,    1523407,    1523407,    1523407,    1523407
11,    2509449,     18.0,     17.0,     18.0,     53.0,  9, 10, 11, 10,    2360323,    2360323,    2360323,    2360323
11,    1228643,     24.0,     24.0,     24.0,     74.0,  9, 10, 11,  9,    1400949,    1400949,    1400949,    1400949
11,    1228648,     24.0,     24.0,     24.0,     74.0,  9, 10, 11, 10,    1400950,    1400950,    1400950,    1400950
11,    1120119,     14.0,     15.0,     15.0,     43.0,  9, 10, 11,  9,    2190520,    2190520,    2190520,    2190520
11,    2529175,     14.0,     15.0,     15.0,     43.0,  9, 10, 11,  9,    2190520,    2190520,    2190520,    2190520
11,    1228346,     50.0,     50.0,     51.0,    154.0,  9, 10, 11, 10,    1400871,    1400871,    1400871,    1400871
11,    1228405,     64.0,     64.0,     64.0,    194.0,  9, 10, 11, 10,    1400883,    1400883,    1400883,    1400883
11,    1228410,     64.0,     64.0,     64.0,    194.0,  9, 10, 11, 10,    1400883,    1400883,    1400883,    1400883
11,    1228427,     62.0,     64.0,     64.0,    188.0,  9, 10, 11,  9,    1400890,    1400890,    1400890,    1400890
11,    1228432,     62.0,     64.0,     64.0,    188.0,  9, 10, 11,  9,    1400890,    1400890,    1400890,    1400890
11,    1228695,     48.0,     48.0,     48.0,    150.0,  9, 10, 11, 11,    1400971,    1400971,    1400971,    1400971
11,    1228732,     24.0,     24.0,     24.0,     74.0,  9, 10, 11,  9,    1400978,    1400978,    1400978,    1400978
11,    1324248,     46.0,     46.0,     45.0,    145.0,  9, 10, 11, 11,    1452297,    1452297,    1452297,    1452297
11,    1405365,     18.0,     18.0,     18.0,     55.0,  9, 10, 11,  9,    1523603,    1523603,    1523603,    1523603
11,    1405420,     18.0,     18.0,     18.0,     55.0,  9, 10, 11,  9,    1523679,    1523679,    1523679,    1523679
11,    1404833,     18.0,     18.0,     18.0,     55.0,  9, 10, 11,  9,    1523388,    1523388,    1523388,    1523388
11,    1425010,     45.0,     47.0,     46.0,    142.0,  9, 10, 11,  9,    1545070,    1545070,    1545070,    1545070
11,    2236235,     23.0,     23.0,     23.0,     73.0,  9, 10, 11,  9,    2184520,    2184520,    2184520,    2184520
11,    2247029,     24.0,     24.0,     22.0,     67.0,  9, 10, 11, 11,    2190481,    2190481,    2190481,    2190481
11,    2247079,     57.0,     55.0,     57.0,    171.0,  9, 10, 11, 10,    1400850,    1400850,    1400850,    1400850
11,    2247119,     14.0,     16.0,     16.0,     44.0,  9, 10, 11,  9,    2190520,    2190520,    2190520,    2190520
11,    2247129,     14.0,     16.0,     16.0,     44.0,  9, 10, 11,  9,    2190520,    2190520,    2190520,    2190520
11,    2328532,     24.0,     24.0,     24.0,     74.0,  9, 10, 11,  9,    2239706,    2239706,    2239706,    2239706
11,    2575882,     34.0,     33.0,     34.0,    104.0,  9, 10, 11, 10,    2360112,    2360112,    2360112,    2360121
11,    2575916,     34.0,     33.0,     34.0,    105.0,  9, 10, 11, 10,    2360112,    2360121,    2360112,    2360121
11,    2509068,     35.0,     34.0,     34.0,    105.0,  9, 10, 11, 10,    2360112,    2360112,    2360121,    2360121
11,    2509078,     18.0,     18.0,     18.0,     55.0,  9, 10, 11,  9,    2360115,    2360115,    2360115,    2360115
11,    2576346,     35.0,     34.0,     35.0,    106.0,  9, 10, 11, 10,    2360121,    2360121,    2360121,    2360121
11,    2509084,     36.0,     35.0,     36.0,    107.0,  9, 10, 11, 10,    2360121,    2360121,    2360121,    2360121
11,    2509097,     18.0,     18.0,     18.0,     54.0,  9, 10, 11, 10,    2360126,    2360126,    2360126,    2360126
11,    2703458,     28.0,     28.0,     28.0,     90.0,  1,  2,  3,  2,    2509116,    2509116,    2509116,    2509116
11,    2703462,     26.0,     25.0,     26.0,     83.0,  1,  2,  3,  2,    2509116,    2509116,    2509116,    2509116
11,    2509121,     17.0,     17.0,     17.0,     53.0,  9, 10, 11, 10,    2360137,    2360137,    2360137,    2360137
11,    2509126,     17.0,     17.0,     17.0,     54.0,  9, 10, 11,  9,    2360139,    2360139,    2360139,    2360139
11,    2509444,     35.0,     35.0,     36.0,    108.0,  9, 10, 11, 10,    1400941,    1400941,    1400941,    1400941
11,    2577668,     14.0,     15.0,     15.0,     43.0,  9, 10, 11,  9,    2190520,    2190520,    2190520,    2190520
11,      43461,     14.0,     15.0,     15.0,     43.0,  9, 10, 11,  9,    2190520,    2190520,    2190520,    2190520
11,      43462,     14.0,     15.0,     15.0,     43.0,  9, 10, 11,  9,    2190520,    2190520,    2190520,    2190520
11,    2573700,     35.0,     36.0,     36.0,    108.0,  9, 10, 11,  9,    2401446,    2401446,    2401446,    2401446
11,    1404891,     13.0,     14.0,     14.0,     44.0,  1,  2,  3,  1,    1404891,    1404891,    1404891,    1404891
11,    2575291,     18.0,     19.0,     19.0,     60.0,  1,  2,  3,  1,    1404891,    1404891,    1404891,    1404891
11,    1120124,     14.0,     15.0,     15.0,     43.0,  9, 10, 11,  9,    2190520,    2190520,    2190520,    2190520
11,    2579163,     14.0,     16.0,     15.0,     44.0,  9, 10, 11,  9,    2190520,    2190520,    2190520,    2190520
11,    2537293,     39.0,     40.0,     37.0,    119.0,  1,  2,  3,  3,      46636,      46636,      46636,      46636
11,      46636,     17.0,     17.0,     17.0,     54.0,  9, 10, 11, 11,    1400974,    1400974,    1400974,    1400974
11,    2538890,     24.0,     24.0,     23.0,     73.0,  9, 10, 12, 10,    2382111,    2382111,    2382111,    2382111
11,    2576401,     31.0,     31.0,     31.0,     99.0,  1,  2,  3,  2,    2509116,    2509116,    2509116,    2509116
11,    3549327,     24.0,     24.0,     24.0,     74.0,  9, 10, 11, 10,    2798254,    2798254,    2798254,    2798254
11,    4203471,     35.0,     34.0,     35.0,    107.0,  9, 10, 11, 10,    2360121,    2360121,    2360121,    2360121
12,    3744865,     15.0,     17.0,     16.0,     47.0,  9, 10, 11,  9,    2190520,    2190520,    2190520,    2190520
12,    2573500,     59.0,     59.0,     58.0,    176.0,  9, 10, 11, 11,    1400850,    1400850,    1400850,    1400850
12,    2509089,     18.0,     18.0,     18.0,     56.0,  9, 10, 11,  9,    2360124,    2360124,    2360124,    2360124
12,    2580468,     51.0,     50.0,     48.0,    153.0,  9, 10, 11, 11,    2404865,    2404865,    2404865,    2404865
12,    2580496,     45.0,     44.0,     41.0,    134.0,  1,  2,  3,  3,      46636,      46636,      46636,      46636
12,    1228701,     46.0,     46.0,     45.0,    144.0,  9, 10, 11, 11,      84659,      84659,      84659,      84659
12,    1228569,     50.0,     51.0,     50.0,    155.0,  9, 10, 11,  9,    1400921,    1400921,    1400921,    1400921
12,    1405272,     50.0,     50.0,     50.0,    154.0,  9, 10, 11,  9,    1400921,    1400921,    1400921,    1400921
12,    1228587,     18.0,     18.0,     18.0,     56.0,  9, 10, 11,  9,    1523603,    1523603,    1523603,    1523603
12,    1228353,     49.0,     49.0,     49.0,    149.0,  9, 10, 11,  9,      84680,      84680,      84680,      84680
12,    1404789,     35.0,     35.0,     35.0,    108.0,  9, 10, 11,  9,    2401446,    2401446,    2401446,    2401446
12,    1404863,     18.0,     18.0,     18.0,     55.0,  9, 10, 11,  9,    1523407,    1523407,    1523407,    1523407
12,    2509449,     18.0,     18.0,     18.0,     56.0,  9, 10, 11,  9,    2360323,    2360323,    2360323,    2360323
12,    1228643,     24.0,     24.0,     24.0,     74.0,  9, 10, 11,  9,    1400949,    1400949,    1400949,    1400949
12,    1228648,     24.0,     24.0,     24.0,     74.0,  9, 10, 11, 10,    1400950,    1400950,    1400950,    1400950
12,    1120119,     15.0,     17.0,     16.0,     47.0,  9, 10, 11,  9,    2190520,    2190520,    2190520,    2190520
12,    2529175,     15.0,     17.0,     16.0,     47.0,  9, 10, 11,  9,    2190520,    2190520,    2190520,    2190520
12,    1228346,     50.0,     50.0,     50.0,    153.0,  9, 10, 11, 10,    1400871,    1400871,    1400871,    1400871
12,    1228405,     64.0,     64.0,     64.0,    195.0,  9, 10, 11,  9,    1400883,    1400883,    1400883,    1400883
12,    1228410,     64.0,     64.0,     64.0,    195.0,  9, 10, 11,  9,    1400883,    1400883,    1400883,    1400883
12,    1228427,     63.0,     65.0,     64.0,    191.0,  9, 10, 11,  9,    1400890,    1400890,    1400890,    1400890
12,    1228432,     63.0,     65.0,     64.0,    191.0,  9, 10, 11,  9,    1400890,    1400890,    1400890,    1400890
12,    1228695,     48.0,     48.0,     48.0,    150.0,  9, 10, 11, 11,    1400971,    1400971,    1400971,    1400971
12,    1228732,     24.0,     24.0,     24.0,     74.0,  9, 10, 11,  9,    1400978,    1400978,    1400978,    1400978
12,    1324248,     46.0,     46.0,     46.0,    146.0,  9, 10, 11, 11,    1452297,    1452297,    1452297,    1452297
12,    1405365,     18.0,     18.0,     18.0,     55.0,  9, 10, 11,  9,    1523603,    1523603,    1523603,    1523603
12,    1405420,     18.0,     18.0,     18.0,     55.0,  9, 10, 11,  9,    1523679,    1523679,    1523679,    1523679
12,    1404833,     18.0,     18.0,     18.0,     55.0,  9, 10, 11,  9,    1523388,    1523388,    1523388,    1523388
12,    1425010,     47.0,     47.0,     45.0,    142.0,  9, 10, 11, 11,    1545070,    1545070,    1545070,    1545070
12,    2236235,     23.0,     23.0,     23.0,     71.0,  9, 10, 11, 10,    2184520,    2184520,    2184520,    2184520
12,    2247029,     24.0,     24.0,     21.0,     66.0,  9, 10, 11, 11,    2190481,    2190481,    2190481,    2190481
12,    2247079,     57.0,     58.0,     56.0,    174.0,  9, 10, 11, 11,    1400850,    1400850,    1400850,    1400850
12,    2247119,     15.0,     17.0,     16.0,     47.0,  9, 10, 11,  9,    2190520,    2190520,    2190520,    2190520
12,    2247129,     15.0,     17.0,     16.0,     47.0,  9, 10, 11,  9,    2190520,    2190520,    2190520,    2190520
12,    2328532,     24.0,     24.0,     24.0,     74.0,  9, 10, 11,  9,    2239706,    2239706,    2239706,    2239706
12,    2575882,     34.0,     32.0,     34.0,    103.0,  9, 10, 11, 10,    2360112,    2360121,    2360112,    2360121
12,    2575916,     35.0,     33.0,     34.0,    103.0,  9, 10, 11, 10,    2360112,    2360121,    2360112,    2360121
12,    2509068,     35.0,     33.0,     34.0,    104.0,  9, 10, 11, 10,    2360112,    2360121,    2360121,    2360121
12,    2509078,     18.0,     18.0,     18.0,     55.0,  9, 10, 11, 10,    2360115,    2360115,    2360115,    2360115
12,    2576346,     35.0,     34.0,     35.0,    105.0,  9, 10, 11, 10,    2360121,    2360121,    2360121,    2360121
12,    2509084,     36.0,     34.0,     35.0,    106.0,  9, 10, 11, 10,    2360121,    2360121,    2360121,    2360121
12,    2509097,     18.0,     17.0,     18.0,     53.0,  9, 10, 11, 10,    2360126,    2360126,    2360126,    2360126
12,    2703458,     28.0,     28.0,     28.0,     89.0,  1,  2,  3,  2,    2509116,    2509116,    2509116,    2509121
12,    2703462,     26.0,     25.0,     26.0,     83.0,  1,  2,  3,  2,    2509116,    2509116,    2509116,    2509116
12,    2509121,     17.0,     17.0,     17.0,     53.0,  9, 10, 11, 10,    2360137,    2360137,    2360137,    2360137
12,    2509126,     17.0,     17.0,     17.0,     54.0,  9, 10, 11,  9,    2360139,    2360139,    2360139,    2360139
12,    2509444,     35.0,     36.0,     36.0,    109.0,  9, 10, 11,  9,    1400941,    1400941,    1400941,    1400941
12,    2577668,     15.0,     17.0,     16.0,     47.0,  9, 10, 11,  9,    2190520,    2190520,    2190520,    2190520
12,      43461,     15.0,     16.0,     16.0,     47.0,  9, 10, 11,  9,    2190520,    2190520,    2190520,    2190520
12,      43462,     15.0,     17.0,     16.0,     47.0,  9, 10, 11,  9,    2190520,    2190520,    2190520,    2190520
12,    2573700,     35.0,     36.0,     36.0,    108.0,  9, 10, 11,  9,    2401446,    2401446,    2401446,    2401446
12,    1404891,     14.0,     14.0,     14.0,     45.0,  1,  2,  3,  1,    1404891,    1404891,    1404891,    1404891
12,    2575291,     19.0,     19.0,     19.0,     61.0,  1,  2,  3,  1,    1404891,    1404891,    1404891,    1404891
12,    1120124,     15.0,     16.0,     16.0,     47.0,  9, 10, 11,  9,    2190520,    2190520,    2190520,    2190520
12,    2579163,     15.0,     17.0,     16.0,     47.0,  9, 10, 11,  9,    2190520,    2190520,    2190520,    2190520
12,    2537293,     41.0,     39.0,     37.0,    119.0,  1,  2,  3,  3,      46636,      46636,      46636,      46636
12,      46636,     17.0,     17.0,     17.0,     54.0,  9, 10, 11, 11,    1400974,    1400974,    1400974,    1400974
12,    2538890,     24.0,     23.0,     23.0,     73.0,  9, 10, 12, 10,    2382111,    2382111,    2382111,    2382111
12,    2576401,     31.0,     30.0,     31.0,     99.0,  1,  2,  3,  2,    2509116,    2509121,    2509116,    2509116
12,    3549327,     24.0,     24.0,     24.0,     74.0,  9, 10, 11, 10,    2798254,    2798254,    2798254,    2798254
12,    4203471,     36.0,     34.0,     35.0,    105.0,  9, 10, 11, 10,    2360121,    2360121,    2360121,    2360121
13,    3744865,     14.0,     16.0,     16.0,     43.0,  9, 10, 11,  9,    2190520,    2190520,    2190520,    2190520
13,    2573500,     58.0,     59.0,     58.0,    176.0,  9, 10, 11, 11,    1400850,    1400850,    1400850,    1400850
13,    2509089,     18.0,     18.0,     18.0,     56.0,  9, 10, 11,  9,    2360124,    2360124,    2360124,    2360124
13,    2580468,     51.0,     51.0,     48.0,    154.0,  9, 10, 11, 11,    2404865,    2404865,    2404865,    2404865
13,    2580496,     45.0,     45.0,     42.0,    136.0,  1,  2,  3,  3,      46636,      46636,      46636,      46636
13,    1228701,     46.0,     46.0,     46.0,    144.0,  9, 10, 11, 11,      84659,      84659,      84659,      84659
13,    1228569,     50.0,     51.0,     50.0,    153.0,  9, 10, 11,  9,    1400921,    1400921,    1400921,    1400921
13,    1405272,     50.0,     50.0,     50.0,    153.0,  9, 10, 11,  9,    1400921,    1400921,    1400921,    1400921
13,    1228587,     18.0,     18.0,     18.0,     55.0,  9, 10, 11,  9,    1523603,    1523603,    1523603,    1523603
13,    1228353,     49.0,     49.0,     49.0,    149.0,  9, 10, 11,  9,      84680,      84680,      84680,      84680
13,    1404789,     35.0,     35.0,     35.0,    107.0,  9, 10, 11,  9,    2401446,    2401446,    2401446,    2401446
13,    1404863,     18.0,     18.0,     18.0,     55.0,  9, 10, 11,  9,    1523407,    1523407,    1523407,    1523407
13,    2509449,     18.0,     18.0,     18.0,     56.0,  9, 10, 11,  9,    2360323,    2360323,    2360323,    2360323
13,    1228643,     24.0,     24.0,     24.0,     74.0,  9, 10, 11,  9,    1400949,    1400949,    1400949,    1400949
13,    1228648,     24.0,     24.0,     24.0,     75.0,  9, 10, 11,  9,    1400950,    1400950,    1400950,    1400950
13,    1120119,     14.0,     16.0,     16.0,     43.0,  9, 10, 11,  9,    2190520,    2190520,    2190520,    2190520
13,    2529175,     14.0,     16.0,     16.0,     43.0,  9, 10, 11,  9,    2190520,    2190520,    2190520,    2190520
13,    1228346,     50.0,     50.0,     50.0,    153.0,  9, 10, 11, 10,    1400871,    1400871,    1400871,    1400871
13,    1228405,     64.0,     64.0,     64.0,    194.0,  9, 10, 11, 11,    1400883,    1400883,    1400883,    1400883
13,    1228410,     64.0,     64.0,     64.0,    194.0,  9, 10, 11, 11,    1400883,    1400883,    1400883,    1400883
13,    1228427,     64.0,     65.0,     63.0,    192.0,  9, 10, 11, 11,    1400890,    1400890,    1400890,    1400890
13,    1228432,     64.0,     65.0,     63.0,    192.0,  9, 10, 11, 11,    1400890,    1400890,    1400890,    1400890
13,    1228695,     48.0,     48.0,     48.0,    150.0,  9, 10, 11, 11,    1400971,    1400971,    1400971,    1400971
13,    1228732,     24.0,     24.0,     24.0,     74.0,  9, 10, 11,  9,    1400978,    1400978,    1400978,    1400978
13,    1324248,     46.0,     46.0,     45.0,    145.0,  9, 10, 11, 11,    1452297,    1452297,    1452297,    1452297
13,    1405365,     18.0,     18.0,     18.0,     55.0,  9, 10, 11,  9,    1523603,    1523603,    1523603,    1523603
13,    1405420,     18.0,     18.0,     18.0,     55.0,  9, 10, 11,  9,    1523679,    1523679,    1523679,    1523679
13,    1404833,     18.0,     18.0,     18.0,     55.0,  9, 10, 11,  9,    1523388,    1523388,    1523388,    1523388
13,    1425010,     47.0,     46.0,     46.0,    145.0,  9, 10, 11, 10,    1545070,    1545070,    1545070,    1545070
13,    2236235,     23.0,     23.0,     23.0,     73.0,  9, 10, 11,  9,    2184520,    2184520,    2184520,    2184520
13,    2247029,     24.0,     24.0,     21.0,     66.0,  9, 10, 11, 11,    2190481,    2190481,    2190481,    2190481
13,    2247079,     57.0,     57.0,     56.0,    174.0,  9, 10, 11, 11,    1400850,    1400850,    1400850,    1400850
13,    2247119,     14.0,     17.0,     16.0,     44.0,  9, 10, 11,  9,    2190520,    2190520,    2190520,    2190520
13,    2247129,     14.0,     16.0,     16.0,     44.0,  9, 10, 11,  9,    2190520,    2190520,    2190520,    2190520
13,    2328532,     24.0,     24.0,     24.0,     74.0,  9, 10, 11,  9,    2239706,    2239706,    2239706,    2239706
13,    2575882,     34.0,     32.0,     33.0,    101.0,  9, 10, 11, 10,    2360112,    2360121,    2360121,    2360121
13,    2575916,     35.0,     32.0,     34.0,    102.0,  9, 10, 11, 10,    2360112,    2360121,    2360112,    2360121
13,    2509068,     35.0,     33.0,     34.0,    102.0,  9, 10, 11, 10,    2360112,    2360121,    2360121,    2360121
13,    2509078,     18.0,     18.0,     18.0,     55.0,  9, 10, 11, 10,    2360115,    2360115,    2360115,    2360115
13,    2576346,     36.0,     33.0,     35.0,    103.0,  9, 10, 11, 10,    2360121,    2360121,    2360121,    2360121
13,    2509084,     36.0,     34.0,     35.0,    104.0,  9, 10, 11, 10,    2360121,    2360121,    2360121,    2360121
13,    2509097,     18.0,     17.0,     18.0,     52.0,  9, 10, 11, 10,    2360126,    2360126,    2360126,    2360126
13,    2703458,     28.0,     27.0,     28.0,     89.0,  1,  2,  3,  2,    2509116,    2509116,    2509116,    2509116
13,    2703462,     26.0,     25.0,     26.0,     82.0,  1,  2,  3,  2,    2509116,    2509116,    2509116,    2509116
13,    2509121,     17.0,     17.0,     17.0,     53.0,  9, 10, 11, 10,    2360137,    2360137,    2360137,    2360137
13,    2509126,     17.0,     17.0,     17.0,     54.0,  9, 10, 11,  9,    2360139,    2360139,    2360139,    2360139
13,    2509444,     35.0,     36.0,     36.0,    110.0, 12, 10, 11,  9,    1400941,    1400941,    1400941,    1400941
13,    2577668,     14.0,     16.0,     16.0,     43.0,  9, 10, 11,  9,    2190520,    2190520,    2190520,    2190520
13,      43461,     14.0,     16.0,     16.0,     43.0,  9, 10, 11,  9,    2190520,    2190520,    2190520,    2190520
13,      43462,     14.0,     16.0,     16.0,     43.0,  9, 10, 11,  9,    2190520,    2190520,    2190520,    2190520
13,    2573700,     35.0,     35.0,     35.0,    108.0,  9, 10, 11,  9,    2401446,    2401446,    2401446,    2401446
13,    1404891,     14.0,     14.0,     14.0,     44.0,  1,  2,  3,  1,    1404891,    1404891,    1404891,    1404891
13,    2575291,     18.0,     19.0,     19.0,     60.0,  1,  2,  3,  1,    1404891,    1404891,    1404891,    1404891
13,    1120124,     14.0,     16.0,     16.0,     43.0,  9, 10, 11,  9,    2190520,    2190520,    2190520,    2190520
13,    2579163,     14.0,     16.0,     16.0,     43.0,  9, 10, 11,  9,    2190520,    2190520,    2190520,    2190520
13,    2537293,     40.0,     40.0,     37.0,    122.0,  1,  2,  3,  3,      46636,      46636,      46636,      46636
13,      46636,     17.0,     17.0,     17.0,     54.0,  9, 10, 11, 11,    1400974,    1400974,    1400974,    1400974
13,    2538890,     24.0,     24.0,     24.0,     73.0,  9, 10, 11, 10,    2382111,    2382111,    2382111,    2382111
13,    2576401,     31.0,     30.0,     31.0,     98.0,  1,  2,  3,  2,    2509116,    2509116,    2509116,    2509116
13,    3549327,     24.0,     24.0,     24.0,     74.0,  9, 10, 11, 10,    2798254,    2798254,    2798254,    2798254
13,    4203471,     36.0,     33.0,     35.0,    103.0,  9, 10, 11, 10,    2360121,    2360121,    2360121,    2360121
14,    3744865,     15.0,     16.0,     16.0,     47.0,  9, 10, 11,  9,    2190520,    2190520,    2190520,    2190520
14,    2573500,     60.0,     59.0,     57.0,    175.0,  9, 10, 11, 11,    1400850,    1400850,    1400850,    1400850
14,    2509089,     18.0,     18.0,     18.0,     56.0,  9, 10, 11,  9,    2360124,    2360124,    2360124,    2360124
14,    2580468,     51.0,     50.0,     48.0,    152.0,  9, 10, 11, 11,    2404865,    2404865,    2404865,    2404865
14,    2580496,     45.0,     44.0,     42.0,    137.0,  1,  2,  3,  3,      46636,      46636,      46636,      46636
14,    1228701,     46.0,     46.0,     46.0,    144.0,  9, 10, 11, 11,      84659,      84659,      84659,      84659
14,    1228569,     50.0,     51.0,     50.0,    154.0,  9, 10, 11,  9,    1400921,    1400921,    1400921,    1400921
14,    1405272,     50.0,     50.0,     50.0,    154.0,  9, 10, 11,  9,    1400921,    1400921,    1400921,    1400921
14,    1228587,     18.0,     18.0,     18.0,     56.0,  9, 10, 11,  9,    1523603,    1523603,    1523603,    1523603
14,    1228353,     47.0,     47.0,     48.0,    144.0,  9, 10, 11,  9,    1400872,    1400872,    1400872,    1400872
14,    1404789,     33.0,     33.0,     33.0,    100.0,  9, 10, 11,  9,    2401446,    2401446,    2401446,    2401446
14,    1404863,     18.0,     18.0,     18.0,     55.0,  9, 10, 11,  9,    1523407,    1523407,    1523407,    1523407
14,    2509449,     18.0,     18.0,     18.0,     56.0,  9, 10, 11,  9,    2360323,    2360323,    2360323,    2360323
14,    1228643,     24.0,     24.0,     24.0,     74.0,  9, 10, 11,  9,    1400949,    1400949,    1400949,    1400949
14,    1228648,     24.0,     24.0,     24.0,     74.0,  9, 10, 11, 10,    1400950,    1400950,    1400950,    1400950
14,    1120119,     15.0,     16.0,     16.0,     47.0,  9, 10, 11,  9,    2190520,    2190520,    2190520,    2190520
14,    2529175,     15.0,     16.0,     16.0,     47.0,  9, 10, 11,  9,    2190520,    2190520,    2190520,    2190520
14,    1228346,     50.0,     50.0,     50.0,    154.0,  9, 10, 11, 10,    1400871,    1400871,    1400871,    1400871
14,    1228405,     65.0,     64.0,     64.0,    195.0,  9, 10, 11, 10,    1400883,    1400883,    1400883,    1400883
14,    1228410,     65.0,     64.0,     64.0,    195.0,  9, 10, 11, 10,    1400883,    1400883,    1400883,    1400883
14,    1228427,     64.0,     65.0,     64.0,    195.0,  9, 10, 11, 11,    1400890,    1400890,    1400890,    1400890
14,    1228432,     64.0,     65.0,     64.0,    195.0,  9, 10, 11, 11,    1400890,    1400890,    1400890,    1400890
14,    1228695,     48.0,     48.0,     47.0,    149.0,  9, 10, 11, 11,    1400971,    1400971,    1400971,    1400971
14,    1228732,     24.0,     24.0,     24.0,     74.0,  9, 10, 11,  9,    1400978,    1400978,    1400978,    1400978
14,    1324248,     46.0,     46.0,     46.0,    147.0,  9, 10, 11, 10,    1452297,    1452297,    1452297,    1452297
14,    1405365,     18.0,     18.0,     18.0,     55.0,  9, 10, 11,  9,    1523603,    1523603,    1523603,    1523603
14,    1405420,     18.0,     18.0,     18.0,     55.0,  9, 10, 11,  9,    1523679,    1523679,    1523679,    1523679
14,    1404833,     18.0,     18.0,     18.0,     55.0,  9, 10, 11,  9,    1523388,    1523388,    1523388,    1523388
14,    1425010,     47.0,     47.0,     46.0,    146.0,  9, 10, 11, 11,    1545070,    1545070,    1545070,    1545070
14,    2236235,     23.0,     23.0,     23.0,     73.0,  9, 10, 11,  9,    2184520,    2184520,    2184520,    2184520
14,    2247029,     24.0,     24.0,     22.0,     68.0,  9, 10, 11, 11,    2190481,    2190481,    2190481,    2190481
14,    2247079,     59.0,     58.0,     56.0,    173.0,  9, 10, 11, 11,    1400850,    1400850,    1400850,    1400850
14,    2247119,     15.0,     16.0,     16.0,     48.0,  9, 10, 11,  9,    2190520,    2190520,    2190520,    2190520
14,    2247129,     15.0,     16.0,     16.0,     48.0,  9, 10, 11,  9,    2190520,    2190520,    2190520,    2190520
14,    2328532,     24.0,     24.0,     24.0,     74.0,  9, 10, 11,  9,    2239706,    2239706,    2239706,    2239706
14,    2575882,     34.0,     33.0,     33.0,    105.0,  9, 10, 11, 10,    2360112,    2360112,    2360121,    2360121
14,    2575916,     35.0,     33.0,     34.0,    106.0,  9, 10, 11, 10,    2360112,    2360121,    2360112,    2360121
14,    2509068,     35.0,     34.0,     34.0,    106.0,  9, 10, 11, 10,    2360112,    2360112,    2360121,    2360121
14,    2509078,     18.0,     18.0,     18.0,     55.0,  9, 10, 11, 10,    2360115,    2360115,    2360115,    2360115
14,    2576346,     35.0,     34.0,     34.0,    107.0,  9, 10, 11, 10,    2360121,    2360121,    2360121,    2360121
14,    2509084,     36.0,     35.0,     35.0,    108.0,  9, 10, 11, 10,    2360121,    2360121,    2360121,    2360121
14,    2509097,     18.0,     18.0,     18.0,     55.0,  9, 10, 11, 10,    2360126,    2360126,    2360126,    2360126
14,    2703458,     28.0,     28.0,     28.0,     90.0,  1,  2,  3,  2,    2509116,    2509116,    2509116,    2509116
14,    2703462,     26.0,     26.0,     26.0,     83.0,  1,  2,  3,  2,    2509116,    2509116,    2509116,    2509121
14,    2509121,     17.0,     17.0,     17.0,     54.0,  9, 10, 11,  9,    2360137,    2360137,    2360137,    2360137
14,    2509126,     17.0,     17.0,     17.0,     54.0,  9, 10, 11,  9,    2360139,    2360139,    2360139,    2360139
14,    2509444,     35.0,     36.0,     36.0,    110.0,  9, 10, 11,  9,    1400941,    1400941,    1400941,    1400941
14,    2577668,     15.0,     16.0,     16.0,     47.0,  9, 10, 11,  9,    2190520,    2190520,    2190520,    2190520
14,      43461,     15.0,     16.0,     16.0,     47.0,  9, 10, 11,  9,    2190520,    2190520,    2190520,    2190520
14,      43462,     15.0,     16.0,     16.0,     47.0,  9, 10, 11,  9,    2190520,    2190520,    2190520,    2190520
14,    2573700,     33.0,     33.0,     34.0,    101.0,  9, 10, 11,  9,    2401446,    2401446,    2401446,    2401446
14,    1404891,     13.0,     14.0,     14.0,     43.0,  1,  2,  3,  1,    1404891,    1404891,    1404891,    1404891
14,    2575291,     18.0,     19.0,     19.0,     58.0,  1,  2,  3,  1,    1404891,    1404891,    1404891,    1404891
14,    1120124,     15.0,     16.0,     16.0,     47.0,  9, 10, 11,  9,    2190520,    2190520,    2190520,    2190520
14,    2579163,     15.0,     16.0,     16.0,     47.0,  9, 10, 11,  9,    2190520,    2190520,    2190520,    2190520
14,    2537293,     41.0,     40.0,     38.0,    122.0,  1,  2,  3,  3,      46636,      46636,      46636,      46636
14,      46636,     17.0,     17.0,     17.0,     54.0,  9, 10, 11, 11,    1400974,    1400974,    1400974,    1400974
14,    2538890,     24.0,     24.0,     24.0,     73.0,  9, 10, 11, 10,    2382111,    2382111,    2382111,    2382111
14,    2576401,     31.0,     31.0,     31.0,    100.0,  1,  2,  3,  2,    2509116,    2509116,    2509116,    2509116
14,    3549327,     24.0,     24.0,     24.0,     74.0,  9, 10, 11, 10,    2798254,    2798254,    2798254,    2798254
14,    4203471,     36.0,     35.0,     35.0,    107.0,  9, 10, 11, 10,    2360121,    2360121,    2360121,    2360121
15,    3744865,     16.0,     16.0,     15.0,     48.0,  9, 10, 11, 11,    2190520,    2190520,    2190520,    2190520
15,    2573500,     62.0,     60.0,     57.0,    174.0,  9, 10, 11, 11,    1400850,    1400850,    1400850,    1400850
15,    2509089,     18.0,     18.0,     18.0,     56.0,  9, 10, 11,  9,    2360124,    2360124,    2360124,    2360124
15,    2580468,     51.0,     50.0,     49.0,    155.0,  9, 10, 11, 11,    2404865,    2404865,    2404865,    2404865
15,    2580496,     46.0,     45.0,     43.0,    141.0,  1,  2,  3,  3,      46636,      46636,      46636,      46636
15,    1228701,     46.0,     46.0,     46.0,    144.0,  9, 10, 11, 11,      84659,      84659,      84659,      84659
15,    1228569,     50.0,     51.0,     50.0,    154.0,  9, 10, 11,  9,    1400921,    1400921,    1400921,    1400921
15,    1405272,     50.0,     50.0,     50.0,    154.0,  9, 10, 11,  9,    1400921,    1400921,    1400921,    1400921
15,    1228587,     18.0,     18.0,     18.0,     55.0,  9, 10, 11,  9,    1523603,    1523603,    1523603,    1523603
15,    1228353,     48.0,     48.0,     48.0,    147.0,  9, 10, 11,  9,    1400872,    1400872,    1400872,    1400872
15,    1404789,     34.0,     33.0,     34.0,    103.0,  9, 10, 11,  9,    2401446,    2401446,    2401446,    2401446
15,    1404863,     18.0,     18.0,     18.0,     55.0,  9, 10, 11,  9,    1523407,    1523407,    1523407,    1523407
15,    2509449,     18.0,     18.0,     18.0,     56.0,  9, 10, 11,  9,    2360323,    2360323,    2360323,    2360323
15,    1228643,     24.0,     24.0,     24.0,     74.0,  9, 10, 11,  9,    1400949,    1400949,    1400949,    1400949
15,    1228648,     24.0,     24.0,     24.0,     75.0,  9, 10, 11,  9,    1400950,    1400950,    1400950,    1400950
15,    1120119,     16.0,     16.0,     15.0,     48.0,  9, 10, 11, 11,    2190520,    2190520,    2190520,    2190520
15,    2529175,     16.0,     16.0,     15.0,     48.0,  9, 10, 11, 11,    2190520,    2190520,    2190520,    2190520
15,    1228346,     50.0,     50.0,     50.0,    154.0,  9, 10, 11, 10,    1400871,    1400871,    1400871,    1400871
15,    1228405,     65.0,     65.0,     64.0,    196.0,  9, 10, 11, 11,    1400883,    1400883,    1400883,    1400883
15,    1228410,     65.0,     65.0,     64.0,    196.0,  9, 10, 11, 11,    1400883,    1400883,    1400883,    1400883
15,    1228427,     65.0,     65.0,     64.0,    195.0,  9, 10, 11, 11,    1400890,    1400890,    1400890,    1400890
15,    1228432,     64.0,     65.0,     64.0,    195.0,  9, 10, 11, 11,    1400890,    1400890,    1400890,    1400890
15,    1228695,     48.0,     48.0,     48.0,    150.0,  9, 10, 11, 11,    1400971,    1400971,    1400971,    1400971
15,    1228732,     24.0,     24.0,     24.0,     74.0,  9, 10, 11,  9,    1400978,    1400978,    1400978,    1400978
15,    1324248,     46.0,     46.0,     46.0,    147.0,  9, 10, 11, 11,    1452297,    1452297,    1452297,    1452297
15,    1405365,     18.0,     18.0,     18.0,     55.0,  9, 10, 11,  9,    1523603,    1523603,    1523603,    1523603
15,    1405420,     18.0,     18.0,     18.0,     55.0,  9, 10, 11,  9,    1523679,    1523679,    1523679,    1523679
15,    1404833,     18.0,     18.0,     18.0,     55.0,  9, 10, 11,  9,    1523388,    1523388,    1523388,    1523388
15,    1425010,     47.0,     47.0,     47.0,    148.0,  9, 10, 11,  9,    1545070,    1545070,    1545070,    1545070
15,    2236235,     23.0,     23.0,     23.0,     72.0,  9, 10, 11, 10,    2184520,    2184520,    2184520,    2184520
15,    2247029,     24.0,     24.0,     22.0,     67.0,  9, 10, 11, 11,    2190481,    2190481,    2190481,    2190481
15,    2247079,     60.0,     59.0,     56.0,    172.0,  9, 10, 11, 11,    1400850,    1400850,    1400850,    1400850
15,    2247119,     16.0,     17.0,     16.0,     48.0,  9, 10, 11, 11,    2190520,    2190520,    2190520,    2190520
15,    2247129,     16.0,     17.0,     16.0,     48.0,  9, 10, 11, 11,    2190520,    2190520,    2190520,    2190520
15,    2328532,     24.0,     24.0,     24.0,     74.0,  9, 10, 11,  9,    2239706,    2239706,    2239706,    2239706
15,    2575882,     34.0,     34.0,     33.0,    104.0,  9, 10, 11, 11,    2360112,    2360112,    2360112,    2360121
15,    2575916,     34.0,     34.0,     33.0,    104.0,  9, 10, 11, 11,    2360112,    2360112,    2360112,    2360121
15,    2509068,     35.0,     34.0,     33.0,    105.0,  9, 10, 11, 11,    2360112,    2360112,    2360121,    2360121
15,    2509078,     18.0,     18.0,     18.0,     55.0,  9, 10, 11, 10,    2360115,    2360115,    2360115,    2360115
15,    2576346,     35.0,     35.0,     34.0,    106.0,  9, 10, 11, 11,    2360121,    2360121,    2360121,    2360121
15,    2509084,     36.0,     35.0,     35.0,    107.0,  9, 10, 11, 11,    2360121,    2360121,    2360121,    2360121
15,    2509097,     18.0,     18.0,     18.0,     55.0,  9, 10, 11, 10,    2360126,    2360126,    2360126,    2360126
15,    2703458,     28.0,     28.0,     28.0,     90.0,  1,  2,  3,  3,    2509116,    2509116,    2509116,    2509116
15,    2703462,     26.0,     26.0,     26.0,     83.0,  1,  2,  3,  3,    2509116,    2509116,    2509116,    2509116
15,    2509121,     17.0,     17.0,     17.0,     54.0,  9, 10, 11,  9,    2360137,    2360137,    2360137,    2360137
15,    2509126,     17.0,     17.0,     17.0,     54.0,  9, 10, 11,  9,    2360139,    2360139,    2360139,    2360139
15,    2509444,     35.0,     36.0,     36.0,    110.0,  9, 10, 11,  9,    1400941,    1400941,    1400941,    1400941
15,    2577668,     16.0,     16.0,     15.0,     48.0,  9, 10, 11, 11,    2190520,    2190520,    2190520,    2190520
15,      43461,     16.0,     16.0,     15.0,     48.0,  9, 10, 11, 11,    2190520,    2190520,    2190520,    2190520
15,      43462,     16.0,     16.0,     15.0,     48.0,  9, 10, 11, 11,    2190520,    2190520,    2190520,    2190520
15,    2573700,     34.0,     34.0,     34.0,    104.0,  9, 10, 11,  9,    2401446,    2401446,    2401446,    2401446
15,    1404891,     13.0,     14.0,     14.0,     44.0,  1,  2,  3,  1,    1404891,    1404891,    1404891,    1404891
15,    2575291,     18.0,     19.0,     19.0,     60.0,  1,  2,  3,  1,    1404891,    1404891,    1404891,    1404891
15,    1120124,     16.0,     16.0,     15.0,     48.0,  9, 10, 11, 11,    2190520,    2190520,    2190520,    2190520
15,    2579163,     16.0,     17.0,     15.0,     48.0,  9, 10, 11, 11,    2190520,    2190520,    2190520,    2190520
15,    2537293,     41.0,     40.0,     39.0,    126.0,  1,  2,  3,  3,      46636,      46636,      46636,      46636
15,      46636,     17.0,     17.0,     17.0,     54.0,  9, 10, 11, 11,    1400974,    1400974,    1400974,    1400974
15,    2538890,     24.0,     24.0,     24.0,     73.0,  9, 10, 11, 10,    2382111,    2382111,    2382111,    2382111
15,    2576401,     31.0,     31.0,     31.0,    100.0,  1,  2,  3,  3,    2509116,    2509116,    2509116,    2509116
15,    3549327,     24.0,     24.0,     24.0,     74.0,  9, 10, 11, 10,    2798254,    2798254,    2798254,    2798254
15,    4203471,     36.0,     35.0,     34.0,    106.0,  9, 10, 11, 11,    2360121,    2360121,    2360121,    2360121
16,    3744865,     15.0,     16.0,     16.0,     48.0,  9, 10, 11,  9,    2190520,    2190520,    2190520,    2190520
16,    2573500,     62.0,     60.0,     59.0,    181.0,  9, 10, 11, 11,    1400850,    1400850,    1400850,    1400850
16,    2509089,     18.0,     18.0,     18.0,     56.0,  9, 10, 11,  9,    2360124,    2360124,    2360124,    2360124
16,    2580468,     51.0,     50.0,     49.0,    156.0,  9, 10, 11, 11,    2404865,    2404865,    2404865,    2404865
16,    2580496,     46.0,     44.0,     44.0,    143.0,  1,  2,  3,  3,      46636,      46636,      46636,      46636
16,    1228701,     46.0,     46.0,     46.0,    145.0,  9, 10, 11,  9,      84659,      84659,      84659,      84659
16,    1228569,     50.0,     51.0,     50.0,    152.0,  9, 10, 11,  9,    1400921,    1400921,    1400921,    1400921
16,    1405272,     49.0,     50.0,     50.0,    152.0,  9, 10, 11,  9,    1400921,    1400921,    1400921,    1400921
16,    1228587,     18.0,     18.0,     18.0,     56.0,  9, 10, 11,  9,    1523603,    1523603,    1523603,    1523603
16,    1228353,     47.0,     48.0,     49.0,    146.0,  9, 10, 11,  9,    1400872,    1400872,      84680,    1400872
16,    1404789,     33.0,     34.0,     34.0,    103.0,  9, 10, 11,  9,    2401446,    2401446,    2401446,    2401446
16,    1404863,     18.0,     18.0,     18.0,     55.0,  9, 10, 11,  9,    1523407,    1523407,    1523407,    1523407
16,    2509449,     18.0,     18.0,     18.0,     56.0,  9, 10, 11,  9,    2360323,    2360323,    2360323,    2360323
16,    1228643,     24.0,     24.0,     24.0,     74.0,  9, 10, 11,  9,    1400949,    1400949,    1400949,    1400949
16,    1228648,     24.0,     24.0,     24.0,     75.0,  9, 10, 11,  9,    1400950,    1400950,    1400950,    1400950
16,    1120119,     15.0,     16.0,     16.0,     48.0,  9, 10, 11,  9,    2190520,    2190520,    2190520,    2190520
16,    2529175,     15.0,     16.0,     16.0,     48.0,  9, 10, 11,  9,    2190520,    2190520,    2190520,    2190520
16,    1228346,     50.0,     50.0,     51.0,    154.0,  9, 10, 11, 10,    1400871,    1400871,    1400871,    1400871
16,    1228405,     65.0,     64.0,     64.0,    196.0,  9, 10, 11,  9,    1400883,    1400883,    1400883,    1400883
16,    1228410,     65.0,     64.0,     64.0,    196.0,  9, 10, 11,  9,    1400883,    1400883,    1400883,    1400883
16,    1228427,     64.0,     65.0,     65.0,    195.0,  9, 10, 11,  9,    1400890,    1400890,    1400890,    1400890
16,    1228432,     64.0,     65.0,     65.0,    194.0,  9, 10, 11,  9,    1400890,    1400890,    1400890,    1400890
16,    1228695,     48.0,     48.0,     48.0,    151.0,  9, 10, 11, 10,    1400971,    1400971,    1400971,    1400971
16,    1228732,     24.0,     24.0,     24.0,     74.0,  9, 10, 11,  9,    1400978,    1400978,    1400978,    1400978
16,    1324248,     46.0,     46.0,     46.0,    146.0,  9, 10, 11, 10,    1452297,    1452297,    1452297,    1452297
16,    1405365,     18.0,     18.0,     18.0,     55.0,  9, 10, 11,  9,    1523603,    1523603,    1523603,    1523603
16,    1405420,     18.0,     18.0,     18.0,     55.0,  9, 10, 11,  9,    1523679,    1523679,    1523679,    1523679
16,    1404833,     18.0,     18.0,     18.0,     55.0,  9, 10, 11,  9,    1523388,    1523388,    1523388,    1523388
16,    1425010,     47.0,     47.0,     47.0,    147.0,  9, 10, 11, 10,    1545070,    1545070,    1545070,    1545070
16,    2236235,     23.0,     23.0,     23.0,     73.0,  9, 10, 11,  9,    2184520,    2184520,    2184520,    2184520
16,    2247029,     24.0,     24.0,     22.0,     69.0,  9, 10, 11, 11,    2190481,    2190481,    2190481,    2190481
16,    2247079,     60.0,     59.0,     58.0,    179.0,  9, 10, 11, 11,    1400850,    1400850,    1400850,    1400850
16,    2247119,     16.0,     16.0,     17.0,     49.0,  9, 10, 11,  9,    2190520,    2190520,    2190520,    2190520
16,    2247129,     16.0,     16.0,     16.0,     49.0,  9, 10, 11,  9,    2190520,    2190520,    2190520,    2190520
16,    2328532,     24.0,     24.0,     24.0,     74.0,  9, 10, 11,  9,    2239706,    2239706,    2239706,    2239706
16,    2575882,     34.0,     34.0,     34.0,    106.0,  9, 10, 11, 10,    2360112,    2360112,    2360112,    2360121
16,    2575916,     34.0,     34.0,     34.0,    107.0,  9, 10, 11, 10,    2360112,    2360112,    2360112,    2360121
16,    2509068,     35.0,     34.0,     34.0,    107.0,  9, 10, 11, 10,    2360112,    2360112,    2360121,    2360121
16,    2509078,     18.0,     18.0,     18.0,     55.0,  9, 10, 11, 10,    2360115,    2360115,    2360115,    2360115
16,    2576346,     35.0,     35.0,     35.0,    108.0,  9, 10, 11, 10,    2360121,    2360121,    2360121,    2360121
16,    2509084,     36.0,     35.0,     36.0,    109.0,  9, 10, 11, 10,    2360121,    2360121,    2360121,    2360121
16,    2509097,     18.0,     18.0,     18.0,     55.0,  9, 10, 11, 10,    2360126,    2360126,    2360126,    2360126
16,    2703458,     28.0,     28.0,     28.0,     91.0,  1,  2,  3,  2,    2509116,    2509116,    2509116,    2509116
16,    2703462,     26.0,     26.0,     26.0,     84.0,  1,  2,  3,  2,    2509116,    2509116,    2509116,    2509116
16,    2509121,     17.0,     17.0,     17.0,     54.0,  9, 10, 11,  9,    2360137,    2360137,    2360137,    2360137
16,    2509126,     17.0,     17.0,     17.0,     54.0,  9, 10, 11,  9,    2360139,    2360139,    2360139,    2360139
16,    2509444,     35.0,     36.0,     36.0,    110.0,  9, 10, 11,  9,    1400941,    1400941,    1400941,    1400941
16,    2577668,     15.0,     16.0,     16.0,     48.0,  9, 10, 11,  9,    2190520,    2190520,    2190520,    2190520
16,      43461,     15.0,     16.0,     16.0,     48.0,  9, 10, 11,  9,    2190520,    2190520,    2190520,    2190520
16,      43462,     15.0,     16.0,     16.0,     48.0,  9, 10, 11,  9,    2190520,    2190520,    2190520,    2190520
16,    2573700,     34.0,     34.0,     35.0,    103.0,  9, 10, 11,  9,    2401446,    2401446,    2401446,    2401446
16,    1404891,     13.0,     14.0,     14.0,     43.0,  1,  2,  3,  1,    1404891,    1404891,    1404891,    1404891
16,    2575291,     18.0,     19.0,     19.0,     58.0,  1,  2,  3,  1,    1404891,    1404891,    1404891,    1404891
16,    1120124,     15.0,     16.0,     16.0,     48.0,  9, 10, 11,  9,    2190520,    2190520,    2190520,    2190520
16,    2579163,     16.0,     16.0,     16.0,     49.0,  9, 10, 11,  9,    2190520,    2190520,    2190520,    2190520
16,    2537293,     41.0,     40.0,     39.0,    127.0,  1,  2,  3,  3,      46636,      46636,      46636,      46636
16,      46636,     17.0,     17.0,     17.0,     54.0,  9, 10, 11, 11,    1400974,    1400974,    1400974,    1400974
16,    2538890,     24.0,     24.0,     24.0,     73.0,  9, 10, 11, 10,    2382111,    2382111,    2382111,    2382111
16,    2576401,     31.0,     31.0,     31.0,    101.0,  1,  2,  3,  2,    2509116,    2509116,    2509116,    2509116
16,    3549327,     24.0,     24.0,     24.0,     74.0,  9, 10, 11, 10,    2798254,    2798254,    2798254,    2798254
16,    4203471,     36.0,     35.0,     35.0,    109.0,  9, 10, 11, 10,    2360121,    2360121,    2360121,    2360121
17,    3744865,     15.0,     16.0,     16.0,     47.0,  9, 10, 11,  9,    2190520,    2190520,    2190520,    2190520
17,    2573500,     61.0,     60.0,     59.0,    181.0,  9, 10, 11, 11,    1400850,    1400850,    1400850,    1400850
17,    2509089,     18.0,     18.0,     18.0,     56.0,  9, 10, 11,  9,    2360124,    2360124,    2360124,    2360124
17,    2580468,     51.0,     51.0,     49.0,    155.0,  9, 10, 11, 11,    2404865,    2404865,    2404865,    2404865
17,    2580496,     45.0,     45.0,     43.0,    140.0,  1,  2,  3,  3,      46636,      46636,      46636,      46636
17,    1228701,     46.0,     46.0,     46.0,    145.0,  9, 10, 11,  9,      84659,      84659,      84659,      84659
17,    1228569,     49.0,     51.0,     50.0,    151.0,  9, 10, 11,  9,    1400921,    1400921,    1400921,    1400921
17,    1405272,     49.0,     50.0,     50.0,    151.0,  9, 10, 11,  9,    1400921,    1400921,    1400921,    1400921
17,    1228587,     18.0,     18.0,     18.0,     55.0,  9, 10, 11,  9,    1523603,    1523603,    1523603,    1523603
17,    1228353,     48.0,     48.0,     49.0,    146.0,  9, 10, 11,  9,    1400872,    1400872,      84680,    1400872
17,    1404789,     33.0,     34.0,     35.0,    103.0,  9, 10, 11,  9,    2401446,    2401446,    2401446,    2401446
17,    1404863,     18.0,     18.0,     18.0,     55.0,  9, 10, 11,  9,    1523407,    1523407,    1523407,    1523407
17,    2509449,     18.0,     18.0,     18.0,     55.0,  9, 10, 11, 10,    2360323,    2360323,    2360323,    2360323
17,    1228643,     24.0,     24.0,     24.0,     74.0,  9, 10, 11,  9,    1400949,    1400949,    1400949,    1400949
17,    1228648,     24.0,     24.0,     24.0,     74.0,  9, 10, 11, 10,    1400950,    1400950,    1400950,    1400950
17,    1120119,     15.0,     16.0,     16.0,     48.0,  9, 10, 11,  9,    2190520,    2190520,    2190520,    2190520
17,    2529175,     15.0,     16.0,     16.0,     47.0,  9, 10, 11,  9,    2190520,    2190520,    2190520,    2190520
17,    1228346,     50.0,     50.0,     51.0,    153.0,  9, 10, 11, 10,    1400871,    1400871,    1400871,    1400871
17,    1228405,     65.0,     64.0,     64.0,    194.0,  9, 10, 11, 10,    1400883,    1400883,    1400883,    1400883
17,    1228410,     65.0,     64.0,     64.0,    195.0,  9, 10, 11, 10,    1400883,    1400883,    1400883,    1400883
17,    1228427,     64.0,     65.0,     65.0,    196.0,  9, 10, 11,  9,    1400890,    1400890,    1400890,    1400890
17,    1228432,     64.0,     65.0,     65.0,    196.0,  9, 10, 11,  9,    1400890,    1400890,    1400890,    1400890
17,    1228695,     48.0,     48.0,     48.0,    150.0,  9, 10, 11, 11,    1400971,    1400971,    1400971,    1400971
17,    1228732,     24.0,     24.0,     24.0,     74.0,  9, 10, 11,  9,    1400978,    1400978,    1400978,    1400978
17,    1324248,     46.0,     46.0,     46.0,    146.0,  9, 10, 11, 10,    1452297,    1452297,    1452297,    1452297
17,    1405365,     18.0,     18.0,     18.0,     55.0,  9, 10, 11,  9,    1523603,    1523603,    1523603,    1523603
17,    1405420,     18.0,     18.0,     18.0,     55.0,  9, 10, 11,  9,    1523679,    1523679,    1523679,    1523679
17,    1404833,     18.0,     18.0,     18.0,     55.0,  9, 10, 11,  9,    1523388,    1523388,    1523388,    1523388
17,    1425010,     47.0,     47.0,     47.0,    148.0,  9, 10, 11,  9,    1545070,    1545070,    1545070,    1545070
17,    2236235,     23.0,     23.0,     23.0,     73.0,  9, 10, 11,  9,    2184520,    2184520,    2184520,    2184520
17,    2247029,     24.0,     24.0,     22.0,     69.0,  9, 10, 11, 11,    2190481,    2190481,    2190481,    2190481
17,    2247079,     60.0,     58.0,     58.0,    179.0,  9, 10, 11, 11,    1400850,    1400850,    1400850,    1400850
17,    2247119,     15.0,     16.0,     17.0,     48.0,  9, 10, 11,  9,    2190520,    2190520,    2190520,    2190520
17,    2247129,     15.0,     16.0,     17.0,     48.0,  9, 10, 11,  9,    2190520,    2190520,    2190520,    2190520
17,    2328532,     24.0,     24.0,     24.0,     74.0,  9, 10, 11,  9,    2239706,    2239706,    2239706,    2239706
17,    2575882,     34.0,     33.0,     34.0,    106.0,  9, 10, 11, 10,    2360112,    2360121,    2360112,    2360121
17,    2575916,     35.0,     34.0,     34.0,    107.0,  9, 10, 11, 10,    2360112,    2360112,    2360121,    2360112
17,    2509068,     35.0,     34.0,     35.0,    107.0,  9, 10, 11, 10,    2360112,    2360112,    2360112,    2360121
17,    2509078,     18.0,     18.0,     18.0,     55.0,  9, 10, 11, 10,    2360115,    2360115,    2360115,    2360115
17,    2576346,     36.0,     35.0,     35.0,    108.0,  9, 10, 11, 10,    2360121,    2360121,    2360121,    2360121
17,    2509084,     36.0,     35.0,     36.0,    109.0,  9, 10, 11, 10,    2360121,    2360121,    2360121,    2360121
17,    2509097,     18.0,     18.0,     18.0,     55.0,  9, 10, 11, 10,    2360126,    2360126,    2360126,    2360126
17,    2703458,     28.0,     28.0,     28.0,     91.0,  1,  2,  3,  2,    2509116,    2509116,    2509116,    2509116
17,    2703462,     26.0,     26.0,     26.0,     84.0,  1,  2,  3,  2,    2509116,    2509116,    2509116,    2509116
17,    2509121,     17.0,     17.0,     17.0,     54.0,  9, 10, 11,  9,    2360137,    2360137,    2360137,    2360137
17,    2509126,     17.0,     17.0,     17.0,     54.0,  9, 10, 11,  9,    2360139,    2360139,    2360139,    2360139
17,    2509444,     35.0,     35.0,     36.0,    110.0,  9, 10, 11,  9,    1400941,    1400941,    1400941,    1400941
17,    2577668,     15.0,     16.0,     16.0,     48.0,  9, 10, 11,  9,    2190520,    2190520,    2190520,    2190520
17,      43461,     15.0,     16.0,     16.0,     47.0,  9, 10, 11,  9,    2190520,    2190520,    2190520,    2190520
17,      43462,     15.0,     16.0,     16.0,     48.0,  9, 10, 11,  9,    2190520,    2190520,    2190520,    2190520
17,    2573700,     34.0,     34.0,     35.0,    103.0,  9, 10, 11,  9,    2401446,    2401446,    2401446,    2401446
17,    1404891,     13.0,     14.0,     14.0,     42.0,  1,  2,  3,  1,    1404891,    1404891,    1404891,    1404891
17,    2575291,     17.0,     19.0,     19.0,     56.0,  1,  2,  3,  1,    1404891,    1404891,    1404891,    1404891
17,    1120124,     15.0,     16.0,     16.0,     47.0,  9, 10, 11,  9,    2190520,    2190520,    2190520,    2190520
17,    2579163,     15.0,     16.0,     16.0,     48.0,  9, 10, 11,  9,    2190520,    2190520,    2190520,    2190520
17,    2537293,     41.0,     40.0,     39.0,    125.0,  1,  2,  3,  3,      46636,      46636,      46636,      46636
17,      46636,     17.0,     17.0,     17.0,     54.0,  9, 10, 11, 11,    1400974,    1400974,    1400974,    1400974
17,    2538890,     24.0,     24.0,     24.0,     73.0,  9, 10, 11, 10,    2382111,    2382111,    2382111,    2382111
17,    2576401,     31.0,     31.0,     31.0,    101.0,  1,  2,  3,  2,    2509116,    2509116,    2509116,    2509116
17,    3549327,     24.0,     24.0,     24.0,     73.0,  9, 10, 11, 10,    2798254,    2798254,    2798254,    2798254
17,    4203471,     36.0,     35.0,     35.0,    108.0,  9, 10, 11, 10,    2360121,    2360121,    2360121,    2360121
18,    3744865,     15.0,     16.0,     16.0,     47.0,  9, 10, 11,  9,    2190520,    2190520,    2190520,    2190520
18,    2573500,     61.0,     60.0,     59.0,    180.0,  9, 10, 11, 11,    1400850,    1400850,    1400850,    1400850
18,    2509089,     18.0,     18.0,     18.0,     56.0,  9, 10, 11,  9,    2360124,    2360124,    2360124,    2360124
18,    2580468,     51.0,     50.0,     48.0,    153.0,  9, 10, 11, 11,    2404865,    2404865,    2404865,    2404865
18,    2580496,     46.0,     45.0,     43.0,    139.0,  1,  2,  3,  3,      46636,      46636,      46636,      46636
18,    1228701,     46.0,     46.0,     46.0,    144.0,  9, 10, 11, 11,      84659,      84659,      84659,      84659
18,    1228569,     50.0,     51.0,     50.0,    154.0,  9, 10, 11,  9,    1400921,    1400921,    1400921,    1400921
18,    1405272,     50.0,     50.0,     50.0,    154.0,  9, 10, 11,  9,    1400921,    1400921,    1400921,    1400921
18,    1228587,     18.0,     18.0,     18.0,     55.0,  9, 10, 11,  9,    1523603,    1523603,    1523603,    1523603
18,    1228353,     49.0,     49.0,     49.0,    149.0,  9, 10, 11,  9,      84680,      84680,      84680,      84680
18,    1404789,     34.0,     35.0,     35.0,    106.0,  9, 10, 11,  9,    2401446,    2401446,    2401446,    2401446
18,    1404863,     18.0,     18.0,     18.0,     55.0,  9, 10, 11,  9,    1523407,    1523407,    1523407,    1523407
18,    2509449,     18.0,     18.0,     18.0,     55.0,  9, 10, 11, 10,    2360323,    2360323,    2360323,    2360323
18,    1228643,     24.0,     24.0,     24.0,     74.0,  9, 10, 11,  9,    1400949,    1400949,    1400949,    1400949
18,    1228648,     24.0,     24.0,     24.0,     75.0,  9, 10, 11,  9,    1400950,    1400950,    1400950,    1400950
18,    1120119,     15.0,     16.0,     16.0,     47.0,  9, 10, 11,  9,    2190520,    2190520,    2190520,    2190520
18,    2529175,     15.0,     16.0,     16.0,     47.0,  9, 10, 11,  9,    2190520,    2190520,    2190520,    2190520
18,    1228346,     50.0,     50.0,     51.0,    154.0,  9, 10, 11, 10,    1400871,    1400871,    1400871,    1400871
18,    1228405,     64.0,     64.0,     64.0,    196.0,  9, 10, 11,  9,    1400883,    1400883,    1400883,    1400883
18,    1228410,     64.0,     64.0,     64.0,    196.0,  9, 10, 11,  9,    1400883,    1400883,    1400883,    1400883
18,    1228427,     64.0,     65.0,     64.0,    194.0,  9, 10, 11, 11,    1400890,    1400890,    1400890,    1400890
18,    1228432,     64.0,     65.0,     64.0,    194.0,  9, 10, 11, 11,    1400890,    1400890,    1400890,    1400890
18,    1228695,     48.0,     48.0,     48.0,    150.0,  9, 10, 11, 11,    1400971,    1400971,    1400971,    1400971
18,    1228732,     24.0,     24.0,     24.0,     74.0,  9, 10, 11,  9,    1400978,    1400978,    1400978,    1400978
18,    1324248,     46.0,     46.0,     46.0,    148.0,  9, 10, 11,  9,    1452297,    1452297,    1452297,    1452297
18,    1405365,     18.0,     18.0,     18.0,     55.0,  9, 10, 11,  9,    1523603,    1523603,    1523603,    1523603
18,    1405420,     18.0,     18.0,     18.0,     55.0,  9, 10, 11,  9,    1523679,    1523679,    1523679,    1523679
18,    1404833,     18.0,     18.0,     18.0,     55.0,  9, 10, 11,  9,    1523388,    1523388,    1523388,    1523388
18,    1425010,     47.0,     47.0,     47.0,    148.0,  9, 10, 11,  9,    1545070,    1545070,    1545070,    1545070
18,    2236235,     23.0,     21.0,     23.0,     67.0,  9, 10, 11, 10,    2184520,    2184520,    2184520,    2184520
18,    2247029,     24.0,     24.0,     22.0,     68.0,  9, 10, 11, 11,    2190481,    2190481,    2190481,    2190481
18,    2247079,     60.0,     59.0,     58.0,    178.0,  9, 10, 11, 11,    1400850,    1400850,    1400850,    1400850
18,    2247119,     15.0,     16.0,     16.0,     47.0,  9, 10, 11,  9,    2190520,    2190520,    2190520,    2190520
18,    2247129,     15.0,     16.0,     16.0,     47.0,  9, 10, 11,  9,    2190520,    2190520,    2190520,    2190520
18,    2328532,     24.0,     24.0,     24.0,     74.0,  9, 10, 11,  9,    2239706,    2239706,    2239706,    2239706
18,    2575882,     34.0,     33.0,     34.0,    105.0,  9, 10, 11, 10,    2360112,    2360112,    2360112,    2360121
18,    2575916,     35.0,     34.0,     34.0,    106.0,  9, 10, 11, 10,    2360112,    2360112,    2360112,    2360112
18,    2509068,     35.0,     34.0,     34.0,    106.0,  9, 10, 11, 10,    2360112,    2360112,    2360121,    2360121
18,    2509078,     18.0,     18.0,     18.0,     55.0,  9, 10, 11, 10,    2360115,    2360115,    2360115,    2360115
18,    2576346,     35.0,     34.0,     35.0,    107.0,  9, 10, 11, 10,    2360121,    2360121,    2360121,    2360121
18,    2509084,     36.0,     35.0,     36.0,    108.0,  9, 10, 11, 10,    2360121,    2360121,    2360121,    2360121
18,    2509097,     18.0,     18.0,     18.0,     55.0,  9, 10, 11, 10,    2360126,    2360126,    2360126,    2360126
18,    2703458,     28.0,     28.0,     28.0,     90.0,  1,  2,  3,  2,    2509116,    2509116,    2509116,    2509116
18,    2703462,     26.0,     26.0,     26.0,     83.0,  1,  2,  3,  2,    2509116,    2509116,    2509116,    2509121
18,    2509121,     17.0,     17.0,     17.0,     54.0,  9, 10, 11,  9,    2360137,    2360137,    2360137,    2360137
18,    2509126,     17.0,     17.0,     17.0,     54.0,  9, 10, 11,  9,    2360139,    2360139,    2360139,    2360139
18,    2509444,     35.0,     35.0,     36.0,    109.0,  9, 10, 11,  9,    1400941,    1400941,    1400941,    1400941
18,    2577668,     15.0,     16.0,     16.0,     47.0,  9, 10, 11,  9,    2190520,    2190520,    2190520,    2190520
18,      43461,     15.0,     16.0,     16.0,     47.0,  9, 10, 11,  9,    2190520,    2190520,    2190520,    2190520
18,      43462,     15.0,     16.0,     16.0,     47.0,  9, 10, 11,  9,    2190520,    2190520,    2190520,    2190520
18,    2573700,     35.0,     35.0,     35.0,    106.0,  9, 10, 11,  9,    2401446,    2401446,    2401446,    2401446
18,    1404891,     13.0,     14.0,     14.0,     43.0,  1,  2,  3,  1,    1404891,    1404891,    1404891,    1404891
18,    2575291,     18.0,     19.0,     19.0,     58.0,  1,  2,  3,  1,    1404891,    1404891,    1404891,    1404891
18,    1120124,     15.0,     16.0,     16.0,     47.0,  9, 10, 11,  9,    2190520,    2190520,    2190520,    2190520
18,    2579163,     15.0,     16.0,     16.0,     47.0,  9, 10, 11,  9,    2190520,    2190520,    2190520,    2190520
18,    2537293,     41.0,     40.0,     38.0,    124.0,  1,  2,  3,  3,      46636,      46636,      46636,      46636
18,      46636,     17.0,     17.0,     17.0,     54.0,  9, 10, 11, 11,    1400974,    1400974,    1400974,    1400974
18,    2538890,     24.0,     24.0,     24.0,     73.0,  9, 10, 11, 10,    2382111,    2382111,    2382111,    2382111
18,    2576401,     31.0,     31.0,     31.0,    100.0,  1,  2,  3,  2,    2509116,    2509116,    2509116,    2509116
18,    3549327,     24.0,     24.0,     24.0,     74.0,  9, 10, 11, 10,    2798254,    2798254,    2798254,    2798254
18,    4203471,     36.0,     35.0,     35.0,    107.0,  9, 10, 11, 10,    2360121,    2360121,    2360121,    2360121
19,    3744865,     14.0,     15.0,     16.0,     44.0,  9, 10, 11,  9,    2190520,    2190520,    2190520,    2190520
19,    2573500,     60.0,     59.0,     58.0,    178.0,  9, 10, 11, 11,    1400850,    1400850,    1400850,    1400850
19,    2509089,     18.0,     18.0,     18.0,     56.0,  9, 10, 11,  9,    2360124,    2360124,    2360124,    2360124
19,    2580468,     50.0,     49.0,     48.0,    154.0,  9, 10, 11, 11,    2404865,    2404865,    2404865,    2404865
19,    2580496,     45.0,     43.0,     43.0,    139.0,  1,  2,  3,  3,      46636,      46636,      46636,      46636
19,    1228701,     46.0,     46.0,     46.0,    145.0,  9, 10, 11,  9,      84659,      84659,      84659,      84659
19,    1228569,     50.0,     51.0,     50.0,    154.0,  9, 10, 11,  9,    1400921,    1400921,    1400921,    1400921
19,    1405272,     50.0,     50.0,     50.0,    153.0,  9, 10, 11,  9,    1400921,    1400921,    1400921,    1400921
19,    1228587,     18.0,     18.0,     18.0,     55.0,  9, 10, 11,  9,    1523603,    1523603,    1523603,    1523603
19,    1228353,     49.0,     49.0,     49.0,    149.0,  9, 10, 11,  9,      84680,      84680,      84680,      84680
19,    1404789,     34.0,     35.0,     35.0,    106.0,  9, 10, 11,  9,    2401446,    2401446,    2401446,    2401446
19,    1404863,     18.0,     18.0,     18.0,     55.0,  9, 10, 11,  9,    1523407,    1523407,    1523407,    1523407
19,    2509449,     18.0,     18.0,     18.0,     56.0,  9, 10, 11,  9,    2360323,    2360323,    2360323,    2360323
19,    1228643,     24.0,     24.0,     24.0,     74.0,  9, 10, 11,  9,    1400949,    1400949,    1400949,    1400949
19,    1228648,     24.0,     24.0,     24.0,     75.0,  9, 10, 11,  9,    1400950,    1400950,    1400950,    1400950
19,    1120119,     14.0,     15.0,     16.0,     45.0,  9, 10, 11,  9,    2190520,    2190520,    2190520,    2190520
19,    2529175,     14.0,     15.0,     16.0,     44.0,  9, 10, 11,  9,    2190520,    2190520,    2190520,    2190520
19,    1228346,     50.0,     49.0,     51.0,    151.0,  9, 10, 11, 10,    1400871,    1400871,    1400871,    1400871
19,    1228405,     64.0,     65.0,     64.0,    194.0,  9, 10, 11,  9,    1400883,    1400883,    1400883,    1400883
19,    1228410,     64.0,     65.0,     64.0,    194.0,  9, 10, 11,  9,    1400883,    1400883,    1400883,    1400883
19,    1228427,     64.0,     63.0,     63.0,    192.0,  9, 10, 11, 10,    1400890,    1400890,    1400890,    1400890
19,    1228432,     64.0,     63.0,     63.0,    192.0,  9, 10, 11, 10,    1400890,    1400890,    1400890,    1400890
19,    1228695,     48.0,     48.0,     48.0,    151.0,  9, 10, 11,  9,    1400971,    1400971,    1400971,    1400971
19,    1228732,     24.0,     24.0,     24.0,     74.0,  9, 10, 11,  9,    1400978,    1400978,    1400978,    1400978
19,    1324248,     46.0,     46.0,     46.0,    146.0,  9, 10, 11, 10,    1452297,    1452297,    1452297,    1452297
19,    1405365,     18.0,     18.0,     18.0,     55.0,  9, 10, 11,  9,    1523603,    1523603,    1523603,    1523603
19,    1405420,     18.0,     18.0,     18.0,     55.0,  9, 10, 11,  9,    1523679,    1523679,    1523679,    1523679
19,    1404833,     18.0,     18.0,     18.0,     55.0,  9, 10, 11,  9,    1523388,    1523388,    1523388,    1523388
19,    1425010,     47.0,     46.0,     47.0,    146.0,  9, 10, 11, 10,    1545070,    1545070,    1545070,    1545070
19,    2236235,     23.0,     22.0,     23.0,     68.0,  9, 10, 11, 10,    2184520,    2184520,    2184520,    2184520
19,    2247029,     24.0,     24.0,     22.0,     68.0,  9, 10, 11, 11,    2190481,    2190481,    2190481,    2190481
19,    2247079,     59.0,     58.0,     57.0,    176.0,  9, 10, 11, 11,    1400850,    1400850,    1400850,    1400850
19,    2247119,     14.0,     16.0,     16.0,     45.0,  9, 10, 11,  9,    2190520,    2190520,    2190520,    2190520
19,    2247129,     14.0,     16.0,     16.0,     45.0,  9, 10, 11,  9,    2190520,    2190520,    2190520,    2190520
19,    2328532,     24.0,     24.0,     24.0,     73.0,  9, 10, 11, 10,    2239706,    2239706,    2239706,    2239706
19,    2575882,     34.0,     33.0,     33.0,    105.0,  9, 10, 11, 10,    2360112,    2360121,    2360121,    2360121
19,    2575916,     35.0,     34.0,     34.0,    106.0,  9, 10, 11, 10,    2360112,    2360112,    2360112,    2360121
19,    2509068,     35.0,     34.0,     34.0,    106.0,  9, 10, 11, 10,    2360112,    2360112,    2360121,    2360121
19,    2509078,     18.0,     18.0,     18.0,     55.0,  9, 10, 11, 10,    2360115,    2360115,    2360115,    2360115
19,    2576346,     35.0,     34.0,     34.0,    107.0,  9, 10, 11, 10,    2360121,    2360121,    2360121,    2360121
19,    2509084,     36.0,     35.0,     35.0,    108.0,  9, 10, 11, 10,    2360121,    2360121,    2360121,    2360121
19,    2509097,     18.0,     18.0,     18.0,     55.0,  9, 10, 11, 10,    2360126,    2360126,    2360126,    2360126
19,    2703458,     28.0,     28.0,     28.0,     90.0,  1,  2,  3,  2,    2509116,    2509116,    2509116,    2509116
19,    2703462,     26.0,     26.0,     26.0,     83.0,  1,  2,  3,  2,    2509116,    2509116,    2509116,    2509121
19,    2509121,     17.0,     17.0,     17.0,     53.0,  9, 10, 11, 10,    2360137,    2360137,    2360137,    2360137
19,    2509126,     17.0,     17.0,     17.0,     54.0,  9, 10, 11,  9,    2360139,    2360139,    2360139,    2360139
19,    2509444,     35.0,     36.0,     36.0,    110.0,  9, 10, 11,  9,    1400941,    1400941,    1400941,    1400941
19,    2577668,     14.0,     15.0,     16.0,     45.0,  9, 10, 11,  9,    2190520,    2190520,    2190520,    2190520
19,      43461,     14.0,     15.0,     16.0,     44.0,  9, 10, 11,  9,    2190520,    2190520,    2190520,    2190520
19,      43462,     14.0,     15.0,     16.0,     45.0,  9, 10, 11,  9,    2190520,    2190520,    2190520,    2190520
19,    2573700,     35.0,     35.0,     35.0,    107.0,  9, 10, 11,  9,    2401446,    2401446,    2401446,    2401446
19,    1404891,     13.0,     14.0,     14.0,     44.0,  1,  2,  3,  1,    1404891,    1404891,    1404891,    1404891
19,    2575291,     18.0,     19.0,     19.0,     60.0,  1,  2,  3,  1,    1404891,    1404891,    1404891,    1404891
19,    1120124,     14.0,     15.0,     16.0,     44.0,  9, 10, 11,  9,    2190520,    2190520,    2190520,    2190520
19,    2579163,     14.0,     15.0,     16.0,     45.0,  9, 10, 11,  9,    2190520,    2190520,    2190520,    2190520
19,    2537293,     40.0,     39.0,     38.0,    124.0,  1,  2,  3,  3,      46636,      46636,      46636,      46636
19,      46636,     17.0,     17.0,     17.0,     54.0,  9, 10, 11, 10,    1400974,    1400974,    1400974,    1400974
19,    2538890,     24.0,     23.0,     24.0,     73.0,  9, 10, 11, 10,    2382111,    2382111,    2382111,    2382111
19,    2576401,     31.0,     31.0,     31.0,    100.0,  1,  2,  3,  2,    2509116,    2509116,    2509116,    2509116
19,    3549327,     24.0,     24.0,     24.0,     72.0,  9, 10, 11, 10,    2798254,    2798254,    2798254,    2798254
19,    4203471,     36.0,     35.0,     35.0,    107.0,  9, 10, 11, 10,    2360121,    2360121,    2360121,    2360121
20,    3744865,     13.0,     14.0,     14.0,     41.0,  9, 10, 11,  9,    2190520,    2190520,    2190520,    2190520
20,    2573500,     59.0,     57.0,     56.0,    171.0,  9, 10, 11, 11,    1400850,    1400850,    1400850,    1400850
20,    2509089,     18.0,     18.0,     18.0,     56.0,  9, 10, 11,  9,    2360124,    2360124,    2360124,    2360124
20,    2580468,     50.0,     47.0,     48.0,    151.0,  9, 10, 11, 10,    2404865,    2404865,    2404865,    2404865
20,    2580496,     44.0,     41.0,     41.0,    133.0,  1,  2,  3,  2,      46636,      46636,      46636,      46636
20,    1228701,     46.0,     46.0,     46.0,    144.0,  9, 10, 11, 10,      84659,      84659,      84659,      84659
20,    1228569,     50.0,     51.0,     50.0,    155.0,  9, 10, 11,  9,    1400921,    1400921,    1400921,    1400921
20,    1405272,     50.0,     50.0,     50.0,    154.0,  9, 10, 11,  9,    1400921,    1400921,    1400921,    1400921
20,    1228587,     18.0,     18.0,     18.0,     56.0,  9, 10, 11,  9,    1523603,    1523603,    1523603,    1523603
20,    1228353,     48.0,     48.0,     49.0,    149.0,  9, 10, 11,  9,    1400872,    1400872,      84680,      84680
20,    1404789,     34.0,     34.0,     35.0,    105.0,  9, 10, 11,  9,    2401446,    2401446,    2401446,    2401446
20,    1404863,     18.0,     18.0,     18.0,     55.0,  9, 10, 11,  9,    1523407,    1523407,    1523407,    1523407
20,    2509449,     18.0,     18.0,     18.0,     56.0,  9, 10, 11,  9,    2360323,    2360323,    2360323,    2360323
20,    1228643,     24.0,     24.0,     24.0,     74.0,  9, 10, 11,  9,    1400949,    1400949,    1400949,    1400949
20,    1228648,     24.0,     24.0,     24.0,     74.0,  9, 10, 11, 10,    1400950,    1400950,    1400950,    1400950
20,    1120119,     13.0,     14.0,     14.0,     41.0,  9, 10, 11,  9,    2190520,    2190520,    2190520,    2190520
20,    2529175,     13.0,     14.0,     14.0,     41.0,  9, 10, 11,  9,    2190520,    2190520,    2190520,    2190520
20,    1228346,     50.0,     49.0,     50.0,    150.0,  9, 10, 11, 10,    1400871,    1400871,    1400871,    1400871
20,    1228405,     64.0,     63.0,     64.0,    193.0,  9, 10, 11, 10,    1400883,    1400883,    1400883,    1400883
20,    1228410,     64.0,     63.0,     64.0,    193.0,  9, 10, 11, 10,    1400883,    1400883,    1400883,    1400883
20,    1228427,     63.0,     64.0,     64.0,    192.0,  9, 10, 11,  9,    1400890,    1400890,    1400890,    1400890
20,    1228432,     63.0,     64.0,     64.0,    192.0,  9, 10, 11,  9,    1400890,    1400890,    1400890,    1400890
20,    1228695,     48.0,     48.0,     48.0,    150.0,  9, 10, 11, 10,    1400971,    1400971,    1400971,    1400971
20,    1228732,     24.0,     24.0,     24.0,     74.0,  9, 10, 11,  9,    1400978,    1400978,    1400978,    1400978
20,    1324248,     46.0,     45.0,     46.0,    145.0,  9, 10, 11, 10,    1452297,    1452297,    1452297,    1452297
20,    1405365,     18.0,     18.0,     18.0,     55.0,  9, 10, 11,  9,    1523603,    1523603,    1523603,    1523603
20,    1405420,     18.0,     18.0,     18.0,     55.0,  9, 10, 11,  9,    1523679,    1523679,    1523679,    1523679
20,    1404833,     18.0,     18.0,     18.0,     55.0,  9, 10, 11,  9,    1523388,    1523388,    1523388,    1523388
20,    1425010,     45.0,     47.0,     45.0,    143.0,  9, 10, 11,  9,    1545070,    1545070,    1545070,    1545070
20,    2236235,     23.0,     23.0,     23.0,     72.0,  9, 10, 11, 10,    2184520,    2184520,    2184520,    2184520
20,    2247029,     24.0,     24.0,     21.0,     66.0,  9, 10, 11, 11,    2190481,    2190481,    2190481,    2190481
20,    2247079,     58.0,     55.0,     55.0,    169.0,  9, 10, 11, 11,    1400850,    1400850,    1400850,    1400850
20,    2247119,     13.0,     14.0,     14.0,     42.0,  9, 10, 11,  9,    2190520,    2190520,    2190520,    2190520
20,    2247129,     13.0,     14.0,     14.0,     42.0,  9, 10, 11,  9,    2190520,    2190520,    2190520,    2190520
20,    2328532,     24.0,     24.0,     24.0,     74.0,  9, 10, 11,  9,    2239706,    2239706,    2239706,    2239706
20,    2575882,     34.0,     33.0,     34.0,    104.0,  9, 10, 11, 10,    2360112,    2360121,    2360112,    2360121
20,    2575916,     34.0,     33.0,     34.0,    105.0,  9, 10, 11, 10,    2360112,    2360121,    2360112,    2360121
20,    2509068,     35.0,     34.0,     34.0,    105.0,  9, 10, 11, 10,    2360112,    2360112,    2360112,    2360121
20,    2509078,     18.0,     18.0,     18.0,     55.0,  9, 10, 11,  9,    2360115,    2360115,    2360115,    2360115
20,    2576346,     35.0,     34.0,     35.0,    106.0,  9, 10, 11, 10,    2360121,    2360121,    2360121,    2360121
20,    2509084,     36.0,     35.0,     35.0,    107.0,  9, 10, 11, 10,    2360121,    2360121,    2360121,    2360121
20,    2509097,     18.0,     17.0,     18.0,     53.0,  9, 10, 11, 10,    2360126,    2360126,    2360126,    2360126
20,    2703458,     28.0,     28.0,     28.0,     90.0,  1,  2,  3,  2,    2509116,    2509116,    2509116,    2509116
20,    2703462,     26.0,     26.0,     26.0,     83.0,  1,  2,  3,  2,    2509116,    2509116,    2509116,    2509116
20,    2509121,     17.0,     17.0,     17.0,     53.0,  9, 10, 11, 10,    2360137,    2360137,    2360137,    2360137
20,    2509126,     17.0,     17.0,     17.0,     54.0,  9, 10, 11,  9,    2360139,    2360139,    2360139,    2360139
20,    2509444,     35.0,     36.0,     36.0,    110.0,  9, 10, 11,  9,    1400941,    1400941,    1400941,    1400941
20,    2577668,     13.0,     14.0,     14.0,     41.0,  9, 10, 11,  9,    2190520,    2190520,    2190520,    2190520
20,      43461,     13.0,     14.0,     14.0,     41.0,  9, 10, 11,  9,    2190520,    2190520,    2190520,    2190520
20,      43462,     13.0,     14.0,     14.0,     41.0,  9, 10, 11,  9,    2190520,    2190520,    2190520,    2190520
20,    2573700,     34.0,     34.0,     35.0,    106.0,  9, 10, 11,  9,    2401446,    2401446,    2401446,    2401446
20,    1404891,     13.0,     14.0,     14.0,     44.0,  1,  2,  3,  1,    1404891,    1404891,    1404891,    1404891
20,    2575291,     18.0,     19.0,     19.0,     59.0,  1,  2,  3,  1,    1404891,    1404891,    1404891,    1404891
20,    1120124,     13.0,     14.0,     14.0,     41.0,  9, 10, 11,  9,    2190520,    2190520,    2190520,    2190520
20,    2579163,     13.0,     14.0,     14.0,     42.0,  9, 10, 11,  9,    2190520,    2190520,    2190520,    2190520
20,    2537293,     39.0,     37.0,     37.0,    119.0,  1,  2,  3,  2,      46636,      46636,      46636,      46636
20,      46636,     17.0,     17.0,     17.0,     54.0,  9, 10, 11, 10,    1400974,    1400974,    1400974,    1400974
20,    2538890,     24.0,     23.0,     24.0,     73.0,  9, 10, 11, 10,    2382111,    2382111,    2382111,    2382111
20,    2576401,     31.0,     31.0,     31.0,     99.0,  1,  2,  3,  2,    2509116,    2509116,    2509116,    2509121
20,    3549327,     24.0,     24.0,     24.0,     73.0,  9, 10, 11, 10,    2798254,    2798254,    2798254,    2798254
20,    4203471,     36.0,     34.0,     35.0,    107.0,  9, 10, 11, 10,    2360121,    2360121,    2360121,    2360121
21,    3744865,     14.0,     15.0,     15.0,     44.0,  9, 10, 11,  9,    2190520,    2190520,    2190520,    2190520
21,    2573500,     60.0,     57.0,     57.0,    174.0,  9, 10, 11, 10,    1400850,    1400850,    1400850,    1400850
21,    2509089,     18.0,     18.0,     18.0,     56.0,  9, 10, 11,  9,    2360124,    2360124,    2360124,    2360124
21,    2580468,     50.0,     49.0,     49.0,    155.0,  9, 10, 11, 11,    2404865,    2404865,    2404865,    2404865
21,    2580496,     43.0,     43.0,     42.0,    136.0,  1,  2,  3,  3,      46636,      46636,      46636,      46636
21,    1228701,     46.0,     46.0,     46.0,    144.0,  9, 10, 11, 11,      84659,      84659,      84659,      84659
21,    1228569,     50.0,     51.0,     50.0,    153.0,  9, 10, 11,  9,    1400921,    1400921,    1400921,    1400921
21,    1405272,     50.0,     50.0,     50.0,    153.0,  9, 10, 11,  9,    1400921,    1400921,    1400921,    1400921
21,    1228587,     18.0,     18.0,     18.0,     56.0,  9, 10, 11,  9,    1523603,    1523603,    1523603,    1523603
21,    1228353,     48.0,     48.0,     49.0,    148.0,  9, 10, 11,  9,    1400872,    1400872,      84680,    1400872
21,    1404789,     34.0,     34.0,     35.0,    104.0,  9, 10, 11,  9,    2401446,    2401446,    2401446,    2401446
21,    1404863,     18.0,     18.0,     18.0,     55.0,  9, 10, 11,  9,    1523407,    1523407,    1523407,    1523407
21,    2509449,     18.0,     18.0,     18.0,     55.0,  9, 10, 11, 10,    2360323,    2360323,    2360323,    2360323
21,    1228643,     24.0,     24.0,     24.0,     74.0,  9, 10, 11,  9,    1400949,    1400949,    1400949,    1400949
21,    1228648,     24.0,     24.0,     24.0,     74.0,  9, 10, 11, 10,    1400950,    1400950,    1400950,    1400950
21,    1120119,     14.0,     15.0,     15.0,     44.0,  9, 10, 11,  9,    2190520,    2190520,    2190520,    2190520
21,    2529175,     14.0,     15.0,     15.0,     44.0,  9, 10, 11,  9,    2190520,    2190520,    2190520,    2190520
21,    1228346,     50.0,     49.0,     50.0,    152.0,  9, 10, 11, 10,    1400871,    1400871,    1400871,    1400871
21,    1228405,     64.0,     63.0,     64.0,    191.0,  9, 10, 11, 10,    1400883,    1400883,    1400883,    1400883
21,    1228410,     64.0,     63.0,     64.0,    191.0,  9, 10, 11, 10,    1400883,    1400883,    1400883,    1400883
21,    1228427,     63.0,     64.0,     64.0,    193.0,  9, 10, 11,  9,    1400890,    1400890,    1400890,    1400890
21,    1228432,     63.0,     64.0,     64.0,    193.0,  9, 10, 11,  9,    1400890,    1400890,    1400890,    1400890
21,    1228695,     48.0,     48.0,     48.0,    151.0,  9, 10, 11,  9,    1400971,    1400971,    1400971,    1400971
21,    1228732,     24.0,     24.0,     24.0,     74.0,  9, 10, 11,  9,    1400978,    1400978,    1400978,    1400978
21,    1324248,     45.0,     46.0,     46.0,    145.0,  9, 10, 11,  9,    1452297,    1452297,    1452297,    1452297
21,    1405365,     18.0,     18.0,     18.0,     55.0,  9, 10, 11,  9,    1523603,    1523603,    1523603,    1523603
21,    1405420,     18.0,     18.0,     18.0,     55.0,  9, 10, 11,  9,    1523679,    1523679,    1523679,    1523679
21,    1404833,     18.0,     18.0,     18.0,     55.0,  9, 10, 11,  9,    1523388,    1523388,    1523388,    1523388
21,    1425010,     46.0,     46.0,     46.0,    143.0,  9, 10, 11, 11,    1545070,    1545070,    1545070,    1545070
21,    2236235,     23.0,     23.0,     23.0,     73.0,  9, 10, 11,  9,    2184520,    2184520,    2184520,    2184520
21,    2247029,     24.0,     24.0,     22.0,     67.0,  9, 10, 11, 11,    2190481,    2190481,    2190481,    2190481
21,    2247079,     58.0,     56.0,     56.0,    172.0,  9, 10, 11, 10,    1400850,    1400850,    1400850,    1400850
21,    2247119,     14.0,     16.0,     16.0,     45.0,  9, 10, 11,  9,    2190520,    2190520,    2190520,    2190520
21,    2247129,     14.0,     16.0,     16.0,     45.0,  9, 10, 11,  9,    2190520,    2190520,    2190520,    2190520
21,    2328532,     24.0,     24.0,     24.0,     74.0,  9, 10, 11,  9,    2239706,    2239706,    2239706,    2239706
21,    2575882,     34.0,     33.0,     32.0,    101.0,  9, 10, 11, 11,    2360112,    2360121,    2360121,    2360121
21,    2575916,     34.0,     34.0,     32.0,    102.0,  9, 10, 11, 11,    2360112,    2360112,    2360121,    2360121
21,    2509068,     35.0,     34.0,     33.0,    102.0,  9, 10, 11, 11,    2360112,    2360112,    2360121,    2360121
21,    2509078,     18.0,     18.0,     18.0,     55.0,  9, 10, 11, 10,    2360115,    2360115,    2360115,    2360115
21,    2576346,     35.0,     35.0,     33.0,    103.0,  9, 10, 11, 11,    2360121,    2360121,    2360121,    2360121
21,    2509084,     36.0,     35.0,     34.0,    104.0,  9, 10, 11, 11,    2360121,    2360121,    2360121,    2360121
21,    2509097,     18.0,     18.0,     18.0,     55.0,  9, 10, 11, 10,    2360126,    2360126,    2360126,    2360126
21,    2703458,     28.0,     28.0,     27.0,     89.0,  1,  2,  3,  3,    2509116,    2509116,    2509116,    2509116
21,    2703462,     26.0,     26.0,     25.0,     82.0,  1,  2,  3,  3,    2509116,    2509116,    2509116,    2509116
21,    2509121,     17.0,     17.0,     17.0,     53.0,  9, 10, 11, 10,    2360137,    2360137,    2360137,    2360137
21,    2509126,     17.0,     17.0,     17.0,     54.0,  9, 10, 11,  9,    2360139,    2360139,    2360139,    2360139
21,    2509444,     35.0,     35.0,     36.0,    110.0,  9, 10, 11,  9,    1400941,    1400941,    1400941,    1400941
21,    2577668,     14.0,     15.0,     15.0,     44.0,  9, 10, 11,  9,    2190520,    2190520,    2190520,    2190520
21,      43461,     14.0,     15.0,     15.0,     44.0,  9, 10, 11,  9,    2190520,    2190520,    2190520,    2190520
21,      43462,     14.0,     15.0,     15.0,     44.0,  9, 10, 11,  9,    2190520,    2190520,    2190520,    2190520
21,    2573700,     34.0,     34.0,     35.0,    105.0,  9, 10, 11,  9,    2401446,    2401446,    2401446,    2401446
21,    1404891,     13.0,     14.0,     14.0,     43.0,  1,  2,  3,  1,    1404891,    1404891,    1404891,    1404891
21,    2575291,     18.0,     19.0,     19.0,     58.0,  1,  2,  3,  1,    1404891,    1404891,    1404891,    1404891
21,    1120124,     14.0,     15.0,     15.0,     44.0,  9, 10, 11,  9,    2190520,    2190520,    2190520,    2190520
21,    2579163,     14.0,     16.0,     16.0,     45.0,  9, 10, 11,  9,    2190520,    2190520,    2190520,    2190520
21,    2537293,     39.0,     38.0,     37.0,    122.0,  1,  2,  3,  3,      46636,      46636,      46636,      46636
21,      46636,     17.0,     17.0,     17.0,     54.0,  9, 10, 11,  9,    1400974,    1400974,    1400974,    1400974
21,    2538890,     24.0,     24.0,     24.0,     73.0,  9, 10, 11, 10,    2382111,    2382111,    2382111,    2382111
21,    2576401,     31.0,     31.0,     30.0,     98.0,  1,  2,  3,  3,    2509116,    2509116,    2509116,    2509116
21,    3549327,     24.0,     24.0,     24.0,     74.0,  9, 10, 11, 10,    2798254,    2798254,    2798254,    2798254
21,    4203471,     36.0,     35.0,     33.0,    103.0,  9, 10, 11, 11,    2360121,    2360121,    2360121,    2360121
22,    3744865,     14.0,     15.0,     15.0,     45.0,  9, 10, 11,  9,    2190520,    2190520,    2190520,    2190520
22,    2573500,     60.0,     57.0,     58.0,    175.0,  9, 10, 11, 10,    1400850,    1400850,    1400850,    1400850
22,    2509089,     18.0,     18.0,     18.0,     56.0,  9, 10, 11,  9,    2360124,    2360124,    2360124,    2360124
22,    2580468,     50.0,     49.0,     49.0,    156.0,  9, 10, 11, 11,    2404865,    2404865,    2404865,    2404865
22,    2580496,     45.0,     44.0,     43.0,    139.0,  1,  2,  3,  3,      46636,      46636,      46636,      46636
22,    1228701,     46.0,     46.0,     46.0,    144.0,  9, 10, 11, 11,      84659,      84659,      84659,      84659
22,    1228569,     50.0,     51.0,     50.0,    154.0,  9, 10, 11,  9,    1400921,    1400921,    1400921,    1400921
22,    1405272,     50.0,     50.0,     50.0,    154.0,  9, 10, 11,  9,    1400921,    1400921,    1400921,    1400921
22,    1228587,     18.0,     18.0,     18.0,     56.0,  9, 10, 11,  9,    1523603,    1523603,    1523603,    1523603
22,    1228353,     49.0,     49.0,     49.0,    149.0,  9, 10, 11,  9,      84680,      84680,      84680,      84680
22,    1404789,     35.0,     35.0,     35.0,    107.0,  9, 10, 11,  9,    2401446,    2401446,    2401446,    2401446
22,    1404863,     18.0,     18.0,     18.0,     55.0,  9, 10, 11,  9,    1523407,    1523407,    1523407,    1523407
22,    2509449,     18.0,     18.0,     18.0,     55.0,  9, 10, 11, 10,    2360323,    2360323,    2360323,    2360323
22,    1228643,     24.0,     24.0,     24.0,     74.0,  9, 10, 11,  9,    1400949,    1400949,    1400949,    1400949
22,    1228648,     24.0,     24.0,     24.0,     75.0,  9, 10, 11,  9,    1400950,    1400950,    1400950,    1400950
22,    1120119,     14.0,     15.0,     15.0,     45.0,  9, 10, 11,  9,    2190520,    2190520,    2190520,    2190520
22,    2529175,     14.0,     15.0,     15.0,     45.0,  9, 10, 11,  9,    2190520,    2190520,    2190520,    2190520
22,    1228346,     50.0,     49.0,     51.0,    150.0,  9, 10, 11, 10,    1400871,    1400871,    1400871,    1400871
22,    1228405,     64.0,     64.0,     63.0,    192.0,  9, 10, 11, 11,    1400883,    1400883,    1400883,    1400883
22,    1228410,     64.0,     64.0,     63.0,    192.0,  9, 10, 11, 11,    1400883,    1400883,    1400883,    1400883
22,    1228427,     64.0,     64.0,     63.0,    192.0,  9, 10, 11, 11,    1400890,    1400890,    1400890,    1400890
22,    1228432,     64.0,     64.0,     63.0,    192.0,  9, 10, 11, 11,    1400890,    1400890,    1400890,    1400890
22,    1228695,     48.0,     48.0,     48.0,    150.0,  9, 10, 11,  9,    1400971,    1400971,    1400971,    1400971
22,    1228732,     24.0,     24.0,     24.0,     74.0,  9, 10, 11,  9,    1400978,    1400978,    1400978,    1400978
22,    1324248,     46.0,     46.0,     46.0,    145.0,  9, 10, 11, 11,    1452297,    1452297,    1452297,    1452297
22,    1405365,     18.0,     18.0,     18.0,     55.0,  9, 10, 11,  9,    1523603,    1523603,    1523603,    1523603
22,    1405420,     18.0,     18.0,     18.0,     55.0,  9, 10, 11,  9,    1523679,    1523679,    1523679,    1523679
22,    1404833,     18.0,     18.0,     18.0,     55.0,  9, 10, 11,  9,    1523388,    1523388,    1523388,    1523388
22,    1425010,     46.0,     47.0,     47.0,    146.0,  9, 10, 11,  9,    1545070,    1545070,    1545070,    1545070
22,    2236235,     23.0,     23.0,     23.0,     73.0,  9, 10, 11,  9,    2184520,    2184520,    2184520,    2184520
22,    2247029,     24.0,     24.0,     22.0,     68.0,  9, 10, 11, 11,    2190481,    2190481,    2190481,    2190481
22,    2247079,     59.0,     56.0,     56.0,    173.0,  9, 10, 11, 10,    1400850,    1400850,    1400850,    1400850
22,    2247119,     15.0,     16.0,     16.0,     45.0,  9, 10, 11,  9,    2190520,    2190520,    2190520,    2190520
22,    2247129,     15.0,     16.0,     16.0,     45.0,  9, 10, 11,  9,    2190520,    2190520,    2190520,    2190520
22,    2328532,     24.0,     24.0,     24.0,     74.0,  9, 10, 11,  9,    2239706,    2239706,    2239706,    2239706
22,    2575882,     34.0,     33.0,     33.0,    105.0,  9, 10, 11, 10,    2360112,    2360121,    2360121,    2360121
22,    2575916,     35.0,     34.0,     34.0,    106.0,  9, 10, 11, 10,    2360112,    2360112,    2360112,    2360121
22,    2509068,     35.0,     34.0,     34.0,    106.0,  9, 10, 11, 10,    2360112,    2360112,    2360112,    2360121
22,    2509078,     18.0,     18.0,     18.0,     55.0,  9, 10, 11, 10,    2360115,    2360115,    2360115,    2360115
22,    2576346,     36.0,     35.0,     35.0,    107.0,  9, 10, 11, 10,    2360121,    2360121,    2360121,    2360121
22,    2509084,     36.0,     35.0,     35.0,    108.0,  9, 10, 11, 10,    2360121,    2360121,    2360121,    2360121
22,    2509097,     18.0,     18.0,     18.0,     55.0,  9, 10, 11, 10,    2360126,    2360126,    2360126,    2360126
22,    2703458,     29.0,     28.0,     28.0,     91.0,  1,  2,  3,  2,    2509116,    2509116,    2509116,    2509116
22,    2703462,     26.0,     26.0,     26.0,     84.0,  1,  2,  3,  2,    2509116,    2509116,    2509116,    2509116
22,    2509121,     17.0,     17.0,     17.0,     54.0,  9, 10, 11,  9,    2360137,    2360137,    2360137,    2360137
22,    2509126,     17.0,     17.0,     17.0,     54.0,  9, 10, 11,  9,    2360139,    2360139,    2360139,    2360139
22,    2509444,     35.0,     35.0,     36.0,    110.0,  9, 10, 11,  9,    1400941,    1400941,    1400941,    1400941
22,    2577668,     14.0,     15.0,     15.0,     45.0,  9, 10, 11,  9,    2190520,    2190520,    2190520,    2190520
22,      43461,     14.0,     15.0,     15.0,     45.0,  9, 10, 11,  9,    2190520,    2190520,    2190520,    2190520
22,      43462,     14.0,     15.0,     15.0,     45.0,  9, 10, 11,  9,    2190520,    2190520,    2190520,    2190520
22,    2573700,     35.0,     35.0,     36.0,    107.0,  9, 10, 11,  9,    2401446,    2401446,    2401446,    2401446
22,    1404891,     13.0,     14.0,     14.0,     44.0,  1,  2,  3,  1,    1404891,    1404891,    1404891,    1404891
22,    2575291,     18.0,     19.0,     19.0,     60.0,  1,  2,  3,  1,    1404891,    1404891,    1404891,    1404891
22,    1120124,     14.0,     15.0,     15.0,     45.0,  9, 10, 11,  9,    2190520,    2190520,    2190520,    2190520
22,    2579163,     14.0,     15.0,     16.0,     45.0,  9, 10, 11,  9,    2190520,    2190520,    2190520,    2190520
22,    2537293,     40.0,     39.0,     38.0,    124.0,  1,  2,  3,  3,      46636,      46636,      46636,      46636
22,      46636,     17.0,     17.0,     17.0,     54.0,  9, 10, 11, 11,    1400974,    1400974,    1400974,    1400974
22,    2538890,     24.0,     24.0,     24.0,     73.0,  9, 10, 11, 10,    2382111,    2382111,    2382111,    2382111
22,    2576401,     32.0,     31.0,     31.0,    101.0,  1,  2,  3,  2,    2509116,    2509116,    2509116,    2509116
22,    3549327,     24.0,     24.0,     24.0,     74.0,  9, 10, 11, 10,    2798254,    2798254,    2798254,    2798254
22,    4203471,     36.0,     35.0,     35.0,    108.0,  9, 10, 11, 10,    2360121,    2360121,    2360121,    2360121
23,    3744865,     12.0,     16.0,     15.0,     38.0,  9, 10, 11,  9,    2190520,    2190520,    2190520,    2190520
23,    2573500,     59.0,     60.0,     58.0,    178.0,  9, 10, 11, 11,    1400850,    1400850,    1400850,    1400850
23,    2509089,     18.0,     18.0,     18.0,     56.0,  9, 10, 11,  9,    2360124,    2360124,    2360124,    2360124
23,    2580468,     50.0,     50.0,     50.0,    158.0,  9, 10, 11,  9,    2404865,    2404865,    2404865,    2404865
23,    2580496,     44.0,     45.0,     45.0,    144.0,  1,  2,  3,  1,      46636,      46636,      46636,      46636
23,    1228701,     46.0,     46.0,     46.0,    145.0,  9, 10, 11,  9,      84659,      84659,      84659,      84659
23,    1228569,     50.0,     51.0,     50.0,    154.0,  9, 10, 11,  9,    1400921,    1400921,    1400921,    1400921
23,    1405272,     50.0,     50.0,     50.0,    154.0,  9, 10, 11,  9,    1400921,    1400921,    1400921,    1400921
23,    1228587,     18.0,     18.0,     18.0,     56.0,  9, 10, 11,  9,    1523603,    1523603,    1523603,    1523603
23,    1228353,     49.0,     49.0,     49.0,    149.0,  9, 10, 11,  9,      84680,      84680,      84680,      84680
23,    1404789,     35.0,     36.0,     36.0,    109.0,  9, 10, 11,  9,    2401446,    1523346,    1523346,    2401446
23,    1404863,     18.0,     18.0,     18.0,     55.0,  9, 10, 11,  9,    1523407,    1523407,    1523407,    1523407
23,    2509449,     18.0,     18.0,     18.0,     55.0,  9, 10, 11, 10,    2360323,    2360323,    2360323,    2360323
23,    1228643,     24.0,     24.0,     24.0,     74.0,  9, 10, 11,  9,    1400949,    1400949,    1400949,    1400949
23,    1228648,     24.0,     24.0,     24.0,     74.0,  9, 10, 11, 10,    1400950,    1400950,    1400950,    1400950
23,    1120119,     12.0,     16.0,     16.0,     38.0,  9, 10, 11,  9,    2190520,    2190520,    2190520,    2190520
23,    2529175,     12.0,     16.0,     15.0,     38.0,  9, 10, 11,  9,    2190520,    2190520,    2190520,    2190520
23,    1228346,     51.0,     50.0,     51.0,    153.0,  9, 10, 11, 10,    1400871,    1400871,    1400871,    1400871
23,    1228405,     64.0,     64.0,     64.0,    195.0,  9, 10, 11,  9,    1400883,    1400883,    1400883,    1400883
23,    1228410,     64.0,     64.0,     64.0,    195.0,  9, 10, 11,  9,    1400883,    1400883,    1400883,    1400883
23,    1228427,     64.0,     64.0,     64.0,    195.0,  9, 10, 11,  9,    1400890,    1400890,    1400890,    1400890
23,    1228432,     64.0,     64.0,     64.0,    195.0,  9, 10, 11,  9,    1400890,    1400890,    1400890,    1400890
23,    1228695,     48.0,     48.0,     48.0,    150.0,  9, 10, 11,  9,    1400971,    1400971,    1400971,    1400971
23,    1228732,     24.0,     24.0,     24.0,     74.0,  9, 10, 11,  9,    1400978,    1400978,    1400978,    1400978
23,    1324248,     46.0,     46.0,     47.0,    147.0,  9, 10, 11,  9,    1452297,    1452297,    1452297,    1452297
23,    1405365,     18.0,     18.0,     18.0,     55.0,  9, 10, 11,  9,    1523603,    1523603,    1523603,    1523603
23,    1405420,     18.0,     18.0,     18.0,     55.0,  9, 10, 11,  9,    1523679,    1523679,    1523679,    1523679
23,    1404833,     18.0,     18.0,     18.0,     55.0,  9, 10, 11,  9,    1523388,    1523388,    1523388,    1523388
23,    1425010,     46.0,     47.0,     47.0,    144.0,  9, 10, 11,  9,    1545070,    1545070,    1545070,    1545070
23,    2236235,     23.0,     23.0,     23.0,     73.0,  9, 10, 11,  9,    2184520,    2184520,    2184520,    2184520
23,    2247029,     24.0,     24.0,     22.0,     69.0,  9, 10, 11, 11,    2190481,    2190481,    2190481,    2190481
23,    2247079,     57.0,     59.0,     57.0,    175.0,  9, 10, 11, 11,    1400850,    1400850,    1400850,    1400850
23,    2247119,     13.0,     16.0,     16.0,     39.0,  9, 10, 11,  9,    2190520,    2190520,    2190520,    2190520
23,    2247129,     12.0,     16.0,     16.0,     39.0,  9, 10, 11,  9,    2190520,    2190520,    2190520,    2190520
23,    2328532,     24.0,     24.0,     24.0,     74.0,  9, 10, 11,  9,    2239706,    2239706,    2239706,    2239706
23,    2575882,     34.0,     34.0,     33.0,    106.0,  9, 10, 11, 10,    2360112,    2360112,    2360121,    2360121
23,    2575916,     35.0,     34.0,     34.0,    107.0,  9, 10, 11, 10,    2360112,    2360112,    2360112,    2360121
23,    2509068,     35.0,     34.0,     34.0,    107.0,  9, 10, 11, 10,    2360112,    2360121,    2360121,    2360121
23,    2509078,     18.0,     18.0,     18.0,     55.0,  9, 10, 11, 10,    2360115,    2360115,    2360115,    2360115
23,    2576346,     36.0,     35.0,     35.0,    108.0,  9, 10, 11, 10,    2360121,    2360121,    2360121,    2360121
23,    2509084,     36.0,     35.0,     35.0,    109.0,  9, 10, 11, 10,    2360121,    2360121,    2360121,    2360121
23,    2509097,     18.0,     18.0,     18.0,     55.0,  9, 10, 11, 10,    2360126,    2360126,    2360126,    2360126
23,    2703458,     29.0,     28.0,     28.0,     91.0,  1,  2,  3,  3,    2509116,    2509116,    2509116,    2509116
23,    2703462,     26.0,     26.0,     26.0,     84.0,  1,  2,  3,  3,    2509116,    2509116,    2509116,    2509116
23,    2509121,     17.0,     17.0,     17.0,     54.0,  9, 10, 11,  9,    2360137,    2360137,    2360137,    2360137
23,    2509126,     17.0,     17.0,     17.0,     54.0,  9, 10, 11,  9,    2360139,    2360139,    2360139,    2360139
23,    2509444,     35.0,     35.0,     36.0,    109.0,  9, 10, 11,  9,    1400941,    1400941,    1400941,    1400941
23,    2577668,     12.0,     16.0,     15.0,     38.0,  9, 10, 11,  9,    2190520,    2190520,    2190520,    2190520
23,      43461,     12.0,     16.0,     15.0,     38.0,  9, 10, 11,  9,    2190520,    2190520,    2190520,    2190520
23,      43462,     12.0,     16.0,     15.0,     38.0,  9, 10, 11,  9,    2190520,    2190520,    2190520,    2190520
23,    2573700,     36.0,     36.0,     36.0,    109.0,  9, 10, 11,  9,    2401446,    2401446,    2401446,    2401446
23,    1404891,     14.0,     14.0,     14.0,     45.0,  1,  2,  3,  1,    1404891,    1404891,    1404891,    1404891
23,    2575291,     19.0,     19.0,     19.0,     61.0,  1,  2,  3,  1,    1404891,    1404891,    1404891,    1404891
23,    1120124,     12.0,     16.0,     15.0,     38.0,  9, 10, 11,  9,    2190520,    2190520,    2190520,    2190520
23,    2579163,     12.0,     16.0,     16.0,     39.0,  9, 10, 11,  9,    2190520,    2190520,    2190520,    2190520
23,    2537293,     40.0,     40.0,     40.0,    129.0,  1,  2,  3,  1,      46636,      46636,      46636,      46636
23,      46636,     17.0,     17.0,     17.0,     54.0,  9, 10, 11,  9,    1400974,    1400974,    1400974,    1400974
23,    2538890,     24.0,     23.0,     24.0,     73.0,  9, 10, 11, 10,    2382111,    2382111,    2382111,    2382111
23,    2576401,     32.0,     31.0,     31.0,    101.0,  1,  2,  3,  2,    2509116,    2509116,    2509116,    2509116
23,    3549327,     24.0,     24.0,     24.0,     74.0,  9, 10, 11, 10,    2798254,    2798254,    2798254,    2798254
23,    4203471,     36.0,     35.0,     35.0,    108.0,  9, 10, 11, 11,    2360121,    2360121,    2360121,    2360121
24,    3744865,     20.0,     19.0,     19.0,     62.0, 12, 12, 12, 10,    2190520,    2190520,    2190520,    2190520
24,    2573500,     66.0,     66.0,     69.0,    204.0, 12, 12, 11,  9,    1400850,    1400850,    2190454,    2190454
24,    2509089,     19.0,     19.0,     19.0,     57.0,  9, 10, 11,  9,    2360124,    2360124,    2360124,    2360124
24,    2580468,     63.0,     63.0,     64.0,    186.0, 12, 12, 12,  9,    2404865,    2404865,    2404865,    2404865
24,    2580496,     55.0,     55.0,     56.0,    158.0,  4,  5,  6,  4,      46636,      46636,      46636,      46636
24,    1228701,     54.0,     54.0,     54.0,    158.0,  9, 10, 11,  9,      84659,      84659,      84659,      84659
24,    1228569,     55.0,     54.0,     54.0,    161.0,  9, 10, 11, 10,    1400921,    1400921,    1400921,    1400921
24,    1405272,     55.0,     54.0,     54.0,    161.0,  9, 10, 11, 10,    1400921,    1400921,    1400921,    1400921
24,    1228587,     19.0,     19.0,     19.0,     57.0,  9, 10, 11, 10,    1523603,    1523603,    1523603,    1523603
24,    1228353,     52.0,     52.0,     52.0,    154.0,  9, 10, 11,  9,      84680,      84680,      84680,      84680
24,    1404789,     38.0,     39.0,     38.0,    115.0, 12, 10, 12, 10,    2401446,    1523346,    1523346,    1523346
24,    1404863,     19.0,     19.0,     19.0,     58.0,  9, 10, 11,  9,    1523407,    1523407,    1523407,    1523407
24,    2509449,     19.0,     20.0,     19.0,     57.0,  9, 10, 11,  9,    2360323,    2360323,    2360323,    2360323
24,    1228643,     26.0,     26.0,     25.0,     77.0,  9, 10, 12,  9,    1400949,    1400949,    1400949,    1400949
24,    1228648,     25.0,     26.0,     26.0,     77.0, 12, 10, 11,  9,    1400950,    1400950,    1400950,    1400950
24,    1120119,     20.0,     19.0,     19.0,     62.0, 12, 12, 12, 10,    2190520,    2190520,    2190520,    2190520
24,    2529175,     20.0,     19.0,     19.0,     62.0, 12, 12, 12, 10,    2190520,    2190520,    2190520,    2190520
24,    1228346,     54.0,     54.0,     54.0,    161.0,  9, 10, 11,  9,    1400871,    2219365,    1400871,    1400871
24,    1228405,     67.0,     68.0,     68.0,    204.0, 12, 12, 12,  9,    1400883,    1400883,    1400883,    1400884
24,    1228410,     67.0,     68.0,     68.0,    203.0, 12, 12, 12,  9,    1400883,    1400883,    1400883,    1400885
24,    1228427,     68.0,     67.0,     67.0,    203.0, 12, 12, 12,  9,    1400890,    1400890,    1400891,    1400891
24,    1228432,     68.0,     67.0,     68.0,    204.0, 12, 12, 12, 10,    1400890,    1400890,    1400890,    1400892
24,    1228695,     56.0,     56.0,     56.0,    164.0,  9, 10, 11,  9,    1400971,    1400971,    1400971,    1400971
24,    1228732,     26.0,     26.0,     26.0,     77.0,  9, 10, 11,  9,    1400978,    1400978,    1400978,    1400978
24,    1324248,     57.0,     57.0,     57.0,    167.0, 12, 12, 12,  9,    1452297,    1452297,    1452297,    1452297
24,    1405365,     19.0,     19.0,     19.0,     58.0,  9, 10, 11,  9,    1523603,    1523603,    1523603,    1523603
24,    1405420,     19.0,     19.0,     19.0,     58.0,  9, 10, 11,  9,    1523679,    1523679,    1523679,    1523679
24,    1404833,     19.0,     19.0,     20.0,     58.0,  9, 10, 11,  9,    1523388,    1523388,    1523388,    1523388
24,    1425010,     58.0,     55.0,     55.0,    167.0, 12, 12, 12, 10,    1545070,    1545070,    1545070,    1545070
24,    2236235,     27.0,     26.0,     27.0,     78.0,  9, 12, 11,  9,    2184520,    2184520,    2184520,    2184520
24,    2247029,     24.0,     24.0,     28.0,     77.0, 12, 12, 11,  9,    2190481,    2190481,    2190481,    2190481
24,    2247079,     67.0,     68.0,     70.0,    206.0, 12, 12, 12,  9,    1400850,    1400850,    2190507,    2190508
24,    2247119,     19.0,     19.0,     19.0,     58.0, 12, 12, 12,  9,    2190520,    2190520,    2190520,    2190523
24,    2247129,     19.0,     19.0,     19.0,     61.0, 12, 12, 12, 10,    2190520,    2190520,    2190520,    2190520
24,    2328532,     26.0,     26.0,     26.0,     77.0,  9, 10, 11,  9,    2239706,    2239706,    2239706,    2239706
24,    2575882,     40.0,     41.0,     41.0,    119.0, 12, 10, 11,  9,    2360112,    2360112,    2360112,    2360112
24,    2575916,     40.0,     40.0,     40.0,    118.0, 12, 12, 11, 11,    2360112,    2402554,    2402328,    2402328
24,    2509068,     40.0,     40.0,     40.0,    118.0,  9, 12, 11,  9,    2360112,    2360112,    2360112,    2360112
24,    2509078,     19.0,     19.0,     19.0,     58.0,  9, 10, 11,  9,    2360115,    2360115,    2360115,    2360115
24,    2576346,     39.0,     39.0,     40.0,    117.0, 12, 12, 11,  9,    2360121,    2402554,    2360121,    2360121
24,    2509084,     38.0,     39.0,     39.0,    116.0, 12, 12, 11,  9,    2360121,    2360121,    2360121,    2360121
24,    2509097,     19.0,     19.0,     19.0,     58.0,  9, 10, 11,  9,    2360126,    2360126,    2360126,    2360126
24,    2703458,     31.0,     31.0,     31.0,     88.0,  4,  5,  6,  4,    2509116,    2509116,    2509116,    2509116
24,    2703462,     28.0,     28.0,     28.0,     81.0,  4,  5,  6,  4,    2509116,    2509116,    2509116,    2509116
24,    2509121,     20.0,     20.0,     20.0,     59.0,  9, 10, 11,  9,    2360137,    2360137,    2360137,    2360137
24,    2509126,     20.0,     20.0,     20.0,     59.0,  9, 10, 11,  9,    2360139,    2360139,    2360139,    2360139
24,    2509444,     40.0,     39.0,     39.0,    117.0,  9, 12, 12, 11,    1400941,    1400941,    1400941,    1400941
24,    2577668,     20.0,     19.0,     19.0,     62.0, 12, 12, 12, 10,    2190520,    2190520,    2190520,    2190520
24,      43461,     20.0,     19.0,     19.0,     62.0, 12, 12, 12, 10,    2190520,    2190520,    2190520,    2190520
24,      43462,     20.0,     19.0,     19.0,     62.0, 12, 12, 12, 10,    2190520,    2190520,    2190520,    2190520
24,    2573700,     38.0,     39.0,     38.0,    121.0, 12, 12, 12, 11,    2401446,    2401446,    2401446,    2401446
24,    1404891,     16.0,     15.0,     15.0,     45.0,  4,  5,  6,  5,    1404891,    1404891,    1404891,    1404891
24,    2575291,     21.0,     21.0,     21.0,     60.0,  4,  5,  6,  6,    1404891,    1404891,    1404891,    1404891
24,    1120124,     20.0,     19.0,     19.0,     62.0, 12, 12, 12, 10,    2190520,    2190520,    2190520,    2190520
24,    2579163,     19.0,     19.0,     19.0,     61.0, 12, 12, 12, 10,    2190521,    2190520,    2190520,    2190521
24,    2537293,     49.0,     49.0,     49.0,    141.0,  4,  5,  6,  4,      46636,      46636,      46636,      46636
24,      46636,     20.0,     20.0,     20.0,     58.0,  9, 10, 11,  9,    1400974,    1400974,    1400974,    1400974
24,    2538890,     26.0,     26.0,     26.0,     77.0,  9, 10, 11,  9,    2382111,    2382111,    2382111,    2382111
24,    2576401,     34.0,     34.0,     34.0,     98.0,  4,  5,  6,  4,    2509116,    2509116,    2509116,    2509116
24,    3549327,     25.0,     26.0,     25.0,     76.0,  9, 10, 11,  9,    2798254,    2798254,    2798254,    2798254
24,    4203471,     39.0,     39.0,     40.0,    117.0,  9, 12, 11,  9,    2360121,    2978861,    2360121,    2360121
25,    3744865,     21.0,     19.0,     18.0,     61.0, 12, 12, 12, 10,    2190520,    2190520,    2190521,    2190521
25,    2573500,     67.0,     66.0,     69.0,    204.0, 12, 12, 11,  9,    1400850,    1400850,    2190454,    2190454
25,    2509089,     19.0,     19.0,     19.0,     57.0,  9, 10, 11, 10,    2360124,    2360124,    2360124,    2360124
25,    2580468,     63.0,     62.0,     64.0,    185.0, 12, 12, 12,  9,    2404865,    2404865,    2404865,    2404865
25,    2580496,     54.0,     55.0,     56.0,    154.0,  4,  5,  6,  4,      46636,      46636,      46636,      46636
25,    1228701,     54.0,     54.0,     54.0,    158.0,  9, 10, 11,  9,      84659,      84659,      84659,      84659
25,    1228569,     54.0,     54.0,     54.0,    161.0,  9, 10, 11,  9,    1400921,    1400921,    1400921,    1400921
25,    1405272,     54.0,     54.0,     54.0,    161.0,  9, 10, 11,  9,    1400921,    1400921,    1400921,    1400921
25,    1228587,     19.0,     19.0,     19.0,     57.0,  9, 10, 11,  9,    1523603,    1523603,    1523603,    1523603
25,    1228353,     52.0,     52.0,     52.0,    154.0,  9, 10, 11,  9,      84680,      84680,      84680,      84680
25,    1404789,     39.0,     39.0,     38.0,    116.0,  9, 10, 12, 10,    1523347,    1523346,    1523346,    1523346
25,    1404863,     19.0,     19.0,     19.0,     58.0,  9, 10, 11,  9,    1523407,    1523407,    1523407,    1523407
25,    2509449,     19.0,     20.0,     19.0,     57.0,  9, 10, 11,  9,    2360323,    2360323,    2360323,    2360323
25,    1228643,     26.0,     26.0,     25.0,     77.0,  9, 10, 12,  9,    1400949,    1400949,    1400949,    1400949
25,    1228648,     25.0,     26.0,     26.0,     77.0, 12, 10, 11,  9,    1400950,    1400950,    1400950,    1400950
25,    1120119,     20.0,     19.0,     18.0,     61.0, 12, 12, 12, 10,    2190520,    2190520,    2190520,    2190521
25,    2529175,     21.0,     19.0,     18.0,     61.0, 12, 12, 12, 10,    2190520,    2190520,    2190521,    2190521
25,    1228346,     54.0,     54.0,     54.0,    161.0,  9, 10, 11,  9,    1400871,    2219365,    1400871,    1400871
25,    1228405,     68.0,     67.0,     68.0,    204.0, 12, 12, 12, 10,    1400883,    1400883,    1400883,    1400883
25,    1228410,     68.0,     67.0,     68.0,    203.0, 12, 12, 12,  9,    1400883,    1400883,    1400883,    1400885
25,    1228427,     68.0,     67.0,     67.0,    203.0,  9, 12, 12,  9,    1400890,    1400890,    1400891,    1400891
25,    1228432,     68.0,     67.0,     68.0,    204.0,  9, 12, 12,  9,    1400890,    1400890,    1400890,    1400892
25,    1228695,     56.0,     56.0,     56.0,    164.0,  9, 10, 11,  9,    1400971,    1400971,    1400971,    1400971
25,    1228732,     26.0,     26.0,     26.0,     77.0,  9, 10, 11,  9,    1400978,    1400978,    1400978,    1400978
25,    1324248,     58.0,     57.0,     57.0,    167.0,  9, 12, 12,  9,    1452297,    1452297,    1452297,    1452297
25,    1405365,     19.0,     19.0,     19.0,     58.0,  9, 10, 11,  9,    1523603,    1523603,    1523603,    1523603
25,    1405420,     19.0,     19.0,     19.0,     58.0,  9, 10, 11,  9,    1523679,    1523679,    1523679,    1523679
25,    1404833,     19.0,     19.0,     20.0,     58.0,  9, 10, 11,  9,    1523388,    1523388,    1523388,    1523388
25,    1425010,     57.0,     56.0,     56.0,    166.0, 12, 12, 12, 10,    1545070,    1545070,    1545070,    1545070
25,    2236235,     26.0,     27.0,     27.0,     78.0, 12, 10, 11,  9,    2184520,    2184520,    2184520,    2184520
25,    2247029,     24.0,     23.0,     28.0,     77.0, 12, 12, 11,  9,    2190481,    2190481,    2190481,    2190481
25,    2247079,     68.0,     67.0,     69.0,    206.0, 12, 12, 12,  9,    1400850,    1400850,    2190507,    2190508
25,    2247119,     19.0,     19.0,     18.0,     58.0,  9, 12, 12,  9,    2190523,    2190520,    2190520,    2190523
25,    2247129,     20.0,     19.0,     18.0,     61.0, 12, 12, 12, 10,    2190520,    2190520,    2190520,    2190520
25,    2328532,     26.0,     26.0,     26.0,     77.0,  9, 10, 11,  9,    2239706,    2239706,    2239706,    2239706
25,    2575882,     40.0,     40.0,     41.0,    118.0, 12, 12, 11, 11,    2360112,    2360121,    2360112,    2402318
25,    2575916,     39.0,     40.0,     40.0,    118.0, 12, 12, 11,  9,    2360121,    2360112,    2402328,    2360112
25,    2509068,     39.0,     39.0,     41.0,    118.0, 12, 12, 11,  9,    2360112,    2360121,    2360112,    2360112
25,    2509078,     19.0,     19.0,     19.0,     58.0,  9, 10, 11,  9,    2360115,    2360115,    2360115,    2360115
25,    2576346,     38.0,     39.0,     41.0,    117.0, 12, 12, 11,  9,    2360121,    2360121,    2360121,    2360121
25,    2509084,     38.0,     38.0,     40.0,    116.0, 12, 12, 11,  9,    2360121,    2360121,    2360121,    2360121
25,    2509097,     19.0,     19.0,     19.0,     57.0,  9, 10, 11, 11,    2360126,    2360126,    2360126,    2360126
25,    2703458,     30.0,     31.0,     31.0,     88.0,  4,  5,  6,  4,    2509116,    2509116,    2509116,    2509116
25,    2703462,     28.0,     29.0,     29.0,     81.0,  4,  5,  6,  4,    2509116,    2509116,    2509116,    2509116
25,    2509121,     20.0,     20.0,     20.0,     59.0,  9, 10, 11,  9,    2360137,    2360137,    2360137,    2360137
25,    2509126,     20.0,     20.0,     20.0,     59.0,  9, 10, 11,  9,    2360139,    2360139,    2360139,    2360139
25,    2509444,     40.0,     40.0,     39.0,    117.0,  9, 10, 12, 11,    1400941,    1400941,    1400941,    1400941
25,    2577668,     20.0,     19.0,     18.0,     61.0, 12, 12, 12, 10,    2190520,    2190520,    2190520,    2190521
25,      43461,     21.0,     19.0,     18.0,     62.0, 12, 12, 12, 10,    2190520,    2190520,    2190521,    2190520
25,      43462,     20.0,     19.0,     18.0,     61.0, 12, 12, 12, 10,    2190520,    2190520,    2190520,    2190521
25,    2573700,     39.0,     39.0,     38.0,    118.0, 12, 12, 12, 11,    2401446,    2401446,    2401446,    2401446
25,    1404891,     16.0,     15.0,     15.0,     44.0,  4,  5,  6,  5,    1404891,    1404891,    1404891,    1404891
25,    2575291,     21.0,     21.0,     21.0,     60.0,  4,  5,  6,  5,    2575286,    1404891,    1404891,    1404891
25,    1120124,     21.0,     19.0,     19.0,     62.0, 12, 12, 12, 10,    2190520,    2190520,    2190520,    2190520
25,    2579163,     20.0,     19.0,     18.0,     61.0, 12, 12, 12, 10,    2190520,    2190520,    2190520,    2190521
25,    2537293,     48.0,     49.0,     50.0,    138.0,  4,  5,  6,  4,      46636,      46636,      46636,      46636
25,      46636,     20.0,     20.0,     20.0,     58.0,  9, 10, 11,  9,    1400974,    1400974,    1400974,    1400974
25,    2538890,     26.0,     26.0,     26.0,     77.0,  9, 10, 11,  9,    2382111,    2382111,    2382111,    2382111
25,    2576401,     34.0,     34.0,     35.0,     97.0,  4,  5,  6,  4,    2509116,    2509116,    2509116,    2509116
25,    3549327,     25.0,     26.0,     25.0,     76.0,  9, 10, 11,  9,    2798254,    2798254,    2798254,    2798254
25,    4203471,     38.0,     39.0,     40.0,    117.0, 12, 12, 11,  9,    2360121,    2360121,    2978861,    2360121
26,    3744865,     20.0,     19.0,     19.0,     61.0, 12, 12, 12, 10,    2190520,    2190520,    2190520,    2190520
26,    2573500,     66.0,     66.0,     69.0,    204.0, 12, 12, 11,  9,    1400850,    1400850,    2190454,    2190454
26,    2509089,     19.0,     19.0,     19.0,     57.0,  9, 10, 11,  9,    2360124,    2360124,    2360124,    2360124
26,    2580468,     64.0,     62.0,     64.0,    185.0,  9, 12, 12,  9,    2404865,    2404865,    2404865,    2404865
26,    2580496,     54.0,     54.0,     55.0,    154.0,  4,  5,  6,  4,      46636,      46636,      46636,      46636
26,    1228701,     54.0,     54.0,     54.0,    158.0,  9, 10, 11,  9,      84659,      84659,      84659,      84659
26,    1228569,     54.0,     54.0,     54.0,    161.0,  9, 10, 11,  9,    1400921,    1400921,    1400921,    1400921
26,    1405272,     54.0,     54.0,     54.0,    161.0,  9, 10, 11,  9,    1400921,    1400921,    1400921,    1400921
26,    1228587,     19.0,     19.0,     19.0,     57.0,  9, 10, 11, 10,    1523603,    1523603,    1523603,    1523603
26,    1228353,     52.0,     52.0,     52.0,    154.0,  9, 10, 11,  9,      84680,      84680,      84680,      84680
26,    1404789,     39.0,     39.0,     38.0,    116.0,  9, 10, 12, 10,    1523347,    1523346,    1523346,    1523346
26,    1404863,     19.0,     19.0,     19.0,     58.0,  9, 10, 11,  9,    1523407,    1523407,    1523407,    1523407
26,    2509449,     19.0,     20.0,     19.0,     57.0,  9, 10, 11,  9,    2360323,    2360323,    2360323,    2360323
26,    1228643,     26.0,     26.0,     25.0,     77.0,  9, 10, 12,  9,    1400949,    1400949,    1400949,    1400949
26,    1228648,     25.0,     26.0,     26.0,     77.0, 12, 10, 11,  9,    1400950,    1400950,    1400950,    1400950
26,    1120119,     20.0,     19.0,     19.0,     61.0, 12, 12, 12, 10,    2190520,    2190520,    2190520,    2190520
26,    2529175,     20.0,     19.0,     19.0,     61.0, 12, 12, 12, 10,    2190520,    2190520,    2190520,    2190520
26,    1228346,     54.0,     54.0,     54.0,    161.0,  9, 10, 11,  9,    1400871,    2219365,    1400871,    1400871
26,    1228405,     68.0,     68.0,     67.0,    204.0, 12, 10, 12, 10,    1400883,    1400883,    1400883,    1400883
26,    1228410,     68.0,     68.0,     67.0,    203.0, 12, 10, 12,  9,    1400883,    1400883,    1400883,    1400885
26,    1228427,     68.0,     67.0,     67.0,    203.0,  9, 12, 12,  9,    1400890,    1400890,    1400890,    1400891
26,    1228432,     68.0,     67.0,     67.0,    203.0, 12, 12, 12, 10,    1400890,    1400890,    1400890,    1400892
26,    1228695,     56.0,     56.0,     56.0,    164.0,  9, 10, 11,  9,    1400971,    1400971,    1400971,    1400971
26,    1228732,     26.0,     26.0,     26.0,     77.0,  9, 10, 11,  9,    1400978,    1400978,    1400978,    1400978
26,    1324248,     58.0,     57.0,     57.0,    167.0,  9, 12, 12,  9,    1452297,    1452297,    1452297,    1452297
26,    1405365,     19.0,     19.0,     19.0,     58.0,  9, 10, 11,  9,    1523603,    1523603,    1523603,    1523603
26,    1405420,     19.0,     19.0,     19.0,     58.0,  9, 10, 11,  9,    1523679,    1523679,    1523679,    1523679
26,    1404833,     19.0,     20.0,     20.0,     58.0,  9, 10, 11,  9,    1523388,    1523388,    1523388,    1523388
26,    1425010,     56.0,     56.0,     56.0,    166.0, 12, 12, 12, 10,    1545070,    1545070,    1545070,    1545070
26,    2236235,     27.0,     27.0,     27.0,     78.0,  9, 10, 11,  9,    2184520,    2184520,    2184520,    2184520
26,    2247029,     24.0,     24.0,     28.0,     77.0, 12, 12, 11,  9,    2190481,    2190481,    2190481,    2190481
26,    2247079,     68.0,     68.0,     69.0,    206.0, 12, 12, 12,  9,    1400850,    1400850,    2190507,    2190508
26,    2247119,     19.0,     18.0,     19.0,     58.0,  9, 12, 12,  9,    2190523,    2190520,    2190520,    2190523
26,    2247129,     20.0,     19.0,     19.0,     60.0, 12, 12, 12, 10,    2190520,    2190520,    2190520,    2190521
26,    2328532,     26.0,     26.0,     26.0,     77.0,  9, 10, 11,  9,    2239706,    2239706,    2239706,    2239706
26,    2575882,     40.0,     41.0,     41.0,    119.0, 12, 10, 11,  9,    2360112,    2360112,    2360112,    2360112
26,    2575916,     40.0,     40.0,     40.0,    118.0, 12, 12, 11,  9,    2360112,    2360121,    2402328,    2360112
26,    2509068,     39.0,     40.0,     40.0,    118.0, 12, 12, 11,  9,    2360121,    2360112,    2360112,    2360112
26,    2509078,     19.0,     19.0,     19.0,     58.0,  9, 10, 11,  9,    2360115,    2360115,    2360115,    2360115
26,    2576346,     39.0,     39.0,     40.0,    117.0, 12, 12, 11,  9,    2360121,    2360121,    2360121,    2360121
26,    2509084,     38.0,     39.0,     40.0,    116.0, 12, 12, 11,  9,    2360121,    2360121,    2360121,    2360121
26,    2509097,     19.0,     19.0,     19.0,     57.0,  9, 10, 11, 11,    2360126,    2360126,    2360126,    2360126
26,    2703458,     31.0,     31.0,     31.0,     88.0,  4,  5,  6,  4,    2509116,    2509116,    2509116,    2509116
26,    2703462,     28.0,     28.0,     28.0,     81.0,  4,  5,  6,  4,    2509116,    2509116,    2509116,    2509116
26,    2509121,     20.0,     20.0,     20.0,     59.0,  9, 10, 11,  9,    2360137,    2360137,    2360137,    2360137
26,    2509126,     20.0,     20.0,     20.0,     59.0,  9, 10, 11,  9,    2360139,    2360139,    2360139,    2360139
26,    2509444,     40.0,     40.0,     39.0,    117.0,  9, 10, 12,  9,    1400941,    1400941,    1400941,    1400941
26,    2577668,     20.0,     19.0,     19.0,     61.0, 12, 12, 12, 10,    2190520,    2190520,    2190520,    2190520
26,      43461,     20.0,     19.0,     19.0,     61.0, 12, 12, 12, 10,    2190520,    2190520,    2190520,    2190520
26,      43462,     20.0,     19.0,     19.0,     61.0, 12, 12, 12, 10,    2190520,    2190520,    2190520,    2190520
26,    2573700,     39.0,     39.0,     37.0,    117.0, 12, 10, 12, 11,    2401446,    2401446,    2401446,    2401446
26,    1404891,     16.0,     15.0,     15.0,     44.0,  4,  5,  6,  5,    1404891,    1404891,    1404891,    1404891
26,    2575291,     22.0,     21.0,     21.0,     60.0,  4,  5,  6,  5,    1404891,    1404891,    1404891,    1404891
26,    1120124,     20.0,     19.0,     19.0,     61.0, 12, 12, 12, 10,    2190520,    2190520,    2190520,    2190520
26,    2579163,     20.0,     19.0,     19.0,     60.0, 12, 12, 12, 10,    2190520,    2190520,    2190520,    2190521
26,    2537293,     48.0,     48.0,     49.0,    138.0,  4,  5,  6,  4,      46636,      46636,      46636,      46636
26,      46636,     20.0,     20.0,     20.0,     58.0,  9, 10, 11,  9,    1400974,    1400974,    1400974,    1400974
26,    2538890,     26.0,     26.0,     26.0,     77.0,  9, 10, 11,  9,    2382111,    2382111,    2382111,    2382111
26,    2576401,     34.0,     34.0,     34.0,     98.0,  4,  5,  6,  4,    2509116,    2509116,    2509116,    2509116
26,    3549327,     25.0,     26.0,     25.0,     76.0,  9, 10, 11,  9,    2798254,    2798254,    2798254,    2798254
26,    4203471,     39.0,     39.0,     40.0,    117.0,  9, 12, 11,  9,    2360121,    2360121,    2360121,    2360121
27,    3744865,     21.0,     19.0,     18.0,     61.0, 12, 12, 12, 10,    2190520,    2190520,    2190521,    2190520
27,    2573500,     67.0,     66.0,     69.0,    204.0, 12, 12, 11,  9,    1400850,    1400850,    2190454,    2190454
27,    2509089,     19.0,     19.0,     19.0,     57.0,  9, 10, 11,  9,    2360124,    2360124,    2360124,    2360124
27,    2580468,     64.0,     62.0,     64.0,    186.0,  9, 12, 12,  9,    2404865,    2404865,    2404865,    2404865
27,    2580496,     54.0,     55.0,     56.0,    155.0,  4,  5,  6,  4,      46636,      46636,      46636,      46636
27,    1228701,     54.0,     54.0,     54.0,    158.0,  9, 10, 11,  9,      84659,      84659,      84659,      84659
27,    1228569,     54.0,     54.0,     54.0,    161.0,  9, 10, 11,  9,    1400921,    1400921,    1400921,    1400921
27,    1405272,     54.0,     54.0,     54.0,    161.0,  9, 10, 11, 10,    1400921,    1400921,    1400921,    1400921
27,    1228587,     19.0,     19.0,     19.0,     57.0,  9, 10, 11, 10,    1523603,    1523603,    1523603,    1523603
27,    1228353,     52.0,     52.0,     52.0,    154.0,  9, 10, 11,  9,      84680,      84680,      84680,      84680
27,    1404789,     39.0,     39.0,     38.0,    116.0,  9, 10, 12, 10,    1523347,    1523346,    1523346,    1523346
27,    1404863,     20.0,     19.0,     19.0,     58.0,  9, 10, 11,  9,    1523407,    1523407,    1523407,    1523407
27,    2509449,     19.0,     20.0,     19.0,     57.0,  9, 10, 11,  9,    2360323,    2360323,    2360323,    2360323
27,    1228643,     26.0,     26.0,     25.0,     77.0,  9, 10, 12,  9,    1400949,    1400949,    1400949,    1400949
27,    1228648,     25.0,     26.0,     26.0,     77.0, 12, 10, 11,  9,    1400950,    1400950,    1400950,    1400950
27,    1120119,     21.0,     19.0,     18.0,     61.0, 12, 12, 12, 10,    2190520,    2190520,    2190521,    2190520
27,    2529175,     21.0,     19.0,     18.0,     61.0, 12, 12, 12, 10,    2190520,    2190520,    2190521,    2190520
27,    1228346,     54.0,     54.0,     54.0,    161.0,  9, 10, 11,  9,    1400871,    2219365,    1400871,    1400871
27,    1228405,     68.0,     67.0,     67.0,    204.0, 12, 12, 12, 10,    1400883,    1400883,    1400884,    1400883
27,    1228410,     68.0,     67.0,     68.0,    203.0, 12, 12, 11,  9,    1400883,    1400883,    1400883,    1400885
27,    1228427,     68.0,     67.0,     67.0,    203.0,  9, 12, 12,  9,    1400890,    1400890,    1400890,    1400891
27,    1228432,     68.0,     67.0,     67.0,    203.0,  9, 12, 12, 10,    1400890,    1400890,    1400890,    1400892
27,    1228695,     56.0,     56.0,     56.0,    164.0,  9, 12, 11,  9,    1400971,    1400971,    1400971,    1400971
27,    1228732,     26.0,     26.0,     26.0,     77.0,  9, 10, 11,  9,    1400978,    1400978,    1400978,    1400978
27,    1324248,     57.0,     58.0,     57.0,    167.0, 12, 10, 12, 11,    1452297,    1452297,    1452297,    1452297
27,    1405365,     19.0,     19.0,     19.0,     58.0,  9, 10, 11,  9,    1523603,    1523603,    1523603,    1523603
27,    1405420,     19.0,     19.0,     19.0,     58.0,  9, 10, 11,  9,    1523679,    1523679,    1523679,    1523679
27,    1404833,     19.0,     20.0,     20.0,     58.0,  9, 10, 11,  9,    1523388,    1523388,    1523388,    1523388
27,    1425010,     56.0,     56.0,     56.0,    166.0, 12, 12, 12, 10,    1545070,    1545070,    1545070,    1545070
27,    2236235,     27.0,     26.0,     27.0,     78.0,  9, 12, 11,  9,    2184520,    2184520,    2184520,    2184520
27,    2247029,     24.0,     23.0,     28.0,     77.0, 12, 12, 11,  9,    2190481,    2190481,    2190481,    2190481
27,    2247079,     68.0,     67.0,     69.0,    206.0, 12, 12, 12,  9,    2190508,    1400850,    2190507,    2190508
27,    2247119,     19.0,     18.0,     18.0,     58.0,  9, 12, 12,  9,    2190523,    2190520,    2190520,    2190523
27,    2247129,     21.0,     18.0,     18.0,     60.0, 12, 12, 12, 10,    2190520,    2190520,    2190520,    2190521
27,    2328532,     26.0,     26.0,     26.0,     77.0,  9, 10, 11,  9,    2239706,    2239706,    2239706,    2239706
27,    2575882,     40.0,     41.0,     41.0,    119.0, 12, 10, 11,  9,    2360112,    2360112,    2360112,    2360112
27,    2575916,     40.0,     41.0,     40.0,    118.0, 12, 10, 12, 11,    2360112,    2360112,    2360112,    2402328
27,    2509068,     40.0,     40.0,     40.0,    118.0,  9, 12, 11,  9,    2360112,    2402554,    2360112,    2360112
27,    2509078,     19.0,     19.0,     19.0,     58.0,  9, 10, 11,  9,    2360115,    2360115,    2360115,    2360115
27,    2576346,     39.0,     40.0,     40.0,    117.0, 12, 10, 11,  9,    2360121,    2360121,    2360121,    2360121
27,    2509084,     38.0,     39.0,     39.0,    116.0, 12, 12, 11,  9,    2360121,    2360121,    2360121,    2360121
27,    2509097,     19.0,     19.0,     19.0,     58.0,  9, 10, 11,  9,    2360126,    2360126,    2360126,    2360126
27,    2703458,     31.0,     31.0,     31.0,     88.0,  4,  5,  6,  4,    2509116,    2509116,    2509116,    2509116
27,    2703462,     28.0,     28.0,     28.0,     81.0,  4,  5,  6,  4,    2509116,    2509116,    2509116,    2509116
27,    2509121,     20.0,     20.0,     20.0,     59.0,  9, 10, 11,  9,    2360137,    2360137,    2360137,    2360137
27,    2509126,     20.0,     20.0,     20.0,     59.0,  9, 10, 11,  9,    2360139,    2360139,    2360139,    2360139
27,    2509444,     40.0,     40.0,     39.0,    117.0,  9, 10, 12,  9,    1400941,    1400941,    1400941,    1400941
27,    2577668,     21.0,     19.0,     18.0,     61.0, 12, 12, 12, 10,    2190520,    2190520,    2190521,    2190520
27,      43461,     21.0,     19.0,     18.0,     61.0, 12, 12, 12, 10,    2190520,    2190520,    2190521,    2190520
27,      43462,     21.0,     19.0,     18.0,     61.0, 12, 12, 12, 10,    2190520,    2190520,    2190521,    2190520
27,    2573700,     39.0,     39.0,     38.0,    117.0, 12, 10, 12, 10,    2401446,    2401446,    2401446,    2401446
27,    1404891,     16.0,     15.0,     15.0,     44.0,  4,  5,  6,  5,    1404891,    1404891,    1404891,    1404891
27,    2575291,     21.0,     21.0,     21.0,     59.0,  4,  5,  6,  5,    1404891,    1404891,    1404891,    2575291
27,    1120124,     21.0,     19.0,     18.0,     61.0, 12, 12, 12, 10,    2190520,    2190520,    2190521,    2190520
27,    2579163,     21.0,     18.0,     18.0,     61.0, 12, 12, 12, 10,    2190520,    2190520,    2190520,    2190520
27,    2537293,     48.0,     49.0,     50.0,    138.0,  4,  5,  6,  4,      46636,      46636,      46636,      46636
27,      46636,     20.0,     20.0,     20.0,     58.0,  9, 10, 11,  9,    1400974,    1400974,    1400974,    1400974
27,    2538890,     26.0,     26.0,     26.0,     77.0,  9, 10, 11,  9,    2382111,    2382111,    2382111,    2382111
27,    2576401,     34.0,     34.0,     34.0,     98.0,  4,  5,  6,  4,    2509116,    2509116,    2509116,    2509116
27,    3549327,     25.0,     26.0,     25.0,     76.0,  9, 10, 11,  9,    2798254,    2798254,    2798254,    2798254
27,    4203471,     39.0,     40.0,     39.0,    117.0,  9, 10, 12,  9,    2360121,    2360121,    2360121,    2360121
28,    3744865,     21.0,     19.0,     18.0,     61.0, 12, 12, 12, 10,    2190520,    2190520,    2190520,    2190520
28,    2573500,     68.0,     68.0,     69.0,    204.0, 12, 12, 12,  9,    1400850,    1400850,    1400850,    2190454
28,    2509089,     19.0,     19.0,     19.0,     57.0,  9, 10, 11,  9,    2360124,    2360124,    2360124,    2360124
28,    2580468,     64.0,     63.0,     64.0,    185.0,  9, 12, 12,  9,    2404865,    2404865,    2404865,    2404865
28,    2580496,     54.0,     54.0,     55.0,    154.0,  4,  5,  6,  4,      46636,      46636,      46636,      46636
28,    1228701,     54.0,     54.0,     54.0,    158.0,  9, 10, 11,  9,      84659,      84659,      84659,      84659
28,    1228569,     54.0,     54.0,     54.0,    161.0, 12, 10, 11, 10,    1400921,    1400921,    1400921,    1400921
28,    1405272,     55.0,     54.0,     54.0,    161.0,  9, 10, 11, 10,    1400921,    1400921,    1400921,    1400921
28,    1228587,     19.0,     19.0,     19.0,     57.0,  9, 10, 11, 10,    1523603,    1523603,    1523603,    1523603
28,    1228353,     52.0,     52.0,     52.0,    154.0,  9, 10, 11,  9,      84680,      84680,      84680,      84680
28,    1404789,     39.0,     39.0,     38.0,    116.0,  9, 10, 12, 10,    1523346,    1523346,    1523346,    1523346
28,    1404863,     19.0,     19.0,     19.0,     58.0,  9, 10, 11,  9,    1523407,    1523407,    1523407,    1523407
28,    2509449,     19.0,     19.0,     19.0,     57.0,  9, 10, 11,  9,    2360323,    2360323,    2360323,    2360323
28,    1228643,     26.0,     26.0,     25.0,     77.0,  9, 10, 12,  9,    1400949,    1400949,    1400949,    1400949
28,    1228648,     25.0,     26.0,     25.0,     77.0, 12, 10, 12,  9,    1400950,    1400950,    1400950,    1400950
28,    1120119,     21.0,     19.0,     18.0,     61.0, 12, 12, 12, 10,    2190520,    2190520,    2190520,    2190520
28,    2529175,     21.0,     19.0,     18.0,     61.0, 12, 12, 12, 10,    2190520,    2190520,    2190520,    2190520
28,    1228346,     54.0,     54.0,     54.0,    161.0,  9, 10, 11,  9,    1400871,    2219365,    1400871,    1400871
28,    1228405,     68.0,     68.0,     67.0,    203.0, 12, 10, 12, 11,    1400883,    1400883,    1400883,    1400884
28,    1228410,     68.0,     68.0,     67.0,    203.0, 12, 10, 12,  9,    1400883,    1400883,    1400883,    1400885
28,    1228427,     68.0,     67.0,     67.0,    203.0,  9, 12, 12,  9,    1400890,    1400890,    1400890,    1400891
28,    1228432,     68.0,     67.0,     67.0,    203.0,  9, 12, 12, 10,    1400890,    1400890,    1400890,    1400892
28,    1228695,     56.0,     56.0,     56.0,    164.0, 12, 12, 11,  9,    1400971,    1400971,    1400971,    1400971
28,    1228732,     26.0,     26.0,     26.0,     77.0,  9, 10, 11,  9,    1400978,    1400978,    1400978,    1400978
28,    1324248,     58.0,     57.0,     57.0,    167.0,  9, 12, 12,  9,    1452297,    1452297,    1452297,    1452297
28,    1405365,     19.0,     19.0,     19.0,     58.0,  9, 10, 11,  9,    1523603,    1523603,    1523603,    1523603
28,    1405420,     19.0,     19.0,     19.0,     58.0,  9, 10, 11,  9,    1523679,    1523679,    1523679,    1523679
28,    1404833,     20.0,     20.0,     20.0,     58.0,  9, 10, 11,  9,    1523388,    1523388,    1523388,    1523388
28,    1425010,     57.0,     55.0,     56.0,    166.0,  9, 12, 12, 10,    1545070,    1545070,    1545070,    1545070
28,    2236235,     26.0,     27.0,     27.0,     78.0, 12, 10, 11,  9,    2184520,    2184520,    2184520,    2184520
28,    2247029,     25.0,     24.0,     27.0,     77.0,  9, 12, 11,  9,    2190481,    2190481,    2190481,    2190481
28,    2247079,     68.0,     69.0,     68.0,    206.0, 12, 12, 12,  9,    2190508,    1400850,    2190507,    2190508
28,    2247119,     19.0,     19.0,     18.0,     58.0,  9, 12, 12,  9,    2190523,    2190520,    2190520,    2190523
28,    2247129,     21.0,     19.0,     18.0,     60.0, 12, 12, 12, 10,    2190520,    2190520,    2190520,    2190520
28,    2328532,     26.0,     26.0,     26.0,     77.0,  9, 10, 11,  9,    2239706,    2239706,    2239706,    2239706
28,    2575882,     40.0,     41.0,     41.0,    119.0, 12, 10, 11,  9,    2360112,    2360112,    2360112,    2360112
28,    2575916,     40.0,     41.0,     40.0,    118.0, 12, 10, 11, 11,    2360112,    2360112,    2402328,    2402328
28,    2509068,     39.0,     40.0,     40.0,    118.0, 12, 12, 11,  9,    2360112,    2402554,    2360112,    2360112
28,    2509078,     19.0,     19.0,     19.0,     58.0,  9, 10, 11,  9,    2360115,    2360115,    2360115,    2360115
28,    2576346,     39.0,     40.0,     40.0,    117.0, 12, 10, 11,  9,    2360121,    2360121,    2360121,    2360121
28,    2509084,     38.0,     39.0,     39.0,    116.0, 12, 12, 11,  9,    2360121,    2360121,    2360121,    2360121
28,    2509097,     19.0,     19.0,     19.0,     58.0,  9, 10, 11,  9,    2360126,    2360126,    2360126,    2360126
28,    2703458,     31.0,     31.0,     31.0,     88.0,  4,  5,  6,  4,    2509116,    2509116,    2509116,    2509116
28,    2703462,     28.0,     29.0,     28.0,     81.0,  4,  5,  6,  4,    2509116,    2509116,    2509116,    2509116
28,    2509121,     20.0,     20.0,     20.0,     59.0,  9, 10, 11,  9,    2360137,    2360137,    2360137,    2360137
28,    2509126,     20.0,     20.0,     20.0,     59.0,  9, 10, 11,  9,    2360139,    2360139,    2360139,    2360139
28,    2509444,     40.0,     40.0,     39.0,    117.0,  9, 10, 12,  9,    1400941,    1400941,    1400941,    1400941
28,    2577668,     21.0,     19.0,     18.0,     61.0, 12, 12, 12, 10,    2190520,    2190520,    2190520,    2190520
28,      43461,     21.0,     19.0,     18.0,     61.0, 12, 12, 12, 10,    2190520,    2190520,    2190520,    2190520
28,      43462,     21.0,     19.0,     18.0,     61.0, 12, 12, 12, 10,    2190520,    2190520,    2190520,    2190520
28,    2573700,     39.0,     39.0,     38.0,    117.0, 12, 10, 12, 10,    2401446,    2401446,    2401446,    2401446
28,    1404891,     16.0,     15.0,     15.0,     44.0,  4,  5,  6,  5,    1404891,    1404891,    1404891,    1404891
28,    2575291,     21.0,     21.0,     20.0,     59.0,  4,  5,  6,  6,    1404891,    1404891,    2575291,    2575291
28,    1120124,     21.0,     19.0,     18.0,     61.0, 12, 12, 12, 10,    2190520,    2190520,    2190520,    2190520
28,    2579163,     21.0,     19.0,     18.0,     60.0, 12, 12, 12, 10,    2190520,    2190520,    2190520,    2190520
28,    2537293,     48.0,     48.0,     49.0,    137.0,  4,  5,  6,  4,      46636,      46636,      46636,      46636
28,      46636,     20.0,     20.0,     20.0,     58.0,  9, 10, 11,  9,    1400974,    1400974,    1400974,    1400974
28,    2538890,     26.0,     26.0,     26.0,     77.0,  9, 10, 11,  9,    2382111,    2382111,    2382111,    2382111
28,    2576401,     34.0,     34.0,     34.0,     98.0,  4,  5,  6,  4,    2509116,    2509116,    2509116,    2509116
28,    3549327,     25.0,     26.0,     25.0,     76.0,  9, 10, 11,  9,    2798254,    2798254,    2798254,    2798254
28,    4203471,     38.0,     40.0,     40.0,    117.0, 12, 10, 11,  9,    2360121,    2360121,    2360121,    2360121
29,    3744865,     20.0,     19.0,     19.0,     61.0, 12, 12, 12, 10,    2190520,    2190520,    2190520,    2190520
29,    2573500,     66.0,     68.0,     69.0,    204.0, 12, 12, 11,  9,    1400850,    2190454,    2190454,    2190454
29,    2509089,     19.0,     19.0,     19.0,     57.0,  9, 10, 11,  9,    2360124,    2360124,    2360124,    2360124
29,    2580468,     64.0,     63.0,     64.0,    186.0, 12, 12, 12,  9,    2404865,    2404865,    2404865,    2404865
29,    2580496,     54.0,     54.0,     54.0,    154.0,  4,  5,  6,  4,      46636,      46636,      46636,      46636
29,    1228701,     54.0,     54.0,     54.0,    158.0,  9, 10, 11,  9,      84659,      84659,      84659,      84659
29,    1228569,     54.0,     54.0,     54.0,    161.0,  9, 10, 11,  9,    1400921,    1400921,    1400921,    1400921
29,    1405272,     54.0,     54.0,     54.0,    161.0,  9, 10, 11,  9,    1400921,    1400921,    1400921,    1400921
29,    1228587,     19.0,     19.0,     19.0,     57.0,  9, 10, 11, 10,    1523603,    1523603,    1523603,    1523603
29,    1228353,     52.0,     52.0,     52.0,    154.0,  9, 10, 11,  9,      84680,      84680,      84680,      84680
29,    1404789,     39.0,     39.0,     38.0,    116.0,  9, 10, 12, 10,    1523346,    1523346,    1523346,    1523346
29,    1404863,     19.0,     19.0,     19.0,     58.0,  9, 10, 11,  9,    1523407,    1523407,    1523407,    1523407
29,    2509449,     19.0,     19.0,     19.0,     58.0,  9, 10, 11,  9,    2360323,    2360323,    2360323,    2360323
29,    1228643,     26.0,     26.0,     25.0,     77.0,  9, 10, 12,  9,    1400949,    1400949,    1400949,    1400949
29,    1228648,     25.0,     26.0,     26.0,     77.0, 12, 10, 11,  9,    1400950,    1400950,    1400950,    1400950
29,    1120119,     20.0,     19.0,     19.0,     61.0, 12, 12, 12, 10,    2190520,    2190520,    2190520,    2190520
29,    2529175,     20.0,     19.0,     19.0,     61.0, 12, 12, 12, 10,    2190520,    2190520,    2190520,    2190520
29,    1228346,     54.0,     54.0,     54.0,    161.0,  9, 10, 11,  9,    1400871,    2219365,    1400871,    1400871
29,    1228405,     68.0,     68.0,     67.0,    204.0, 12, 10, 12, 10,    1400883,    1400883,    1400883,    1400883
29,    1228410,     68.0,     68.0,     67.0,    203.0, 12, 10, 12,  9,    1400883,    1400883,    1400883,    1400885
29,    1228427,     68.0,     67.0,     67.0,    203.0,  9, 12, 12,  9,    1400890,    1400890,    1400890,    1400891
29,    1228432,     68.0,     67.0,     67.0,    203.0,  9, 12, 12, 10,    1400890,    1400890,    1400890,    1400892
29,    1228695,     56.0,     56.0,     56.0,    164.0,  9, 10, 11,  9,    1400971,    1400971,    1400971,    1400971
29,    1228732,     26.0,     26.0,     26.0,     77.0,  9, 10, 11,  9,    1400978,    1400978,    1400978,    1400978
29,    1324248,     58.0,     57.0,     57.0,    167.0,  9, 12, 12,  9,    1452297,    1452297,    1452297,    1452297
29,    1405365,     19.0,     19.0,     19.0,     58.0,  9, 10, 11,  9,    1523603,    1523603,    1523603,    1523603
29,    1405420,     19.0,     19.0,     19.0,     58.0,  9, 10, 11,  9,    1523679,    1523679,    1523679,    1523679
29,    1404833,     20.0,     20.0,     20.0,     58.0,  9, 10, 11,  9,    1523388,    1523388,    1523388,    1523388
29,    1425010,     56.0,     56.0,     56.0,    166.0, 12, 12, 12, 10,    1545070,    1545070,    1545070,    1545070
29,    2236235,     27.0,     27.0,     27.0,     78.0,  9, 10, 11,  9,    2184520,    2184520,    2184520,    2184520
29,    2247029,     25.0,     24.0,     27.0,     77.0, 12, 12, 11,  9,    2190481,    2190481,    2190481,    2190481
29,    2247079,     67.0,     70.0,     69.0,    206.0, 12, 12, 12,  9,    1400850,    1400850,    2190507,    2190508
29,    2247119,     19.0,     19.0,     19.0,     58.0, 12, 12, 12,  9,    2190520,    2190520,    2190520,    2190523
29,    2247129,     19.0,     19.0,     19.0,     60.0, 12, 12, 12, 10,    2190520,    2190520,    2190520,    2190521
29,    2328532,     26.0,     26.0,     26.0,     77.0,  9, 10, 11,  9,    2239706,    2239706,    2239706,    2239706
29,    2575882,     40.0,     41.0,     41.0,    119.0, 12, 10, 11,  9,    2360112,    2360112,    2360112,    2360112
29,    2575916,     40.0,     41.0,     40.0,    118.0, 12, 10, 12, 11,    2360112,    2360112,    2360112,    2402328
29,    2509068,     40.0,     40.0,     40.0,    118.0,  9, 12, 11,  9,    2360112,    2360112,    2360112,    2360112
29,    2509078,     19.0,     19.0,     19.0,     58.0,  9, 10, 11,  9,    2360115,    2360115,    2360115,    2360115
29,    2576346,     39.0,     40.0,     40.0,    117.0, 12, 10, 11,  9,    2360121,    2360121,    2360121,    2360121
29,    2509084,     38.0,     39.0,     39.0,    116.0, 12, 12, 11,  9,    2360121,    2360121,    2360121,    2360121
29,    2509097,     19.0,     19.0,     19.0,     58.0,  9, 10, 11,  9,    2360126,    2360126,    2360126,    2360126
29,    2703458,     31.0,     31.0,     31.0,     88.0,  4,  5,  6,  4,    2509116,    2509116,    2509116,    2509116
29,    2703462,     28.0,     28.0,     28.0,     81.0,  4,  5,  6,  4,    2509116,    2509116,    2509116,    2509116
29,    2509121,     20.0,     20.0,     20.0,     59.0,  9, 10, 11,  9,    2360137,    2360137,    2360137,    2360137
29,    2509126,     20.0,     20.0,     20.0,     59.0,  9, 10, 11,  9,    2360139,    2360139,    2360139,    2360139
29,    2509444,     40.0,     40.0,     39.0,    117.0,  9, 10, 12,  9,    1400941,    1400941,    1400941,    1400941
29,    2577668,     20.0,     19.0,     19.0,     61.0, 12, 12, 12, 10,    2190520,    2190520,    2190520,    2190520
29,      43461,     20.0,     19.0,     19.0,     61.0, 12, 12, 12, 10,    2190520,    2190520,    2190520,    2190520
29,      43462,     20.0,     19.0,     19.0,     61.0, 12, 12, 12, 10,    2190520,    2190520,    2190520,    2190520
29,    2573700,     39.0,     39.0,     38.0,    116.0,  9, 10, 12, 11,    2401446,    2401446,    2401446,    2401446
29,    1404891,     15.0,     15.0,     15.0,     44.0,  4,  5,  6,  5,    1404891,    1404891,    1404891,    1404891
29,    2575291,     21.0,     20.0,     20.0,     59.0,  4,  5,  6,  5,    1404891,    2575291,    2575291,    2575291
29,    1120124,     20.0,     19.0,     19.0,     61.0, 12, 12, 12, 10,    2190520,    2190520,    2190520,    2190521
29,    2579163,     20.0,     19.0,     19.0,     61.0, 12, 12, 12, 10,    2190520,    2190520,    2190520,    2190520
29,    2537293,     48.0,     48.0,     49.0,    137.0,  4,  5,  6,  4,      46636,      46636,      46636,      46636
29,      46636,     20.0,     20.0,     20.0,     58.0,  9, 10, 11,  9,    1400974,    1400974,    1400974,    1400974
29,    2538890,     26.0,     26.0,     26.0,     77.0,  9, 10, 11,  9,    2382111,    2382111,    2382111,    2382111
29,    2576401,     34.0,     34.0,     34.0,     98.0,  4,  5,  6,  4,    2509116,    2509116,    2509116,    2509116
29,    3549327,     25.0,     26.0,     25.0,     76.0,  9, 10, 11,  9,    2798254,    2798254,    2798254,    2798254
29,    4203471,     39.0,     39.0,     39.0,    117.0,  9, 12, 12,  9,    2360121,    2978861,    2360121,    2360121
30,    3744865,     20.0,     20.0,     19.0,     61.0, 12, 12, 12, 11,    2190520,    2190520,    2190520,    2190521
30,    2573500,     65.0,     68.0,     69.0,    204.0, 12, 12, 11,  9,    1400850,    2190454,    2190454,    2190454
30,    2509089,     19.0,     19.0,     19.0,     57.0,  9, 10, 11,  9,    2360124,    2360124,    2360124,    2360124
30,    2580468,     64.0,     63.0,     64.0,    185.0,  9, 12, 12, 10,    2404865,    2404865,    2404865,    2404865
30,    2580496,     54.0,     54.0,     55.0,    154.0,  4,  5,  6,  4,      46636,      46636,      46636,      46636
30,    1228701,     54.0,     54.0,     54.0,    158.0,  9, 10, 11,  9,      84659,      84659,      84659,      84659
30,    1228569,     54.0,     54.0,     54.0,    161.0,  9, 10, 11,  9,    1400921,    1400921,    1400921,    1400921
30,    1405272,     54.0,     54.0,     54.0,    161.0,  9, 10, 11, 10,    1400921,    1400921,    1400921,    1400921
30,    1228587,     19.0,     19.0,     19.0,     57.0,  9, 10, 11, 10,    1523603,    1523603,    1523603,    1523603
30,    1228353,     52.0,     52.0,     52.0,    154.0,  9, 10, 11,  9,      84680,      84680,      84680,      84680
30,    1404789,     39.0,     39.0,     38.0,    116.0,  9, 10, 12, 10,    1523346,    1523346,    1523346,    1523346
30,    1404863,     19.0,     19.0,     19.0,     58.0,  9, 10, 11,  9,    1523407,    1523407,    1523407,    1523407
30,    2509449,     19.0,     19.0,     19.0,     57.0,  9, 10, 11,  9,    2360323,    2360323,    2360323,    2360323
30,    1228643,     26.0,     26.0,     25.0,     77.0,  9, 10, 12,  9,    1400949,    1400949,    1400949,    1400949
30,    1228648,     25.0,     26.0,     26.0,     77.0, 12, 10, 11,  9,    1400950,    1400950,    1400950,    1400950
30,    1120119,     19.0,     20.0,     19.0,     61.0, 12, 12, 12, 10,    2190521,    2190520,    2190520,    2190521
30,    2529175,     19.0,     20.0,     19.0,     61.0, 12, 12, 12, 10,    2190521,    2190520,    2190520,    2190521
30,    1228346,     54.0,     55.0,     54.0,    161.0,  9, 10, 11,  9,    1400871,    1400871,    1400871,    1400871
30,    1228405,     68.0,     68.0,     67.0,    204.0, 12, 12, 12, 11,    1400883,    1400883,    1400883,    1400883
30,    1228410,     68.0,     68.0,     67.0,    203.0, 12, 12, 12,  9,    1400883,    1400883,    1400883,    1400885
30,    1228427,     68.0,     68.0,     67.0,    203.0,  9, 10, 12,  9,    1400890,    1400890,    1400890,    1400891
30,    1228432,     68.0,     67.0,     67.0,    203.0,  9, 12, 12, 10,    1400890,    1400892,    1400890,    1400892
30,    1228695,     56.0,     56.0,     56.0,    165.0, 12, 12, 12,  9,    1400971,    1400971,    1400971,    1400971
30,    1228732,     26.0,     26.0,     26.0,     77.0,  9, 10, 11,  9,    1400978,    1400978,    1400978,    1400978
30,    1324248,     58.0,     57.0,     57.0,    167.0,  9, 12, 12,  9,    1452297,    1452297,    1452297,    1452297
30,    1405365,     19.0,     19.0,     19.0,     58.0,  9, 10, 11,  9,    1523603,    1523603,    1523603,    1523603
30,    1405420,     19.0,     19.0,     19.0,     58.0,  9, 10, 11,  9,    1523679,    1523679,    1523679,    1523679
30,    1404833,     20.0,     20.0,     20.0,     58.0,  9, 10, 11,  9,    1523388,    1523388,    1523388,    1523388
30,    1425010,     57.0,     56.0,     56.0,    166.0,  9, 12, 12, 10,    1545070,    1545070,    1545070,    1545070
30,    2236235,     27.0,     27.0,     27.0,     78.0,  9, 10, 11,  9,    2184520,    2184520,    2184520,    2184520
30,    2247029,     25.0,     24.0,     27.0,     77.0,  9, 12, 11,  9,    2190481,    2190481,    2190481,    2190481
30,    2247079,     66.0,     71.0,     68.0,    206.0, 12, 12, 12,  9,    1400850,    1400850,    2190507,    2190508
30,    2247119,     19.0,     19.0,     19.0,     58.0, 12, 12, 12,  9,    2190520,    2190520,    2190520,    2190523
30,    2247129,     19.0,     19.0,     19.0,     61.0, 12, 12, 12, 10,    2190520,    2190520,    2190520,    2190520
30,    2328532,     26.0,     26.0,     26.0,     77.0,  9, 10, 11,  9,    2239706,    2239706,    2239706,    2239706
30,    2575882,     40.0,     41.0,     41.0,    119.0, 12, 10, 11,  9,    2360112,    2360112,    2360112,    2360112
30,    2575916,     40.0,     41.0,     40.0,    118.0, 12, 10, 12,  9,    2360112,    2360112,    2360112,    2360112
30,    2509068,     40.0,     40.0,     40.0,    118.0,  9, 12, 11,  9,    2360112,    2360112,    2360112,    2360112
30,    2509078,     19.0,     19.0,     19.0,     58.0,  9, 10, 11,  9,    2360115,    2360115,    2360115,    2360115
30,    2576346,     39.0,     40.0,     40.0,    117.0, 12, 10, 11,  9,    2360121,    2360121,    2360121,    2360121
30,    2509084,     38.0,     39.0,     39.0,    116.0, 12, 12, 11,  9,    2360121,    2360121,    2360121,    2360121
30,    2509097,     19.0,     19.0,     19.0,     58.0,  9, 10, 11,  9,    2360126,    2360126,    2360126,    2360126
30,    2703458,     30.0,     31.0,     31.0,     88.0,  4,  5,  6,  4,    2509116,    2509116,    2509116,    2509116
30,    2703462,     28.0,     28.0,     28.0,     81.0,  4,  5,  6,  4,    2509116,    2509116,    2509116,    2509116
30,    2509121,     20.0,     20.0,     20.0,     59.0,  9, 10, 11,  9,    2360137,    2360137,    2360137,    2360137
30,    2509126,     20.0,     20.0,     20.0,     59.0,  9, 10, 11,  9,    2360139,    2360139,    2360139,    2360139
30,    2509444,     40.0,     40.0,     39.0,    117.0,  9, 10, 12, 10,    1400941,    1400941,    1400941,    1400941
30,    2577668,     19.0,     20.0,     19.0,     61.0, 12, 12, 12, 10,    2190521,    2190520,    2190520,    2190521
30,      43461,     20.0,     20.0,     19.0,     61.0, 12, 12, 12, 11,    2190520,    2190520,    2190520,    2190521
30,      43462,     19.0,     20.0,     19.0,     61.0, 12, 12, 12, 10,    2190521,    2190520,    2190520,    2190521
30,    2573700,     39.0,     39.0,     38.0,    117.0, 12, 10, 12, 11,    2401446,    2401446,    2401446,    2401446
30,    1404891,     15.0,     15.0,     15.0,     44.0,  4,  5,  6,  5,    1404891,    1404891,    1404891,    1404891
30,    2575291,     21.0,     21.0,     20.0,     59.0,  4,  5,  6,  6,    1404891,    1404891,    2575291,    2575291
30,    1120124,     20.0,     20.0,     19.0,     61.0, 12, 12, 12, 11,    2190520,    2190520,    2190520,    2190521
30,    2579163,     19.0,     19.0,     19.0,     61.0, 12, 12, 12, 10,    2190520,    2190520,    2190520,    2190520
30,    2537293,     48.0,     48.0,     49.0,    137.0,  4,  5,  6,  5,      46636,      46636,      46636,      46636
30,      46636,     20.0,     20.0,     20.0,     58.0,  9, 10, 11,  9,    1400974,    1400974,    1400974,    1400974
30,    2538890,     26.0,     26.0,     26.0,     77.0,  9, 10, 11,  9,    2382111,    2382111,    2382111,    2382111
30,    2576401,     34.0,     34.0,     34.0,     97.0,  4,  5,  6,  4,    2509116,    2509116,    2509116,    2509116
30,    3549327,     25.0,     26.0,     25.0,     76.0,  9, 10, 11,  9,    2798254,    2798254,    2798254,    2798254
30,    4203471,     39.0,     39.0,     39.0,    117.0,  9, 12, 12,  9,    2360121,    2978861,    2360121,    2360121
31,    3744865,     21.0,     19.0,     19.0,     62.0, 12, 12, 12, 10,    2190520,    2190520,    2190520,    2190520
31,    2573500,     67.0,     68.0,     69.0,    204.0, 12, 12, 12,  9,    1400850,    1400850,    1400850,    2190454
31,    2509089,     19.0,     19.0,     19.0,     57.0,  9, 10, 11,  9,    2360124,    2360124,    2360124,    2360124
31,    2580468,     63.0,     62.0,     65.0,    185.0, 12, 12, 12,  9,    2404865,    2404865,    2404865,    2404865
31,    2580496,     54.0,     55.0,     56.0,    154.0,  4,  5,  6,  4,      46636,      46636,      46636,      46636
31,    1228701,     54.0,     54.0,     54.0,    157.0,  9, 10, 11, 11,      84659,      84659,      84659,      84659
31,    1228569,     55.0,     54.0,     54.0,    161.0,  9, 10, 11, 10,    1400921,    1400921,    1400921,    1400921
31,    1405272,     55.0,     54.0,     54.0,    161.0,  9, 10, 11, 10,    1400921,    1400921,    1400921,    1400921
31,    1228587,     19.0,     19.0,     19.0,     57.0,  9, 10, 11, 10,    1523603,    1523603,    1523603,    1523603
31,    1228353,     52.0,     52.0,     52.0,    154.0,  9, 10, 11,  9,      84680,      84680,      84680,      84680
31,    1404789,     39.0,     39.0,     38.0,    116.0,  9, 10, 12, 10,    1523346,    1523346,    1523346,    1523346
31,    1404863,     19.0,     19.0,     19.0,     58.0,  9, 10, 11,  9,    1523407,    1523407,    1523407,    1523407
31,    2509449,     19.0,     19.0,     19.0,     57.0,  9, 10, 11,  9,    2360323,    2360323,    2360323,    2360323
31,    1228643,     26.0,     26.0,     25.0,     77.0,  9, 10, 12,  9,    1400949,    1400949,    1400949,    1400949
31,    1228648,     26.0,     26.0,     26.0,     77.0,  9, 10, 11,  9,    1400950,    1400950,    1400950,    1400950
31,    1120119,     21.0,     19.0,     18.0,     62.0, 12, 12, 12, 10,    2190520,    2190520,    2190520,    2190520
31,    2529175,     21.0,     19.0,     19.0,     62.0, 12, 12, 12, 10,    2190520,    2190520,    2190520,    2190520
31,    1228346,     53.0,     56.0,     53.0,    161.0, 12, 10, 12,  9,    1400871,    1400871,    1400871,    1400871
31,    1228405,     68.0,     68.0,     67.0,    204.0, 12, 10, 12, 11,    1400883,    1400883,    1400883,    1400883
31,    1228410,     68.0,     67.0,     67.0,    203.0, 12, 12, 12,  9,    1400883,    1400885,    1400883,    1400885
31,    1228427,     68.0,     67.0,     68.0,    203.0,  9, 12, 11,  9,    1400890,    1400890,    1400890,    1400891
31,    1228432,     68.0,     67.0,     68.0,    203.0,  9, 12, 11,  9,    1400890,    1400890,    1400890,    1400892
31,    1228695,     56.0,     56.0,     56.0,    164.0, 12, 12, 11, 10,    1400971,    1400971,    1400971,    1400971
31,    1228732,     26.0,     26.0,     26.0,     77.0,  9, 10, 11,  9,    1400978,    1400978,    1400978,    1400978
31,    1324248,     58.0,     57.0,     57.0,    167.0,  9, 12, 12,  9,    1452297,    1452297,    1452297,    1452297
31,    1405365,     19.0,     19.0,     19.0,     58.0,  9, 10, 11,  9,    1523603,    1523603,    1523603,    1523603
31,    1405420,     19.0,     19.0,     19.0,     58.0,  9, 10, 11,  9,    1523679,    1523679,    1523679,    1523679
31,    1404833,     20.0,     19.0,     20.0,     58.0,  9, 10, 11,  9,    1523388,    1523388,    1523388,    1523388
31,    1425010,     56.0,     56.0,     56.0,    166.0, 12, 12, 12, 10,    1545070,    1545070,    1545070,    1545070
31,    2236235,     27.0,     27.0,     27.0,     78.0,  9, 10, 11,  9,    2184520,    2184520,    2184520,    2184520
31,    2247029,     25.0,     25.0,     27.0,     77.0,  9, 12, 11,  9,    2190481,    2190481,    2190481,    2190481
31,    2247079,     68.0,     69.0,     69.0,    206.0, 12, 12, 12,  9,    1400850,    1400850,    2190507,    2190508
31,    2247119,     19.0,     18.0,     18.0,     58.0,  9, 12, 12,  9,    2190523,    2190520,    2190520,    2190523
31,    2247129,     20.0,     19.0,     18.0,     61.0, 12, 12, 12, 10,    2190520,    2190520,    2190520,    2190521
31,    2328532,     26.0,     26.0,     26.0,     77.0,  9, 10, 11,  9,    2239706,    2239706,    2239706,    2239706
31,    2575882,     40.0,     42.0,     40.0,    119.0, 12, 10, 12, 11,    2360112,    2360112,    2360112,    2360112
31,    2575916,     39.0,     41.0,     40.0,    118.0, 12, 12, 12, 11,    2360112,    2402554,    2360112,    2402328
31,    2509068,     39.0,     41.0,     40.0,    118.0, 12, 12, 11, 11,    2360112,    2360112,    2360112,    2360112
31,    2509078,     19.0,     19.0,     19.0,     58.0,  9, 10, 11,  9,    2360115,    2360115,    2360115,    2360115
31,    2576346,     38.0,     40.0,     39.0,    118.0, 12, 12, 12,  9,    2360121,    2402554,    2360121,    2360121
31,    2509084,     38.0,     40.0,     39.0,    117.0, 12, 12, 11,  9,    2360121,    2360121,    2360121,    2360121
31,    2509097,     19.0,     19.0,     19.0,     58.0,  9, 10, 11,  9,    2360126,    2360126,    2360126,    2360126
31,    2703458,     31.0,     31.0,     31.0,     88.0,  4,  5,  6,  4,    2509116,    2509116,    2509116,    2509116
31,    2703462,     28.0,     29.0,     28.0,     82.0,  4,  5,  6,  4,    2509116,    2509116,    2509116,    2509116
31,    2509121,     20.0,     20.0,     20.0,     59.0,  9, 10, 11,  9,    2360137,    2360137,    2360137,    2360137
31,    2509126,     20.0,     20.0,     20.0,     59.0,  9, 10, 11,  9,    2360139,    2360139,    2360139,    2360139
31,    2509444,     40.0,     40.0,     39.0,    117.0,  9, 10, 12,  9,    1400941,    1400941,    1400941,    1400941
31,    2577668,     21.0,     19.0,     18.0,     62.0, 12, 12, 12, 10,    2190520,    2190520,    2190520,    2190520
31,      43461,     21.0,     19.0,     19.0,     62.0, 12, 12, 12, 10,    2190520,    2190520,    2190520,    2190521
31,      43462,     21.0,     19.0,     18.0,     62.0, 12, 12, 12, 10,    2190520,    2190520,    2190520,    2190520
31,    2573700,     39.0,     39.0,     38.0,    117.0, 12, 10, 12, 10,    2401446,    2401446,    2401446,    2401446
31,    1404891,     15.0,     15.0,     15.0,     44.0,  4,  5,  6,  5,    1404891,    1404891,    1404891,    1404891
31,    2575291,     21.0,     21.0,     21.0,     60.0,  4,  5,  6,  5,    1404891,    1404891,    1404891,    1404891
31,    1120124,     21.0,     19.0,     19.0,     62.0, 12, 12, 12, 10,    2190520,    2190520,    2190520,    2190521
31,    2579163,     20.0,     19.0,     18.0,     61.0, 12, 12, 12, 10,    2190520,    2190520,    2190520,    2190521
31,    2537293,     48.0,     49.0,     50.0,    137.0,  4,  5,  6,  4,      46636,      46636,      46636,      46636
31,      46636,     20.0,     20.0,     20.0,     58.0,  9, 10, 11,  9,    1400974,    1400974,    1400974,    1400974
31,    2538890,     26.0,     26.0,     26.0,     77.0,  9, 10, 11,  9,    2382111,    2382111,    2382111,    2382111
31,    2576401,     34.0,     35.0,     34.0,     98.0,  4,  5,  6,  4,    2509116,    2509116,    2509116,    2509116
31,    3549327,     25.0,     26.0,     25.0,     76.0,  9, 10, 11,  9,    2798254,    2798254,    2798254,    2798254
31,    4203471,     38.0,     40.0,     39.0,    117.0, 12, 12, 12,  9,    2360121,    2360121,    2360121,    2360121
32,    3744865,     20.0,     20.0,     19.0,     62.0, 12, 12, 12, 10,    2190520,    2190520,    2190520,    2190521
32,    2573500,     66.0,     69.0,     69.0,    204.0, 12, 12, 11,  9,    1400850,    1400850,    2190454,    2190454
32,    2509089,     19.0,     19.0,     19.0,     57.0,  9, 10, 11,  9,    2360124,    2360124,    2360124,    2360124
32,    2580468,     64.0,     62.0,     64.0,    186.0,  9, 12, 12,  9,    2404865,    2404865,    2404865,    2404865
32,    2580496,     54.0,     55.0,     56.0,    155.0,  4,  5,  6,  4,      46636,      46636,      46636,      46636
32,    1228701,     54.0,     54.0,     54.0,    158.0,  9, 10, 11,  9,      84659,      84659,      84659,      84659
32,    1228569,     54.0,     54.0,     54.0,    160.0,  9, 10, 11, 10,    1400921,    1400921,    1400921,    1400921
32,    1405272,     55.0,     54.0,     54.0,    161.0,  9, 10, 11, 10,    1400921,    1400921,    1400921,    1400921
32,    1228587,     19.0,     19.0,     19.0,     57.0,  9, 10, 11, 10,    1523603,    1523603,    1523603,    1523603
32,    1228353,     52.0,     52.0,     52.0,    154.0,  9, 10, 11,  9,      84680,      84680,      84680,      84680
32,    1404789,     39.0,     39.0,     38.0,    116.0,  9, 10, 12, 10,    1523346,    1523346,    1523346,    1523346
32,    1404863,     19.0,     19.0,     19.0,     58.0,  9, 10, 11,  9,    1523407,    1523407,    1523407,    1523407
32,    2509449,     19.0,     20.0,     19.0,     57.0,  9, 10, 11,  9,    2360323,    2360323,    2360323,    2360323
32,    1228643,     26.0,     26.0,     25.0,     77.0,  9, 10, 12,  9,    1400949,    1400949,    1400949,    1400949
32,    1228648,     25.0,     26.0,     26.0,     77.0, 12, 10, 11,  9,    1400950,    1400950,    1400950,    1400950
32,    1120119,     20.0,     20.0,     18.0,     62.0, 12, 12, 12, 10,    2190520,    2190520,    2190520,    2190521
32,    2529175,     20.0,     20.0,     19.0,     62.0, 12, 12, 12, 10,    2190520,    2190520,    2190520,    2190521
32,    1228346,     53.0,     55.0,     54.0,    161.0, 12, 10, 11,  9,    1400871,    1400871,    1400871,    1400871
32,    1228405,     68.0,     68.0,     67.0,    204.0, 12, 12, 12,  9,    1400883,    1400883,    1400883,    1400884
32,    1228410,     68.0,     68.0,     67.0,    203.0, 12, 12, 12,  9,    1400883,    1400883,    1400883,    1400885
32,    1228427,     67.0,     67.0,     68.0,    204.0, 12, 12, 12,  9,    1400890,    1400890,    1400890,    1400891
32,    1228432,     67.0,     67.0,     68.0,    203.0, 12, 12, 12,  9,    1400890,    1400890,    1400890,    1400892
32,    1228695,     56.0,     56.0,     56.0,    164.0,  9, 10, 11,  9,    1400971,    1400971,    1400971,    1400971
32,    1228732,     26.0,     26.0,     26.0,     77.0,  9, 10, 11,  9,    1400978,    1400978,    1400978,    1400978
32,    1324248,     57.0,     57.0,     57.0,    167.0, 12, 12, 12,  9,    1452297,    1452297,    1452297,    1452297
32,    1405365,     19.0,     19.0,     19.0,     58.0,  9, 10, 11,  9,    1523603,    1523603,    1523603,    1523603
32,    1405420,     19.0,     19.0,     19.0,     58.0,  9, 10, 11,  9,    1523679,    1523679,    1523679,    1523679
32,    1404833,     20.0,     19.0,     20.0,     58.0,  9, 10, 11,  9,    1523388,    1523388,    1523388,    1523388
32,    1425010,     57.0,     55.0,     56.0,    166.0,  9, 12, 12, 10,    1545070,    1545070,    1545070,    1545070
32,    2236235,     27.0,     27.0,     27.0,     78.0,  9, 10, 11,  9,    2184520,    2184520,    2184520,    2184520
32,    2247029,     24.0,     25.0,     27.0,     77.0, 12, 12, 11,  9,    2190481,    2190481,    2190481,    2190481
32,    2247079,     67.0,     69.0,     69.0,    206.0, 12, 12, 12,  9,    1400850,    2190464,    2190507,    2190508
32,    2247119,     19.0,     19.0,     18.0,     58.0, 12, 12, 12,  9,    2190520,    2190523,    2190520,    2190523
32,    2247129,     19.0,     19.0,     18.0,     61.0, 12, 12, 12, 10,    2190520,    2190521,    2190520,    2190521
32,    2328532,     26.0,     26.0,     26.0,     77.0,  9, 10, 11,  9,    2239706,    2239706,    2239706,    2239706
32,    2575882,     40.0,     41.0,     41.0,    119.0, 12, 10, 11,  9,    2360112,    2402318,    2360112,    2360112
32,    2575916,     39.0,     41.0,     40.0,    118.0, 12, 10, 12, 11,    2360121,    2360112,    2360112,    2402328
32,    2509068,     39.0,     41.0,     40.0,    118.0, 12, 10, 11,  9,    2360112,    2360112,    2360112,    2360112
32,    2509078,     19.0,     19.0,     19.0,     58.0,  9, 10, 11,  9,    2360115,    2360115,    2360115,    2360115
32,    2576346,     39.0,     40.0,     40.0,    117.0, 12, 12, 11,  9,    2360121,    2360121,    2360121,    2360121
32,    2509084,     38.0,     40.0,     39.0,    116.0, 12, 10, 11,  9,    2360121,    2360121,    2360121,    2360121
32,    2509097,     19.0,     19.0,     19.0,     58.0,  9, 10, 11,  9,    2360126,    2360126,    2360126,    2360126
32,    2703458,     31.0,     31.0,     31.0,     88.0,  4,  5,  6,  4,    2509116,    2509116,    2509116,    2509116
32,    2703462,     28.0,     29.0,     28.0,     82.0,  4,  5,  6,  4,    2509116,    2509116,    2509116,    2509116
32,    2509121,     20.0,     20.0,     20.0,     59.0,  9, 10, 11,  9,    2360137,    2360137,    2360137,    2360137
32,    2509126,     20.0,     20.0,     20.0,     59.0,  9, 10, 11,  9,    2360139,    2360139,    2360139,    2360139
32,    2509444,     39.0,     40.0,     39.0,    117.0, 12, 10, 12,  9,    1400941,    1400941,    1400941,    1400941
32,    2577668,     20.0,     20.0,     18.0,     62.0, 12, 12, 12, 10,    2190520,    2190520,    2190520,    2190521
32,      43461,     20.0,     20.0,     19.0,     62.0, 12, 12, 12, 10,    2190520,    2190520,    2190520,    2190521
32,      43462,     20.0,     20.0,     18.0,     62.0, 12, 12, 12, 10,    2190520,    2190520,    2190520,    2190521
32,    2573700,     39.0,     39.0,     38.0,    117.0, 12, 10, 12, 10,    2401446,    2401446,    2401446,    2401446
32,    1404891,     16.0,     15.0,     15.0,     44.0,  4,  5,  6,  5,    1404891,    1404891,    1404891,    1404891
32,    2575291,     21.0,     21.0,     21.0,     60.0,  4,  5,  6,  5,    1404891,    1404891,    1404891,    1404891
32,    1120124,     20.0,     20.0,     19.0,     62.0, 12, 12, 12, 10,    2190520,    2190520,    2190520,    2190521
32,    2579163,     19.0,     19.0,     18.0,     62.0, 12, 12, 12, 10,    2190520,    2190521,    2190520,    2190521
32,    2537293,     49.0,     49.0,     50.0,    139.0,  4,  5,  6,  4,      46636,      46636,      46636,      46636
32,      46636,     20.0,     20.0,     20.0,     58.0,  9, 10, 11,  9,    1400974,    1400974,    1400974,    1400974
32,    2538890,     25.0,     26.0,     26.0,     77.0, 12, 10, 11,  9,    2382111,    2382111,    2382111,    2382111
32,    2576401,     34.0,     35.0,     34.0,     98.0,  4,  5,  6,  4,    2509116,    2509116,    2509116,    2509116
32,    3549327,     25.0,     26.0,     25.0,     76.0,  9, 10, 11,  9,    2798254,    2798254,    2798254,    2798254
32,    4203471,     38.0,     40.0,     39.0,    117.0, 12, 10, 12,  9,    2360121,    2360121,    2360121,    2360121
33,    3744865,     19.0,     20.0,     19.0,     62.0, 12, 12, 12, 11,    2190521,    2190520,    2190520,    2190520
33,    2573500,     64.0,     69.0,     68.0,    204.0, 12, 12, 12,  9,    1400850,    2190454,    2190454,    2190454
33,    2509089,     19.0,     19.0,     19.0,     57.0,  9, 10, 11, 10,    2360124,    2360124,    2360124,    2360124
33,    2580468,     63.0,     64.0,     63.0,    187.0, 12, 12, 12,  9,    2404865,    2404865,    2404865,    2404865
33,    2580496,     56.0,     57.0,     57.0,    160.0,  4,  5,  6,  4,      46636,      46636,      46636,      46636
33,    1228701,     54.0,     54.0,     54.0,    157.0,  9, 10, 11,  9,      84659,      84659,      84659,      84659
33,    1228569,     56.0,     53.0,     53.0,    161.0,  9, 12, 12, 10,    1400921,    1400921,    1400921,    1400921
33,    1405272,     56.0,     54.0,     53.0,    161.0,  9, 10, 12, 10,    1400921,    1400921,    1400921,    1400921
33,    1228587,     19.0,     19.0,     19.0,     57.0,  9, 10, 11, 10,    1523603,    1523603,    1523603,    1523603
33,    1228353,     52.0,     52.0,     52.0,    154.0,  9, 10, 11,  9,      84680,      84680,      84680,      84680
33,    1404789,     38.0,     39.0,     38.0,    115.0, 12, 10, 12, 10,    2401446,    1523346,    1523346,    1523346
33,    1404863,     19.0,     19.0,     19.0,     58.0,  9, 10, 11,  9,    1523407,    1523407,    1523407,    1523407
33,    2509449,     19.0,     19.0,     19.0,     57.0,  9, 10, 11,  9,    2360323,    2360323,    2360323,    2360323
33,    1228643,     26.0,     26.0,     25.0,     77.0,  9, 10, 12,  9,    1400949,    1400949,    1400949,    1400949
33,    1228648,     25.0,     26.0,     26.0,     77.0, 12, 10, 11,  9,    1400950,    1400950,    1400950,    1400950
33,    1120119,     19.0,     20.0,     19.0,     62.0, 12, 12, 12, 11,    2190520,    2190520,    2190520,    2190520
33,    2529175,     19.0,     20.0,     19.0,     62.0, 12, 12, 12, 11,    2190520,    2190520,    2190520,    2190520
33,    1228346,     53.0,     55.0,     54.0,    161.0, 12, 10, 11,  9,    1400871,    1400871,    1400871,    1400871
33,    1228405,     67.0,     68.0,     67.0,    204.0, 12, 12, 12,  9,    1400883,    1400883,    1400884,    1400884
33,    1228410,     67.0,     68.0,     68.0,    203.0, 12, 12, 12,  9,    1400883,    1400883,    1400883,    1400885
33,    1228427,     68.0,     67.0,     67.0,    203.0, 12, 12, 12, 11,    1400890,    1400890,    1400890,    1400891
33,    1228432,     68.0,     67.0,     67.0,    203.0, 12, 12, 12, 10,    1400890,    1400890,    1400890,    1400892
33,    1228695,     56.0,     56.0,     56.0,    164.0,  9, 10, 11,  9,    1400971,    1400971,    1400971,    1400971
33,    1228732,     26.0,     26.0,     26.0,     77.0,  9, 10, 11,  9,    1400978,    1400978,    1400978,    1400978
33,    1324248,     58.0,     56.0,     57.0,    168.0, 12, 12, 12, 10,    1452297,    1452297,    1452297,    1452297
33,    1405365,     19.0,     19.0,     19.0,     58.0,  9, 10, 11,  9,    1523603,    1523603,    1523603,    1523603
33,    1405420,     19.0,     19.0,     19.0,     58.0,  9, 10, 11,  9,    1523679,    1523679,    1523679,    1523679
33,    1404833,     20.0,     19.0,     20.0,     58.0,  9, 10, 11,  9,    1523388,    1523388,    1523388,    1523388
33,    1425010,     57.0,     56.0,     55.0,    167.0, 12, 12, 12, 11,    1545070,    1545070,    1545070,    1545070
33,    2236235,     26.0,     27.0,     27.0,     78.0, 12, 10, 11,  9,    2184520,    2184520,    2184520,    2184520
33,    2247029,     24.0,     25.0,     26.0,     77.0, 12, 12, 12,  9,    2190481,    2190481,    2190481,    2190481
33,    2247079,     65.0,     70.0,     70.0,    207.0, 12, 12, 12,  9,    1400850,    2190508,    2190507,    2190508
33,    2247119,     19.0,     19.0,     18.0,     58.0, 12, 10, 12,  9,    2190520,    2190523,    2190520,    2190523
33,    2247129,     19.0,     20.0,     18.0,     61.0, 12, 12, 12, 11,    2190520,    2190520,    2190520,    2190521
33,    2328532,     26.0,     26.0,     26.0,     77.0,  9, 10, 11,  9,    2239706,    2239706,    2239706,    2239706
33,    2575882,     40.0,     40.0,     40.0,    119.0, 12, 12, 12,  9,    2360112,    2360121,    2402318,    2360112
33,    2575916,     39.0,     40.0,     40.0,    118.0, 12, 12, 11, 11,    2360121,    2360121,    2402328,    2402328
33,    2509068,     39.0,     40.0,     40.0,    118.0, 12, 12, 12,  9,    2360112,    2360121,    2360112,    2360112
33,    2509078,     19.0,     19.0,     19.0,     58.0,  9, 10, 11,  9,    2360115,    2360115,    2360115,    2360115
33,    2576346,     38.0,     39.0,     40.0,    117.0, 12, 12, 11,  9,    2360121,    2360121,    2402554,    2360121
33,    2509084,     38.0,     39.0,     40.0,    117.0, 12, 12, 12,  9,    2360121,    2360121,    2360121,    2360121
33,    2509097,     19.0,     19.0,     19.0,     57.0,  9, 10, 11, 11,    2360126,    2360126,    2360126,    2360126
33,    2703458,     31.0,     31.0,     31.0,     89.0,  4,  5,  6,  4,    2509116,    2509116,    2509116,    2509116
33,    2703462,     28.0,     29.0,     29.0,     82.0,  4,  5,  6,  4,    2509116,    2509116,    2509116,    2509116
33,    2509121,     20.0,     20.0,     20.0,     59.0,  9, 10, 11,  9,    2360137,    2360137,    2360137,    2360137
33,    2509126,     20.0,     20.0,     20.0,     59.0,  9, 10, 11,  9,    2360139,    2360139,    2360139,    2360139
33,    2509444,     40.0,     40.0,     39.0,    117.0,  9, 10, 12,  9,    1400941,    1400941,    1400941,    1400941
33,    2577668,     19.0,     20.0,     19.0,     62.0, 12, 12, 12, 11,    2190520,    2190520,    2190520,    2190520
33,      43461,     19.0,     20.0,     19.0,     62.0, 12, 12, 12, 11,    2190521,    2190520,    2190520,    2190520
33,      43462,     19.0,     20.0,     19.0,     62.0, 12, 12, 12, 11,    2190520,    2190520,    2190520,    2190520
33,    2573700,     38.0,     39.0,     39.0,    118.0, 12, 12, 12, 11,    2401446,    2401446,    2401446,    2401446
33,    1404891,     16.0,     15.0,     15.0,     44.0,  4,  5,  6,  6,    1404891,    1404891,    1404891,    1404891
33,    2575291,     21.0,     21.0,     21.0,     60.0,  4,  5,  6,  6,    1404891,    1404891,    1404891,    1404891
33,    1120124,     20.0,     20.0,     19.0,     62.0, 12, 12, 12, 11,    2190520,    2190520,    2190520,    2190520
33,    2579163,     19.0,     20.0,     18.0,     61.0, 12, 12, 12, 11,    2190520,    2190520,    2190520,    2190521
33,    2537293,     50.0,     51.0,     51.0,    143.0,  4,  5,  6,  4,      46636,      46636,      46636,      46636
33,      46636,     20.0,     20.0,     20.0,     58.0,  9, 10, 11,  9,    1400974,    1400974,    1400974,    1400974
33,    2538890,     26.0,     26.0,     26.0,     77.0,  9, 10, 11,  9,    2382111,    2382111,    2382111,    2382111
33,    2576401,     34.0,     35.0,     35.0,     98.0,  4,  5,  6,  4,    2509116,    2509116,    2509116,    2509116
33,    3549327,     25.0,     26.0,     25.0,     76.0,  9, 10, 11,  9,    2798254,    2798254,    2798254,    2798254
33,    4203471,     38.0,     39.0,     40.0,    117.0, 12, 12, 11,  9,    2360121,    2360121,    2978861,    2360121
34,    3744865,     22.0,     19.0,     16.0,     62.0, 12, 12, 12, 11,    2190520,    2190520,    2190520,    2190520
34,    2573500,     67.0,     67.0,     69.0,    204.0, 12, 12, 11,  9,    1400850,    1400850,    2190454,    2190454
34,    2509089,     19.0,     19.0,     19.0,     57.0,  9, 10, 11,  9,    2360124,    2360124,    2360124,    2360124
34,    2580468,     62.0,     62.0,     66.0,    186.0, 12, 12, 12,  9,    2404865,    2404865,    2404865,    2404865
34,    2580496,     56.0,     57.0,     60.0,    160.0,  4,  5,  6,  4,      46636,      46636,      46636,      46636
34,    1228701,     54.0,     54.0,     54.0,    157.0,  9, 10, 11, 11,      84659,      84659,      84659,      84659
34,    1228569,     55.0,     54.0,     54.0,    161.0,  9, 10, 11, 10,    1400921,    1400921,    1400921,    1400921
34,    1405272,     55.0,     54.0,     54.0,    161.0,  9, 10, 11, 10,    1400921,    1400921,    1400921,    1400921
34,    1228587,     19.0,     19.0,     19.0,     57.0,  9, 10, 11,  9,    1523603,    1523603,    1523603,    1523603
34,    1228353,     52.0,     52.0,     52.0,    154.0,  9, 10, 11,  9,      84680,      84680,      84680,      84680
34,    1404789,     38.0,     39.0,     38.0,    116.0, 12, 10, 12, 10,    1523347,    1523346,    1523346,    1523346
34,    1404863,     19.0,     19.0,     19.0,     58.0,  9, 10, 11,  9,    1523407,    1523407,    1523407,    1523407
34,    2509449,     19.0,     19.0,     19.0,     57.0,  9, 10, 11,  9,    2360323,    2360323,    2360323,    2360323
34,    1228643,     26.0,     26.0,     25.0,     77.0,  9, 10, 12,  9,    1400949,    1400949,    1400949,    1400949
34,    1228648,     26.0,     26.0,     26.0,     77.0,  9, 10, 11,  9,    1400950,    1400950,    1400950,    1400950
34,    1120119,     22.0,     19.0,     16.0,     62.0, 12, 12, 12, 11,    2190520,    2190520,    2190520,    2190520
34,    2529175,     22.0,     19.0,     16.0,     62.0, 12, 12, 12, 11,    2190520,    2190520,    2190520,    2190520
34,    1228346,     54.0,     54.0,     54.0,    161.0,  9, 10, 11,  9,    1400871,    2219365,    1400871,    1400871
34,    1228405,     67.0,     67.0,     68.0,    204.0, 12, 12, 12,  9,    1400884,    1400883,    1400883,    1400884
34,    1228410,     68.0,     67.0,     67.0,    203.0, 12, 12, 12, 10,    1400883,    1400883,    1400885,    1400885
34,    1228427,     69.0,     67.0,     67.0,    203.0, 12, 12, 12, 10,    1400890,    1400890,    1400890,    1400891
34,    1228432,     68.0,     67.0,     67.0,    204.0,  9, 12, 12,  9,    1400892,    1400890,    1400890,    1400892
34,    1228695,     56.0,     56.0,     56.0,    163.0,  9, 12, 11, 11,    1400971,    1400971,    1400971,    1400971
34,    1228732,     26.0,     26.0,     25.0,     77.0,  9, 10, 12,  9,    1400978,    1400978,    1400978,    1400978
34,    1324248,     58.0,     56.0,     57.0,    169.0, 12, 12, 12, 10,    1452297,    1452297,    1452297,    1452297
34,    1405365,     19.0,     19.0,     19.0,     58.0,  9, 10, 11,  9,    1523603,    1523603,    1523603,    1523603
34,    1405420,     19.0,     19.0,     19.0,     58.0,  9, 10, 11,  9,    1523679,    1523679,    1523679,    1523679
34,    1404833,     20.0,     19.0,     20.0,     58.0,  9, 10, 11,  9,    1523388,    1523388,    1523388,    1523388
34,    1425010,     57.0,     54.0,     57.0,    167.0, 12, 12, 12, 10,    1545070,    1545070,    1545070,    1545070
34,    2236235,     27.0,     27.0,     27.0,     78.0,  9, 10, 11,  9,    2184520,    2184520,    2184520,    2184520
34,    2247029,     23.0,     23.0,     29.0,     77.0, 12, 12, 11,  9,    2190481,    2190481,    2190481,    2190481
34,    2247079,     69.0,     68.0,     66.0,    208.0, 12, 12, 12,  9,    1400850,    2190464,    2190507,    2190508
34,    2247119,     19.0,     19.0,     16.0,     58.0,  9, 12, 12,  9,    2190523,    2190520,    2190520,    2190523
34,    2247129,     22.0,     19.0,     16.0,     61.0, 12, 12, 12, 11,    2190520,    2190520,    2190520,    2190521
34,    2328532,     26.0,     26.0,     26.0,     77.0,  9, 10, 11,  9,    2239706,    2239706,    2239706,    2239706
34,    2575882,     39.0,     41.0,     41.0,    119.0, 12, 12, 11, 11,    2360121,    2360112,    2360112,    2402318
34,    2575916,     39.0,     41.0,     40.0,    119.0, 12, 12, 12, 11,    2360112,    2360112,    2402328,    2402328
34,    2509068,     39.0,     41.0,     40.0,    119.0, 12, 10, 12,  9,    2360112,    2360112,    2360112,    2360112
34,    2509078,     19.0,     19.0,     19.0,     58.0,  9, 10, 11,  9,    2360115,    2360115,    2360115,    2360115
34,    2576346,     38.0,     40.0,     40.0,    118.0, 12, 12, 12,  9,    2360121,    2360121,    2360121,    2360121
34,    2509084,     38.0,     40.0,     39.0,    118.0, 12, 12, 12,  9,    2360121,    2360121,    2360121,    2360121
34,    2509097,     19.0,     20.0,     19.0,     57.0,  9, 10, 11, 11,    2360126,    2360126,    2360126,    2360126
34,    2703458,     31.0,     32.0,     31.0,     90.0,  4,  5,  6,  4,    2509116,    2509116,    2509116,    2509116
34,    2703462,     29.0,     29.0,     29.0,     83.0,  4,  5,  6,  4,    2509116,    2509116,    2509116,    2509116
34,    2509121,     20.0,     20.0,     20.0,     59.0,  9, 10, 11,  9,    2360137,    2360137,    2360137,    2360137
34,    2509126,     20.0,     20.0,     20.0,     59.0,  9, 10, 11,  9,    2360139,    2360139,    2360139,    2360139
34,    2509444,     40.0,     40.0,     39.0,    117.0,  9, 10, 12, 10,    1400941,    1400941,    1400941,    1400941
34,    2577668,     22.0,     19.0,     16.0,     62.0, 12, 12, 12, 11,    2190520,    2190520,    2190520,    2190520
34,      43461,     22.0,     19.0,     16.0,     62.0, 12, 12, 12, 11,    2190520,    2190520,    2190520,    2190520
34,      43462,     22.0,     19.0,     16.0,     62.0, 12, 12, 12, 11,    2190520,    2190520,    2190520,    2190520
34,    2573700,     38.0,     39.0,     38.0,    118.0, 12, 12, 12, 11,    2401446,    2401446,    2401446,    2401446
34,    1404891,     16.0,     15.0,     15.0,     44.0,  4,  5,  6,  6,    1404891,    1404891,    1404891,    1404891
34,    2575291,     21.0,     21.0,     21.0,     60.0,  4,  5,  6,  5,    2575286,    1404891,    1404891,    1404891
34,    1120124,     22.0,     19.0,     16.0,     62.0, 12, 12, 12, 11,    2190520,    2190520,    2190520,    2190520
34,    2579163,     22.0,     19.0,     16.0,     62.0, 12, 12, 12, 11,    2190520,    2190520,    2190520,    2190520
34,    2537293,     50.0,     51.0,     54.0,    143.0,  4,  5,  6,  4,      46636,      46636,      46636,      46636
34,      46636,     20.0,     20.0,     20.0,     58.0,  9, 10, 11,  9,    1400974,    1400974,    1400974,    1400974
34,    2538890,     26.0,     26.0,     26.0,     77.0,  9, 10, 11,  9,    2382111,    2382111,    2382111,    2382111
34,    2576401,     34.0,     35.0,     35.0,     99.0,  4,  5,  6,  4,    2509116,    2509116,    2509116,    2509116
34,    3549327,     25.0,     26.0,     25.0,     76.0,  9, 10, 11,  9,    2798254,    2798254,    2798254,    2798254
34,    4203471,     38.0,     40.0,     40.0,    118.0, 12, 12, 11,  9,    2360121,    2360121,    2360121,    2360121
35,    3744865,     20.0,     19.0,     19.0,     64.0, 12, 12, 12, 10,    2190520,    2190520,    2190520,    2190521
35,    2573500,     67.0,     68.0,     69.0,    204.0, 12, 12, 12,  9,    1400850,    2190454,    1400850,    2190454
35,    2509089,     19.0,     19.0,     19.0,     57.0,  9, 10, 11,  9,    2360124,    2360124,    2360124,    2360124
35,    2580468,     63.0,     60.0,     66.0,    187.0, 12, 12, 12,  9,    2404865,    2404865,    2404865,    2404865
35,    2580496,     57.0,     57.0,     60.0,    162.0,  4,  5,  6,  5,      46636,      46636,      46636,      46636
35,    1228701,     54.0,     54.0,     54.0,    157.0,  9, 10, 11, 11,      84659,      84659,      84659,      84659
35,    1228569,     54.0,     54.0,     54.0,    160.0,  9, 10, 11, 10,    1400921,    1400921,    1400921,    1400921
35,    1405272,     54.0,     54.0,     54.0,    161.0,  9, 10, 11,  9,    1400921,    1400921,    1400921,    1400921
35,    1228587,     19.0,     19.0,     19.0,     57.0,  9, 10, 11, 10,    1523603,    1523603,    1523603,    1523603
35,    1228353,     52.0,     52.0,     52.0,    154.0,  9, 10, 11,  9,      84680,      84680,      84680,      84680
35,    1404789,     39.0,     39.0,     38.0,    116.0,  9, 10, 12, 10,    1523347,    1523346,    1523346,    1523346
35,    1404863,     19.0,     19.0,     19.0,     58.0,  9, 10, 11,  9,    1523407,    1523407,    1523407,    1523407
35,    2509449,     19.0,     20.0,     19.0,     57.0,  9, 10, 11,  9,    2360323,    2360323,    2360323,    2360323
35,    1228643,     26.0,     26.0,     25.0,     77.0,  9, 10, 12,  9,    1400949,    1400949,    1400949,    1400949
35,    1228648,     25.0,     26.0,     26.0,     77.0, 12, 10, 11,  9,    1400950,    1400950,    1400950,    1400950
35,    1120119,     20.0,     19.0,     19.0,     64.0, 12, 12, 12, 10,    2190520,    2190520,    2190520,    2190521
35,    2529175,     20.0,     19.0,     19.0,     64.0, 12, 12, 12, 10,    2190520,    2190520,    2190520,    2190521
35,    1228346,     54.0,     54.0,     54.0,    161.0,  9, 10, 11,  9,    1400871,    2219365,    1400871,    1400871
35,    1228405,     67.0,     68.0,     67.0,    204.0, 12, 12, 12,  9,    1400883,    1400883,    1400883,    1400884
35,    1228410,     67.0,     68.0,     67.0,    203.0, 12, 12, 12, 10,    1400883,    1400883,    1400883,    1400885
35,    1228427,     68.0,     66.0,     66.0,    204.0, 12, 12, 12, 10,    1400891,    1400890,    1400890,    1400891
35,    1228432,     69.0,     66.0,     66.0,    203.0, 12, 12, 12, 10,    1400892,    1400890,    1400890,    1400892
35,    1228695,     56.0,     56.0,     56.0,    163.0,  9, 12, 11, 11,    1400971,    1400971,    1400971,    1400971
35,    1228732,     26.0,     26.0,     25.0,     77.0,  9, 10, 12,  9,    1400978,    1400978,    1400978,    1400978
35,    1324248,     58.0,     57.0,     57.0,    168.0, 12, 12, 12, 11,    1452297,    1452297,    1452297,    1452297
35,    1405365,     19.0,     19.0,     19.0,     58.0,  9, 10, 11,  9,    1523603,    1523603,    1523603,    1523603
35,    1405420,     19.0,     19.0,     19.0,     58.0,  9, 10, 11,  9,    1523679,    1523679,    1523679,    1523679
35,    1404833,     19.0,     19.0,     20.0,     58.0,  9, 10, 11,  9,    1523388,    1523388,    1523388,    1523388
35,    1425010,     58.0,     55.0,     55.0,    168.0, 12, 12, 12, 10,    1545070,    1545070,    1545070,    1545070
35,    2236235,     27.0,     27.0,     27.0,     78.0,  9, 10, 11,  9,    2184520,    2184520,    2184520,    2184520
35,    2247029,     24.0,     24.0,     28.0,     77.0, 12, 12, 11,  9,    2190481,    2190481,    2190481,    2190481
35,    2247079,     68.0,     70.0,     67.0,    208.0, 12, 12, 12, 11,    1400850,    1400850,    2190507,    2190508
35,    2247119,     19.0,     19.0,     18.0,     58.0,  9, 12, 12,  9,    2190523,    2190520,    2190520,    2190523
35,    2247129,     20.0,     19.0,     18.0,     63.0, 12, 12, 12, 10,    2190520,    2190520,    2190520,    2190521
35,    2328532,     26.0,     26.0,     26.0,     77.0,  9, 10, 11,  9,    2239706,    2239706,    2239706,    2239706
35,    2575882,     40.0,     41.0,     40.0,    119.0, 12, 12, 12, 11,    2360112,    2402318,    2360112,    2360112
35,    2575916,     40.0,     41.0,     40.0,    118.0, 12, 10, 12, 11,    2360112,    2360112,    2360112,    2402328
35,    2509068,     39.0,     41.0,     40.0,    118.0, 12, 10, 11, 11,    2360121,    2360112,    2360112,    2360112
35,    2509078,     19.0,     19.0,     19.0,     58.0,  9, 10, 11,  9,    2360115,    2360115,    2360115,    2360115
35,    2576346,     39.0,     40.0,     39.0,    118.0, 12, 12, 12,  9,    2360121,    2360121,    2360121,    2360121
35,    2509084,     38.0,     40.0,     39.0,    117.0, 12, 10, 12,  9,    2360121,    2360121,    2360121,    2360121
35,    2509097,     19.0,     20.0,     19.0,     58.0,  9, 10, 11,  9,    2360126,    2360126,    2360126,    2360126
35,    2703458,     31.0,     32.0,     31.0,     90.0,  4,  5,  6,  4,    2509116,    2509116,    2509116,    2509116
35,    2703462,     29.0,     29.0,     29.0,     83.0,  4,  5,  6,  4,    2509116,    2509116,    2509116,    2509116
35,    2509121,     20.0,     20.0,     20.0,     59.0,  9, 10, 11,  9,    2360137,    2360137,    2360137,    2360137
35,    2509126,     20.0,     20.0,     20.0,     59.0,  9, 10, 11,  9,    2360139,    2360139,    2360139,    2360139
35,    2509444,     40.0,     40.0,     39.0,    117.0,  9, 10, 12, 11,    1400941,    1400941,    1400941,    1400941
35,    2577668,     20.0,     19.0,     19.0,     64.0, 12, 12, 12, 10,    2190520,    2190520,    2190520,    2190520
35,      43461,     20.0,     19.0,     19.0,     64.0, 12, 12, 12, 10,    2190520,    2190520,    2190520,    2190521
35,      43462,     20.0,     19.0,     19.0,     64.0, 12, 12, 12, 10,    2190520,    2190520,    2190520,    2190521
35,    2573700,     39.0,     39.0,     38.0,    118.0, 12, 10, 12, 10,    2401446,    2401446,    2401446,    2401446
35,    1404891,     16.0,     15.0,     15.0,     44.0,  4,  5,  6,  6,    1404891,    1404891,    1404891,    1404891
35,    2575291,     21.0,     21.0,     21.0,     60.0,  4,  5,  6,  5,    2575286,    1404891,    1404891,    1404891
35,    1120124,     20.0,     19.0,     19.0,     64.0, 12, 12, 12, 10,    2190521,    2190520,    2190520,    2190521
35,    2579163,     20.0,     19.0,     18.0,     64.0, 12, 12, 12, 10,    2190520,    2190520,    2190520,    2190520
35,    2537293,     51.0,     51.0,     54.0,    145.0,  4,  5,  6,  4,      46636,      46636,      46636,      46636
35,      46636,     20.0,     20.0,     20.0,     58.0,  9, 10, 11,  9,    1400974,    1400974,    1400974,    1400974
35,    2538890,     26.0,     26.0,     26.0,     77.0,  9, 10, 11,  9,    2382111,    2382111,    2382111,    2382111
35,    2576401,     34.0,     35.0,     34.0,     99.0,  4,  5,  6,  4,    2576401,    2509116,    2509116,    2509116
35,    3549327,     25.0,     26.0,     25.0,     76.0,  9, 10, 11,  9,    2798254,    2798254,    2798254,    2798254
35,    4203471,     38.0,     40.0,     39.0,    118.0, 12, 12, 12,  9,    2360121,    2360121,    2360121,    2360121
36,    3744865,     20.0,     19.0,     19.0,     61.0, 12, 12, 12, 10,    2190520,    2190520,    2190520,    2190520
36,    2573500,     67.0,     67.0,     69.0,    205.0, 12, 12, 11,  9,    2190454,    1400850,    2190454,    2190454
36,    2509089,     19.0,     19.0,     19.0,     57.0,  9, 10, 11,  9,    2360124,    2360124,    2360124,    2360124
36,    2580468,     62.0,     61.0,     66.0,    186.0, 12, 12, 12,  9,    2404865,    2404865,    2404865,    2404865
36,    2580496,     56.0,     57.0,     60.0,    159.0,  4,  5,  6,  4,      46636,      46636,      46636,      46636
36,    1228701,     54.0,     54.0,     54.0,    157.0,  9, 10, 11, 11,      84659,      84659,      84659,      84659
36,    1228569,     54.0,     54.0,     54.0,    161.0,  9, 10, 11,  9,    1400921,    1400921,    1400921,    1400921
36,    1405272,     54.0,     54.0,     54.0,    161.0,  9, 10, 11,  9,    1400921,    1400921,    1400921,    1400921
36,    1228587,     19.0,     19.0,     19.0,     57.0,  9, 10, 11, 10,    1523603,    1523603,    1523603,    1523603
36,    1228353,     52.0,     52.0,     52.0,    154.0,  9, 10, 11,  9,      84680,      84680,      84680,      84680
36,    1404789,     39.0,     38.0,     38.0,    116.0,  9, 12, 12, 10,    1523346,    1523347,    1523346,    1523346
36,    1404863,     19.0,     19.0,     19.0,     58.0,  9, 10, 11,  9,    1523407,    1523407,    1523407,    1523407
36,    2509449,     19.0,     19.0,     19.0,     57.0,  9, 10, 11,  9,    2360323,    2360323,    2360323,    2360323
36,    1228643,     26.0,     26.0,     25.0,     77.0,  9, 10, 12,  9,    1400949,    1400949,    1400949,    1400949
36,    1228648,     25.0,     26.0,     25.0,     77.0, 12, 10, 12,  9,    1400950,    1400950,    1400950,    1400950
36,    1120119,     20.0,     19.0,     19.0,     61.0, 12, 12, 12, 10,    2190520,    2190520,    2190520,    2190520
36,    2529175,     20.0,     19.0,     19.0,     61.0, 12, 12, 12, 10,    2190520,    2190520,    2190520,    2190520
36,    1228346,     54.0,     55.0,     54.0,    161.0,  9, 10, 11,  9,    1400871,    1400871,    1400871,    1400871
36,    1228405,     67.0,     68.0,     67.0,    204.0, 12, 12, 12,  9,    1400884,    1400883,    1400883,    1400884
36,    1228410,     68.0,     68.0,     67.0,    203.0, 12, 12, 12, 10,    1400883,    1400883,    1400883,    1400885
36,    1228427,     68.0,     67.0,     66.0,    203.0,  9, 12, 12,  9,    1400891,    1400890,    1400890,    1400891
36,    1228432,     69.0,     67.0,     66.0,    204.0, 12, 12, 12, 10,    1400892,    1400890,    1400890,    1400892
36,    1228695,     56.0,     56.0,     56.0,    163.0,  9, 10, 11, 11,    1400971,    1400971,    1400971,    1400971
36,    1228732,     26.0,     26.0,     25.0,     77.0,  9, 10, 12,  9,    1400978,    1400978,    1400978,    1400978
36,    1324248,     58.0,     57.0,     57.0,    167.0,  9, 12, 12, 11,    1452297,    1452297,    1452297,    1452297
36,    1405365,     19.0,     19.0,     19.0,     58.0,  9, 10, 11,  9,    1523603,    1523603,    1523603,    1523603
36,    1405420,     19.0,     19.0,     19.0,     58.0,  9, 10, 11,  9,    1523679,    1523679,    1523679,    1523679
36,    1404833,     19.0,     20.0,     20.0,     58.0,  9, 10, 11,  9,    1523388,    1523388,    1523388,    1523388
36,    1425010,     56.0,     55.0,     57.0,    168.0, 12, 12, 12, 10,    1545070,    1545070,    1545070,    1545070
36,    2236235,     26.0,     27.0,     26.0,     78.0, 12, 10, 12,  9,    2184520,    2184520,    2184520,    2184520
36,    2247029,     24.0,     24.0,     28.0,     77.0, 12, 12, 11,  9,    2190481,    2190481,    2190481,    2190481
36,    2247079,     69.0,     67.0,     68.0,    210.0, 12, 12, 12, 11,    1400850,    2190464,    2190507,    2190508
36,    2247119,     19.0,     19.0,     18.0,     58.0,  9, 12, 12,  9,    2190523,    2190520,    2190520,    2190523
36,    2247129,     20.0,     19.0,     18.0,     60.0, 12, 12, 12, 10,    2190520,    2190520,    2190520,    2190521
36,    2328532,     26.0,     26.0,     26.0,     77.0,  9, 10, 11,  9,    2239706,    2239706,    2239706,    2239706
36,    2575882,     39.0,     41.0,     41.0,    119.0, 12, 12, 11, 11,    2360121,    2360112,    2360112,    2360112
36,    2575916,     39.0,     40.0,     40.0,    118.0, 12, 12, 12, 11,    2360121,    2402554,    2360121,    2402328
36,    2509068,     39.0,     40.0,     40.0,    118.0, 12, 12, 11,  9,    2360112,    2402554,    2360112,    2360112
36,    2509078,     19.0,     19.0,     19.0,     58.0,  9, 10, 11,  9,    2360115,    2360115,    2360115,    2360115
36,    2576346,     38.0,     40.0,     40.0,    117.0, 12, 12, 11,  9,    2360121,    2360121,    2360121,    2360121
36,    2509084,     38.0,     40.0,     39.0,    117.0, 12, 12, 12,  9,    2360121,    2360121,    2360121,    2360121
36,    2509097,     19.0,     20.0,     19.0,     58.0,  9, 10, 11,  9,    2360126,    2360126,    2360126,    2360126
36,    2703458,     31.0,     32.0,     31.0,     89.0,  4,  5,  6,  4,    2509116,    2509116,    2509116,    2509116
36,    2703462,     28.0,     29.0,     29.0,     82.0,  4,  5,  6,  4,    2509116,    2509116,    2509116,    2509116
36,    2509121,     20.0,     20.0,     20.0,     59.0,  9, 10, 11,  9,    2360137,    2360137,    2360137,    2360137
36,    2509126,     20.0,     20.0,     20.0,     59.0,  9, 10, 11,  9,    2360139,    2360139,    2360139,    2360139
36,    2509444,     40.0,     39.0,     39.0,    117.0,  9, 12, 12, 10,    1400941,    1400941,    1400941,    1400941
36,    2577668,     20.0,     19.0,     19.0,     61.0, 12, 12, 12, 10,    2190520,    2190520,    2190520,    2190520
36,      43461,     20.0,     19.0,     19.0,     61.0, 12, 12, 12, 10,    2190520,    2190520,    2190520,    2190520
36,      43462,     20.0,     19.0,     19.0,     61.0, 12, 12, 12, 10,    2190520,    2190520,    2190520,    2190520
36,    2573700,     39.0,     39.0,     38.0,    118.0, 12, 12, 12, 10,    2401446,    2401446,    2401446,    2401446
36,    1404891,     16.0,     15.0,     15.0,     44.0,  4,  5,  6,  5,    1404891,    1404891,    1404891,    1404891
36,    2575291,     21.0,     21.0,     21.0,     60.0,  4,  5,  6,  5,    1404891,    1404891,    1404891,    1404891
36,    1120124,     20.0,     19.0,     19.0,     61.0, 12, 12, 12, 10,    2190520,    2190520,    2190520,    2190520
36,    2579163,     20.0,     19.0,     18.0,     60.0, 12, 12, 12, 10,    2190520,    2190520,    2190521,    2190521
36,    2537293,     50.0,     51.0,     54.0,    142.0,  4,  5,  6,  4,      46636,      46636,      46636,      46636
36,      46636,     20.0,     20.0,     20.0,     58.0,  9, 10, 11,  9,    1400974,    1400974,    1400974,    1400974
36,    2538890,     26.0,     26.0,     26.0,     77.0,  9, 10, 11,  9,    2382111,    2382111,    2382111,    2382111
36,    2576401,     34.0,     35.0,     34.0,     98.0,  4,  5,  6,  4,    2509116,    2509116,    2509116,    2576401
36,    3549327,     25.0,     26.0,     25.0,     76.0,  9, 10, 11,  9,    2798254,    2798254,    2798254,    2798254
36,    4203471,     38.0,     39.0,     39.0,    117.0, 12, 12, 12,  9,    2360121,    2978861,    2360121,    2360121
37,    3744865,     21.0,     19.0,     18.0,     62.0, 12, 12, 12, 10,    2190520,    2190520,    2190520,    2190521
37,    2573500,     67.0,     66.0,     69.0,    204.0, 12, 12, 11,  9,    2190454,    1400850,    2190454,    2190454
37,    2509089,     19.0,     19.0,     19.0,     57.0,  9, 10, 11,  9,    2360124,    2360124,    2360124,    2360124
37,    2580468,     63.0,     61.0,     66.0,    186.0, 12, 12, 12,  9,    2404865,    2404865,    2404865,    2404865
37,    2580496,     56.0,     57.0,     59.0,    158.0,  4,  5,  6,  4,      46636,      46636,      46636,      46636
37,    1228701,     54.0,     54.0,     54.0,    157.0,  9, 10, 11, 11,      84659,      84659,      84659,      84659
37,    1228569,     55.0,     54.0,     54.0,    161.0,  9, 10, 11, 10,    1400921,    1400921,    1400921,    1400921
37,    1405272,     55.0,     54.0,     54.0,    161.0,  9, 10, 11, 10,    1400921,    1400921,    1400921,    1400921
37,    1228587,     19.0,     19.0,     19.0,     57.0,  9, 10, 11, 10,    1523603,    1523603,    1523603,    1523603
37,    1228353,     52.0,     52.0,     52.0,    154.0,  9, 10, 11,  9,      84680,      84680,      84680,      84680
37,    1404789,     39.0,     38.0,     38.0,    116.0,  9, 12, 12, 10,    1523346,    1523347,    1523346,    1523346
37,    1404863,     19.0,     19.0,     19.0,     58.0,  9, 10, 11,  9,    1523407,    1523407,    1523407,    1523407
37,    2509449,     19.0,     19.0,     19.0,     57.0,  9, 10, 11,  9,    2360323,    2360323,    2360323,    2360323
37,    1228643,     26.0,     26.0,     25.0,     77.0,  9, 10, 12,  9,    1400949,    1400949,    1400949,    1400949
37,    1228648,     26.0,     26.0,     26.0,     77.0,  9, 10, 11,  9,    1400950,    1400950,    1400950,    1400950
37,    1120119,     21.0,     19.0,     18.0,     62.0, 12, 12, 12, 10,    2190520,    2190520,    2190520,    2190521
37,    2529175,     21.0,     19.0,     18.0,     62.0, 12, 12, 12, 10,    2190520,    2190520,    2190520,    2190521
37,    1228346,     54.0,     54.0,     54.0,    161.0,  9, 10, 11,  9,    1400871,    2219365,    1400871,    1400871
37,    1228405,     67.0,     68.0,     68.0,    204.0, 12, 12, 12,  9,    1400883,    1400883,    1400883,    1400884
37,    1228410,     67.0,     68.0,     67.0,    203.0, 12, 12, 12, 10,    1400883,    1400883,    1400885,    1400885
37,    1228427,     68.0,     66.0,     67.0,    203.0, 12, 12, 12, 10,    1400890,    1400890,    1400891,    1400891
37,    1228432,     67.0,     67.0,     68.0,    203.0, 12, 12, 12,  9,    1400892,    1400890,    1400890,    1400892
37,    1228695,     56.0,     56.0,     56.0,    163.0,  9, 10, 11, 11,    1400971,    1400971,    1400971,    1400971
37,    1228732,     26.0,     26.0,     25.0,     77.0,  9, 10, 12,  9,    1400978,    1400978,    1400978,    1400978
37,    1324248,     57.0,     57.0,     57.0,    168.0, 12, 12, 12,  9,    1452297,    1452297,    1452297,    1452297
37,    1405365,     19.0,     19.0,     19.0,     58.0,  9, 10, 11,  9,    1523603,    1523603,    1523603,    1523603
37,    1405420,     19.0,     19.0,     19.0,     58.0,  9, 10, 11,  9,    1523679,    1523679,    1523679,    1523679
37,    1404833,     19.0,     19.0,     20.0,     58.0,  9, 10, 11,  9,    1523388,    1523388,    1523388,    1523388
37,    1425010,     56.0,     57.0,     55.0,    168.0, 12, 12, 12, 11,    1545070,    1545070,    1545070,    1545070
37,    2236235,     27.0,     27.0,     27.0,     78.0,  9, 10, 11,  9,    2184520,    2184520,    2184520,    2184520
37,    2247029,     24.0,     24.0,     28.0,     77.0, 12, 12, 11,  9,    2190481,    2190481,    2190481,    2190481
37,    2247079,     69.0,     67.0,     68.0,    211.0, 12, 12, 12, 11,    1400850,    1400850,    2190507,    2190508
37,    2247119,     19.0,     18.0,     17.0,     58.0,  9, 12, 12,  9,    2190523,    2190520,    2190520,    2190523
37,    2247129,     21.0,     19.0,     17.0,     61.0, 12, 12, 12, 11,    2190520,    2190520,    2190521,    2190521
37,    2328532,     26.0,     26.0,     26.0,     77.0,  9, 10, 11,  9,    2239706,    2239706,    2239706,    2239706
37,    2575882,     39.0,     41.0,     40.0,    119.0, 12, 10, 12,  9,    2360121,    2402318,    2402328,    2360112
37,    2575916,     39.0,     41.0,     40.0,    118.0, 12, 12, 12, 11,    2360112,    2402554,    2360112,    2402328
37,    2509068,     38.0,     41.0,     40.0,    118.0, 12, 12, 12,  9,    2360121,    2360112,    2360112,    2360112
37,    2509078,     19.0,     19.0,     19.0,     58.0,  9, 10, 11,  9,    2360115,    2360115,    2360115,    2360115
37,    2576346,     38.0,     40.0,     39.0,    117.0, 12, 12, 12,  9,    2360121,    2402554,    2360121,    2360121
37,    2509084,     37.0,     40.0,     39.0,    116.0, 12, 12, 12,  9,    2360121,    2360121,    2360121,    2360121
37,    2509097,     19.0,     20.0,     18.0,     58.0,  9, 10, 12,  9,    2360126,    2360126,    2360126,    2360126
37,    2703458,     31.0,     32.0,     31.0,     89.0,  4,  5,  6,  4,    2509116,    2509116,    2509116,    2509116
37,    2703462,     28.0,     29.0,     29.0,     82.0,  4,  5,  6,  4,    2509116,    2509116,    2509116,    2509116
37,    2509121,     20.0,     20.0,     20.0,     59.0,  9, 10, 11,  9,    2360137,    2360137,    2360137,    2360137
37,    2509126,     20.0,     20.0,     20.0,     59.0,  9, 10, 11,  9,    2360139,    2360139,    2360139,    2360139
37,    2509444,     40.0,     39.0,     39.0,    117.0,  9, 12, 12,  9,    1400941,    1400941,    1400941,    1400941
37,    2577668,     21.0,     19.0,     18.0,     62.0, 12, 12, 12, 10,    2190520,    2190520,    2190520,    2190521
37,      43461,     21.0,     19.0,     18.0,     62.0, 12, 12, 12, 10,    2190520,    2190520,    2190520,    2190521
37,      43462,     21.0,     19.0,     18.0,     62.0, 12, 12, 12, 10,    2190520,    2190520,    2190520,    2190521
37,    2573700,     38.0,     39.0,     38.0,    119.0, 12, 12, 12, 10,    2401446,    2401446,    2401446,    2401446
37,    1404891,     16.0,     15.0,     15.0,     45.0,  4,  5,  6,  5,    1404891,    1404891,    1404891,    1404891
37,    2575291,     21.0,     21.0,     21.0,     60.0,  4,  5,  6,  5,    1404891,    1404891,    1404891,    2575291
37,    1120124,     21.0,     19.0,     18.0,     62.0, 12, 12, 12, 10,    2190520,    2190520,    2190520,    2190521
37,    2579163,     21.0,     19.0,     17.0,     62.0, 12, 12, 12, 10,    2190520,    2190520,    2190521,    2190520
37,    2537293,     49.0,     51.0,     53.0,    141.0,  4,  5,  6,  4,      46636,      46636,      46636,      46636
37,      46636,     20.0,     20.0,     20.0,     58.0,  9, 10, 11,  9,    1400974,    1400974,    1400974,    1400974
37,    2538890,     26.0,     26.0,     26.0,     77.0,  9, 10, 11,  9,    2382111,    2382111,    2382111,    2382111
37,    2576401,     34.0,     35.0,     35.0,     98.0,  4,  5,  6,  4,    2509116,    2509116,    2509116,    2509116
37,    3549327,     25.0,     26.0,     25.0,     76.0,  9, 10, 11,  9,    2798254,    2798254,    2798254,    2798254
37,    4203471,     38.0,     40.0,     39.0,    117.0, 12, 12, 12,  9,    2360121,    2978861,    2360121,    2360121
38,    3744865,     20.0,     19.0,     19.0,     64.0, 12, 12, 12, 10,    2190520,    2190520,    2190520,    2190520
38,    2573500,     66.0,     66.0,     69.0,    205.0, 12, 12, 11, 10,    1400850,    1400850,    2190454,    2190454
38,    2509089,     19.0,     19.0,     19.0,     57.0,  9, 10, 11,  9,    2360124,    2360124,    2360124,    2360124
38,    2580468,     62.0,     61.0,     67.0,    187.0, 12, 12, 12,  9,    2404865,    2404865,    2404865,    2404865
38,    2580496,     55.0,     57.0,     59.0,    158.0,  4,  5,  6,  4,      46636,      46636,      46636,      46636
38,    1228701,     54.0,     54.0,     54.0,    157.0,  9, 10, 11, 11,      84659,      84659,      84659,      84659
38,    1228569,     54.0,     54.0,     54.0,    161.0,  9, 10, 11, 10,    1400921,    1400921,    1400921,    1400921
38,    1405272,     54.0,     54.0,     54.0,    161.0, 12, 10, 11, 10,    1400921,    1400921,    1400921,    1400921
38,    1228587,     19.0,     19.0,     19.0,     57.0,  9, 10, 11, 10,    1523603,    1523603,    1523603,    1523603
38,    1228353,     52.0,     52.0,     52.0,    154.0,  9, 10, 11,  9,      84680,      84680,      84680,      84680
38,    1404789,     39.0,     39.0,     38.0,    115.0,  9, 10, 12, 10,    1523347,    1523346,    1523346,    1523346
38,    1404863,     19.0,     19.0,     19.0,     58.0,  9, 10, 11,  9,    1523407,    1523407,    1523407,    1523407
38,    2509449,     19.0,     19.0,     19.0,     57.0,  9, 10, 11,  9,    2360323,    2360323,    2360323,    2360323
38,    1228643,     26.0,     26.0,     25.0,     77.0,  9, 10, 12,  9,    1400949,    1400949,    1400949,    1400949
38,    1228648,     25.0,     26.0,     26.0,     77.0, 12, 10, 11,  9,    1400950,    1400950,    1400950,    1400950
38,    1120119,     19.0,     19.0,     19.0,     64.0, 12, 12, 12, 10,    2190521,    2190520,    2190520,    2190520
38,    2529175,     20.0,     19.0,     19.0,     64.0, 12, 12, 12, 10,    2190520,    2190520,    2190520,    2190520
38,    1228346,     54.0,     54.0,     54.0,    160.0,  9, 10, 11,  9,    1400871,    1400871,    1400871,    1400871
38,    1228405,     67.0,     68.0,     68.0,    204.0, 12, 12, 12,  9,    1400883,    1400883,    1400883,    1400884
38,    1228410,     67.0,     67.0,     68.0,    203.0, 12, 12, 12,  9,    1400883,    1400885,    1400883,    1400885
38,    1228427,     68.0,     67.0,     67.0,    203.0, 12, 12, 12, 10,    1400890,    1400890,    1400890,    1400891
38,    1228432,     68.0,     67.0,     67.0,    204.0, 12, 12, 12,  9,    1400890,    1400890,    1400890,    1400892
38,    1228695,     56.0,     56.0,     56.0,    164.0, 12, 12, 12, 11,    1400971,    1400971,    1400971,    1400971
38,    1228732,     26.0,     26.0,     26.0,     77.0,  9, 10, 11,  9,    1400978,    1400978,    1400978,    1400978
38,    1324248,     58.0,     57.0,     57.0,    166.0,  9, 12, 12, 11,    1452297,    1452297,    1452297,    1452297
38,    1405365,     19.0,     19.0,     19.0,     58.0,  9, 10, 11,  9,    1523603,    1523603,    1523603,    1523603
38,    1405420,     19.0,     19.0,     19.0,     58.0,  9, 10, 11,  9,    1523679,    1523679,    1523679,    1523679
38,    1404833,     19.0,     19.0,     20.0,     58.0,  9, 10, 11,  9,    1523388,    1523388,    1523388,    1523388
38,    1425010,     56.0,     56.0,     56.0,    168.0, 12, 12, 12, 10,    1545070,    1545070,    1545070,    1545070
38,    2236235,     27.0,     27.0,     27.0,     78.0,  9, 10, 11,  9,    2184520,    2184520,    2184520,    2184520
38,    2247029,     24.0,     24.0,     28.0,     77.0, 12, 12, 11,  9,    2190481,    2190481,    2190481,    2190481
38,    2247079,     67.0,     67.0,     70.0,    207.0, 12, 12, 12,  9,    1400850,    1400850,    2190507,    2190508
38,    2247119,     19.0,     19.0,     19.0,     58.0, 12, 12, 12,  9,    2190520,    2190520,    2190520,    2190523
38,    2247129,     19.0,     19.0,     19.0,     63.0, 12, 12, 12, 10,    2190520,    2190520,    2190520,    2190520
38,    2328532,     26.0,     26.0,     26.0,     77.0,  9, 10, 11,  9,    2239706,    2239706,    2239706,    2239706
38,    2575882,     39.0,     41.0,     40.0,    119.0, 12, 12, 12,  9,    2360121,    2360112,    2402318,    2360112
38,    2575916,     39.0,     41.0,     40.0,    118.0, 12, 10, 12, 11,    2360121,    2360112,    2360112,    2402328
38,    2509068,     39.0,     41.0,     40.0,    118.0, 12, 10, 12,  9,    2360112,    2360112,    2360112,    2360112
38,    2509078,     19.0,     19.0,     19.0,     58.0,  9, 10, 11,  9,    2360115,    2360115,    2360115,    2360115
38,    2576346,     38.0,     40.0,     40.0,    117.0, 12, 12, 12,  9,    2360121,    2360121,    2360121,    2360121
38,    2509084,     38.0,     39.0,     40.0,    117.0, 12, 12, 11,  9,    2360121,    2360121,    2360121,    2360121
38,    2509097,     19.0,     19.0,     19.0,     57.0,  9, 10, 11, 11,    2360126,    2360126,    2360126,    2360126
38,    2703458,     31.0,     31.0,     31.0,     89.0,  4,  5,  6,  4,    2509116,    2509116,    2509116,    2509116
38,    2703462,     28.0,     29.0,     29.0,     82.0,  4,  5,  6,  4,    2509116,    2509116,    2509116,    2509116
38,    2509121,     20.0,     20.0,     20.0,     59.0,  9, 10, 11,  9,    2360137,    2360137,    2360137,    2360137
38,    2509126,     20.0,     20.0,     20.0,     59.0,  9, 10, 11,  9,    2360139,    2360139,    2360139,    2360139
38,    2509444,     40.0,     39.0,     39.0,    117.0,  9, 12, 12,  9,    1400941,    1400941,    1400941,    1400941
38,    2577668,     19.0,     19.0,     19.0,     64.0, 12, 12, 12, 10,    2190521,    2190520,    2190520,    2190520
38,      43461,     20.0,     19.0,     19.0,     64.0, 12, 12, 12, 10,    2190520,    2190520,    2190520,    2190520
38,      43462,     19.0,     19.0,     19.0,     64.0, 12, 12, 12, 10,    2190521,    2190520,    2190520,    2190520
38,    2573700,     38.0,     39.0,     38.0,    124.0, 12, 12, 12, 11,    2401446,    2401446,    2401446,    2401446
38,    1404891,     16.0,     16.0,     15.0,     45.0,  4,  5,  6,  5,    1404891,    1404891,    1404891,    1404891
38,    2575291,     22.0,     21.0,     21.0,     61.0,  4,  5,  6,  5,    1404891,    1404891,    1404891,    1404891
38,    1120124,     20.0,     19.0,     19.0,     64.0, 12, 12, 12, 10,    2190520,    2190520,    2190520,    2190520
38,    2579163,     19.0,     19.0,     19.0,     63.0, 12, 12, 12, 10,    2190520,    2190520,    2190520,    2190520
38,    2537293,     49.0,     51.0,     52.0,    141.0,  4,  5,  6,  4,      46636,      46636,      46636,      46636
38,      46636,     20.0,     20.0,     20.0,     58.0,  9, 10, 11,  9,    1400974,    1400974,    1400974,    1400974
38,    2538890,     26.0,     26.0,     26.0,     77.0,  9, 10, 11,  9,    2382111,    2382111,    2382111,    2382111
38,    2576401,     34.0,     35.0,     34.0,     98.0,  4,  5,  6,  4,    2509116,    2509116,    2509116,    2509116
38,    3549327,     25.0,     26.0,     25.0,     76.0,  9, 10, 11,  9,    2798254,    2798254,    2798254,    2798254
38,    4203471,     38.0,     40.0,     39.0,    117.0, 12, 12, 12,  9,    2360121,    2360121,    2978861,    2360121
39,    3744865,     19.0,     19.0,     20.0,     62.0, 12, 12, 12, 10,    2190521,    2190520,    2190520,    2190520
39,    2573500,     65.0,     66.0,     69.0,    204.0, 12, 12, 11,  9,    1400850,    1400850,    2190454,    2190454
39,    2509089,     19.0,     19.0,     19.0,     57.0,  9, 10, 11,  9,    2360124,    2360124,    2360124,    2360124
39,    2580468,     62.0,     62.0,     66.0,    186.0, 12, 12, 12,  9,    2404865,    2404865,    2404865,    2404865
39,    2580496,     55.0,     56.0,     57.0,    156.0,  4,  5,  6,  4,      46636,      46636,      46636,      46636
39,    1228701,     54.0,     54.0,     54.0,    157.0,  9, 10, 11, 11,      84659,      84659,      84659,      84659
39,    1228569,     54.0,     54.0,     54.0,    161.0,  9, 10, 11, 10,    1400921,    1400921,    1400921,    1400921
39,    1405272,     54.0,     54.0,     54.0,    161.0, 12, 10, 11, 10,    1400921,    1400921,    1400921,    1400921
39,    1228587,     19.0,     19.0,     19.0,     57.0,  9, 10, 11, 10,    1523603,    1523603,    1523603,    1523603
39,    1228353,     52.0,     52.0,     52.0,    154.0,  9, 10, 11,  9,      84680,      84680,      84680,      84680
39,    1404789,     38.0,     39.0,     38.0,    115.0, 12, 10, 12, 10,    2401446,    1523346,    1523346,    1523346
39,    1404863,     19.0,     19.0,     19.0,     58.0,  9, 10, 11,  9,    1523407,    1523407,    1523407,    1523407
39,    2509449,     19.0,     19.0,     19.0,     57.0,  9, 10, 11,  9,    2360323,    2360323,    2360323,    2360323
39,    1228643,     26.0,     26.0,     25.0,     77.0,  9, 10, 12,  9,    1400949,    1400949,    1400949,    1400949
39,    1228648,     25.0,     26.0,     26.0,     77.0, 12, 10, 11,  9,    1400950,    1400950,    1400950,    1400950
39,    1120119,     19.0,     19.0,     20.0,     62.0, 12, 12, 12, 10,    2190520,    2190520,    2190520,    2190520
39,    2529175,     19.0,     19.0,     20.0,     62.0, 12, 12, 12, 10,    2190520,    2190520,    2190520,    2190520
39,    1228346,     54.0,     54.0,     54.0,    161.0,  9, 10, 11,  9,    1400871,    2219365,    1400871,    1400871
39,    1228405,     67.0,     68.0,     68.0,    204.0, 12, 10, 12,  9,    1400883,    1400883,    1400883,    1400883
39,    1228410,     67.0,     67.0,     68.0,    202.0, 12, 12, 12, 10,    1400883,    1400885,    1400883,    1400885
39,    1228427,     68.0,     67.0,     67.0,    203.0, 12, 12, 12, 10,    1400890,    1400890,    1400890,    1400891
39,    1228432,     68.0,     67.0,     67.0,    203.0, 12, 12, 12, 10,    1400890,    1400890,    1400890,    1400892
39,    1228695,     56.0,     56.0,     56.0,    164.0, 12, 12, 11, 11,    1400971,    1400971,    1400971,    1400971
39,    1228732,     26.0,     26.0,     26.0,     77.0,  9, 10, 11,  9,    1400978,    1400978,    1400978,    1400978
39,    1324248,     58.0,     57.0,     57.0,    167.0,  9, 12, 12, 11,    1452297,    1452297,    1452297,    1452297
39,    1405365,     19.0,     19.0,     19.0,     58.0,  9, 10, 11,  9,    1523603,    1523603,    1523603,    1523603
39,    1405420,     19.0,     19.0,     19.0,     58.0,  9, 10, 11,  9,    1523679,    1523679,    1523679,    1523679
39,    1404833,     19.0,     19.0,     20.0,     58.0,  9, 10, 11,  9,    1523388,    1523388,    1523388,    1523388
39,    1425010,     57.0,     56.0,     56.0,    166.0, 12, 12, 12, 10,    1545070,    1545070,    1545070,    1545070
39,    2236235,     26.0,     27.0,     26.0,     78.0, 12, 10, 12,  9,    2184520,    2184520,    2184520,    2184520
39,    2247029,     24.0,     24.0,     28.0,     77.0, 12, 12, 11,  9,    2190481,    2190481,    2190481,    2190481
39,    2247079,     66.0,     67.0,     70.0,    207.0, 12, 12, 12,  9,    1400850,    1400850,    2190508,    2190508
39,    2247119,     19.0,     19.0,     19.0,     58.0, 12, 12, 12,  9,    2190520,    2190520,    2190520,    2190523
39,    2247129,     19.0,     19.0,     19.0,     61.0, 12, 12, 12, 10,    2190520,    2190520,    2190520,    2190521
39,    2328532,     26.0,     26.0,     26.0,     77.0,  9, 10, 11,  9,    2239706,    2239706,    2239706,    2239706
39,    2575882,     40.0,     40.0,     40.0,    118.0, 12, 12, 12, 11,    2360112,    2360112,    2402318,    2402318
39,    2575916,     40.0,     39.0,     40.0,    118.0, 12, 12, 11, 11,    2360112,    2402554,    2402328,    2402328
39,    2509068,     39.0,     39.0,     41.0,    119.0, 12, 12, 11,  9,    2360112,    2360121,    2360112,    2360112
39,    2509078,     19.0,     19.0,     19.0,     58.0,  9, 10, 11,  9,    2360115,    2360115,    2360115,    2360115
39,    2576346,     39.0,     39.0,     41.0,    118.0, 12, 12, 11,  9,    2360121,    2360121,    2360121,    2360121
39,    2509084,     38.0,     38.0,     40.0,    117.0, 12, 12, 12,  9,    2360121,    2360121,    2360121,    2360121
39,    2509097,     19.0,     19.0,     19.0,     57.0,  9, 10, 11, 11,    2360126,    2360126,    2360126,    2360126
39,    2703458,     31.0,     31.0,     31.0,     89.0,  4,  5,  6,  4,    2509116,    2509116,    2509116,    2509116
39,    2703462,     28.0,     29.0,     29.0,     82.0,  4,  5,  6,  4,    2509116,    2509116,    2509116,    2509116
39,    2509121,     20.0,     20.0,     20.0,     59.0,  9, 10, 11,  9,    2360137,    2360137,    2360137,    2360137
39,    2509126,     20.0,     20.0,     20.0,     59.0,  9, 10, 11,  9,    2360139,    2360139,    2360139,    2360139
39,    2509444,     40.0,     39.0,     39.0,    117.0,  9, 12, 12,  9,    1400941,    1400941,    1400941,    1400941
39,    2577668,     19.0,     19.0,     20.0,     62.0, 12, 12, 12, 10,    2190520,    2190520,    2190520,    2190520
39,      43461,     19.0,     19.0,     20.0,     62.0, 12, 12, 12, 10,    2190521,    2190520,    2190520,    2190520
39,      43462,     19.0,     19.0,     20.0,     62.0, 12, 12, 12, 10,    2190520,    2190520,    2190520,    2190520
39,    2573700,     38.0,     39.0,     38.0,    122.0, 12, 12, 12, 11,    2401446,    2401446,    2401446,    2401446
39,    1404891,     16.0,     15.0,     15.0,     45.0,  4,  5,  6,  5,    1404891,    1404891,    1404891,    1404891
39,    2575291,     21.0,     21.0,     21.0,     60.0,  4,  5,  6,  6,    2575286,    1404891,    1404891,    2575291
39,    1120124,     20.0,     19.0,     20.0,     62.0, 12, 12, 12, 10,    2190520,    2190520,    2190520,    2190520
39,    2579163,     19.0,     19.0,     19.0,     61.0, 12, 12, 12, 10,    2190520,    2190520,    2190520,    2190521
39,    2537293,     49.0,     50.0,     51.0,    139.0,  4,  5,  6,  4,      46636,      46636,      46636,      46636
39,      46636,     20.0,     20.0,     20.0,     58.0,  9, 10, 11,  9,    1400974,    1400974,    1400974,    1400974
39,    2538890,     26.0,     26.0,     26.0,     77.0,  9, 10, 11,  9,    2382111,    2382111,    2382111,    2382111
39,    2576401,     34.0,     34.0,     35.0,     98.0,  4,  5,  6,  4,    2509116,    2509116,    2509116,    2509116
39,    3549327,     25.0,     26.0,     25.0,     76.0,  9, 10, 11,  9,    2798254,    2798254,    2798254,    2798254
39,    4203471,     39.0,     38.0,     41.0,    117.0, 12, 12, 11,  9,    2360121,    2978861,    2360121,    2360121
40,    3744865,     20.0,     20.0,     19.0,     62.0, 12, 12, 12, 11,    2190520,    2190520,    2190520,    2190521
40,    2573500,     66.0,     68.0,     69.0,    204.0, 12, 12, 11,  9,    1400850,    1400850,    2190454,    2190454
40,    2509089,     19.0,     19.0,     19.0,     57.0,  9, 10, 11,  9,    2360124,    2360124,    2360124,    2360124
40,    2580468,     62.0,     62.0,     66.0,    186.0, 12, 12, 12,  9,    2404865,    2404865,    2404865,    2404865
40,    2580496,     54.0,     57.0,     57.0,    155.0,  4,  5,  6,  4,      46636,      46636,      46636,      46636
40,    1228701,     54.0,     54.0,     54.0,    157.0,  9, 10, 11, 11,      84659,      84659,      84659,      84659
40,    1228569,     55.0,     54.0,     54.0,    161.0,  9, 10, 11, 10,    1400921,    1400921,    1400921,    1400921
40,    1405272,     55.0,     54.0,     54.0,    161.0,  9, 10, 11, 10,    1400921,    1400921,    1400921,    1400921
40,    1228587,     19.0,     19.0,     19.0,     57.0,  9, 10, 11, 10,    1523603,    1523603,    1523603,    1523603
40,    1228353,     52.0,     52.0,     52.0,    154.0,  9, 10, 11,  9,      84680,      84680,      84680,      84680
40,    1404789,     39.0,     39.0,     38.0,    115.0,  9, 10, 12, 10,    1523347,    1523346,    1523346,    1523346
40,    1404863,     19.0,     19.0,     19.0,     58.0,  9, 10, 11,  9,    1523407,    1523407,    1523407,    1523407
40,    2509449,     19.0,     19.0,     19.0,     57.0,  9, 10, 11,  9,    2360323,    2360323,    2360323,    2360323
40,    1228643,     26.0,     26.0,     25.0,     77.0,  9, 10, 12,  9,    1400949,    1400949,    1400949,    1400949
40,    1228648,     26.0,     26.0,     26.0,     77.0,  9, 10, 11,  9,    1400950,    1400950,    1400950,    1400950
40,    1120119,     20.0,     20.0,     19.0,     62.0, 12, 12, 12, 11,    2190520,    2190520,    2190520,    2190520
40,    2529175,     20.0,     20.0,     19.0,     62.0, 12, 12, 12, 11,    2190520,    2190520,    2190520,    2190521
40,    1228346,     54.0,     54.0,     54.0,    161.0,  9, 10, 11,  9,    1400871,    2219365,    1400871,    1400871
40,    1228405,     67.0,     68.0,     68.0,    204.0, 12, 12, 12,  9,    1400883,    1400883,    1400883,    1400884
40,    1228410,     67.0,     68.0,     68.0,    203.0, 12, 12, 12, 10,    1400883,    1400883,    1400883,    1400885
40,    1228427,     68.0,     67.0,     67.0,    203.0, 12, 12, 12, 10,    1400890,    1400890,    1400890,    1400891
40,    1228432,     68.0,     67.0,     67.0,    203.0, 12, 12, 12, 10,    1400890,    1400890,    1400890,    1400892
40,    1228695,     56.0,     56.0,     56.0,    163.0,  9, 10, 11, 11,    1400971,    1400971,    1400971,    1400971
40,    1228732,     26.0,     26.0,     25.0,     77.0,  9, 10, 12,  9,    1400978,    1400978,    1400978,    1400978
40,    1324248,     57.0,     57.0,     57.0,    167.0, 12, 12, 12, 11,    1452297,    1452297,    1452297,    1452297
40,    1405365,     19.0,     19.0,     19.0,     58.0,  9, 10, 11,  9,    1523603,    1523603,    1523603,    1523603
40,    1405420,     19.0,     19.0,     19.0,     58.0,  9, 10, 11,  9,    1523679,    1523679,    1523679,    1523679
40,    1404833,     19.0,     19.0,     20.0,     58.0,  9, 10, 11,  9,    1523388,    1523388,    1523388,    1523388
40,    1425010,     56.0,     56.0,     56.0,    166.0, 12, 12, 12, 11,    1545070,    1545070,    1545070,    1545070
40,    2236235,     26.0,     27.0,     27.0,     78.0, 12, 10, 11,  9,    2184520,    2184520,    2184520,    2184520
40,    2247029,     24.0,     24.0,     27.0,     77.0, 12, 12, 11,  9,    2190481,    2190481,    2190481,    2190481
40,    2247079,     67.0,     69.0,     69.0,    207.0, 12, 12, 12,  9,    1400850,    1400850,    2190507,    2190508
40,    2247119,     19.0,     19.0,     18.0,     58.0, 12, 12, 12,  9,    2190520,    2190520,    2190520,    2190523
40,    2247129,     19.0,     19.0,     18.0,     62.0, 12, 12, 12, 10,    2190520,    2190520,    2190521,    2190520
40,    2328532,     26.0,     26.0,     26.0,     77.0,  9, 10, 11,  9,    2239706,    2239706,    2239706,    2239706
40,    2575882,     40.0,     41.0,     41.0,    119.0, 12, 10, 11, 11,    2360112,    2360112,    2360112,    2360112
40,    2575916,     40.0,     40.0,     40.0,    118.0, 12, 12, 12, 11,    2360112,    2402554,    2360112,    2402328
40,    2509068,     40.0,     40.0,     40.0,    118.0,  9, 12, 11, 11,    2360112,    2360121,    2360112,    2360112
40,    2509078,     19.0,     19.0,     19.0,     58.0,  9, 10, 11,  9,    2360115,    2360115,    2360115,    2360115
40,    2576346,     39.0,     39.0,     40.0,    117.0, 12, 12, 11,  9,    2360121,    2402554,    2360121,    2360121
40,    2509084,     38.0,     39.0,     39.0,    117.0, 12, 12, 12,  9,    2360121,    2360121,    2360121,    2360121
40,    2509097,     19.0,     19.0,     19.0,     58.0,  9, 10, 11,  9,    2360126,    2360126,    2360126,    2360126
40,    2703458,     31.0,     31.0,     31.0,     89.0,  4,  5,  6,  4,    2509116,    2509116,    2509116,    2509116
40,    2703462,     28.0,     29.0,     28.0,     82.0,  4,  5,  6,  4,    2509116,    2509116,    2509116,    2509116
40,    2509121,     20.0,     20.0,     20.0,     59.0,  9, 10, 11,  9,    2360137,    2360137,    2360137,    2360137
40,    2509126,     20.0,     20.0,     20.0,     59.0,  9, 10, 11,  9,    2360139,    2360139,    2360139,    2360139
40,    2509444,     40.0,     39.0,     39.0,    117.0,  9, 12, 12,  9,    1400941,    1400941,    1400941,    1400941
40,    2577668,     20.0,     20.0,     19.0,     62.0, 12, 12, 12, 11,    2190520,    2190520,    2190520,    2190520
40,      43461,     20.0,     20.0,     19.0,     62.0, 12, 12, 12, 11,    2190520,    2190520,    2190520,    2190521
40,      43462,     20.0,     20.0,     19.0,     62.0, 12, 12, 12, 11,    2190520,    2190520,    2190520,    2190520
40,    2573700,     38.0,     39.0,     38.0,    121.0, 12, 12, 12, 11,    2401446,    2401446,    2401446,    2401446
40,    1404891,     16.0,     15.0,     15.0,     45.0,  4,  5,  6,  5,    1404891,    1404891,    1404891,    1404891
40,    2575291,     22.0,     21.0,     21.0,     60.0,  4,  5,  6,  6,    1404891,    1404891,    1404891,    1404891
40,    1120124,     20.0,     20.0,     19.0,     62.0, 12, 12, 12, 11,    2190520,    2190520,    2190520,    2190521
40,    2579163,     19.0,     19.0,     19.0,     62.0, 12, 12, 12, 10,    2190520,    2190520,    2190520,    2190520
40,    2537293,     48.0,     50.0,     51.0,    138.0,  4,  5,  6,  4,      46636,      46636,      46636,      46636
40,      46636,     20.0,     20.0,     20.0,     58.0,  9, 10, 11,  9,    1400974,    1400974,    1400974,    1400974
40,    2538890,     26.0,     26.0,     26.0,     77.0,  9, 10, 11,  9,    2382111,    2382111,    2382111,    2382111
40,    2576401,     34.0,     34.0,     34.0,     98.0,  4,  5,  6,  4,    2509116,    2509116,    2509116,    2509116
40,    3549327,     25.0,     26.0,     25.0,     76.0,  9, 10, 11,  9,    2798254,    2798254,    2798254,    2798254
40,    4203471,     39.0,     39.0,     40.0,    117.0, 12, 12, 11,  9,    2360121,    2978861,    2360121,    2360121
41,    3744865,     20.0,     20.0,     18.0,     62.0, 12, 12, 12, 11,    2190520,    2190520,    2190520,    2190520
41,    2573500,     67.0,     68.0,     69.0,    204.0, 12, 12, 11,  9,    1400850,    1400850,    2190454,    2190454
41,    2509089,     19.0,     19.0,     19.0,     57.0,  9, 10, 11,  9,    2360124,    2360124,    2360124,    2360124
41,    2580468,     63.0,     62.0,     65.0,    186.0, 12, 12, 12,  9,    2404865,    2404865,    2404865,    2404865
41,    2580496,     55.0,     56.0,     58.0,    158.0,  4,  5,  6,  4,      46636,      46636,      46636,      46636
41,    1228701,     54.0,     54.0,     54.0,    157.0,  9, 10, 11, 11,      84659,      84659,      84659,      84659
41,    1228569,     55.0,     53.0,     53.0,    161.0,  9, 12, 12, 10,    1400921,    1400921,    1400921,    1400921
41,    1405272,     55.0,     54.0,     54.0,    161.0, 12, 10, 11, 10,    1400921,    1400921,    1400921,    1400921
41,    1228587,     19.0,     19.0,     19.0,     57.0,  9, 10, 11, 10,    1523603,    1523603,    1523603,    1523603
41,    1228353,     52.0,     52.0,     52.0,    154.0,  9, 10, 11,  9,      84680,      84680,      84680,      84680
41,    1404789,     39.0,     39.0,     37.0,    115.0,  9, 10, 12, 10,    1523347,    1523346,    1523346,    1523346
41,    1404863,     19.0,     19.0,     19.0,     58.0,  9, 10, 11,  9,    1523407,    1523407,    1523407,    1523407
41,    2509449,     19.0,     19.0,     19.0,     57.0,  9, 10, 11,  9,    2360323,    2360323,    2360323,    2360323
41,    1228643,     26.0,     26.0,     25.0,     77.0,  9, 10, 12,  9,    1400949,    1400949,    1400949,    1400949
41,    1228648,     25.0,     26.0,     26.0,     77.0, 12, 10, 11,  9,    1400950,    1400950,    1400950,    1400950
41,    1120119,     20.0,     20.0,     18.0,     62.0, 12, 12, 12, 11,    2190520,    2190520,    2190520,    2190520
41,    2529175,     20.0,     20.0,     18.0,     62.0, 12, 12, 12, 11,    2190520,    2190520,    2190520,    2190520
41,    1228346,     54.0,     54.0,     54.0,    160.0,  9, 10, 11,  9,    1400871,    2219365,    1400871,    1400871
41,    1228405,     67.0,     68.0,     68.0,    204.0, 12, 12, 12,  9,    1400883,    1400883,    1400883,    1400884
41,    1228410,     67.0,     68.0,     68.0,    203.0, 12, 12, 12,  9,    1400883,    1400883,    1400883,    1400885
41,    1228427,     68.0,     67.0,     67.0,    203.0, 12, 12, 12, 10,    1400890,    1400890,    1400890,    1400891
41,    1228432,     68.0,     67.0,     67.0,    203.0, 12, 12, 12, 10,    1400890,    1400890,    1400890,    1400892
41,    1228695,     56.0,     56.0,     56.0,    164.0,  9, 10, 11,  9,    1400971,    1400971,    1400971,    1400971
41,    1228732,     26.0,     26.0,     25.0,     77.0,  9, 10, 12,  9,    1400978,    1400978,    1400978,    1400978
41,    1324248,     57.0,     57.0,     57.0,    168.0, 12, 12, 12, 11,    1452297,    1452297,    1452297,    1452297
41,    1405365,     19.0,     19.0,     19.0,     58.0,  9, 10, 11,  9,    1523603,    1523603,    1523603,    1523603
41,    1405420,     19.0,     19.0,     19.0,     58.0,  9, 10, 11,  9,    1523679,    1523679,    1523679,    1523679
41,    1404833,     19.0,     19.0,     20.0,     58.0,  9, 10, 11,  9,    1523388,    1523388,    1523388,    1523388
41,    1425010,     56.0,     56.0,     56.0,    166.0, 12, 12, 12, 11,    1545070,    1545070,    1545070,    1545070
41,    2236235,     27.0,     27.0,     27.0,     78.0,  9, 10, 11,  9,    2184520,    2184520,    2184520,    2184520
41,    2247029,     24.0,     24.0,     27.0,     77.0, 12, 12, 11,  9,    2190481,    2190481,    2190481,    2190481
41,    2247079,     68.0,     69.0,     69.0,    206.0, 12, 12, 12,  9,    1400850,    1400850,    2190507,    2190508
41,    2247119,     19.0,     19.0,     18.0,     58.0, 12, 10, 12,  9,    2190520,    2190523,    2190520,    2190523
41,    2247129,     19.0,     20.0,     18.0,     61.0, 12, 12, 12, 11,    2190520,    2190520,    2190520,    2190521
41,    2328532,     26.0,     26.0,     26.0,     77.0,  9, 10, 11,  9,    2239706,    2239706,    2239706,    2239706
41,    2575882,     40.0,     41.0,     41.0,    119.0, 12, 10, 11,  9,    2360112,    2360112,    2360112,    2360112
41,    2575916,     40.0,     41.0,     40.0,    118.0, 12, 10, 12, 11,    2360112,    2360112,    2360112,    2402328
41,    2509068,     39.0,     40.0,     40.0,    118.0, 12, 12, 11,  9,    2360121,    2402554,    2360112,    2360112
41,    2509078,     19.0,     19.0,     19.0,     58.0,  9, 10, 11,  9,    2360115,    2360115,    2360115,    2360115
41,    2576346,     39.0,     40.0,     40.0,    117.0, 12, 10, 11,  9,    2360121,    2360121,    2360121,    2360121
41,    2509084,     38.0,     39.0,     39.0,    116.0, 12, 12, 11,  9,    2360121,    2360121,    2360121,    2360121
41,    2509097,     19.0,     19.0,     19.0,     58.0,  9, 10, 11,  9,    2360126,    2360126,    2360126,    2360126
41,    2703458,     31.0,     31.0,     31.0,     88.0,  4,  5,  6,  4,    2509116,    2509116,    2509116,    2703458
41,    2703462,     28.0,     29.0,     28.0,     82.0,  4,  5,  6,  4,    2509116,    2509116,    2509116,    2509116
41,    2509121,     20.0,     20.0,     20.0,     59.0,  9, 10, 11,  9,    2360137,    2360137,    2360137,    2360137
41,    2509126,     20.0,     20.0,     20.0,     59.0,  9, 10, 11,  9,    2360139,    2360139,    2360139,    2360139
41,    2509444,     40.0,     40.0,     39.0,    117.0,  9, 10, 12,  9,    1400941,    1400941,    1400941,    1400941
41,    2577668,     20.0,     20.0,     18.0,     62.0, 12, 12, 12, 11,    2190520,    2190520,    2190520,    2190520
41,      43461,     20.0,     20.0,     18.0,     62.0, 12, 12, 12, 11,    2190520,    2190520,    2190520,    2190520
41,      43462,     20.0,     20.0,     18.0,     62.0, 12, 12, 12, 11,    2190520,    2190520,    2190520,    2190520
41,    2573700,     39.0,     39.0,     37.0,    120.0, 12, 12, 12, 11,    2401446,    2401446,    2401446,    2401446
41,    1404891,     17.0,     15.0,     15.0,     45.0,  4,  5,  6,  5,    1404891,    1404891,    1404891,    1404891
41,    2575291,     22.0,     21.0,     21.0,     60.0,  4,  5,  6,  6,    2575286,    1404891,    1404891,    1404891
41,    1120124,     20.0,     20.0,     18.0,     62.0, 12, 12, 12, 11,    2190520,    2190520,    2190521,    2190520
41,    2579163,     20.0,     20.0,     18.0,     61.0, 12, 12, 12, 11,    2190520,    2190520,    2190520,    2190521
41,    2537293,     49.0,     50.0,     51.0,    141.0,  4,  5,  6,  4,      46636,      46636,      46636,      46636
41,      46636,     20.0,     20.0,     20.0,     58.0,  9, 10, 11,  9,    1400974,    1400974,    1400974,    1400974
41,    2538890,     26.0,     26.0,     26.0,     77.0,  9, 10, 11,  9,    2382111,    2382111,    2382111,    2382111
41,    2576401,     34.0,     34.0,     34.0,     98.0,  4,  5,  6,  4,    2509116,    2509116,    2509116,    2509116
41,    3549327,     25.0,     26.0,     25.0,     76.0,  9, 10, 11,  9,    2798254,    2798254,    2798254,    2798254
41,    4203471,     39.0,     39.0,     39.0,    117.0,  9, 12, 12,  9,    2360121,    2978861,    2360121,    2360121
42,    3744865,     20.0,     20.0,     19.0,     63.0, 12, 12, 12, 11,    2190520,    2190520,    2190520,    2190520
42,    2573500,     67.0,     67.0,     69.0,    204.0, 12, 12, 11,  9,    1400850,    1400850,    2190454,    2190454
42,    2509089,     19.0,     19.0,     19.0,     57.0,  9, 10, 11,  9,    2360124,    2360124,    2360124,    2360124
42,    2580468,     63.0,     61.0,     66.0,    187.0, 12, 12, 12,  9,    2404865,    2404865,    2404865,    2404865
42,    2580496,     55.0,     56.0,     58.0,    158.0,  4,  5,  6,  4,      46636,      46636,      46636,      46636
42,    1228701,     54.0,     54.0,     54.0,    157.0,  9, 10, 11, 11,      84659,      84659,      84659,      84659
42,    1228569,     54.0,     54.0,     54.0,    161.0,  9, 10, 11, 10,    1400921,    1400921,    1400921,    1400921
42,    1405272,     54.0,     54.0,     54.0,    161.0, 12, 10, 11, 10,    1400921,    1400921,    1400921,    1400921
42,    1228587,     19.0,     19.0,     19.0,     57.0,  9, 10, 11, 10,    1523603,    1523603,    1523603,    1523603
42,    1228353,     52.0,     52.0,     52.0,    154.0,  9, 10, 11,  9,      84680,      84680,      84680,      84680
42,    1404789,     39.0,     39.0,     38.0,    116.0,  9, 10, 12, 10,    1523347,    1523346,    1523346,    1523346
42,    1404863,     19.0,     19.0,     19.0,     58.0,  9, 10, 11,  9,    1523407,    1523407,    1523407,    1523407
42,    2509449,     19.0,     19.0,     19.0,     57.0,  9, 10, 11,  9,    2360323,    2360323,    2360323,    2360323
42,    1228643,     26.0,     26.0,     25.0,     77.0,  9, 10, 12,  9,    1400949,    1400949,    1400949,    1400949
42,    1228648,     25.0,     26.0,     26.0,     77.0, 12, 10, 11,  9,    1400950,    1400950,    1400950,    1400950
42,    1120119,     20.0,     20.0,     19.0,     63.0, 12, 12, 12, 11,    2190520,    2190520,    2190520,    2190520
42,    2529175,     20.0,     20.0,     19.0,     63.0, 12, 12, 12, 11,    2190520,    2190520,    2190520,    2190520
42,    1228346,     54.0,     54.0,     54.0,    161.0,  9, 10, 11,  9,    1400871,    1400871,    1400871,    1400871
42,    1228405,     67.0,     68.0,     68.0,    204.0, 12, 12, 12,  9,    1400883,    1400883,    1400883,    1400884
42,    1228410,     67.0,     68.0,     68.0,    203.0, 12, 12, 12,  9,    1400883,    1400883,    1400883,    1400885
42,    1228427,     68.0,     66.0,     68.0,    204.0, 12, 12, 12, 10,    1400890,    1400890,    1400890,    1400890
42,    1228432,     68.0,     67.0,     67.0,    203.0, 12, 12, 12, 10,    1400890,    1400890,    1400892,    1400892
42,    1228695,     56.0,     56.0,     56.0,    164.0, 12, 12, 11,  9,    1400971,    1400971,    1400971,    1400971
42,    1228732,     26.0,     26.0,     26.0,     77.0,  9, 10, 11,  9,    1400978,    1400978,    1400978,    1400978
42,    1324248,     58.0,     57.0,     57.0,    166.0,  9, 12, 12, 11,    1452297,    1452297,    1452297,    1452297
42,    1405365,     19.0,     19.0,     19.0,     58.0,  9, 10, 11,  9,    1523603,    1523603,    1523603,    1523603
42,    1405420,     19.0,     19.0,     19.0,     58.0,  9, 10, 11,  9,    1523679,    1523679,    1523679,    1523679
42,    1404833,     19.0,     19.0,     20.0,     58.0,  9, 10, 11,  9,    1523388,    1523388,    1523388,    1523388
42,    1425010,     57.0,     56.0,     56.0,    166.0, 12, 12, 12, 10,    1545070,    1545070,    1545070,    1545070
42,    2236235,     26.0,     28.0,     26.0,     78.0, 12, 10, 12,  9,    2184520,    2184520,    2184520,    2184520
42,    2247029,     24.0,     24.0,     27.0,     77.0, 12, 12, 11,  9,    2190481,    2190481,    2190481,    2190481
42,    2247079,     68.0,     68.0,     69.0,    206.0, 12, 12, 12,  9,    1400850,    1400850,    2190507,    2190508
42,    2247119,     19.0,     19.0,     18.0,     58.0,  9, 12, 12,  9,    2190523,    2190520,    2190520,    2190523
42,    2247129,     20.0,     19.0,     18.0,     62.0, 12, 12, 12, 11,    2190520,    2190520,    2190520,    2190521
42,    2328532,     26.0,     26.0,     26.0,     77.0,  9, 10, 11,  9,    2239706,    2239706,    2239706,    2239706
42,    2575882,     40.0,     41.0,     40.0,    119.0, 12, 12, 12,  9,    2360112,    2402554,    2402318,    2360112
42,    2575916,     39.0,     41.0,     40.0,    118.0, 12, 10, 12, 11,    2360121,    2360112,    2360112,    2402328
42,    2509068,     39.0,     41.0,     40.0,    118.0, 12, 10, 11,  9,    2360112,    2360112,    2360112,    2360112
42,    2509078,     19.0,     19.0,     19.0,     58.0,  9, 10, 11,  9,    2360115,    2360115,    2360115,    2360115
42,    2576346,     39.0,     40.0,     39.0,    117.0, 12, 12, 12,  9,    2360121,    2360121,    2360121,    2360121
42,    2509084,     38.0,     40.0,     39.0,    117.0, 12, 10, 12,  9,    2360121,    2360121,    2360121,    2360121
42,    2509097,     19.0,     19.0,     19.0,     58.0,  9, 10, 11,  9,    2360126,    2360126,    2360126,    2360126
42,    2703458,     31.0,     31.0,     31.0,     89.0,  4,  5,  6,  4,    2509116,    2509116,    2509116,    2509116
42,    2703462,     28.0,     29.0,     28.0,     82.0,  4,  5,  6,  4,    2509116,    2509116,    2509116,    2509116
42,    2509121,     20.0,     20.0,     20.0,     59.0,  9, 10, 11,  9,    2360137,    2360137,    2360137,    2360137
42,    2509126,     20.0,     20.0,     20.0,     59.0,  9, 10, 11,  9,    2360139,    2360139,    2360139,    2360139
42,    2509444,     40.0,     40.0,     39.0,    117.0,  9, 10, 12, 11,    1400941,    1400941,    1400941,    1400941
42,    2577668,     20.0,     20.0,     19.0,     63.0, 12, 12, 12, 11,    2190520,    2190520,    2190520,    2190520
42,      43461,     20.0,     20.0,     19.0,     63.0, 12, 12, 12, 11,    2190520,    2190520,    2190520,    2190520
42,      43462,     20.0,     20.0,     19.0,     63.0, 12, 12, 12, 11,    2190520,    2190520,    2190520,    2190520
42,    2573700,     38.0,     39.0,     38.0,    119.0, 12, 12, 12, 11,    2401446,    2401446,    2401446,    2401446
42,    1404891,     16.0,     15.0,     15.0,     45.0,  4,  5,  6,  5,    1404891,    1404891,    1404891,    1404891
42,    2575291,     22.0,     21.0,     21.0,     60.0,  4,  5,  6,  5,    1404891,    1404891,    1404891,    1404891
42,    1120124,     20.0,     20.0,     19.0,     63.0, 12, 12, 12, 11,    2190520,    2190520,    2190520,    2190520
42,    2579163,     20.0,     19.0,     18.0,     62.0, 12, 12, 12, 11,    2190520,    2190520,    2190520,    2190521
42,    2537293,     49.0,     50.0,     52.0,    141.0,  4,  5,  6,  4,      46636,      46636,      46636,      46636
42,      46636,     20.0,     20.0,     20.0,     58.0,  9, 10, 11,  9,    1400974,    1400974,    1400974,    1400974
42,    2538890,     26.0,     26.0,     26.0,     77.0,  9, 10, 11,  9,    2382111,    2382111,    2382111,    2382111
42,    2576401,     34.0,     35.0,     34.0,     98.0,  4,  5,  6,  4,    2509116,    2509116,    2509116,    2509116
42,    3549327,     25.0,     26.0,     25.0,     76.0,  9, 10, 11,  9,    2798254,    2798254,    2798254,    2798254
42,    4203471,     38.0,     40.0,     39.0,    117.0, 12, 12, 12,  9,    2360121,    2360121,    2360121,    2360121
43,    3744865,     20.0,     20.0,     18.0,     64.0, 12, 12, 12, 11,    2190520,    2190520,    2190520,    2190520
43,    2573500,     66.0,     67.0,     69.0,    205.0, 12, 12, 12,  9,    1400850,    1400850,    2190454,    2190454
43,    2509089,     19.0,     19.0,     19.0,     57.0,  9, 10, 11,  9,    2360124,    2360124,    2360124,    2360124
43,    2580468,     63.0,     62.0,     65.0,    190.0, 12, 12, 12,  9,    2404865,    2404865,    2404865,    2404865
43,    2580496,     56.0,     58.0,     58.0,    160.0,  4,  5,  6,  4,      46636,      46636,      46636,      46636
43,    1228701,     54.0,     54.0,     54.0,    157.0,  9, 10, 11, 10,      84659,      84659,      84659,      84659
43,    1228569,     54.0,     54.0,     54.0,    161.0, 12, 10, 11, 10,    1400921,    1400921,    1400921,    1400921
43,    1405272,     55.0,     54.0,     54.0,    161.0,  9, 10, 11, 10,    1400921,    1400921,    1400921,    1400921
43,    1228587,     19.0,     19.0,     19.0,     57.0,  9, 10, 11, 10,    1523603,    1523603,    1523603,    1523603
43,    1228353,     52.0,     52.0,     52.0,    154.0,  9, 10, 11,  9,      84680,      84680,      84680,      84680
43,    1404789,     39.0,     39.0,     38.0,    115.0,  9, 10, 12, 10,    1523346,    1523346,    1523346,    1523346
43,    1404863,     19.0,     19.0,     19.0,     58.0,  9, 10, 11,  9,    1523407,    1523407,    1523407,    1523407
43,    2509449,     19.0,     19.0,     19.0,     57.0,  9, 10, 11,  9,    2360323,    2360323,    2360323,    2360323
43,    1228643,     26.0,     26.0,     25.0,     77.0,  9, 10, 12,  9,    1400949,    1400949,    1400949,    1400949
43,    1228648,     25.0,     26.0,     26.0,     77.0, 12, 10, 11,  9,    1400950,    1400950,    1400950,    1400950
43,    1120119,     20.0,     19.0,     18.0,     64.0, 12, 12, 12, 11,    2190520,    2190520,    2190520,    2190520
43,    2529175,     20.0,     19.0,     18.0,     64.0, 12, 12, 12, 11,    2190520,    2190520,    2190520,    2190520
43,    1228346,     53.0,     54.0,     53.0,    161.0, 12, 10, 12,  9,    1400871,    2219365,    1400871,    1400871
43,    1228405,     68.0,     67.0,     68.0,    204.0, 12, 12, 12,  9,    1400883,    1400883,    1400883,    1400884
43,    1228410,     68.0,     67.0,     67.0,    203.0, 12, 12, 12, 10,    1400883,    1400883,    1400885,    1400885
43,    1228427,     67.0,     67.0,     68.0,    204.0, 12, 12, 12,  9,    1400890,    1400890,    1400890,    1400891
43,    1228432,     67.0,     67.0,     67.0,    204.0, 12, 12, 12, 10,    1400890,    1400890,    1400892,    1400892
43,    1228695,     56.0,     56.0,     56.0,    163.0,  9, 10, 11, 10,    1400971,    1400971,    1400971,    1400971
43,    1228732,     26.0,     26.0,     26.0,     77.0,  9, 10, 11,  9,    1400978,    1400978,    1400978,    1400978
43,    1324248,     57.0,     58.0,     57.0,    167.0, 12, 10, 12,  9,    1452297,    1452297,    1452297,    1452297
43,    1405365,     19.0,     19.0,     19.0,     58.0,  9, 10, 11,  9,    1523603,    1523603,    1523603,    1523603
43,    1405420,     19.0,     19.0,     19.0,     58.0,  9, 10, 11,  9,    1523679,    1523679,    1523679,    1523679
43,    1404833,     19.0,     19.0,     20.0,     58.0,  9, 10, 11,  9,    1523388,    1523388,    1523388,    1523388
43,    1425010,     56.0,     56.0,     56.0,    167.0, 12, 12, 12, 11,    1545070,    1545070,    1545070,    1545070
43,    2236235,     26.0,     28.0,     26.0,     78.0, 12, 10, 12,  9,    2184520,    2184520,    2184520,    2184520
43,    2247029,     24.0,     24.0,     27.0,     77.0, 12, 12, 11,  9,    2190481,    2190481,    2190481,    2190481
43,    2247079,     68.0,     68.0,     69.0,    206.0, 12, 12, 12,  9,    1400850,    1400850,    2190507,    2190508
43,    2247119,     20.0,     19.0,     18.0,     58.0, 12, 12, 12, 10,    2190520,    2190520,    2190520,    2190523
43,    2247129,     19.0,     19.0,     18.0,     63.0, 12, 12, 12, 11,    2190521,    2190520,    2190520,    2190520
43,    2328532,     26.0,     26.0,     26.0,     77.0,  9, 10, 11,  9,    2239706,    2239706,    2239706,    2239706
43,    2575882,     40.0,     41.0,     41.0,    119.0, 12, 12, 11,  9,    2360112,    2360112,    2360112,    2360112
43,    2575916,     39.0,     40.0,     40.0,    118.0, 12, 12, 11, 11,    2360121,    2360121,    2402328,    2402328
43,    2509068,     39.0,     40.0,     40.0,    118.0, 12, 12, 12,  9,    2360112,    2360121,    2360112,    2360112
43,    2509078,     19.0,     19.0,     19.0,     58.0,  9, 10, 11,  9,    2360115,    2360115,    2360115,    2360115
43,    2576346,     38.0,     39.0,     40.0,    117.0, 12, 12, 12,  9,    2360121,    2360121,    2360121,    2360121
43,    2509084,     38.0,     39.0,     40.0,    117.0, 12, 12, 11,  9,    2360121,    2360121,    2360121,    2360121
43,    2509097,     19.0,     20.0,     19.0,     57.0,  9, 10, 11, 11,    2360126,    2360126,    2360126,    2360126
43,    2703458,     31.0,     31.0,     31.0,     89.0,  4,  5,  6,  4,    2509116,    2509116,    2509116,    2509116
43,    2703462,     28.0,     29.0,     29.0,     82.0,  4,  5,  6,  4,    2509116,    2509116,    2509116,    2509116
43,    2509121,     20.0,     20.0,     20.0,     59.0,  9, 10, 11,  9,    2360137,    2360137,    2360137,    2360137
43,    2509126,     20.0,     20.0,     20.0,     59.0,  9, 10, 11,  9,    2360139,    2360139,    2360139,    2360139
43,    2509444,     40.0,     39.0,     39.0,    117.0,  9, 12, 12,  9,    1400941,    1400941,    1400941,    1400941
43,    2577668,     20.0,     19.0,     18.0,     63.0, 12, 12, 12, 11,    2190520,    2190520,    2190520,    2190521
43,      43461,     20.0,     20.0,     18.0,     64.0, 12, 12, 12, 11,    2190520,    2190520,    2190520,    2190520
43,      43462,     20.0,     19.0,     18.0,     63.0, 12, 12, 12, 11,    2190520,    2190520,    2190520,    2190521
43,    2573700,     38.0,     39.0,     38.0,    120.0, 12, 12, 12, 10,    2401446,    2401446,    2401446,    2401446
43,    1404891,     16.0,     15.0,     15.0,     45.0,  4,  5,  6,  5,    1404891,    1404891,    1404891,    1404891
43,    2575291,     21.0,     21.0,     21.0,     60.0,  4,  5,  6,  6,    1404891,    1404891,    1404891,    1404891
43,    1120124,     20.0,     20.0,     18.0,     64.0, 12, 12, 12, 11,    2190520,    2190520,    2190520,    2190520
43,    2579163,     19.0,     19.0,     18.0,     63.0, 12, 12, 12, 11,    2190521,    2190520,    2190520,    2190520
43,    2537293,     50.0,     52.0,     52.0,    143.0,  4,  5,  6,  4,      46636,      46636,      46636,      46636
43,      46636,     20.0,     20.0,     20.0,     58.0,  9, 10, 11,  9,    1400974,    1400974,    1400974,    1400974
43,    2538890,     26.0,     26.0,     26.0,     77.0,  9, 10, 11,  9,    2382111,    2382111,    2382111,    2382111
43,    2576401,     34.0,     35.0,     35.0,     98.0,  4,  5,  6,  4,    2509116,    2509116,    2509116,    2509116
43,    3549327,     25.0,     26.0,     25.0,     76.0,  9, 10, 11,  9,    2798254,    2798254,    2798254,    2798254
43,    4203471,     38.0,     39.0,     40.0,    117.0, 12, 12, 12,  9,    2360121,    2360121,    2360121,    2360121
44,    3744865,     20.0,     20.0,     18.0,     64.0, 12, 12, 12, 10,    2190520,    2190520,    2190520,    2190521
44,    2573500,     65.0,     68.0,     69.0,    205.0, 12, 12, 11,  9,    1400850,    1400850,    2190454,    2190454
44,    2509089,     19.0,     19.0,     19.0,     57.0,  9, 10, 11,  9,    2360124,    2360124,    2360124,    2360124
44,    2580468,     61.0,     64.0,     65.0,    188.0, 12, 12, 12,  9,    2404865,    2404865,    2404865,    2404865
44,    2580496,     57.0,     60.0,     60.0,    163.0,  4,  5,  6,  4,      46636,      46636,      46636,      46636
44,    1228701,     54.0,     54.0,     54.0,    157.0,  9, 10, 11, 10,      84659,      84659,      84659,      84659
44,    1228569,     54.0,     54.0,     54.0,    160.0,  9, 10, 11, 10,    1400921,    1400921,    1400921,    1400921
44,    1405272,     54.0,     54.0,     54.0,    161.0,  9, 10, 11,  9,    1400921,    1400921,    1400921,    1400921
44,    1228587,     19.0,     19.0,     19.0,     57.0,  9, 10, 11,  9,    1523603,    1523603,    1523603,    1523603
44,    1228353,     52.0,     52.0,     52.0,    154.0,  9, 10, 11,  9,      84680,      84680,      84680,      84680
44,    1404789,     38.0,     39.0,     38.0,    115.0, 12, 10, 12, 10,    2401446,    1523346,    1523346,    1523346
44,    1404863,     19.0,     19.0,     19.0,     58.0,  9, 10, 11,  9,    1523407,    1523407,    1523407,    1523407
44,    2509449,     19.0,     19.0,     19.0,     57.0,  9, 10, 11,  9,    2360323,    2360323,    2360323,    2360323
44,    1228643,     26.0,     26.0,     25.0,     77.0,  9, 10, 12,  9,    1400949,    1400949,    1400949,    1400949
44,    1228648,     25.0,     26.0,     26.0,     77.0, 12, 10, 11,  9,    1400950,    1400950,    1400950,    1400950
44,    1120119,     20.0,     20.0,     18.0,     64.0, 12, 12, 12, 10,    2190520,    2190520,    2190520,    2190521
44,    2529175,     20.0,     20.0,     18.0,     64.0, 12, 12, 12, 10,    2190520,    2190520,    2190520,    2190521
44,    1228346,     53.0,     55.0,     53.0,    161.0, 12, 10, 12,  9,    1400871,    2219365,    1400871,    1400871
44,    1228405,     67.0,     68.0,     67.0,    204.0, 12, 12, 12,  9,    1400884,    1400883,    1400883,    1400884
44,    1228410,     68.0,     68.0,     67.0,    203.0, 12, 12, 12, 10,    1400883,    1400883,    1400883,    1400885
44,    1228427,     68.0,     67.0,     67.0,    204.0,  9, 12, 12, 10,    1400891,    1400890,    1400890,    1400891
44,    1228432,     68.0,     67.0,     67.0,    204.0, 12, 12, 12, 10,    1400892,    1400890,    1400890,    1400892
44,    1228695,     56.0,     56.0,     56.0,    164.0, 12, 10, 11,  9,    1400971,    1400971,    1400971,    1400971
44,    1228732,     26.0,     26.0,     25.0,     77.0,  9, 10, 12,  9,    1400978,    1400978,    1400978,    1400978
44,    1324248,     57.0,     58.0,     57.0,    167.0, 12, 12, 12,  9,    1452297,    1452297,    1452297,    1452297
44,    1405365,     19.0,     19.0,     19.0,     58.0,  9, 10, 11,  9,    1523603,    1523603,    1523603,    1523603
44,    1405420,     19.0,     19.0,     19.0,     58.0,  9, 10, 11,  9,    1523679,    1523679,    1523679,    1523679
44,    1404833,     19.0,     19.0,     20.0,     58.0,  9, 10, 11,  9,    1523388,    1523388,    1523388,    1523388
44,    1425010,     57.0,     54.0,     56.0,    167.0, 12, 12, 12, 10,    1545070,    1545070,    1545070,    1545070
44,    2236235,     26.0,     27.0,     26.0,     78.0, 12, 10, 12,  9,    2184520,    2184520,    2184520,    2184520
44,    2247029,     24.0,     24.0,     28.0,     77.0, 12, 12, 11,  9,    2190481,    2190481,    2190481,    2190481
44,    2247079,     66.0,     69.0,     69.0,    207.0, 12, 12, 12,  9,    1400850,    1400850,    2190507,    2190508
44,    2247119,     19.0,     19.0,     18.0,     62.0, 12, 12, 12, 10,    2190523,    2190520,    2190520,    2190523
44,    2247129,     19.0,     19.0,     18.0,     63.0, 12, 12, 12, 11,    2190521,    2190520,    2190520,    2190521
44,    2328532,     26.0,     26.0,     26.0,     77.0,  9, 10, 11,  9,    2239706,    2239706,    2239706,    2239706
44,    2575882,     40.0,     41.0,     40.0,    119.0, 12, 12, 12, 11,    2360112,    2360112,    2402328,    2402318
44,    2575916,     39.0,     40.0,     40.0,    118.0, 12, 12, 11, 11,    2360121,    2402554,    2402328,    2402328
44,    2509068,     39.0,     40.0,     40.0,    119.0, 12, 12, 12,  9,    2360121,    2360112,    2360112,    2360112
44,    2509078,     19.0,     19.0,     19.0,     58.0,  9, 10, 11,  9,    2360115,    2360115,    2360115,    2360115
44,    2576346,     38.0,     39.0,     40.0,    118.0, 12, 12, 11,  9,    2360121,    2402554,    2360121,    2360121
44,    2509084,     38.0,     40.0,     39.0,    117.0, 12, 10, 12,  9,    2360121,    2360121,    2360121,    2360121
44,    2509097,     19.0,     20.0,     19.0,     57.0,  9, 10, 11, 11,    2360126,    2360126,    2360126,    2360126
44,    2703458,     31.0,     31.0,     31.0,     89.0,  4,  5,  6,  4,    2509116,    2703458,    2509116,    2509116
44,    2703462,     29.0,     29.0,     29.0,     82.0,  4,  5,  6,  4,    2509116,    2509116,    2509116,    2509116
44,    2509121,     20.0,     20.0,     20.0,     59.0,  9, 10, 11,  9,    2360137,    2360137,    2360137,    2360137
44,    2509126,     20.0,     20.0,     20.0,     59.0,  9, 10, 11,  9,    2360139,    2360139,    2360139,    2360139
44,    2509444,     40.0,     39.0,     39.0,    117.0,  9, 12, 12,  9,    1400941,    1400941,    1400941,    1400941
44,    2577668,     20.0,     20.0,     18.0,     64.0, 12, 12, 12, 10,    2190520,    2190520,    2190520,    2190521
44,      43461,     20.0,     20.0,     18.0,     64.0, 12, 12, 12, 10,    2190520,    2190520,    2190520,    2190521
44,      43462,     20.0,     20.0,     18.0,     64.0, 12, 12, 12, 10,    2190520,    2190520,    2190520,    2190521
44,    2573700,     38.0,     39.0,     38.0,    120.0, 12, 12, 12, 11,    2401446,    2401446,    2401446,    2401446
44,    1404891,     16.0,     16.0,     15.0,     45.0,  4,  5,  6,  5,    1404891,    1404891,    1404891,    1404891
44,    2575291,     21.0,     21.0,     21.0,     60.0,  4,  5,  6,  6,    2575291,    1404891,    1404891,    2575291
44,    1120124,     20.0,     20.0,     19.0,     64.0, 12, 12, 12, 11,    2190520,    2190520,    2190520,    2190521
44,    2579163,     19.0,     19.0,     18.0,     63.0, 12, 12, 12, 11,    2190521,    2190520,    2190520,    2190521
44,    2537293,     51.0,     54.0,     54.0,    146.0,  4,  5,  6,  4,      46636,      46636,      46636,      46636
44,      46636,     20.0,     20.0,     20.0,     58.0,  9, 10, 11,  9,    1400974,    1400974,    1400974,    1400974
44,    2538890,     26.0,     26.0,     26.0,     77.0,  9, 10, 11,  9,    2382111,    2382111,    2382111,    2382111
44,    2576401,     34.0,     35.0,     35.0,     99.0,  4,  5,  6,  4,    2509116,    2509116,    2509116,    2509116
44,    3549327,     25.0,     26.0,     25.0,     76.0,  9, 10, 11,  9,    2798254,    2798254,    2798254,    2798254
44,    4203471,     38.0,     39.0,     39.0,    117.0, 12, 12, 12,  9,    2360121,    2978861,    2360121,    2360121
45,    3744865,     20.0,     19.0,     18.0,     65.0, 12, 12, 12, 10,    2190520,    2190520,    2190520,    2190520
45,    2573500,     65.0,     69.0,     68.0,    204.0, 12, 12, 12,  9,    1400850,    1400850,    2190454,    2190454
45,    2509089,     19.0,     19.0,     19.0,     57.0,  9, 10, 11,  9,    2360124,    2360124,    2360124,    2360124
45,    2580468,     63.0,     63.0,     63.0,    190.0, 12, 12, 12,  9,    2404865,    2404865,    2404865,    2404865
45,    2580496,     58.0,     59.0,     60.0,    165.0,  4,  5,  6,  4,      46636,      46636,      46636,      46636
45,    1228701,     54.0,     54.0,     54.0,    157.0,  9, 10, 11,  9,      84659,      84659,      84659,      84659
45,    1228569,     55.0,     54.0,     54.0,    161.0,  9, 10, 11, 10,    1400921,    1400921,    1400921,    1400921
45,    1405272,     55.0,     54.0,     54.0,    161.0,  9, 10, 11, 10,    1400921,    1400921,    1400921,    1400921
45,    1228587,     19.0,     19.0,     19.0,     57.0,  9, 10, 11, 10,    1523603,    1523603,    1523603,    1523603
45,    1228353,     52.0,     52.0,     52.0,    154.0,  9, 10, 11,  9,      84680,      84680,      84680,      84680
45,    1404789,     38.0,     39.0,     38.0,    115.0, 12, 10, 12, 10,    2401446,    1523346,    1523346,    1523346
45,    1404863,     19.0,     19.0,     19.0,     58.0,  9, 10, 11,  9,    1523407,    1523407,    1523407,    1523407
45,    2509449,     19.0,     19.0,     19.0,     57.0,  9, 10, 11,  9,    2360323,    2360323,    2360323,    2360323
45,    1228643,     26.0,     26.0,     25.0,     77.0,  9, 10, 12,  9,    1400949,    1400949,    1400949,    1400949
45,    1228648,     25.0,     26.0,     25.0,     77.0, 12, 10, 12,  9,    1400950,    1400950,    1400950,    1400950
45,    1120119,     20.0,     19.0,     18.0,     65.0, 12, 12, 12, 10,    2190520,    2190520,    2190520,    2190520
45,    2529175,     20.0,     19.0,     18.0,     65.0, 12, 12, 12, 10,    2190520,    2190520,    2190520,    2190520
45,    1228346,     53.0,     55.0,     54.0,    161.0, 12, 10, 11,  9,    1400871,    1400871,    1400871,    1400871
45,    1228405,     67.0,     69.0,     67.0,    206.0, 12, 12, 12,  9,    1400883,    1400883,    1400883,    1400884
45,    1228410,     67.0,     68.0,     67.0,    203.0, 12, 10, 12, 10,    1400883,    1400885,    1400883,    1400885
45,    1228427,     68.0,     67.0,     67.0,    204.0, 12, 12, 12,  9,    1400890,    1400890,    1400890,    1400891
45,    1228432,     68.0,     67.0,     67.0,    205.0, 12, 12, 12, 10,    1400890,    1400890,    1400890,    1400892
45,    1228695,     56.0,     56.0,     56.0,    163.0,  9, 10, 11,  9,    1400971,    1400971,    1400971,    1400971
45,    1228732,     26.0,     26.0,     26.0,     77.0,  9, 10, 11,  9,    1400978,    1400978,    1400978,    1400978
45,    1324248,     58.0,     57.0,     57.0,    168.0, 12, 12, 12, 10,    1452297,    1452297,    1452297,    1452297
45,    1405365,     19.0,     19.0,     19.0,     58.0,  9, 10, 11,  9,    1523603,    1523603,    1523603,    1523603
45,    1405420,     19.0,     19.0,     19.0,     58.0,  9, 10, 11,  9,    1523679,    1523679,    1523679,    1523679
45,    1404833,     19.0,     19.0,     20.0,     58.0,  9, 10, 11,  9,    1523388,    1523388,    1523388,    1523388
45,    1425010,     56.0,     55.0,     56.0,    170.0, 12, 12, 12,  9,    1545070,    1545070,    1545070,    1545070
45,    2236235,     27.0,     27.0,     27.0,     78.0,  9, 10, 11,  9,    2184520,    2184520,    2184520,    2184520
45,    2247029,     24.0,     24.0,     28.0,     77.0, 12, 12, 11,  9,    2190481,    2190481,    2190481,    2190481
45,    2247079,     66.0,     70.0,     68.0,    208.0, 12, 12, 12,  9,    1400850,    1400850,    2190507,    2190508
45,    2247119,     19.0,     19.0,     18.0,     58.0,  9, 12, 12,  9,    2190523,    2190520,    2190520,    2190523
45,    2247129,     20.0,     19.0,     18.0,     64.0, 12, 12, 12, 10,    2190520,    2190520,    2190520,    2190520
45,    2328532,     26.0,     26.0,     26.0,     77.0,  9, 10, 11,  9,    2239706,    2239706,    2239706,    2239706
45,    2575882,     40.0,     39.0,     40.0,    119.0, 12, 12, 12, 11,    2360112,    2360121,    2402328,    2402318
45,    2575916,     39.0,     39.0,     40.0,    118.0, 12, 12, 11, 11,    2360121,    2360121,    2402328,    2402328
45,    2509068,     39.0,     38.0,     41.0,    119.0, 12, 12, 11,  9,    2360121,    2402554,    2360112,    2360112
45,    2509078,     19.0,     19.0,     19.0,     58.0,  9, 10, 11,  9,    2360115,    2360115,    2360115,    2360115
45,    2576346,     38.0,     38.0,     41.0,    118.0, 12, 12, 12,  9,    2360121,    2360121,    2360121,    2360121
45,    2509084,     38.0,     38.0,     41.0,    117.0, 12, 12, 11,  9,    2360121,    2360121,    2360121,    2360121
45,    2509097,     19.0,     19.0,     19.0,     57.0,  9, 10, 11, 11,    2360126,    2360126,    2360126,    2360126
45,    2703458,     31.0,     31.0,     32.0,     89.0,  4,  5,  6,  4,    2509116,    2509116,    2509116,    2509116
45,    2703462,     29.0,     29.0,     30.0,     82.0,  4,  5,  6,  4,    2509116,    2509116,    2509116,    2509116
45,    2509121,     20.0,     20.0,     20.0,     59.0,  9, 10, 11,  9,    2360137,    2360137,    2360137,    2360137
45,    2509126,     20.0,     20.0,     20.0,     59.0,  9, 10, 11,  9,    2360139,    2360139,    2360139,    2360139
45,    2509444,     40.0,     40.0,     39.0,    117.0,  9, 10, 12,  9,    1400941,    1400941,    1400941,    1400941
45,    2577668,     20.0,     19.0,     18.0,     65.0, 12, 12, 12, 10,    2190520,    2190520,    2190520,    2190520
45,      43461,     20.0,     19.0,     18.0,     65.0, 12, 12, 12, 10,    2190520,    2190520,    2190520,    2190520
45,      43462,     20.0,     19.0,     18.0,     65.0, 12, 12, 12, 10,    2190520,    2190520,    2190520,    2190520
45,    2573700,     38.0,     39.0,     38.0,    120.0, 12, 12, 12, 11,    2401446,    2401446,    2401446,    2401446
45,    1404891,     16.0,     15.0,     15.0,     45.0,  4,  5,  6,  5,    1404891,    1404891,    1404891,    1404891
45,    2575291,     22.0,     21.0,     21.0,     60.0,  4,  5,  6,  6,    1404891,    1404891,    1404891,    2575291
45,    1120124,     20.0,     19.0,     18.0,     65.0, 12, 12, 12, 10,    2190520,    2190520,    2190520,    2190520
45,    2579163,     20.0,     19.0,     18.0,     64.0, 12, 12, 12, 10,    2190520,    2190520,    2190520,    2190520
45,    2537293,     52.0,     52.0,     53.0,    148.0,  4,  5,  6,  4,      46636,      46636,      46636,      46636
45,      46636,     20.0,     20.0,     20.0,     58.0,  9, 10, 11,  9,    1400974,    1400974,    1400974,    1400974
45,    2538890,     26.0,     26.0,     26.0,     77.0,  9, 10, 11,  9,    2382111,    2382111,    2382111,    2382111
45,    2576401,     34.0,     35.0,     36.0,     99.0,  4,  5,  6,  4,    2509116,    2509116,    2509116,    2509116
45,    3549327,     25.0,     26.0,     25.0,     76.0,  9, 10, 11,  9,    2798254,    2798254,    2798254,    2798254
45,    4203471,     38.0,     38.0,     41.0,    117.0, 12, 12, 12,  9,    2360121,    2360121,    2360121,    2360121
46,    3744865,     20.0,     20.0,     18.0,     64.0, 12, 12, 12, 11,    2190520,    2190520,    2190520,    2190521
46,    2573500,     66.0,     68.0,     69.0,    204.0, 12, 12, 11,  9,    1400850,    2190454,    2190454,    2190454
46,    2509089,     19.0,     19.0,     19.0,     57.0,  9, 10, 11,  9,    2360124,    2360124,    2360124,    2360124
46,    2580468,     63.0,     63.0,     64.0,    188.0, 12, 12, 12,  9,    2404865,    2404865,    2404865,    2404865
46,    2580496,     56.0,     57.0,     58.0,    160.0,  4,  5,  6,  4,      46636,      46636,      46636,      46636
46,    1228701,     54.0,     54.0,     54.0,    157.0,  9, 10, 11, 11,      84659,      84659,      84659,      84659
46,    1228569,     54.0,     54.0,     54.0,    161.0,  9, 10, 11, 10,    1400921,    1400921,    1400921,    1400921
46,    1405272,     55.0,     54.0,     54.0,    161.0,  9, 10, 11, 10,    1400921,    1400921,    1400921,    1400921
46,    1228587,     19.0,     19.0,     19.0,     57.0,  9, 10, 11, 10,    1523603,    1523603,    1523603,    1523603
46,    1228353,     52.0,     52.0,     52.0,    154.0,  9, 10, 11,  9,      84680,      84680,      84680,      84680
46,    1404789,     39.0,     39.0,     38.0,    115.0,  9, 10, 12, 10,    1523347,    1523346,    1523346,    1523346
46,    1404863,     19.0,     19.0,     19.0,     58.0,  9, 10, 11,  9,    1523407,    1523407,    1523407,    1523407
46,    2509449,     19.0,     19.0,     19.0,     57.0,  9, 10, 11,  9,    2360323,    2360323,    2360323,    2360323
46,    1228643,     26.0,     26.0,     25.0,     77.0,  9, 10, 12,  9,    1400949,    1400949,    1400949,    1400949
46,    1228648,     25.0,     26.0,     26.0,     77.0, 12, 10, 11,  9,    1400950,    1400950,    1400950,    1400950
46,    1120119,     20.0,     20.0,     18.0,     64.0, 12, 12, 12, 11,    2190520,    2190520,    2190520,    2190521
46,    2529175,     20.0,     20.0,     18.0,     65.0, 12, 12, 12, 10,    2190520,    2190520,    2190520,    2190520
46,    1228346,     53.0,     55.0,     53.0,    161.0, 12, 10, 12,  9,    1400871,    2219365,    1400871,    1400871
46,    1228405,     67.0,     67.0,     68.0,    206.0, 12, 12, 12,  9,    1400883,    1400883,    1400883,    1400884
46,    1228410,     67.0,     67.0,     68.0,    203.0, 12, 12, 12, 10,    1400883,    1400883,    1400883,    1400885
46,    1228427,     67.0,     67.0,     68.0,    204.0, 12, 12, 12,  9,    1400891,    1400890,    1400890,    1400891
46,    1228432,     68.0,     67.0,     68.0,    205.0, 12, 12, 12,  9,    1400890,    1400890,    1400890,    1400892
46,    1228695,     56.0,     56.0,     56.0,    164.0, 12, 12, 11, 10,    1400971,    1400971,    1400971,    1400971
46,    1228732,     26.0,     26.0,     26.0,     77.0,  9, 10, 11,  9,    1400978,    1400978,    1400978,    1400978
46,    1324248,     57.0,     57.0,     58.0,    167.0, 12, 12, 12,  9,    1452297,    1452297,    1452297,    1452297
46,    1405365,     19.0,     19.0,     19.0,     58.0,  9, 10, 11,  9,    1523603,    1523603,    1523603,    1523603
46,    1405420,     19.0,     19.0,     19.0,     58.0,  9, 10, 11,  9,    1523679,    1523679,    1523679,    1523679
46,    1404833,     19.0,     19.0,     20.0,     58.0,  9, 10, 11,  9,    1523388,    1523388,    1523388,    1523388
46,    1425010,     57.0,     56.0,     56.0,    168.0, 12, 12, 12, 10,    1545070,    1545070,    1545070,    1545070
46,    2236235,     27.0,     27.0,     27.0,     78.0,  9, 10, 11,  9,    2184520,    2184520,    2184520,    2184520
46,    2247029,     24.0,     24.0,     28.0,     77.0, 12, 12, 11,  9,    2190481,    2190481,    2190481,    2190481
46,    2247079,     67.0,     70.0,     68.0,    207.0, 12, 12, 12,  9,    1400850,    1400850,    2190507,    2190508
46,    2247119,     19.0,     19.0,     18.0,     58.0,  9, 12, 12,  9,    2190523,    2190520,    2190520,    2190523
46,    2247129,     20.0,     19.0,     18.0,     64.0, 12, 12, 12, 10,    2190520,    2190520,    2190520,    2190521
46,    2328532,     26.0,     26.0,     26.0,     77.0,  9, 10, 11,  9,    2239706,    2239706,    2239706,    2239706
46,    2575882,     40.0,     40.0,     41.0,    119.0, 12, 12, 11,  9,    2360112,    2402554,    2360112,    2360112
46,    2575916,     40.0,     40.0,     40.0,    118.0, 12, 12, 11, 11,    2360112,    2360121,    2402328,    2402328
46,    2509068,     39.0,     40.0,     40.0,    118.0, 12, 12, 12,  9,    2360112,    2360112,    2360112,    2360112
46,    2509078,     19.0,     19.0,     19.0,     58.0,  9, 10, 11,  9,    2360115,    2360115,    2360115,    2360115
46,    2576346,     39.0,     39.0,     40.0,    117.0, 12, 12, 12,  9,    2360121,    2360121,    2360121,    2360121
46,    2509084,     38.0,     39.0,     40.0,    116.0, 12, 12, 11,  9,    2360121,    2360121,    2360121,    2360121
46,    2509097,     19.0,     19.0,     19.0,     57.0,  9, 10, 11, 11,    2360126,    2360126,    2360126,    2360126
46,    2703458,     31.0,     31.0,     31.0,     88.0,  4,  5,  6,  4,    2509116,    2509116,    2509116,    2509116
46,    2703462,     28.0,     29.0,     29.0,     81.0,  4,  5,  6,  4,    2509116,    2509116,    2509116,    2509116
46,    2509121,     20.0,     20.0,     20.0,     59.0,  9, 10, 11,  9,    2360137,    2360137,    2360137,    2360137
46,    2509126,     20.0,     20.0,     20.0,     59.0,  9, 10, 11,  9,    2360139,    2360139,    2360139,    2360139
46,    2509444,     40.0,     40.0,     39.0,    117.0,  9, 10, 12,  9,    1400941,    1400941,    1400941,    1400941
46,    2577668,     20.0,     20.0,     18.0,     64.0, 12, 12, 12, 11,    2190520,    2190520,    2190520,    2190521
46,      43461,     20.0,     20.0,     18.0,     65.0, 12, 12, 12, 10,    2190520,    2190520,    2190520,    2190520
46,      43462,     20.0,     20.0,     18.0,     64.0, 12, 12, 12, 11,    2190520,    2190520,    2190520,    2190521
46,    2573700,     39.0,     39.0,     38.0,    118.0, 12, 12, 12, 11,    2401446,    2401446,    2401446,    2401446
46,    1404891,     16.0,     15.0,     15.0,     44.0,  4,  5,  6,  6,    1404891,    1404891,    1404891,    1404891
46,    2575291,     21.0,     21.0,     21.0,     60.0,  4,  5,  6,  6,    2575286,    1404891,    1404891,    1404891
46,    1120124,     20.0,     20.0,     18.0,     65.0, 12, 12, 12, 10,    2190520,    2190520,    2190521,    2190520
46,    2579163,     20.0,     19.0,     18.0,     64.0, 12, 12, 12, 10,    2190520,    2190520,    2190520,    2190521
46,    2537293,     50.0,     51.0,     52.0,    143.0,  4,  5,  6,  4,      46636,      46636,      46636,      46636
46,      46636,     20.0,     20.0,     20.0,     58.0,  9, 10, 11,  9,    1400974,    1400974,    1400974,    1400974
46,    2538890,     26.0,     26.0,     26.0,     77.0,  9, 10, 11,  9,    2382111,    2382111,    2382111,    2382111
46,    2576401,     34.0,     35.0,     35.0,     98.0,  4,  5,  6,  4,    2509116,    2509116,    2509116,    2509116
46,    3549327,     25.0,     26.0,     25.0,     76.0,  9, 10, 11,  9,    2798254,    2798254,    2798254,    2798254
46,    4203471,     38.0,     39.0,     40.0,    117.0, 12, 12, 11,  9,    2360121,    2360121,    2360121,    2360121
47,    3744865,     22.0,     17.0,     17.0,     63.0, 12, 12, 12, 10,    2190521,    2190520,    2190520,    2190520
47,    2573500,     67.0,     65.0,     69.0,    204.0, 12, 12, 11,  9,    2190454,    1400850,    2190454,    2190454
47,    2509089,     19.0,     19.0,     19.0,     57.0,  9, 10, 11, 10,    2360124,    2360124,    2360124,    2360124
47,    2580468,     65.0,     62.0,     63.0,    188.0, 12, 12, 12, 10,    2404865,    2404865,    2404865,    2404865
47,    2580496,     56.0,     56.0,     56.0,    158.0,  4,  5,  6,  6,      46636,      46636,      46636,      46636
47,    1228701,     54.0,     54.0,     54.0,    157.0,  9, 10, 11,  9,      84659,      84659,      84659,      84659
47,    1228569,     54.0,     54.0,     54.0,    161.0, 12, 10, 11, 10,    1400921,    1400921,    1400921,    1400921
47,    1405272,     55.0,     54.0,     54.0,    161.0,  9, 10, 11, 10,    1400921,    1400921,    1400921,    1400921
47,    1228587,     19.0,     19.0,     19.0,     57.0,  9, 10, 11, 10,    1523603,    1523603,    1523603,    1523603
47,    1228353,     52.0,     52.0,     52.0,    154.0,  9, 10, 11,  9,      84680,      84680,      84680,      84680
47,    1404789,     39.0,     39.0,     38.0,    116.0,  9, 10, 12, 10,    1523346,    1523346,    1523346,    1523346
47,    1404863,     19.0,     19.0,     19.0,     58.0,  9, 10, 11,  9,    1523407,    1523407,    1523407,    1523407
47,    2509449,     19.0,     20.0,     19.0,     57.0,  9, 10, 11,  9,    2360323,    2360323,    2360323,    2360323
47,    1228643,     26.0,     26.0,     25.0,     77.0,  9, 10, 12,  9,    1400949,    1400949,    1400949,    1400949
47,    1228648,     25.0,     26.0,     26.0,     77.0, 12, 10, 11,  9,    1400950,    1400950,    1400950,    1400950
47,    1120119,     22.0,     17.0,     17.0,     63.0, 12, 12, 12, 10,    2190521,    2190520,    2190520,    2190520
47,    2529175,     22.0,     17.0,     17.0,     63.0, 12, 12, 12, 10,    2190521,    2190520,    2190520,    2190520
47,    1228346,     54.0,     54.0,     54.0,    161.0,  9, 10, 11,  9,    1400871,    2219365,    1400871,    1400871
47,    1228405,     68.0,     68.0,     67.0,    204.0, 12, 12, 12, 10,    1400883,    1400883,    1400883,    1400884
47,    1228410,     68.0,     68.0,     67.0,    203.0, 12, 12, 12,  9,    1400883,    1400883,    1400883,    1400885
47,    1228427,     68.0,     67.0,     67.0,    204.0, 12, 12, 12,  9,    1400890,    1400890,    1400890,    1400891
47,    1228432,     68.0,     67.0,     68.0,    204.0, 12, 12, 12,  9,    1400890,    1400890,    1400890,    1400892
47,    1228695,     56.0,     56.0,     56.0,    164.0,  9, 12, 11,  9,    1400971,    1400971,    1400971,    1400971
47,    1228732,     26.0,     26.0,     26.0,     77.0,  9, 10, 11,  9,    1400978,    1400978,    1400978,    1400978
47,    1324248,     57.0,     57.0,     57.0,    167.0, 12, 12, 12,  9,    1452297,    1452297,    1452297,    1452297
47,    1405365,     19.0,     19.0,     19.0,     58.0,  9, 10, 11,  9,    1523603,    1523603,    1523603,    1523603
47,    1405420,     19.0,     19.0,     19.0,     58.0,  9, 10, 11,  9,    1523679,    1523679,    1523679,    1523679
47,    1404833,     20.0,     20.0,     20.0,     58.0,  9, 10, 11,  9,    1523388,    1523388,    1523388,    1523388
47,    1425010,     58.0,     55.0,     55.0,    167.0, 12, 12, 12, 10,    1545070,    1545070,    1545070,    1545070
47,    2236235,     27.0,     27.0,     27.0,     78.0,  9, 10, 11,  9,    2184520,    2184520,    2184520,    2184520
47,    2247029,     24.0,     24.0,     27.0,     77.0, 12, 12, 11,  9,    2190481,    2190481,    2190481,    2190481
47,    2247079,     69.0,     67.0,     68.0,    206.0, 12, 12, 12,  9,    2190508,    1400850,    2190507,    2190508
47,    2247119,     20.0,     17.0,     17.0,     58.0,  9, 12, 12, 10,    2190523,    2190520,    2190520,    2190523
47,    2247129,     22.0,     17.0,     17.0,     62.0, 12, 12, 12, 10,    2190520,    2190520,    2190520,    2190521
47,    2328532,     26.0,     26.0,     26.0,     77.0,  9, 10, 11,  9,    2239706,    2239706,    2239706,    2239706
47,    2575882,     40.0,     40.0,     41.0,    119.0, 12, 12, 11,  9,    2360112,    2402554,    2360112,    2360112
47,    2575916,     40.0,     40.0,     40.0,    118.0, 12, 12, 11,  9,    2360112,    2360112,    2402328,    2360112
47,    2509068,     39.0,     40.0,     41.0,    118.0, 12, 12, 11,  9,    2360121,    2360112,    2360112,    2360112
47,    2509078,     19.0,     19.0,     19.0,     58.0,  9, 10, 11,  9,    2360115,    2360115,    2360115,    2360115
47,    2576346,     39.0,     39.0,     40.0,    117.0, 12, 12, 11,  9,    2360121,    2360121,    2360121,    2360121
47,    2509084,     38.0,     39.0,     40.0,    116.0, 12, 12, 11,  9,    2360121,    2360121,    2360121,    2360121
47,    2509097,     19.0,     19.0,     19.0,     57.0,  9, 10, 11, 11,    2360126,    2360126,    2360126,    2360126
47,    2703458,     30.0,     31.0,     31.0,     88.0,  4,  5,  6,  4,    2509116,    2509116,    2509116,    2509116
47,    2703462,     28.0,     29.0,     29.0,     81.0,  4,  5,  6,  4,    2509116,    2509116,    2509116,    2509116
47,    2509121,     20.0,     20.0,     20.0,     59.0,  9, 10, 11,  9,    2360137,    2360137,    2360137,    2360137
47,    2509126,     20.0,     20.0,     20.0,     59.0,  9, 10, 11,  9,    2360139,    2360139,    2360139,    2360139
47,    2509444,     40.0,     40.0,     39.0,    117.0,  9, 10, 12, 11,    1400941,    1400941,    1400941,    1400941
47,    2577668,     22.0,     17.0,     17.0,     63.0, 12, 12, 12, 10,    2190521,    2190520,    2190520,    2190520
47,      43461,     22.0,     17.0,     18.0,     63.0, 12, 12, 12, 10,    2190521,    2190520,    2190520,    2190520
47,      43462,     22.0,     17.0,     17.0,     63.0, 12, 12, 12, 10,    2190521,    2190520,    2190520,    2190520
47,    2573700,     39.0,     39.0,     38.0,    116.0, 12, 10, 12, 11,    2401446,    2401446,    2401446,    2401446
47,    1404891,     15.0,     15.0,     15.0,     44.0,  4,  5,  6,  5,    1404891,    1404891,    1404891,    1404891
47,    2575291,     21.0,     21.0,     20.0,     59.0,  4,  5,  6,  6,    1404891,    1404891,    2575291,    2575291
47,    1120124,     22.0,     17.0,     18.0,     63.0, 12, 12, 12, 10,    2190521,    2190520,    2190520,    2190520
47,    2579163,     22.0,     17.0,     17.0,     62.0, 12, 12, 12, 10,    2190520,    2190520,    2190520,    2190521
47,    2537293,     50.0,     50.0,     49.0,    141.0,  4,  5,  6,  6,      46636,      46636,      46636,      46636
47,      46636,     20.0,     20.0,     20.0,     58.0,  9, 10, 11,  9,    1400974,    1400974,    1400974,    1400974
47,    2538890,     25.0,     26.0,     26.0,     77.0, 12, 10, 11,  9,    2382111,    2382111,    2382111,    2382111
47,    2576401,     34.0,     34.0,     34.0,     97.0,  4,  5,  6,  4,    2509116,    2509116,    2509116,    2509116
47,    3549327,     25.0,     26.0,     25.0,     76.0,  9, 10, 11,  9,    2798254,    2798254,    2798254,    2798254
47,    4203471,     39.0,     39.0,     40.0,    117.0,  9, 12, 11,  9,    2360121,    2360121,    2360121,    2360121
