 F,      BusId,       PA,       PB,       PC,       P3, XA, XB, XC, X3,       id_A,       id_B,       id_C,       id_3
 0,    2577888,     23.0,     23.0,     23.0,     73.0,  9, 10, 11,  9,    2403577,    2403577,    2403577,    2403577
 0,    2069046,     23.0,     23.0,     23.0,     73.0,  9, 10, 11,  9,      74284,      74284,      74284,      74284
 0,    2577983,     34.0,     34.0,     34.0,    108.0,  9, 10, 11,  9,    2403596,    2403596,    2403596,    2403596
 0,    1476198,     30.0,     30.0,     30.0,     97.0,  1,  2,  3,  1,    1476198,    1476198,    1476198,    1476198
 0,    2578109,     30.0,     30.0,     30.0,     97.0,  1,  2,  3,  1,    1486633,    1486633,    1486633,    1486633
 0,    2580974,     59.0,     59.0,     59.0,    189.0,  9, 10, 11,  9,    1423929,    1423929,    1423929,    1423929
 0,    1273369,     50.0,     50.0,     50.0,    164.0,  1,  2,  3,  1,    1273369,    1273369,    1273369,    1273369
 0,    1272738,     44.0,     44.0,     44.0,    142.0,  1,  2,  3,  1,    1272738,    1272738,    1272738,    1272738
 0,    1272743,     45.0,     45.0,     45.0,    146.0,  1,  2,  3,  1,    1272743,    1272743,    1272743,    1272743
 0,    1272723,     47.0,     47.0,     47.0,    147.0,  9, 10, 11,  9,    1423778,    1423778,    1423778,    1423778
 0,    1272718,     46.0,     46.0,     46.0,    146.0,  9, 10, 11,  9,    1423777,    1423777,    1423777,    1423777
 0,    1272728,     46.0,     46.0,     46.0,    145.0,  9, 10, 11,  9,    1423779,    1423779,    1423779,    1423779
 0,    1272733,     46.0,     46.0,     46.0,    145.0,  9, 10, 11,  9,    1423780,    1423780,    1423780,    1423780
 0,    1272767,     63.0,     63.0,     63.0,    194.0,  9, 10, 11,  9,      80519,      80519,      80519,      80519
 0,    1272777,     49.0,     49.0,     49.0,    150.0,  9, 10, 11,  9,    1423792,    1423792,    1423792,    1423792
 0,    1272797,     48.0,     48.0,     48.0,    147.0,  9, 10, 11,  9,    1423806,    1423806,    1423806,    1423806
 0,    1272807,     47.0,     47.0,     47.0,    147.0,  9, 10, 11,  9,    1423807,    1423807,    1423807,    1423807
 0,    1272817,     47.0,     47.0,     47.0,    146.0,  9, 10, 11,  9,    1423809,    1423809,    1423809,    1423809
 0,    1272929,     49.0,     49.0,     49.0,    149.0,  9, 10, 11,  9,    1423844,    1423844,    1423844,    1423844
 0,    1272919,     63.0,     63.0,     63.0,    193.0,  9, 10, 11, 10,      80547,      80547,      80547,      80547
 0,    1273069,     35.0,     35.0,     35.0,    108.0,  9, 10, 11,  9,      83151,      83151,      83151,    1423910
 0,    2576577,     35.0,     35.0,     35.0,    108.0,  9, 10, 11,  9,    1423910,    1423910,    1423910,    1423910
 0,    2576993,     34.0,     34.0,     34.0,    107.0,  9, 10, 11, 10,    1423910,    1423910,    1423910,    1423910
 0,    2577022,     34.0,     34.0,     34.0,    107.0,  9, 10, 11,  9,    1423910,    1423910,    1423910,    1423910
 0,    2581830,     34.0,     34.0,     34.0,    106.0,  9, 10, 11, 11,    1423910,    1423910,    1423910,    1423910
 0,    1273034,     65.0,     65.0,     64.0,    196.0,  9, 10, 11, 11,      83163,      83163,      83163,      83163
 0,    1273039,     64.0,     64.0,     63.0,    194.0,  9, 10, 11, 11,      83163,      83163,      83163,      83163
 0,    1272787,     23.0,     23.0,     23.0,     70.0,  9, 10, 11,  9,    1423803,    1423803,    1423803,    1423803
 0,    1273385,     48.0,     48.0,     48.0,    155.0,  1,  2,  3,  1,      43262,      43262,      43262,      43262
 0,    1272133,     38.0,     38.0,     38.0,    123.0,  1,  2,  3,  2,    1272133,    1272133,    1272133,    1272133
 0,    1272246,     44.0,     44.0,     44.0,    141.0,  9, 10, 11,  9,    1423470,    1423471,    1423471,    1423471
 0,    2579454,     31.0,     31.0,     31.0,    100.0,  1,  2,  3,  1,    1272252,    1272252,    1272252,    1486633
 0,    1272787,     23.0,     23.0,     23.0,     70.0,  9, 10, 11,  9,    1423803,    1423803,    1423803,    1423803
 0,    1273020,     46.0,     46.0,     46.0,    144.0,  9, 10, 11, 10,    1423892,    1423892,    1423892,    1423892
 0,    1273015,     47.0,     47.0,     47.0,    146.0,  9, 10, 11,  9,    1423891,    1423891,    1423891,    1423891
 0,    1273186,     62.0,     62.0,     62.0,    193.0,  9, 10, 11,  9,    1423929,    1423929,    1423929,    1423929
 0,    1273191,     62.0,     62.0,     62.0,    193.0,  9, 10, 11,  9,    1423929,    1423929,    1423929,    1423929
 0,    1273196,     61.0,     61.0,     61.0,    193.0,  9, 10, 11,  9,    1423929,    1423929,    1423929,    1423929
 0,    1273458,     55.0,     56.0,     56.0,    180.0,  1,  2,  3,  1,    1273458,    1272827,    1272827,    1273458
 0,    1273463,     58.0,     59.0,     58.0,    186.0,  9, 10, 11,  9,      80535,      80535,      80535,      80535
 0,    3776887,     29.0,     29.0,     29.0,     95.0,  1,  2,  3,  2,    1486633,    1486633,    1486633,    1486633
 0,    3761916,     33.0,     33.0,     33.0,    107.0,  9, 10, 11, 10,    2403596,      74283,      74283,      74283
 0,    2569385,     23.0,     23.0,     23.0,     71.0,  9, 10, 11,  9,    2399494,    2399494,    2399494,    2399494
 0,    2569431,     23.0,     23.0,     23.0,     71.0,  9, 10, 11,  9,    2399494,    2399494,    2399494,    2399494
 0,    2569419,     22.0,     22.0,     22.0,     70.0,  9, 10, 11,  9,    2399494,    2399494,    2399494,    2399494
 0,    2569370,     22.0,     22.0,     22.0,     69.0,  9, 10, 11,  9,    2399494,    2399494,    2399494,    2399494
 0,    2569380,     22.0,     22.0,     22.0,     70.0,  9, 10, 11,  9,    2399494,    2399494,    2399494,    2399494
 0,    2569424,     23.0,     23.0,     23.0,     71.0,  9, 10, 11,  9,    2399494,    2399494,    2399494,    2399494
 0,    3100425,     16.0,     16.0,     16.0,     52.0,  1,  2,  3,  2,    3100425,    3100425,    3100425,    3100425
 0,    4194067,     61.0,     61.0,     61.0,    190.0,  9, 10, 11,  9,      80550,      80550,      80550,      80550
 1,    2577888,     23.0,     23.0,     23.0,     73.0,  9, 10, 11,  9,    2403577,    2403577,    2403577,    2403577
 1,    2069046,     23.0,     23.0,     23.0,     73.0,  9, 10, 11,  9,      74284,      74284,      74284,      74284
 1,    2577983,     34.0,     34.0,     34.0,    108.0,  9, 10, 11,  9,    2403596,    2403596,    2403596,    2403596
 1,    1476198,     30.0,     30.0,     30.0,     97.0,  1,  2,  3,  2,    1476198,    1476198,    1476198,    1476198
 1,    2578109,     30.0,     30.0,     30.0,     97.0,  1,  2,  3,  2,    1486633,    1486633,    1486633,    1486633
 1,    2580974,     59.0,     59.0,     59.0,    189.0,  9, 10, 11,  9,    1423929,    1423929,    1423929,    1423929
 1,    1273369,     50.0,     50.0,     50.0,    164.0,  1,  2,  3,  1,    1273369,    1273369,    1273369,    1273369
 1,    1272738,     44.0,     44.0,     44.0,    142.0,  1,  2,  3,  1,    1272738,    1272738,    1272738,    1272738
 1,    1272743,     45.0,     45.0,     45.0,    146.0,  1,  2,  3,  1,    1272743,    1272743,    1272743,    1272743
 1,    1272723,     47.0,     47.0,     47.0,    147.0,  9, 10, 11,  9,    1423778,    1423778,    1423778,    1423778
 1,    1272718,     46.0,     46.0,     46.0,    146.0,  9, 10, 11,  9,    1423777,    1423777,    1423777,    1423777
 1,    1272728,     46.0,     46.0,     46.0,    145.0,  9, 10, 11,  9,    1423779,    1423779,    1423779,    1423779
 1,    1272733,     46.0,     46.0,     46.0,    145.0,  9, 10, 11,  9,    1423780,    1423780,    1423780,    1423780
 1,    1272767,     63.0,     64.0,     63.0,    195.0,  9, 10, 11,  9,      80519,      80519,      80519,      80519
 1,    1272777,     49.0,     49.0,     49.0,    150.0,  9, 10, 11,  9,    1423792,    1423792,    1423792,    1423792
 1,    1272797,     48.0,     48.0,     48.0,    147.0,  9, 10, 11,  9,    1423806,    1423806,    1423806,    1423806
 1,    1272807,     47.0,     47.0,     47.0,    147.0,  9, 10, 11,  9,    1423807,    1423807,    1423807,    1423807
 1,    1272817,     47.0,     47.0,     47.0,    146.0,  9, 10, 11, 10,    1423809,    1423809,    1423809,    1423809
 1,    1272929,     49.0,     49.0,     49.0,    149.0,  9, 10, 11,  9,    1423844,    1423844,    1423844,    1423844
 1,    1272919,     63.0,     63.0,     63.0,    194.0,  9, 10, 11,  9,      80547,      80547,      80547,      80547
 1,    1273069,     35.0,     35.0,     35.0,    108.0,  9, 10, 11, 10,      83151,      83151,      83151,    1423910
 1,    2576577,     35.0,     35.0,     35.0,    108.0,  9, 10, 11, 10,    1423910,    1423910,    1423910,    1423910
 1,    2576993,     35.0,     34.0,     35.0,    108.0,  9, 10, 11,  9,    1423910,    1423910,    1423910,    1423910
 1,    2577022,     34.0,     34.0,     34.0,    107.0,  9, 10, 11, 10,    1423910,    1423910,    1423910,    1423910
 1,    2581830,     34.0,     34.0,     34.0,    107.0,  9, 10, 11,  9,    1423910,    1423910,    1423910,    1423910
 1,    1273034,     65.0,     65.0,     65.0,    197.0,  9, 10, 11,  9,      83163,      83163,      83163,      83163
 1,    1273039,     64.0,     64.0,     64.0,    195.0,  9, 10, 11, 11,      83163,      83163,      83163,      83163
 1,    1272787,     23.0,     23.0,     23.0,     70.0,  9, 10, 11,  9,    1423803,    1423803,    1423803,    1423803
 1,    1273385,     48.0,     48.0,     48.0,    155.0,  1,  2,  3,  1,      43262,      43262,      43262,    1273385
 1,    1272133,     38.0,     38.0,     38.0,    123.0,  1,  2,  3,  2,    1272133,    1272133,    1272133,    1272133
 1,    1272246,     44.0,     44.0,     44.0,    141.0,  9, 10, 11,  9,    1423471,    1423471,    1423471,    1423471
 1,    2579454,     31.0,     31.0,     31.0,    100.0,  1,  2,  3,  2,    1272252,    1272252,    1272252,    1486633
 1,    1272787,     23.0,     23.0,     23.0,     70.0,  9, 10, 11,  9,    1423803,    1423803,    1423803,    1423803
 1,    1273020,     46.0,     46.0,     46.0,    145.0,  9, 10, 11,  9,    1423892,    1423892,    1423892,    1423892
 1,    1273015,     47.0,     47.0,     47.0,    146.0,  9, 10, 11,  9,    1423891,    1423891,    1423891,    1423891
 1,    1273186,     62.0,     62.0,     62.0,    193.0,  9, 10, 11,  9,    1423929,    1423929,    1423929,    1423929
 1,    1273191,     62.0,     62.0,     62.0,    193.0,  9, 10, 11,  9,    1423929,    1423929,    1423929,    1423929
 1,    1273196,     61.0,     61.0,     61.0,    193.0,  9, 10, 11,  9,    1423929,    1423929,    1423929,    1423929
 1,    1273458,     56.0,     56.0,     56.0,    181.0,  1,  2,  3,  1,    1272827,    1272827,    1272827,    1273458
 1,    1273463,     58.0,     59.0,     58.0,    187.0,  9, 10, 11,  9,      80535,      80535,      80535,      80535
 1,    3776887,     29.0,     29.0,     29.0,     95.0,  1,  2,  3,  2,    1486633,    1486633,    1486633,    1486633
 1,    3761916,     34.0,     33.0,     33.0,    107.0,  9, 10, 11, 10,      74283,      74283,      74283,      74283
 1,    2569385,     23.0,     23.0,     23.0,     71.0,  9, 10, 11,  9,    2399494,    2399494,    2399494,    2399494
 1,    2569431,     23.0,     23.0,     23.0,     71.0,  9, 10, 11,  9,    2399494,    2399494,    2399494,    2399494
 1,    2569419,     22.0,     22.0,     22.0,     70.0,  9, 10, 11,  9,    2399494,    2399494,    2399494,    2399494
 1,    2569370,     22.0,     22.0,     22.0,     70.0,  9, 10, 11,  9,    2399494,    2399494,    2399494,    2399494
 1,    2569380,     22.0,     22.0,     22.0,     70.0,  9, 10, 11,  9,    2399494,    2399494,    2399494,    2399494
 1,    2569424,     23.0,     23.0,     23.0,     71.0,  9, 10, 11,  9,    2399494,    2399494,    2399494,    2399494
 1,    3100425,     16.0,     16.0,     16.0,     53.0,  1,  2,  3,  1,    3100425,    3100425,    3100425,    3100425
 1,    4194067,     61.0,     61.0,     61.0,    190.0,  9, 10, 11, 10,      80550,      80550,      80550,      80550
 2,    2577888,     23.0,     23.0,     23.0,     73.0,  9, 10, 11,  9,    2403577,    2403577,    2403577,    2403577
 2,    2069046,     23.0,     23.0,     23.0,     73.0,  9, 10, 11,  9,      74284,      74284,      74284,      74284
 2,    2577983,     34.0,     34.0,     34.0,    108.0,  9, 10, 11,  9,    2403596,    2403596,    2403596,    2403596
 2,    1476198,     30.0,     30.0,     30.0,     98.0,  1,  2,  3,  1,    1476198,    1476198,    1476198,    1476198
 2,    2578109,     30.0,     30.0,     30.0,     97.0,  1,  2,  3,  3,    1486633,    1486633,    1486633,    1486633
 2,    2580974,     59.0,     59.0,     59.0,    189.0,  9, 10, 11,  9,    1423929,    1423929,    1423929,    1423929
 2,    1273369,     50.0,     50.0,     50.0,    164.0,  1,  2,  3,  1,    1273369,    1273369,    1273369,    1273369
 2,    1272738,     44.0,     44.0,     44.0,    142.0,  1,  2,  3,  1,    1272738,    1272738,    1272738,    1272738
 2,    1272743,     45.0,     45.0,     45.0,    146.0,  1,  2,  3,  1,    1272743,    1272743,    1272743,    1272743
 2,    1272723,     47.0,     47.0,     47.0,    147.0,  9, 10, 11,  9,    1423778,    1423778,    1423778,    1423778
 2,    1272718,     46.0,     46.0,     46.0,    146.0,  9, 10, 11,  9,    1423777,    1423777,    1423777,    1423777
 2,    1272728,     46.0,     46.0,     46.0,    145.0,  9, 10, 11,  9,    1423779,    1423779,    1423779,    1423779
 2,    1272733,     46.0,     46.0,     46.0,    145.0,  9, 10, 11,  9,    1423780,    1423780,    1423780,    1423780
 2,    1272767,     63.0,     64.0,     64.0,    195.0,  9, 10, 11,  9,      80519,      80519,      80519,      80519
 2,    1272777,     49.0,     49.0,     49.0,    150.0,  9, 10, 11,  9,    1423792,    1423792,    1423792,    1423792
 2,    1272797,     48.0,     48.0,     48.0,    147.0,  9, 10, 11,  9,    1423806,    1423806,    1423806,    1423806
 2,    1272807,     48.0,     47.0,     47.0,    147.0,  9, 10, 11,  9,    1423807,    1423807,    1423807,    1423807
 2,    1272817,     47.0,     47.0,     47.0,    146.0,  9, 10, 11, 10,    1423809,    1423809,    1423809,    1423809
 2,    1272929,     49.0,     49.0,     49.0,    149.0,  9, 10, 11,  9,    1423844,    1423844,    1423844,    1423844
 2,    1272919,     63.0,     63.0,     63.0,    193.0,  9, 10, 11, 10,      80547,      80547,      80547,      80547
 2,    1273069,     35.0,     35.0,     35.0,    108.0,  9, 10, 11, 10,      83151,      83151,      83151,    1423910
 2,    2576577,     35.0,     35.0,     35.0,    108.0,  9, 10, 11, 10,    1423910,    1423910,    1423910,    1423910
 2,    2576993,     35.0,     34.0,     35.0,    108.0,  9, 10, 11,  9,    1423910,    1423910,    1423910,    1423910
 2,    2577022,     35.0,     34.0,     34.0,    108.0,  9, 10, 11,  9,    1423910,    1423910,    1423910,    1423910
 2,    2581830,     34.0,     34.0,     34.0,    107.0,  9, 10, 11, 10,    1423910,    1423910,    1423910,    1423910
 2,    1273034,     65.0,     65.0,     65.0,    197.0,  9, 10, 11,  9,      83163,      83163,      83163,      83163
 2,    1273039,     64.0,     64.0,     64.0,    195.0,  9, 10, 11, 11,      83163,      83163,      83163,      83163
 2,    1272787,     23.0,     23.0,     23.0,     70.0,  9, 10, 11,  9,    1423803,    1423803,    1423803,    1423803
 2,    1273385,     48.0,     48.0,     48.0,    155.0,  1,  2,  3,  1,      43262,      43262,      43262,    1273385
 2,    1272133,     38.0,     38.0,     38.0,    124.0,  1,  2,  3,  1,    1272133,    1272133,    1272133,    1272133
 2,    1272246,     44.0,     44.0,     44.0,    141.0,  9, 10, 11,  9,    1423471,    1423471,    1423471,    1423471
 2,    2579454,     31.0,     31.0,     31.0,    100.0,  1,  2,  3,  3,    1486633,    1272252,    1272252,    1486633
 2,    1272787,     23.0,     23.0,     23.0,     70.0,  9, 10, 11,  9,    1423803,    1423803,    1423803,    1423803
 2,    1273020,     46.0,     46.0,     46.0,    145.0,  9, 10, 11, 10,    1423892,    1423892,    1423892,    1423892
 2,    1273015,     47.0,     47.0,     47.0,    146.0,  9, 10, 11,  9,    1423891,    1423891,    1423891,    1423891
 2,    1273186,     62.0,     62.0,     62.0,    193.0,  9, 10, 11,  9,    1423929,    1423929,    1423929,    1423929
 2,    1273191,     62.0,     62.0,     62.0,    193.0,  9, 10, 11,  9,    1423929,    1423929,    1423929,    1423929
 2,    1273196,     61.0,     61.0,     61.0,    193.0,  9, 10, 11,  9,    1423929,    1423929,    1423929,    1423929
 2,    1273458,     56.0,     56.0,     56.0,    181.0,  1,  2,  3,  1,    1272827,    1272827,    1272827,    1273458
 2,    1273463,     58.0,     59.0,     59.0,    187.0,  9, 10, 11,  9,      80535,      80535,      80535,      80535
 2,    3776887,     29.0,     29.0,     29.0,     96.0,  1,  2,  3,  1,    1486633,    1486633,    1486633,    1486633
 2,    3761916,     34.0,     33.0,     33.0,    107.0,  9, 10, 11, 10,      74283,      74283,      74283,      74283
 2,    2569385,     23.0,     23.0,     23.0,     71.0,  9, 10, 11,  9,    2399494,    2399494,    2399494,    2399494
 2,    2569431,     23.0,     23.0,     23.0,     71.0,  9, 10, 11,  9,    2399494,    2399494,    2399494,    2399494
 2,    2569419,     22.0,     22.0,     22.0,     70.0,  9, 10, 11,  9,    2399494,    2399494,    2399494,    2399494
 2,    2569370,     22.0,     22.0,     22.0,     69.0,  9, 10, 11,  9,    2399494,    2399494,    2399494,    2399494
 2,    2569380,     22.0,     22.0,     22.0,     70.0,  9, 10, 11,  9,    2399494,    2399494,    2399494,    2399494
 2,    2569424,     23.0,     23.0,     23.0,     71.0,  9, 10, 11,  9,    2399494,    2399494,    2399494,    2399494
 2,    3100425,     16.0,     16.0,     16.0,     53.0,  1,  2,  3,  1,    3100425,    3100425,    3100425,    3100425
 2,    4194067,     61.0,     61.0,     61.0,    191.0,  9, 10, 11,  9,      80550,      80550,      80550,      80550
 3,    2577888,     23.0,     23.0,     23.0,     73.0,  9, 10, 11,  9,    2403577,    2403577,    2403577,    2403577
 3,    2069046,     23.0,     23.0,     23.0,     73.0,  9, 10, 11,  9,      74284,      74284,      74284,      74284
 3,    2577983,     34.0,     34.0,     34.0,    108.0,  9, 10, 11,  9,    2403596,    2403596,    2403596,    2403596
 3,    1476198,     30.0,     30.0,     30.0,     98.0,  1,  2,  3,  1,    1476198,    1476198,    1476198,    1476198
 3,    2578109,     30.0,     30.0,     30.0,     98.0,  1,  2,  3,  1,    1486633,    1486633,    1486633,    1486633
 3,    2580974,     59.0,     59.0,     59.0,    189.0,  9, 10, 11,  9,    1423929,    1423929,    1423929,    1423929
 3,    1273369,     50.0,     50.0,     50.0,    164.0,  1,  2,  3,  1,    1273369,    1273369,    1273369,    1273369
 3,    1272738,     44.0,     44.0,     44.0,    142.0,  1,  2,  3,  2,    1272738,    1272738,    1272738,    1272738
 3,    1272743,     45.0,     45.0,     45.0,    146.0,  1,  2,  3,  1,    1272743,    1272743,    1272743,    1272743
 3,    1272723,     47.0,     47.0,     47.0,    147.0,  9, 10, 11,  9,    1423778,    1423778,    1423778,    1423778
 3,    1272718,     46.0,     46.0,     46.0,    146.0,  9, 10, 11,  9,    1423777,    1423777,    1423777,    1423777
 3,    1272728,     46.0,     46.0,     46.0,    145.0,  9, 10, 11,  9,    1423779,    1423779,    1423779,    1423779
 3,    1272733,     46.0,     46.0,     46.0,    145.0,  9, 10, 11,  9,    1423780,    1423780,    1423780,    1423780
 3,    1272767,     63.0,     64.0,     63.0,    195.0,  9, 10, 11,  9,      80519,      80519,      80519,      80519
 3,    1272777,     49.0,     49.0,     49.0,    150.0,  9, 10, 11,  9,    1423792,    1423792,    1423792,    1423792
 3,    1272797,     48.0,     48.0,     48.0,    148.0,  9, 10, 11,  9,    1423806,    1423806,    1423806,    1423806
 3,    1272807,     48.0,     47.0,     47.0,    147.0,  9, 10, 11,  9,    1423807,    1423807,    1423807,    1423807
 3,    1272817,     47.0,     47.0,     47.0,    147.0,  9, 10, 11,  9,    1423809,    1423809,    1423809,    1423809
 3,    1272929,     49.0,     49.0,     49.0,    149.0,  9, 10, 11,  9,    1423844,    1423844,    1423844,    1423844
 3,    1272919,     63.0,     63.0,     63.0,    194.0,  9, 10, 11,  9,      80547,      80547,      80547,      80547
 3,    1273069,     35.0,     35.0,     35.0,    108.0,  9, 10, 11, 10,      83151,      83151,      83151,    1423910
 3,    2576577,     35.0,     35.0,     35.0,    108.0,  9, 10, 11, 10,    1423910,    1423910,    1423910,    1423910
 3,    2576993,     35.0,     34.0,     35.0,    108.0,  9, 10, 11, 10,    1423910,    1423910,    1423910,    1423910
 3,    2577022,     35.0,     34.0,     34.0,    108.0,  9, 10, 11,  9,    1423910,    1423910,    1423910,    1423910
 3,    2581830,     34.0,     34.0,     34.0,    107.0,  9, 10, 11, 10,    1423910,    1423910,    1423910,    1423910
 3,    1273034,     65.0,     65.0,     65.0,    197.0,  9, 10, 11, 11,      83163,      83163,      83163,      83163
 3,    1273039,     64.0,     64.0,     64.0,    195.0,  9, 10, 11, 11,      83163,      83163,      83163,      83163
 3,    1272787,     23.0,     23.0,     23.0,     70.0,  9, 10, 11,  9,    1423803,    1423803,    1423803,    1423803
 3,    1273385,     48.0,     48.0,     48.0,    155.0,  1,  2,  3,  1,      43262,      43262,      43262,    1273385
 3,    1272133,     38.0,     38.0,     38.0,    124.0,  1,  2,  3,  1,    1272133,    1272133,    1272133,    1272133
 3,    1272246,     44.0,     44.0,     44.0,    142.0,  9, 10, 11,  9,    1423471,    1423471,    1423471,    1423471
 3,    2579454,     31.0,     31.0,     31.0,    101.0,  1,  2,  3,  1,    1486633,    1486633,    1272252,    1486633
 3,    1272787,     23.0,     23.0,     23.0,     70.0,  9, 10, 11,  9,    1423803,    1423803,    1423803,    1423803
 3,    1273020,     46.0,     46.0,     46.0,    145.0,  9, 10, 11, 10,    1423892,    1423892,    1423892,    1423892
 3,    1273015,     47.0,     47.0,     47.0,    146.0,  9, 10, 11,  9,    1423891,    1423891,    1423891,    1423891
 3,    1273186,     62.0,     62.0,     62.0,    193.0,  9, 10, 11,  9,    1423929,    1423929,    1423929,    1423929
 3,    1273191,     62.0,     62.0,     62.0,    193.0,  9, 10, 11,  9,    1423929,    1423929,    1423929,    1423929
 3,    1273196,     61.0,     61.0,     61.0,    193.0,  9, 10, 11,  9,    1423929,    1423929,    1423929,    1423929
 3,    1273458,     56.0,     56.0,     56.0,    181.0,  1,  2,  3,  3,    1272827,    1272827,    1272827,    1273458
 3,    1273463,     59.0,     59.0,     58.0,    187.0,  9, 10, 11, 11,      80535,      80535,      80535,      80535
 3,    3776887,     30.0,     29.0,     29.0,     96.0,  1,  2,  3,  1,    1486633,    1486633,    1486633,    1486633
 3,    3761916,     33.0,     34.0,     33.0,    107.0, 12, 10, 11, 11,    2403596,      74283,      74283,      74283
 3,    2569385,     23.0,     23.0,     23.0,     71.0,  9, 10, 11,  9,    2399494,    2399494,    2399494,    2399494
 3,    2569431,     23.0,     23.0,     23.0,     71.0,  9, 10, 11,  9,    2399494,    2399494,    2399494,    2399494
 3,    2569419,     22.0,     22.0,     22.0,     70.0,  9, 10, 11,  9,    2399494,    2399494,    2399494,    2399494
 3,    2569370,     22.0,     22.0,     22.0,     69.0,  9, 10, 11,  9,    2399494,    2399494,    2399494,    2399494
 3,    2569380,     22.0,     22.0,     22.0,     70.0,  9, 10, 11,  9,    2399494,    2399494,    2399494,    2399494
 3,    2569424,     23.0,     23.0,     23.0,     71.0,  9, 10, 11,  9,    2399494,    2399494,    2399494,    2399494
 3,    3100425,     16.0,     16.0,     16.0,     53.0,  1,  2,  3,  1,    3100425,    3100425,    3100425,    3100425
 3,    4194067,     62.0,     61.0,     61.0,    191.0,  9, 10, 11,  9,      80550,      80550,      80550,      80550
 4,    2577888,     23.0,     23.0,     23.0,     73.0,  9, 10, 11,  9,    2403577,    2403577,    2403577,    2403577
 4,    2069046,     23.0,     23.0,     23.0,     73.0,  9, 10, 11,  9,      74284,      74284,      74284,      74284
 4,    2577983,     34.0,     34.0,     34.0,    108.0,  9, 10, 11,  9,    2403596,    2403596,    2403596,    2403596
 4,    1476198,     30.0,     30.0,     30.0,     98.0,  1,  2,  3,  1,    1476198,    1476198,    1476198,    1476198
 4,    2578109,     30.0,     30.0,     30.0,     98.0,  1,  2,  3,  1,    1486633,    1486633,    1486633,    1486633
 4,    2580974,     59.0,     59.0,     59.0,    189.0,  9, 10, 11,  9,    1423929,    1423929,    1423929,    1423929
 4,    1273369,     50.0,     50.0,     50.0,    164.0,  1,  2,  3,  1,    1273369,    1273369,    1273369,    1273369
 4,    1272738,     44.0,     44.0,     44.0,    142.0,  1,  2,  3,  2,    1272738,    1272738,    1272738,    1272738
 4,    1272743,     45.0,     45.0,     45.0,    146.0,  1,  2,  3,  1,    1272743,    1272743,    1272743,    1272743
 4,    1272723,     47.0,     47.0,     47.0,    147.0,  9, 10, 11,  9,    1423778,    1423778,    1423778,    1423778
 4,    1272718,     46.0,     46.0,     46.0,    146.0,  9, 10, 11,  9,    1423777,    1423777,    1423777,    1423777
 4,    1272728,     46.0,     46.0,     46.0,    145.0,  9, 10, 11,  9,    1423779,    1423779,    1423779,    1423779
 4,    1272733,     46.0,     46.0,     46.0,    145.0,  9, 10, 11,  9,    1423780,    1423780,    1423780,    1423780
 4,    1272767,     63.0,     64.0,     64.0,    195.0,  9, 10, 11,  9,      80519,      80519,      80519,      80519
 4,    1272777,     49.0,     49.0,     49.0,    150.0,  9, 10, 11,  9,    1423792,    1423792,    1423792,    1423792
 4,    1272797,     48.0,     48.0,     48.0,    148.0,  9, 10, 11,  9,    1423806,    1423806,    1423806,    1423806
 4,    1272807,     48.0,     47.0,     47.0,    147.0,  9, 10, 11,  9,    1423807,    1423807,    1423807,    1423807
 4,    1272817,     47.0,     47.0,     47.0,    147.0,  9, 10, 11,  9,    1423809,    1423809,    1423809,    1423809
 4,    1272929,     49.0,     49.0,     49.0,    149.0,  9, 10, 11,  9,    1423844,    1423844,    1423844,    1423844
 4,    1272919,     63.0,     63.0,     63.0,    194.0,  9, 10, 11,  9,      80547,      80547,      80547,      80547
 4,    1273069,     35.0,     35.0,     35.0,    109.0,  9, 10, 11,  9,      83151,      83151,      83151,    1423910
 4,    2576577,     35.0,     35.0,     35.0,    108.0,  9, 10, 11, 10,    1423910,    1423910,    1423910,    1423910
 4,    2576993,     35.0,     35.0,     35.0,    108.0,  9, 10, 11, 10,    1423910,    1423910,    1423910,    1423910
 4,    2577022,     35.0,     34.0,     34.0,    108.0,  9, 10, 11,  9,    1423910,    1423910,    1423910,    1423910
 4,    2581830,     34.0,     34.0,     34.0,    107.0,  9, 10, 11, 10,    1423910,    1423910,    1423910,    1423910
 4,    1273034,     65.0,     65.0,     64.0,    196.0,  9, 10, 11, 11,      83163,      83163,      83163,      83163
 4,    1273039,     64.0,     64.0,     63.0,    195.0,  9, 10, 11, 11,      83163,      83163,      83163,      83163
 4,    1272787,     23.0,     23.0,     23.0,     70.0,  9, 10, 11,  9,    1423803,    1423803,    1423803,    1423803
 4,    1273385,     48.0,     48.0,     48.0,    155.0,  1,  2,  3,  1,      43262,      43262,      43262,    1273385
 4,    1272133,     38.0,     38.0,     38.0,    124.0,  1,  2,  3,  1,    1272133,    1272133,    1272133,    1272133
 4,    1272246,     44.0,     44.0,     44.0,    141.0,  9, 10, 11,  9,    1423471,    1423471,    1423471,    1423471
 4,    2579454,     31.0,     31.0,     31.0,    101.0,  1,  2,  3,  1,    1272252,    1486633,    1486633,    1486633
 4,    1272787,     23.0,     23.0,     23.0,     70.0,  9, 10, 11,  9,    1423803,    1423803,    1423803,    1423803
 4,    1273020,     46.0,     46.0,     46.0,    145.0,  9, 10, 11,  9,    1423892,    1423892,    1423892,    1423892
 4,    1273015,     47.0,     47.0,     47.0,    146.0,  9, 10, 11,  9,    1423891,    1423891,    1423891,    1423891
 4,    1273186,     62.0,     62.0,     62.0,    193.0,  9, 10, 11,  9,    1423929,    1423929,    1423929,    1423929
 4,    1273191,     62.0,     62.0,     62.0,    193.0,  9, 10, 11,  9,    1423929,    1423929,    1423929,    1423929
 4,    1273196,     61.0,     61.0,     61.0,    193.0,  9, 10, 11,  9,    1423929,    1423929,    1423929,    1423929
 4,    1273458,     56.0,     56.0,     56.0,    182.0,  1,  2,  3,  1,    1273458,    1272827,    1272827,    1273458
 4,    1273463,     59.0,     59.0,     59.0,    188.0,  9, 10, 11,  9,      80535,      80535,      80535,      80535
 4,    3776887,     29.0,     29.0,     29.0,     96.0,  1,  2,  3,  1,    1486633,    1486633,    1486633,    1486633
 4,    3761916,     33.0,     34.0,     34.0,    107.0,  9, 10, 11,  9,    2403596,      74283,      74283,    2403596
 4,    2569385,     23.0,     23.0,     23.0,     71.0,  9, 10, 11,  9,    2399494,    2399494,    2399494,    2399494
 4,    2569431,     23.0,     23.0,     23.0,     71.0,  9, 10, 11,  9,    2399494,    2399494,    2399494,    2399494
 4,    2569419,     22.0,     22.0,     22.0,     70.0,  9, 10, 11,  9,    2399494,    2399494,    2399494,    2399494
 4,    2569370,     22.0,     22.0,     22.0,     69.0,  9, 10, 11,  9,    2399494,    2399494,    2399494,    2399494
 4,    2569380,     22.0,     22.0,     22.0,     70.0,  9, 10, 11,  9,    2399494,    2399494,    2399494,    2399494
 4,    2569424,     23.0,     23.0,     23.0,     71.0,  9, 10, 11,  9,    2399494,    2399494,    2399494,    2399494
 4,    3100425,     16.0,     16.0,     16.0,     53.0,  1,  2,  3,  1,    3100425,    3100425,    3100425,    3100425
 4,    4194067,     61.0,     61.0,     62.0,    191.0,  9, 10, 11,  9,      80550,      80550,      80550,      80550
 5,    2577888,     23.0,     23.0,     23.0,     73.0,  9, 10, 11,  9,    2403577,    2403577,    2403577,    2403577
 5,    2069046,     23.0,     23.0,     23.0,     73.0,  9, 10, 11,  9,      74284,      74284,      74284,      74284
 5,    2577983,     34.0,     34.0,     34.0,    108.0,  9, 10, 11,  9,    2403596,    2403596,    2403596,    2403596
 5,    1476198,     30.0,     30.0,     30.0,     98.0,  1,  2,  3,  1,    1476198,    1476198,    1476198,    1476198
 5,    2578109,     30.0,     30.0,     30.0,     98.0,  1,  2,  3,  1,    1486633,    1486633,    1486633,    1486633
 5,    2580974,     59.0,     59.0,     59.0,    189.0,  9, 10, 11,  9,    1423929,    1423929,    1423929,    1423929
 5,    1273369,     50.0,     50.0,     50.0,    164.0,  1,  2,  3,  1,    1273369,    1273369,    1273369,    1273369
 5,    1272738,     44.0,     44.0,     44.0,    142.0,  1,  2,  3,  2,    1272738,    1272738,    1272738,    1272738
 5,    1272743,     45.0,     45.0,     45.0,    146.0,  1,  2,  3,  1,    1272743,    1272743,    1272743,    1272743
 5,    1272723,     47.0,     47.0,     47.0,    147.0,  9, 10, 11,  9,    1423778,    1423778,    1423778,    1423778
 5,    1272718,     46.0,     46.0,     46.0,    146.0,  9, 10, 11,  9,    1423777,    1423777,    1423777,    1423777
 5,    1272728,     46.0,     46.0,     46.0,    145.0,  9, 10, 11,  9,    1423779,    1423779,    1423779,    1423779
 5,    1272733,     46.0,     46.0,     46.0,    145.0,  9, 10, 11,  9,    1423780,    1423780,    1423780,    1423780
 5,    1272767,     63.0,     64.0,     64.0,    195.0,  9, 10, 11,  9,      80519,      80519,      80519,      80519
 5,    1272777,     49.0,     49.0,     49.0,    150.0,  9, 10, 11,  9,    1423792,    1423792,    1423792,    1423792
 5,    1272797,     48.0,     48.0,     48.0,    147.0,  9, 10, 11,  9,    1423806,    1423806,    1423806,    1423806
 5,    1272807,     48.0,     47.0,     47.0,    147.0,  9, 10, 11,  9,    1423807,    1423807,    1423807,    1423807
 5,    1272817,     47.0,     47.0,     47.0,    146.0,  9, 10, 11, 10,    1423809,    1423809,    1423809,    1423809
 5,    1272929,     49.0,     49.0,     49.0,    149.0,  9, 10, 11,  9,    1423844,    1423844,    1423844,    1423844
 5,    1272919,     63.0,     63.0,     63.0,    194.0,  9, 10, 11,  9,      80547,      80547,      80547,      80547
 5,    1273069,     35.0,     35.0,     35.0,    108.0,  9, 10, 11, 10,      83151,      83151,      83151,    1423910
 5,    2576577,     35.0,     35.0,     35.0,    108.0,  9, 10, 11,  9,    1423910,    1423910,    1423910,    1423910
 5,    2576993,     35.0,     34.0,     35.0,    108.0,  9, 10, 11,  9,    1423910,    1423910,    1423910,    1423910
 5,    2577022,     34.0,     34.0,     34.0,    108.0,  9, 10, 11,  9,    1423910,    1423910,    1423910,    1423910
 5,    2581830,     34.0,     34.0,     34.0,    107.0,  9, 10, 11,  9,    1423910,    1423910,    1423910,    1423910
 5,    1273034,     65.0,     65.0,     65.0,    197.0,  9, 10, 11, 11,      83163,      83163,      83163,      83163
 5,    1273039,     64.0,     64.0,     64.0,    195.0,  9, 10, 11, 11,      83163,      83163,      83163,      83163
 5,    1272787,     23.0,     23.0,     23.0,     71.0,  9, 10, 11,  9,    1423803,    1423803,    1423803,    1423803
 5,    1273385,     48.0,     48.0,     48.0,    155.0,  1,  2,  3,  1,      43262,      43262,      43262,    1273385
 5,    1272133,     38.0,     38.0,     38.0,    124.0,  1,  2,  3,  2,    1272133,    1272133,    1272133,    1272133
 5,    1272246,     44.0,     44.0,     44.0,    142.0,  9, 10, 11,  9,    1423471,    1423471,    1423471,    1423471
 5,    2579454,     31.0,     31.0,     31.0,    101.0,  1,  2,  3,  1,    1486633,    1272252,    1486633,    1486633
 5,    1272787,     23.0,     23.0,     23.0,     71.0,  9, 10, 11,  9,    1423803,    1423803,    1423803,    1423803
 5,    1273020,     46.0,     46.0,     46.0,    145.0,  9, 10, 11, 10,    1423892,    1423892,    1423892,    1423892
 5,    1273015,     47.0,     47.0,     47.0,    146.0,  9, 10, 11,  9,    1423891,    1423891,    1423891,    1423891
 5,    1273186,     62.0,     62.0,     62.0,    193.0,  9, 10, 11,  9,    1423929,    1423929,    1423929,    1423929
 5,    1273191,     62.0,     62.0,     62.0,    193.0,  9, 10, 11,  9,    1423929,    1423929,    1423929,    1423929
 5,    1273196,     61.0,     61.0,     61.0,    193.0,  9, 10, 11,  9,    1423929,    1423929,    1423929,    1423929
 5,    1273458,     56.0,     56.0,     56.0,    181.0,  1,  2,  3,  1,    1272827,    1272827,    1272827,    1273458
 5,    1273463,     59.0,     59.0,     58.0,    187.0,  9, 10, 11,  9,      80535,      80535,      80535,      80535
 5,    3776887,     30.0,     29.0,     29.0,     96.0,  1,  2,  3,  2,    1486633,    1486633,    1486633,    1486633
 5,    3761916,     34.0,     34.0,     34.0,    108.0,  9, 10, 11,  9,      74283,      74283,      74283,      74283
 5,    2569385,     23.0,     23.0,     23.0,     71.0,  9, 10, 11,  9,    2399494,    2399494,    2399494,    2399494
 5,    2569431,     23.0,     23.0,     23.0,     72.0,  9, 10, 11,  9,    2399494,    2399494,    2399494,    2399494
 5,    2569419,     22.0,     22.0,     22.0,     70.0,  9, 10, 11,  9,    2399494,    2399494,    2399494,    2399494
 5,    2569370,     22.0,     22.0,     22.0,     70.0,  9, 10, 11,  9,    2399494,    2399494,    2399494,    2399494
 5,    2569380,     22.0,     22.0,     22.0,     70.0,  9, 10, 11, 10,    2399494,    2399494,    2399494,    2399494
 5,    2569424,     23.0,     23.0,     23.0,     71.0,  9, 10, 11,  9,    2399494,    2399494,    2399494,    2399494
 5,    3100425,     16.0,     16.0,     16.0,     53.0,  1,  2,  3,  1,    3100425,    3100425,    3100425,    3100425
 5,    4194067,     62.0,     61.0,     62.0,    191.0,  9, 10, 11, 10,      80550,      80550,      80550,      80550
 6,    2577888,     23.0,     23.0,     23.0,     73.0,  9, 10, 11,  9,    2403577,    2403577,    2403577,    2403577
 6,    2069046,     23.0,     23.0,     23.0,     73.0,  9, 10, 11,  9,      74284,      74284,      74284,      74284
 6,    2577983,     34.0,     34.0,     34.0,    108.0,  9, 10, 11,  9,    2403596,    2403596,    2403596,    2403596
 6,    1476198,     30.0,     30.0,     30.0,     98.0,  1,  2,  3,  1,    1476198,    1476198,    1476198,    1476198
 6,    2578109,     30.0,     30.0,     30.0,     98.0,  1,  2,  3,  1,    1486633,    1486633,    1486633,    1486633
 6,    2580974,     59.0,     59.0,     59.0,    189.0,  9, 10, 11,  9,    1423929,    1423929,    1423929,    1423929
 6,    1273369,     50.0,     51.0,     51.0,    164.0,  1,  2,  3,  1,    1273369,      43262,      43262,    1273369
 6,    1272738,     44.0,     44.0,     44.0,    143.0,  1,  2,  3,  1,    1272738,    1272738,    1272738,    1272738
 6,    1272743,     45.0,     45.0,     45.0,    146.0,  1,  2,  3,  1,    1272743,    1272743,    1272743,    1272743
 6,    1272723,     47.0,     47.0,     47.0,    147.0,  9, 10, 11,  9,    1423778,    1423778,    1423778,    1423778
 6,    1272718,     46.0,     46.0,     46.0,    146.0,  9, 10, 11,  9,    1423777,    1423777,    1423777,    1423777
 6,    1272728,     46.0,     46.0,     46.0,    145.0,  9, 10, 11,  9,    1423779,    1423779,    1423779,    1423779
 6,    1272733,     46.0,     46.0,     46.0,    145.0,  9, 10, 11,  9,    1423780,    1423780,    1423780,    1423780
 6,    1272767,     63.0,     64.0,     64.0,    195.0,  9, 10, 11,  9,      80519,      80519,      80519,      80519
 6,    1272777,     49.0,     49.0,     49.0,    150.0,  9, 10, 11,  9,    1423792,    1423792,    1423792,    1423792
 6,    1272797,     48.0,     48.0,     48.0,    148.0,  9, 10, 11,  9,    1423806,    1423806,    1423806,    1423806
 6,    1272807,     48.0,     48.0,     47.0,    147.0,  9, 10, 11, 10,    1423807,    1423807,    1423807,    1423807
 6,    1272817,     47.0,     47.0,     47.0,    147.0,  9, 10, 11,  9,    1423809,    1423809,    1423809,    1423809
 6,    1272929,     49.0,     49.0,     49.0,    149.0,  9, 10, 11,  9,    1423844,    1423844,    1423844,    1423844
 6,    1272919,     63.0,     63.0,     63.0,    194.0,  9, 10, 11,  9,      80547,      80547,      80547,      80547
 6,    1273069,     35.0,     35.0,     35.0,    108.0,  9, 10, 11, 10,      83151,      83151,      83151,    1423910
 6,    2576577,     35.0,     35.0,     35.0,    108.0,  9, 10, 11, 10,    1423910,    1423910,    1423910,    1423910
 6,    2576993,     35.0,     34.0,     35.0,    108.0,  9, 10, 11,  9,    1423910,    1423910,    1423910,    1423910
 6,    2577022,     34.0,     34.0,     34.0,    107.0,  9, 10, 11, 10,    1423910,    1423910,    1423910,    1423910
 6,    2581830,     34.0,     34.0,     34.0,    107.0,  9, 10, 11, 10,    1423910,    1423910,    1423910,    1423910
 6,    1273034,     65.0,     65.0,     65.0,    197.0,  9, 10, 11,  9,      83163,      83163,      83163,      83163
 6,    1273039,     64.0,     64.0,     64.0,    195.0,  9, 10, 11, 11,      83163,      83163,      83163,      83163
 6,    1272787,     24.0,     24.0,     24.0,     74.0,  9, 10, 11,  9,    1423803,    1423803,    1423803,    1423803
 6,    1273385,     48.0,     48.0,     48.0,    155.0,  1,  2,  3,  1,      43262,      43262,      43262,    1273385
 6,    1272133,     38.0,     38.0,     38.0,    124.0,  1,  2,  3,  2,    1272133,    1272133,    1272133,    1272133
 6,    1272246,     44.0,     44.0,     44.0,    141.0,  9, 10, 11, 11,    1423471,    1423471,    1423471,    1423471
 6,    2579454,     31.0,     31.0,     31.0,    101.0,  1,  2,  3,  1,    1486633,    1486633,    1486633,    1486633
 6,    1272787,     24.0,     24.0,     24.0,     74.0,  9, 10, 11,  9,    1423803,    1423803,    1423803,    1423803
 6,    1273020,     46.0,     46.0,     46.0,    145.0,  9, 10, 11, 10,    1423892,    1423892,    1423892,    1423892
 6,    1273015,     47.0,     47.0,     47.0,    146.0,  9, 10, 11,  9,    1423891,    1423891,    1423891,    1423891
 6,    1273186,     62.0,     62.0,     62.0,    193.0,  9, 10, 11,  9,    1423929,    1423929,    1423929,    1423929
 6,    1273191,     62.0,     62.0,     62.0,    193.0,  9, 10, 11,  9,    1423929,    1423929,    1423929,    1423929
 6,    1273196,     61.0,     61.0,     61.0,    193.0,  9, 10, 11,  9,    1423929,    1423929,    1423929,    1423929
 6,    1273458,     56.0,     56.0,     56.0,    182.0,  1,  2,  3,  1,    1273458,    1273458,    1273458,    1273458
 6,    1273463,     59.0,     59.0,     59.0,    188.0,  9, 10, 11,  9,      80535,      80535,      80535,      80535
 6,    3776887,     30.0,     29.0,     29.0,     96.0,  1,  2,  3,  2,    1486633,    1486633,    1486633,    1486633
 6,    3761916,     34.0,     33.0,     33.0,    107.0,  9, 10, 11, 10,      74283,      74283,      74283,      74283
 6,    2569385,     23.0,     23.0,     23.0,     71.0,  9, 10, 11,  9,    2399494,    2399494,    2399494,    2399494
 6,    2569431,     23.0,     23.0,     23.0,     72.0,  9, 10, 11,  9,    2399494,    2399494,    2399494,    2399494
 6,    2569419,     22.0,     22.0,     22.0,     70.0,  9, 10, 11,  9,    2399494,    2399494,    2399494,    2399494
 6,    2569370,     22.0,     22.0,     22.0,     70.0,  9, 10, 11,  9,    2399494,    2399494,    2399494,    2399494
 6,    2569380,     22.0,     22.0,     22.0,     71.0,  9, 10, 11,  9,    2399494,    2399494,    2399494,    2399494
 6,    2569424,     23.0,     23.0,     23.0,     71.0,  9, 10, 11,  9,    2399494,    2399494,    2399494,    2399494
 6,    3100425,     16.0,     16.0,     16.0,     53.0,  1,  2,  3,  1,    3100425,    3100425,    3100425,    3100425
 6,    4194067,     62.0,     61.0,     61.0,    191.0,  9, 10, 11, 10,      80550,      80550,      80550,      80550
 7,    2577888,     23.0,     23.0,     23.0,     73.0,  9, 10, 11,  9,    2403577,    2403577,    2403577,    2403577
 7,    2069046,     23.0,     23.0,     23.0,     73.0,  9, 10, 11,  9,      74284,      74284,      74284,      74284
 7,    2577983,     34.0,     34.0,     34.0,    108.0,  9, 10, 11,  9,    2403596,    2403596,    2403596,    2403596
 7,    1476198,     30.0,     30.0,     30.0,     97.0,  1,  2,  3,  3,    1476198,    1476198,    1476198,    1476198
 7,    2578109,     30.0,     30.0,     30.0,     97.0,  1,  2,  3,  2,    1486633,    1486633,    1486633,    1486633
 7,    2580974,     59.0,     59.0,     59.0,    189.0,  9, 10, 11,  9,    1423929,    1423929,    1423929,    1423929
 7,    1273369,     50.0,     50.0,     50.0,    164.0,  1,  2,  3,  1,      43262,    1273369,    1273369,      43262
 7,    1272738,     44.0,     44.0,     44.0,    142.0,  1,  2,  3,  1,    1272738,    1272738,    1272738,    1272738
 7,    1272743,     45.0,     45.0,     45.0,    145.0,  1,  2,  3,  1,    1272743,    1272743,    1272743,    1272743
 7,    1272723,     47.0,     47.0,     47.0,    147.0,  9, 10, 11,  9,    1423778,    1423778,    1423778,    1423778
 7,    1272718,     46.0,     46.0,     46.0,    146.0,  9, 10, 11,  9,    1423777,    1423777,    1423777,    1423777
 7,    1272728,     46.0,     46.0,     46.0,    145.0,  9, 10, 11,  9,    1423779,    1423779,    1423779,    1423779
 7,    1272733,     46.0,     46.0,     46.0,    145.0,  9, 10, 11,  9,    1423780,    1423780,    1423780,    1423780
 7,    1272767,     63.0,     63.0,     63.0,    194.0,  9, 10, 11, 11,      80519,      80519,      80519,      80519
 7,    1272777,     49.0,     49.0,     49.0,    150.0,  9, 10, 11,  9,    1423792,    1423792,    1423792,    1423792
 7,    1272797,     48.0,     48.0,     48.0,    147.0,  9, 10, 11,  9,    1423806,    1423806,    1423806,    1423806
 7,    1272807,     48.0,     47.0,     47.0,    146.0,  9, 10, 11, 11,    1423807,    1423807,    1423807,    1423807
 7,    1272817,     47.0,     47.0,     47.0,    146.0,  9, 10, 11, 10,    1423809,    1423809,    1423809,    1423809
 7,    1272929,     49.0,     49.0,     49.0,    149.0,  9, 10, 11,  9,    1423844,    1423844,    1423844,    1423844
 7,    1272919,     63.0,     63.0,     63.0,    193.0,  9, 10, 11,  9,      80547,      80547,      80547,      80547
 7,    1273069,     35.0,     34.0,     35.0,    107.0,  9, 10, 11, 10,      83151,    1423910,      83151,    1423910
 7,    2576577,     35.0,     34.0,     35.0,    107.0,  9, 10, 11, 10,    1423910,    1423910,    1423910,    1423910
 7,    2576993,     35.0,     34.0,     35.0,    106.0,  9, 10, 11, 10,    1423910,    1423910,    1423910,    1423910
 7,    2577022,     34.0,     34.0,     34.0,    106.0,  9, 10, 11, 10,    1423910,    1423910,    1423910,    1423910
 7,    2581830,     34.0,     33.0,     34.0,    106.0,  9, 10, 11, 10,    1423910,    1423910,    1423910,    1423910
 7,    1273034,     64.0,     65.0,     65.0,    197.0,  9, 10, 11,  9,      83163,      83163,      83163,      83163
 7,    1273039,     64.0,     64.0,     64.0,    195.0,  9, 10, 11,  9,      83163,      83163,      83163,      83163
 7,    1272787,     23.0,     23.0,     23.0,     73.0,  9, 10, 11,  9,    1423803,    1423803,    1423803,    1423803
 7,    1273385,     47.0,     48.0,     48.0,    155.0,  1,  2,  3,  1,    1273385,      43262,      43262,      43262
 7,    1272133,     38.0,     38.0,     38.0,    123.0,  1,  2,  3,  3,    1272133,    1272133,    1272133,    1272133
 7,    1272246,     44.0,     44.0,     44.0,    141.0,  9, 10, 11, 11,    1423471,    1423471,    1423471,    1423471
 7,    2579454,     31.0,     31.0,     31.0,    100.0,  1,  2,  3,  2,    1486633,    1272252,    1272252,    1486633
 7,    1272787,     23.0,     23.0,     23.0,     73.0,  9, 10, 11,  9,    1423803,    1423803,    1423803,    1423803
 7,    1273020,     46.0,     46.0,     46.0,    145.0,  9, 10, 11,  9,    1423892,    1423892,    1423892,    1423892
 7,    1273015,     47.0,     47.0,     47.0,    146.0,  9, 10, 11,  9,    1423891,    1423891,    1423891,    1423891
 7,    1273186,     62.0,     62.0,     62.0,    193.0,  9, 10, 11,  9,    1423929,    1423929,    1423929,    1423929
 7,    1273191,     62.0,     62.0,     62.0,    193.0,  9, 10, 11,  9,    1423929,    1423929,    1423929,    1423929
 7,    1273196,     61.0,     61.0,     61.0,    193.0,  9, 10, 11,  9,    1423929,    1423929,    1423929,    1423929
 7,    1273458,     56.0,     56.0,     56.0,    181.0,  1,  2,  3,  1,    1272827,    1272827,    1272827,    1273458
 7,    1273463,     58.0,     59.0,     58.0,    187.0,  9, 10, 11,  9,      80535,      80535,      80535,      80535
 7,    3776887,     29.0,     29.0,     29.0,     95.0,  1,  2,  3,  3,    1486633,    1486633,    1486633,    1486633
 7,    3761916,     34.0,     33.0,     33.0,    107.0,  9, 10, 11, 10,      74283,      74283,      74283,      74283
 7,    2569385,     23.0,     23.0,     23.0,     71.0,  9, 10, 11,  9,    2399494,    2399494,    2399494,    2399494
 7,    2569431,     23.0,     23.0,     23.0,     72.0,  9, 10, 11,  9,    2399494,    2399494,    2399494,    2399494
 7,    2569419,     22.0,     22.0,     22.0,     70.0,  9, 10, 11,  9,    2399494,    2399494,    2399494,    2399494
 7,    2569370,     22.0,     22.0,     22.0,     70.0,  9, 10, 11,  9,    2399494,    2399494,    2399494,    2399494
 7,    2569380,     22.0,     22.0,     22.0,     71.0,  9, 10, 11,  9,    2399494,    2399494,    2399494,    2399494
 7,    2569424,     23.0,     23.0,     23.0,     71.0,  9, 10, 11,  9,    2399494,    2399494,    2399494,    2399494
 7,    3100425,     16.0,     16.0,     16.0,     52.0,  1,  2,  3,  3,    3100425,    3100425,    3100425,    3100425
 7,    4194067,     62.0,     61.0,     61.0,    190.0,  9, 10, 11, 11,      80550,      80550,      80550,      80550
 8,    2577888,     23.0,     23.0,     23.0,     73.0,  9, 10, 11,  9,    2403577,    2403577,    2403577,    2403577
 8,    2069046,     23.0,     23.0,     23.0,     73.0,  9, 10, 11,  9,      74284,      74284,      74284,      74284
 8,    2577983,     34.0,     34.0,     34.0,    108.0,  9, 10, 11,  9,    2403596,    2403596,    2403596,    2403596
 8,    1476198,     30.0,     30.0,     30.0,     96.0,  1,  2,  3,  3,    1476198,    1476198,    1476198,    1476198
 8,    2578109,     30.0,     30.0,     29.0,     96.0,  1,  2,  3,  3,    1486633,    1486633,    1486633,    1486633
 8,    2580974,     59.0,     59.0,     59.0,    189.0,  9, 10, 11,  9,    1423929,    1423929,    1423929,    1423929
 8,    1273369,     50.0,     50.0,     50.0,    163.0,  1,  2,  3,  1,      43262,      43262,      43262,    1273369
 8,    1272738,     44.0,     44.0,     44.0,    142.0,  1,  2,  3,  1,    1272738,    1272738,    1272738,    1272738
 8,    1272743,     45.0,     45.0,     45.0,    145.0,  1,  2,  3,  1,    1272743,    1272743,    1272743,    1272743
 8,    1272723,     47.0,     47.0,     47.0,    147.0,  9, 10, 11,  9,    1423778,    1423778,    1423778,    1423778
 8,    1272718,     46.0,     46.0,     46.0,    146.0,  9, 10, 11,  9,    1423777,    1423777,    1423777,    1423777
 8,    1272728,     46.0,     46.0,     46.0,    145.0,  9, 10, 11,  9,    1423779,    1423779,    1423779,    1423779
 8,    1272733,     46.0,     46.0,     46.0,    145.0,  9, 10, 11,  9,    1423780,    1423780,    1423780,    1423780
 8,    1272767,     63.0,     64.0,     63.0,    194.0,  9, 10, 11,  9,      80519,      80519,      80519,      80519
 8,    1272777,     49.0,     49.0,     49.0,    149.0,  9, 10, 11,  9,    1423792,    1423792,    1423792,    1423792
 8,    1272797,     48.0,     47.0,     48.0,    147.0,  9, 10, 11,  9,    1423806,    1423806,    1423806,    1423806
 8,    1272807,     48.0,     47.0,     47.0,    145.0,  9, 10, 11, 11,    1423807,    1423807,    1423807,    1423807
 8,    1272817,     47.0,     46.0,     47.0,    144.0,  9, 10, 11, 10,    1423809,    1423809,    1423809,    1423809
 8,    1272929,     48.0,     49.0,     49.0,    148.0,  9, 10, 11,  9,    1423844,    1423844,    1423844,    1423844
 8,    1272919,     62.0,     62.0,     62.0,    192.0,  9, 10, 11,  9,      80547,      80547,      80547,      80547
 8,    1273069,     35.0,     34.0,     35.0,    107.0,  9, 10, 11, 10,      83151,    1423910,      83151,    1423910
 8,    2576577,     35.0,     34.0,     35.0,    106.0,  9, 10, 11, 10,    1423910,    1423910,    1423910,    1423910
 8,    2576993,     34.0,     34.0,     35.0,    106.0,  9, 10, 11, 10,    1423910,    1423910,    1423910,    1423910
 8,    2577022,     34.0,     34.0,     34.0,    106.0,  9, 10, 11, 10,    1423910,    1423910,    1423910,    1423910
 8,    2581830,     34.0,     33.0,     34.0,    105.0,  9, 10, 11, 10,    1423910,    1423910,    1423910,    1423910
 8,    1273034,     64.0,     65.0,     65.0,    196.0,  9, 10, 11,  9,      83163,      83163,      83163,      83163
 8,    1273039,     63.0,     64.0,     64.0,    195.0,  9, 10, 11,  9,      83163,      83163,      83163,      83163
 8,    1272787,     23.0,     23.0,     23.0,     72.0,  9, 10, 11,  9,    1423803,    1423803,    1423803,    1423803
 8,    1273385,     47.0,     47.0,     48.0,    154.0,  1,  2,  3,  1,    1273385,    1273385,      43262,    1273385
 8,    1272133,     38.0,     38.0,     38.0,    122.0,  1,  2,  3,  3,    1272133,    1272133,    1272133,    1272133
 8,    1272246,     45.0,     44.0,     44.0,    140.0,  9, 10, 11, 11,    1423470,    1423471,    1423470,    1423471
 8,    2579454,     31.0,     31.0,     30.0,     99.0,  1,  2,  3,  3,    1272252,    1272252,    1486633,    1486633
 8,    1272787,     23.0,     23.0,     23.0,     72.0,  9, 10, 11,  9,    1423803,    1423803,    1423803,    1423803
 8,    1273020,     46.0,     46.0,     46.0,    145.0,  9, 10, 11,  9,    1423892,    1423892,    1423892,    1423892
 8,    1273015,     47.0,     47.0,     47.0,    146.0,  9, 10, 11,  9,    1423891,    1423891,    1423891,    1423891
 8,    1273186,     62.0,     62.0,     62.0,    193.0,  9, 10, 11,  9,    1423929,    1423929,    1423929,    1423929
 8,    1273191,     62.0,     62.0,     62.0,    193.0,  9, 10, 11,  9,    1423929,    1423929,    1423929,    1423929
 8,    1273196,     61.0,     61.0,     61.0,    193.0,  9, 10, 11,  9,    1423929,    1423929,    1423929,    1423929
 8,    1273458,     56.0,     55.0,     56.0,    180.0,  1,  2,  3,  2,    1272827,    1273458,    1272827,    1273458
 8,    1273463,     58.0,     58.0,     58.0,    186.0,  9, 10, 11, 10,      80535,      80535,      80535,      80535
 8,    3776887,     29.0,     29.0,     29.0,     95.0,  1,  2,  3,  3,    1486633,    1486633,    1486633,    1486633
 8,    3761916,     34.0,     33.0,     33.0,    107.0,  9, 10, 11, 10,      74283,      74283,      74283,      74283
 8,    2569385,     23.0,     23.0,     23.0,     71.0,  9, 10, 11,  9,    2399494,    2399494,    2399494,    2399494
 8,    2569431,     23.0,     23.0,     23.0,     71.0,  9, 10, 11,  9,    2399494,    2399494,    2399494,    2399494
 8,    2569419,     22.0,     22.0,     22.0,     70.0,  9, 10, 11,  9,    2399494,    2399494,    2399494,    2399494
 8,    2569370,     22.0,     22.0,     22.0,     69.0,  9, 10, 11,  9,    2399494,    2399494,    2399494,    2399494
 8,    2569380,     22.0,     22.0,     22.0,     70.0,  9, 10, 11,  9,    2399494,    2399494,    2399494,    2399494
 8,    2569424,     23.0,     23.0,     23.0,     71.0,  9, 10, 11,  9,    2399494,    2399494,    2399494,    2399494
 8,    3100425,     16.0,     16.0,     16.0,     52.0,  1,  2,  3,  3,    3100425,    3100425,    3100425,    3100425
 8,    4194067,     62.0,     61.0,     61.0,    190.0,  9, 10, 11, 11,      80550,      80550,      80550,      80550
 9,    2577888,     23.0,     23.0,     23.0,     73.0,  9, 10, 11,  9,    2403577,    2403577,    2403577,    2403577
 9,    2069046,     23.0,     23.0,     23.0,     73.0,  9, 10, 11,  9,      74284,      74284,      74284,      74284
 9,    2577983,     34.0,     34.0,     34.0,    108.0,  9, 10, 11,  9,    2403596,    2403596,    2403596,    2403596
 9,    1476198,     30.0,     30.0,     29.0,     96.0,  1,  2,  3,  3,    1476198,    1476198,    1476198,    1476198
 9,    2578109,     30.0,     30.0,     29.0,     96.0,  1,  2,  3,  3,    1486633,    1486633,    1486633,    1486633
 9,    2580974,     59.0,     59.0,     59.0,    189.0,  9, 10, 11,  9,    1423929,    1423929,    1423929,    1423929
 9,    1273369,     50.0,     50.0,     50.0,    163.0,  1,  2,  3,  1,      43262,      43262,      43262,    1273369
 9,    1272738,     44.0,     44.0,     44.0,    142.0,  1,  2,  3,  1,    1272738,    1272738,    1272738,    1272738
 9,    1272743,     45.0,     45.0,     45.0,    145.0,  1,  2,  3,  1,    1272743,    1272743,    1272743,    1272743
 9,    1272723,     47.0,     47.0,     47.0,    147.0,  9, 10, 11,  9,    1423778,    1423778,    1423778,    1423778
 9,    1272718,     46.0,     46.0,     46.0,    146.0,  9, 10, 11,  9,    1423777,    1423777,    1423777,    1423777
 9,    1272728,     46.0,     46.0,     46.0,    145.0,  9, 10, 11,  9,    1423779,    1423779,    1423779,    1423779
 9,    1272733,     46.0,     46.0,     46.0,    145.0,  9, 10, 11,  9,    1423780,    1423780,    1423780,    1423780
 9,    1272767,     63.0,     63.0,     63.0,    194.0,  9, 10, 11,  9,      80519,      80519,      80519,      80519
 9,    1272777,     49.0,     49.0,     49.0,    149.0,  9, 10, 11, 11,    1423792,    1423792,    1423792,    1423792
 9,    1272797,     48.0,     48.0,     47.0,    146.0,  9, 10, 11, 11,    1423806,    1423806,    1423806,    1423806
 9,    1272807,     47.0,     47.0,     47.0,    146.0,  9, 10, 11, 10,    1423807,    1423807,    1423807,    1423807
 9,    1272817,     47.0,     46.0,     47.0,    144.0,  9, 10, 11, 10,    1423809,    1423809,    1423809,    1423809
 9,    1272929,     48.0,     49.0,     49.0,    148.0,  9, 10, 11,  9,    1423844,    1423844,    1423844,    1423844
 9,    1272919,     62.0,     62.0,     62.0,    192.0,  9, 10, 11,  9,      80547,      80547,      80547,      80547
 9,    1273069,     34.0,     34.0,     35.0,    106.0,  9, 10, 11, 10,    1423910,    1423910,      83151,    1423910
 9,    2576577,     34.0,     34.0,     34.0,    106.0,  9, 10, 11, 10,    1423910,    1423910,    1423910,    1423910
 9,    2576993,     34.0,     34.0,     34.0,    105.0,  9, 10, 11, 10,    1423910,    1423910,    1423910,    1423910
 9,    2577022,     34.0,     34.0,     34.0,    105.0,  9, 10, 11, 10,    1423910,    1423910,    1423910,    1423910
 9,    2581830,     33.0,     33.0,     34.0,    105.0,  9, 10, 11,  9,    1423910,    1423910,    1423910,    1423910
 9,    1273034,     64.0,     65.0,     64.0,    195.0,  9, 10, 11,  9,      83163,      83163,      83163,      83163
 9,    1273039,     63.0,     64.0,     63.0,    193.0,  9, 10, 11,  9,      83163,      83163,      83163,      83163
 9,    1272787,     23.0,     23.0,     23.0,     72.0,  9, 10, 11,  9,    1423803,    1423803,    1423803,    1423803
 9,    1273385,     47.0,     47.0,     47.0,    154.0,  1,  2,  3,  1,      43262,    1273385,    1273385,    1273385
 9,    1272133,     38.0,     38.0,     38.0,    122.0,  1,  2,  3,  3,    1272133,    1272133,    1272133,    1272133
 9,    1272246,     44.0,     44.0,     44.0,    140.0,  9, 10, 11, 11,    1423471,    1423470,    1423470,    1423471
 9,    2579454,     31.0,     31.0,     30.0,     99.0,  1,  2,  3,  2,    1272252,    1272252,    1486633,    1486633
 9,    1272787,     23.0,     23.0,     23.0,     72.0,  9, 10, 11,  9,    1423803,    1423803,    1423803,    1423803
 9,    1273020,     46.0,     46.0,     46.0,    145.0,  9, 10, 11,  9,    1423892,    1423892,    1423892,    1423892
 9,    1273015,     47.0,     47.0,     47.0,    146.0,  9, 10, 11,  9,    1423891,    1423891,    1423891,    1423891
 9,    1273186,     62.0,     62.0,     62.0,    193.0,  9, 10, 11,  9,    1423929,    1423929,    1423929,    1423929
 9,    1273191,     62.0,     62.0,     62.0,    193.0,  9, 10, 11,  9,    1423929,    1423929,    1423929,    1423929
 9,    1273196,     61.0,     61.0,     61.0,    192.0,  9, 10, 11,  9,    1423929,    1423929,    1423929,    1423929
 9,    1273458,     55.0,     55.0,     55.0,    179.0,  1,  2,  3,  1,    1273458,    1273458,    1273458,    1273458
 9,    1273463,     58.0,     58.0,     58.0,    186.0,  9, 10, 11,  9,      80535,      80535,      80535,      80535
 9,    3776887,     29.0,     29.0,     29.0,     94.0,  1,  2,  3,  3,    1486633,    1486633,    1486633,    1486633
 9,    3761916,     34.0,     33.0,     33.0,    107.0,  9, 10, 11, 10,      74283,      74283,      74283,      74283
 9,    2569385,     22.0,     22.0,     23.0,     70.0,  9, 10, 11,  9,    2399494,    2399494,    2399494,    2399494
 9,    2569431,     23.0,     23.0,     23.0,     71.0,  9, 10, 11,  9,    2399494,    2399494,    2399494,    2399494
 9,    2569419,     22.0,     22.0,     22.0,     69.0,  9, 10, 11,  9,    2399494,    2399494,    2399494,    2399494
 9,    2569370,     21.0,     21.0,     22.0,     69.0,  9, 10, 11,  9,    2399494,    2399494,    2399494,    2399494
 9,    2569380,     22.0,     22.0,     22.0,     69.0,  9, 10, 11,  9,    2399494,    2399494,    2399494,    2399494
 9,    2569424,     22.0,     22.0,     23.0,     70.0,  9, 10, 11,  9,    2399494,    2399494,    2399494,    2399494
 9,    3100425,     16.0,     16.0,     16.0,     52.0,  1,  2,  3,  2,    3100425,    3100425,    3100425,    3100425
 9,    4194067,     61.0,     61.0,     61.0,    189.0,  9, 10, 11, 11,      80550,      80550,      80550,      80550
10,    2577888,     23.0,     23.0,     23.0,     73.0,  9, 10, 11,  9,    2403577,    2403577,    2403577,    2403577
10,    2069046,     23.0,     23.0,     23.0,     73.0,  9, 10, 11,  9,      74284,      74284,      74284,      74284
10,    2577983,     34.0,     34.0,     34.0,    108.0,  9, 10, 11,  9,    2403596,    2403596,    2403596,    2403596
10,    1476198,     30.0,     30.0,     29.0,     95.0,  1,  2,  3,  3,    1476198,    1476198,    1476198,    1476198
10,    2578109,     30.0,     30.0,     29.0,     95.0,  1,  2,  3,  3,    1486633,    1486633,    1486633,    1486633
10,    2580974,     59.0,     59.0,     59.0,    189.0,  9, 10, 11,  9,    1423929,    1423929,    1423929,    1423929
10,    1273369,     50.0,     50.0,     50.0,    163.0,  1,  2,  3,  1,      43262,      43262,      43262,    1273369
10,    1272738,     44.0,     44.0,     44.0,    142.0,  1,  2,  3,  1,    1272738,    1272738,    1272738,    1272738
10,    1272743,     45.0,     45.0,     45.0,    145.0,  1,  2,  3,  1,    1272743,    1272743,    1272743,    1272743
10,    1272723,     47.0,     47.0,     47.0,    147.0,  9, 10, 11,  9,    1423778,    1423778,    1423778,    1423778
10,    1272718,     46.0,     46.0,     46.0,    146.0,  9, 10, 11,  9,    1423777,    1423777,    1423777,    1423777
10,    1272728,     46.0,     46.0,     46.0,    145.0,  9, 10, 11,  9,    1423779,    1423779,    1423779,    1423779
10,    1272733,     46.0,     45.0,     45.0,    145.0,  9, 10, 11,  9,    1423780,    1423780,    1423780,    1423780
10,    1272767,     63.0,     63.0,     63.0,    193.0,  9, 10, 11, 10,      80519,      80519,      80519,      80519
10,    1272777,     49.0,     49.0,     49.0,    148.0,  9, 10, 11, 10,    1423792,    1423792,    1423792,    1423792
10,    1272797,     48.0,     48.0,     47.0,    146.0,  9, 10, 11, 11,    1423806,    1423806,    1423806,    1423806
10,    1272807,     47.0,     47.0,     47.0,    146.0,  9, 10, 11, 10,    1423807,    1423807,    1423807,    1423807
10,    1272817,     47.0,     46.0,     47.0,    144.0,  9, 10, 11, 10,    1423809,    1423809,    1423809,    1423809
10,    1272929,     49.0,     49.0,     49.0,    148.0,  9, 10, 11,  9,    1423844,    1423844,    1423844,    1423844
10,    1272919,     62.0,     63.0,     62.0,    192.0,  9, 10, 11,  9,      80547,      80547,      80547,      80547
10,    1273069,     34.0,     33.0,     34.0,    104.0,  9, 10, 11, 10,    1423910,    1423910,    1423910,    1423910
10,    2576577,     33.0,     33.0,     34.0,    104.0,  9, 10, 11,  9,    1423910,    1423910,    1423910,    1423910
10,    2576993,     33.0,     33.0,     34.0,    103.0,  9, 10, 11, 10,    1423910,    1423910,    1423910,    1423910
10,    2577022,     33.0,     33.0,     34.0,    103.0,  9, 10, 11, 10,    1423910,    1423910,    1423910,    1423910
10,    2581830,     33.0,     33.0,     33.0,    103.0,  9, 10, 11,  9,    1423910,    1423910,    1423910,    1423910
10,    1273034,     64.0,     65.0,     64.0,    195.0,  9, 10, 11,  9,      83163,      83163,      83163,      83163
10,    1273039,     63.0,     64.0,     63.0,    193.0,  9, 10, 11,  9,      83163,      83163,      83163,      83163
10,    1272787,     23.0,     23.0,     23.0,     72.0,  9, 10, 11,  9,    1423803,    1423803,    1423803,    1423803
10,    1273385,     47.0,     47.0,     47.0,    154.0,  1,  2,  3,  1,    1273385,    1273385,    1273385,    1273385
10,    1272133,     38.0,     38.0,     37.0,    121.0,  1,  2,  3,  3,    1272133,    1272133,    1272133,    1272133
10,    1272246,     44.0,     44.0,     44.0,    139.0,  9, 10, 11, 11,    1423470,    1423470,    1423470,    1423471
10,    2579454,     31.0,     30.0,     30.0,     98.0,  1,  2,  3,  3,    1272252,    1486633,    1486633,    1486633
10,    1272787,     23.0,     23.0,     23.0,     72.0,  9, 10, 11,  9,    1423803,    1423803,    1423803,    1423803
10,    1273020,     46.0,     46.0,     46.0,    145.0,  9, 10, 11,  9,    1423892,    1423892,    1423892,    1423892
10,    1273015,     47.0,     47.0,     47.0,    146.0,  9, 10, 11,  9,    1423891,    1423891,    1423891,    1423891
10,    1273186,     62.0,     62.0,     62.0,    193.0,  9, 10, 11,  9,    1423929,    1423929,    1423929,    1423929
10,    1273191,     62.0,     62.0,     62.0,    193.0,  9, 10, 11,  9,    1423929,    1423929,    1423929,    1423929
10,    1273196,     61.0,     61.0,     61.0,    193.0,  9, 10, 11,  9,    1423929,    1423929,    1423929,    1423929
10,    1273458,     55.0,     55.0,     55.0,    178.0,  1,  2,  3,  2,    1273458,    1272827,    1273458,    1273458
10,    1273463,     58.0,     58.0,     58.0,    186.0,  9, 10, 11,  9,      80535,      80535,      80535,      80535
10,    3776887,     29.0,     29.0,     29.0,     94.0,  1,  2,  3,  3,    1486633,    1486633,    1486633,    1486633
10,    3761916,     33.0,     33.0,     33.0,    107.0, 12, 10, 11, 10,      74283,      74283,      74283,      74283
10,    2569385,     22.0,     22.0,     22.0,     69.0,  9, 10, 11, 10,    2399494,    2399494,    2399494,    2399494
10,    2569431,     23.0,     23.0,     23.0,     70.0,  9, 10, 11,  9,    2399494,    2399494,    2399494,    2399494
10,    2569419,     22.0,     22.0,     22.0,     69.0,  9, 10, 11,  9,    2399494,    2399494,    2399494,    2399494
10,    2569370,     21.0,     21.0,     21.0,     68.0,  9, 10, 11, 10,    2399494,    2399494,    2399494,    2399494
10,    2569380,     22.0,     22.0,     22.0,     69.0,  9, 10, 11,  9,    2399494,    2399494,    2399494,    2399494
10,    2569424,     22.0,     22.0,     22.0,     69.0,  9, 10, 11, 10,    2399494,    2399494,    2399494,    2399494
10,    3100425,     16.0,     16.0,     16.0,     51.0,  1,  2,  3,  3,    3100425,    3100425,    3100425,    3100425
10,    4194067,     61.0,     61.0,     60.0,    188.0,  9, 10, 11, 11,      80550,      80550,      80550,      80550
11,    2577888,     23.0,     23.0,     23.0,     73.0,  9, 10, 11,  9,    2403577,    2403577,    2403577,    2403577
11,    2069046,     23.0,     23.0,     23.0,     73.0,  9, 10, 11,  9,      74284,      74284,      74284,      74284
11,    2577983,     34.0,     34.0,     34.0,    108.0,  9, 10, 11,  9,    2403596,    2403596,    2403596,    2403596
11,    1476198,     29.0,     29.0,     29.0,     95.0,  1,  2,  3,  3,    1476198,    1476198,    1476198,    1476198
11,    2578109,     29.0,     29.0,     29.0,     95.0,  1,  2,  3,  3,    1486633,    1486633,    1486633,    1486633
11,    2580974,     59.0,     59.0,     59.0,    189.0,  9, 10, 11,  9,    1423929,    1423929,    1423929,    1423929
11,    1273369,     50.0,     50.0,     50.0,    163.0,  1,  2,  3,  1,      43262,      43262,      43262,    1273369
11,    1272738,     44.0,     43.0,     44.0,    141.0,  1,  2,  3,  2,    1272738,    1272738,    1272738,    1272738
11,    1272743,     45.0,     44.0,     45.0,    145.0,  1,  2,  3,  1,    1272743,    1272743,    1272743,    1272743
11,    1272723,     47.0,     47.0,     47.0,    147.0,  9, 10, 11,  9,    1423778,    1423778,    1423778,    1423778
11,    1272718,     46.0,     46.0,     46.0,    146.0,  9, 10, 11,  9,    1423777,    1423777,    1423777,    1423777
11,    1272728,     46.0,     46.0,     46.0,    145.0,  9, 10, 11,  9,    1423779,    1423779,    1423779,    1423779
11,    1272733,     45.0,     45.0,     45.0,    145.0,  9, 10, 11,  9,    1423780,    1423780,    1423780,    1423780
11,    1272767,     63.0,     63.0,     63.0,    193.0,  9, 10, 11,  9,      80519,      80519,      80519,      80519
11,    1272777,     49.0,     49.0,     49.0,    148.0,  9, 10, 11,  9,    1423792,    1423792,    1423792,    1423792
11,    1272797,     47.0,     48.0,     47.0,    147.0,  9, 10, 11,  9,    1423806,    1423806,    1423806,    1423806
11,    1272807,     47.0,     47.0,     47.0,    145.0,  9, 10, 11, 10,    1423807,    1423807,    1423807,    1423807
11,    1272817,     47.0,     46.0,     47.0,    144.0,  9, 10, 11, 10,    1423809,    1423809,    1423809,    1423809
11,    1272929,     49.0,     49.0,     49.0,    149.0,  9, 10, 11,  9,    1423844,    1423844,    1423844,    1423844
11,    1272919,     63.0,     63.0,     62.0,    193.0,  9, 10, 11, 11,      80547,      80547,      80547,      80547
11,    1273069,     34.0,     33.0,     34.0,    103.0,  9, 10, 11, 10,    1423910,    1423910,    1423910,    1423910
11,    2576577,     34.0,     33.0,     34.0,    103.0,  9, 10, 11, 10,    1423910,    1423910,    1423910,    1423910
11,    2576993,     34.0,     33.0,     34.0,    103.0,  9, 10, 11, 10,    1423910,    1423910,    1423910,    1423910
11,    2577022,     34.0,     33.0,     34.0,    103.0,  9, 10, 11, 10,    1423910,    1423910,    1423910,    1423910
11,    2581830,     33.0,     32.0,     33.0,    102.0,  9, 10, 11, 10,    1423910,    1423910,    1423910,    1423910
11,    1273034,     64.0,     64.0,     64.0,    195.0,  9, 10, 11, 11,      83163,      83163,      83163,      83163
11,    1273039,     63.0,     63.0,     63.0,    194.0,  9, 10, 11,  9,      83163,      83163,      83163,      83163
11,    1272787,     23.0,     23.0,     23.0,     72.0,  9, 10, 11,  9,    1423803,    1423803,    1423803,    1423803
11,    1273385,     47.0,     47.0,     47.0,    154.0,  1,  2,  3,  1,    1273385,      43262,    1273385,    1273385
11,    1272133,     37.0,     37.0,     37.0,    121.0,  1,  2,  3,  3,    1272133,    1272133,    1272133,    1272133
11,    1272246,     44.0,     44.0,     44.0,    139.0,  9, 10, 11, 11,    1423470,    1423471,    1423470,    1423471
11,    2579454,     30.0,     30.0,     30.0,     98.0,  1,  2,  3,  3,    1486633,    1486633,    1486633,    1486633
11,    1272787,     23.0,     23.0,     23.0,     72.0,  9, 10, 11,  9,    1423803,    1423803,    1423803,    1423803
11,    1273020,     46.0,     46.0,     46.0,    143.0,  9, 10, 11,  9,    1423892,    1423892,    1423892,    1423892
11,    1273015,     47.0,     47.0,     47.0,    146.0,  9, 10, 11,  9,    1423891,    1423891,    1423891,    1423891
11,    1273186,     62.0,     62.0,     62.0,    193.0,  9, 10, 11,  9,    1423929,    1423929,    1423929,    1423929
11,    1273191,     62.0,     62.0,     62.0,    193.0,  9, 10, 11,  9,    1423929,    1423929,    1423929,    1423929
11,    1273196,     61.0,     61.0,     61.0,    193.0,  9, 10, 11,  9,    1423929,    1423929,    1423929,    1423929
11,    1273458,     55.0,     55.0,     55.0,    177.0,  1,  2,  3,  3,    1273458,    1272827,    1272827,    1273458
11,    1273463,     58.0,     58.0,     58.0,    184.0,  9, 10, 11, 11,      80535,      80535,      80535,      80535
11,    3776887,     29.0,     29.0,     29.0,     93.0,  1,  2,  3,  3,    1486633,    1486633,    1486633,    1486633
11,    3761916,     33.0,     33.0,     33.0,    107.0,  9, 10, 11,  9,      74283,      74283,      74283,      74283
11,    2569385,     22.0,     22.0,     22.0,     69.0,  9, 10, 11, 10,    2399494,    2399494,    2399494,    2399494
11,    2569431,     23.0,     22.0,     23.0,     70.0,  9, 10, 11, 10,    2399494,    2399494,    2399494,    2399494
11,    2569419,     22.0,     22.0,     22.0,     68.0,  9, 10, 11, 10,    2399494,    2399494,    2399494,    2399494
11,    2569370,     22.0,     21.0,     21.0,     68.0,  9, 10, 11, 10,    2399494,    2399494,    2399494,    2399494
11,    2569380,     22.0,     22.0,     22.0,     68.0,  9, 10, 11, 10,    2399494,    2399494,    2399494,    2399494
11,    2569424,     22.0,     22.0,     22.0,     69.0,  9, 10, 11, 10,    2399494,    2399494,    2399494,    2399494
11,    3100425,     16.0,     16.0,     16.0,     51.0,  1,  2,  3,  3,    3100425,    3100425,    3100425,    3100425
11,    4194067,     60.0,     61.0,     60.0,    188.0,  9, 10, 11,  9,      80550,      80550,      80550,      80550
12,    2577888,     23.0,     23.0,     23.0,     73.0,  9, 10, 11,  9,    2403577,    2403577,    2403577,    2403577
12,    2069046,     23.0,     23.0,     23.0,     73.0,  9, 10, 11,  9,      74284,      74284,      74284,      74284
12,    2577983,     34.0,     34.0,     34.0,    108.0,  9, 10, 11,  9,    2403596,    2403596,    2403596,    2403596
12,    1476198,     29.0,     29.0,     29.0,     93.0,  1,  2,  3,  3,    1476198,    1476198,    1476198,    1476198
12,    2578109,     29.0,     29.0,     29.0,     93.0,  1,  2,  3,  3,    1486633,    1486633,    1486633,    1486633
12,    2580974,     59.0,     59.0,     59.0,    189.0,  9, 10, 11,  9,    1423929,    1423929,    1423929,    1423929
12,    1273369,     50.0,     50.0,     50.0,    163.0,  1,  2,  3,  1,      43262,      43262,      43262,    1273369
12,    1272738,     44.0,     43.0,     44.0,    141.0,  1,  2,  3,  2,    1272738,    1272738,    1272738,    1272738
12,    1272743,     45.0,     44.0,     45.0,    145.0,  1,  2,  3,  1,    1272743,    1272743,    1272743,    1272743
12,    1272723,     47.0,     47.0,     47.0,    147.0,  9, 10, 11,  9,    1423778,    1423778,    1423778,    1423778
12,    1272718,     46.0,     46.0,     46.0,    146.0,  9, 10, 11,  9,    1423777,    1423777,    1423777,    1423777
12,    1272728,     46.0,     46.0,     46.0,    145.0,  9, 10, 11,  9,    1423779,    1423779,    1423779,    1423779
12,    1272733,     46.0,     45.0,     45.0,    145.0,  9, 10, 11,  9,    1423780,    1423780,    1423780,    1423780
12,    1272767,     63.0,     63.0,     63.0,    193.0,  9, 10, 11,  9,      80519,      80519,      80519,      80519
12,    1272777,     49.0,     49.0,     49.0,    149.0,  9, 10, 11,  9,    1423792,    1423792,    1423792,    1423792
12,    1272797,     47.0,     48.0,     47.0,    146.0,  9, 10, 11,  9,    1423806,    1423806,    1423806,    1423806
12,    1272807,     47.0,     47.0,     47.0,    146.0,  9, 10, 11, 10,    1423807,    1423807,    1423807,    1423807
12,    1272817,     47.0,     47.0,     47.0,    146.0,  9, 10, 11,  9,    1423809,    1423809,    1423809,    1423809
12,    1272929,     49.0,     49.0,     49.0,    148.0,  9, 10, 11, 11,    1423844,    1423844,    1423844,    1423844
12,    1272919,     63.0,     62.0,     62.0,    192.0,  9, 10, 11, 10,      80547,      80547,      80547,      80547
12,    1273069,     34.0,     34.0,     34.0,    106.0,  9, 10, 11, 10,    1423910,    1423910,    1423910,    1423910
12,    2576577,     34.0,     34.0,     34.0,    106.0,  9, 10, 11,  9,    1423910,    1423910,    1423910,    1423910
12,    2576993,     34.0,     34.0,     34.0,    105.0,  9, 10, 11, 10,    1423910,    1423910,    1423910,    1423910
12,    2577022,     34.0,     34.0,     34.0,    105.0,  9, 10, 11, 10,    1423910,    1423910,    1423910,    1423910
12,    2581830,     33.0,     33.0,     33.0,    105.0,  9, 10, 11,  9,    1423910,    1423910,    1423910,    1423910
12,    1273034,     64.0,     65.0,     64.0,    195.0,  9, 10, 11, 11,      83163,      83163,      83163,      83163
12,    1273039,     64.0,     64.0,     63.0,    194.0,  9, 10, 11, 11,      83163,      83163,      83163,      83163
12,    1272787,     23.0,     23.0,     23.0,     72.0,  9, 10, 11,  9,    1423803,    1423803,    1423803,    1423803
12,    1273385,     47.0,     47.0,     47.0,    154.0,  1,  2,  3,  1,    1273385,      43262,    1273385,    1273385
12,    1272133,     37.0,     37.0,     37.0,    119.0,  1,  2,  3,  3,    1272133,    1272133,    1272133,    1272133
12,    1272246,     44.0,     43.0,     43.0,    137.0,  9, 10, 11, 11,    1423471,    1423471,    1423471,    1423471
12,    2579454,     30.0,     30.0,     29.0,     96.0,  1,  2,  3,  2,    1486633,    1272252,    1486633,    1486633
12,    1272787,     23.0,     23.0,     23.0,     72.0,  9, 10, 11,  9,    1423803,    1423803,    1423803,    1423803
12,    1273020,     46.0,     46.0,     46.0,    143.0,  9, 10, 11,  9,    1423892,    1423892,    1423892,    1423892
12,    1273015,     47.0,     47.0,     47.0,    146.0,  9, 10, 11,  9,    1423891,    1423891,    1423891,    1423891
12,    1273186,     62.0,     62.0,     62.0,    193.0,  9, 10, 11,  9,    1423929,    1423929,    1423929,    1423929
12,    1273191,     62.0,     62.0,     62.0,    193.0,  9, 10, 11,  9,    1423929,    1423929,    1423929,    1423929
12,    1273196,     61.0,     61.0,     61.0,    193.0,  9, 10, 11,  9,    1423929,    1423929,    1423929,    1423929
12,    1273458,     55.0,     55.0,     55.0,    178.0,  1,  2,  3,  3,    1273458,    1273458,    1272827,    1273458
12,    1273463,     58.0,     58.0,     58.0,    185.0,  9, 10, 11, 11,      80535,      80535,      80535,      80535
12,    3776887,     29.0,     28.0,     28.0,     92.0,  1,  2,  3,  2,    1486633,    1486633,    1486633,    1486633
12,    3761916,     33.0,     33.0,     33.0,    107.0, 12, 10, 11, 10,    2403596,      74283,      74283,      74283
12,    2569385,     22.0,     22.0,     22.0,     67.0,  9, 10, 11,  9,    2399494,    2399494,    2399494,    2399494
12,    2569431,     22.0,     23.0,     22.0,     68.0,  9, 10, 11,  9,    2399494,    2399494,    2399494,    2399494
12,    2569419,     21.0,     22.0,     21.0,     67.0,  9, 10, 11,  9,    2399494,    2399494,    2399494,    2399494
12,    2569370,     21.0,     21.0,     21.0,     66.0,  9, 10, 11,  9,    2399494,    2399494,    2399494,    2399494
12,    2569380,     21.0,     22.0,     22.0,     67.0,  9, 10, 11,  9,    2399494,    2399494,    2399494,    2399494
12,    2569424,     21.0,     22.0,     22.0,     67.0,  9, 10, 11,  9,    2399494,    2399494,    2399494,    2399494
12,    3100425,     16.0,     16.0,     15.0,     50.0,  1,  2,  3,  3,    3100425,    3100425,    3100425,    3100425
12,    4194067,     60.0,     60.0,     60.0,    185.0,  9, 10, 11, 11,      80550,      80550,      80550,      80550
13,    2577888,     23.0,     23.0,     23.0,     73.0,  9, 10, 11,  9,    2403577,    2403577,    2403577,    2403577
13,    2069046,     23.0,     23.0,     23.0,     73.0,  9, 10, 11,  9,      74284,      74284,      74284,      74284
13,    2577983,     34.0,     34.0,     34.0,    108.0,  9, 10, 11,  9,    2403596,    2403596,    2403596,    2403596
13,    1476198,     29.0,     29.0,     29.0,     94.0,  1,  2,  3,  2,    1476198,    1476198,    1476198,    1476198
13,    2578109,     29.0,     29.0,     29.0,     94.0,  1,  2,  3,  2,    1486633,    1486633,    1486633,    1486633
13,    2580974,     59.0,     59.0,     59.0,    189.0,  9, 10, 11,  9,    1423929,    1423929,    1423929,    1423929
13,    1273369,     50.0,     50.0,     50.0,    163.0,  1,  2,  3,  1,      43262,      43262,      43262,    1273369
13,    1272738,     44.0,     44.0,     44.0,    142.0,  1,  2,  3,  1,    1272738,    1272738,    1272738,    1272738
13,    1272743,     45.0,     45.0,     45.0,    145.0,  1,  2,  3,  1,    1272743,    1272743,    1272743,    1272743
13,    1272723,     47.0,     47.0,     47.0,    147.0,  9, 10, 11,  9,    1423778,    1423778,    1423778,    1423778
13,    1272718,     46.0,     46.0,     46.0,    146.0,  9, 10, 11,  9,    1423777,    1423777,    1423777,    1423777
13,    1272728,     46.0,     46.0,     46.0,    145.0,  9, 10, 11,  9,    1423779,    1423779,    1423779,    1423779
13,    1272733,     46.0,     45.0,     46.0,    145.0,  9, 10, 11,  9,    1423780,    1423780,    1423780,    1423780
13,    1272767,     63.0,     63.0,     63.0,    194.0,  9, 10, 11,  9,      80519,      80519,      80519,      80519
13,    1272777,     49.0,     49.0,     49.0,    149.0,  9, 10, 11,  9,    1423792,    1423792,    1423792,    1423792
13,    1272797,     47.0,     47.0,     48.0,    145.0,  9, 10, 11,  9,    1423806,    1423806,    1423806,    1423806
13,    1272807,     47.0,     47.0,     47.0,    146.0,  9, 10, 11, 10,    1423807,    1423807,    1423807,    1423807
13,    1272817,     47.0,     47.0,     47.0,    146.0,  9, 10, 11,  9,    1423809,    1423809,    1423809,    1423809
13,    1272929,     49.0,     49.0,     48.0,    148.0,  9, 10, 11, 11,    1423844,    1423844,    1423844,    1423844
13,    1272919,     63.0,     62.0,     62.0,    192.0,  9, 10, 11, 10,      80547,      80547,      80547,      80547
13,    1273069,     35.0,     34.0,     34.0,    105.0,  9, 10, 11, 11,      83151,    1423910,    1423910,    1423910
13,    2576577,     34.0,     34.0,     34.0,    105.0,  9, 10, 11, 11,    1423910,    1423910,    1423910,    1423910
13,    2576993,     34.0,     34.0,     33.0,    104.0,  9, 10, 11, 11,    1423910,    1423910,    1423910,    1423910
13,    2577022,     34.0,     34.0,     33.0,    104.0,  9, 10, 11, 11,    1423910,    1423910,    1423910,    1423910
13,    2581830,     34.0,     33.0,     33.0,    103.0,  9, 10, 11, 11,    1423910,    1423910,    1423910,    1423910
13,    1273034,     65.0,     65.0,     64.0,    195.0,  9, 10, 11, 11,      83163,      83163,      83163,      83163
13,    1273039,     64.0,     64.0,     63.0,    194.0,  9, 10, 11, 11,      83163,      83163,      83163,      83163
13,    1272787,     23.0,     23.0,     23.0,     72.0,  9, 10, 11,  9,    1423803,    1423803,    1423803,    1423803
13,    1273385,     47.0,     47.0,     47.0,    154.0,  1,  2,  3,  1,    1273385,    1273385,    1273385,    1273385
13,    1272133,     37.0,     37.0,     37.0,    120.0,  1,  2,  3,  2,    1272133,    1272133,    1272133,    1272133
13,    1272246,     44.0,     43.0,     44.0,    139.0,  9, 10, 11, 10,    1423470,    1423471,    1423470,    1423471
13,    2579454,     30.0,     30.0,     30.0,     97.0,  1,  2,  3,  2,    1486633,    1272252,    1486633,    1486633
13,    1272787,     23.0,     23.0,     23.0,     72.0,  9, 10, 11,  9,    1423803,    1423803,    1423803,    1423803
13,    1273020,     46.0,     46.0,     46.0,    143.0,  9, 10, 11, 11,    1423892,    1423892,    1423892,    1423892
13,    1273015,     47.0,     47.0,     47.0,    146.0,  9, 10, 11,  9,    1423891,    1423891,    1423891,    1423891
13,    1273186,     62.0,     62.0,     62.0,    193.0,  9, 10, 11,  9,    1423929,    1423929,    1423929,    1423929
13,    1273191,     62.0,     62.0,     62.0,    193.0,  9, 10, 11,  9,    1423929,    1423929,    1423929,    1423929
13,    1273196,     61.0,     61.0,     61.0,    193.0,  9, 10, 11,  9,    1423929,    1423929,    1423929,    1423929
13,    1273458,     55.0,     55.0,     55.0,    177.0,  1,  2,  3,  3,    1273458,    1273458,    1272827,    1273458
13,    1273463,     58.0,     58.0,     57.0,    184.0,  9, 10, 11, 11,      80535,      80535,      80535,      80535
13,    3776887,     29.0,     28.0,     29.0,     92.0,  1,  2,  3,  2,    1486633,    1486633,    1486633,    1486633
13,    3761916,     33.0,     33.0,     33.0,    107.0,  9, 10, 11,  9,      74283,      74283,      74283,      74283
13,    2569385,     22.0,     22.0,     22.0,     69.0,  9, 10, 11,  9,    2399494,    2399494,    2399494,    2399494
13,    2569431,     22.0,     22.0,     22.0,     69.0,  9, 10, 11,  9,    2399494,    2399494,    2399494,    2399494
13,    2569419,     21.0,     21.0,     22.0,     68.0,  9, 10, 11,  9,    2399494,    2399494,    2399494,    2399494
13,    2569370,     21.0,     21.0,     21.0,     67.0,  9, 10, 11,  9,    2399494,    2399494,    2399494,    2399494
13,    2569380,     21.0,     22.0,     22.0,     68.0,  9, 10, 11,  9,    2399494,    2399494,    2399494,    2399494
13,    2569424,     22.0,     22.0,     22.0,     68.0,  9, 10, 11,  9,    2399494,    2399494,    2399494,    2399494
13,    3100425,     16.0,     16.0,     16.0,     51.0,  1,  2,  3,  2,    3100425,    3100425,    3100425,    3100425
13,    4194067,     61.0,     60.0,     60.0,    187.0,  9, 10, 11, 10,      80550,      80550,      80550,      80550
14,    2577888,     23.0,     23.0,     23.0,     73.0,  9, 10, 11,  9,    2403577,    2403577,    2403577,    2403577
14,    2069046,     23.0,     23.0,     23.0,     73.0,  9, 10, 11,  9,      74284,      74284,      74284,      74284
14,    2577983,     34.0,     34.0,     34.0,    108.0,  9, 10, 11,  9,    2403596,    2403596,    2403596,    2403596
14,    1476198,     29.0,     29.0,     29.0,     95.0,  1,  2,  3,  2,    1476198,    1476198,    1476198,    1476198
14,    2578109,     29.0,     29.0,     29.0,     95.0,  1,  2,  3,  2,    1486633,    1486633,    1486633,    1486633
14,    2580974,     59.0,     59.0,     59.0,    189.0,  9, 10, 11,  9,    1423929,    1423929,    1423929,    1423929
14,    1273369,     50.0,     50.0,     50.0,    163.0,  1,  2,  3,  1,      43262,      43262,      43262,    1273369
14,    1272738,     44.0,     44.0,     44.0,    142.0,  1,  2,  3,  1,    1272738,    1272738,    1272738,    1272738
14,    1272743,     45.0,     45.0,     45.0,    145.0,  1,  2,  3,  1,    1272743,    1272743,    1272743,    1272743
14,    1272723,     47.0,     47.0,     47.0,    147.0,  9, 10, 11,  9,    1423778,    1423778,    1423778,    1423778
14,    1272718,     46.0,     46.0,     46.0,    146.0,  9, 10, 11,  9,    1423777,    1423777,    1423777,    1423777
14,    1272728,     46.0,     46.0,     46.0,    145.0,  9, 10, 11,  9,    1423779,    1423779,    1423779,    1423779
14,    1272733,     46.0,     46.0,     46.0,    145.0,  9, 10, 11,  9,    1423780,    1423780,    1423780,    1423780
14,    1272767,     63.0,     63.0,     63.0,    194.0,  9, 10, 11,  9,      80519,      80519,      80519,      80519
14,    1272777,     49.0,     49.0,     49.0,    149.0,  9, 10, 11,  9,    1423792,    1423792,    1423792,    1423792
14,    1272797,     47.0,     48.0,     47.0,    146.0,  9, 10, 11,  9,    1423806,    1423806,    1423806,    1423806
14,    1272807,     48.0,     47.0,     47.0,    146.0,  9, 10, 11, 10,    1423807,    1423807,    1423807,    1423807
14,    1272817,     47.0,     47.0,     47.0,    146.0,  9, 10, 11, 10,    1423809,    1423809,    1423809,    1423809
14,    1272929,     49.0,     49.0,     49.0,    148.0,  9, 10, 11, 11,    1423844,    1423844,    1423844,    1423844
14,    1272919,     63.0,     62.0,     62.0,    193.0,  9, 10, 11, 10,      80547,      80547,      80547,      80547
14,    1273069,     35.0,     35.0,     35.0,    107.0,  9, 10, 11,  9,      83151,      83151,      83151,    1423910
14,    2576577,     34.0,     34.0,     35.0,    107.0,  9, 10, 11,  9,    1423910,    1423910,    1423910,    1423910
14,    2576993,     34.0,     34.0,     34.0,    107.0,  9, 10, 11,  9,    1423910,    1423910,    1423910,    1423910
14,    2577022,     34.0,     34.0,     34.0,    107.0,  9, 10, 11,  9,    1423910,    1423910,    1423910,    1423910
14,    2581830,     34.0,     34.0,     34.0,    106.0,  9, 10, 11,  9,    1423910,    1423910,    1423910,    1423910
14,    1273034,     65.0,     65.0,     64.0,    196.0,  9, 10, 11, 11,      83163,      83163,      83163,      83163
14,    1273039,     64.0,     64.0,     63.0,    195.0,  9, 10, 11,  9,      83163,      83163,      83163,      83163
14,    1272787,     23.0,     23.0,     23.0,     72.0,  9, 10, 11,  9,    1423803,    1423803,    1423803,    1423803
14,    1273385,     47.0,     47.0,     48.0,    154.0,  1,  2,  3,  1,    1273385,    1273385,      43262,    1273385
14,    1272133,     37.0,     37.0,     37.0,    121.0,  1,  2,  3,  3,    1272133,    1272133,    1272133,    1272133
14,    1272246,     44.0,     44.0,     44.0,    140.0,  9, 10, 11,  9,    1423470,    1423471,    1423470,    1423471
14,    2579454,     30.0,     30.0,     30.0,     98.0,  1,  2,  3,  2,    1486633,    1486633,    1486633,    1486633
14,    1272787,     23.0,     23.0,     23.0,     72.0,  9, 10, 11,  9,    1423803,    1423803,    1423803,    1423803
14,    1273020,     46.0,     46.0,     45.0,    142.0,  9, 10, 11, 11,    1423892,    1423892,    1423892,    1423892
14,    1273015,     47.0,     47.0,     47.0,    146.0,  9, 10, 11,  9,    1423891,    1423891,    1423891,    1423891
14,    1273186,     62.0,     62.0,     62.0,    193.0,  9, 10, 11,  9,    1423929,    1423929,    1423929,    1423929
14,    1273191,     62.0,     62.0,     62.0,    193.0,  9, 10, 11,  9,    1423929,    1423929,    1423929,    1423929
14,    1273196,     61.0,     61.0,     61.0,    193.0,  9, 10, 11,  9,    1423929,    1423929,    1423929,    1423929
14,    1273458,     55.0,     55.0,     55.0,    179.0,  1,  2,  3,  2,    1273458,    1273458,    1273458,    1273458
14,    1273463,     58.0,     58.0,     58.0,    186.0,  9, 10, 11,  9,      80535,      80535,      80535,      80535
14,    3776887,     29.0,     29.0,     29.0,     94.0,  1,  2,  3,  2,    1486633,    1486633,    1486633,    1486633
14,    3761916,     33.0,     33.0,     33.0,    107.0,  9, 10, 11,  9,      74283,      74283,      74283,      74283
14,    2569385,     22.0,     22.0,     22.0,     68.0,  9, 10, 11,  9,    2399494,    2399494,    2399494,    2399494
14,    2569431,     22.0,     23.0,     23.0,     69.0,  9, 10, 11,  9,    2399494,    2399494,    2399494,    2399494
14,    2569419,     21.0,     22.0,     22.0,     68.0,  9, 10, 11,  9,    2399494,    2399494,    2399494,    2399494
14,    2569370,     21.0,     21.0,     22.0,     67.0,  9, 10, 11,  9,    2399494,    2399494,    2399494,    2399494
14,    2569380,     21.0,     22.0,     22.0,     68.0,  9, 10, 11,  9,    2399494,    2399494,    2399494,    2399494
14,    2569424,     22.0,     22.0,     22.0,     68.0,  9, 10, 11,  9,    2399494,    2399494,    2399494,    2399494
14,    3100425,     16.0,     16.0,     16.0,     51.0,  1,  2,  3,  3,    3100425,    3100425,    3100425,    3100425
14,    4194067,     61.0,     61.0,     60.0,    187.0,  9, 10, 11, 11,      80550,      80550,      80550,      80550
15,    2577888,     23.0,     23.0,     23.0,     73.0,  9, 10, 11,  9,    2403577,    2403577,    2403577,    2403577
15,    2069046,     23.0,     23.0,     23.0,     73.0,  9, 10, 11,  9,      74284,      74284,      74284,      74284
15,    2577983,     34.0,     34.0,     34.0,    108.0,  9, 10, 11,  9,    2403596,    2403596,    2403596,    2403596
15,    1476198,     29.0,     29.0,     29.0,     95.0,  1,  2,  3,  2,    1476198,    1476198,    1476198,    1476198
15,    2578109,     29.0,     29.0,     29.0,     95.0,  1,  2,  3,  2,    1486633,    1486633,    1486633,    1486633
15,    2580974,     59.0,     59.0,     59.0,    189.0,  9, 10, 11,  9,    1423929,    1423929,    1423929,    1423929
15,    1273369,     50.0,     50.0,     50.0,    163.0,  1,  2,  3,  1,      43262,      43262,      43262,    1273369
15,    1272738,     44.0,     44.0,     44.0,    142.0,  1,  2,  3,  1,    1272738,    1272738,    1272738,    1272738
15,    1272743,     45.0,     45.0,     45.0,    145.0,  1,  2,  3,  1,    1272743,    1272743,    1272743,    1272743
15,    1272723,     47.0,     47.0,     47.0,    147.0,  9, 10, 11,  9,    1423778,    1423778,    1423778,    1423778
15,    1272718,     46.0,     46.0,     46.0,    146.0,  9, 10, 11,  9,    1423777,    1423777,    1423777,    1423777
15,    1272728,     46.0,     46.0,     46.0,    145.0,  9, 10, 11,  9,    1423779,    1423779,    1423779,    1423779
15,    1272733,     46.0,     46.0,     46.0,    145.0,  9, 10, 11,  9,    1423780,    1423780,    1423780,    1423780
15,    1272767,     63.0,     63.0,     63.0,    194.0,  9, 10, 11,  9,      80519,      80519,      80519,      80519
15,    1272777,     49.0,     49.0,     49.0,    150.0,  9, 10, 11,  9,    1423792,    1423792,    1423792,    1423792
15,    1272797,     47.0,     48.0,     48.0,    146.0,  9, 10, 11,  9,    1423806,    1423806,    1423806,    1423806
15,    1272807,     47.0,     47.0,     47.0,    146.0,  9, 10, 11, 10,    1423807,    1423807,    1423807,    1423807
15,    1272817,     47.0,     47.0,     47.0,    146.0,  9, 10, 11, 10,    1423809,    1423809,    1423809,    1423809
15,    1272929,     49.0,     49.0,     49.0,    149.0,  9, 10, 11,  9,    1423844,    1423844,    1423844,    1423844
15,    1272919,     63.0,     62.0,     63.0,    192.0,  9, 10, 11, 10,      80547,      80547,      80547,      80547
15,    1273069,     35.0,     34.0,     34.0,    107.0,  9, 10, 11, 10,      83151,    1423910,    1423910,    1423910
15,    2576577,     35.0,     34.0,     34.0,    106.0,  9, 10, 11, 10,    1423910,    1423910,    1423910,    1423910
15,    2576993,     34.0,     34.0,     34.0,    106.0,  9, 10, 11, 10,    1423910,    1423910,    1423910,    1423910
15,    2577022,     34.0,     34.0,     34.0,    106.0,  9, 10, 11, 10,    1423910,    1423910,    1423910,    1423910
15,    2581830,     34.0,     33.0,     33.0,    105.0,  9, 10, 11, 10,    1423910,    1423910,    1423910,    1423910
15,    1273034,     65.0,     65.0,     64.0,    197.0,  9, 10, 11,  9,      83163,      83163,      83163,      83163
15,    1273039,     64.0,     64.0,     64.0,    195.0,  9, 10, 11,  9,      83163,      83163,      83163,      83163
15,    1272787,     23.0,     23.0,     23.0,     72.0,  9, 10, 11,  9,    1423803,    1423803,    1423803,    1423803
15,    1273385,     47.0,     47.0,     47.0,    154.0,  1,  2,  3,  1,    1273385,    1273385,    1273385,    1273385
15,    1272133,     37.0,     37.0,     37.0,    121.0,  1,  2,  3,  2,    1272133,    1272133,    1272133,    1272133
15,    1272246,     44.0,     44.0,     44.0,    139.0,  9, 10, 11, 10,    1423470,    1423471,    1423470,    1423471
15,    2579454,     30.0,     30.0,     30.0,     98.0,  1,  2,  3,  2,    1486633,    1486633,    1486633,    1486633
15,    1272787,     23.0,     23.0,     23.0,     72.0,  9, 10, 11,  9,    1423803,    1423803,    1423803,    1423803
15,    1273020,     46.0,     46.0,     45.0,    142.0,  9, 10, 11, 11,    1423892,    1423892,    1423892,    1423892
15,    1273015,     47.0,     47.0,     47.0,    146.0,  9, 10, 11,  9,    1423891,    1423891,    1423891,    1423891
15,    1273186,     62.0,     62.0,     62.0,    193.0,  9, 10, 11,  9,    1423929,    1423929,    1423929,    1423929
15,    1273191,     62.0,     62.0,     62.0,    193.0,  9, 10, 11,  9,    1423929,    1423929,    1423929,    1423929
15,    1273196,     61.0,     61.0,     61.0,    193.0,  9, 10, 11,  9,    1423929,    1423929,    1423929,    1423929
15,    1273458,     56.0,     55.0,     55.0,    179.0,  1,  2,  3,  3,    1272827,    1273458,    1273458,    1273458
15,    1273463,     58.0,     58.0,     58.0,    186.0,  9, 10, 11, 10,      80535,      80535,      80535,      80535
15,    3776887,     29.0,     29.0,     29.0,     93.0,  1,  2,  3,  2,    1486633,    1486633,    1486633,    1486633
15,    3761916,     33.0,     33.0,     33.0,    107.0,  9, 10, 11,  9,      74283,      74283,      74283,      74283
15,    2569385,     22.0,     22.0,     23.0,     69.0,  9, 10, 11, 10,    2399494,    2399494,    2399494,    2399494
15,    2569431,     23.0,     22.0,     23.0,     69.0,  9, 10, 11, 10,    2399494,    2399494,    2399494,    2399494
15,    2569419,     22.0,     21.0,     22.0,     68.0,  9, 10, 11, 10,    2399494,    2399494,    2399494,    2399494
15,    2569370,     22.0,     21.0,     22.0,     67.0,  9, 10, 11, 10,    2399494,    2399494,    2399494,    2399494
15,    2569380,     22.0,     22.0,     22.0,     68.0,  9, 10, 11, 10,    2399494,    2399494,    2399494,    2399494
15,    2569424,     22.0,     22.0,     22.0,     69.0,  9, 10, 11, 10,    2399494,    2399494,    2399494,    2399494
15,    3100425,     16.0,     16.0,     16.0,     51.0,  1,  2,  3,  2,    3100425,    3100425,    3100425,    3100425
15,    4194067,     61.0,     60.0,     60.0,    187.0,  9, 10, 11, 11,      80550,      80550,      80550,      80550
16,    2577888,     23.0,     23.0,     23.0,     73.0,  9, 10, 11,  9,    2403577,    2403577,    2403577,    2403577
16,    2069046,     23.0,     23.0,     23.0,     73.0,  9, 10, 11,  9,      74284,      74284,      74284,      74284
16,    2577983,     34.0,     34.0,     34.0,    108.0,  9, 10, 11,  9,    2403596,    2403596,    2403596,    2403596
16,    1476198,     29.0,     29.0,     30.0,     95.0,  1,  2,  3,  2,    1476198,    1476198,    1476198,    1476198
16,    2578109,     29.0,     29.0,     30.0,     95.0,  1,  2,  3,  2,    1486633,    1486633,    1486633,    1486633
16,    2580974,     59.0,     59.0,     59.0,    189.0,  9, 10, 11,  9,    1423929,    1423929,    1423929,    1423929
16,    1273369,     50.0,     50.0,     50.0,    163.0,  1,  2,  3,  1,      43262,      43262,      43262,    1273369
16,    1272738,     44.0,     44.0,     44.0,    142.0,  1,  2,  3,  1,    1272738,    1272738,    1272738,    1272738
16,    1272743,     45.0,     45.0,     45.0,    145.0,  1,  2,  3,  1,    1272743,    1272743,    1272743,    1272743
16,    1272723,     47.0,     47.0,     47.0,    147.0,  9, 10, 11,  9,    1423778,    1423778,    1423778,    1423778
16,    1272718,     46.0,     46.0,     46.0,    146.0,  9, 10, 11,  9,    1423777,    1423777,    1423777,    1423777
16,    1272728,     46.0,     46.0,     46.0,    145.0,  9, 10, 11,  9,    1423779,    1423779,    1423779,    1423779
16,    1272733,     46.0,     46.0,     46.0,    145.0,  9, 10, 11,  9,    1423780,    1423780,    1423780,    1423780
16,    1272767,     63.0,     63.0,     63.0,    194.0,  9, 10, 11,  9,      80519,      80519,      80519,      80519
16,    1272777,     49.0,     49.0,     49.0,    150.0,  9, 10, 11,  9,    1423792,    1423792,    1423792,    1423792
16,    1272797,     47.0,     48.0,     48.0,    146.0,  9, 10, 11,  9,    1423806,    1423806,    1423806,    1423806
16,    1272807,     47.0,     47.0,     47.0,    146.0,  9, 10, 11, 10,    1423807,    1423807,    1423807,    1423807
16,    1272817,     47.0,     47.0,     47.0,    146.0,  9, 10, 11, 10,    1423809,    1423809,    1423809,    1423809
16,    1272929,     49.0,     48.0,     49.0,    148.0,  9, 10, 11, 10,    1423844,    1423844,    1423844,    1423844
16,    1272919,     63.0,     62.0,     63.0,    191.0,  9, 10, 11, 10,      80547,      80547,      80547,      80547
16,    1273069,     35.0,     35.0,     35.0,    107.0,  9, 10, 11, 11,      83151,      83151,      83151,    1423910
16,    2576577,     35.0,     34.0,     34.0,    107.0,  9, 10, 11, 10,    1423910,    1423910,    1423910,    1423910
16,    2576993,     34.0,     34.0,     34.0,    107.0,  9, 10, 11, 10,    1423910,    1423910,    1423910,    1423910
16,    2577022,     34.0,     34.0,     34.0,    107.0,  9, 10, 11,  9,    1423910,    1423910,    1423910,    1423910
16,    2581830,     34.0,     34.0,     34.0,    106.0,  9, 10, 11, 10,    1423910,    1423910,    1423910,    1423910
16,    1273034,     65.0,     65.0,     65.0,    197.0,  9, 10, 11,  9,      83163,      83163,      83163,      83163
16,    1273039,     64.0,     64.0,     64.0,    195.0,  9, 10, 11,  9,      83163,      83163,      83163,      83163
16,    1272787,     23.0,     23.0,     23.0,     72.0,  9, 10, 11,  9,    1423803,    1423803,    1423803,    1423803
16,    1273385,     47.0,     47.0,     47.0,    154.0,  1,  2,  3,  1,    1273385,    1273385,    1273385,    1273385
16,    1272133,     37.0,     37.0,     38.0,    122.0,  1,  2,  3,  1,    1272133,    1272133,    1272133,    1272133
16,    1272246,     44.0,     44.0,     44.0,    140.0,  9, 10, 11,  9,    1423470,    1423470,    1423471,    1423471
16,    2579454,     30.0,     30.0,     31.0,     98.0,  1,  2,  3,  2,    1486633,    1486633,    1272252,    1486633
16,    1272787,     23.0,     23.0,     23.0,     72.0,  9, 10, 11,  9,    1423803,    1423803,    1423803,    1423803
16,    1273020,     46.0,     46.0,     46.0,    144.0,  9, 10, 11, 10,    1423892,    1423892,    1423892,    1423892
16,    1273015,     47.0,     47.0,     47.0,    146.0,  9, 10, 11,  9,    1423891,    1423891,    1423891,    1423891
16,    1273186,     62.0,     62.0,     62.0,    193.0,  9, 10, 11,  9,    1423929,    1423929,    1423929,    1423929
16,    1273191,     62.0,     62.0,     62.0,    193.0,  9, 10, 11,  9,    1423929,    1423929,    1423929,    1423929
16,    1273196,     61.0,     61.0,     61.0,    193.0,  9, 10, 11,  9,    1423929,    1423929,    1423929,    1423929
16,    1273458,     55.0,     56.0,     55.0,    180.0,  1,  2,  3,  1,    1273458,    1272827,    1273458,    1273458
16,    1273463,     58.0,     59.0,     58.0,    186.0,  9, 10, 11, 11,      80535,      80535,      80535,      80535
16,    3776887,     29.0,     29.0,     29.0,     94.0,  1,  2,  3,  1,    1486633,    1486633,    1486633,    1486633
16,    3761916,     33.0,     33.0,     33.0,    107.0,  9, 10, 11,  9,      74283,      74283,      74283,      74283
16,    2569385,     22.0,     22.0,     23.0,     69.0,  9, 10, 11, 10,    2399494,    2399494,    2399494,    2399494
16,    2569431,     23.0,     22.0,     23.0,     69.0,  9, 10, 11, 10,    2399494,    2399494,    2399494,    2399494
16,    2569419,     22.0,     21.0,     22.0,     68.0,  9, 10, 11, 10,    2399494,    2399494,    2399494,    2399494
16,    2569370,     21.0,     21.0,     22.0,     67.0,  9, 10, 11, 10,    2399494,    2399494,    2399494,    2399494
16,    2569380,     22.0,     22.0,     22.0,     68.0,  9, 10, 11, 10,    2399494,    2399494,    2399494,    2399494
16,    2569424,     22.0,     22.0,     22.0,     69.0,  9, 10, 11, 10,    2399494,    2399494,    2399494,    2399494
16,    3100425,     16.0,     16.0,     16.0,     52.0,  1,  2,  3,  1,    3100425,    3100425,    3100425,    3100425
16,    4194067,     61.0,     61.0,     61.0,    189.0,  9, 10, 11,  9,      80550,      80550,      80550,      80550
17,    2577888,     23.0,     23.0,     23.0,     73.0,  9, 10, 11,  9,    2403577,    2403577,    2403577,    2403577
17,    2069046,     23.0,     23.0,     23.0,     73.0,  9, 10, 11,  9,      74284,      74284,      74284,      74284
17,    2577983,     34.0,     34.0,     34.0,    108.0,  9, 10, 11,  9,    2403596,    2403596,    2403596,    2403596
17,    1476198,     29.0,     30.0,     30.0,     96.0,  1,  2,  3,  1,    1476198,    1476198,    1476198,    1476198
17,    2578109,     29.0,     29.0,     30.0,     96.0,  1,  2,  3,  1,    1486633,    1486633,    1486633,    1486633
17,    2580974,     59.0,     59.0,     59.0,    189.0,  9, 10, 11,  9,    1423929,    1423929,    1423929,    1423929
17,    1273369,     50.0,     50.0,     50.0,    163.0,  1,  2,  3,  1,      43262,      43262,      43262,    1273369
17,    1272738,     44.0,     44.0,     44.0,    142.0,  1,  2,  3,  1,    1272738,    1272738,    1272738,    1272738
17,    1272743,     45.0,     45.0,     45.0,    145.0,  1,  2,  3,  1,    1272743,    1272743,    1272743,    1272743
17,    1272723,     47.0,     47.0,     47.0,    147.0,  9, 10, 11,  9,    1423778,    1423778,    1423778,    1423778
17,    1272718,     46.0,     46.0,     46.0,    146.0,  9, 10, 11,  9,    1423777,    1423777,    1423777,    1423777
17,    1272728,     46.0,     46.0,     46.0,    145.0,  9, 10, 11,  9,    1423779,    1423779,    1423779,    1423779
17,    1272733,     46.0,     46.0,     46.0,    145.0,  9, 10, 11,  9,    1423780,    1423780,    1423780,    1423780
17,    1272767,     63.0,     64.0,     63.0,    194.0,  9, 10, 11,  9,      80519,      80519,      80519,      80519
17,    1272777,     49.0,     49.0,     49.0,    149.0,  9, 10, 11, 11,    1423792,    1423792,    1423792,    1423792
17,    1272797,     47.0,     48.0,     48.0,    146.0,  9, 10, 11,  9,    1423806,    1423806,    1423806,    1423806
17,    1272807,     47.0,     47.0,     47.0,    146.0,  9, 10, 11, 10,    1423807,    1423807,    1423807,    1423807
17,    1272817,     47.0,     47.0,     47.0,    145.0,  9, 10, 11, 10,    1423809,    1423809,    1423809,    1423809
17,    1272929,     49.0,     49.0,     49.0,    148.0,  9, 10, 11, 11,    1423844,    1423844,    1423844,    1423844
17,    1272919,     63.0,     62.0,     63.0,    193.0,  9, 10, 11, 10,      80547,      80547,      80547,      80547
17,    1273069,     35.0,     34.0,     35.0,    107.0,  9, 10, 11, 10,      83151,    1423910,      83151,    1423910
17,    2576577,     35.0,     34.0,     34.0,    107.0,  9, 10, 11, 10,    1423910,    1423910,    1423910,    1423910
17,    2576993,     34.0,     34.0,     34.0,    106.0,  9, 10, 11, 10,    1423910,    1423910,    1423910,    1423910
17,    2577022,     34.0,     34.0,     34.0,    106.0,  9, 10, 11, 10,    1423910,    1423910,    1423910,    1423910
17,    2581830,     34.0,     33.0,     34.0,    105.0,  9, 10, 11, 10,    1423910,    1423910,    1423910,    1423910
17,    1273034,     65.0,     65.0,     65.0,    197.0,  9, 10, 11,  9,      83163,      83163,      83163,      83163
17,    1273039,     64.0,     64.0,     64.0,    195.0,  9, 10, 11,  9,      83163,      83163,      83163,      83163
17,    1272787,     23.0,     23.0,     23.0,     72.0,  9, 10, 11,  9,    1423803,    1423803,    1423803,    1423803
17,    1273385,     47.0,     47.0,     47.0,    154.0,  1,  2,  3,  1,    1273385,    1273385,    1273385,    1273385
17,    1272133,     37.0,     38.0,     38.0,    122.0,  1,  2,  3,  1,    1272133,    1272133,    1272133,    1272133
17,    1272246,     44.0,     44.0,     44.0,    141.0,  9, 10, 11,  9,    1423470,    1423471,    1423471,    1423471
17,    2579454,     30.0,     30.0,     31.0,     99.0,  1,  2,  3,  1,    1486633,    1486633,    1272252,    1486633
17,    1272787,     23.0,     23.0,     23.0,     72.0,  9, 10, 11,  9,    1423803,    1423803,    1423803,    1423803
17,    1273020,     46.0,     46.0,     46.0,    144.0,  9, 10, 11,  9,    1423892,    1423892,    1423892,    1423892
17,    1273015,     47.0,     47.0,     47.0,    146.0,  9, 10, 11,  9,    1423891,    1423891,    1423891,    1423891
17,    1273186,     62.0,     62.0,     62.0,    193.0,  9, 10, 11,  9,    1423929,    1423929,    1423929,    1423929
17,    1273191,     62.0,     62.0,     62.0,    193.0,  9, 10, 11,  9,    1423929,    1423929,    1423929,    1423929
17,    1273196,     61.0,     61.0,     61.0,    193.0,  9, 10, 11,  9,    1423929,    1423929,    1423929,    1423929
17,    1273458,     55.0,     56.0,     55.0,    179.0,  1,  2,  3,  3,    1273458,    1272827,    1273458,    1273458
17,    1273463,     58.0,     58.0,     58.0,    186.0,  9, 10, 11, 11,      80535,      80535,      80535,      80535
17,    3776887,     29.0,     29.0,     29.0,     94.0,  1,  2,  3,  1,    1486633,    1486633,    1486633,    1486633
17,    3761916,     33.0,     33.0,     33.0,    107.0,  9, 10, 11,  9,      74283,      74283,      74283,      74283
17,    2569385,     22.0,     22.0,     23.0,     69.0,  9, 10, 11,  9,    2399494,    2399494,    2399494,    2399494
17,    2569431,     22.0,     23.0,     23.0,     69.0,  9, 10, 11,  9,    2399494,    2399494,    2399494,    2399494
17,    2569419,     21.0,     22.0,     22.0,     68.0,  9, 10, 11,  9,    2399494,    2399494,    2399494,    2399494
17,    2569370,     21.0,     22.0,     22.0,     68.0,  9, 10, 11,  9,    2399494,    2399494,    2399494,    2399494
17,    2569380,     22.0,     22.0,     22.0,     68.0,  9, 10, 11,  9,    2399494,    2399494,    2399494,    2399494
17,    2569424,     22.0,     22.0,     22.0,     69.0,  9, 10, 11,  9,    2399494,    2399494,    2399494,    2399494
17,    3100425,     16.0,     16.0,     16.0,     52.0,  1,  2,  3,  1,    3100425,    3100425,    3100425,    3100425
17,    4194067,     61.0,     61.0,     61.0,    189.0,  9, 10, 11,  9,      80550,      80550,      80550,      80550
18,    2577888,     23.0,     23.0,     23.0,     73.0,  9, 10, 11,  9,    2403577,    2403577,    2403577,    2403577
18,    2069046,     23.0,     23.0,     23.0,     73.0,  9, 10, 11,  9,      74284,      74284,      74284,      74284
18,    2577983,     34.0,     34.0,     34.0,    108.0,  9, 10, 11,  9,    2403596,    2403596,    2403596,    2403596
18,    1476198,     30.0,     30.0,     30.0,     96.0,  1,  2,  3,  1,    1476198,    1476198,    1476198,    1476198
18,    2578109,     29.0,     30.0,     29.0,     96.0,  1,  2,  3,  1,    1486633,    1486633,    1486633,    1486633
18,    2580974,     59.0,     59.0,     59.0,    189.0,  9, 10, 11,  9,    1423929,    1423929,    1423929,    1423929
18,    1273369,     50.0,     50.0,     50.0,    163.0,  1,  2,  3,  1,      43262,      43262,      43262,    1273369
18,    1272738,     44.0,     44.0,     44.0,    142.0,  1,  2,  3,  1,    1272738,    1272738,    1272738,    1272738
18,    1272743,     45.0,     45.0,     45.0,    145.0,  1,  2,  3,  1,    1272743,    1272743,    1272743,    1272743
18,    1272723,     47.0,     47.0,     47.0,    147.0,  9, 10, 11,  9,    1423778,    1423778,    1423778,    1423778
18,    1272718,     46.0,     46.0,     46.0,    146.0,  9, 10, 11,  9,    1423777,    1423777,    1423777,    1423777
18,    1272728,     46.0,     46.0,     46.0,    145.0,  9, 10, 11,  9,    1423779,    1423779,    1423779,    1423779
18,    1272733,     45.0,     46.0,     46.0,    145.0,  9, 10, 11,  9,    1423780,    1423780,    1423780,    1423780
18,    1272767,     63.0,     64.0,     63.0,    193.0,  9, 10, 11,  9,      80519,      80519,      80519,      80519
18,    1272777,     49.0,     49.0,     49.0,    149.0,  9, 10, 11,  9,    1423792,    1423792,    1423792,    1423792
18,    1272797,     47.0,     48.0,     47.0,    146.0,  9, 10, 11, 11,    1423806,    1423806,    1423806,    1423806
18,    1272807,     47.0,     47.0,     47.0,    146.0,  9, 10, 11, 10,    1423807,    1423807,    1423807,    1423807
18,    1272817,     47.0,     47.0,     47.0,    146.0,  9, 10, 11, 10,    1423809,    1423809,    1423809,    1423809
18,    1272929,     49.0,     49.0,     49.0,    148.0,  9, 10, 11, 10,    1423844,    1423844,    1423844,    1423844
18,    1272919,     63.0,     62.0,     62.0,    192.0,  9, 10, 11, 10,      80547,      80547,      80547,      80547
18,    1273069,     35.0,     34.0,     34.0,    107.0,  9, 10, 11,  9,      83151,    1423910,    1423910,    1423910
18,    2576577,     34.0,     34.0,     34.0,    107.0,  9, 10, 11,  9,    1423910,    1423910,    1423910,    1423910
18,    2576993,     34.0,     34.0,     34.0,    106.0,  9, 10, 11, 10,    1423910,    1423910,    1423910,    1423910
18,    2577022,     34.0,     34.0,     34.0,    106.0,  9, 10, 11,  9,    1423910,    1423910,    1423910,    1423910
18,    2581830,     34.0,     33.0,     33.0,    106.0,  9, 10, 11,  9,    1423910,    1423910,    1423910,    1423910
18,    1273034,     65.0,     65.0,     64.0,    196.0,  9, 10, 11, 11,      83163,      83163,      83163,      83163
18,    1273039,     64.0,     64.0,     63.0,    195.0,  9, 10, 11,  9,      83163,      83163,      83163,      83163
18,    1272787,     23.0,     23.0,     23.0,     72.0,  9, 10, 11,  9,    1423803,    1423803,    1423803,    1423803
18,    1273385,     47.0,     47.0,     47.0,    154.0,  1,  2,  3,  1,    1273385,    1273385,    1273385,    1273385
18,    1272133,     38.0,     38.0,     38.0,    122.0,  1,  2,  3,  1,    1272133,    1272133,    1272133,    1272133
18,    1272246,     44.0,     44.0,     44.0,    141.0,  9, 10, 11,  9,    1423470,    1423471,    1423470,    1423471
18,    2579454,     30.0,     30.0,     30.0,     99.0,  1,  2,  3,  1,    1486633,    1486633,    1486633,    1486633
18,    1272787,     23.0,     23.0,     23.0,     72.0,  9, 10, 11,  9,    1423803,    1423803,    1423803,    1423803
18,    1273020,     46.0,     46.0,     46.0,    145.0,  9, 10, 11,  9,    1423892,    1423892,    1423892,    1423892
18,    1273015,     47.0,     47.0,     47.0,    146.0,  9, 10, 11,  9,    1423891,    1423891,    1423891,    1423891
18,    1273186,     62.0,     62.0,     62.0,    193.0,  9, 10, 11,  9,    1423929,    1423929,    1423929,    1423929
18,    1273191,     62.0,     62.0,     62.0,    193.0,  9, 10, 11,  9,    1423929,    1423929,    1423929,    1423929
18,    1273196,     61.0,     61.0,     61.0,    193.0,  9, 10, 11,  9,    1423929,    1423929,    1423929,    1423929
18,    1273458,     55.0,     55.0,     55.0,    178.0,  1,  2,  3,  3,    1273458,    1273458,    1272827,    1273458
18,    1273463,     58.0,     58.0,     58.0,    185.0,  9, 10, 11, 11,      80535,      80535,      80535,      80535
18,    3776887,     29.0,     29.0,     29.0,     95.0,  1,  2,  3,  1,    1486633,    1486633,    1486633,    1486633
18,    3761916,     33.0,     34.0,     33.0,    107.0,  9, 10, 11,  9,      74283,      74283,      74283,      74283
18,    2569385,     22.0,     22.0,     22.0,     69.0,  9, 10, 11,  9,    2399494,    2399494,    2399494,    2399494
18,    2569431,     22.0,     22.0,     22.0,     69.0,  9, 10, 11,  9,    2399494,    2399494,    2399494,    2399494
18,    2569419,     21.0,     22.0,     22.0,     68.0,  9, 10, 11,  9,    2399494,    2399494,    2399494,    2399494
18,    2569370,     21.0,     21.0,     21.0,     67.0,  9, 10, 11,  9,    2399494,    2399494,    2399494,    2399494
18,    2569380,     22.0,     22.0,     22.0,     68.0,  9, 10, 11,  9,    2399494,    2399494,    2399494,    2399494
18,    2569424,     22.0,     22.0,     22.0,     69.0,  9, 10, 11,  9,    2399494,    2399494,    2399494,    2399494
18,    3100425,     16.0,     16.0,     16.0,     52.0,  1,  2,  3,  1,    3100425,    3100425,    3100425,    3100425
18,    4194067,     61.0,     61.0,     61.0,    189.0,  9, 10, 11,  9,      80550,      80550,      80550,      80550
19,    2577888,     23.0,     23.0,     23.0,     73.0,  9, 10, 11,  9,    2403577,    2403577,    2403577,    2403577
19,    2069046,     23.0,     23.0,     23.0,     73.0,  9, 10, 11,  9,      74284,      74284,      74284,      74284
19,    2577983,     34.0,     34.0,     34.0,    108.0,  9, 10, 11,  9,    2403596,    2403596,    2403596,    2403596
19,    1476198,     29.0,     29.0,     29.0,     96.0,  1,  2,  3,  1,    1476198,    1476198,    1476198,    1476198
19,    2578109,     29.0,     29.0,     29.0,     96.0,  1,  2,  3,  1,    1486633,    1486633,    1486633,    1486633
19,    2580974,     59.0,     59.0,     59.0,    189.0,  9, 10, 11,  9,    1423929,    1423929,    1423929,    1423929
19,    1273369,     50.0,     50.0,     50.0,    163.0,  1,  2,  3,  1,      43262,      43262,      43262,    1273369
19,    1272738,     44.0,     44.0,     44.0,    142.0,  1,  2,  3,  1,    1272738,    1272738,    1272738,    1272738
19,    1272743,     45.0,     45.0,     45.0,    145.0,  1,  2,  3,  1,    1272743,    1272743,    1272743,    1272743
19,    1272723,     47.0,     47.0,     47.0,    147.0,  9, 10, 11,  9,    1423778,    1423778,    1423778,    1423778
19,    1272718,     46.0,     46.0,     46.0,    146.0,  9, 10, 11,  9,    1423777,    1423777,    1423777,    1423777
19,    1272728,     46.0,     46.0,     46.0,    145.0,  9, 10, 11,  9,    1423779,    1423779,    1423779,    1423779
19,    1272733,     45.0,     45.0,     45.0,    145.0,  9, 10, 11,  9,    1423780,    1423780,    1423780,    1423780
19,    1272767,     63.0,     63.0,     63.0,    193.0,  9, 10, 11,  9,      80519,      80519,      80519,      80519
19,    1272777,     49.0,     49.0,     49.0,    149.0,  9, 10, 11,  9,    1423792,    1423792,    1423792,    1423792
19,    1272797,     47.0,     48.0,     47.0,    147.0,  9, 10, 11,  9,    1423806,    1423806,    1423806,    1423806
19,    1272807,     47.0,     47.0,     47.0,    146.0,  9, 10, 11, 10,    1423807,    1423807,    1423807,    1423807
19,    1272817,     47.0,     47.0,     47.0,    145.0,  9, 10, 11, 10,    1423809,    1423809,    1423809,    1423809
19,    1272929,     49.0,     49.0,     49.0,    148.0,  9, 10, 11,  9,    1423844,    1423844,    1423844,    1423844
19,    1272919,     63.0,     62.0,     62.0,    192.0,  9, 10, 11, 11,      80547,      80547,      80547,      80547
19,    1273069,     35.0,     34.0,     34.0,    105.0,  9, 10, 11, 10,      83151,    1423910,    1423910,    1423910
19,    2576577,     35.0,     34.0,     34.0,    105.0,  9, 10, 11, 10,    1423910,    1423910,    1423910,    1423910
19,    2576993,     34.0,     33.0,     33.0,    104.0,  9, 10, 11, 10,    1423910,    1423910,    1423910,    1423910
19,    2577022,     34.0,     33.0,     33.0,    104.0,  9, 10, 11, 10,    1423910,    1423910,    1423910,    1423910
19,    2581830,     34.0,     33.0,     33.0,    104.0,  9, 10, 11, 10,    1423910,    1423910,    1423910,    1423910
19,    1273034,     65.0,     65.0,     64.0,    196.0,  9, 10, 11, 11,      83163,      83163,      83163,      83163
19,    1273039,     64.0,     64.0,     63.0,    195.0,  9, 10, 11,  9,      83163,      83163,      83163,      83163
19,    1272787,     23.0,     23.0,     23.0,     72.0,  9, 10, 11,  9,    1423803,    1423803,    1423803,    1423803
19,    1273385,     47.0,     47.0,     47.0,    154.0,  1,  2,  3,  1,    1273385,    1273385,    1273385,    1273385
19,    1272133,     37.0,     37.0,     37.0,    122.0,  1,  2,  3,  1,    1272133,    1272133,    1272133,    1272133
19,    1272246,     44.0,     44.0,     44.0,    140.0,  9, 10, 11,  9,    1423470,    1423471,    1423470,    1423471
19,    2579454,     30.0,     30.0,     30.0,     98.0,  1,  2,  3,  1,    1486633,    1486633,    1486633,    1486633
19,    1272787,     23.0,     23.0,     23.0,     72.0,  9, 10, 11,  9,    1423803,    1423803,    1423803,    1423803
19,    1273020,     46.0,     46.0,     46.0,    144.0,  9, 10, 11,  9,    1423892,    1423892,    1423892,    1423892
19,    1273015,     47.0,     47.0,     47.0,    146.0,  9, 10, 11,  9,    1423891,    1423891,    1423891,    1423891
19,    1273186,     62.0,     62.0,     62.0,    193.0,  9, 10, 11,  9,    1423929,    1423929,    1423929,    1423929
19,    1273191,     62.0,     62.0,     62.0,    193.0,  9, 10, 11,  9,    1423929,    1423929,    1423929,    1423929
19,    1273196,     61.0,     61.0,     61.0,    193.0,  9, 10, 11,  9,    1423929,    1423929,    1423929,    1423929
19,    1273458,     55.0,     55.0,     55.0,    177.0,  1,  2,  3,  3,    1273458,    1273458,    1272827,    1273458
19,    1273463,     58.0,     58.0,     58.0,    184.0,  9, 10, 11, 11,      80535,      80535,      80535,      80535
19,    3776887,     29.0,     29.0,     29.0,     94.0,  1,  2,  3,  1,    1486633,    1486633,    1486633,    1486633
19,    3761916,     33.0,     33.0,     33.0,    107.0,  9, 10, 11,  9,      74283,      74283,      74283,      74283
19,    2569385,     22.0,     22.0,     22.0,     69.0,  9, 10, 11,  9,    2399494,    2399494,    2399494,    2399494
19,    2569431,     22.0,     23.0,     22.0,     70.0,  9, 10, 11,  9,    2399494,    2399494,    2399494,    2399494
19,    2569419,     22.0,     22.0,     22.0,     68.0,  9, 10, 11,  9,    2399494,    2399494,    2399494,    2399494
19,    2569370,     21.0,     21.0,     21.0,     68.0,  9, 10, 11,  9,    2399494,    2399494,    2399494,    2399494
19,    2569380,     22.0,     22.0,     22.0,     68.0,  9, 10, 11, 11,    2399494,    2399494,    2399494,    2399494
19,    2569424,     22.0,     22.0,     22.0,     69.0,  9, 10, 11,  9,    2399494,    2399494,    2399494,    2399494
19,    3100425,     16.0,     16.0,     16.0,     51.0,  1,  2,  3,  3,    3100425,    3100425,    3100425,    3100425
19,    4194067,     61.0,     61.0,     61.0,    188.0,  9, 10, 11,  9,      80550,      80550,      80550,      80550
20,    2577888,     23.0,     23.0,     23.0,     73.0,  9, 10, 11,  9,    2403577,    2403577,    2403577,    2403577
20,    2069046,     23.0,     23.0,     23.0,     73.0,  9, 10, 11,  9,      74284,      74284,      74284,      74284
20,    2577983,     34.0,     34.0,     34.0,    108.0,  9, 10, 11,  9,    2403596,    2403596,    2403596,    2403596
20,    1476198,     29.0,     29.0,     29.0,     94.0,  1,  2,  3,  1,    1476198,    1476198,    1476198,    1476198
20,    2578109,     29.0,     29.0,     29.0,     94.0,  1,  2,  3,  1,    1486633,    1486633,    1486633,    1486633
20,    2580974,     59.0,     59.0,     59.0,    189.0,  9, 10, 11,  9,    1423929,    1423929,    1423929,    1423929
20,    1273369,     50.0,     50.0,     50.0,    162.0,  1,  2,  3,  1,      43262,      43262,      43262,    1273369
20,    1272738,     43.0,     43.0,     43.0,    141.0,  1,  2,  3,  1,    1272738,    1272738,    1272738,    1272738
20,    1272743,     44.0,     44.0,     44.0,    145.0,  1,  2,  3,  1,    1272743,    1272743,    1272743,    1272743
20,    1272723,     47.0,     47.0,     47.0,    147.0,  9, 10, 11,  9,    1423778,    1423778,    1423778,    1423778
20,    1272718,     46.0,     46.0,     46.0,    146.0,  9, 10, 11,  9,    1423777,    1423777,    1423777,    1423777
20,    1272728,     46.0,     46.0,     46.0,    145.0,  9, 10, 11,  9,    1423779,    1423779,    1423779,    1423779
20,    1272733,     45.0,     45.0,     45.0,    145.0,  9, 10, 11,  9,    1423780,    1423780,    1423780,    1423780
20,    1272767,     63.0,     63.0,     62.0,    192.0,  9, 10, 11, 11,      80519,      80519,      80519,      80519
20,    1272777,     49.0,     49.0,     48.0,    147.0,  9, 10, 11, 11,    1423792,    1423792,    1423792,    1423792
20,    1272797,     47.0,     47.0,     47.0,    146.0,  9, 10, 11,  9,    1423806,    1423806,    1423806,    1423806
20,    1272807,     47.0,     47.0,     47.0,    146.0,  9, 10, 11, 10,    1423807,    1423807,    1423807,    1423807
20,    1272817,     47.0,     47.0,     47.0,    146.0,  9, 10, 11,  9,    1423809,    1423809,    1423809,    1423809
20,    1272929,     49.0,     49.0,     49.0,    149.0,  9, 10, 11,  9,    1423844,    1423844,    1423844,    1423844
20,    1272919,     63.0,     62.0,     62.0,    192.0,  9, 10, 11, 10,      80547,      80547,      80547,      80547
20,    1273069,     34.0,     34.0,     34.0,    105.0,  9, 10, 11,  9,    1423910,    1423910,    1423910,    1423910
20,    2576577,     33.0,     34.0,     34.0,    104.0,  9, 10, 11,  9,    1423910,    1423910,    1423910,    1423910
20,    2576993,     33.0,     34.0,     34.0,    104.0,  9, 10, 11,  9,    1423910,    1423910,    1423910,    1423910
20,    2577022,     33.0,     33.0,     33.0,    104.0,  9, 10, 11,  9,    1423910,    1423910,    1423910,    1423910
20,    2581830,     33.0,     33.0,     33.0,    103.0,  9, 10, 11,  9,    1423910,    1423910,    1423910,    1423910
20,    1273034,     65.0,     65.0,     64.0,    194.0,  9, 10, 11, 11,      83163,      83163,      83163,      83163
20,    1273039,     64.0,     64.0,     63.0,    193.0,  9, 10, 11, 11,      83163,      83163,      83163,      83163
20,    1272787,     23.0,     23.0,     23.0,     72.0,  9, 10, 11,  9,    1423803,    1423803,    1423803,    1423803
20,    1273385,     47.0,     47.0,     47.0,    153.0,  1,  2,  3,  1,      43262,      43262,      43262,    1273385
20,    1272133,     37.0,     37.0,     37.0,    120.0,  1,  2,  3,  1,    1272133,    1272133,    1272133,    1272133
20,    1272246,     44.0,     44.0,     44.0,    139.0,  9, 10, 11,  9,    1423470,    1423470,    1423470,    1423471
20,    2579454,     30.0,     30.0,     30.0,     97.0,  1,  2,  3,  1,    1272252,    1272252,    1272252,    1486633
20,    1272787,     23.0,     23.0,     23.0,     72.0,  9, 10, 11,  9,    1423803,    1423803,    1423803,    1423803
20,    1273020,     46.0,     46.0,     46.0,    143.0,  9, 10, 11,  9,    1423892,    1423892,    1423892,    1423892
20,    1273015,     47.0,     47.0,     47.0,    146.0,  9, 10, 11,  9,    1423891,    1423891,    1423891,    1423891
20,    1273186,     62.0,     62.0,     62.0,    193.0,  9, 10, 11,  9,    1423929,    1423929,    1423929,    1423929
20,    1273191,     62.0,     62.0,     62.0,    193.0,  9, 10, 11,  9,    1423929,    1423929,    1423929,    1423929
20,    1273196,     61.0,     61.0,     61.0,    192.0,  9, 10, 11,  9,    1423929,    1423929,    1423929,    1423929
20,    1273458,     55.0,     55.0,     54.0,    177.0,  1,  2,  3,  3,    1273458,    1273458,    1273458,    1273458
20,    1273463,     58.0,     58.0,     58.0,    184.0,  9, 10, 11, 11,      80535,      80535,      80535,      80535
20,    3776887,     28.0,     28.0,     28.0,     93.0,  1,  2,  3,  1,    1486633,    1486633,    1486633,    1486633
20,    3761916,     33.0,     33.0,     33.0,    107.0,  9, 10, 11,  9,      74283,      74283,      74283,      74283
20,    2569385,     22.0,     22.0,     22.0,     68.0,  9, 10, 11,  9,    2399494,    2399494,    2399494,    2399494
20,    2569431,     22.0,     22.0,     23.0,     68.0,  9, 10, 11,  9,    2399494,    2399494,    2399494,    2399494
20,    2569419,     21.0,     21.0,     22.0,     67.0,  9, 10, 11,  9,    2399494,    2399494,    2399494,    2399494
20,    2569370,     21.0,     21.0,     21.0,     66.0,  9, 10, 11,  9,    2399494,    2399494,    2399494,    2399494
20,    2569380,     21.0,     21.0,     22.0,     67.0,  9, 10, 11,  9,    2399494,    2399494,    2399494,    2399494
20,    2569424,     21.0,     22.0,     22.0,     67.0,  9, 10, 11,  9,    2399494,    2399494,    2399494,    2399494
20,    3100425,     16.0,     16.0,     16.0,     51.0,  1,  2,  3,  1,    3100425,    3100425,    3100425,    3100425
20,    4194067,     60.0,     60.0,     60.0,    187.0,  9, 10, 11,  9,      80550,      80550,      80550,      80550
21,    2577888,     23.0,     23.0,     23.0,     73.0,  9, 10, 11,  9,    2403577,    2403577,    2403577,    2403577
21,    2069046,     23.0,     23.0,     23.0,     73.0,  9, 10, 11,  9,      74284,      74284,      74284,      74284
21,    2577983,     34.0,     34.0,     34.0,    108.0,  9, 10, 11,  9,    2403596,    2403596,    2403596,    2403596
21,    1476198,     29.0,     29.0,     29.0,     93.0,  1,  2,  3,  3,    1476198,    1476198,    1476198,    1476198
21,    2578109,     29.0,     29.0,     28.0,     93.0,  1,  2,  3,  3,    1486633,    1486633,    1486633,    1486633
21,    2580974,     59.0,     59.0,     59.0,    189.0,  9, 10, 11,  9,    1423929,    1423929,    1423929,    1423929
21,    1273369,     50.0,     50.0,     50.0,    163.0,  1,  2,  3,  1,      43262,      43262,      43262,      43262
21,    1272738,     44.0,     43.0,     43.0,    141.0,  1,  2,  3,  1,    1272738,    1272738,    1272738,    1272738
21,    1272743,     45.0,     44.0,     44.0,    145.0,  1,  2,  3,  1,    1272743,    1272743,    1272743,    1272743
21,    1272723,     47.0,     47.0,     47.0,    147.0,  9, 10, 11,  9,    1423778,    1423778,    1423778,    1423778
21,    1272718,     46.0,     46.0,     46.0,    146.0,  9, 10, 11,  9,    1423777,    1423777,    1423777,    1423777
21,    1272728,     46.0,     46.0,     46.0,    145.0,  9, 10, 11,  9,    1423779,    1423779,    1423779,    1423779
21,    1272733,     45.0,     45.0,     45.0,    145.0,  9, 10, 11,  9,    1423780,    1423780,    1423780,    1423780
21,    1272767,     63.0,     63.0,     63.0,    192.0,  9, 10, 11,  9,      80519,      80519,      80519,      80519
21,    1272777,     49.0,     49.0,     49.0,    148.0,  9, 10, 11,  9,    1423792,    1423792,    1423792,    1423792
21,    1272797,     47.0,     47.0,     47.0,    146.0,  9, 10, 11,  9,    1423806,    1423806,    1423806,    1423806
21,    1272807,     47.0,     47.0,     47.0,    146.0,  9, 10, 11, 10,    1423807,    1423807,    1423807,    1423807
21,    1272817,     47.0,     46.0,     47.0,    144.0,  9, 10, 11, 10,    1423809,    1423809,    1423809,    1423809
21,    1272929,     49.0,     49.0,     49.0,    149.0,  9, 10, 11,  9,    1423844,    1423844,    1423844,    1423844
21,    1272919,     62.0,     62.0,     63.0,    192.0,  9, 10, 11, 10,      80547,      80547,      80547,      80547
21,    1273069,     34.0,     34.0,     34.0,    106.0,  9, 10, 11, 10,    1423910,    1423910,    1423910,    1423910
21,    2576577,     34.0,     34.0,     34.0,    106.0,  9, 10, 11, 10,    1423910,    1423910,    1423910,    1423910
21,    2576993,     34.0,     34.0,     34.0,    106.0,  9, 10, 11,  9,    1423910,    1423910,    1423910,    1423910
21,    2577022,     34.0,     34.0,     34.0,    105.0,  9, 10, 11, 10,    1423910,    1423910,    1423910,    1423910
21,    2581830,     33.0,     33.0,     33.0,    105.0,  9, 10, 11,  9,    1423910,    1423910,    1423910,    1423910
21,    1273034,     65.0,     65.0,     64.0,    194.0,  9, 10, 11, 11,      83163,      83163,      83163,      83163
21,    1273039,     64.0,     64.0,     63.0,    193.0,  9, 10, 11, 11,      83163,      83163,      83163,      83163
21,    1272787,     22.0,     22.0,     22.0,     69.0,  9, 10, 11,  9,    1423803,    1423803,    1423803,    1423803
21,    1273385,     47.0,     47.0,     47.0,    154.0,  1,  2,  3,  1,      43262,      43262,      43262,      43262
21,    1272133,     37.0,     37.0,     36.0,    119.0,  1,  2,  3,  3,    1272133,    1272133,    1272133,    1272133
21,    1272246,     44.0,     44.0,     43.0,    138.0,  9, 10, 11, 11,    1423470,    1423470,    1423471,    1423471
21,    2579454,     30.0,     30.0,     29.0,     96.0,  1,  2,  3,  3,    1486633,    1486633,    1486633,    1486633
21,    1272787,     22.0,     22.0,     22.0,     69.0,  9, 10, 11,  9,    1423803,    1423803,    1423803,    1423803
21,    1273020,     46.0,     46.0,     45.0,    142.0,  9, 10, 11, 11,    1423892,    1423892,    1423892,    1423892
21,    1273015,     47.0,     47.0,     46.0,    146.0,  9, 10, 11,  9,    1423891,    1423891,    1423891,    1423891
21,    1273186,     62.0,     62.0,     62.0,    193.0,  9, 10, 11,  9,    1423929,    1423929,    1423929,    1423929
21,    1273191,     62.0,     62.0,     62.0,    193.0,  9, 10, 11,  9,    1423929,    1423929,    1423929,    1423929
21,    1273196,     61.0,     61.0,     61.0,    193.0,  9, 10, 11,  9,    1423929,    1423929,    1423929,    1423929
21,    1273458,     55.0,     55.0,     55.0,    177.0,  1,  2,  3,  3,    1272827,    1273458,    1272827,    1273458
21,    1273463,     58.0,     58.0,     58.0,    184.0,  9, 10, 11, 11,      80535,      80535,      80535,      80535
21,    3776887,     29.0,     29.0,     28.0,     91.0,  1,  2,  3,  3,    1486633,    1486633,    1486633,    1486633
21,    3761916,     33.0,     33.0,     33.0,    107.0,  9, 10, 11,  9,      74283,      74283,      74283,      74283
21,    2569385,     22.0,     22.0,     22.0,     69.0,  9, 10, 11,  9,    2399494,    2399494,    2399494,    2399494
21,    2569431,     22.0,     22.0,     22.0,     69.0,  9, 10, 11, 10,    2399494,    2399494,    2399494,    2399494
21,    2569419,     22.0,     21.0,     21.0,     68.0,  9, 10, 11,  9,    2399494,    2399494,    2399494,    2399494
21,    2569370,     21.0,     21.0,     21.0,     67.0,  9, 10, 11, 10,    2399494,    2399494,    2399494,    2399494
21,    2569380,     22.0,     22.0,     21.0,     68.0,  9, 10, 11,  9,    2399494,    2399494,    2399494,    2399494
21,    2569424,     22.0,     22.0,     22.0,     68.0,  9, 10, 11, 11,    2399494,    2399494,    2399494,    2399494
21,    3100425,     16.0,     16.0,     15.0,     50.0,  1,  2,  3,  3,    3100425,    3100425,    3100425,    3100425
21,    4194067,     60.0,     60.0,     59.0,    185.0,  9, 10, 11, 11,      80550,      80550,      80550,      80550
22,    2577888,     23.0,     23.0,     23.0,     73.0,  9, 10, 11,  9,    2403577,    2403577,    2403577,    2403577
22,    2069046,     23.0,     23.0,     23.0,     73.0,  9, 10, 11,  9,      74284,      74284,      74284,      74284
22,    2577983,     34.0,     34.0,     34.0,    108.0,  9, 10, 11,  9,    2403596,    2403596,    2403596,    2403596
22,    1476198,     30.0,     29.0,     29.0,     96.0,  1,  2,  3,  1,    1476198,    1476198,    1476198,    1476198
22,    2578109,     30.0,     29.0,     29.0,     96.0,  1,  2,  3,  1,    1486633,    1486633,    1486633,    1486633
22,    2580974,     59.0,     59.0,     59.0,    189.0,  9, 10, 11,  9,    1423929,    1423929,    1423929,    1423929
22,    1273369,     50.0,     50.0,     50.0,    164.0,  1,  2,  3,  1,      43262,      43262,      43262,      43262
22,    1272738,     44.0,     44.0,     44.0,    142.0,  1,  2,  3,  1,    1272738,    1272738,    1272738,    1272738
22,    1272743,     45.0,     45.0,     45.0,    145.0,  1,  2,  3,  1,    1272743,    1272743,    1272743,    1272743
22,    1272723,     47.0,     47.0,     47.0,    147.0,  9, 10, 11,  9,    1423778,    1423778,    1423778,    1423778
22,    1272718,     46.0,     46.0,     46.0,    146.0,  9, 10, 11,  9,    1423777,    1423777,    1423777,    1423777
22,    1272728,     46.0,     46.0,     46.0,    145.0,  9, 10, 11,  9,    1423779,    1423779,    1423779,    1423779
22,    1272733,     46.0,     46.0,     46.0,    145.0,  9, 10, 11,  9,    1423780,    1423780,    1423780,    1423780
22,    1272767,     63.0,     63.0,     63.0,    193.0,  9, 10, 11,  9,      80519,      80519,      80519,      80519
22,    1272777,     49.0,     49.0,     49.0,    149.0,  9, 10, 11,  9,    1423792,    1423792,    1423792,    1423792
22,    1272797,     47.0,     48.0,     48.0,    146.0,  9, 10, 11,  9,    1423806,    1423806,    1423806,    1423806
22,    1272807,     47.0,     47.0,     47.0,    146.0,  9, 10, 11, 10,    1423807,    1423807,    1423807,    1423807
22,    1272817,     47.0,     47.0,     47.0,    145.0,  9, 10, 11, 10,    1423809,    1423809,    1423809,    1423809
22,    1272929,     49.0,     49.0,     49.0,    149.0,  9, 10, 11,  9,    1423844,    1423844,    1423844,    1423844
22,    1272919,     63.0,     62.0,     63.0,    193.0,  9, 10, 11,  9,      80547,      80547,      80547,      80547
22,    1273069,     34.0,     34.0,     34.0,    107.0,  9, 10, 11,  9,    1423910,    1423910,    1423910,    1423910
22,    2576577,     34.0,     34.0,     34.0,    107.0,  9, 10, 11,  9,    1423910,    1423910,    1423910,    1423910
22,    2576993,     34.0,     34.0,     34.0,    106.0,  9, 10, 11,  9,    1423910,    1423910,    1423910,    1423910
22,    2577022,     34.0,     34.0,     34.0,    106.0,  9, 10, 11,  9,    1423910,    1423910,    1423910,    1423910
22,    2581830,     33.0,     33.0,     33.0,    106.0,  9, 10, 11,  9,    1423910,    1423910,    1423910,    1423910
22,    1273034,     64.0,     65.0,     64.0,    195.0,  9, 10, 11, 11,      83163,      83163,      83163,      83163
22,    1273039,     64.0,     64.0,     63.0,    194.0,  9, 10, 11, 11,      83163,      83163,      83163,      83163
22,    1272787,     23.0,     23.0,     23.0,     70.0,  9, 10, 11,  9,    1423803,    1423803,    1423803,    1423803
22,    1273385,     47.0,     48.0,     48.0,    155.0,  1,  2,  3,  1,    1273385,      43262,      43262,      43262
22,    1272133,     38.0,     38.0,     37.0,    122.0,  1,  2,  3,  1,    1272133,    1272133,    1272133,    1272133
22,    1272246,     44.0,     44.0,     44.0,    140.0,  9, 10, 11,  9,    1423470,    1423471,    1423470,    1423471
22,    2579454,     30.0,     30.0,     30.0,     99.0,  1,  2,  3,  1,    1486633,    1486633,    1486633,    1486633
22,    1272787,     23.0,     23.0,     23.0,     70.0,  9, 10, 11,  9,    1423803,    1423803,    1423803,    1423803
22,    1273020,     46.0,     46.0,     46.0,    144.0,  9, 10, 11, 10,    1423892,    1423892,    1423892,    1423892
22,    1273015,     47.0,     47.0,     47.0,    146.0,  9, 10, 11,  9,    1423891,    1423891,    1423891,    1423891
22,    1273186,     62.0,     62.0,     62.0,    193.0,  9, 10, 11,  9,    1423929,    1423929,    1423929,    1423929
22,    1273191,     62.0,     62.0,     62.0,    193.0,  9, 10, 11,  9,    1423929,    1423929,    1423929,    1423929
22,    1273196,     61.0,     61.0,     61.0,    193.0,  9, 10, 11,  9,    1423929,    1423929,    1423929,    1423929
22,    1273458,     55.0,     55.0,     55.0,    179.0,  1,  2,  3,  1,    1273458,    1273458,    1273458,    1273458
22,    1273463,     58.0,     58.0,     58.0,    185.0,  9, 10, 11, 11,      80535,      80535,      80535,      80535
22,    3776887,     29.0,     29.0,     29.0,     94.0,  1,  2,  3,  2,    1486633,    1486633,    1486633,    1486633
22,    3761916,     33.0,     33.0,     33.0,    107.0,  9, 10, 11, 10,      74283,      74283,      74283,      74283
22,    2569385,     22.0,     22.0,     22.0,     70.0,  9, 10, 11,  9,    2399494,    2399494,    2399494,    2399494
22,    2569431,     23.0,     23.0,     23.0,     70.0,  9, 10, 11, 10,    2399494,    2399494,    2399494,    2399494
22,    2569419,     22.0,     22.0,     22.0,     69.0,  9, 10, 11,  9,    2399494,    2399494,    2399494,    2399494
22,    2569370,     22.0,     21.0,     21.0,     68.0,  9, 10, 11, 10,    2399494,    2399494,    2399494,    2399494
22,    2569380,     22.0,     22.0,     22.0,     69.0,  9, 10, 11, 10,    2399494,    2399494,    2399494,    2399494
22,    2569424,     22.0,     22.0,     22.0,     70.0,  9, 10, 11,  9,    2399494,    2399494,    2399494,    2399494
22,    3100425,     16.0,     16.0,     16.0,     52.0,  1,  2,  3,  1,    3100425,    3100425,    3100425,    3100425
22,    4194067,     61.0,     61.0,     60.0,    188.0,  9, 10, 11, 11,      80550,      80550,      80550,      80550
23,    2577888,     23.0,     23.0,     23.0,     73.0,  9, 10, 11,  9,    2403577,    2403577,    2403577,    2403577
23,    2069046,     23.0,     23.0,     23.0,     73.0,  9, 10, 11,  9,      74284,      74284,      74284,      74284
23,    2577983,     34.0,     34.0,     34.0,    108.0,  9, 10, 11,  9,    2403596,    2403596,    2403596,    2403596
23,    1476198,     30.0,     30.0,     30.0,     97.0,  1,  2,  3,  1,    1476198,    1476198,    1476198,    1476198
23,    2578109,     30.0,     30.0,     30.0,     97.0,  1,  2,  3,  1,    1486633,    1486633,    1486633,    1486633
23,    2580974,     59.0,     59.0,     59.0,    189.0,  9, 10, 11,  9,    1423929,    1423929,    1423929,    1423929
23,    1273369,     50.0,     50.0,     50.0,    164.0,  1,  2,  3,  1,      43262,    1273369,    1273369,      43262
23,    1272738,     44.0,     44.0,     44.0,    142.0,  1,  2,  3,  1,    1272738,    1272738,    1272738,    1272738
23,    1272743,     45.0,     45.0,     45.0,    146.0,  1,  2,  3,  1,    1272743,    1272743,    1272743,    1272743
23,    1272723,     47.0,     47.0,     47.0,    147.0,  9, 10, 11,  9,    1423778,    1423778,    1423778,    1423778
23,    1272718,     46.0,     46.0,     46.0,    146.0,  9, 10, 11,  9,    1423777,    1423777,    1423777,    1423777
23,    1272728,     46.0,     46.0,     46.0,    145.0,  9, 10, 11,  9,    1423779,    1423779,    1423779,    1423779
23,    1272733,     46.0,     46.0,     46.0,    145.0,  9, 10, 11,  9,    1423780,    1423780,    1423780,    1423780
23,    1272767,     63.0,     63.0,     63.0,    193.0,  9, 10, 11,  9,      80519,      80519,      80519,      80519
23,    1272777,     49.0,     49.0,     49.0,    149.0,  9, 10, 11,  9,    1423792,    1423792,    1423792,    1423792
23,    1272797,     48.0,     48.0,     48.0,    147.0,  9, 10, 11,  9,    1423806,    1423806,    1423806,    1423806
23,    1272807,     47.0,     47.0,     47.0,    146.0,  9, 10, 11, 10,    1423807,    1423807,    1423807,    1423807
23,    1272817,     47.0,     47.0,     47.0,    145.0,  9, 10, 11, 10,    1423809,    1423809,    1423809,    1423809
23,    1272929,     49.0,     49.0,     49.0,    149.0,  9, 10, 11,  9,    1423844,    1423844,    1423844,    1423844
23,    1272919,     63.0,     62.0,     62.0,    193.0,  9, 10, 11, 10,      80547,      80547,      80547,      80547
23,    1273069,     35.0,     35.0,     35.0,    107.0,  9, 10, 11, 11,      83151,      83151,      83151,    1423910
23,    2576577,     35.0,     35.0,     34.0,    107.0,  9, 10, 11, 11,    1423910,    1423910,    1423910,    1423910
23,    2576993,     34.0,     34.0,     34.0,    107.0,  9, 10, 11,  9,    1423910,    1423910,    1423910,    1423910
23,    2577022,     34.0,     34.0,     34.0,    106.0,  9, 10, 11, 11,    1423910,    1423910,    1423910,    1423910
23,    2581830,     34.0,     34.0,     34.0,    106.0,  9, 10, 11, 10,    1423910,    1423910,    1423910,    1423910
23,    1273034,     65.0,     65.0,     64.0,    196.0,  9, 10, 11, 11,      83163,      83163,      83163,      83163
23,    1273039,     64.0,     64.0,     63.0,    195.0,  9, 10, 11,  9,      83163,      83163,      83163,      83163
23,    1272787,     23.0,     23.0,     23.0,     70.0,  9, 10, 11,  9,    1423803,    1423803,    1423803,    1423803
23,    1273385,     48.0,     48.0,     48.0,    155.0,  1,  2,  3,  1,      43262,      43262,      43262,      43262
23,    1272133,     38.0,     38.0,     38.0,    123.0,  1,  2,  3,  1,    1272133,    1272133,    1272133,    1272133
23,    1272246,     44.0,     44.0,     44.0,    141.0,  9, 10, 11,  9,    1423470,    1423471,    1423471,    1423471
23,    2579454,     31.0,     31.0,     31.0,    100.0,  1,  2,  3,  1,    1272252,    1272252,    1272252,    1486633
23,    1272787,     23.0,     23.0,     23.0,     70.0,  9, 10, 11,  9,    1423803,    1423803,    1423803,    1423803
23,    1273020,     46.0,     46.0,     46.0,    144.0,  9, 10, 11,  9,    1423892,    1423892,    1423892,    1423892
23,    1273015,     47.0,     47.0,     47.0,    146.0,  9, 10, 11,  9,    1423891,    1423891,    1423891,    1423891
23,    1273186,     62.0,     62.0,     62.0,    193.0,  9, 10, 11,  9,    1423929,    1423929,    1423929,    1423929
23,    1273191,     62.0,     62.0,     62.0,    193.0,  9, 10, 11,  9,    1423929,    1423929,    1423929,    1423929
23,    1273196,     61.0,     61.0,     61.0,    193.0,  9, 10, 11,  9,    1423929,    1423929,    1423929,    1423929
23,    1273458,     56.0,     56.0,     55.0,    180.0,  1,  2,  3,  3,    1272827,    1272827,    1273458,    1273458
23,    1273463,     58.0,     58.0,     58.0,    186.0,  9, 10, 11, 11,      80535,      80535,      80535,      80535
23,    3776887,     29.0,     29.0,     29.0,     95.0,  1,  2,  3,  1,    1486633,    1486633,    1486633,    1486633
23,    3761916,     33.0,     33.0,     33.0,    107.0,  9, 10, 11, 10,      74283,      74283,      74283,      74283
23,    2569385,     23.0,     22.0,     23.0,     70.0,  9, 10, 11,  9,    2399494,    2399494,    2399494,    2399494
23,    2569431,     23.0,     23.0,     23.0,     71.0,  9, 10, 11,  9,    2399494,    2399494,    2399494,    2399494
23,    2569419,     22.0,     22.0,     22.0,     69.0,  9, 10, 11, 10,    2399494,    2399494,    2399494,    2399494
23,    2569370,     22.0,     22.0,     22.0,     69.0,  9, 10, 11,  9,    2399494,    2399494,    2399494,    2399494
23,    2569380,     22.0,     22.0,     22.0,     69.0,  9, 10, 11, 10,    2399494,    2399494,    2399494,    2399494
23,    2569424,     22.0,     22.0,     22.0,     70.0,  9, 10, 11,  9,    2399494,    2399494,    2399494,    2399494
23,    3100425,     16.0,     16.0,     16.0,     52.0,  1,  2,  3,  1,    3100425,    3100425,    3100425,    3100425
23,    4194067,     61.0,     61.0,     61.0,    189.0,  9, 10, 11,  9,      80550,      80550,      80550,      80550
24,    2577888,     27.0,     27.0,     27.0,     78.0,  9, 10, 11,  9,    2403577,    2403577,    2403577,    2403577
24,    2069046,     27.0,     27.0,     27.0,     78.0,  9, 10, 11,  9,      74284,      74284,      74284,      74284
24,    2577983,     41.0,     41.0,     41.0,    119.0,  9, 10, 11,  9,    2403596,    2403596,    2403596,    2403596
24,    1476198,     34.0,     34.0,     34.0,     98.0,  4,  5,  6,  4,    1476198,    1476198,    1476198,    1476198
24,    2578109,     34.0,     34.0,     34.0,     98.0,  4,  5,  6,  4,    1486633,    1486633,    1486633,    1486633
24,    2580974,     67.0,     67.0,     67.0,    189.0,  4,  5,  6,  6,      43262,      43262,      43262,      43262
24,    1273369,     55.0,     55.0,     55.0,    156.0,  4,  5,  6,  6,      43262,      43262,      43262,      43262
24,    1272738,     47.0,     47.0,     47.0,    135.0,  4,  5,  6,  4,    1272738,    1272738,    1272738,    1272738
24,    1272743,     48.0,     48.0,     48.0,    138.0,  4,  5,  6,  4,    1272743,    1272743,    1272743,    1272743
24,    1272723,     54.0,     54.0,     54.0,    157.0,  9, 10, 11,  9,    1423778,    1423778,    1423778,    1423778
24,    1272718,     54.0,     54.0,     54.0,    158.0,  9, 10, 11,  9,    1423777,    1423777,    1423777,    1423777
24,    1272728,     55.0,     55.0,     55.0,    158.0,  9, 10, 11,  9,    1423779,    1423779,    1423779,    1423779
24,    1272733,     55.0,     55.0,     55.0,    159.0,  9, 10, 11,  9,    1423780,    1423780,    1423780,    1423780
24,    1272767,     69.0,     69.0,     69.0,    205.0, 12, 12, 12, 10,      80519,      80519,      80519,    1423791
24,    1272777,     51.0,     51.0,     51.0,    154.0,  9, 10, 11,  9,    1423792,    1423792,    1423792,    1423792
24,    1272797,     52.0,     53.0,     53.0,    156.0, 12, 10, 11,  9,    1423806,    1423806,    1423806,    1423806
24,    1272807,     53.0,     53.0,     53.0,    156.0,  9, 10, 11,  9,    1423807,    1423807,    1423807,    1423807
24,    1272817,     53.0,     54.0,     53.0,    157.0,  9, 10, 11,  9,    1423809,    1423809,    1423809,    1423809
24,    1272929,     51.0,     51.0,     51.0,    155.0, 12, 12, 12,  9,    1423844,    1423844,    1423844,    1423844
24,    1272919,     69.0,     70.0,     70.0,    206.0, 12, 12, 11,  9,      80547,      80547,      80547,    1423843
24,    1273069,     39.0,     39.0,     39.0,    118.0, 12, 12, 12,  9,      83151,      83151,      83151,      83151
24,    2576577,     39.0,     39.0,     40.0,    120.0, 12, 12, 12,  9,    1423910,    1423910,    1423910,    1423910
24,    2576993,     40.0,     40.0,     40.0,    120.0, 12, 12, 12,  9,    1423910,    1423910,    1423910,    1423910
24,    2577022,     40.0,     40.0,     40.0,    120.0, 12, 12, 12,  9,    1423910,    1423910,    1423910,    1423910
24,    2581830,     40.0,     40.0,     41.0,    121.0, 12, 12, 12,  9,    1423910,    1423910,    1423910,    1423910
24,    1273034,     68.0,     67.0,     68.0,    203.0,  9, 12, 12, 10,      83163,      83163,      83163,      83163
24,    1273039,     69.0,     68.0,     69.0,    205.0,  9, 12, 12, 10,      83163,      83163,      83163,      83163
24,    1272787,     26.0,     26.0,     26.0,     81.0, 12, 12, 12,  9,    1423803,    1423803,    1423803,    1423803
24,    1273385,     52.0,     52.0,     52.0,    147.0,  4,  5,  6,  4,      43262,      43262,      43262,    1273385
24,    1272133,     43.0,     43.0,     43.0,    124.0,  4,  5,  6,  4,    1272133,    1272133,    1272133,    1272133
24,    1272246,     55.0,     55.0,     55.0,    161.0, 12, 12, 12,  9,    1423471,    1423470,    1423470,    1423470
24,    2579454,     35.0,     35.0,     35.0,    101.0,  4,  5,  6,  4,    1486633,    1486633,    1486633,    1486633
24,    1272787,     26.0,     26.0,     26.0,     81.0, 12, 12, 12,  9,    1423803,    1423803,    1423803,    1423803
24,    1273020,     53.0,     54.0,     54.0,    158.0, 12, 12, 11,  9,    1423892,    1423892,    1423892,    1423892
24,    1273015,     54.0,     54.0,     54.0,    157.0,  9, 10, 11,  9,    1423891,    1423891,    1423891,    1423891
24,    1273186,     71.0,     71.0,     71.0,    208.0,  9, 10, 11,  9,    1423929,    1423929,    1423929,    1423929
24,    1273191,     71.0,     71.0,     71.0,    208.0,  9, 10, 11,  9,    1423929,    1423929,    1423929,    1423929
24,    1273196,     72.0,     72.0,     72.0,    208.0,  9, 10, 11,  9,    1423929,    1423929,    1423929,    1423929
24,    1273458,     62.0,     62.0,     62.0,    176.0,  4,  5,  6,  5,    1273458,    1273458,    1273458,    1273458
24,    1273463,     70.0,     69.0,     70.0,    198.0,  4,  5,  6,  5,    1273463,    1273463,    1273463,    1273463
24,    3776887,     33.0,     34.0,     34.0,     96.0,  4,  5,  6,  4,    1486633,    1486633,    1486633,    1486633
24,    3761916,     42.0,     41.0,     41.0,    119.0,  4, 12, 12,  4,    1272152,      74283,    2403596,    1272152
24,    2569385,     26.0,     26.0,     26.0,     78.0, 12, 12, 12,  9,    2399494,    2399494,    2399494,    2399503
24,    2569431,     26.0,     26.0,     26.0,     77.0, 12, 12, 12,  9,    2399494,    2399494,    2399494,    2399509
24,    2569419,     27.0,     27.0,     27.0,     79.0, 12, 12, 12,  9,    2399494,    2399494,    2399494,    2399506
24,    2569370,     27.0,     27.0,     27.0,     80.0, 12, 12, 12,  9,    2399494,    2399494,    2399494,    2399498
24,    2569380,     27.0,     27.0,     26.0,     79.0, 12, 12, 12, 11,    2399494,    2399494,    2399494,    2399498
24,    2569424,     26.0,     26.0,     26.0,     78.0, 12, 12, 12,  9,    2399494,    2399494,    2399494,    2399508
24,    3100425,     18.0,     18.0,     18.0,     52.0,  4,  5,  6,  4,    3100425,    3100425,    3100425,    3100425
24,    4194067,     70.0,     70.0,     70.0,    206.0, 12, 10, 12,  9,      80550,    2976017,      80550,    2976017
25,    2577888,     27.0,     27.0,     27.0,     78.0,  9, 10, 11,  9,    2403577,    2403577,    2403577,    2403577
25,    2069046,     27.0,     27.0,     27.0,     78.0,  9, 10, 11,  9,      74284,      74284,      74284,      74284
25,    2577983,     41.0,     41.0,     41.0,    119.0,  9, 10, 11,  9,    2403596,    2403596,    2403596,    2403596
25,    1476198,     34.0,     34.0,     34.0,     97.0,  4,  5,  6,  4,    1476198,    1476198,    1476198,    1476198
25,    2578109,     34.0,     34.0,     34.0,     97.0,  4,  5,  6,  4,    1486633,    1486633,    1486633,    1486633
25,    2580974,     67.0,     67.0,     67.0,    189.0,  4,  5,  6,  6,      43262,      43262,      43262,      43262
25,    1273369,     55.0,     55.0,     55.0,    156.0,  4,  5,  6,  6,      43262,      43262,      43262,      43262
25,    1272738,     47.0,     47.0,     47.0,    135.0,  4,  5,  6,  4,    1272738,    1272738,    1272738,    1272738
25,    1272743,     48.0,     48.0,     48.0,    138.0,  4,  5,  6,  4,    1272743,    1272743,    1272743,    1272743
25,    1272723,     54.0,     54.0,     54.0,    157.0,  9, 10, 11,  9,    1423778,    1423778,    1423778,    1423778
25,    1272718,     54.0,     54.0,     54.0,    158.0,  9, 10, 11,  9,    1423777,    1423777,    1423777,    1423777
25,    1272728,     55.0,     55.0,     55.0,    158.0,  9, 10, 11,  9,    1423779,    1423779,    1423779,    1423779
25,    1272733,     55.0,     55.0,     55.0,    159.0,  9, 10, 11,  9,    1423780,    1423780,    1423780,    1423780
25,    1272767,     69.0,     69.0,     69.0,    205.0, 12, 12, 12,  9,      80519,      80519,      80519,    1423791
25,    1272777,     51.0,     51.0,     51.0,    154.0,  9, 10, 11,  9,    1423792,    1423792,    1423792,    1423792
25,    1272797,     53.0,     53.0,     53.0,    156.0,  9, 10, 11,  9,    1423806,    1423806,    1423806,    1423806
25,    1272807,     53.0,     53.0,     53.0,    156.0,  9, 10, 11,  9,    1423807,    1423807,    1423807,    1423807
25,    1272817,     53.0,     53.0,     53.0,    157.0,  9, 12, 11,  9,    1423809,    1423809,    1423809,    1423809
25,    1272929,     51.0,     51.0,     51.0,    155.0, 12, 12, 12,  9,    1423844,    1423844,    1423844,    1423844
25,    1272919,     70.0,     70.0,     70.0,    206.0,  9, 10, 12,  9,      80547,      80547,      80547,    1423843
25,    1273069,     39.0,     39.0,     40.0,    117.0, 12, 12, 11,  9,      83151,    1423910,      83151,      83151
25,    2576577,     39.0,     40.0,     40.0,    119.0, 12, 12, 11,  9,    1423910,    1423910,    1423910,    1423910
25,    2576993,     40.0,     40.0,     40.0,    119.0, 12, 12, 12,  9,    1423910,    1423910,    1423910,    1423910
25,    2577022,     40.0,     40.0,     40.0,    120.0, 12, 12, 12,  9,    1423910,    1423910,    1423910,    1423910
25,    2581830,     40.0,     40.0,     41.0,    120.0, 12, 12, 11,  9,    1423910,    1423910,    1423910,    1423910
25,    1273034,     68.0,     68.0,     68.0,    203.0,  9, 10, 12, 10,      83163,      83163,      83163,      83163
25,    1273039,     69.0,     69.0,     69.0,    204.0,  9, 10, 11, 10,      83163,      83163,      83163,    1423897
25,    1272787,     26.0,     26.0,     26.0,     81.0, 12, 12, 12,  9,    1423803,    1423803,    1423803,    1423803
25,    1273385,     52.0,     52.0,     52.0,    147.0,  4,  5,  6,  4,      43262,      43262,      43262,    1273385
25,    1272133,     43.0,     43.0,     43.0,    123.0,  4,  5,  6,  4,    1272133,    1272133,    1272133,    1272133
25,    1272246,     55.0,     55.0,     55.0,    161.0, 12, 12, 12,  9,    1423470,    1423470,    1423470,    1423470
25,    2579454,     35.0,     35.0,     35.0,    100.0,  4,  5,  6,  4,    1486633,    1486633,    1486633,    1486633
25,    1272787,     26.0,     26.0,     26.0,     81.0, 12, 12, 12,  9,    1423803,    1423803,    1423803,    1423803
25,    1273020,     53.0,     54.0,     54.0,    158.0, 12, 10, 11,  9,    1423892,    1423892,    1423892,    1423892
25,    1273015,     54.0,     54.0,     54.0,    157.0,  9, 10, 11,  9,    1423891,    1423891,    1423891,    1423891
25,    1273186,     71.0,     71.0,     71.0,    208.0,  9, 10, 11,  9,    1423929,    1423929,    1423929,    1423929
25,    1273191,     71.0,     71.0,     71.0,    208.0,  9, 10, 11,  9,    1423929,    1423929,    1423929,    1423929
25,    1273196,     72.0,     72.0,     72.0,    208.0,  9, 10, 11,  9,    1423929,    1423929,    1423929,    1423929
25,    1273458,     62.0,     62.0,     62.0,    176.0,  4,  5,  6,  5,    1273458,    1273458,    1273458,    1273458
25,    1273463,     70.0,     69.0,     70.0,    198.0,  4,  5,  6,  5,    1273463,    1273463,    1273444,    1273463
25,    3776887,     33.0,     33.0,     33.0,     96.0,  4,  5,  6,  4,    1486633,    1486633,    1486633,    1486633
25,    3761916,     41.0,     41.0,     41.0,    119.0,  4, 12,  6,  4,    1272152,      74283,    1272152,    1272152
25,    2569385,     26.0,     26.0,     26.0,     78.0, 12, 12, 12,  9,    2399494,    2399494,    2399494,    2399503
25,    2569431,     26.0,     26.0,     26.0,     77.0, 12, 12, 12,  9,    2399494,    2399494,    2399494,    2399509
25,    2569419,     27.0,     27.0,     27.0,     79.0, 12, 12, 12,  9,    2399494,    2399494,    2399494,    2399506
25,    2569370,     27.0,     27.0,     27.0,     80.0, 12, 12, 12,  9,    2399494,    2399494,    2399494,    2399498
25,    2569380,     27.0,     27.0,     27.0,     79.0, 12, 12, 12, 11,    2399494,    2399494,    2399494,    2399498
25,    2569424,     26.0,     26.0,     26.0,     78.0, 12, 12, 12, 10,    2399494,    2399494,    2399494,    2399506
25,    3100425,     18.0,     18.0,     18.0,     52.0,  4,  5,  6,  4,    3100425,    3100425,    3100425,    3100425
25,    4194067,     70.0,     70.0,     70.0,    206.0, 12, 10, 12,  9,      80550,    2976017,      80550,    2976017
26,    2577888,     27.0,     27.0,     27.0,     78.0,  9, 10, 11,  9,    2403577,    2403577,    2403577,    2403577
26,    2069046,     27.0,     27.0,     27.0,     78.0,  9, 10, 11,  9,      74284,      74284,      74284,      74284
26,    2577983,     41.0,     41.0,     41.0,    119.0,  9, 10, 11,  9,    2403596,    2403596,    2403596,    2403596
26,    1476198,     34.0,     34.0,     34.0,     97.0,  4,  5,  6,  4,    1476198,    1476198,    1476198,    1476198
26,    2578109,     34.0,     34.0,     34.0,     97.0,  4,  5,  6,  4,    1486633,    1486633,    1486633,    1486633
26,    2580974,     67.0,     67.0,     67.0,    189.0,  4,  5,  6,  6,      43262,      43262,      43262,      43262
26,    1273369,     55.0,     55.0,     55.0,    156.0,  4,  5,  6,  6,      43262,      43262,      43262,      43262
26,    1272738,     47.0,     47.0,     47.0,    135.0,  4,  5,  6,  4,    1272738,    1272738,    1272738,    1272738
26,    1272743,     48.0,     48.0,     48.0,    138.0,  4,  5,  6,  4,    1272743,    1272743,    1272743,    1272743
26,    1272723,     54.0,     54.0,     54.0,    157.0,  9, 10, 11,  9,    1423778,    1423778,    1423778,    1423778
26,    1272718,     54.0,     54.0,     54.0,    158.0,  9, 10, 11,  9,    1423777,    1423777,    1423777,    1423777
26,    1272728,     55.0,     55.0,     55.0,    158.0,  9, 10, 11,  9,    1423779,    1423779,    1423779,    1423779
26,    1272733,     55.0,     55.0,     55.0,    159.0,  9, 10, 11,  9,    1423780,    1423780,    1423780,    1423780
26,    1272767,     69.0,     69.0,     69.0,    205.0, 12, 12, 12,  9,      80519,      80519,      80519,    1423791
26,    1272777,     51.0,     51.0,     51.0,    154.0,  9, 10, 11,  9,    1423792,    1423792,    1423792,    1423792
26,    1272797,     52.0,     53.0,     53.0,    156.0, 12, 10, 11,  9,    1423806,    1423806,    1423806,    1423806
26,    1272807,     53.0,     53.0,     53.0,    156.0,  9, 10, 11,  9,    1423807,    1423807,    1423807,    1423807
26,    1272817,     53.0,     53.0,     53.0,    157.0,  9, 12, 11,  9,    1423809,    1423809,    1423809,    1423809
26,    1272929,     51.0,     51.0,     51.0,    155.0, 12, 12, 12,  9,    1423844,    1423844,    1423844,    1423844
26,    1272919,     70.0,     70.0,     70.0,    206.0,  9, 12, 12,  9,      80547,      80547,      80547,    1423843
26,    1273069,     39.0,     39.0,     40.0,    117.0, 12, 12, 11,  9,      83151,      83151,      83151,      83151
26,    2576577,     39.0,     40.0,     40.0,    119.0, 12, 10, 11,  9,    1423910,    1423910,    1423910,    1423910
26,    2576993,     40.0,     40.0,     40.0,    119.0, 12, 12, 12,  9,    1423910,    1423910,    1423910,    1423910
26,    2577022,     40.0,     40.0,     40.0,    119.0, 12, 12, 12,  9,    1423910,    1423910,    1423910,    1423910
26,    2581830,     40.0,     40.0,     41.0,    120.0, 12, 12, 11,  9,    1423910,    1423910,    1423910,    1423910
26,    1273034,     68.0,     68.0,     68.0,    203.0,  9, 10, 12, 10,      83163,      83163,      83163,      83163
26,    1273039,     69.0,     69.0,     69.0,    204.0,  9, 10, 11, 10,      83163,      83163,      83163,    1423897
26,    1272787,     26.0,     26.0,     26.0,     81.0, 12, 12, 12,  9,    1423803,    1423803,    1423803,    1423803
26,    1273385,     52.0,     52.0,     51.0,    147.0,  4,  5,  6,  4,      43262,      43262,    1273385,    1273385
26,    1272133,     43.0,     43.0,     43.0,    123.0,  4,  5,  6,  4,    1272133,    1272133,    1272133,    1272133
26,    1272246,     55.0,     55.0,     55.0,    160.0, 12, 12, 12, 10,    1423471,    1423470,    1423470,    1423470
26,    2579454,     35.0,     35.0,     35.0,    100.0,  4,  5,  6,  4,    1486633,    1486633,    1486633,    1486633
26,    1272787,     26.0,     26.0,     26.0,     81.0, 12, 12, 12,  9,    1423803,    1423803,    1423803,    1423803
26,    1273020,     53.0,     54.0,     54.0,    158.0, 12, 10, 11,  9,    1423892,    1423892,    1423892,    1423892
26,    1273015,     54.0,     54.0,     54.0,    157.0,  9, 10, 11,  9,    1423891,    1423891,    1423891,    1423891
26,    1273186,     71.0,     71.0,     71.0,    208.0,  9, 10, 11,  9,    1423929,    1423929,    1423929,    1423929
26,    1273191,     71.0,     71.0,     71.0,    208.0,  9, 10, 11,  9,    1423929,    1423929,    1423929,    1423929
26,    1273196,     72.0,     72.0,     72.0,    208.0,  9, 10, 11,  9,    1423929,    1423929,    1423929,    1423929
26,    1273458,     62.0,     62.0,     62.0,    176.0,  4,  5,  6,  4,    1273458,    1272827,    1272827,    1273458
26,    1273463,     70.0,     69.0,     69.0,    197.0,  4,  5,  6,  5,    1273463,    1273463,    1273463,    1273463
26,    3776887,     33.0,     33.0,     33.0,     95.0,  4,  5,  6,  4,    1486633,    1486633,    1486633,    1486633
26,    3761916,     41.0,     41.0,     41.0,    118.0,  4,  5,  6,  4,    1272152,    1272152,    1272152,    1272152
26,    2569385,     26.0,     26.0,     26.0,     78.0, 12, 12, 12,  9,    2399494,    2399494,    2399494,    2399503
26,    2569431,     26.0,     26.0,     26.0,     77.0, 12, 12, 12,  9,    2399494,    2399494,    2399494,    2399509
26,    2569419,     27.0,     27.0,     27.0,     79.0, 12, 12, 12, 10,    2399494,    2399494,    2399494,    2399505
26,    2569370,     27.0,     27.0,     27.0,     80.0, 12, 12, 12,  9,    2399494,    2399494,    2399494,    2399498
26,    2569380,     27.0,     27.0,     26.0,     79.0, 12, 12, 12,  9,    2399494,    2399494,    2399494,    2399498
26,    2569424,     26.0,     26.0,     26.0,     78.0, 12, 12, 12, 10,    2399494,    2399494,    2399494,    2399506
26,    3100425,     18.0,     18.0,     18.0,     52.0,  4,  5,  6,  4,    3100425,    3100425,    3100425,    3100425
26,    4194067,     70.0,     70.0,     70.0,    206.0, 12, 12, 12,  9,      80550,      80550,      80550,    2976017
27,    2577888,     27.0,     27.0,     27.0,     78.0,  9, 10, 11,  9,    2403577,    2403577,    2403577,    2403577
27,    2069046,     27.0,     27.0,     27.0,     78.0,  9, 10, 11,  9,      74284,      74284,      74284,      74284
27,    2577983,     41.0,     41.0,     41.0,    119.0,  9, 10, 11,  9,    2403596,    2403596,    2403596,    2403596
27,    1476198,     34.0,     34.0,     34.0,     97.0,  4,  5,  6,  4,    1476198,    1476198,    1476198,    1476198
27,    2578109,     34.0,     34.0,     34.0,     97.0,  4,  5,  6,  4,    1486633,    1486633,    1486633,    1486633
27,    2580974,     67.0,     67.0,     67.0,    189.0,  4,  5,  6,  5,      43262,      43262,      43262,      43262
27,    1273369,     55.0,     55.0,     55.0,    156.0,  4,  5,  6,  5,      43262,      43262,      43262,      43262
27,    1272738,     47.0,     47.0,     47.0,    135.0,  4,  5,  6,  4,    1272738,    1272738,    1272738,    1272738
27,    1272743,     48.0,     48.0,     48.0,    138.0,  4,  5,  6,  4,    1272743,    1272743,    1272743,    1272743
27,    1272723,     54.0,     54.0,     54.0,    157.0,  9, 10, 11,  9,    1423778,    1423778,    1423778,    1423778
27,    1272718,     54.0,     54.0,     54.0,    158.0,  9, 10, 11,  9,    1423777,    1423777,    1423777,    1423777
27,    1272728,     55.0,     55.0,     55.0,    158.0,  9, 10, 11,  9,    1423779,    1423779,    1423779,    1423779
27,    1272733,     55.0,     55.0,     55.0,    159.0,  9, 10, 11,  9,    1423780,    1423780,    1423780,    1423780
27,    1272767,     69.0,     69.0,     69.0,    205.0, 12, 12, 12,  9,      80519,      80519,      80519,    1423791
27,    1272777,     51.0,     51.0,     51.0,    154.0,  9, 10, 11,  9,    1423792,    1423792,    1423792,    1423792
27,    1272797,     52.0,     53.0,     53.0,    156.0, 12, 10, 11,  9,    1423806,    1423806,    1423806,    1423806
27,    1272807,     53.0,     53.0,     53.0,    156.0,  9, 10, 11,  9,    1423807,    1423807,    1423807,    1423807
27,    1272817,     53.0,     53.0,     53.0,    157.0,  9, 10, 11,  9,    1423809,    1423809,    1423809,    1423809
27,    1272929,     51.0,     51.0,     51.0,    155.0, 12, 12, 12,  9,    1423844,    1423844,    1423844,    1423844
27,    1272919,     70.0,     70.0,     70.0,    206.0,  9, 10, 11,  9,      80547,      80547,      80547,    1423843
27,    1273069,     39.0,     39.0,     40.0,    117.0, 12, 12, 11,  9,      83151,      83151,      83151,      83151
27,    2576577,     39.0,     40.0,     40.0,    119.0, 12, 10, 11,  9,    1423910,    1423910,    1423910,    1423910
27,    2576993,     40.0,     40.0,     40.0,    119.0,  9, 12, 12,  9,    1423910,    1423910,    1423910,    1423910
27,    2577022,     40.0,     40.0,     40.0,    119.0, 12, 12, 12,  9,    1423910,    1423910,    1423910,    1423910
27,    2581830,     40.0,     40.0,     41.0,    120.0, 12, 12, 11,  9,    1423910,    1423910,    1423910,    1423910
27,    1273034,     68.0,     68.0,     68.0,    203.0,  9, 10, 12, 10,      83163,      83163,      83163,      83163
27,    1273039,     69.0,     68.0,     69.0,    204.0,  9, 12, 11, 10,      83163,      83163,      83163,    1423897
27,    1272787,     26.0,     26.0,     26.0,     81.0, 12, 12, 12,  9,    1423803,    1423803,    1423803,    1423803
27,    1273385,     52.0,     52.0,     52.0,    147.0,  4,  5,  6,  4,      43262,      43262,      43262,    1273385
27,    1272133,     43.0,     43.0,     43.0,    123.0,  4,  5,  6,  4,    1272133,    1272133,    1272133,    1272133
27,    1272246,     55.0,     55.0,     55.0,    160.0, 12, 12, 12, 10,    1423471,    1423470,    1423470,    1423470
27,    2579454,     35.0,     35.0,     35.0,    100.0,  4,  5,  6,  4,    1486633,    1486633,    1486633,    1486633
27,    1272787,     26.0,     26.0,     26.0,     81.0, 12, 12, 12,  9,    1423803,    1423803,    1423803,    1423803
27,    1273020,     54.0,     54.0,     54.0,    158.0,  9, 10, 11,  9,    1423892,    1423892,    1423892,    1423892
27,    1273015,     54.0,     54.0,     54.0,    157.0,  9, 10, 11,  9,    1423891,    1423891,    1423891,    1423891
27,    1273186,     71.0,     71.0,     71.0,    208.0,  9, 10, 11,  9,    1423929,    1423929,    1423929,    1423929
27,    1273191,     71.0,     71.0,     71.0,    208.0,  9, 10, 11,  9,    1423929,    1423929,    1423929,    1423929
27,    1273196,     72.0,     72.0,     72.0,    208.0,  9, 10, 11,  9,    1423929,    1423929,    1423929,    1423929
27,    1273458,     62.0,     62.0,     62.0,    176.0,  4,  5,  6,  4,    1272827,    1273458,    1273458,    1273458
27,    1273463,     69.0,     69.0,     70.0,    197.0,  4,  5,  6,  4,    1273463,    1273463,    1273444,    1273463
27,    3776887,     33.0,     33.0,     33.0,     95.0,  4,  5,  6,  4,    1486633,    1486633,    1486633,    1486633
27,    3761916,     41.0,     41.0,     41.0,    118.0,  4,  5,  6,  4,    1272152,    1272152,    1272152,    1272152
27,    2569385,     26.0,     26.0,     26.0,     78.0, 12, 12, 12,  9,    2399494,    2399494,    2399494,    2399503
27,    2569431,     26.0,     26.0,     26.0,     77.0, 12, 12, 12,  9,    2399494,    2399494,    2399494,    2399509
27,    2569419,     27.0,     27.0,     27.0,     79.0, 12, 12, 12,  9,    2399494,    2399494,    2399494,    2399507
27,    2569370,     27.0,     27.0,     27.0,     80.0, 12, 12, 12,  9,    2399494,    2399494,    2399494,    2399498
27,    2569380,     27.0,     27.0,     27.0,     79.0, 12, 12, 12,  9,    2399494,    2399494,    2399494,    2399498
27,    2569424,     26.0,     26.0,     26.0,     79.0, 12, 12, 12,  9,    2399494,    2399494,    2399494,    2399505
27,    3100425,     18.0,     18.0,     18.0,     52.0,  4,  5,  6,  4,    3100425,    3100425,    3100425,    3100425
27,    4194067,     70.0,     70.0,     70.0,    206.0, 12, 12, 12,  9,      80550,      80550,      80550,    2976017
28,    2577888,     27.0,     27.0,     27.0,     78.0,  9, 10, 11,  9,    2403577,    2403577,    2403577,    2403577
28,    2069046,     27.0,     27.0,     27.0,     78.0,  9, 10, 11,  9,      74284,      74284,      74284,      74284
28,    2577983,     41.0,     41.0,     41.0,    119.0,  9, 10, 11,  9,    2403596,    2403596,    2403596,    2403596
28,    1476198,     34.0,     34.0,     34.0,     97.0,  4,  5,  6,  4,    1476198,    1476198,    1476198,    1476198
28,    2578109,     34.0,     34.0,     34.0,     97.0,  4,  5,  6,  4,    1486633,    1486633,    1486633,    1486633
28,    2580974,     67.0,     67.0,     67.0,    189.0,  4,  5,  6,  5,      43262,      43262,      43262,      43262
28,    1273369,     55.0,     55.0,     55.0,    156.0,  4,  5,  6,  5,      43262,      43262,      43262,      43262
28,    1272738,     47.0,     47.0,     47.0,    135.0,  4,  5,  6,  4,    1272738,    1272738,    1272738,    1272738
28,    1272743,     48.0,     48.0,     48.0,    138.0,  4,  5,  6,  4,    1272743,    1272743,    1272743,    1272743
28,    1272723,     54.0,     54.0,     54.0,    157.0,  9, 10, 11,  9,    1423778,    1423778,    1423778,    1423778
28,    1272718,     54.0,     54.0,     54.0,    158.0,  9, 10, 11,  9,    1423777,    1423777,    1423777,    1423777
28,    1272728,     55.0,     55.0,     55.0,    158.0,  9, 10, 11,  9,    1423779,    1423779,    1423779,    1423779
28,    1272733,     55.0,     55.0,     55.0,    159.0,  9, 10, 11,  9,    1423780,    1423780,    1423780,    1423780
28,    1272767,     69.0,     69.0,     69.0,    205.0, 12, 10, 12,  9,      80519,      80519,      80519,    1423791
28,    1272777,     51.0,     51.0,     51.0,    153.0,  9, 10, 11, 10,    1423792,    1423792,    1423792,    1423792
28,    1272797,     52.0,     53.0,     53.0,    156.0, 12, 10, 11,  9,    1423806,    1423806,    1423806,    1423806
28,    1272807,     53.0,     53.0,     53.0,    156.0,  9, 10, 11,  9,    1423807,    1423807,    1423807,    1423807
28,    1272817,     53.0,     53.0,     53.0,    157.0,  9, 10, 11,  9,    1423809,    1423809,    1423809,    1423809
28,    1272929,     51.0,     51.0,     51.0,    154.0, 12, 12, 12,  9,    1423844,    1423844,    1423844,    1423844
28,    1272919,     70.0,     70.0,     70.0,    206.0,  9, 10, 11,  9,      80547,      80547,      80547,    1423843
28,    1273069,     39.0,     39.0,     40.0,    117.0, 12, 12, 11,  9,      83151,    1423910,      83151,      83151
28,    2576577,     39.0,     40.0,     40.0,    119.0, 12, 10, 11,  9,    1423910,    1423910,    1423910,    1423910
28,    2576993,     40.0,     40.0,     40.0,    119.0, 12, 12, 12,  9,    1423910,    1423910,    1423910,    1423910
28,    2577022,     40.0,     40.0,     40.0,    119.0, 12, 12, 12,  9,    1423910,    1423910,    1423910,    1423910
28,    2581830,     40.0,     40.0,     41.0,    120.0, 12, 12, 11,  9,    1423910,    1423910,    1423910,    1423910
28,    1273034,     68.0,     68.0,     68.0,    203.0,  9, 10, 12, 10,      83163,      83163,      83163,      83163
28,    1273039,     69.0,     68.0,     69.0,    205.0,  9, 12, 12,  9,      83163,      83163,      83163,      83163
28,    1272787,     26.0,     26.0,     26.0,     81.0, 12, 12, 12,  9,    1423803,    1423803,    1423803,    1423803
28,    1273385,     52.0,     52.0,     51.0,    147.0,  4,  5,  6,  4,      43262,      43262,    1273385,    1273385
28,    1272133,     43.0,     43.0,     43.0,    123.0,  4,  5,  6,  4,    1272133,    1272133,    1272133,    1272133
28,    1272246,     55.0,     55.0,     55.0,    160.0, 12, 12, 12, 10,    1423470,    1423470,    1423470,    1423470
28,    2579454,     35.0,     35.0,     35.0,    100.0,  4,  5,  6,  4,    1486633,    1486633,    1486633,    1486633
28,    1272787,     26.0,     26.0,     26.0,     81.0, 12, 12, 12,  9,    1423803,    1423803,    1423803,    1423803
28,    1273020,     54.0,     54.0,     54.0,    158.0,  9, 10, 11,  9,    1423892,    1423892,    1423892,    1423892
28,    1273015,     54.0,     54.0,     54.0,    157.0,  9, 10, 11,  9,    1423891,    1423891,    1423891,    1423891
28,    1273186,     71.0,     71.0,     71.0,    208.0,  9, 10, 11,  9,    1423929,    1423929,    1423929,    1423929
28,    1273191,     71.0,     71.0,     71.0,    208.0,  9, 10, 11,  9,    1423929,    1423929,    1423929,    1423929
28,    1273196,     72.0,     72.0,     72.0,    208.0,  9, 10, 11,  9,    1423929,    1423929,    1423929,    1423929
28,    1273458,     62.0,     62.0,     62.0,    176.0,  4,  5,  6,  4,    1272827,    1272827,    1272827,    1273458
28,    1273463,     69.0,     69.0,     69.0,    197.0,  4,  5,  6,  4,    1273463,    1273463,    1273463,    1273463
28,    3776887,     33.0,     33.0,     33.0,     95.0,  4,  5,  6,  4,    1486633,    1486633,    1486633,    1486633
28,    3761916,     41.0,     41.0,     41.0,    118.0,  4,  5,  6,  5,    1272152,    1272152,    1272152,    1272152
28,    2569385,     26.0,     26.0,     26.0,     78.0, 12, 12, 12,  9,    2399494,    2399494,    2399494,    2399503
28,    2569431,     26.0,     26.0,     26.0,     77.0, 12, 12, 12,  9,    2399494,    2399494,    2399494,    2399509
28,    2569419,     27.0,     27.0,     27.0,     79.0, 12, 12, 12, 10,    2399494,    2399494,    2399494,    2399506
28,    2569370,     27.0,     27.0,     27.0,     80.0, 12, 12, 12,  9,    2399494,    2399494,    2399494,    2399498
28,    2569380,     27.0,     27.0,     27.0,     79.0, 12, 12, 12,  9,    2399494,    2399494,    2399494,    2399498
28,    2569424,     26.0,     26.0,     26.0,     78.0, 12, 12, 12, 11,    2399494,    2399494,    2399494,    2399508
28,    3100425,     18.0,     18.0,     18.0,     52.0,  4,  5,  6,  4,    3100425,    3100425,    3100425,    3100425
28,    4194067,     70.0,     70.0,     70.0,    207.0, 12, 12, 12,  9,      80550,      80550,      80550,    2976017
29,    2577888,     27.0,     27.0,     27.0,     78.0,  9, 10, 11,  9,    2403577,    2403577,    2403577,    2403577
29,    2069046,     27.0,     27.0,     27.0,     78.0,  9, 10, 11,  9,      74284,      74284,      74284,      74284
29,    2577983,     41.0,     41.0,     41.0,    119.0,  9, 10, 11,  9,    2403596,    2403596,    2403596,    2403596
29,    1476198,     34.0,     34.0,     34.0,     97.0,  4,  5,  6,  4,    1476198,    1476198,    1476198,    1476198
29,    2578109,     34.0,     34.0,     34.0,     97.0,  4,  5,  6,  4,    1486633,    1486633,    1486633,    1486633
29,    2580974,     67.0,     67.0,     67.0,    189.0,  4,  5,  6,  6,      43262,      43262,      43262,      43262
29,    1273369,     55.0,     55.0,     55.0,    156.0,  4,  5,  6,  6,      43262,      43262,      43262,      43262
29,    1272738,     47.0,     47.0,     47.0,    135.0,  4,  5,  6,  4,    1272738,    1272738,    1272738,    1272738
29,    1272743,     48.0,     48.0,     48.0,    138.0,  4,  5,  6,  4,    1272743,    1272743,    1272743,    1272743
29,    1272723,     54.0,     54.0,     54.0,    157.0,  9, 10, 11,  9,    1423778,    1423778,    1423778,    1423778
29,    1272718,     54.0,     54.0,     54.0,    158.0,  9, 10, 11,  9,    1423777,    1423777,    1423777,    1423777
29,    1272728,     55.0,     55.0,     55.0,    158.0,  9, 10, 11,  9,    1423779,    1423779,    1423779,    1423779
29,    1272733,     55.0,     55.0,     55.0,    159.0,  9, 10, 11,  9,    1423780,    1423780,    1423780,    1423780
29,    1272767,     69.0,     69.0,     69.0,    205.0, 12, 10, 12,  9,      80519,      80519,      80519,    1423791
29,    1272777,     51.0,     51.0,     51.0,    153.0,  9, 10, 11, 10,    1423792,    1423792,    1423792,    1423792
29,    1272797,     53.0,     53.0,     52.0,    156.0,  9, 10, 12,  9,    1423806,    1423806,    1423806,    1423806
29,    1272807,     53.0,     53.0,     53.0,    156.0,  9, 10, 11,  9,    1423807,    1423807,    1423807,    1423807
29,    1272817,     53.0,     53.0,     53.0,    157.0,  9, 12, 11,  9,    1423809,    1423809,    1423809,    1423809
29,    1272929,     51.0,     51.0,     51.0,    154.0, 12, 12, 12,  9,    1423844,    1423844,    1423844,    1423844
29,    1272919,     70.0,     70.0,     70.0,    206.0,  9, 10, 11,  9,      80547,      80547,      80547,    1423843
29,    1273069,     39.0,     39.0,     39.0,    117.0, 12, 12, 12, 11,      83151,      83151,      83151,      83151
29,    2576577,     40.0,     39.0,     40.0,    119.0,  9, 12, 11,  9,    1423910,    1423910,    1423910,    1423910
29,    2576993,     40.0,     40.0,     40.0,    119.0, 12, 12, 12, 11,    1423910,    1423910,    1423910,    1423910
29,    2577022,     40.0,     40.0,     40.0,    120.0, 12, 12, 12,  9,    1423910,    1423910,    1423910,    1423910
29,    2581830,     40.0,     40.0,     41.0,    120.0, 12, 12, 11, 11,    1423910,    1423910,    1423910,    1423910
29,    1273034,     68.0,     68.0,     68.0,    203.0,  9, 10, 12, 10,      83163,      83163,      83163,      83163
29,    1273039,     69.0,     68.0,     69.0,    205.0,  9, 12, 12,  9,      83163,      83163,      83163,      83163
29,    1272787,     26.0,     26.0,     26.0,     80.0, 12, 12, 12,  9,    1423803,    1423803,    1423803,    1423803
29,    1273385,     52.0,     52.0,     52.0,    147.0,  4,  5,  6,  4,      43262,      43262,      43262,    1273385
29,    1272133,     43.0,     43.0,     43.0,    123.0,  4,  5,  6,  4,    1272133,    1272133,    1272133,    1272133
29,    1272246,     55.0,     55.0,     55.0,    160.0, 12, 12, 12, 10,    1423470,    1423470,    1423470,    1423470
29,    2579454,     35.0,     35.0,     35.0,    100.0,  4,  5,  6,  4,    1486633,    1486633,    1486633,    1486633
29,    1272787,     26.0,     26.0,     26.0,     80.0, 12, 12, 12,  9,    1423803,    1423803,    1423803,    1423803
29,    1273020,     53.0,     54.0,     54.0,    158.0, 12, 10, 11,  9,    1423892,    1423892,    1423892,    1423892
29,    1273015,     54.0,     54.0,     54.0,    157.0,  9, 10, 11,  9,    1423891,    1423891,    1423891,    1423891
29,    1273186,     71.0,     71.0,     71.0,    208.0,  9, 10, 11,  9,    1423929,    1423929,    1423929,    1423929
29,    1273191,     71.0,     71.0,     71.0,    208.0,  9, 10, 11,  9,    1423929,    1423929,    1423929,    1423929
29,    1273196,     72.0,     72.0,     72.0,    208.0,  9, 10, 11,  9,    1423929,    1423929,    1423929,    1423929
29,    1273458,     62.0,     62.0,     62.0,    176.0,  4,  5,  6,  4,    1273458,    1272827,    1273458,    1273458
29,    1273463,     69.0,     69.0,     69.0,    197.0,  4,  5,  6,  5,    1273463,    1273463,    1273463,    1273463
29,    3776887,     33.0,     33.0,     33.0,     95.0,  4,  5,  6,  4,    1486633,    1486633,    1486633,    1486633
29,    3761916,     41.0,     41.0,     41.0,    118.0,  4,  5,  6,  4,    1272152,    1272152,    1272152,    1272152
29,    2569385,     26.0,     26.0,     26.0,     78.0, 12, 12, 12,  9,    2399494,    2399494,    2399494,    2399503
29,    2569431,     26.0,     26.0,     26.0,     77.0, 12, 12, 12,  9,    2399494,    2399494,    2399494,    2399509
29,    2569419,     27.0,     27.0,     27.0,     79.0, 12, 12, 12,  9,    2399494,    2399494,    2399494,    2399506
29,    2569370,     27.0,     27.0,     27.0,     80.0, 12, 12, 12,  9,    2399494,    2399494,    2399494,    2399498
29,    2569380,     27.0,     27.0,     27.0,     79.0, 12, 12, 12,  9,    2399494,    2399494,    2399494,    2399498
29,    2569424,     26.0,     26.0,     26.0,     78.0, 12, 12, 12, 10,    2399494,    2399494,    2399494,    2399506
29,    3100425,     18.0,     18.0,     18.0,     52.0,  4,  5,  6,  4,    3100425,    3100425,    3100425,    3100425
29,    4194067,     70.0,     70.0,     70.0,    207.0, 12, 10, 12,  9,      80550,    2976017,      80550,    2976017
30,    2577888,     27.0,     27.0,     27.0,     78.0,  9, 10, 11,  9,    2403577,    2403577,    2403577,    2403577
30,    2069046,     27.0,     27.0,     27.0,     78.0,  9, 10, 11,  9,      74284,      74284,      74284,      74284
30,    2577983,     41.0,     41.0,     41.0,    119.0,  9, 10, 11,  9,    2403596,    2403596,    2403596,    2403596
30,    1476198,     34.0,     34.0,     34.0,     96.0,  4,  5,  6,  4,    1476198,    1476198,    1476198,    1476198
30,    2578109,     34.0,     34.0,     34.0,     96.0,  4,  5,  6,  4,    1486633,    1486633,    1486633,    1486633
30,    2580974,     66.0,     66.0,     66.0,    189.0,  4,  5,  6,  4,      43262,      43262,      43262,      43262
30,    1273369,     55.0,     54.0,     54.0,    155.0,  4,  5,  6,  4,      43262,    1273369,    1273369,    1273369
30,    1272738,     47.0,     47.0,     47.0,    134.0,  4,  5,  6,  4,    1272738,    1272738,    1272738,    1272738
30,    1272743,     48.0,     48.0,     48.0,    138.0,  4,  5,  6,  4,    1272743,    1272743,    1272743,    1272743
30,    1272723,     54.0,     54.0,     54.0,    157.0,  9, 10, 11,  9,    1423778,    1423778,    1423778,    1423778
30,    1272718,     54.0,     54.0,     54.0,    158.0,  9, 10, 11,  9,    1423777,    1423777,    1423777,    1423777
30,    1272728,     55.0,     55.0,     55.0,    158.0,  9, 10, 11,  9,    1423779,    1423779,    1423779,    1423779
30,    1272733,     55.0,     55.0,     55.0,    159.0,  9, 10, 11,  9,    1423780,    1423780,    1423780,    1423780
30,    1272767,     69.0,     69.0,     69.0,    205.0, 12, 12, 12,  9,      80519,      80519,      80519,    1423791
30,    1272777,     51.0,     51.0,     51.0,    154.0,  9, 10, 11,  9,    1423792,    1423792,    1423792,    1423792
30,    1272797,     53.0,     53.0,     53.0,    156.0,  9, 10, 11,  9,    1423806,    1423806,    1423806,    1423806
30,    1272807,     53.0,     53.0,     53.0,    156.0,  9, 10, 11,  9,    1423807,    1423807,    1423807,    1423807
30,    1272817,     53.0,     53.0,     53.0,    157.0,  9, 12, 11,  9,    1423809,    1423809,    1423809,    1423809
30,    1272929,     51.0,     51.0,     51.0,    154.0, 12, 12, 12, 10,    1423844,    1423844,    1423844,    1423844
30,    1272919,     70.0,     70.0,     70.0,    206.0,  9, 10, 11,  9,      80547,      80547,      80547,    1423843
30,    1273069,     39.0,     39.0,     40.0,    117.0, 12, 12, 11, 11,      83151,    1423910,      83151,      83151
30,    2576577,     39.0,     40.0,     40.0,    119.0, 12, 12, 11,  9,    1423910,    1423910,    1423910,    1423910
30,    2576993,     40.0,     40.0,     40.0,    119.0, 12, 12, 12,  9,    1423910,    1423910,    1423910,    1423910
30,    2577022,     40.0,     40.0,     40.0,    120.0, 12, 12, 12,  9,    1423910,    1423910,    1423910,    1423910
30,    2581830,     40.0,     40.0,     41.0,    120.0, 12, 12, 11,  9,    1423910,    1423910,    1423910,    1423910
30,    1273034,     68.0,     68.0,     68.0,    203.0,  9, 10, 12, 10,      83163,      83163,      83163,      83163
30,    1273039,     69.0,     69.0,     69.0,    204.0,  9, 10, 11, 10,      83163,      83163,      83163,    1423897
30,    1272787,     26.0,     26.0,     26.0,     77.0,  9, 10, 11,  9,    1423803,    1423803,    1423803,    1423803
30,    1273385,     51.0,     51.0,     51.0,    147.0,  4,  5,  6,  4,    1273385,    1273385,    1273385,      43262
30,    1272133,     43.0,     43.0,     43.0,    122.0,  4,  5,  6,  4,    1272133,    1272133,    1272133,    1272133
30,    1272246,     55.0,     55.0,     55.0,    161.0, 12, 12, 12,  9,    1423470,    1423470,    1423470,    1423470
30,    2579454,     35.0,     35.0,     35.0,     99.0,  4,  5,  6,  4,    1486633,    1486633,    1486633,    1486633
30,    1272787,     26.0,     26.0,     26.0,     77.0,  9, 10, 11,  9,    1423803,    1423803,    1423803,    1423803
30,    1273020,     53.0,     54.0,     54.0,    158.0, 12, 10, 11,  9,    1423892,    1423892,    1423892,    1423892
30,    1273015,     54.0,     54.0,     54.0,    157.0,  9, 10, 11,  9,    1423891,    1423891,    1423891,    1423891
30,    1273186,     71.0,     71.0,     71.0,    208.0,  9, 10, 11,  9,    1423929,    1423929,    1423929,    1423929
30,    1273191,     71.0,     71.0,     71.0,    208.0,  9, 10, 11,  9,    1423929,    1423929,    1423929,    1423929
30,    1273196,     72.0,     72.0,     72.0,    208.0,  9, 10, 11, 10,    1423929,    1423929,    1423929,    1423929
30,    1273458,     61.0,     62.0,     61.0,    175.0,  4,  5,  6,  4,    1273458,    1272827,    1273458,    1273458
30,    1273463,     69.0,     69.0,     69.0,    197.0,  4,  5,  6,  4,    1273463,    1273463,    1273463,    1273463
30,    3776887,     33.0,     33.0,     33.0,     95.0,  4,  5,  6,  4,    1486633,    1486633,    1486633,    1486633
30,    3761916,     41.0,     41.0,     41.0,    118.0,  4,  5,  6,  4,    1272152,    1272152,    1272152,    1272152
30,    2569385,     26.0,     26.0,     26.0,     78.0, 12, 12, 12,  9,    2399494,    2399494,    2399494,    2399503
30,    2569431,     26.0,     26.0,     26.0,     77.0, 12, 12, 12,  9,    2399494,    2399494,    2399494,    2399509
30,    2569419,     27.0,     27.0,     27.0,     79.0, 12, 12, 12,  9,    2399494,    2399494,    2399494,    2399506
30,    2569370,     27.0,     27.0,     27.0,     80.0, 12, 12, 12,  9,    2399494,    2399494,    2399494,    2399498
30,    2569380,     27.0,     27.0,     27.0,     79.0, 12, 12, 12,  9,    2399494,    2399494,    2399494,    2399498
30,    2569424,     26.0,     26.0,     26.0,     78.0, 12, 12, 12, 10,    2399494,    2399494,    2399494,    2399506
30,    3100425,     18.0,     18.0,     18.0,     52.0,  4,  5,  6,  4,    3100425,    3100425,    3100425,    3100425
30,    4194067,     70.0,     70.0,     70.0,    206.0, 12, 12, 12,  9,      80550,      80550,      80550,    2976017
31,    2577888,     27.0,     27.0,     27.0,     78.0,  9, 10, 11,  9,    2403577,    2403577,    2403577,    2403577
31,    2069046,     27.0,     27.0,     27.0,     78.0,  9, 10, 11,  9,      74284,      74284,      74284,      74284
31,    2577983,     41.0,     41.0,     41.0,    119.0,  9, 10, 11,  9,    2403596,    2403596,    2403596,    2403596
31,    1476198,     34.0,     34.0,     34.0,     97.0,  4,  5,  6,  4,    1476198,    1476198,    1476198,    1476198
31,    2578109,     34.0,     34.0,     34.0,     97.0,  4,  5,  6,  4,    1486633,    1486633,    1486633,    1486633
31,    2580974,     67.0,     67.0,     67.0,    190.0,  4,  5,  6,  4,      43262,      43262,      43262,      43262
31,    1273369,     55.0,     55.0,     55.0,    156.0,  4,  5,  6,  4,      43262,      43262,      43262,    1273369
31,    1272738,     47.0,     47.0,     47.0,    135.0,  4,  5,  6,  4,    1272738,    1272738,    1272738,    1272738
31,    1272743,     48.0,     48.0,     48.0,    138.0,  4,  5,  6,  4,    1272743,    1272743,    1272743,    1272743
31,    1272723,     54.0,     54.0,     54.0,    157.0,  9, 10, 11,  9,    1423778,    1423778,    1423778,    1423778
31,    1272718,     54.0,     54.0,     54.0,    158.0,  9, 10, 11,  9,    1423777,    1423777,    1423777,    1423777
31,    1272728,     55.0,     55.0,     55.0,    158.0,  9, 10, 11,  9,    1423779,    1423779,    1423779,    1423779
31,    1272733,     55.0,     55.0,     55.0,    159.0,  9, 10, 11,  9,    1423780,    1423780,    1423780,    1423780
31,    1272767,     69.0,     69.0,     69.0,    205.0, 12, 12, 12,  9,      80519,      80519,      80519,    1423791
31,    1272777,     51.0,     51.0,     51.0,    154.0,  9, 10, 11,  9,    1423792,    1423792,    1423792,    1423792
31,    1272797,     52.0,     53.0,     52.0,    156.0, 12, 10, 12,  9,    1423806,    1423806,    1423806,    1423806
31,    1272807,     53.0,     53.0,     53.0,    156.0,  9, 10, 11,  9,    1423807,    1423807,    1423807,    1423807
31,    1272817,     53.0,     54.0,     53.0,    157.0,  9, 10, 11,  9,    1423809,    1423809,    1423809,    1423809
31,    1272929,     51.0,     51.0,     51.0,    154.0, 12, 12, 12, 10,    1423844,    1423844,    1423844,    1423844
31,    1272919,     70.0,     70.0,     70.0,    206.0, 12, 10, 11,  9,      80547,      80547,      80547,    1423843
31,    1273069,     39.0,     39.0,     39.0,    118.0, 12, 12, 12,  9,      83151,      83151,      83151,      83151
31,    2576577,     39.0,     40.0,     40.0,    119.0, 12, 12, 11,  9,    1423910,    1423910,    1423910,    1423910
31,    2576993,     40.0,     40.0,     40.0,    120.0, 12, 12, 12,  9,    1423910,    1423910,    1423910,    1423910
31,    2577022,     40.0,     40.0,     40.0,    120.0, 12, 12, 12,  9,    1423910,    1423910,    1423910,    1423910
31,    2581830,     40.0,     41.0,     40.0,    120.0, 12, 12, 12,  9,    1423910,    1423910,    1423910,    1423910
31,    1273034,     68.0,     68.0,     68.0,    203.0, 12, 10, 11,  9,      83163,      83163,      83163,    1423896
31,    1273039,     69.0,     69.0,     68.0,    204.0, 12, 10, 12, 10,      83163,      83163,      83163,    1423897
31,    1272787,     26.0,     26.0,     26.0,     79.0,  9, 10, 11,  9,    1423803,    1423803,    1423803,    1423803
31,    1273385,     52.0,     52.0,     52.0,    147.0,  4,  5,  6,  5,      43262,      43262,      43262,    1273385
31,    1272133,     43.0,     43.0,     43.0,    123.0,  4,  5,  6,  4,    1272133,    1272133,    1272133,    1272133
31,    1272246,     55.0,     55.0,     55.0,    161.0, 12, 12, 12,  9,    1423470,    1423470,    1423470,    1423470
31,    2579454,     35.0,     35.0,     35.0,    100.0,  4,  5,  6,  4,    1486633,    1486633,    1486633,    1486633
31,    1272787,     26.0,     26.0,     26.0,     79.0,  9, 10, 11,  9,    1423803,    1423803,    1423803,    1423803
31,    1273020,     54.0,     54.0,     54.0,    158.0,  9, 10, 11,  9,    1423892,    1423892,    1423892,    1423892
31,    1273015,     54.0,     54.0,     54.0,    157.0,  9, 10, 11,  9,    1423891,    1423891,    1423891,    1423891
31,    1273186,     71.0,     71.0,     71.0,    208.0,  9, 10, 11,  9,    1423929,    1423929,    1423929,    1423929
31,    1273191,     71.0,     71.0,     71.0,    208.0,  9, 10, 11,  9,    1423929,    1423929,    1423929,    1423929
31,    1273196,     72.0,     72.0,     72.0,    208.0,  9, 10, 11,  9,    1423929,    1423929,    1423929,    1423929
31,    1273458,     62.0,     62.0,     62.0,    177.0,  4,  5,  6,  4,    1273458,    1273458,    1273458,    1273458
31,    1273463,     70.0,     70.0,     70.0,    198.0,  4,  5,  6,  4,    1273463,    1273463,    1273463,    1273463
31,    3776887,     33.0,     33.0,     33.0,     95.0,  4,  5,  6,  4,    1486633,    1486633,    1486633,    1486633
31,    3761916,     41.0,     41.0,     41.0,    119.0,  4, 12, 12,  4,    1272152,      74283,    2403596,    1272152
31,    2569385,     26.0,     26.0,     26.0,     78.0, 12, 12, 12,  9,    2399494,    2399494,    2399494,    2399503
31,    2569431,     26.0,     26.0,     26.0,     77.0, 12, 12, 11, 10,    2399494,    2399494,    2399494,    2399509
31,    2569419,     27.0,     27.0,     27.0,     79.0, 12, 12, 12, 10,    2399494,    2399494,    2399494,    2399505
31,    2569370,     27.0,     27.0,     27.0,     80.0, 12, 12, 12,  9,    2399494,    2399494,    2399494,    2399498
31,    2569380,     27.0,     27.0,     27.0,     79.0, 12, 12, 11,  9,    2399494,    2399494,    2399494,    2399498
31,    2569424,     26.0,     26.0,     26.0,     78.0, 12, 12, 12,  9,    2399494,    2399494,    2399494,    2399506
31,    3100425,     18.0,     18.0,     18.0,     52.0,  4,  5,  6,  4,    3100425,    3100425,    3100425,    3100425
31,    4194067,     70.0,     70.0,     70.0,    206.0, 12, 12, 12, 10,      80550,      80550,      80550,    2976017
32,    2577888,     27.0,     27.0,     27.0,     78.0,  9, 10, 11,  9,    2403577,    2403577,    2403577,    2403577
32,    2069046,     27.0,     27.0,     27.0,     78.0,  9, 10, 11,  9,      74284,      74284,      74284,      74284
32,    2577983,     41.0,     41.0,     41.0,    119.0,  9, 10, 11,  9,    2403596,    2403596,    2403596,    2403596
32,    1476198,     34.0,     34.0,     34.0,     97.0,  4,  5,  6,  4,    1476198,    1476198,    1476198,    1476198
32,    2578109,     34.0,     34.0,     34.0,     97.0,  4,  5,  6,  4,    1486633,    1486633,    1486633,    1486633
32,    2580974,     67.0,     67.0,     67.0,    190.0,  4,  5,  6,  4,      43262,      43262,      43262,      43262
32,    1273369,     55.0,     55.0,     55.0,    156.0,  4,  5,  6,  4,      43262,      43262,      43262,    1273369
32,    1272738,     47.0,     47.0,     47.0,    135.0,  4,  5,  6,  4,    1272738,    1272738,    1272738,    1272738
32,    1272743,     48.0,     48.0,     48.0,    138.0,  4,  5,  6,  4,    1272743,    1272743,    1272743,    1272743
32,    1272723,     54.0,     54.0,     54.0,    157.0,  9, 10, 11,  9,    1423778,    1423778,    1423778,    1423778
32,    1272718,     54.0,     54.0,     54.0,    158.0,  9, 10, 11,  9,    1423777,    1423777,    1423777,    1423777
32,    1272728,     55.0,     55.0,     55.0,    158.0,  9, 10, 11,  9,    1423779,    1423779,    1423779,    1423779
32,    1272733,     55.0,     55.0,     55.0,    159.0,  9, 10, 11,  9,    1423780,    1423780,    1423780,    1423780
32,    1272767,     69.0,     69.0,     69.0,    205.0, 12, 12, 12,  9,      80519,      80519,      80519,    1423791
32,    1272777,     51.0,     51.0,     51.0,    154.0, 12, 10, 11, 10,    1423792,    1423792,    1423792,    1423792
32,    1272797,     52.0,     53.0,     53.0,    156.0, 12, 10, 11,  9,    1423806,    1423806,    1423806,    1423806
32,    1272807,     53.0,     52.0,     53.0,    156.0,  9, 12, 12,  9,    1423807,    1423807,    1423807,    1423807
32,    1272817,     53.0,     54.0,     53.0,    157.0,  9, 10, 11,  9,    1423809,    1423809,    1423809,    1423809
32,    1272929,     51.0,     51.0,     51.0,    155.0, 12, 12, 12, 10,    1423844,    1423844,    1423844,    1423844
32,    1272919,     70.0,     69.0,     69.0,    206.0, 12, 12, 12, 11,      80547,      80547,      80547,    1423843
32,    1273069,     39.0,     40.0,     39.0,    118.0, 12, 10, 12,  9,      83151,      83151,      83151,      83151
32,    2576577,     39.0,     40.0,     40.0,    119.0, 12, 12, 11, 11,    1423910,    1423910,    1423910,    1423910
32,    2576993,     39.0,     40.0,     40.0,    120.0, 12, 12, 12,  9,    1423910,    1423910,    1423910,    1423910
32,    2577022,     40.0,     40.0,     40.0,    120.0, 12, 12, 12,  9,    1423910,    1423910,    1423910,    1423910
32,    2581830,     40.0,     41.0,     40.0,    121.0, 12, 12, 12,  9,    1423910,    1423910,    1423910,    1423910
32,    1273034,     68.0,     68.0,     68.0,    203.0, 12, 10, 12,  9,      83163,      83163,      83163,    1423896
32,    1273039,     69.0,     69.0,     68.0,    204.0, 12, 10, 12, 10,      83163,      83163,      83163,    1423897
32,    1272787,     26.0,     26.0,     26.0,     79.0,  9, 10, 11,  9,    1423803,    1423803,    1423803,    1423803
32,    1273385,     52.0,     52.0,     52.0,    148.0,  4,  5,  6,  4,      43262,      43262,      43262,      43262
32,    1272133,     43.0,     43.0,     44.0,    123.0,  4,  5,  6,  4,    1272133,    1272133,    1272133,    1272133
32,    1272246,     55.0,     55.0,     56.0,    160.0, 12, 12, 11,  9,    1423470,    1423470,    1423470,    1423470
32,    2579454,     35.0,     35.0,     35.0,    100.0,  4,  5,  6,  4,    1486633,    1486633,    1486633,    1486633
32,    1272787,     26.0,     26.0,     26.0,     79.0,  9, 10, 11,  9,    1423803,    1423803,    1423803,    1423803
32,    1273020,     54.0,     54.0,     54.0,    158.0,  9, 10, 11,  9,    1423892,    1423892,    1423892,    1423892
32,    1273015,     54.0,     54.0,     54.0,    157.0,  9, 10, 11,  9,    1423891,    1423891,    1423891,    1423891
32,    1273186,     71.0,     71.0,     71.0,    208.0,  9, 10, 11,  9,    1423929,    1423929,    1423929,    1423929
32,    1273191,     71.0,     71.0,     71.0,    208.0,  9, 10, 11,  9,    1423929,    1423929,    1423929,    1423929
32,    1273196,     72.0,     72.0,     72.0,    208.0,  9, 10, 11,  9,    1423929,    1423929,    1423929,    1423929
32,    1273458,     62.0,     62.0,     62.0,    177.0,  4,  5,  6,  4,    1273458,    1273458,    1273458,    1273458
32,    1273463,     70.0,     70.0,     70.0,    198.0,  4,  5,  6,  6,    1273463,    1273463,    1273463,    1273463
32,    3776887,     33.0,     33.0,     34.0,     95.0,  4,  5,  6,  4,    1486633,    1486633,    1486633,    1486633
32,    3761916,     41.0,     41.0,     41.0,    119.0,  4, 12, 12,  4,    1272152,      74283,      74283,    1272152
32,    2569385,     26.0,     26.0,     26.0,     78.0, 12, 12, 12,  9,    2399494,    2399494,    2399494,    2399503
32,    2569431,     26.0,     26.0,     26.0,     77.0, 12, 12, 12, 11,    2399494,    2399494,    2399494,    2399509
32,    2569419,     27.0,     27.0,     27.0,     79.0, 12, 12, 12,  9,    2399494,    2399494,    2399494,    2399506
32,    2569370,     27.0,     27.0,     27.0,     80.0, 12, 12, 12,  9,    2399494,    2399494,    2399494,    2399498
32,    2569380,     27.0,     27.0,     27.0,     79.0, 12, 12, 11,  9,    2399494,    2399494,    2399494,    2399498
32,    2569424,     26.0,     26.0,     26.0,     78.0, 12, 12, 12,  9,    2399494,    2399494,    2399494,    2399506
32,    3100425,     18.0,     18.0,     18.0,     52.0,  4,  5,  6,  4,    3100425,    3100425,    3100425,    3100425
32,    4194067,     70.0,     70.0,     70.0,    206.0, 12, 12, 11,  9,      80550,      80550,    2976017,    2976017
33,    2577888,     27.0,     27.0,     27.0,     78.0,  9, 10, 11,  9,    2403577,    2403577,    2403577,    2403577
33,    2069046,     27.0,     27.0,     27.0,     78.0,  9, 10, 11,  9,      74284,      74284,      74284,      74284
33,    2577983,     41.0,     41.0,     41.0,    119.0,  9, 10, 11,  9,    2403596,    2403596,    2403596,    2403596
33,    1476198,     34.0,     34.0,     34.0,     98.0,  4,  5,  6,  4,    1476198,    1476198,    1476198,    1476198
33,    2578109,     34.0,     34.0,     34.0,     98.0,  4,  5,  6,  4,    1486633,    1486633,    1486633,    1486633
33,    2580974,     67.0,     67.0,     67.0,    190.0,  4,  5,  6,  5,      43262,      43262,      43262,      43262
33,    1273369,     55.0,     55.0,     55.0,    156.0,  4,  5,  6,  5,      43262,      43262,      43262,    1273369
33,    1272738,     47.0,     47.0,     47.0,    135.0,  4,  5,  6,  4,    1272738,    1272738,    1272738,    1272738
33,    1272743,     49.0,     49.0,     49.0,    139.0,  4,  5,  6,  4,    1272743,    1272743,    1272743,    1272743
33,    1272723,     54.0,     54.0,     54.0,    157.0,  9, 10, 11,  9,    1423778,    1423778,    1423778,    1423778
33,    1272718,     54.0,     54.0,     54.0,    158.0,  9, 10, 11,  9,    1423777,    1423777,    1423777,    1423777
33,    1272728,     55.0,     55.0,     55.0,    158.0,  9, 10, 11,  9,    1423779,    1423779,    1423779,    1423779
33,    1272733,     55.0,     55.0,     55.0,    159.0,  9, 10, 11,  9,    1423780,    1423780,    1423780,    1423780
33,    1272767,     69.0,     69.0,     69.0,    205.0, 12, 12, 12, 10,      80519,      80519,      80519,    1423791
33,    1272777,     51.0,     51.0,     51.0,    154.0,  9, 10, 11,  9,    1423792,    1423792,    1423792,    1423792
33,    1272797,     52.0,     52.0,     53.0,    156.0, 12, 12, 11,  9,    1423806,    1423806,    1423806,    1423806
33,    1272807,     53.0,     53.0,     53.0,    157.0,  9, 10, 11,  9,    1423807,    1423807,    1423807,    1423807
33,    1272817,     53.0,     54.0,     53.0,    157.0, 12, 10, 12,  9,    1423809,    1423809,    1423809,    1423809
33,    1272929,     51.0,     51.0,     51.0,    155.0, 12, 12, 12, 10,    1423844,    1423844,    1423844,    1423844
33,    1272919,     70.0,     69.0,     70.0,    206.0, 12, 12, 12,  9,      80547,      80547,      80547,    1423843
33,    1273069,     39.0,     40.0,     39.0,    118.0, 12, 10, 12, 11,      83151,      83151,      83151,      83151
33,    2576577,     39.0,     40.0,     40.0,    120.0, 12, 12, 12, 11,    1423910,    1423910,    1423910,    1423910
33,    2576993,     40.0,     40.0,     40.0,    121.0, 12, 12, 12,  9,    1423910,    1423910,    1423910,    1423910
33,    2577022,     40.0,     40.0,     40.0,    121.0, 12, 12, 12,  9,    1423910,    1423910,    1423910,    1423910
33,    2581830,     40.0,     41.0,     40.0,    122.0, 12, 12, 12,  9,    1423910,    1423910,    1423910,    1423910
33,    1273034,     68.0,     68.0,     67.0,    203.0,  9, 12, 12,  9,    1423896,      83163,      83163,    1423896
33,    1273039,     69.0,     68.0,     68.0,    204.0, 12, 12, 12, 10,      83163,    1423897,      83163,    1423897
33,    1272787,     26.0,     26.0,     26.0,     79.0,  9, 10, 11,  9,    1423803,    1423803,    1423803,    1423803
33,    1273385,     52.0,     52.0,     52.0,    148.0,  4,  5,  6,  5,      43262,      43262,      43262,      43262
33,    1272133,     43.0,     44.0,     44.0,    124.0,  4,  5,  6,  4,    1272133,    1272133,    1272133,    1272133
33,    1272246,     55.0,     55.0,     55.0,    161.0, 12, 12, 12,  9,    1423470,    1423470,    1423470,    1423470
33,    2579454,     35.0,     35.0,     36.0,    101.0,  4,  5,  6,  4,    1486633,    1486633,    1272252,    1486633
33,    1272787,     26.0,     26.0,     26.0,     79.0,  9, 10, 11,  9,    1423803,    1423803,    1423803,    1423803
33,    1273020,     54.0,     54.0,     54.0,    159.0,  9, 10, 11,  9,    1423892,    1423892,    1423892,    1423892
33,    1273015,     54.0,     54.0,     54.0,    157.0,  9, 10, 11,  9,    1423891,    1423891,    1423891,    1423891
33,    1273186,     71.0,     71.0,     71.0,    208.0,  9, 10, 11,  9,    1423929,    1423929,    1423929,    1423929
33,    1273191,     71.0,     71.0,     71.0,    208.0,  9, 10, 11,  9,    1423929,    1423929,    1423929,    1423929
33,    1273196,     72.0,     72.0,     71.0,    208.0,  9, 10, 12, 10,    1423929,    1423929,    1423929,    1423929
33,    1273458,     63.0,     62.0,     63.0,    178.0,  4,  5,  6,  4,    1272827,    1273458,    1272827,    1273458
33,    1273463,     70.0,     70.0,     70.0,    200.0,  4,  5,  6,  4,    1273463,    1273463,    1273463,    1273463
33,    3776887,     33.0,     34.0,     34.0,     96.0,  4,  5,  6,  4,    1486633,    1486633,    1486633,    1486633
33,    3761916,     42.0,     41.0,     41.0,    119.0,  4, 12, 12,  4,    1272152,      74283,      74283,    1272152
33,    2569385,     26.0,     26.0,     26.0,     78.0, 12, 12, 12,  9,    2399494,    2399494,    2399494,    2399503
33,    2569431,     26.0,     26.0,     25.0,     77.0, 12, 12, 12, 11,    2399494,    2399494,    2399494,    2399509
33,    2569419,     27.0,     27.0,     26.0,     79.0, 12, 12, 12,  9,    2399494,    2399494,    2399494,    2399506
33,    2569370,     27.0,     27.0,     27.0,     80.0, 12, 12, 12,  9,    2399494,    2399494,    2399494,    2399498
33,    2569380,     26.0,     27.0,     26.0,     79.0, 12, 12, 12, 11,    2399502,    2399494,    2399494,    2399498
33,    2569424,     26.0,     26.0,     26.0,     78.0,  9, 12, 12,  9,    2399506,    2399494,    2399494,    2399506
33,    3100425,     18.0,     18.0,     18.0,     52.0,  4,  5,  6,  4,    3100425,    3100425,    3100425,    3100425
33,    4194067,     70.0,     70.0,     70.0,    206.0, 12, 12, 11,  9,      80550,      80550,    2976017,    2976017
34,    2577888,     27.0,     27.0,     26.0,     78.0,  9, 10, 12,  9,    2403577,    2403577,    2403577,    2403577
34,    2069046,     27.0,     27.0,     27.0,     78.0,  9, 10, 11,  9,      74284,      74284,      74284,      74284
34,    2577983,     41.0,     41.0,     41.0,    119.0,  9, 10, 11,  9,    2403596,    2403596,    2403596,    2403596
34,    1476198,     34.0,     34.0,     35.0,     98.0,  4,  5,  6,  4,    1476198,    1476198,    1476198,    1476198
34,    2578109,     34.0,     34.0,     35.0,     98.0,  4,  5,  6,  4,    1486633,    1486633,    1486633,    1486633
34,    2580974,     67.0,     67.0,     67.0,    191.0,  4,  5,  6,  4,      43262,      43262,      43262,      43262
34,    1273369,     55.0,     55.0,     55.0,    157.0,  4,  5,  6,  4,      43262,      43262,      43262,      43262
34,    1272738,     47.0,     47.0,     47.0,    135.0,  4,  5,  6,  4,    1272738,    1272738,    1272738,    1272738
34,    1272743,     49.0,     49.0,     49.0,    139.0,  4,  5,  6,  4,    1272743,    1272743,    1272743,    1272743
34,    1272723,     54.0,     54.0,     54.0,    157.0,  9, 10, 11,  9,    1423778,    1423778,    1423778,    1423778
34,    1272718,     54.0,     54.0,     54.0,    158.0,  9, 10, 11,  9,    1423777,    1423777,    1423777,    1423777
34,    1272728,     55.0,     55.0,     55.0,    158.0,  9, 10, 11,  9,    1423779,    1423779,    1423779,    1423779
34,    1272733,     55.0,     55.0,     55.0,    159.0,  9, 10, 11,  9,    1423780,    1423780,    1423780,    1423780
34,    1272767,     69.0,     69.0,     69.0,    206.0, 12, 12, 12,  9,      80519,      80519,      80519,    1423791
34,    1272777,     51.0,     51.0,     51.0,    154.0,  9, 12, 11,  9,    1423792,    1423792,    1423792,    1423792
34,    1272797,     52.0,     52.0,     53.0,    156.0, 12, 12, 11,  9,    1423806,    1423806,    1423806,    1423806
34,    1272807,     52.0,     53.0,     53.0,    156.0, 12, 10, 11,  9,    1423807,    1423807,    1423807,    1423807
34,    1272817,     53.0,     54.0,     53.0,    157.0, 12, 10, 12,  9,    1423809,    1423809,    1423809,    1423809
34,    1272929,     52.0,     51.0,     51.0,    154.0,  9, 12, 12, 10,    1423844,    1423844,    1423844,    1423844
34,    1272919,     70.0,     69.0,     70.0,    206.0, 12, 12, 12, 10,      80547,      80547,      80547,    1423843
34,    1273069,     39.0,     40.0,     39.0,    118.0, 12, 12, 12, 11,      83151,      83151,      83151,      83151
34,    2576577,     40.0,     40.0,     39.0,    121.0, 12, 12, 12, 11,    1423910,    1423910,    1423910,    1423910
34,    2576993,     40.0,     40.0,     39.0,    122.0, 12, 12, 12, 11,    1423910,    1423910,    1423910,    1423910
34,    2577022,     40.0,     40.0,     40.0,    122.0, 12, 12, 12, 11,    1423910,    1423910,    1423910,    1423910
34,    2581830,     40.0,     41.0,     40.0,    123.0, 12, 12, 12, 11,    1423910,    1423910,    1423910,    1423910
34,    1273034,     68.0,     68.0,     68.0,    203.0, 12, 12, 12,  9,      83163,      83163,      83163,    1423896
34,    1273039,     69.0,     68.0,     68.0,    204.0, 12, 12, 12, 10,      83163,    1423897,    1423897,    1423897
34,    1272787,     26.0,     26.0,     26.0,     79.0,  9, 10, 11,  9,    1423803,    1423803,    1423803,    1423803
34,    1273385,     52.0,     52.0,     52.0,    148.0,  4,  5,  6,  4,      43262,      43262,      43262,    1273385
34,    1272133,     44.0,     44.0,     44.0,    125.0,  4,  5,  6,  4,    1272133,    1272133,    1272133,    1272133
34,    1272246,     55.0,     55.0,     56.0,    161.0, 12, 12, 11,  9,    1423470,    1423470,    1423470,    1423470
34,    2579454,     35.0,     35.0,     36.0,    101.0,  4,  5,  6,  4,    1486633,    1486633,    1486633,    1486633
34,    1272787,     26.0,     26.0,     26.0,     79.0,  9, 10, 11,  9,    1423803,    1423803,    1423803,    1423803
34,    1273020,     54.0,     54.0,     53.0,    158.0,  9, 10, 12, 11,    1423892,    1423892,    1423892,    1423892
34,    1273015,     54.0,     54.0,     54.0,    157.0,  9, 10, 11,  9,    1423891,    1423891,    1423891,    1423891
34,    1273186,     71.0,     71.0,     71.0,    208.0,  9, 10, 11,  9,    1423929,    1423929,    1423929,    1423929
34,    1273191,     71.0,     71.0,     71.0,    208.0,  9, 10, 11,  9,    1423929,    1423929,    1423929,    1423929
34,    1273196,     72.0,     72.0,     72.0,    208.0,  9, 10, 11,  9,    1423929,    1423929,    1423929,    1423929
34,    1273458,     63.0,     63.0,     63.0,    178.0,  4,  5,  6,  4,    1272827,    1273458,    1272827,    1273458
34,    1273463,     70.0,     71.0,     70.0,    200.0,  4,  5,  6,  4,    1273463,    1273463,    1273463,    1273463
34,    3776887,     34.0,     34.0,     34.0,     97.0,  4,  5,  6,  4,    1486633,    1486633,    1486633,    1486633
34,    3761916,     42.0,     41.0,     41.0,    120.0,  4, 12, 11,  4,    1272152,      74283,      74283,    1272152
34,    2569385,     26.0,     26.0,     26.0,     78.0, 12, 12, 12,  9,    2399494,    2399494,    2399494,    2399503
34,    2569431,     26.0,     26.0,     26.0,     77.0, 12, 12, 12, 11,    2399494,    2399494,    2399494,    2399509
34,    2569419,     26.0,     26.0,     27.0,     79.0, 12, 12, 12,  9,    2399506,    2399507,    2399494,    2399506
34,    2569370,     27.0,     27.0,     27.0,     80.0, 12, 12, 12,  9,    2399494,    2399494,    2399494,    2399498
34,    2569380,     26.0,     27.0,     26.0,     79.0, 12, 12, 12, 11,    2399498,    2399494,    2399502,    2399498
34,    2569424,     26.0,     26.0,     26.0,     78.0, 12, 12, 12,  9,    2399494,    2399494,    2399494,    2399506
34,    3100425,     18.0,     18.0,     18.0,     53.0,  4,  5,  6,  4,    3100425,    3100425,    3100425,    3100425
34,    4194067,     70.0,     70.0,     70.0,    206.0, 12, 12, 11,  9,      80550,      80550,    2976017,    2976017
35,    2577888,     27.0,     27.0,     26.0,     78.0,  9, 10, 12,  9,    2403577,    2403577,    2403577,    2403577
35,    2069046,     27.0,     27.0,     27.0,     78.0,  9, 10, 11,  9,      74284,      74284,      74284,      74284
35,    2577983,     41.0,     41.0,     41.0,    119.0,  9, 10, 11,  9,    2403596,    2403596,    2403596,    2403596
35,    1476198,     35.0,     35.0,     35.0,     99.0,  4,  5,  6,  4,    1476198,    1476198,    1476198,    1476198
35,    2578109,     35.0,     35.0,     35.0,     99.0,  4,  5,  6,  4,    1486633,    1486633,    1486633,    1486633
35,    2580974,     67.0,     67.0,     67.0,    191.0,  4,  5,  6,  4,      43262,      43262,      43262,      43262
35,    1273369,     55.0,     55.0,     55.0,    157.0,  4,  5,  6,  4,      43262,      43262,      43262,    1273369
35,    1272738,     47.0,     48.0,     47.0,    135.0,  4,  5,  6,  4,    1272738,    1272738,    1272738,    1272738
35,    1272743,     49.0,     49.0,     49.0,    139.0,  4,  5,  6,  4,    1272743,    1272743,    1272743,    1272743
35,    1272723,     54.0,     54.0,     54.0,    157.0,  9, 10, 11,  9,    1423778,    1423778,    1423778,    1423778
35,    1272718,     54.0,     54.0,     54.0,    158.0,  9, 10, 11,  9,    1423777,    1423777,    1423777,    1423777
35,    1272728,     55.0,     55.0,     55.0,    158.0,  9, 10, 11,  9,    1423779,    1423779,    1423779,    1423779
35,    1272733,     55.0,     55.0,     55.0,    159.0,  9, 10, 11,  9,    1423780,    1423780,    1423780,    1423780
35,    1272767,     69.0,     69.0,     69.0,    205.0, 12, 12, 12, 10,      80519,      80519,      80519,    1423791
35,    1272777,     51.0,     51.0,     51.0,    154.0, 12, 10, 11, 10,    1423792,    1423792,    1423792,    1423792
35,    1272797,     53.0,     52.0,     53.0,    156.0,  9, 12, 11, 10,    1423806,    1423806,    1423806,    1423806
35,    1272807,     52.0,     53.0,     53.0,    156.0, 12, 12, 12,  9,    1423807,    1423807,    1423807,    1423807
35,    1272817,     53.0,     54.0,     53.0,    157.0,  9, 10, 11,  9,    1423809,    1423809,    1423809,    1423809
35,    1272929,     51.0,     51.0,     51.0,    154.0, 12, 10, 12, 10,    1423844,    1423844,    1423844,    1423844
35,    1272919,     70.0,     69.0,     70.0,    206.0,  9, 12, 12,  9,      80547,      80547,      80547,    1423843
35,    1273069,     39.0,     40.0,     39.0,    118.0, 12, 12, 12,  9,      83151,      83151,      83151,      83151
35,    2576577,     39.0,     41.0,     39.0,    121.0, 12, 12, 12,  9,    1423910,    1423910,    1423910,    1423910
35,    2576993,     39.0,     41.0,     39.0,    121.0, 12, 12, 12,  9,    1423910,    1423910,    1423910,    1423910
35,    2577022,     39.0,     41.0,     40.0,    121.0, 12, 12, 12,  9,    1423910,    1423910,    1423910,    1423910
35,    2581830,     39.0,     42.0,     40.0,    122.0, 12, 12, 12,  9,    1423910,    1423910,    1423910,    1423910
35,    1273034,     68.0,     68.0,     68.0,    203.0, 12, 12, 12,  9,      83163,      83163,      83163,    1423896
35,    1273039,     69.0,     69.0,     69.0,    205.0, 12, 12, 12, 10,      83163,      83163,      83163,    1423897
35,    1272787,     26.0,     26.0,     26.0,     79.0,  9, 10, 11,  9,    1423803,    1423803,    1423803,    1423803
35,    1273385,     52.0,     52.0,     52.0,    148.0,  4,  5,  6,  4,      43262,      43262,      43262,    1273385
35,    1272133,     44.0,     44.0,     44.0,    126.0,  4,  5,  6,  4,    1272133,    1272133,    1272133,    1272133
35,    1272246,     56.0,     54.0,     55.0,    161.0,  9, 12, 12, 10,    1423470,    1423471,    1423470,    1423470
35,    2579454,     36.0,     36.0,     36.0,    102.0,  4,  5,  6,  4,    1486633,    1486633,    1486633,    1486633
35,    1272787,     26.0,     26.0,     26.0,     79.0,  9, 10, 11,  9,    1423803,    1423803,    1423803,    1423803
35,    1273020,     54.0,     54.0,     53.0,    159.0, 12, 12, 12, 11,    1423892,    1423892,    1423892,    1423892
35,    1273015,     54.0,     54.0,     54.0,    157.0,  9, 10, 11,  9,    1423891,    1423891,    1423891,    1423891
35,    1273186,     71.0,     71.0,     71.0,    208.0,  9, 10, 11,  9,    1423929,    1423929,    1423929,    1423929
35,    1273191,     71.0,     71.0,     71.0,    208.0,  9, 10, 11,  9,    1423929,    1423929,    1423929,    1423929
35,    1273196,     72.0,     72.0,     71.0,    208.0,  9, 10, 12,  9,    1423929,    1423929,    1423929,    1423929
35,    1273458,     63.0,     63.0,     63.0,    178.0,  4,  5,  6,  4,    1272827,    1273458,    1273458,    1273458
35,    1273463,     70.0,     71.0,     71.0,    200.0,  4,  5,  6,  4,    1273463,    1273463,    1273463,    1273463
35,    3776887,     34.0,     34.0,     34.0,     98.0,  4,  5,  6,  4,    1486633,    1486633,    1486633,    1486633
35,    3761916,     41.0,     41.0,     41.0,    119.0,  9, 12, 11,  9,      74283,      74283,      74283,      74283
35,    2569385,     26.0,     26.0,     26.0,     78.0, 12, 12, 12,  9,    2399494,    2399494,    2399494,    2399503
35,    2569431,     26.0,     25.0,     26.0,     77.0, 12, 12, 12, 11,    2399494,    2399505,    2399494,    2399509
35,    2569419,     27.0,     26.0,     27.0,     79.0, 12, 12, 12,  9,    2399494,    2399505,    2399494,    2399506
35,    2569370,     27.0,     27.0,     27.0,     80.0, 12, 12, 12,  9,    2399494,    2399494,    2399494,    2399498
35,    2569380,     26.0,     27.0,     26.0,     79.0, 12, 12, 12, 11,    2399494,    2399494,    2399504,    2399498
35,    2569424,     26.0,     26.0,     26.0,     78.0, 12, 12, 12,  9,    2399494,    2399505,    2399494,    2399506
35,    3100425,     18.0,     18.0,     19.0,     53.0,  4,  5,  6,  4,    3100425,    3100425,    3100425,    3100425
35,    4194067,     70.0,     70.0,     70.0,    206.0,  9, 12, 12,  9,    2976017,      80550,      80550,    2976017
36,    2577888,     27.0,     26.0,     26.0,     78.0,  9, 12, 12,  9,    2403577,    2403577,    2403577,    2403577
36,    2069046,     27.0,     27.0,     27.0,     78.0,  9, 10, 11,  9,      74284,      74284,      74284,      74284
36,    2577983,     41.0,     41.0,     41.0,    119.0,  9, 10, 11,  9,    2403596,    2403596,    2403596,    2403596
36,    1476198,     35.0,     35.0,     35.0,     99.0,  4,  5,  6,  4,    1476198,    1476198,    1476198,    1476198
36,    2578109,     35.0,     35.0,     35.0,     99.0,  4,  5,  6,  4,    1486633,    1486633,    1486633,    1486633
36,    2580974,     67.0,     67.0,     67.0,    191.0,  4,  5,  6,  4,      43262,      43262,      43262,      43262
36,    1273369,     55.0,     55.0,     55.0,    157.0,  4,  5,  6,  4,      43262,      43262,      43262,    1273369
36,    1272738,     47.0,     48.0,     47.0,    135.0,  4,  5,  6,  4,    1272738,    1272738,    1272738,    1272738
36,    1272743,     49.0,     49.0,     49.0,    139.0,  4,  5,  6,  4,    1272743,    1272743,    1272743,    1272743
36,    1272723,     54.0,     54.0,     54.0,    157.0,  9, 10, 11,  9,    1423778,    1423778,    1423778,    1423778
36,    1272718,     54.0,     54.0,     54.0,    158.0,  9, 10, 11,  9,    1423777,    1423777,    1423777,    1423777
36,    1272728,     55.0,     55.0,     55.0,    158.0,  9, 10, 11,  9,    1423779,    1423779,    1423779,    1423779
36,    1272733,     55.0,     55.0,     55.0,    159.0,  9, 10, 11,  9,    1423780,    1423780,    1423780,    1423780
36,    1272767,     69.0,     69.0,     69.0,    205.0, 12, 12, 12, 10,    1423791,      80519,      80519,    1423791
36,    1272777,     51.0,     51.0,     51.0,    154.0, 12, 10, 11, 10,    1423792,    1423792,    1423792,    1423792
36,    1272797,     53.0,     52.0,     52.0,    156.0,  9, 12, 12, 10,    1423806,    1423806,    1423806,    1423806
36,    1272807,     53.0,     53.0,     53.0,    157.0,  9, 10, 11,  9,    1423807,    1423807,    1423807,    1423807
36,    1272817,     53.0,     54.0,     53.0,    157.0, 12, 10, 11,  9,    1423809,    1423809,    1423809,    1423809
36,    1272929,     51.0,     51.0,     51.0,    155.0, 12, 12, 12,  9,    1423844,    1423844,    1423844,    1423844
36,    1272919,     69.0,     70.0,     70.0,    206.0, 12, 12, 12,  9,      80547,      80547,      80547,    1423843
36,    1273069,     39.0,     39.0,     39.0,    117.0, 12, 12, 12, 11,      83151,    1423910,      83151,      83151
36,    2576577,     39.0,     40.0,     40.0,    121.0, 12, 12, 12,  9,    1423910,    1423910,    1423910,    1423910
36,    2576993,     40.0,     40.0,     40.0,    121.0, 12, 12, 12, 11,    1423910,    1423910,    1423910,    1423910
36,    2577022,     40.0,     40.0,     40.0,    122.0, 12, 12, 12,  9,    1423910,    1423910,    1423910,    1423910
36,    2581830,     40.0,     40.0,     41.0,    122.0, 12, 12, 12,  9,    1423910,    1423910,    1423910,    1423910
36,    1273034,     68.0,     68.0,     68.0,    203.0, 12, 10, 12,  9,      83163,      83163,      83163,    1423896
36,    1273039,     69.0,     69.0,     69.0,    205.0,  9, 10, 12, 10,      83163,      83163,      83163,    1423897
36,    1272787,     26.0,     26.0,     26.0,     79.0,  9, 10, 11,  9,    1423803,    1423803,    1423803,    1423803
36,    1273385,     52.0,     52.0,     52.0,    148.0,  4,  5,  6,  4,      43262,      43262,      43262,    1273385
36,    1272133,     44.0,     45.0,     45.0,    126.0,  4,  5,  6,  4,    1272133,    1272133,    1272133,    1272133
36,    1272246,     54.0,     55.0,     56.0,    161.0, 12, 12, 12,  9,    1423471,    1423470,    1423470,    1423470
36,    2579454,     36.0,     36.0,     37.0,    102.0,  4,  5,  6,  4,    1486633,    2579454,    1486633,    1486633
36,    1272787,     26.0,     26.0,     26.0,     79.0,  9, 10, 11,  9,    1423803,    1423803,    1423803,    1423803
36,    1273020,     54.0,     54.0,     54.0,    159.0, 12, 12, 12, 10,    1423892,    1423892,    1423892,    1423892
36,    1273015,     54.0,     54.0,     54.0,    157.0,  9, 10, 11,  9,    1423891,    1423891,    1423891,    1423891
36,    1273186,     71.0,     71.0,     71.0,    208.0,  9, 10, 11,  9,    1423929,    1423929,    1423929,    1423929
36,    1273191,     71.0,     71.0,     71.0,    208.0,  9, 10, 11,  9,    1423929,    1423929,    1423929,    1423929
36,    1273196,     72.0,     72.0,     71.0,    208.0,  9, 10, 12,  9,    1423929,    1423929,    1423929,    1423929
36,    1273458,     62.0,     63.0,     63.0,    178.0,  4,  5,  6,  4,    1273458,    1273458,    1273458,    1273458
36,    1273463,     70.0,     71.0,     71.0,    200.0,  4,  5,  6,  4,    1273463,    1273463,    1273463,    1273463
36,    3776887,     34.0,     35.0,     35.0,     98.0,  4,  5,  6,  4,    1486633,    1486633,    1486633,    1486633
36,    3761916,     41.0,     41.0,     41.0,    119.0,  9, 10, 11, 11,      74283,      74283,      74283,      74283
36,    2569385,     26.0,     26.0,     26.0,     78.0,  9, 12, 12,  9,    2399503,    2399494,    2399494,    2399503
36,    2569431,     26.0,     25.0,     25.0,     78.0, 12, 12, 12, 10,    2399494,    2399494,    2399509,    2399509
36,    2569419,     26.0,     26.0,     27.0,     79.0, 12, 12, 12,  9,    2399506,    2399494,    2399494,    2399506
36,    2569370,     27.0,     27.0,     27.0,     80.0, 12, 12, 12, 11,    2399498,    2399494,    2399494,    2399498
36,    2569380,     27.0,     26.0,     26.0,     79.0, 12, 12, 12, 10,    2399494,    2399494,    2399502,    2399502
36,    2569424,     26.0,     26.0,     26.0,     78.0,  9, 12, 12,  9,    2399506,    2399494,    2399494,    2399506
36,    3100425,     18.0,     19.0,     19.0,     53.0,  4,  5,  6,  4,    3100425,    3100425,    3100425,    3100425
36,    4194067,     70.0,     70.0,     70.0,    206.0, 12, 12, 11,  9,      80550,      80550,    2976017,    2976017
37,    2577888,     27.0,     26.0,     27.0,     78.0,  9, 12, 11,  9,    2403577,    2403577,    2403577,    2403577
37,    2069046,     27.0,     27.0,     27.0,     78.0,  9, 10, 11,  9,      74284,      74284,      74284,      74284
37,    2577983,     41.0,     41.0,     41.0,    119.0,  9, 10, 11,  9,    2403596,    2403596,    2403596,    2403596
37,    1476198,     35.0,     35.0,     35.0,     99.0,  4,  5,  6,  4,    1476198,    1476198,    1476198,    1476198
37,    2578109,     35.0,     35.0,     35.0,     99.0,  4,  5,  6,  4,    1486633,    1486633,    1486633,    1486633
37,    2580974,     67.0,     67.0,     67.0,    190.0,  4,  5,  6,  6,      43262,      43262,      43262,      43262
37,    1273369,     55.0,     55.0,     55.0,    157.0,  4,  5,  6,  4,      43262,      43262,      43262,      43262
37,    1272738,     47.0,     47.0,     47.0,    135.0,  4,  5,  6,  4,    1272738,    1272738,    1272738,    1272738
37,    1272743,     49.0,     49.0,     49.0,    139.0,  4,  5,  6,  4,    1272743,    1272743,    1272743,    1272743
37,    1272723,     54.0,     54.0,     54.0,    157.0,  9, 10, 11,  9,    1423778,    1423778,    1423778,    1423778
37,    1272718,     54.0,     54.0,     54.0,    158.0,  9, 10, 11,  9,    1423777,    1423777,    1423777,    1423777
37,    1272728,     55.0,     55.0,     55.0,    158.0,  9, 10, 11,  9,    1423779,    1423779,    1423779,    1423779
37,    1272733,     55.0,     55.0,     55.0,    159.0,  9, 10, 11,  9,    1423780,    1423780,    1423780,    1423780
37,    1272767,     69.0,     69.0,     69.0,    205.0, 12, 12, 12, 10,      80519,      80519,      80519,    1423791
37,    1272777,     51.0,     51.0,     51.0,    154.0, 12, 12, 11, 11,    1423792,    1423792,    1423792,    1423792
37,    1272797,     53.0,     52.0,     52.0,    156.0, 12, 12, 12, 10,    1423806,    1423806,    1423806,    1423806
37,    1272807,     52.0,     53.0,     53.0,    156.0, 12, 12, 11,  9,    1423807,    1423807,    1423807,    1423807
37,    1272817,     53.0,     53.0,     53.0,    157.0,  9, 12, 11,  9,    1423809,    1423809,    1423809,    1423809
37,    1272929,     51.0,     51.0,     52.0,    154.0, 12, 12, 11, 10,    1423844,    1423844,    1423844,    1423844
37,    1272919,     69.0,     70.0,     69.0,    206.0, 12, 12, 12,  9,      80547,      80547,    1423843,    1423843
37,    1273069,     39.0,     39.0,     39.0,    118.0, 12, 12, 12,  9,      83151,    1423910,      83151,      83151
37,    2576577,     39.0,     39.0,     41.0,    120.0, 12, 12, 12,  9,    1423910,    1423910,    1423910,    1423910
37,    2576993,     39.0,     39.0,     41.0,    121.0, 12, 12, 12,  9,    1423910,    1423910,    1423910,    1423910
37,    2577022,     39.0,     39.0,     41.0,    121.0, 12, 12, 12,  9,    1423910,    1423910,    1423910,    1423910
37,    2581830,     40.0,     40.0,     42.0,    122.0, 12, 12, 12,  9,    1423910,    1423910,    1423910,    1423910
37,    1273034,     68.0,     67.0,     68.0,    203.0, 12, 12, 12, 10,      83163,      83163,      83163,      83163
37,    1273039,     69.0,     68.0,     69.0,    205.0,  9, 12, 12, 10,      83163,      83163,      83163,      83163
37,    1272787,     26.0,     26.0,     26.0,     79.0,  9, 10, 11,  9,    1423803,    1423803,    1423803,    1423803
37,    1273385,     52.0,     52.0,     52.0,    148.0,  4,  5,  6,  4,      43262,      43262,      43262,    1273385
37,    1272133,     44.0,     45.0,     44.0,    126.0,  4,  5,  6,  4,    1272133,    1272133,    1272133,    1272133
37,    1272246,     55.0,     55.0,     55.0,    161.0, 12, 12, 12, 10,    1423470,    1423470,    1423470,    1423470
37,    2579454,     36.0,     36.0,     36.0,    102.0,  4,  5,  6,  4,    1486633,    1486633,    1486633,    1486633
37,    1272787,     26.0,     26.0,     26.0,     79.0,  9, 10, 11,  9,    1423803,    1423803,    1423803,    1423803
37,    1273020,     53.0,     54.0,     54.0,    159.0, 12, 12, 12,  9,    1423892,    1423892,    1423892,    1423892
37,    1273015,     54.0,     54.0,     54.0,    157.0,  9, 10, 11,  9,    1423891,    1423891,    1423891,    1423891
37,    1273186,     71.0,     71.0,     71.0,    208.0,  9, 10, 11,  9,    1423929,    1423929,    1423929,    1423929
37,    1273191,     71.0,     71.0,     71.0,    208.0,  9, 10, 11,  9,    1423929,    1423929,    1423929,    1423929
37,    1273196,     72.0,     72.0,     72.0,    208.0,  9, 10, 11,  9,    1423929,    1423929,    1423929,    1423929
37,    1273458,     63.0,     63.0,     63.0,    179.0,  4,  5,  6,  4,    1272827,    1273458,    1273458,    1273458
37,    1273463,     70.0,     70.0,     71.0,    200.0,  4,  5,  6,  4,    1273463,    1273463,    1273463,    1273463
37,    3776887,     34.0,     35.0,     34.0,     97.0,  4,  5,  6,  4,    1486633,    1486633,    1486633,    1486633
37,    3761916,     42.0,     41.0,     41.0,    120.0,  4, 12, 12,  9,    1272152,      74283,      74283,      74283
37,    2569385,     26.0,     26.0,     26.0,     78.0, 12, 12, 12,  9,    2399494,    2399494,    2399494,    2399503
37,    2569431,     25.0,     26.0,     25.0,     78.0, 12, 12, 12,  9,    2399505,    2399494,    2399494,    2399509
37,    2569419,     26.0,     27.0,     26.0,     79.0, 12, 12, 12,  9,    2399505,    2399494,    2399494,    2399506
37,    2569370,     27.0,     27.0,     27.0,     80.0, 12, 12, 12,  9,    2399494,    2399494,    2399494,    2399499
37,    2569380,     27.0,     27.0,     26.0,     79.0, 12, 12, 12, 10,    2399494,    2399494,    2399494,    2399502
37,    2569424,     26.0,     26.0,     26.0,     78.0, 12, 10, 12,  9,    2399494,    2399506,    2399494,    2399506
37,    3100425,     18.0,     19.0,     19.0,     53.0,  4,  5,  6,  4,    3100425,    3100425,    3100425,    3100425
37,    4194067,     70.0,     70.0,     70.0,    206.0, 12, 12, 12,  9,      80550,      80550,      80550,    2976017
38,    2577888,     27.0,     27.0,     26.0,     78.0,  9, 10, 12,  9,    2403577,    2403577,    2403577,    2403577
38,    2069046,     27.0,     27.0,     27.0,     78.0,  9, 10, 11,  9,      74284,      74284,      74284,      74284
38,    2577983,     41.0,     41.0,     41.0,    119.0,  9, 10, 11,  9,    2403596,    2403596,    2403596,    2403596
38,    1476198,     34.0,     35.0,     35.0,     99.0,  4,  5,  6,  4,    1476198,    1476198,    1476198,    1476198
38,    2578109,     34.0,     35.0,     35.0,     99.0,  4,  5,  6,  4,    1486633,    1486633,    1486633,    1486633
38,    2580974,     67.0,     67.0,     67.0,    190.0,  4,  5,  6,  4,      43262,      43262,      43262,      43262
38,    1273369,     55.0,     55.0,     55.0,    156.0,  4,  5,  6,  4,      43262,      43262,      43262,    1273369
38,    1272738,     47.0,     47.0,     47.0,    135.0,  4,  5,  6,  4,    1272738,    1272738,    1272738,    1272738
38,    1272743,     48.0,     49.0,     48.0,    138.0,  4,  5,  6,  4,    1272743,    1272743,    1272743,    1272743
38,    1272723,     54.0,     54.0,     54.0,    157.0,  9, 10, 11,  9,    1423778,    1423778,    1423778,    1423778
38,    1272718,     54.0,     54.0,     54.0,    158.0,  9, 10, 11,  9,    1423777,    1423777,    1423777,    1423777
38,    1272728,     55.0,     55.0,     55.0,    158.0,  9, 10, 11,  9,    1423779,    1423779,    1423779,    1423779
38,    1272733,     55.0,     55.0,     55.0,    159.0,  9, 10, 11,  9,    1423780,    1423780,    1423780,    1423780
38,    1272767,     69.0,     69.0,     69.0,    205.0, 12, 12, 12,  9,      80519,      80519,      80519,    1423791
38,    1272777,     51.0,     51.0,     51.0,    154.0, 12, 10, 11, 10,    1423792,    1423792,    1423792,    1423792
38,    1272797,     53.0,     52.0,     53.0,    156.0,  9, 12, 11, 10,    1423806,    1423806,    1423806,    1423806
38,    1272807,     53.0,     53.0,     53.0,    156.0,  9, 10, 11,  9,    1423807,    1423807,    1423807,    1423807
38,    1272817,     53.0,     53.0,     53.0,    157.0,  9, 12, 11,  9,    1423809,    1423809,    1423809,    1423809
38,    1272929,     51.0,     51.0,     52.0,    154.0, 12, 12, 11,  9,    1423844,    1423844,    1423844,    1423844
38,    1272919,     69.0,     70.0,     70.0,    206.0, 12, 12, 12,  9,      80547,      80547,      80547,    1423843
38,    1273069,     39.0,     39.0,     39.0,    118.0, 12, 12, 12,  9,      83151,      83151,      83151,      83151
38,    2576577,     40.0,     40.0,     39.0,    120.0, 12, 12, 12,  9,    1423910,    1423910,    1423910,    1423910
38,    2576993,     40.0,     40.0,     40.0,    120.0, 12, 12, 12, 11,    1423910,    1423910,    1423910,    1423910
38,    2577022,     40.0,     40.0,     40.0,    120.0, 12, 12, 12, 11,    1423910,    1423910,    1423910,    1423910
38,    2581830,     41.0,     40.0,     40.0,    121.0, 12, 12, 12, 10,    1423910,    1423910,    1423910,    1423910
38,    1273034,     68.0,     68.0,     68.0,    203.0, 12, 10, 12, 10,      83163,      83163,      83163,      83163
38,    1273039,     69.0,     68.0,     69.0,    205.0,  9, 12, 12, 10,      83163,      83163,      83163,      83163
38,    1272787,     26.0,     26.0,     26.0,     79.0,  9, 10, 11,  9,    1423803,    1423803,    1423803,    1423803
38,    1273385,     52.0,     52.0,     52.0,    147.0,  4,  5,  6,  6,      43262,      43262,      43262,    1273385
38,    1272133,     44.0,     44.0,     44.0,    125.0,  4,  5,  6,  4,    1272133,    1272133,    1272133,    1272133
38,    1272246,     55.0,     55.0,     55.0,    161.0, 12, 12, 12, 10,    1423471,    1423470,    1423470,    1423470
38,    2579454,     36.0,     36.0,     36.0,    102.0,  4,  5,  6,  4,    1486633,    1486633,    1486633,    1486633
38,    1272787,     26.0,     26.0,     26.0,     79.0,  9, 10, 11,  9,    1423803,    1423803,    1423803,    1423803
38,    1273020,     53.0,     53.0,     55.0,    158.0, 12, 12, 11,  9,    1423892,    1423892,    1423892,    1423892
38,    1273015,     54.0,     54.0,     54.0,    157.0,  9, 10, 11,  9,    1423891,    1423891,    1423891,    1423891
38,    1273186,     71.0,     71.0,     71.0,    208.0,  9, 10, 11,  9,    1423929,    1423929,    1423929,    1423929
38,    1273191,     71.0,     71.0,     71.0,    208.0,  9, 10, 11,  9,    1423929,    1423929,    1423929,    1423929
38,    1273196,     72.0,     72.0,     72.0,    208.0,  9, 10, 11,  9,    1423929,    1423929,    1423929,    1423929
38,    1273458,     62.0,     63.0,     63.0,    178.0,  4,  5,  6,  4,    1273458,    1272827,    1272827,    1273458
38,    1273463,     70.0,     70.0,     70.0,    200.0,  4,  5,  6,  4,    1273463,    1273463,    1273463,    1273463
38,    3776887,     34.0,     34.0,     34.0,     97.0,  4,  5,  6,  4,    1486633,    1486633,    1486633,    1486633
38,    3761916,     42.0,     41.0,     41.0,    120.0,  4, 12, 12,  9,    1272152,      74283,      74283,      74283
38,    2569385,     26.0,     26.0,     26.0,     78.0, 12, 12, 12,  9,    2399494,    2399494,    2399494,    2399503
38,    2569431,     26.0,     26.0,     25.0,     78.0, 12, 12, 12,  9,    2399494,    2399494,    2399494,    2399509
38,    2569419,     27.0,     27.0,     26.0,     79.0, 12, 12, 12,  9,    2399494,    2399494,    2399494,    2399506
38,    2569370,     27.0,     27.0,     27.0,     80.0, 12, 12, 12,  9,    2399494,    2399494,    2399494,    2399499
38,    2569380,     27.0,     26.0,     26.0,     79.0, 12, 12, 12, 10,    2399494,    2399498,    2399494,    2399502
38,    2569424,     26.0,     26.0,     26.0,     78.0, 12, 12, 12,  9,    2399494,    2399505,    2399494,    2399508
38,    3100425,     18.0,     18.0,     18.0,     53.0,  4,  5,  6,  4,    3100425,    3100425,    3100425,    3100425
38,    4194067,     70.0,     70.0,     70.0,    206.0, 12, 12, 11,  9,      80550,      80550,    2976017,    2976017
39,    2577888,     27.0,     26.0,     27.0,     78.0,  9, 12, 11,  9,    2403577,    2403577,    2403577,    2403577
39,    2069046,     27.0,     27.0,     27.0,     78.0,  9, 10, 11,  9,      74284,      74284,      74284,      74284
39,    2577983,     41.0,     41.0,     41.0,    119.0,  9, 10, 11,  9,    2403596,    2403596,    2403596,    2403596
39,    1476198,     35.0,     35.0,     35.0,     99.0,  4,  5,  6,  4,    1476198,    1476198,    1476198,    1476198
39,    2578109,     35.0,     35.0,     35.0,     99.0,  4,  5,  6,  4,    1486633,    1486633,    1486633,    1486633
39,    2580974,     67.0,     67.0,     67.0,    190.0,  4,  5,  6,  5,      43262,      43262,      43262,      43262
39,    1273369,     55.0,     55.0,     55.0,    156.0,  4,  5,  6,  5,      43262,      43262,      43262,    1273369
39,    1272738,     47.0,     47.0,     47.0,    135.0,  4,  5,  6,  4,    1272738,    1272738,    1272738,    1272738
39,    1272743,     49.0,     49.0,     48.0,    138.0,  4,  5,  6,  6,    1272743,    1272743,    1272743,    1272743
39,    1272723,     54.0,     54.0,     54.0,    157.0,  9, 10, 11,  9,    1423778,    1423778,    1423778,    1423778
39,    1272718,     54.0,     54.0,     54.0,    158.0,  9, 10, 11,  9,    1423777,    1423777,    1423777,    1423777
39,    1272728,     55.0,     55.0,     55.0,    158.0,  9, 10, 11,  9,    1423779,    1423779,    1423779,    1423779
39,    1272733,     55.0,     55.0,     55.0,    159.0,  9, 10, 11,  9,    1423780,    1423780,    1423780,    1423780
39,    1272767,     69.0,     69.0,     69.0,    205.0, 12, 12, 12, 10,      80519,      80519,      80519,    1423791
39,    1272777,     51.0,     51.0,     51.0,    154.0,  9, 10, 11,  9,    1423792,    1423792,    1423792,    1423792
39,    1272797,     53.0,     52.0,     52.0,    156.0,  9, 12, 12, 10,    1423806,    1423806,    1423806,    1423806
39,    1272807,     53.0,     53.0,     53.0,    156.0,  9, 10, 11,  9,    1423807,    1423807,    1423807,    1423807
39,    1272817,     53.0,     53.0,     53.0,    157.0,  9, 10, 11,  9,    1423809,    1423809,    1423809,    1423809
39,    1272929,     51.0,     51.0,     51.0,    155.0, 12, 12, 12,  9,    1423844,    1423844,    1423844,    1423844
39,    1272919,     69.0,     70.0,     70.0,    206.0, 12, 12, 12,  9,      80547,      80547,      80547,    1423843
39,    1273069,     39.0,     39.0,     40.0,    118.0, 12, 12, 11,  9,      83151,      83151,      83151,      83151
39,    2576577,     39.0,     39.0,     40.0,    120.0, 12, 12, 12,  9,    1423910,    1423910,    1423910,    1423910
39,    2576993,     40.0,     40.0,     40.0,    120.0, 12, 12, 12,  9,    1423910,    1423910,    1423910,    1423910
39,    2577022,     40.0,     40.0,     40.0,    120.0, 12, 12, 12,  9,    1423910,    1423910,    1423910,    1423910
39,    2581830,     40.0,     40.0,     41.0,    121.0, 12, 12, 12,  9,    1423910,    1423910,    1423910,    1423910
39,    1273034,     68.0,     68.0,     68.0,    203.0,  9, 10, 12,  9,      83163,      83163,      83163,    1423896
39,    1273039,     69.0,     69.0,     69.0,    205.0,  9, 10, 12, 10,      83163,      83163,      83163,      83163
39,    1272787,     26.0,     26.0,     26.0,     79.0,  9, 10, 11,  9,    1423803,    1423803,    1423803,    1423803
39,    1273385,     52.0,     52.0,     52.0,    148.0,  4,  5,  6,  5,      43262,      43262,      43262,      43262
39,    1272133,     44.0,     44.0,     44.0,    126.0,  4,  5,  6,  4,    1272133,    1272133,    1272133,    1272133
39,    1272246,     55.0,     55.0,     55.0,    161.0, 12, 12, 12, 10,    1423471,    1423470,    1423470,    1423470
39,    2579454,     36.0,     36.0,     36.0,    102.0,  4,  5,  6,  4,    1486633,    1486633,    1486633,    1486633
39,    1272787,     26.0,     26.0,     26.0,     79.0,  9, 10, 11,  9,    1423803,    1423803,    1423803,    1423803
39,    1273020,     53.0,     53.0,     55.0,    159.0, 12, 12, 11,  9,    1423892,    1423892,    1423892,    1423892
39,    1273015,     54.0,     54.0,     54.0,    157.0,  9, 10, 11,  9,    1423891,    1423891,    1423891,    1423891
39,    1273186,     71.0,     71.0,     71.0,    208.0,  9, 10, 11,  9,    1423929,    1423929,    1423929,    1423929
39,    1273191,     71.0,     71.0,     71.0,    208.0,  9, 10, 11,  9,    1423929,    1423929,    1423929,    1423929
39,    1273196,     72.0,     72.0,     72.0,    208.0,  9, 10, 11,  9,    1423929,    1423929,    1423929,    1423929
39,    1273458,     62.0,     62.0,     63.0,    177.0,  4,  5,  6,  4,    1273458,    1273458,    1272827,    1273458
39,    1273463,     70.0,     70.0,     70.0,    199.0,  4,  5,  6,  4,    1273463,    1273463,    1273463,    1273463
39,    3776887,     34.0,     34.0,     34.0,     97.0,  4,  5,  6,  4,    1486633,    1486633,    1486633,    1486633
39,    3761916,     42.0,     41.0,     41.0,    120.0,  4, 12, 12,  9,    1272152,      74283,      74283,      74283
39,    2569385,     26.0,     27.0,     26.0,     78.0, 12, 12, 12, 11,    2399494,    2399494,    2399494,    2399503
39,    2569431,     25.0,     26.0,     25.0,     78.0, 12, 10, 12,  9,    2399494,    2399505,    2399494,    2399505
39,    2569419,     26.0,     27.0,     26.0,     79.0, 12, 10, 12,  9,    2399494,    2399505,    2399494,    2399506
39,    2569370,     27.0,     27.0,     27.0,     80.0, 12, 12, 12,  9,    2399494,    2399498,    2399494,    2399498
39,    2569380,     26.0,     27.0,     26.0,     79.0, 12, 12, 12,  9,    2399494,    2399494,    2399494,    2399502
39,    2569424,     26.0,     26.0,     26.0,     78.0, 12, 12, 12,  9,    2399494,    2399506,    2399494,    2399508
39,    3100425,     18.0,     18.0,     18.0,     53.0,  4,  5,  6,  4,    3100425,    3100425,    3100425,    3100425
39,    4194067,     70.0,     70.0,     70.0,    206.0, 12, 12, 11,  9,      80550,      80550,    2976017,    2976017
40,    2577888,     27.0,     26.0,     27.0,     78.0,  9, 12, 11,  9,    2403577,    2403577,    2403577,    2403577
40,    2069046,     27.0,     27.0,     27.0,     78.0,  9, 10, 11,  9,      74284,      74284,      74284,      74284
40,    2577983,     41.0,     41.0,     41.0,    119.0,  9, 10, 11,  9,    2403596,    2403596,    2403596,    2403596
40,    1476198,     35.0,     35.0,     34.0,     98.0,  4,  5,  6,  6,    1476198,    1476198,    1476198,    1476198
40,    2578109,     35.0,     35.0,     34.0,     98.0,  4,  5,  6,  6,    1486633,    1486633,    1486633,    1486633
40,    2580974,     67.0,     67.0,     67.0,    190.0,  4,  5,  6,  5,      43262,      43262,      43262,      43262
40,    1273369,     55.0,     55.0,     55.0,    156.0,  4,  5,  6,  5,      43262,      43262,      43262,    1273369
40,    1272738,     47.0,     47.0,     47.0,    135.0,  4,  5,  6,  4,    1272738,    1272738,    1272738,    1272738
40,    1272743,     49.0,     49.0,     48.0,    138.0,  4,  5,  6,  6,    1272743,    1272743,    1272743,    1272743
40,    1272723,     54.0,     54.0,     54.0,    157.0,  9, 10, 11,  9,    1423778,    1423778,    1423778,    1423778
40,    1272718,     54.0,     54.0,     54.0,    158.0,  9, 10, 11,  9,    1423777,    1423777,    1423777,    1423777
40,    1272728,     55.0,     55.0,     55.0,    158.0,  9, 10, 11,  9,    1423779,    1423779,    1423779,    1423779
40,    1272733,     55.0,     55.0,     55.0,    159.0,  9, 10, 11,  9,    1423780,    1423780,    1423780,    1423780
40,    1272767,     69.0,     69.0,     69.0,    205.0, 12, 12, 12, 10,      80519,      80519,      80519,    1423791
40,    1272777,     51.0,     51.0,     51.0,    154.0,  9, 10, 11,  9,    1423792,    1423792,    1423792,    1423792
40,    1272797,     53.0,     52.0,     52.0,    156.0,  9, 12, 12, 10,    1423806,    1423806,    1423806,    1423806
40,    1272807,     53.0,     53.0,     53.0,    156.0,  9, 10, 11,  9,    1423807,    1423807,    1423807,    1423807
40,    1272817,     53.0,     53.0,     53.0,    157.0,  9, 12, 11,  9,    1423809,    1423809,    1423809,    1423809
40,    1272929,     51.0,     51.0,     51.0,    155.0, 12, 12, 12,  9,    1423844,    1423844,    1423844,    1423844
40,    1272919,     69.0,     70.0,     70.0,    206.0, 12, 12, 12,  9,      80547,      80547,      80547,    1423843
40,    1273069,     39.0,     39.0,     39.0,    118.0, 12, 12, 12,  9,      83151,      83151,      83151,      83151
40,    2576577,     39.0,     39.0,     40.0,    120.0, 12, 12, 12,  9,    1423910,    1423910,    1423910,    1423910
40,    2576993,     40.0,     39.0,     40.0,    120.0, 12, 12, 12,  9,    1423910,    1423910,    1423910,    1423910
40,    2577022,     40.0,     40.0,     40.0,    120.0, 12, 12, 12,  9,    1423910,    1423910,    1423910,    1423910
40,    2581830,     40.0,     40.0,     41.0,    121.0, 12, 12, 12,  9,    1423910,    1423910,    1423910,    1423910
40,    1273034,     68.0,     68.0,     68.0,    203.0,  9, 10, 12, 10,      83163,      83163,      83163,      83163
40,    1273039,     69.0,     69.0,     69.0,    204.0,  9, 10, 11, 10,      83163,      83163,      83163,    1423897
40,    1272787,     26.0,     26.0,     26.0,     79.0,  9, 10, 11,  9,    1423803,    1423803,    1423803,    1423803
40,    1273385,     52.0,     52.0,     52.0,    148.0,  4,  5,  6,  5,      43262,      43262,      43262,      43262
40,    1272133,     44.0,     44.0,     44.0,    125.0,  4,  5,  6,  6,    1272133,    1272133,    1272133,    1272133
40,    1272246,     55.0,     56.0,     54.0,    161.0, 12, 10, 12, 10,    1423470,    1423470,    1423471,    1423470
40,    2579454,     36.0,     36.0,     35.0,    101.0,  4,  5,  6,  6,    1486633,    1486633,    1486633,    1486633
40,    1272787,     26.0,     26.0,     26.0,     79.0,  9, 10, 11,  9,    1423803,    1423803,    1423803,    1423803
40,    1273020,     53.0,     54.0,     54.0,    159.0, 12, 10, 11,  9,    1423892,    1423892,    1423892,    1423892
40,    1273015,     54.0,     54.0,     54.0,    157.0,  9, 10, 11,  9,    1423891,    1423891,    1423891,    1423891
40,    1273186,     71.0,     71.0,     71.0,    208.0,  9, 10, 11,  9,    1423929,    1423929,    1423929,    1423929
40,    1273191,     71.0,     71.0,     71.0,    208.0,  9, 10, 11,  9,    1423929,    1423929,    1423929,    1423929
40,    1273196,     72.0,     72.0,     72.0,    208.0,  9, 10, 11,  9,    1423929,    1423929,    1423929,    1423929
40,    1273458,     62.0,     62.0,     62.0,    177.0,  4,  5,  6,  4,    1273458,    1273458,    1273458,    1273458
40,    1273463,     70.0,     70.0,     70.0,    199.0,  4,  5,  6,  4,    1273463,    1273463,    1273463,    1273463
40,    3776887,     34.0,     34.0,     34.0,     97.0,  4,  5,  6,  6,    1486633,    1486633,    1486633,    1486633
40,    3761916,     42.0,     41.0,     41.0,    120.0,  4, 10, 12,  6,    1272152,      74283,      74283,    1272152
40,    2569385,     26.0,     26.0,     26.0,     78.0, 12, 10, 12,  9,    2399494,    2399503,    2399494,    2399503
40,    2569431,     25.0,     26.0,     25.0,     78.0, 12, 12, 12,  9,    2399494,    2399494,    2399494,    2399509
40,    2569419,     26.0,     27.0,     26.0,     79.0, 12, 12, 12,  9,    2399494,    2399494,    2399494,    2399506
40,    2569370,     27.0,     27.0,     27.0,     80.0, 12, 12, 12, 11,    2399494,    2399498,    2399494,    2399498
40,    2569380,     26.0,     27.0,     26.0,     79.0, 12, 12, 12,  9,    2399494,    2399494,    2399494,    2399502
40,    2569424,     26.0,     26.0,     26.0,     78.0, 12, 12, 12,  9,    2399494,    2399506,    2399494,    2399508
40,    3100425,     18.0,     18.0,     18.0,     53.0,  4,  5,  6,  4,    3100425,    3100425,    3100425,    3100425
40,    4194067,     70.0,     70.0,     70.0,    206.0, 12, 10, 12,  9,      80550,    2976017,      80550,    2976017
41,    2577888,     27.0,     27.0,     27.0,     78.0,  9, 10, 11,  9,    2403577,    2403577,    2403577,    2403577
41,    2069046,     27.0,     27.0,     27.0,     78.0,  9, 10, 11,  9,      74284,      74284,      74284,      74284
41,    2577983,     41.0,     41.0,     41.0,    119.0,  9, 10, 11,  9,    2403596,    2403596,    2403596,    2403596
41,    1476198,     34.0,     34.0,     34.0,     98.0,  4,  5,  6,  5,    1476198,    1476198,    1476198,    1476198
41,    2578109,     35.0,     34.0,     34.0,     98.0,  4,  5,  6,  6,    1486633,    1486633,    1486633,    1486633
41,    2580974,     67.0,     67.0,     67.0,    190.0,  4,  5,  6,  5,      43262,      43262,      43262,      43262
41,    1273369,     55.0,     55.0,     55.0,    156.0,  4,  5,  6,  5,      43262,      43262,      43262,    1273369
41,    1272738,     47.0,     47.0,     47.0,    135.0,  4,  5,  6,  4,    1272738,    1272738,    1272738,    1272738
41,    1272743,     49.0,     49.0,     48.0,    139.0,  4,  5,  6,  4,    1272743,    1272743,    1272743,    1272743
41,    1272723,     54.0,     54.0,     54.0,    157.0,  9, 10, 11,  9,    1423778,    1423778,    1423778,    1423778
41,    1272718,     54.0,     54.0,     54.0,    158.0,  9, 10, 11,  9,    1423777,    1423777,    1423777,    1423777
41,    1272728,     55.0,     55.0,     55.0,    158.0,  9, 10, 11,  9,    1423779,    1423779,    1423779,    1423779
41,    1272733,     55.0,     55.0,     55.0,    159.0,  9, 10, 11,  9,    1423780,    1423780,    1423780,    1423780
41,    1272767,     69.0,     68.0,     69.0,    205.0, 12, 12, 12, 10,      80519,      80519,      80519,    1423791
41,    1272777,     51.0,     51.0,     51.0,    154.0,  9, 10, 11,  9,    1423792,    1423792,    1423792,    1423792
41,    1272797,     53.0,     52.0,     52.0,    156.0,  9, 12, 12, 10,    1423806,    1423806,    1423806,    1423806
41,    1272807,     53.0,     53.0,     53.0,    156.0,  9, 10, 11,  9,    1423807,    1423807,    1423807,    1423807
41,    1272817,     53.0,     54.0,     53.0,    157.0,  9, 10, 11,  9,    1423809,    1423809,    1423809,    1423809
41,    1272929,     51.0,     51.0,     51.0,    155.0, 12, 12, 12,  9,    1423844,    1423844,    1423844,    1423844
41,    1272919,     69.0,     70.0,     70.0,    206.0, 12, 12, 12,  9,      80547,      80547,      80547,    1423843
41,    1273069,     39.0,     39.0,     39.0,    118.0, 12, 12, 12,  9,      83151,      83151,      83151,      83151
41,    2576577,     39.0,     40.0,     40.0,    120.0, 12, 12, 12,  9,    1423910,    1423910,    1423910,    1423910
41,    2576993,     40.0,     40.0,     40.0,    120.0, 12, 12, 12,  9,    1423910,    1423910,    1423910,    1423910
41,    2577022,     40.0,     40.0,     40.0,    120.0, 12, 12, 12,  9,    1423910,    1423910,    1423910,    1423910
41,    2581830,     40.0,     40.0,     41.0,    121.0, 12, 12, 12,  9,    1423910,    1423910,    1423910,    1423910
41,    1273034,     68.0,     68.0,     68.0,    203.0,  9, 10, 12,  9,      83163,      83163,      83163,    1423896
41,    1273039,     69.0,     69.0,     69.0,    205.0,  9, 10, 11, 10,      83163,      83163,      83163,      83163
41,    1272787,     26.0,     26.0,     26.0,     79.0,  9, 10, 11,  9,    1423803,    1423803,    1423803,    1423803
41,    1273385,     52.0,     52.0,     52.0,    148.0,  4,  5,  6,  6,      43262,      43262,      43262,      43262
41,    1272133,     44.0,     44.0,     44.0,    125.0,  4,  5,  6,  4,    1272133,    1272133,    1272133,    1272133
41,    1272246,     55.0,     55.0,     55.0,    161.0, 12, 12, 12,  9,    1423471,    1423470,    1423470,    1423470
41,    2579454,     36.0,     35.0,     35.0,    101.0,  4,  5,  6,  6,    1486633,    1486633,    1486633,    1486633
41,    1272787,     26.0,     26.0,     26.0,     79.0,  9, 10, 11,  9,    1423803,    1423803,    1423803,    1423803
41,    1273020,     54.0,     54.0,     54.0,    159.0, 12, 10, 11,  9,    1423892,    1423892,    1423892,    1423892
41,    1273015,     54.0,     54.0,     54.0,    157.0,  9, 10, 11,  9,    1423891,    1423891,    1423891,    1423891
41,    1273186,     71.0,     71.0,     71.0,    208.0,  9, 10, 11,  9,    1423929,    1423929,    1423929,    1423929
41,    1273191,     71.0,     71.0,     71.0,    208.0,  9, 10, 11,  9,    1423929,    1423929,    1423929,    1423929
41,    1273196,     72.0,     72.0,     72.0,    208.0,  9, 10, 11,  9,    1423929,    1423929,    1423929,    1423929
41,    1273458,     62.0,     62.0,     63.0,    177.0,  4,  5,  6,  5,    1273458,    1273458,    1272827,    1273458
41,    1273463,     70.0,     70.0,     70.0,    199.0,  4,  5,  6,  4,    1273463,    1273463,    1273463,    1273463
41,    3776887,     34.0,     34.0,     34.0,     97.0,  4,  5,  6,  4,    1486633,    1486633,    1486633,    1486633
41,    3761916,     41.0,     41.0,     41.0,    120.0,  9, 12, 12,  5,      74283,      74283,      74283,    1272152
41,    2569385,     26.0,     26.0,     26.0,     78.0,  9, 12, 12,  9,    2399503,    2399494,    2399494,    2399503
41,    2569431,     26.0,     26.0,     25.0,     77.0, 12, 12, 12, 10,    2399494,    2399494,    2399494,    2399509
41,    2569419,     27.0,     27.0,     26.0,     79.0, 12, 12, 12, 11,    2399494,    2399494,    2399494,    2399506
41,    2569370,     27.0,     27.0,     27.0,     80.0, 12, 12, 12, 11,    2399498,    2399494,    2399494,    2399498
41,    2569380,     27.0,     27.0,     26.0,     79.0, 12, 12, 12,  9,    2399494,    2399494,    2399494,    2399502
41,    2569424,     26.0,     26.0,     26.0,     78.0,  9, 12, 12,  9,    2399508,    2399494,    2399494,    2399508
41,    3100425,     18.0,     18.0,     18.0,     53.0,  4,  5,  6,  4,    3100425,    3100425,    3100425,    3100425
41,    4194067,     70.0,     70.0,     70.0,    206.0,  9, 12, 12,  9,    2976017,      80550,      80550,    2976017
42,    2577888,     27.0,     27.0,     27.0,     78.0,  9, 10, 11,  9,    2403577,    2403577,    2403577,    2403577
42,    2069046,     27.0,     27.0,     27.0,     78.0,  9, 10, 11,  9,      74284,      74284,      74284,      74284
42,    2577983,     41.0,     41.0,     41.0,    119.0,  9, 10, 11,  9,    2403596,    2403596,    2403596,    2403596
42,    1476198,     34.0,     34.0,     34.0,     99.0,  4,  5,  6,  4,    1476198,    1476198,    1476198,    1476198
42,    2578109,     34.0,     34.0,     34.0,     99.0,  4,  5,  6,  4,    1486633,    1486633,    1486633,    1486633
42,    2580974,     67.0,     67.0,     67.0,    190.0,  4,  5,  6,  5,      43262,      43262,      43262,      43262
42,    1273369,     55.0,     55.0,     55.0,    156.0,  4,  5,  6,  6,      43262,      43262,      43262,    1273369
42,    1272738,     47.0,     47.0,     47.0,    135.0,  4,  5,  6,  4,    1272738,    1272738,    1272738,    1272738
42,    1272743,     49.0,     49.0,     49.0,    139.0,  4,  5,  6,  4,    1272743,    1272743,    1272743,    1272743
42,    1272723,     54.0,     54.0,     54.0,    157.0,  9, 10, 11,  9,    1423778,    1423778,    1423778,    1423778
42,    1272718,     54.0,     54.0,     54.0,    158.0,  9, 10, 11,  9,    1423777,    1423777,    1423777,    1423777
42,    1272728,     55.0,     55.0,     55.0,    158.0,  9, 10, 11,  9,    1423779,    1423779,    1423779,    1423779
42,    1272733,     55.0,     55.0,     55.0,    159.0,  9, 10, 11,  9,    1423780,    1423780,    1423780,    1423780
42,    1272767,     70.0,     68.0,     69.0,    205.0,  9, 12, 12, 10,      80519,      80519,      80519,    1423791
42,    1272777,     51.0,     51.0,     51.0,    154.0,  9, 10, 11,  9,    1423792,    1423792,    1423792,    1423792
42,    1272797,     52.0,     52.0,     53.0,    156.0, 12, 12, 11, 10,    1423806,    1423806,    1423806,    1423806
42,    1272807,     53.0,     53.0,     53.0,    156.0,  9, 10, 11,  9,    1423807,    1423807,    1423807,    1423807
42,    1272817,     53.0,     54.0,     53.0,    157.0,  9, 10, 11,  9,    1423809,    1423809,    1423809,    1423809
42,    1272929,     51.0,     51.0,     51.0,    155.0, 12, 12, 12,  9,    1423844,    1423844,    1423844,    1423844
42,    1272919,     69.0,     70.0,     70.0,    206.0, 12, 12, 12,  9,      80547,      80547,      80547,    1423843
42,    1273069,     39.0,     39.0,     39.0,    118.0, 12, 12, 12, 10,    1423910,      83151,      83151,      83151
42,    2576577,     40.0,     39.0,     40.0,    120.0, 12, 12, 12,  9,    1423910,    1423910,    1423910,    1423910
42,    2576993,     40.0,     40.0,     40.0,    121.0, 12, 12, 12,  9,    1423910,    1423910,    1423910,    1423910
42,    2577022,     40.0,     40.0,     40.0,    121.0, 12, 12, 12,  9,    1423910,    1423910,    1423910,    1423910
42,    2581830,     40.0,     40.0,     41.0,    122.0, 12, 12, 12,  9,    1423910,    1423910,    1423910,    1423910
42,    1273034,     68.0,     68.0,     68.0,    203.0,  9, 10, 12,  9,      83163,      83163,      83163,    1423896
42,    1273039,     69.0,     69.0,     69.0,    205.0,  9, 10, 12, 10,      83163,      83163,      83163,      83163
42,    1272787,     26.0,     26.0,     26.0,     79.0,  9, 10, 11,  9,    1423803,    1423803,    1423803,    1423803
42,    1273385,     52.0,     52.0,     52.0,    148.0,  4,  5,  6,  6,      43262,      43262,      43262,      43262
42,    1272133,     44.0,     44.0,     44.0,    125.0,  4,  5,  6,  4,    1272133,    1272133,    1272133,    1272133
42,    1272246,     55.0,     55.0,     55.0,    161.0, 12, 12, 12,  9,    1423470,    1423470,    1423470,    1423470
42,    2579454,     36.0,     35.0,     36.0,    102.0,  4,  5,  6,  4,    1272252,    1486633,    1272252,    1486633
42,    1272787,     26.0,     26.0,     26.0,     79.0,  9, 10, 11,  9,    1423803,    1423803,    1423803,    1423803
42,    1273020,     54.0,     54.0,     54.0,    159.0,  9, 10, 11,  9,    1423892,    1423892,    1423892,    1423892
42,    1273015,     54.0,     54.0,     54.0,    157.0,  9, 10, 11,  9,    1423891,    1423891,    1423891,    1423891
42,    1273186,     71.0,     71.0,     71.0,    208.0,  9, 10, 11,  9,    1423929,    1423929,    1423929,    1423929
42,    1273191,     71.0,     71.0,     71.0,    208.0,  9, 10, 11,  9,    1423929,    1423929,    1423929,    1423929
42,    1273196,     72.0,     72.0,     72.0,    208.0,  9, 10, 11,  9,    1423929,    1423929,    1423929,    1423929
42,    1273458,     62.0,     63.0,     63.0,    178.0,  4,  5,  6,  4,    1273458,    1272827,    1273458,    1273458
42,    1273463,     70.0,     70.0,     71.0,    200.0,  4,  5,  6,  4,    1273463,    1273463,    1273463,    1273463
42,    3776887,     34.0,     34.0,     34.0,     97.0,  4,  5,  6,  4,    1486633,    1486633,    1486633,    1486633
42,    3761916,     41.0,     41.0,     41.0,    120.0,  9, 10, 12,  4,      74283,      74283,      74283,    1272152
42,    2569385,     26.0,     26.0,     26.0,     78.0, 12, 12, 12,  9,    2399494,    2399494,    2399494,    2399503
42,    2569431,     26.0,     26.0,     26.0,     77.0, 12, 12, 12, 10,    2399494,    2399494,    2399494,    2399509
42,    2569419,     27.0,     26.0,     27.0,     79.0, 12, 12, 12, 10,    2399494,    2399505,    2399494,    2399507
42,    2569370,     27.0,     27.0,     27.0,     80.0, 12, 12, 12,  9,    2399494,    2399494,    2399494,    2399498
42,    2569380,     26.0,     27.0,     26.0,     79.0, 12, 12, 12,  9,    2399498,    2399494,    2399494,    2399502
42,    2569424,     26.0,     26.0,     26.0,     78.0, 12, 12, 12,  9,    2399494,    2399494,    2399494,    2399508
42,    3100425,     18.0,     18.0,     18.0,     53.0,  4,  5,  6,  4,    3100425,    3100425,    3100425,    3100425
42,    4194067,     70.0,     70.0,     70.0,    206.0, 12, 12, 12,  9,      80550,      80550,      80550,    2976017
43,    2577888,     26.0,     27.0,     27.0,     78.0, 12, 10, 11,  9,    2403577,    2403577,    2403577,    2403577
43,    2069046,     27.0,     27.0,     27.0,     78.0,  9, 10, 11,  9,      74284,      74284,      74284,      74284
43,    2577983,     41.0,     41.0,     41.0,    119.0,  9, 10, 11,  9,    2403596,    2403596,    2403596,    2403596
43,    1476198,     35.0,     35.0,     35.0,     99.0,  4,  5,  6,  4,    1476198,    1476198,    1476198,    1476198
43,    2578109,     35.0,     35.0,     35.0,     99.0,  4,  5,  6,  4,    1486633,    1486633,    1486633,    1486633
43,    2580974,     67.0,     67.0,     67.0,    191.0,  4,  5,  6,  4,      43262,      43262,      43262,      43262
43,    1273369,     55.0,     55.0,     55.0,    157.0,  4,  5,  6,  5,      43262,      43262,      43262,      43262
43,    1272738,     47.0,     47.0,     47.0,    136.0,  4,  5,  6,  4,    1272738,    1272738,    1272738,    1272738
43,    1272743,     49.0,     49.0,     49.0,    139.0,  4,  5,  6,  4,    1272743,    1272743,    1272743,    1272743
43,    1272723,     54.0,     54.0,     54.0,    157.0,  9, 10, 11,  9,    1423778,    1423778,    1423778,    1423778
43,    1272718,     54.0,     54.0,     54.0,    158.0,  9, 10, 11,  9,    1423777,    1423777,    1423777,    1423777
43,    1272728,     55.0,     55.0,     55.0,    158.0,  9, 10, 11,  9,    1423779,    1423779,    1423779,    1423779
43,    1272733,     55.0,     55.0,     55.0,    159.0,  9, 10, 11,  9,    1423780,    1423780,    1423780,    1423780
43,    1272767,     70.0,     68.0,     69.0,    205.0, 12, 12, 12, 10,      80519,      80519,      80519,    1423791
43,    1272777,     51.0,     51.0,     51.0,    154.0, 12, 10, 11, 10,    1423792,    1423792,    1423792,    1423792
43,    1272797,     53.0,     52.0,     53.0,    156.0,  9, 12, 11, 10,    1423806,    1423806,    1423806,    1423806
43,    1272807,     53.0,     53.0,     53.0,    156.0,  9, 12, 11,  9,    1423807,    1423807,    1423807,    1423807
43,    1272817,     53.0,     54.0,     53.0,    157.0, 12, 10, 11,  9,    1423809,    1423809,    1423809,    1423809
43,    1272929,     51.0,     51.0,     51.0,    155.0, 12, 12, 12,  9,    1423844,    1423844,    1423844,    1423844
43,    1272919,     69.0,     69.0,     70.0,    206.0, 12, 12, 12,  9,      80547,      80547,      80547,    1423843
43,    1273069,     38.0,     40.0,     40.0,    118.0, 12, 12, 11,  9,    1423910,      83151,      83151,      83151
43,    2576577,     39.0,     40.0,     40.0,    120.0, 12, 12, 12,  9,    1423910,    1423910,    1423910,    1423910
43,    2576993,     39.0,     40.0,     41.0,    120.0, 12, 12, 12,  9,    1423910,    1423910,    1423910,    1423910
43,    2577022,     39.0,     40.0,     41.0,    121.0, 12, 12, 12,  9,    1423910,    1423910,    1423910,    1423910
43,    2581830,     39.0,     41.0,     41.0,    121.0, 12, 12, 12,  9,    1423910,    1423910,    1423910,    1423910
43,    1273034,     68.0,     67.0,     68.0,    203.0,  9, 12, 12,  9,      83163,      83163,      83163,    1423896
43,    1273039,     69.0,     68.0,     69.0,    205.0,  9, 12, 12, 10,      83163,      83163,      83163,      83163
43,    1272787,     26.0,     26.0,     26.0,     79.0,  9, 10, 11,  9,    1423803,    1423803,    1423803,    1423803
43,    1273385,     52.0,     52.0,     52.0,    148.0,  4,  5,  6,  4,      43262,      43262,      43262,    1273385
43,    1272133,     44.0,     44.0,     44.0,    125.0,  4,  5,  6,  5,    1272133,    1272133,    1272133,    1272133
43,    1272246,     56.0,     55.0,     55.0,    161.0,  9, 12, 12, 10,    1423470,    1423470,    1423470,    1423470
43,    2579454,     36.0,     36.0,     36.0,    102.0,  4,  5,  6,  4,    1486633,    1486633,    1486633,    1486633
43,    1272787,     26.0,     26.0,     26.0,     79.0,  9, 10, 11,  9,    1423803,    1423803,    1423803,    1423803
43,    1273020,     54.0,     54.0,     54.0,    159.0,  9, 10, 11,  9,    1423892,    1423892,    1423892,    1423892
43,    1273015,     54.0,     54.0,     54.0,    157.0,  9, 10, 11,  9,    1423891,    1423891,    1423891,    1423891
43,    1273186,     71.0,     71.0,     71.0,    208.0,  9, 10, 11,  9,    1423929,    1423929,    1423929,    1423929
43,    1273191,     71.0,     71.0,     71.0,    208.0,  9, 10, 11,  9,    1423929,    1423929,    1423929,    1423929
43,    1273196,     72.0,     72.0,     71.0,    208.0,  9, 10, 12,  9,    1423929,    1423929,    1423929,    1423929
43,    1273458,     63.0,     63.0,     63.0,    178.0,  4,  5,  6,  4,    1272827,    1272827,    1273458,    1273458
43,    1273463,     70.0,     70.0,     71.0,    200.0,  4,  5,  6,  4,    1273463,    1273463,    1273463,    1273463
43,    3776887,     34.0,     34.0,     34.0,     97.0,  4,  5,  6,  5,    1486633,    1486633,    1486633,    1486633
43,    3761916,     41.0,     41.0,     41.0,    120.0,  9, 12, 12,  9,      74283,      74283,      74283,      74283
43,    2569385,     26.0,     26.0,     26.0,     78.0, 12, 12, 12,  9,    2399494,    2399494,    2399494,    2399503
43,    2569431,     26.0,     25.0,     26.0,     77.0, 12, 12, 12, 10,    2399494,    2399505,    2399494,    2399509
43,    2569419,     27.0,     26.0,     27.0,     79.0, 12, 12, 12, 10,    2399494,    2399505,    2399494,    2399505
43,    2569370,     27.0,     27.0,     27.0,     80.0, 12, 12, 12,  9,    2399494,    2399494,    2399494,    2399498
43,    2569380,     26.0,     26.0,     26.0,     79.0, 12, 12, 12,  9,    2399498,    2399494,    2399502,    2399502
43,    2569424,     26.0,     26.0,     26.0,     78.0, 12, 12, 12, 10,    2399494,    2399494,    2399494,    2399506
43,    3100425,     18.0,     18.0,     18.0,     53.0,  4,  5,  6,  4,    3100425,    3100425,    3100425,    3100425
43,    4194067,     70.0,     70.0,     70.0,    206.0,  9, 12, 12,  9,    2976017,      80550,      80550,    2976017
44,    2577888,     26.0,     26.0,     26.0,     78.0, 12, 12, 12,  9,    2403577,    2403577,    2403577,    2403577
44,    2069046,     27.0,     27.0,     27.0,     78.0,  9, 10, 11,  9,      74284,      74284,      74284,      74284
44,    2577983,     41.0,     41.0,     41.0,    119.0,  9, 10, 11,  9,    2403596,    2403596,    2403596,    2403596
44,    1476198,     35.0,     35.0,     35.0,    100.0,  4,  5,  6,  5,    1476198,    1476198,    1476198,    1476198
44,    2578109,     35.0,     35.0,     35.0,    101.0,  4,  5,  6,  4,    1486633,    1486633,    1486633,    1486633
44,    2580974,     67.0,     67.0,     67.0,    191.0,  4,  5,  6,  5,      43262,      43262,      43262,      43262
44,    1273369,     55.0,     55.0,     55.0,    157.0,  4,  5,  6,  5,    1273369,      43262,      43262,    1273369
44,    1272738,     48.0,     48.0,     48.0,    136.0,  4,  5,  6,  4,    1272738,    1272738,    1272738,    1272738
44,    1272743,     49.0,     49.0,     49.0,    139.0,  4,  5,  6,  4,    1272743,    1272743,    1272743,    1272743
44,    1272723,     54.0,     54.0,     54.0,    157.0,  9, 10, 11,  9,    1423778,    1423778,    1423778,    1423778
44,    1272718,     54.0,     54.0,     54.0,    158.0,  9, 10, 11,  9,    1423777,    1423777,    1423777,    1423777
44,    1272728,     55.0,     55.0,     55.0,    158.0,  9, 10, 11,  9,    1423779,    1423779,    1423779,    1423779
44,    1272733,     55.0,     55.0,     55.0,    159.0,  9, 10, 11,  9,    1423780,    1423780,    1423780,    1423780
44,    1272767,     69.0,     68.0,     69.0,    205.0, 12, 12, 11, 10,    1423791,      80519,    1423791,    1423791
44,    1272777,     51.0,     50.0,     52.0,    154.0, 12, 12, 11, 10,    1423792,    1423792,    1423792,    1423792
44,    1272797,     52.0,     52.0,     53.0,    157.0, 12, 12, 11,  9,    1423806,    1423806,    1423806,    1423806
44,    1272807,     52.0,     53.0,     53.0,    156.0, 12, 10, 11,  9,    1423807,    1423807,    1423807,    1423807
44,    1272817,     53.0,     53.0,     53.0,    157.0, 12, 12, 11, 10,    1423809,    1423809,    1423809,    1423809
44,    1272929,     51.0,     51.0,     51.0,    155.0, 12, 12, 12,  9,    1423844,    1423844,    1423844,    1423844
44,    1272919,     69.0,     70.0,     70.0,    206.0, 12, 12, 12,  9,      80547,      80547,      80547,    1423843
44,    1273069,     39.0,     39.0,     39.0,    118.0, 12, 12, 12,  9,      83151,    1423910,    1423910,      83151
44,    2576577,     40.0,     39.0,     40.0,    122.0, 12, 12, 12, 10,    1423910,    1423910,    1423910,    1423910
44,    2576993,     40.0,     39.0,     40.0,    122.0, 12, 12, 12, 11,    1423910,    1423910,    1423910,    1423910
44,    2577022,     40.0,     39.0,     40.0,    123.0, 12, 12, 12, 10,    1423910,    1423910,    1423910,    1423910
44,    2581830,     41.0,     40.0,     40.0,    123.0, 12, 12, 12, 10,    1423910,    1423910,    1423910,    1423910
44,    1273034,     68.0,     67.0,     68.0,    203.0,  9, 12, 11,  9,      83163,      83163,    1423896,    1423896
44,    1273039,     69.0,     68.0,     69.0,    205.0,  9, 12, 12, 10,      83163,      83163,    1423897,      83163
44,    1272787,     26.0,     26.0,     26.0,     79.0,  9, 10, 11,  9,    1423803,    1423803,    1423803,    1423803
44,    1273385,     52.0,     52.0,     52.0,    148.0,  4,  5,  6,  5,      43262,      43262,      43262,    1273385
44,    1272133,     45.0,     45.0,     45.0,    127.0,  4,  5,  6,  4,    1272133,    1272133,    1272133,    1272133
44,    1272246,     55.0,     55.0,     55.0,    162.0, 12, 12, 12,  9,    1423470,    1423470,    1423470,    1423470
44,    2579454,     36.0,     36.0,     36.0,    104.0,  4,  5,  6,  4,    1486633,    1486633,    1486633,    1486633
44,    1272787,     26.0,     26.0,     26.0,     79.0,  9, 10, 11,  9,    1423803,    1423803,    1423803,    1423803
44,    1273020,     54.0,     54.0,     54.0,    159.0, 12, 12, 12, 10,    1423892,    1423892,    1423892,    1423892
44,    1273015,     54.0,     54.0,     54.0,    157.0,  9, 10, 11,  9,    1423891,    1423891,    1423891,    1423891
44,    1273186,     71.0,     71.0,     71.0,    207.0,  9, 10, 11,  9,    1423929,    1423929,    1423929,    1423938
44,    1273191,     71.0,     71.0,     71.0,    208.0,  9, 10, 11,  9,    1423929,    1423929,    1423929,    1423929
44,    1273196,     72.0,     72.0,     71.0,    208.0,  9, 10, 12, 10,    1423929,    1423929,    1423929,    1423929
44,    1273458,     63.0,     63.0,     63.0,    179.0,  4,  5,  6,  4,    1273458,    1272827,    1273458,    1273458
44,    1273463,     71.0,     70.0,     71.0,    200.0,  4,  5,  6,  5,    1273463,    1273463,    1273463,    1273463
44,    3776887,     35.0,     35.0,     35.0,     99.0,  4,  5,  6,  4,    1486633,    1486633,    1486633,    1486633
44,    3761916,     41.0,     41.0,     41.0,    120.0,  9, 12, 11,  9,      74283,      74283,      74283,      74283
44,    2569385,     26.0,     26.0,     26.0,     78.0,  9, 12, 12,  9,    2399503,    2399494,    2399494,    2399503
44,    2569431,     26.0,     25.0,     25.0,     78.0, 12, 12, 12, 10,    2399494,    2399505,    2399494,    2399509
44,    2569419,     27.0,     26.0,     26.0,     79.0, 12, 12, 12, 10,    2399494,    2399505,    2399494,    2399506
44,    2569370,     27.0,     27.0,     26.0,     80.0, 12, 12, 12,  9,    2399498,    2399494,    2399494,    2399499
44,    2569380,     26.0,     27.0,     26.0,     79.0, 12, 12, 12,  9,    2399498,    2399494,    2399494,    2399502
44,    2569424,     26.0,     26.0,     26.0,     78.0, 12, 12, 12,  9,    2399506,    2399494,    2399494,    2399508
44,    3100425,     19.0,     19.0,     19.0,     54.0,  4,  5,  6,  4,    3100425,    3100425,    3100425,    3100425
44,    4194067,     70.0,     70.0,     70.0,    206.0, 12, 12, 12,  9,      80550,      80550,      80550,    2976017
45,    2577888,     27.0,     27.0,     26.0,     78.0,  9, 10, 12,  9,    2403577,    2403577,    2403577,    2403577
45,    2069046,     27.0,     27.0,     27.0,     78.0,  9, 10, 11,  9,      74284,      74284,      74284,      74284
45,    2577983,     41.0,     41.0,     41.0,    119.0,  9, 10, 11,  9,    2403596,    2403596,    2403596,    2403596
45,    1476198,     35.0,     35.0,     36.0,    100.0,  4,  5,  6,  4,    1476198,    1476198,    1476198,    1476198
45,    2578109,     35.0,     35.0,     36.0,    100.0,  4,  5,  6,  4,    1486633,    1486633,    1486633,    1486633
45,    2580974,     67.0,     67.0,     67.0,    191.0,  4,  5,  6,  4,      43262,      43262,      43262,      43262
45,    1273369,     55.0,     55.0,     55.0,    157.0,  4,  5,  6,  4,      43262,      43262,      43262,    1273369
45,    1272738,     47.0,     48.0,     48.0,    136.0,  4,  5,  6,  4,    1272738,    1272738,    1272738,    1272738
45,    1272743,     49.0,     49.0,     49.0,    139.0,  4,  5,  6,  4,    1272743,    1272743,    1272743,    1272743
45,    1272723,     54.0,     54.0,     54.0,    157.0,  9, 10, 11,  9,    1423778,    1423778,    1423778,    1423778
45,    1272718,     54.0,     54.0,     54.0,    158.0,  9, 10, 11,  9,    1423777,    1423777,    1423777,    1423777
45,    1272728,     55.0,     55.0,     55.0,    158.0,  9, 10, 11,  9,    1423779,    1423779,    1423779,    1423779
45,    1272733,     55.0,     55.0,     55.0,    159.0,  9, 10, 11,  9,    1423780,    1423780,    1423780,    1423780
45,    1272767,     70.0,     68.0,     69.0,    205.0, 12, 12, 12, 10,      80519,      80519,      80519,    1423791
45,    1272777,     51.0,     50.0,     51.0,    154.0, 12, 12, 12, 10,    1423792,    1423792,    1423792,    1423792
45,    1272797,     53.0,     52.0,     53.0,    156.0,  9, 12, 11, 10,    1423806,    1423806,    1423806,    1423806
45,    1272807,     53.0,     53.0,     53.0,    156.0,  9, 10, 11,  9,    1423807,    1423807,    1423807,    1423807
45,    1272817,     53.0,     54.0,     53.0,    157.0, 12, 10, 11, 11,    1423809,    1423809,    1423809,    1423809
45,    1272929,     51.0,     51.0,     51.0,    154.0, 12, 12, 12, 10,    1423844,    1423844,    1423844,    1423844
45,    1272919,     70.0,     70.0,     69.0,    206.0, 12, 12, 12, 11,      80547,      80547,    1423843,    1423843
45,    1273069,     39.0,     39.0,     39.0,    118.0, 12, 12, 12,  9,      83151,    1423910,      83151,      83151
45,    2576577,     39.0,     39.0,     40.0,    121.0, 12, 12, 12,  9,    1423910,    1423910,    1423910,    1423910
45,    2576993,     40.0,     40.0,     40.0,    121.0, 12, 12, 12,  9,    1423910,    1423910,    1423910,    1423910
45,    2577022,     40.0,     40.0,     40.0,    121.0, 12, 12, 12,  9,    1423910,    1423910,    1423910,    1423910
45,    2581830,     40.0,     40.0,     41.0,    122.0, 12, 12, 12,  9,    1423910,    1423910,    1423910,    1423910
45,    1273034,     68.0,     67.0,     68.0,    203.0, 12, 12, 11,  9,      83163,      83163,    1423896,    1423896
45,    1273039,     69.0,     68.0,     69.0,    205.0,  9, 12, 12, 10,      83163,      83163,      83163,      83163
45,    1272787,     26.0,     26.0,     26.0,     82.0, 12, 12, 12,  9,    1423803,    1423803,    1423803,    1423803
45,    1273385,     52.0,     52.0,     52.0,    148.0,  4,  5,  6,  4,      43262,      43262,      43262,    1273385
45,    1272133,     44.0,     45.0,     45.0,    127.0,  4,  5,  6,  4,    1272133,    1272133,    1272133,    1272133
45,    1272246,     55.0,     55.0,     55.0,    162.0, 12, 12, 12,  9,    1423470,    1423470,    1423470,    1423470
45,    2579454,     36.0,     36.0,     37.0,    103.0,  4,  5,  6,  4,    1486633,    1486633,    1486633,    1486633
45,    1272787,     26.0,     26.0,     26.0,     82.0, 12, 12, 12,  9,    1423803,    1423803,    1423803,    1423803
45,    1273020,     54.0,     53.0,     54.0,    159.0, 12, 12, 12, 10,    1423892,    1423892,    1423892,    1423892
45,    1273015,     54.0,     54.0,     54.0,    157.0,  9, 10, 11,  9,    1423891,    1423891,    1423891,    1423891
45,    1273186,     71.0,     71.0,     71.0,    208.0,  9, 10, 11,  9,    1423929,    1423929,    1423929,    1423929
45,    1273191,     71.0,     71.0,     71.0,    208.0,  9, 10, 11,  9,    1423929,    1423929,    1423929,    1423929
45,    1273196,     72.0,     72.0,     71.0,    208.0,  9, 10, 12,  9,    1423929,    1423929,    1423929,    1423929
45,    1273458,     63.0,     63.0,     63.0,    179.0,  4,  5,  6,  5,    1273458,    1273458,    1273458,    1273458
45,    1273463,     71.0,     70.0,     71.0,    201.0,  4,  5,  6,  5,    1273463,    1273463,    1273463,    1273463
45,    3776887,     34.0,     35.0,     35.0,     98.0,  4,  5,  6,  4,    1486633,    1486633,    1486633,    1486633
45,    3761916,     41.0,     41.0,     41.0,    119.0,  9, 12, 11, 11,      74283,      74283,      74283,      74283
45,    2569385,     26.0,     26.0,     26.0,     78.0, 12, 12, 12,  9,    2399494,    2399494,    2399494,    2399503
45,    2569431,     25.0,     26.0,     26.0,     77.0, 12, 12, 12, 11,    2399494,    2399494,    2399494,    2399509
45,    2569419,     26.0,     27.0,     27.0,     79.0, 12, 12, 12, 10,    2399494,    2399494,    2399494,    2399506
45,    2569370,     27.0,     27.0,     27.0,     80.0, 12, 12, 12,  9,    2399494,    2399494,    2399494,    2399499
45,    2569380,     26.0,     27.0,     27.0,     79.0, 12, 12, 12,  9,    2399494,    2399494,    2399494,    2399502
45,    2569424,     26.0,     26.0,     26.0,     78.0, 12, 12, 12,  9,    2399494,    2399494,    2399505,    2399508
45,    3100425,     18.0,     19.0,     19.0,     54.0,  4,  5,  6,  4,    3100425,    3100425,    3100425,    3100425
45,    4194067,     70.0,     70.0,     70.0,    206.0, 12, 12, 11,  9,      80550,      80550,    2976017,    2976017
46,    2577888,     27.0,     27.0,     27.0,     78.0,  9, 10, 11,  9,    2403577,    2403577,    2403577,    2403577
46,    2069046,     27.0,     27.0,     27.0,     78.0,  9, 10, 11,  9,      74284,      74284,      74284,      74284
46,    2577983,     41.0,     41.0,     41.0,    119.0,  9, 10, 11,  9,    2403596,    2403596,    2403596,    2403596
46,    1476198,     34.0,     34.0,     35.0,     98.0,  4,  5,  6,  4,    1476198,    1476198,    1476198,    1476198
46,    2578109,     34.0,     34.0,     35.0,     99.0,  4,  5,  6,  4,    1486633,    1486633,    1486633,    1486633
46,    2580974,     67.0,     67.0,     67.0,    190.0,  4,  5,  6,  4,      43262,      43262,      43262,      43262
46,    1273369,     55.0,     55.0,     55.0,    156.0,  4,  5,  6,  4,      43262,      43262,      43262,    1273369
46,    1272738,     47.0,     47.0,     47.0,    135.0,  4,  5,  6,  4,    1272738,    1272738,    1272738,    1272738
46,    1272743,     48.0,     48.0,     48.0,    138.0,  4,  5,  6,  4,    1272743,    1272743,    1272743,    1272743
46,    1272723,     54.0,     54.0,     54.0,    157.0,  9, 10, 11,  9,    1423778,    1423778,    1423778,    1423778
46,    1272718,     54.0,     54.0,     54.0,    158.0,  9, 10, 11,  9,    1423777,    1423777,    1423777,    1423777
46,    1272728,     55.0,     55.0,     55.0,    158.0,  9, 10, 11,  9,    1423779,    1423779,    1423779,    1423779
46,    1272733,     55.0,     55.0,     55.0,    159.0,  9, 10, 11,  9,    1423780,    1423780,    1423780,    1423780
46,    1272767,     69.0,     69.0,     69.0,    205.0, 12, 12, 12, 10,    1423791,      80519,      80519,    1423791
46,    1272777,     51.0,     51.0,     51.0,    154.0, 12, 10, 12, 10,    1423792,    1423792,    1423792,    1423792
46,    1272797,     53.0,     52.0,     52.0,    156.0,  9, 12, 12, 10,    1423806,    1423806,    1423806,    1423806
46,    1272807,     53.0,     53.0,     53.0,    156.0,  9, 10, 11,  9,    1423807,    1423807,    1423807,    1423807
46,    1272817,     53.0,     54.0,     53.0,    157.0, 12, 10, 11, 11,    1423809,    1423809,    1423809,    1423809
46,    1272929,     51.0,     51.0,     51.0,    154.0, 12, 12, 12, 10,    1423844,    1423844,    1423844,    1423844
46,    1272919,     69.0,     70.0,     70.0,    206.0, 12, 12, 12, 11,      80547,      80547,      80547,    1423843
46,    1273069,     39.0,     39.0,     39.0,    118.0, 12, 12, 12, 10,    1423910,      83151,      83151,      83151
46,    2576577,     40.0,     39.0,     40.0,    121.0, 12, 12, 12,  9,    1423910,    1423910,    1423910,    1423910
46,    2576993,     40.0,     39.0,     40.0,    121.0, 12, 12, 12,  9,    1423910,    1423910,    1423910,    1423910
46,    2577022,     40.0,     40.0,     40.0,    121.0, 12, 12, 12,  9,    1423910,    1423910,    1423910,    1423910
46,    2581830,     40.0,     40.0,     41.0,    122.0, 12, 12, 12,  9,    1423910,    1423910,    1423910,    1423910
46,    1273034,     68.0,     67.0,     68.0,    203.0, 12, 12, 12,  9,      83163,      83163,      83163,    1423896
46,    1273039,     69.0,     68.0,     69.0,    205.0, 12, 12, 12, 10,      83163,      83163,      83163,      83163
46,    1272787,     26.0,     26.0,     26.0,     81.0, 12, 12, 12,  9,    1423803,    1423803,    1423803,    1423803
46,    1273385,     52.0,     52.0,     52.0,    147.0,  4,  5,  6,  5,      43262,      43262,      43262,    1273385
46,    1272133,     44.0,     44.0,     44.0,    125.0,  4,  5,  6,  4,    1272133,    1272133,    1272133,    1272133
46,    1272246,     55.0,     55.0,     55.0,    161.0, 12, 12, 12, 10,    1423470,    1423470,    1423470,    1423470
46,    2579454,     35.0,     36.0,     36.0,    102.0,  4,  5,  6,  4,    1486633,    1486633,    1486633,    1486633
46,    1272787,     26.0,     26.0,     26.0,     81.0, 12, 12, 12,  9,    1423803,    1423803,    1423803,    1423803
46,    1273020,     53.0,     54.0,     54.0,    159.0, 12, 12, 12,  9,    1423892,    1423892,    1423892,    1423892
46,    1273015,     54.0,     54.0,     54.0,    157.0,  9, 10, 11,  9,    1423891,    1423891,    1423891,    1423891
46,    1273186,     71.0,     71.0,     71.0,    208.0,  9, 10, 11,  9,    1423929,    1423929,    1423929,    1423929
46,    1273191,     71.0,     71.0,     71.0,    208.0,  9, 10, 11,  9,    1423929,    1423929,    1423929,    1423929
46,    1273196,     72.0,     72.0,     72.0,    208.0,  9, 10, 11,  9,    1423929,    1423929,    1423929,    1423929
46,    1273458,     63.0,     63.0,     63.0,    178.0,  4,  5,  6,  4,    1272827,    1272827,    1272827,    1273458
46,    1273463,     70.0,     70.0,     70.0,    200.0,  4,  5,  6,  4,    1273463,    1273463,    1273463,    1273463
46,    3776887,     34.0,     34.0,     34.0,     97.0,  4,  5,  6,  4,    1486633,    1486633,    1486633,    1486633
46,    3761916,     42.0,     41.0,     41.0,    120.0,  4, 12, 12,  4,    1272152,      74283,      74283,    1272152
46,    2569385,     26.0,     26.0,     26.0,     78.0, 12, 12, 12,  9,    2399494,    2399494,    2399494,    2399503
46,    2569431,     26.0,     26.0,     26.0,     77.0, 12, 12, 12, 10,    2399494,    2399494,    2399494,    2399509
46,    2569419,     27.0,     27.0,     27.0,     79.0, 12, 12, 12,  9,    2399494,    2399494,    2399494,    2399506
46,    2569370,     27.0,     27.0,     27.0,     80.0, 12, 12, 12,  9,    2399494,    2399494,    2399494,    2399498
46,    2569380,     26.0,     27.0,     27.0,     79.0, 12, 12, 12,  9,    2399498,    2399494,    2399494,    2399502
46,    2569424,     26.0,     26.0,     26.0,     78.0, 12, 12, 12, 10,    2399494,    2399494,    2399494,    2399506
46,    3100425,     18.0,     18.0,     18.0,     53.0,  4,  5,  6,  4,    3100425,    3100425,    3100425,    3100425
46,    4194067,     70.0,     70.0,     70.0,    206.0, 12, 12, 11,  9,      80550,      80550,    2976017,    2976017
47,    2577888,     27.0,     27.0,     27.0,     78.0,  9, 10, 11,  9,    2403577,    2403577,    2403577,    2403577
47,    2069046,     27.0,     27.0,     27.0,     78.0,  9, 10, 11,  9,      74284,      74284,      74284,      74284
47,    2577983,     41.0,     41.0,     41.0,    119.0,  9, 10, 11,  9,    2403596,    2403596,    2403596,    2403596
47,    1476198,     34.0,     34.0,     34.0,     98.0,  4,  5,  6,  4,    1476198,    1476198,    1476198,    1476198
47,    2578109,     34.0,     34.0,     34.0,     98.0,  4,  5,  6,  4,    1486633,    1486633,    1486633,    1486633
47,    2580974,     67.0,     67.0,     67.0,    190.0,  4,  5,  6,  4,      43262,      43262,      43262,      43262
47,    1273369,     55.0,     55.0,     55.0,    156.0,  4,  5,  6,  4,      43262,      43262,      43262,    1273369
47,    1272738,     47.0,     47.0,     47.0,    135.0,  4,  5,  6,  4,    1272738,    1272738,    1272738,    1272738
47,    1272743,     48.0,     48.0,     48.0,    138.0,  4,  5,  6,  4,    1272743,    1272743,    1272743,    1272743
47,    1272723,     54.0,     54.0,     54.0,    157.0,  9, 10, 11,  9,    1423778,    1423778,    1423778,    1423778
47,    1272718,     54.0,     54.0,     54.0,    158.0,  9, 10, 11,  9,    1423777,    1423777,    1423777,    1423777
47,    1272728,     55.0,     55.0,     55.0,    158.0,  9, 10, 11,  9,    1423779,    1423779,    1423779,    1423779
47,    1272733,     55.0,     55.0,     55.0,    159.0,  9, 10, 11,  9,    1423780,    1423780,    1423780,    1423780
47,    1272767,     70.0,     69.0,     69.0,    205.0,  9, 12, 12, 10,      80519,      80519,      80519,    1423791
47,    1272777,     51.0,     51.0,     51.0,    154.0,  9, 10, 11,  9,    1423792,    1423792,    1423792,    1423792
47,    1272797,     52.0,     53.0,     53.0,    156.0, 12, 10, 11,  9,    1423806,    1423806,    1423806,    1423806
47,    1272807,     53.0,     53.0,     53.0,    156.0,  9, 10, 11,  9,    1423807,    1423807,    1423807,    1423807
47,    1272817,     53.0,     54.0,     53.0,    157.0,  9, 10, 11,  9,    1423809,    1423809,    1423809,    1423809
47,    1272929,     51.0,     51.0,     51.0,    155.0, 12, 12, 12,  9,    1423844,    1423844,    1423844,    1423844
47,    1272919,     69.0,     70.0,     70.0,    206.0, 12, 12, 12,  9,      80547,      80547,      80547,    1423843
47,    1273069,     39.0,     39.0,     39.0,    118.0, 12, 12, 12,  9,      83151,      83151,      83151,      83151
47,    2576577,     40.0,     39.0,     40.0,    120.0, 12, 12, 12,  9,    1423910,    1423910,    1423910,    1423910
47,    2576993,     40.0,     40.0,     40.0,    120.0, 12, 12, 12,  9,    1423910,    1423910,    1423910,    1423910
47,    2577022,     40.0,     40.0,     40.0,    120.0, 12, 12, 12,  9,    1423910,    1423910,    1423910,    1423910
47,    2581830,     40.0,     40.0,     41.0,    121.0, 12, 12, 12,  9,    1423910,    1423910,    1423910,    1423910
47,    1273034,     68.0,     68.0,     68.0,    203.0, 12, 10, 12,  9,      83163,      83163,      83163,    1423896
47,    1273039,     69.0,     68.0,     69.0,    205.0,  9, 12, 12, 10,      83163,      83163,      83163,      83163
47,    1272787,     26.0,     26.0,     26.0,     81.0, 12, 12, 12,  9,    1423803,    1423803,    1423803,    1423803
47,    1273385,     52.0,     52.0,     52.0,    147.0,  4,  5,  6,  4,      43262,      43262,      43262,    1273385
47,    1272133,     44.0,     44.0,     44.0,    124.0,  4,  5,  6,  4,    1272133,    1272133,    1272133,    1272133
47,    1272246,     56.0,     55.0,     55.0,    161.0,  9, 12, 12, 10,    1423470,    1423470,    1423470,    1423470
47,    2579454,     35.0,     35.0,     35.0,    101.0,  4,  5,  6,  4,    1486633,    1486633,    1486633,    1486633
47,    1272787,     26.0,     26.0,     26.0,     81.0, 12, 12, 12,  9,    1423803,    1423803,    1423803,    1423803
47,    1273020,     53.0,     54.0,     54.0,    159.0, 12, 12, 12,  9,    1423892,    1423892,    1423892,    1423892
47,    1273015,     54.0,     54.0,     54.0,    157.0,  9, 10, 11,  9,    1423891,    1423891,    1423891,    1423891
47,    1273186,     71.0,     71.0,     71.0,    208.0,  9, 10, 11,  9,    1423929,    1423929,    1423929,    1423929
47,    1273191,     71.0,     71.0,     71.0,    208.0,  9, 10, 11,  9,    1423929,    1423929,    1423929,    1423929
47,    1273196,     72.0,     72.0,     72.0,    208.0,  9, 10, 11,  9,    1423929,    1423929,    1423929,    1423929
47,    1273458,     62.0,     62.0,     62.0,    177.0,  4,  5,  6,  4,    1273458,    1273458,    1273458,    1273458
47,    1273463,     70.0,     70.0,     70.0,    198.0,  4,  5,  6,  5,    1273463,    1273463,    1273463,    1273463
47,    3776887,     34.0,     34.0,     34.0,     96.0,  4,  5,  6,  4,    1486633,    1486633,    1486633,    1486633
47,    3761916,     41.0,     41.0,     41.0,    120.0,  9, 12, 12,  4,      74283,      74283,    2403596,    1272152
47,    2569385,     26.0,     26.0,     26.0,     78.0, 12, 12, 12,  9,    2399494,    2399494,    2399494,    2399503
47,    2569431,     26.0,     26.0,     26.0,     77.0, 12, 12, 12, 10,    2399494,    2399494,    2399494,    2399509
47,    2569419,     27.0,     27.0,     27.0,     79.0, 12, 12, 12,  9,    2399494,    2399494,    2399494,    2399507
47,    2569370,     27.0,     27.0,     27.0,     80.0, 12, 12, 12,  9,    2399494,    2399494,    2399494,    2399498
47,    2569380,     27.0,     27.0,     26.0,     79.0, 12, 12, 12,  9,    2399494,    2399494,    2399504,    2399502
47,    2569424,     26.0,     26.0,     26.0,     78.0, 12, 12, 12,  9,    2399494,    2399494,    2399494,    2399508
47,    3100425,     18.0,     18.0,     18.0,     53.0,  4,  5,  6,  4,    3100425,    3100425,    3100425,    3100425
47,    4194067,     70.0,     70.0,     70.0,    206.0, 12, 12, 12,  9,      80550,      80550,      80550,    2976017
