 F,      BusId,       PA,       PB,       PC,       P3, XA, XB, XC, X3,       id_A,       id_B,       id_C,       id_3
 0,    1402966,     22.0,     22.0,     22.0,     71.0,  1,  2,  3,  1,    1402966,    1402966,    1402966,    1402966
 0,    1372768,     47.0,     46.0,     46.0,    144.0,  9, 10, 11, 10,    1521738,    1521738,    1521738,    1521738
 0,    1402281,     18.0,     18.0,     18.0,     56.0,  9, 10, 11,  9,    1521743,    1521743,    1521743,    1521743
 0,    1402401,     36.0,     36.0,     36.0,    111.0,  9, 10, 11,  9,    1521939,    1521939,    1521939,    1521939
 0,    2581417,     47.0,     47.0,     47.0,    145.0,  9, 10, 11, 10,    1521738,    1521738,    1521738,    1521738
 0,    2581488,     46.0,     45.0,     46.0,    143.0,  9, 10, 11, 10,    1521738,    1521738,    1521738,    1521738
 0,    1402411,     18.0,     18.0,     18.0,     56.0,  9, 10, 11,  9,    1521963,    1521963,    1521963,    1521963
 0,    2581539,     45.0,     45.0,     45.0,    142.0,  9, 10, 11, 10,    1521738,    1521738,    1521738,    1521738
 0,    3308031,     17.0,     17.0,     17.0,     55.0,  9, 10, 11,  9,    1521966,    1521966,    1521966,    1521966
 0,    2581921,     34.0,     34.0,     34.0,    108.0,  9, 10, 11,  9,    1522009,    1522009,    1522009,    1522009
 0,    2581924,     45.0,     44.0,     44.0,    141.0,  9, 10, 11, 10,    1521738,    1521738,    1521738,    1521738
 0,    2581936,     45.0,     45.0,     45.0,    142.0,  9, 10, 11, 10,    1521738,    1521738,    1521738,    1521738
 0,    2581953,     45.0,     45.0,     45.0,    142.0,  9, 10, 11, 10,    1521738,    1521738,    1521738,    1521738
 0,    2574122,     45.0,     45.0,     45.0,    142.0,  9, 10, 11, 10,    1521738,    1521738,    1521738,    1521738
 0,    2574602,     45.0,     44.0,     45.0,    141.0,  9, 10, 11, 10,    1521738,    1521738,    1521738,    1521738
 0,    1402514,     44.0,     44.0,     44.0,    141.0,  9, 10, 11, 10,    1521738,    1521738,    1521738,    1521738
 0,    1402579,     17.0,     17.0,     17.0,     54.0,  9, 10, 11, 10,    1522042,    1522042,    1522042,    1522042
 0,    2575651,     74.0,     74.0,     74.0,    227.0,  9, 10, 11,  9,    1522072,    1522072,    1522072,    1522072
 0,    3297329,     24.0,     24.0,     24.0,     75.0,  9, 10, 11,  9,    1522079,    1522079,    1522079,    1522079
 0,    3297022,     18.0,     18.0,     18.0,     55.0,  9, 10, 11,  9,    1522104,    1522104,    1522104,    1522104
 0,    2576325,     71.0,     71.0,     71.0,    223.0,  9, 10, 11,  9,    1522072,    1522072,    1522072,    1522072
 0,    2577448,     60.0,     60.0,     60.0,    190.0,  9, 10, 11,  9,    1522163,    1522163,    1522163,    1522163
 0,    2577458,     59.0,     59.0,     59.0,    190.0,  9, 10, 11,  9,    1522163,    1522163,    1522163,    1522163
 0,    1402884,     41.0,     41.0,     41.0,    134.0,  1,  2,  3,  1,     635023,     635023,     635023,     635023
 0,    1402894,     23.0,     23.0,     23.0,     73.0,  9, 10, 11,  9,    1522230,    1522230,    1522230,    1522230
 0,    1402915,     17.0,     17.0,     17.0,     55.0,  9, 10, 11,  9,    1522238,    1522238,    1522238,    1522238
 0,     635028,     22.0,     22.0,     22.0,     72.0,  9, 10, 11,  9,    1077912,    1077912,    1077912,    1077912
 0,    1402950,     32.0,     32.0,     32.0,    105.0,  1,  2,  3,  2,    1402950,    1402950,    1402950,    1402950
 0,    1402966,     22.0,     22.0,     22.0,     71.0,  1,  2,  3,  1,    1402966,    1402966,    1402966,    1402966
 0,    3300159,     16.0,     16.0,     16.0,     54.0,  1,  2,  3,  1,    3300159,    3300159,    3300159,    3300159
 0,    3300160,     14.0,     14.0,     14.0,     46.0,  1,  2,  3,  1,    3300160,    3300160,    3300160,    3300160
 0,    1403206,     60.0,     60.0,     60.0,    191.0,  9, 10, 11,  9,    1522163,    1522163,    1522163,    1522163
 0,    1403224,     58.0,     58.0,     58.0,    187.0,  1,  2,  3,  2,     635023,     635023,     635023,    1403224
 0,    1403441,     51.0,     51.0,     51.0,    165.0,  9, 10, 11,  9,    1522507,    1522507,    1522507,    1522507
 0,    1403446,     17.0,     17.0,     17.0,     54.0,  9, 10, 11,  9,    1522518,    1522518,    1522518,    1522518
 0,    1403761,     24.0,     24.0,     24.0,     74.0,  9, 10, 11,  9,    1522659,    1522659,    1522659,    1522659
 0,    1403519,     27.0,     27.0,     27.0,     89.0,  1,  2,  3,  1,    1403519,    1403519,    1403519,    1403519
 0,    1403591,     18.0,     18.0,     18.0,     59.0,  1,  2,  3,  1,    1403591,    1403591,    1403591,    1403591
 0,    1402660,     36.0,     36.0,     36.0,    111.0,  9, 10, 11,  9,    1522119,    1522119,    1522119,    1522119
 0,    2519996,     18.0,     18.0,     18.0,     55.0,  9, 10, 11,  9,    2366963,    2366963,    2366963,    2366963
 0,    3300116,     27.0,     27.0,     27.0,     86.0,  1,  2,  3,  1,    3300116,    3300116,    3300116,    3300116
 0,    3300147,     17.0,     17.0,     17.0,     55.0,  9, 10, 11,  9,    2694427,    2694427,    2694427,    2694427
 0,    3307430,     18.0,     18.0,     18.0,     56.0,  9, 10, 11,  9,    1522427,    1522427,    1522427,    1522427
 1,    1402966,     22.0,     22.0,     22.0,     71.0,  1,  2,  3,  1,    1402966,    1402966,    1402966,    1402966
 1,    1372768,     47.0,     46.0,     47.0,    145.0,  9, 10, 11, 10,    1521738,    1521738,    1521738,    1521738
 1,    1402281,     18.0,     18.0,     18.0,     56.0,  9, 10, 11,  9,    1521743,    1521743,    1521743,    1521743
 1,    1402401,     36.0,     36.0,     36.0,    111.0,  9, 10, 11,  9,    1521939,    1521939,    1521939,    1521939
 1,    2581417,     47.0,     47.0,     47.0,    146.0,  9, 10, 11, 10,    1521738,    1521738,    1521738,    1521738
 1,    2581488,     46.0,     46.0,     46.0,    144.0,  9, 10, 11, 10,    1521738,    1521738,    1521738,    1521738
 1,    1402411,     18.0,     18.0,     18.0,     56.0,  9, 10, 11,  9,    1521963,    1521963,    1521963,    1521963
 1,    2581539,     45.0,     45.0,     45.0,    143.0,  9, 10, 11, 10,    1521738,    1521738,    1521738,    1521738
 1,    3308031,     17.0,     17.0,     17.0,     55.0,  9, 10, 11,  9,    1521966,    1521966,    1521966,    1521966
 1,    2581921,     34.0,     34.0,     34.0,    108.0,  9, 10, 11,  9,    1522009,    1522009,    1522009,    1522009
 1,    2581924,     45.0,     44.0,     45.0,    142.0,  9, 10, 11, 10,    1521738,    1521738,    1521738,    1521738
 1,    2581936,     45.0,     45.0,     45.0,    143.0,  9, 10, 11, 10,    1521738,    1521738,    1521738,    1521738
 1,    2581953,     45.0,     45.0,     45.0,    143.0,  9, 10, 11, 10,    1521738,    1521738,    1521738,    1521738
 1,    2574122,     45.0,     45.0,     45.0,    142.0,  9, 10, 11, 10,    1521738,    1521738,    1521738,    1521738
 1,    2574602,     45.0,     45.0,     45.0,    142.0,  9, 10, 11, 10,    1521738,    1521738,    1521738,    1521738
 1,    1402514,     44.0,     44.0,     44.0,    141.0,  9, 10, 11, 10,    1521738,    1521738,    1521738,    1521738
 1,    1402579,     17.0,     17.0,     17.0,     54.0,  9, 10, 11, 10,    1522042,    1522042,    1522042,    1522042
 1,    2575651,     74.0,     74.0,     74.0,    227.0,  9, 10, 11,  9,    1522072,    1522072,    1522072,    1522072
 1,    3297329,     24.0,     24.0,     24.0,     75.0,  9, 10, 11,  9,    1522079,    1522079,    1522079,    1522079
 1,    3297022,     18.0,     18.0,     18.0,     55.0,  9, 10, 11,  9,    1522104,    1522104,    1522104,    1522104
 1,    2576325,     71.0,     71.0,     71.0,    223.0,  9, 10, 11,  9,    1522072,    1522072,    1522072,    1522072
 1,    2577448,     60.0,     60.0,     60.0,    190.0,  9, 10, 11,  9,    1522163,    1522163,    1522163,    1522163
 1,    2577458,     59.0,     59.0,     59.0,    190.0,  9, 10, 11,  9,    1522163,    1522163,    1522163,    1522163
 1,    1402884,     41.0,     41.0,     41.0,    134.0,  1,  2,  3,  1,     635023,     635023,     635023,     635023
 1,    1402894,     23.0,     23.0,     23.0,     73.0,  9, 10, 11,  9,    1522230,    1522230,    1522230,    1522230
 1,    1402915,     17.0,     17.0,     17.0,     55.0,  9, 10, 11,  9,    1522238,    1522238,    1522238,    1522238
 1,     635028,     22.0,     22.0,     22.0,     72.0,  9, 10, 11,  9,    1077912,    1077912,    1077912,    1077912
 1,    1402950,     32.0,     32.0,     32.0,    106.0,  1,  2,  3,  1,    1402950,    1402950,    1402950,    1402950
 1,    1402966,     22.0,     22.0,     22.0,     71.0,  1,  2,  3,  1,    1402966,    1402966,    1402966,    1402966
 1,    3300159,     16.0,     16.0,     16.0,     54.0,  1,  2,  3,  1,    3300159,    3300159,    3300159,    3300159
 1,    3300160,     14.0,     14.0,     14.0,     46.0,  1,  2,  3,  1,    3300160,    3300160,    3300160,    3300160
 1,    1403206,     60.0,     60.0,     60.0,    191.0,  9, 10, 11,  9,    1522163,    1522163,    1522163,    1522163
 1,    1403224,     58.0,     58.0,     58.0,    188.0,  1,  2,  3,  1,     635023,     635023,     635023,    1403224
 1,    1403441,     51.0,     51.0,     51.0,    165.0,  9, 10, 11,  9,    1522507,    1522507,    1522507,    1522507
 1,    1403446,     17.0,     17.0,     17.0,     54.0,  9, 10, 11,  9,    1522518,    1522518,    1522518,    1522518
 1,    1403761,     24.0,     24.0,     24.0,     74.0,  9, 10, 11,  9,    1522659,    1522659,    1522659,    1522659
 1,    1403519,     27.0,     27.0,     27.0,     89.0,  1,  2,  3,  1,    1403519,    1403519,    1403519,    1403519
 1,    1403591,     18.0,     18.0,     18.0,     59.0,  1,  2,  3,  1,    1403591,    1403591,    1403591,    1403591
 1,    1402660,     36.0,     36.0,     36.0,    111.0,  9, 10, 11,  9,    1522119,    1522119,    1522119,    1522119
 1,    2519996,     18.0,     18.0,     18.0,     55.0,  9, 10, 11,  9,    2366963,    2366963,    2366963,    2366963
 1,    3300116,     27.0,     27.0,     27.0,     86.0,  1,  2,  3,  1,    3300116,    3300116,    3300116,    3300116
 1,    3300147,     17.0,     17.0,     17.0,     55.0,  9, 10, 11,  9,    2694427,    2694427,    2694427,    2694427
 1,    3307430,     18.0,     18.0,     18.0,     56.0,  9, 10, 11,  9,    1522427,    1522427,    1522427,    1522427
 2,    1402966,     22.0,     22.0,     22.0,     71.0,  1,  2,  3,  1,    1402966,    1402966,    1402966,    1402966
 2,    1372768,     47.0,     46.0,     47.0,    144.0,  9, 10, 11, 10,    1521738,    1521738,    1521738,    1521738
 2,    1402281,     18.0,     18.0,     18.0,     56.0,  9, 10, 11,  9,    1521743,    1521743,    1521743,    1521743
 2,    1402401,     36.0,     36.0,     36.0,    111.0,  9, 10, 11,  9,    1521939,    1521939,    1521939,    1521939
 2,    2581417,     47.0,     46.0,     47.0,    144.0,  9, 10, 11, 10,    1521738,    1521738,    1521738,    1521738
 2,    2581488,     46.0,     45.0,     46.0,    142.0,  9, 10, 11, 10,    1521738,    1521738,    1521738,    1521738
 2,    1402411,     18.0,     18.0,     18.0,     56.0,  9, 10, 11,  9,    1521963,    1521963,    1521963,    1521963
 2,    2581539,     45.0,     45.0,     45.0,    141.0,  9, 10, 11, 10,    1521738,    1521738,    1521738,    1521738
 2,    3308031,     17.0,     17.0,     17.0,     55.0,  9, 10, 11,  9,    1521966,    1521966,    1521966,    1521966
 2,    2581921,     34.0,     33.0,     34.0,    106.0,  9, 10, 11, 10,    1522009,    1522009,    1522009,    1522009
 2,    2581924,     45.0,     44.0,     45.0,    140.0,  9, 10, 11, 10,    1521738,    1521738,    1521738,    1521738
 2,    2581936,     45.0,     44.0,     45.0,    141.0,  9, 10, 11, 10,    1521738,    1521738,    1521738,    1521738
 2,    2581953,     45.0,     44.0,     45.0,    141.0,  9, 10, 11, 10,    1521738,    1521738,    1521738,    1521738
 2,    2574122,     45.0,     44.0,     45.0,    141.0,  9, 10, 11, 10,    1521738,    1521738,    1521738,    1521738
 2,    2574602,     45.0,     44.0,     45.0,    141.0,  9, 10, 11, 10,    1521738,    1521738,    1521738,    1521738
 2,    1402514,     44.0,     44.0,     44.0,    140.0,  9, 10, 11, 10,    1521738,    1521738,    1521738,    1521738
 2,    1402579,     17.0,     17.0,     17.0,     54.0,  9, 10, 11, 10,    1522042,    1522042,    1522042,    1522042
 2,    2575651,     74.0,     74.0,     74.0,    227.0,  9, 10, 11,  9,    1522072,    1522072,    1522072,    1522072
 2,    3297329,     24.0,     24.0,     24.0,     75.0,  9, 10, 11,  9,    1522079,    1522079,    1522079,    1522079
 2,    3297022,     18.0,     18.0,     18.0,     55.0,  9, 10, 11,  9,    1522104,    1522104,    1522104,    1522104
 2,    2576325,     71.0,     71.0,     71.0,    223.0,  9, 10, 11,  9,    1522072,    1522072,    1522072,    1522072
 2,    2577448,     60.0,     60.0,     60.0,    190.0,  9, 10, 11,  9,    1522163,    1522163,    1522163,    1522163
 2,    2577458,     59.0,     59.0,     59.0,    190.0,  9, 10, 11,  9,    1522163,    1522163,    1522163,    1522163
 2,    1402884,     41.0,     41.0,     41.0,    134.0,  1,  2,  3,  1,     635023,     635023,     635023,     635023
 2,    1402894,     23.0,     23.0,     23.0,     73.0,  9, 10, 11,  9,    1522230,    1522230,    1522230,    1522230
 2,    1402915,     17.0,     17.0,     17.0,     55.0,  9, 10, 11,  9,    1522238,    1522238,    1522238,    1522238
 2,     635028,     22.0,     22.0,     22.0,     72.0,  9, 10, 11,  9,    1077912,    1077912,    1077912,    1077912
 2,    1402950,     32.0,     32.0,     32.0,    105.0,  1,  2,  3,  2,    1402950,    1402950,    1402950,    1402950
 2,    1402966,     22.0,     22.0,     22.0,     71.0,  1,  2,  3,  1,    1402966,    1402966,    1402966,    1402966
 2,    3300159,     16.0,     16.0,     16.0,     54.0,  1,  2,  3,  1,    3300159,    3300159,    3300159,    3300159
 2,    3300160,     14.0,     14.0,     14.0,     46.0,  1,  2,  3,  1,    3300160,    3300160,    3300160,    3300160
 2,    1403206,     60.0,     60.0,     60.0,    191.0,  9, 10, 11,  9,    1522163,    1522163,    1522163,    1522163
 2,    1403224,     58.0,     58.0,     58.0,    187.0,  1,  2,  3,  2,     635023,     635023,     635023,    1403224
 2,    1403441,     51.0,     51.0,     51.0,    165.0,  9, 10, 11,  9,    1522507,    1522507,    1522507,    1522507
 2,    1403446,     17.0,     17.0,     17.0,     54.0,  9, 10, 11,  9,    1522518,    1522518,    1522518,    1522518
 2,    1403761,     24.0,     24.0,     24.0,     74.0,  9, 10, 11,  9,    1522659,    1522659,    1522659,    1522659
 2,    1403519,     27.0,     27.0,     27.0,     89.0,  1,  2,  3,  1,    1403519,    1403519,    1403519,    1403519
 2,    1403591,     18.0,     18.0,     18.0,     59.0,  1,  2,  3,  1,    1403591,    1403591,    1403591,    1403591
 2,    1402660,     36.0,     36.0,     36.0,    111.0,  9, 10, 11,  9,    1522119,    1522119,    1522119,    1522119
 2,    2519996,     18.0,     18.0,     18.0,     55.0,  9, 10, 11,  9,    2366963,    2366963,    2366963,    2366963
 2,    3300116,     27.0,     26.0,     27.0,     86.0,  1,  2,  3,  1,    3300116,    3300116,    3300116,    3300116
 2,    3300147,     17.0,     17.0,     17.0,     55.0,  9, 10, 11,  9,    2694427,    2694427,    2694427,    2694427
 2,    3307430,     18.0,     18.0,     18.0,     56.0,  9, 10, 11,  9,    1522427,    1522427,    1522427,    1522427
 3,    1402966,     22.0,     22.0,     22.0,     71.0,  1,  2,  3,  1,    1402966,    1402966,    1402966,    1402966
 3,    1372768,     47.0,     47.0,     47.0,    145.0,  9, 10, 11, 11,    1521738,    1521738,    1521738,    1521738
 3,    1402281,     18.0,     18.0,     18.0,     56.0,  9, 10, 11,  9,    1521743,    1521743,    1521743,    1521743
 3,    1402401,     36.0,     36.0,     36.0,    111.0,  9, 10, 11,  9,    1521939,    1521939,    1521939,    1521939
 3,    2581417,     47.0,     47.0,     47.0,    146.0,  9, 10, 11, 10,    1521738,    1521738,    1521738,    1521738
 3,    2581488,     46.0,     46.0,     46.0,    144.0,  9, 10, 11, 11,    1521738,    1521738,    1521738,    1521738
 3,    1402411,     18.0,     18.0,     18.0,     56.0,  9, 10, 11,  9,    1521963,    1521963,    1521963,    1521963
 3,    2581539,     45.0,     45.0,     45.0,    143.0,  9, 10, 11, 11,    1521738,    1521738,    1521738,    1521738
 3,    3308031,     17.0,     17.0,     17.0,     55.0,  9, 10, 11,  9,    1521966,    1521966,    1521966,    1521966
 3,    2581921,     34.0,     34.0,     34.0,    108.0,  9, 10, 11,  9,    1522009,    1522009,    1522009,    1522009
 3,    2581924,     45.0,     45.0,     45.0,    142.0,  9, 10, 11, 11,    1521738,    1521738,    1521738,    1521738
 3,    2581936,     45.0,     45.0,     45.0,    143.0,  9, 10, 11, 10,    1521738,    1521738,    1521738,    1521738
 3,    2581953,     45.0,     45.0,     45.0,    143.0,  9, 10, 11, 10,    1521738,    1521738,    1521738,    1521738
 3,    2574122,     45.0,     45.0,     45.0,    143.0,  9, 10, 11,  9,    1521738,    1521738,    1521738,    1521738
 3,    2574602,     45.0,     45.0,     45.0,    142.0,  9, 10, 11, 11,    1521738,    1521738,    1521738,    1521738
 3,    1402514,     44.0,     44.0,     44.0,    142.0,  9, 10, 11,  9,    1521738,    1521738,    1521738,    1521738
 3,    1402579,     17.0,     17.0,     17.0,     54.0,  9, 10, 11, 10,    1522042,    1522042,    1522042,    1522042
 3,    2575651,     74.0,     74.0,     74.0,    227.0,  9, 10, 11,  9,    1522072,    1522072,    1522072,    1522072
 3,    3297329,     24.0,     24.0,     24.0,     75.0,  9, 10, 11,  9,    1522079,    1522079,    1522079,    1522079
 3,    3297022,     18.0,     18.0,     18.0,     55.0,  9, 10, 11,  9,    1522104,    1522104,    1522104,    1522104
 3,    2576325,     71.0,     71.0,     71.0,    223.0,  9, 10, 11,  9,    1522072,    1522072,    1522072,    1522072
 3,    2577448,     60.0,     60.0,     60.0,    190.0,  9, 10, 11,  9,    1522163,    1522163,    1522163,    1522163
 3,    2577458,     59.0,     59.0,     59.0,    190.0,  9, 10, 11,  9,    1522163,    1522163,    1522163,    1522163
 3,    1402884,     41.0,     41.0,     41.0,    134.0,  1,  2,  3,  1,     635023,     635023,     635023,     635023
 3,    1402894,     23.0,     23.0,     23.0,     73.0,  9, 10, 11,  9,    1522230,    1522230,    1522230,    1522230
 3,    1402915,     17.0,     17.0,     17.0,     55.0,  9, 10, 11,  9,    1522238,    1522238,    1522238,    1522238
 3,     635028,     22.0,     22.0,     22.0,     72.0,  9, 10, 11,  9,    1077912,    1077912,    1077912,    1077912
 3,    1402950,     32.0,     32.0,     32.0,    106.0,  1,  2,  3,  1,    1402950,    1402950,    1402950,    1402950
 3,    1402966,     22.0,     22.0,     22.0,     71.0,  1,  2,  3,  1,    1402966,    1402966,    1402966,    1402966
 3,    3300159,     16.0,     16.0,     16.0,     54.0,  1,  2,  3,  1,    3300159,    3300159,    3300159,    3300159
 3,    3300160,     14.0,     14.0,     14.0,     46.0,  1,  2,  3,  1,    3300160,    3300160,    3300160,    3300160
 3,    1403206,     60.0,     60.0,     60.0,    191.0,  9, 10, 11,  9,    1522163,    1522163,    1522163,    1522163
 3,    1403224,     58.0,     58.0,     58.0,    188.0,  1,  2,  3,  1,     635023,     635023,     635023,    1403224
 3,    1403441,     51.0,     51.0,     51.0,    165.0,  9, 10, 11,  9,    1522507,    1522507,    1522507,    1522507
 3,    1403446,     17.0,     17.0,     17.0,     54.0,  9, 10, 11,  9,    1522518,    1522518,    1522518,    1522518
 3,    1403761,     24.0,     24.0,     24.0,     74.0,  9, 10, 11,  9,    1522659,    1522659,    1522659,    1522659
 3,    1403519,     27.0,     27.0,     27.0,     89.0,  1,  2,  3,  1,    1403519,    1403519,    1403519,    1403519
 3,    1403591,     18.0,     18.0,     18.0,     59.0,  1,  2,  3,  1,    1403591,    1403591,    1403591,    1403591
 3,    1402660,     36.0,     36.0,     36.0,    111.0,  9, 10, 11,  9,    1522119,    1522119,    1522119,    1522119
 3,    2519996,     18.0,     18.0,     18.0,     55.0,  9, 10, 11,  9,    2366963,    2366963,    2366963,    2366963
 3,    3300116,     27.0,     27.0,     27.0,     86.0,  1,  2,  3,  1,    3300116,    3300116,    3300116,    3300116
 3,    3300147,     17.0,     17.0,     17.0,     55.0,  9, 10, 11,  9,    2694427,    2694427,    2694427,    2694427
 3,    3307430,     18.0,     18.0,     18.0,     56.0,  9, 10, 11,  9,    1522427,    1522427,    1522427,    1522427
 4,    1402966,     22.0,     22.0,     22.0,     71.0,  1,  2,  3,  1,    1402966,    1402966,    1402966,    1402966
 4,    1372768,     47.0,     47.0,     47.0,    145.0,  9, 10, 11, 10,    1521738,    1521738,    1521738,    1521738
 4,    1402281,     18.0,     18.0,     18.0,     56.0,  9, 10, 11,  9,    1521743,    1521743,    1521743,    1521743
 4,    1402401,     36.0,     36.0,     36.0,    111.0,  9, 10, 11,  9,    1521939,    1521939,    1521939,    1521939
 4,    2581417,     47.0,     47.0,     47.0,    146.0,  9, 10, 11, 10,    1521738,    1521738,    1521738,    1521738
 4,    2581488,     46.0,     46.0,     46.0,    144.0,  9, 10, 11, 10,    1521738,    1521738,    1521738,    1521738
 4,    1402411,     18.0,     18.0,     18.0,     56.0,  9, 10, 11,  9,    1521963,    1521963,    1521963,    1521963
 4,    2581539,     45.0,     45.0,     45.0,    143.0,  9, 10, 11, 10,    1521738,    1521738,    1521738,    1521738
 4,    3308031,     17.0,     17.0,     17.0,     55.0,  9, 10, 11,  9,    1521966,    1521966,    1521966,    1521966
 4,    2581921,     34.0,     34.0,     34.0,    108.0,  9, 10, 11,  9,    1522009,    1522009,    1522009,    1522009
 4,    2581924,     45.0,     45.0,     45.0,    142.0,  9, 10, 11, 10,    1521738,    1521738,    1521738,    1521738
 4,    2581936,     45.0,     45.0,     45.0,    143.0,  9, 10, 11, 10,    1521738,    1521738,    1521738,    1521738
 4,    2581953,     45.0,     45.0,     45.0,    143.0,  9, 10, 11, 10,    1521738,    1521738,    1521738,    1521738
 4,    2574122,     45.0,     45.0,     45.0,    143.0,  9, 10, 11, 10,    1521738,    1521738,    1521738,    1521738
 4,    2574602,     45.0,     45.0,     45.0,    142.0,  9, 10, 11, 10,    1521738,    1521738,    1521738,    1521738
 4,    1402514,     44.0,     44.0,     44.0,    142.0,  9, 10, 11,  9,    1521738,    1521738,    1521738,    1521738
 4,    1402579,     17.0,     17.0,     17.0,     54.0,  9, 10, 11, 10,    1522042,    1522042,    1522042,    1522042
 4,    2575651,     74.0,     74.0,     74.0,    227.0,  9, 10, 11,  9,    1522072,    1522072,    1522072,    1522072
 4,    3297329,     24.0,     24.0,     24.0,     75.0,  9, 10, 11,  9,    1522079,    1522079,    1522079,    1522079
 4,    3297022,     18.0,     18.0,     18.0,     55.0,  9, 10, 11,  9,    1522104,    1522104,    1522104,    1522104
 4,    2576325,     71.0,     71.0,     71.0,    223.0,  9, 10, 11,  9,    1522072,    1522072,    1522072,    1522072
 4,    2577448,     60.0,     60.0,     60.0,    190.0,  9, 10, 11,  9,    1522163,    1522163,    1522163,    1522163
 4,    2577458,     59.0,     59.0,     59.0,    190.0,  9, 10, 11,  9,    1522163,    1522163,    1522163,    1522163
 4,    1402884,     41.0,     41.0,     41.0,    134.0,  1,  2,  3,  1,     635023,     635023,     635023,     635023
 4,    1402894,     23.0,     23.0,     23.0,     73.0,  9, 10, 11,  9,    1522230,    1522230,    1522230,    1522230
 4,    1402915,     17.0,     17.0,     17.0,     55.0,  9, 10, 11,  9,    1522238,    1522238,    1522238,    1522238
 4,     635028,     22.0,     22.0,     22.0,     72.0,  9, 10, 11,  9,    1077912,    1077912,    1077912,    1077912
 4,    1402950,     32.0,     32.0,     32.0,    105.0,  1,  2,  3,  2,    1402950,    1402950,    1402950,    1402950
 4,    1402966,     22.0,     22.0,     22.0,     71.0,  1,  2,  3,  1,    1402966,    1402966,    1402966,    1402966
 4,    3300159,     16.0,     16.0,     16.0,     54.0,  1,  2,  3,  1,    3300159,    3300159,    3300159,    3300159
 4,    3300160,     14.0,     14.0,     14.0,     46.0,  1,  2,  3,  1,    3300160,    3300160,    3300160,    3300160
 4,    1403206,     60.0,     60.0,     60.0,    191.0,  9, 10, 11,  9,    1522163,    1522163,    1522163,    1522163
 4,    1403224,     58.0,     58.0,     58.0,    187.0,  1,  2,  3,  2,     635023,     635023,     635023,    1403224
 4,    1403441,     51.0,     51.0,     51.0,    165.0,  9, 10, 11,  9,    1522507,    1522507,    1522507,    1522507
 4,    1403446,     17.0,     17.0,     17.0,     54.0,  9, 10, 11,  9,    1522518,    1522518,    1522518,    1522518
 4,    1403761,     24.0,     24.0,     24.0,     74.0,  9, 10, 11,  9,    1522659,    1522659,    1522659,    1522659
 4,    1403519,     27.0,     27.0,     27.0,     89.0,  1,  2,  3,  1,    1403519,    1403519,    1403519,    1403519
 4,    1403591,     18.0,     18.0,     18.0,     59.0,  1,  2,  3,  1,    1403591,    1403591,    1403591,    1403591
 4,    1402660,     36.0,     36.0,     36.0,    111.0,  9, 10, 11,  9,    1522119,    1522119,    1522119,    1522119
 4,    2519996,     18.0,     18.0,     18.0,     55.0,  9, 10, 11,  9,    2366963,    2366963,    2366963,    2366963
 4,    3300116,     27.0,     27.0,     27.0,     86.0,  1,  2,  3,  1,    3300116,    3300116,    3300116,    3300116
 4,    3300147,     17.0,     17.0,     17.0,     55.0,  9, 10, 11,  9,    2694427,    2694427,    2694427,    2694427
 4,    3307430,     18.0,     18.0,     18.0,     56.0,  9, 10, 11,  9,    1522427,    1522427,    1522427,    1522427
 5,    1402966,     22.0,     22.0,     22.0,     71.0,  1,  2,  3,  1,    1402966,    1402966,    1402966,    1402966
 5,    1372768,     47.0,     47.0,     47.0,    145.0,  9, 10, 11, 10,    1521738,    1521738,    1521738,    1521738
 5,    1402281,     18.0,     18.0,     18.0,     56.0,  9, 10, 11,  9,    1521743,    1521743,    1521743,    1521743
 5,    1402401,     36.0,     36.0,     36.0,    111.0,  9, 10, 11,  9,    1521939,    1521939,    1521939,    1521939
 5,    2581417,     47.0,     47.0,     47.0,    146.0,  9, 10, 11, 10,    1521738,    1521738,    1521738,    1521738
 5,    2581488,     46.0,     46.0,     46.0,    144.0,  9, 10, 11, 10,    1521738,    1521738,    1521738,    1521738
 5,    1402411,     18.0,     18.0,     18.0,     56.0,  9, 10, 11,  9,    1521963,    1521963,    1521963,    1521963
 5,    2581539,     45.0,     45.0,     45.0,    143.0,  9, 10, 11, 10,    1521738,    1521738,    1521738,    1521738
 5,    3308031,     17.0,     17.0,     17.0,     55.0,  9, 10, 11,  9,    1521966,    1521966,    1521966,    1521966
 5,    2581921,     34.0,     34.0,     34.0,    108.0,  9, 10, 11,  9,    1522009,    1522009,    1522009,    1522009
 5,    2581924,     45.0,     45.0,     45.0,    142.0,  9, 10, 11, 10,    1521738,    1521738,    1521738,    1521738
 5,    2581936,     45.0,     45.0,     45.0,    143.0,  9, 10, 11,  9,    1521738,    1521738,    1521738,    1521738
 5,    2581953,     45.0,     45.0,     45.0,    143.0,  9, 10, 11, 10,    1521738,    1521738,    1521738,    1521738
 5,    2574122,     45.0,     45.0,     45.0,    143.0,  9, 10, 11,  9,    1521738,    1521738,    1521738,    1521738
 5,    2574602,     45.0,     45.0,     45.0,    142.0,  9, 10, 11, 10,    1521738,    1521738,    1521738,    1521738
 5,    1402514,     44.0,     44.0,     44.0,    142.0,  9, 10, 11,  9,    1521738,    1521738,    1521738,    1521738
 5,    1402579,     17.0,     17.0,     17.0,     54.0,  9, 10, 11, 10,    1522042,    1522042,    1522042,    1522042
 5,    2575651,     74.0,     74.0,     74.0,    227.0,  9, 10, 11,  9,    1522072,    1522072,    1522072,    1522072
 5,    3297329,     24.0,     24.0,     24.0,     75.0,  9, 10, 11,  9,    1522079,    1522079,    1522079,    1522079
 5,    3297022,     18.0,     18.0,     18.0,     55.0,  9, 10, 11,  9,    1522104,    1522104,    1522104,    1522104
 5,    2576325,     71.0,     71.0,     71.0,    223.0,  9, 10, 11,  9,    1522072,    1522072,    1522072,    1522072
 5,    2577448,     60.0,     60.0,     60.0,    190.0,  9, 10, 11,  9,    1522163,    1522163,    1522163,    1522163
 5,    2577458,     59.0,     59.0,     59.0,    190.0,  9, 10, 11,  9,    1522163,    1522163,    1522163,    1522163
 5,    1402884,     41.0,     41.0,     41.0,    134.0,  1,  2,  3,  1,     635023,     635023,     635023,     635023
 5,    1402894,     23.0,     23.0,     23.0,     73.0,  9, 10, 11,  9,    1522230,    1522230,    1522230,    1522230
 5,    1402915,     17.0,     17.0,     17.0,     55.0,  9, 10, 11,  9,    1522238,    1522238,    1522238,    1522238
 5,     635028,     22.0,     22.0,     22.0,     72.0,  9, 10, 11,  9,    1077912,    1077912,    1077912,    1077912
 5,    1402950,     32.0,     32.0,     32.0,    105.0,  1,  2,  3,  1,    1402950,    1402950,    1402950,    1402950
 5,    1402966,     22.0,     22.0,     22.0,     71.0,  1,  2,  3,  1,    1402966,    1402966,    1402966,    1402966
 5,    3300159,     16.0,     16.0,     17.0,     54.0,  1,  2,  3,  1,    3300159,    3300159,    3300159,    3300159
 5,    3300160,     14.0,     14.0,     14.0,     46.0,  1,  2,  3,  1,    3300160,    3300160,    3300160,    3300160
 5,    1403206,     60.0,     60.0,     60.0,    191.0,  9, 10, 11,  9,    1522163,    1522163,    1522163,    1522163
 5,    1403224,     58.0,     58.0,     58.0,    187.0,  1,  2,  3,  1,     635023,     635023,     635023,    1403224
 5,    1403441,     51.0,     51.0,     51.0,    165.0,  9, 10, 11,  9,    1522507,    1522507,    1522507,    1522507
 5,    1403446,     17.0,     17.0,     17.0,     54.0,  9, 10, 11,  9,    1522518,    1522518,    1522518,    1522518
 5,    1403761,     24.0,     24.0,     24.0,     74.0,  9, 10, 11,  9,    1522659,    1522659,    1522659,    1522659
 5,    1403519,     27.0,     27.0,     27.0,     89.0,  1,  2,  3,  1,    1403519,    1403519,    1403519,    1403519
 5,    1403591,     18.0,     18.0,     18.0,     59.0,  1,  2,  3,  1,    1403591,    1403591,    1403591,    1403591
 5,    1402660,     36.0,     36.0,     36.0,    111.0,  9, 10, 11,  9,    1522119,    1522119,    1522119,    1522119
 5,    2519996,     18.0,     18.0,     18.0,     55.0,  9, 10, 11,  9,    2366963,    2366963,    2366963,    2366963
 5,    3300116,     27.0,     27.0,     27.0,     86.0,  1,  2,  3,  1,    3300116,    3300116,    3300116,    3300116
 5,    3300147,     17.0,     17.0,     17.0,     55.0,  9, 10, 11,  9,    2694427,    2694427,    2694427,    2694427
 5,    3307430,     18.0,     18.0,     18.0,     56.0,  9, 10, 11,  9,    1522427,    1522427,    1522427,    1522427
 6,    1402966,     22.0,     22.0,     22.0,     71.0,  1,  2,  3,  1,    1402966,    1402966,    1402966,    1402966
 6,    1372768,     47.0,     47.0,     47.0,    145.0,  9, 10, 11, 10,    1521738,    1521738,    1521738,    1521738
 6,    1402281,     18.0,     18.0,     18.0,     56.0,  9, 10, 11,  9,    1521743,    1521743,    1521743,    1521743
 6,    1402401,     36.0,     36.0,     36.0,    111.0,  9, 10, 11,  9,    1521939,    1521939,    1521939,    1521939
 6,    2581417,     47.0,     47.0,     47.0,    146.0,  9, 10, 11, 10,    1521738,    1521738,    1521738,    1521738
 6,    2581488,     46.0,     46.0,     46.0,    144.0,  9, 10, 11, 10,    1521738,    1521738,    1521738,    1521738
 6,    1402411,     18.0,     18.0,     18.0,     56.0,  9, 10, 11,  9,    1521963,    1521963,    1521963,    1521963
 6,    2581539,     45.0,     45.0,     45.0,    143.0,  9, 10, 11, 10,    1521738,    1521738,    1521738,    1521738
 6,    3308031,     17.0,     17.0,     17.0,     55.0,  9, 10, 11,  9,    1521966,    1521966,    1521966,    1521966
 6,    2581921,     34.0,     34.0,     34.0,    108.0,  9, 10, 11,  9,    1522009,    1522009,    1522009,    1522009
 6,    2581924,     45.0,     45.0,     45.0,    142.0,  9, 10, 11, 10,    1521738,    1521738,    1521738,    1521738
 6,    2581936,     45.0,     45.0,     45.0,    143.0,  9, 10, 11, 10,    1521738,    1521738,    1521738,    1521738
 6,    2581953,     45.0,     45.0,     45.0,    143.0,  9, 10, 11, 10,    1521738,    1521738,    1521738,    1521738
 6,    2574122,     45.0,     45.0,     45.0,    143.0,  9, 10, 11,  9,    1521738,    1521738,    1521738,    1521738
 6,    2574602,     45.0,     45.0,     45.0,    142.0,  9, 10, 11, 10,    1521738,    1521738,    1521738,    1521738
 6,    1402514,     44.0,     44.0,     44.0,    142.0,  9, 10, 11,  9,    1521738,    1521738,    1521738,    1521738
 6,    1402579,     17.0,     17.0,     17.0,     54.0,  9, 10, 11, 10,    1522042,    1522042,    1522042,    1522042
 6,    2575651,     74.0,     74.0,     74.0,    227.0,  9, 10, 11,  9,    1522072,    1522072,    1522072,    1522072
 6,    3297329,     24.0,     24.0,     24.0,     75.0,  9, 10, 11,  9,    1522079,    1522079,    1522079,    1522079
 6,    3297022,     18.0,     18.0,     18.0,     55.0,  9, 10, 11,  9,    1522104,    1522104,    1522104,    1522104
 6,    2576325,     71.0,     71.0,     71.0,    223.0,  9, 10, 11,  9,    1522072,    1522072,    1522072,    1522072
 6,    2577448,     60.0,     60.0,     60.0,    190.0,  9, 10, 11,  9,    1522163,    1522163,    1522163,    1522163
 6,    2577458,     59.0,     59.0,     59.0,    190.0,  9, 10, 11,  9,    1522163,    1522163,    1522163,    1522163
 6,    1402884,     41.0,     41.0,     41.0,    134.0,  1,  2,  3,  1,     635023,     635023,     635023,     635023
 6,    1402894,     23.0,     23.0,     23.0,     73.0,  9, 10, 11,  9,    1522230,    1522230,    1522230,    1522230
 6,    1402915,     17.0,     17.0,     17.0,     55.0,  9, 10, 11,  9,    1522238,    1522238,    1522238,    1522238
 6,     635028,     22.0,     22.0,     22.0,     72.0,  9, 10, 11,  9,    1077912,    1077912,    1077912,    1077912
 6,    1402950,     32.0,     32.0,     32.0,    105.0,  1,  2,  3,  2,    1402950,    1402950,    1402950,    1402950
 6,    1402966,     22.0,     22.0,     22.0,     71.0,  1,  2,  3,  1,    1402966,    1402966,    1402966,    1402966
 6,    3300159,     16.0,     16.0,     16.0,     54.0,  1,  2,  3,  1,    3300159,    3300159,    3300159,    3300159
 6,    3300160,     14.0,     14.0,     14.0,     46.0,  1,  2,  3,  1,    3300160,    3300160,    3300160,    3300160
 6,    1403206,     60.0,     60.0,     60.0,    191.0,  9, 10, 11,  9,    1522163,    1522163,    1522163,    1522163
 6,    1403224,     58.0,     58.0,     58.0,    187.0,  1,  2,  3,  2,     635023,     635023,     635023,    1403224
 6,    1403441,     51.0,     51.0,     51.0,    165.0,  9, 10, 11,  9,    1522507,    1522507,    1522507,    1522507
 6,    1403446,     17.0,     17.0,     17.0,     54.0,  9, 10, 11,  9,    1522518,    1522518,    1522518,    1522518
 6,    1403761,     24.0,     24.0,     24.0,     74.0,  9, 10, 11,  9,    1522659,    1522659,    1522659,    1522659
 6,    1403519,     27.0,     27.0,     27.0,     89.0,  1,  2,  3,  1,    1403519,    1403519,    1403519,    1403519
 6,    1403591,     18.0,     18.0,     18.0,     59.0,  1,  2,  3,  1,    1403591,    1403591,    1403591,    1403591
 6,    1402660,     36.0,     36.0,     36.0,    111.0,  9, 10, 11,  9,    1522119,    1522119,    1522119,    1522119
 6,    2519996,     18.0,     18.0,     18.0,     55.0,  9, 10, 11,  9,    2366963,    2366963,    2366963,    2366963
 6,    3300116,     27.0,     27.0,     27.0,     86.0,  1,  2,  3,  1,    3300116,    3300116,    3300116,    3300116
 6,    3300147,     17.0,     17.0,     17.0,     55.0,  9, 10, 11,  9,    2694427,    2694427,    2694427,    2694427
 6,    3307430,     18.0,     18.0,     18.0,     56.0,  9, 10, 11,  9,    1522427,    1522427,    1522427,    1522427
 7,    1402966,     22.0,     22.0,     22.0,     71.0,  1,  2,  3,  1,    1402966,    1402966,    1402966,    1402966
 7,    1372768,     47.0,     46.0,     47.0,    145.0,  9, 10, 11, 10,    1521738,    1521738,    1521738,    1521738
 7,    1402281,     18.0,     18.0,     18.0,     56.0,  9, 10, 11,  9,    1521743,    1521743,    1521743,    1521743
 7,    1402401,     36.0,     36.0,     36.0,    111.0,  9, 10, 11,  9,    1521939,    1521939,    1521939,    1521939
 7,    2581417,     47.0,     47.0,     47.0,    145.0,  9, 10, 11, 10,    1521738,    1521738,    1521738,    1521738
 7,    2581488,     46.0,     46.0,     46.0,    143.0,  9, 10, 11, 10,    1521738,    1521738,    1521738,    1521738
 7,    1402411,     18.0,     18.0,     18.0,     56.0,  9, 10, 11,  9,    1521963,    1521963,    1521963,    1521963
 7,    2581539,     45.0,     45.0,     45.0,    142.0,  9, 10, 11, 10,    1521738,    1521738,    1521738,    1521738
 7,    3308031,     17.0,     17.0,     17.0,     55.0,  9, 10, 11,  9,    1521966,    1521966,    1521966,    1521966
 7,    2581921,     34.0,     34.0,     34.0,    108.0,  9, 10, 11,  9,    1522009,    1522009,    1522009,    1522009
 7,    2581924,     45.0,     44.0,     45.0,    141.0,  9, 10, 11, 10,    1521738,    1521738,    1521738,    1521738
 7,    2581936,     45.0,     45.0,     45.0,    142.0,  9, 10, 11, 10,    1521738,    1521738,    1521738,    1521738
 7,    2581953,     45.0,     45.0,     45.0,    142.0,  9, 10, 11, 10,    1521738,    1521738,    1521738,    1521738
 7,    2574122,     45.0,     45.0,     45.0,    142.0,  9, 10, 11, 10,    1521738,    1521738,    1521738,    1521738
 7,    2574602,     45.0,     44.0,     45.0,    142.0,  9, 10, 11, 10,    1521738,    1521738,    1521738,    1521738
 7,    1402514,     44.0,     44.0,     44.0,    141.0,  9, 10, 11, 10,    1521738,    1521738,    1521738,    1521738
 7,    1402579,     17.0,     17.0,     17.0,     54.0,  9, 10, 11, 10,    1522042,    1522042,    1522042,    1522042
 7,    2575651,     74.0,     74.0,     74.0,    227.0,  9, 10, 11,  9,    1522072,    1522072,    1522072,    1522072
 7,    3297329,     24.0,     24.0,     24.0,     75.0,  9, 10, 11,  9,    1522079,    1522079,    1522079,    1522079
 7,    3297022,     18.0,     18.0,     18.0,     55.0,  9, 10, 11,  9,    1522104,    1522104,    1522104,    1522104
 7,    2576325,     71.0,     71.0,     71.0,    223.0,  9, 10, 11,  9,    1522072,    1522072,    1522072,    1522072
 7,    2577448,     60.0,     60.0,     60.0,    190.0,  9, 10, 11,  9,    1522163,    1522163,    1522163,    1522163
 7,    2577458,     59.0,     59.0,     59.0,    190.0,  9, 10, 11,  9,    1522163,    1522163,    1522163,    1522163
 7,    1402884,     41.0,     41.0,     41.0,    134.0,  1,  2,  3,  1,     635023,     635023,     635023,     635023
 7,    1402894,     23.0,     23.0,     23.0,     73.0,  9, 10, 11,  9,    1522230,    1522230,    1522230,    1522230
 7,    1402915,     17.0,     17.0,     17.0,     55.0,  9, 10, 11,  9,    1522238,    1522238,    1522238,    1522238
 7,     635028,     22.0,     22.0,     22.0,     72.0,  9, 10, 11,  9,    1077912,    1077912,    1077912,    1077912
 7,    1402950,     32.0,     32.0,     32.0,    105.0,  1,  2,  3,  1,    1402950,    1402950,    1402950,    1402950
 7,    1402966,     22.0,     22.0,     22.0,     71.0,  1,  2,  3,  1,    1402966,    1402966,    1402966,    1402966
 7,    3300159,     16.0,     16.0,     16.0,     54.0,  1,  2,  3,  1,    3300159,    3300159,    3300159,    3300159
 7,    3300160,     14.0,     14.0,     14.0,     46.0,  1,  2,  3,  1,    3300160,    3300160,    3300160,    3300160
 7,    1403206,     60.0,     60.0,     60.0,    191.0,  9, 10, 11,  9,    1522163,    1522163,    1522163,    1522163
 7,    1403224,     58.0,     58.0,     58.0,    187.0,  1,  2,  3,  1,     635023,     635023,     635023,    1403224
 7,    1403441,     51.0,     51.0,     51.0,    165.0,  9, 10, 11,  9,    1522507,    1522507,    1522507,    1522507
 7,    1403446,     17.0,     17.0,     17.0,     54.0,  9, 10, 11,  9,    1522518,    1522518,    1522518,    1522518
 7,    1403761,     24.0,     24.0,     24.0,     74.0,  9, 10, 11,  9,    1522659,    1522659,    1522659,    1522659
 7,    1403519,     27.0,     27.0,     27.0,     89.0,  1,  2,  3,  1,    1403519,    1403519,    1403519,    1403519
 7,    1403591,     18.0,     18.0,     18.0,     59.0,  1,  2,  3,  1,    1403591,    1403591,    1403591,    1403591
 7,    1402660,     36.0,     36.0,     36.0,    111.0,  9, 10, 11,  9,    1522119,    1522119,    1522119,    1522119
 7,    2519996,     18.0,     18.0,     18.0,     55.0,  9, 10, 11,  9,    2366963,    2366963,    2366963,    2366963
 7,    3300116,     27.0,     26.0,     27.0,     86.0,  1,  2,  3,  1,    3300116,    3300116,    3300116,    3300116
 7,    3300147,     17.0,     17.0,     17.0,     55.0,  9, 10, 11,  9,    2694427,    2694427,    2694427,    2694427
 7,    3307430,     18.0,     18.0,     18.0,     56.0,  9, 10, 11,  9,    1522427,    1522427,    1522427,    1522427
 8,    1402966,     22.0,     22.0,     22.0,     71.0,  1,  2,  3,  1,    1402966,    1402966,    1402966,    1402966
 8,    1372768,     47.0,     46.0,     47.0,    145.0,  9, 10, 11, 10,    1521738,    1521738,    1521738,    1521738
 8,    1402281,     18.0,     18.0,     18.0,     56.0,  9, 10, 11,  9,    1521743,    1521743,    1521743,    1521743
 8,    1402401,     36.0,     36.0,     36.0,    111.0,  9, 10, 11,  9,    1521939,    1521939,    1521939,    1521939
 8,    2581417,     47.0,     47.0,     47.0,    145.0,  9, 10, 11, 10,    1521738,    1521738,    1521738,    1521738
 8,    2581488,     46.0,     46.0,     46.0,    144.0,  9, 10, 11, 10,    1521738,    1521738,    1521738,    1521738
 8,    1402411,     18.0,     18.0,     18.0,     56.0,  9, 10, 11,  9,    1521963,    1521963,    1521963,    1521963
 8,    2581539,     45.0,     45.0,     45.0,    143.0,  9, 10, 11, 10,    1521738,    1521738,    1521738,    1521738
 8,    3308031,     17.0,     17.0,     17.0,     55.0,  9, 10, 11,  9,    1521966,    1521966,    1521966,    1521966
 8,    2581921,     34.0,     34.0,     34.0,    108.0,  9, 10, 11,  9,    1522009,    1522009,    1522009,    1522009
 8,    2581924,     45.0,     44.0,     45.0,    142.0,  9, 10, 11, 10,    1521738,    1521738,    1521738,    1521738
 8,    2581936,     45.0,     45.0,     45.0,    142.0,  9, 10, 11, 10,    1521738,    1521738,    1521738,    1521738
 8,    2581953,     45.0,     45.0,     45.0,    142.0,  9, 10, 11, 10,    1521738,    1521738,    1521738,    1521738
 8,    2574122,     45.0,     45.0,     45.0,    142.0,  9, 10, 11, 10,    1521738,    1521738,    1521738,    1521738
 8,    2574602,     45.0,     44.0,     45.0,    142.0,  9, 10, 11, 10,    1521738,    1521738,    1521738,    1521738
 8,    1402514,     44.0,     44.0,     44.0,    141.0,  9, 10, 11, 10,    1521738,    1521738,    1521738,    1521738
 8,    1402579,     17.0,     17.0,     17.0,     54.0,  9, 10, 11, 10,    1522042,    1522042,    1522042,    1522042
 8,    2575651,     74.0,     74.0,     74.0,    227.0,  9, 10, 11,  9,    1522072,    1522072,    1522072,    1522072
 8,    3297329,     24.0,     24.0,     24.0,     75.0,  9, 10, 11,  9,    1522079,    1522079,    1522079,    1522079
 8,    3297022,     18.0,     18.0,     18.0,     55.0,  9, 10, 11,  9,    1522104,    1522104,    1522104,    1522104
 8,    2576325,     71.0,     71.0,     71.0,    223.0,  9, 10, 11,  9,    1522072,    1522072,    1522072,    1522072
 8,    2577448,     60.0,     60.0,     60.0,    190.0,  9, 10, 11,  9,    1522163,    1522163,    1522163,    1522163
 8,    2577458,     59.0,     59.0,     59.0,    190.0,  9, 10, 11,  9,    1522163,    1522163,    1522163,    1522163
 8,    1402884,     41.0,     41.0,     41.0,    134.0,  1,  2,  3,  1,     635023,     635023,     635023,     635023
 8,    1402894,     23.0,     23.0,     23.0,     73.0,  9, 10, 11,  9,    1522230,    1522230,    1522230,    1522230
 8,    1402915,     17.0,     17.0,     17.0,     55.0,  9, 10, 11,  9,    1522238,    1522238,    1522238,    1522238
 8,     635028,     22.0,     22.0,     22.0,     72.0,  9, 10, 11,  9,    1077912,    1077912,    1077912,    1077912
 8,    1402950,     32.0,     32.0,     32.0,    106.0,  1,  2,  3,  1,    1402950,    1402950,    1402950,    1402950
 8,    1402966,     22.0,     22.0,     22.0,     71.0,  1,  2,  3,  1,    1402966,    1402966,    1402966,    1402966
 8,    3300159,     16.0,     16.0,     16.0,     54.0,  1,  2,  3,  1,    3300159,    3300159,    3300159,    3300159
 8,    3300160,     14.0,     14.0,     14.0,     46.0,  1,  2,  3,  1,    3300160,    3300160,    3300160,    3300160
 8,    1403206,     60.0,     60.0,     60.0,    191.0,  9, 10, 11,  9,    1522163,    1522163,    1522163,    1522163
 8,    1403224,     58.0,     58.0,     58.0,    188.0,  1,  2,  3,  1,     635023,     635023,     635023,    1403224
 8,    1403441,     51.0,     51.0,     51.0,    165.0,  9, 10, 11,  9,    1522507,    1522507,    1522507,    1522507
 8,    1403446,     17.0,     17.0,     17.0,     54.0,  9, 10, 11,  9,    1522518,    1522518,    1522518,    1522518
 8,    1403761,     24.0,     24.0,     24.0,     74.0,  9, 10, 11,  9,    1522659,    1522659,    1522659,    1522659
 8,    1403519,     27.0,     27.0,     27.0,     89.0,  1,  2,  3,  1,    1403519,    1403519,    1403519,    1403519
 8,    1403591,     18.0,     18.0,     18.0,     59.0,  1,  2,  3,  1,    1403591,    1403591,    1403591,    1403591
 8,    1402660,     36.0,     36.0,     36.0,    111.0,  9, 10, 11,  9,    1522119,    1522119,    1522119,    1522119
 8,    2519996,     18.0,     18.0,     18.0,     55.0,  9, 10, 11,  9,    2366963,    2366963,    2366963,    2366963
 8,    3300116,     27.0,     27.0,     27.0,     86.0,  1,  2,  3,  1,    3300116,    3300116,    3300116,    3300116
 8,    3300147,     17.0,     17.0,     17.0,     55.0,  9, 10, 11,  9,    2694427,    2694427,    2694427,    2694427
 8,    3307430,     18.0,     18.0,     18.0,     56.0,  9, 10, 11,  9,    1522427,    1522427,    1522427,    1522427
 9,    1402966,     22.0,     22.0,     22.0,     71.0,  1,  2,  3,  1,    1402966,    1402966,    1402966,    1402966
 9,    1372768,     47.0,     46.0,     47.0,    143.0,  9, 10, 11, 10,    1521738,    1521738,    1521738,    1521738
 9,    1402281,     18.0,     18.0,     18.0,     56.0,  9, 10, 11,  9,    1521743,    1521743,    1521743,    1521743
 9,    1402401,     36.0,     35.0,     36.0,    111.0,  9, 10, 11,  9,    1521939,    1521939,    1521939,    1521939
 9,    2581417,     47.0,     46.0,     47.0,    144.0,  9, 10, 11, 10,    1521738,    1521738,    1521738,    1521738
 9,    2581488,     46.0,     45.0,     46.0,    142.0,  9, 10, 11, 10,    1521738,    1521738,    1521738,    1521738
 9,    1402411,     18.0,     18.0,     18.0,     56.0,  9, 10, 11,  9,    1521963,    1521963,    1521963,    1521963
 9,    2581539,     45.0,     44.0,     45.0,    141.0,  9, 10, 11, 10,    1521738,    1521738,    1521738,    1521738
 9,    3308031,     17.0,     17.0,     17.0,     55.0,  9, 10, 11,  9,    1521966,    1521966,    1521966,    1521966
 9,    2581921,     34.0,     34.0,     34.0,    107.0,  9, 10, 11, 10,    1522009,    1522009,    1522009,    1522009
 9,    2581924,     45.0,     44.0,     45.0,    140.0,  9, 10, 11, 10,    1521738,    1521738,    1521738,    1521738
 9,    2581936,     45.0,     44.0,     45.0,    141.0,  9, 10, 11, 10,    1521738,    1521738,    1521738,    1521738
 9,    2581953,     45.0,     44.0,     45.0,    141.0,  9, 10, 11, 10,    1521738,    1521738,    1521738,    1521738
 9,    2574122,     45.0,     44.0,     45.0,    140.0,  9, 10, 11, 10,    1521738,    1521738,    1521738,    1521738
 9,    2574602,     45.0,     44.0,     45.0,    140.0,  9, 10, 11, 10,    1521738,    1521738,    1521738,    1521738
 9,    1402514,     44.0,     43.0,     44.0,    139.0,  9, 10, 11, 10,    1521738,    1521738,    1521738,    1521738
 9,    1402579,     17.0,     17.0,     17.0,     54.0,  9, 10, 11,  9,    1522042,    1522042,    1522042,    1522042
 9,    2575651,     74.0,     74.0,     74.0,    227.0,  9, 10, 11,  9,    1522072,    1522072,    1522072,    1522072
 9,    3297329,     24.0,     24.0,     24.0,     75.0,  9, 10, 11,  9,    1522079,    1522079,    1522079,    1522079
 9,    3297022,     18.0,     18.0,     18.0,     55.0,  9, 10, 11,  9,    1522104,    1522104,    1522104,    1522104
 9,    2576325,     71.0,     71.0,     71.0,    223.0,  9, 10, 11,  9,    1522072,    1522072,    1522072,    1522072
 9,    2577448,     60.0,     60.0,     60.0,    190.0,  9, 10, 11,  9,    1522163,    1522163,    1522163,    1522163
 9,    2577458,     59.0,     59.0,     59.0,    190.0,  9, 10, 11,  9,    1522163,    1522163,    1522163,    1522163
 9,    1402884,     41.0,     41.0,     41.0,    134.0,  1,  2,  3,  1,     635023,     635023,     635023,     635023
 9,    1402894,     23.0,     23.0,     23.0,     73.0,  9, 10, 11,  9,    1522230,    1522230,    1522230,    1522230
 9,    1402915,     17.0,     17.0,     17.0,     55.0,  9, 10, 11,  9,    1522238,    1522238,    1522238,    1522238
 9,     635028,     22.0,     22.0,     22.0,     72.0,  9, 10, 11,  9,    1077912,    1077912,    1077912,    1077912
 9,    1402950,     32.0,     32.0,     32.0,    105.0,  1,  2,  3,  1,    1402950,    1402950,    1402950,    1402950
 9,    1402966,     22.0,     22.0,     22.0,     71.0,  1,  2,  3,  1,    1402966,    1402966,    1402966,    1402966
 9,    3300159,     16.0,     16.0,     17.0,     54.0,  1,  2,  3,  1,    3300159,    3300159,    3300159,    3300159
 9,    3300160,     14.0,     14.0,     14.0,     46.0,  1,  2,  3,  1,    3300160,    3300160,    3300160,    3300160
 9,    1403206,     60.0,     60.0,     60.0,    191.0,  9, 10, 11,  9,    1522163,    1522163,    1522163,    1522163
 9,    1403224,     58.0,     57.0,     58.0,    187.0,  1,  2,  3,  2,     635023,    1403224,     635023,    1403224
 9,    1403441,     51.0,     51.0,     51.0,    165.0,  9, 10, 11,  9,    1522507,    1522507,    1522507,    1522507
 9,    1403446,     17.0,     17.0,     17.0,     54.0,  9, 10, 11,  9,    1522518,    1522518,    1522518,    1522518
 9,    1403761,     24.0,     24.0,     24.0,     74.0,  9, 10, 11,  9,    1522659,    1522659,    1522659,    1522659
 9,    1403519,     27.0,     27.0,     27.0,     89.0,  1,  2,  3,  1,    1403519,    1403519,    1403519,    1403519
 9,    1403591,     18.0,     18.0,     18.0,     59.0,  1,  2,  3,  1,    1403591,    1403591,    1403591,    1403591
 9,    1402660,     36.0,     36.0,     36.0,    111.0,  9, 10, 11,  9,    1522119,    1522119,    1522119,    1522119
 9,    2519996,     18.0,     18.0,     18.0,     55.0,  9, 10, 11,  9,    2366963,    2366963,    2366963,    2366963
 9,    3300116,     27.0,     26.0,     27.0,     86.0,  1,  2,  3,  1,    3300116,    3300116,    3300116,    3300116
 9,    3300147,     17.0,     17.0,     17.0,     55.0,  9, 10, 11,  9,    2694427,    2694427,    2694427,    2694427
 9,    3307430,     18.0,     18.0,     18.0,     56.0,  9, 10, 11,  9,    1522427,    1522427,    1522427,    1522427
10,    1402966,     22.0,     22.0,     22.0,     71.0,  1,  2,  3,  1,    1402966,    1402966,    1402966,    1402966
10,    1372768,     47.0,     45.0,     47.0,    139.0,  9, 10, 11, 10,    1521738,    1521738,    1521738,    1521738
10,    1402281,     18.0,     18.0,     18.0,     56.0,  9, 10, 11,  9,    1521743,    1521743,    1521743,    1521743
10,    1402401,     36.0,     35.0,     36.0,    110.0,  9, 10, 11, 10,    1521939,    1521939,    1521939,    1521939
10,    2581417,     47.0,     45.0,     47.0,    140.0,  9, 10, 11, 10,    1521738,    1521738,    1521738,    1521738
10,    2581488,     46.0,     44.0,     46.0,    138.0,  9, 10, 11, 10,    1521738,    1521738,    1521738,    1521738
10,    1402411,     18.0,     18.0,     18.0,     55.0,  9, 10, 11, 10,    1521963,    1521963,    1521963,    1521963
10,    2581539,     45.0,     43.0,     45.0,    137.0,  9, 10, 11, 10,    1521738,    1521738,    1521738,    1521738
10,    3308031,     17.0,     17.0,     17.0,     55.0,  9, 10, 11,  9,    1521966,    1521966,    1521966,    1521966
10,    2581921,     34.0,     34.0,     34.0,    107.0,  9, 10, 11, 10,    1522009,    1522009,    1522009,    1522009
10,    2581924,     45.0,     43.0,     45.0,    136.0,  9, 10, 11, 10,    1521738,    1521738,    1521738,    1521738
10,    2581936,     45.0,     43.0,     45.0,    137.0,  9, 10, 11, 10,    1521738,    1521738,    1521738,    1521738
10,    2581953,     45.0,     43.0,     45.0,    137.0,  9, 10, 11, 10,    1521738,    1521738,    1521738,    1521738
10,    2574122,     45.0,     43.0,     45.0,    137.0,  9, 10, 11, 10,    1521738,    1521738,    1521738,    1521738
10,    2574602,     45.0,     43.0,     45.0,    136.0,  9, 10, 11, 10,    1521738,    1521738,    1521738,    1521738
10,    1402514,     44.0,     42.0,     44.0,    135.0,  9, 10, 11, 10,    1521738,    1521738,    1521738,    1521738
10,    1402579,     17.0,     17.0,     17.0,     52.0,  9, 10, 11, 10,    1522042,    1522042,    1522042,    1522042
10,    2575651,     74.0,     74.0,     74.0,    227.0,  9, 10, 11,  9,    1522072,    1522072,    1522072,    1522072
10,    3297329,     24.0,     24.0,     24.0,     75.0,  9, 10, 11,  9,    1522079,    1522079,    1522079,    1522079
10,    3297022,     18.0,     18.0,     18.0,     55.0,  9, 10, 11,  9,    1522104,    1522104,    1522104,    1522104
10,    2576325,     71.0,     71.0,     71.0,    223.0,  9, 10, 11,  9,    1522072,    1522072,    1522072,    1522072
10,    2577448,     60.0,     60.0,     60.0,    190.0,  9, 10, 11,  9,    1522163,    1522163,    1522163,    1522163
10,    2577458,     59.0,     59.0,     59.0,    190.0,  9, 10, 11,  9,    1522163,    1522163,    1522163,    1522163
10,    1402884,     41.0,     41.0,     41.0,    134.0,  1,  2,  3,  1,     635023,     635023,     635023,     635023
10,    1402894,     23.0,     23.0,     23.0,     73.0,  9, 10, 11,  9,    1522230,    1522230,    1522230,    1522230
10,    1402915,     17.0,     17.0,     17.0,     55.0,  9, 10, 11,  9,    1522238,    1522238,    1522238,    1522238
10,     635028,     22.0,     22.0,     22.0,     72.0,  9, 10, 11,  9,    1077912,    1077912,    1077912,    1077912
10,    1402950,     32.0,     32.0,     32.0,    105.0,  1,  2,  3,  1,    1402950,    1402950,    1402950,    1402950
10,    1402966,     22.0,     22.0,     22.0,     71.0,  1,  2,  3,  1,    1402966,    1402966,    1402966,    1402966
10,    3300159,     16.0,     16.0,     16.0,     54.0,  1,  2,  3,  1,    3300159,    3300159,    3300159,    3300159
10,    3300160,     14.0,     14.0,     14.0,     46.0,  1,  2,  3,  1,    3300160,    3300160,    3300160,    3300160
10,    1403206,     60.0,     60.0,     60.0,    191.0,  9, 10, 11,  9,    1522163,    1522163,    1522163,    1522163
10,    1403224,     58.0,     58.0,     58.0,    187.0,  1,  2,  3,  1,     635023,     635023,     635023,    1403224
10,    1403441,     51.0,     51.0,     51.0,    165.0,  9, 10, 11,  9,    1522507,    1522507,    1522507,    1522507
10,    1403446,     17.0,     17.0,     17.0,     54.0,  9, 10, 11,  9,    1522518,    1522518,    1522518,    1522518
10,    1403761,     24.0,     24.0,     24.0,     74.0,  9, 10, 11,  9,    1522659,    1522659,    1522659,    1522659
10,    1403519,     27.0,     27.0,     27.0,     89.0,  1,  2,  3,  1,    1403519,    1403519,    1403519,    1403519
10,    1403591,     18.0,     18.0,     18.0,     59.0,  1,  2,  3,  1,    1403591,    1403591,    1403591,    1403591
10,    1402660,     36.0,     36.0,     36.0,    111.0,  9, 10, 11,  9,    1522119,    1522119,    1522119,    1522119
10,    2519996,     18.0,     18.0,     18.0,     55.0,  9, 10, 11,  9,    2366963,    2366963,    2366963,    2366963
10,    3300116,     26.0,     26.0,     27.0,     86.0,  1,  2,  3,  1,    3300116,    3300116,    3300116,    3300116
10,    3300147,     17.0,     17.0,     17.0,     55.0,  9, 10, 11,  9,    2694427,    2694427,    2694427,    2694427
10,    3307430,     18.0,     18.0,     18.0,     56.0,  9, 10, 11,  9,    1522427,    1522427,    1522427,    1522427
11,    1402966,     22.0,     22.0,     22.0,     71.0,  1,  2,  3,  1,    1402966,    1402966,    1402966,    1402966
11,    1372768,     47.0,     44.0,     47.0,    137.0,  9, 10, 11, 10,    1521738,    1521738,    1521738,    1521738
11,    1402281,     18.0,     18.0,     18.0,     56.0,  9, 10, 11,  9,    1521743,    1521743,    1521743,    1521743
11,    1402401,     36.0,     35.0,     36.0,    110.0,  9, 10, 11, 10,    1521939,    1521939,    1521939,    1521939
11,    2581417,     47.0,     44.0,     47.0,    138.0,  9, 10, 11, 10,    1521738,    1521738,    1521738,    1521738
11,    2581488,     46.0,     43.0,     46.0,    136.0,  9, 10, 11, 10,    1521738,    1521738,    1521738,    1521738
11,    1402411,     18.0,     18.0,     18.0,     55.0,  9, 10, 11, 10,    1521963,    1521963,    1521963,    1521963
11,    2581539,     45.0,     43.0,     45.0,    135.0,  9, 10, 11, 10,    1521738,    1521738,    1521738,    1521738
11,    3308031,     17.0,     17.0,     17.0,     55.0,  9, 10, 11,  9,    1521966,    1521966,    1521966,    1521966
11,    2581921,     34.0,     33.0,     34.0,    105.0,  9, 10, 11, 10,    1522009,    1522009,    1522009,    1522009
11,    2581924,     45.0,     42.0,     45.0,    134.0,  9, 10, 11, 10,    1521738,    1521738,    1521738,    1521738
11,    2581936,     45.0,     42.0,     45.0,    135.0,  9, 10, 11, 10,    1521738,    1521738,    1521738,    1521738
11,    2581953,     45.0,     43.0,     45.0,    135.0,  9, 10, 11, 10,    1521738,    1521738,    1521738,    1521738
11,    2574122,     45.0,     42.0,     45.0,    135.0,  9, 10, 11, 10,    1521738,    1521738,    1521738,    1521738
11,    2574602,     45.0,     42.0,     45.0,    134.0,  9, 10, 11, 10,    1521738,    1521738,    1521738,    1521738
11,    1402514,     44.0,     42.0,     44.0,    134.0,  9, 10, 11, 10,    1521738,    1521738,    1521738,    1521738
11,    1402579,     17.0,     16.0,     17.0,     51.0,  9, 10, 11, 10,    1522042,    1522042,    1522042,    1522042
11,    2575651,     74.0,     74.0,     74.0,    227.0,  9, 10, 11,  9,    1522072,    1522072,    1522072,    1522072
11,    3297329,     24.0,     24.0,     24.0,     75.0,  9, 10, 11,  9,    1522079,    1522079,    1522079,    1522079
11,    3297022,     18.0,     18.0,     18.0,     55.0,  9, 10, 11,  9,    1522104,    1522104,    1522104,    1522104
11,    2576325,     71.0,     71.0,     71.0,    223.0,  9, 10, 11,  9,    1522072,    1522072,    1522072,    1522072
11,    2577448,     60.0,     60.0,     60.0,    190.0,  9, 10, 11,  9,    1522163,    1522163,    1522163,    1522163
11,    2577458,     59.0,     59.0,     59.0,    190.0,  9, 10, 11,  9,    1522163,    1522163,    1522163,    1522163
11,    1402884,     41.0,     41.0,     41.0,    134.0,  1,  2,  3,  1,     635023,     635023,     635023,     635023
11,    1402894,     23.0,     23.0,     23.0,     73.0,  9, 10, 11,  9,    1522230,    1522230,    1522230,    1522230
11,    1402915,     17.0,     17.0,     17.0,     55.0,  9, 10, 11,  9,    1522238,    1522238,    1522238,    1522238
11,     635028,     22.0,     22.0,     22.0,     72.0,  9, 10, 11,  9,    1077912,    1077912,    1077912,    1077912
11,    1402950,     32.0,     32.0,     32.0,    105.0,  1,  2,  3,  2,    1402950,    1402950,    1402950,    1402950
11,    1402966,     22.0,     22.0,     22.0,     71.0,  1,  2,  3,  1,    1402966,    1402966,    1402966,    1402966
11,    3300159,     16.0,     16.0,     16.0,     54.0,  1,  2,  3,  1,    3300159,    3300159,    3300159,    3300159
11,    3300160,     14.0,     14.0,     14.0,     46.0,  1,  2,  3,  1,    3300160,    3300160,    3300160,    3300160
11,    1403206,     60.0,     60.0,     60.0,    191.0,  9, 10, 11,  9,    1522163,    1522163,    1522163,    1522163
11,    1403224,     58.0,     58.0,     58.0,    187.0,  1,  2,  3,  2,     635023,     635023,     635023,    1403224
11,    1403441,     51.0,     51.0,     51.0,    165.0,  9, 10, 11,  9,    1522507,    1522507,    1522507,    1522507
11,    1403446,     17.0,     17.0,     17.0,     54.0,  9, 10, 11,  9,    1522518,    1522518,    1522518,    1522518
11,    1403761,     24.0,     24.0,     24.0,     74.0,  9, 10, 11,  9,    1522659,    1522659,    1522659,    1522659
11,    1403519,     27.0,     27.0,     27.0,     89.0,  1,  2,  3,  1,    1403519,    1403519,    1403519,    1403519
11,    1403591,     18.0,     18.0,     18.0,     59.0,  1,  2,  3,  1,    1403591,    1403591,    1403591,    1403591
11,    1402660,     36.0,     36.0,     36.0,    111.0,  9, 10, 11,  9,    1522119,    1522119,    1522119,    1522119
11,    2519996,     18.0,     18.0,     18.0,     55.0,  9, 10, 11,  9,    2366963,    2366963,    2366963,    2366963
11,    3300116,     27.0,     27.0,     27.0,     86.0,  1,  2,  3,  1,    3300116,    3300116,    3300116,    3300116
11,    3300147,     17.0,     17.0,     17.0,     55.0,  9, 10, 11,  9,    2694427,    2694427,    2694427,    2694427
11,    3307430,     18.0,     18.0,     18.0,     56.0,  9, 10, 11,  9,    1522427,    1522427,    1522427,    1522427
12,    1402966,     22.0,     22.0,     22.0,     71.0,  1,  2,  3,  1,    1402966,    1402966,    1402966,    1402966
12,    1372768,     47.0,     46.0,     47.0,    144.0,  9, 10, 11, 10,    1521738,    1521738,    1521738,    1521738
12,    1402281,     18.0,     18.0,     18.0,     56.0,  9, 10, 11,  9,    1521743,    1521743,    1521743,    1521743
12,    1402401,     36.0,     36.0,     36.0,    111.0,  9, 10, 11,  9,    1521939,    1521939,    1521939,    1521939
12,    2581417,     47.0,     47.0,     47.0,    145.0,  9, 10, 11, 10,    1521738,    1521738,    1521738,    1521738
12,    2581488,     46.0,     46.0,     46.0,    143.0,  9, 10, 11, 10,    1521738,    1521738,    1521738,    1521738
12,    1402411,     18.0,     18.0,     18.0,     56.0,  9, 10, 11,  9,    1521963,    1521963,    1521963,    1521963
12,    2581539,     45.0,     45.0,     45.0,    142.0,  9, 10, 11, 10,    1521738,    1521738,    1521738,    1521738
12,    3308031,     17.0,     17.0,     17.0,     55.0,  9, 10, 11,  9,    1521966,    1521966,    1521966,    1521966
12,    2581921,     34.0,     34.0,     34.0,    108.0,  9, 10, 11,  9,    1522009,    1522009,    1522009,    1522009
12,    2581924,     45.0,     44.0,     45.0,    141.0,  9, 10, 11, 10,    1521738,    1521738,    1521738,    1521738
12,    2581936,     45.0,     45.0,     45.0,    142.0,  9, 10, 11, 10,    1521738,    1521738,    1521738,    1521738
12,    2581953,     45.0,     45.0,     45.0,    142.0,  9, 10, 11, 10,    1521738,    1521738,    1521738,    1521738
12,    2574122,     45.0,     45.0,     45.0,    142.0,  9, 10, 11, 10,    1521738,    1521738,    1521738,    1521738
12,    2574602,     45.0,     44.0,     45.0,    142.0,  9, 10, 11, 10,    1521738,    1521738,    1521738,    1521738
12,    1402514,     44.0,     44.0,     44.0,    141.0,  9, 10, 11, 10,    1521738,    1521738,    1521738,    1521738
12,    1402579,     17.0,     17.0,     17.0,     54.0,  9, 10, 11, 10,    1522042,    1522042,    1522042,    1522042
12,    2575651,     74.0,     74.0,     74.0,    227.0,  9, 10, 11,  9,    1522072,    1522072,    1522072,    1522072
12,    3297329,     24.0,     24.0,     24.0,     75.0,  9, 10, 11,  9,    1522079,    1522079,    1522079,    1522079
12,    3297022,     18.0,     18.0,     18.0,     55.0,  9, 10, 11,  9,    1522104,    1522104,    1522104,    1522104
12,    2576325,     71.0,     71.0,     71.0,    223.0,  9, 10, 11,  9,    1522072,    1522072,    1522072,    1522072
12,    2577448,     60.0,     60.0,     60.0,    190.0,  9, 10, 11,  9,    1522163,    1522163,    1522163,    1522163
12,    2577458,     59.0,     59.0,     59.0,    190.0,  9, 10, 11,  9,    1522163,    1522163,    1522163,    1522163
12,    1402884,     41.0,     41.0,     41.0,    134.0,  1,  2,  3,  1,     635023,     635023,     635023,     635023
12,    1402894,     23.0,     23.0,     23.0,     73.0,  9, 10, 11,  9,    1522230,    1522230,    1522230,    1522230
12,    1402915,     17.0,     17.0,     17.0,     55.0,  9, 10, 11,  9,    1522238,    1522238,    1522238,    1522238
12,     635028,     22.0,     22.0,     22.0,     72.0,  9, 10, 11,  9,    1077912,    1077912,    1077912,    1077912
12,    1402950,     32.0,     32.0,     32.0,    106.0,  1,  2,  3,  1,    1402950,    1402950,    1402950,    1402950
12,    1402966,     22.0,     22.0,     22.0,     71.0,  1,  2,  3,  1,    1402966,    1402966,    1402966,    1402966
12,    3300159,     16.0,     16.0,     16.0,     54.0,  1,  2,  3,  1,    3300159,    3300159,    3300159,    3300159
12,    3300160,     14.0,     14.0,     14.0,     46.0,  1,  2,  3,  1,    3300160,    3300160,    3300160,    3300160
12,    1403206,     60.0,     60.0,     60.0,    191.0,  9, 10, 11,  9,    1522163,    1522163,    1522163,    1522163
12,    1403224,     58.0,     58.0,     58.0,    188.0,  1,  2,  3,  1,     635023,     635023,     635023,    1403224
12,    1403441,     51.0,     51.0,     51.0,    165.0,  9, 10, 11,  9,    1522507,    1522507,    1522507,    1522507
12,    1403446,     17.0,     17.0,     17.0,     54.0,  9, 10, 11,  9,    1522518,    1522518,    1522518,    1522518
12,    1403761,     24.0,     24.0,     24.0,     74.0,  9, 10, 11,  9,    1522659,    1522659,    1522659,    1522659
12,    1403519,     27.0,     27.0,     27.0,     89.0,  1,  2,  3,  1,    1403519,    1403519,    1403519,    1403519
12,    1403591,     18.0,     18.0,     18.0,     59.0,  1,  2,  3,  1,    1403591,    1403591,    1403591,    1403591
12,    1402660,     36.0,     36.0,     36.0,    111.0,  9, 10, 11,  9,    1522119,    1522119,    1522119,    1522119
12,    2519996,     18.0,     18.0,     18.0,     55.0,  9, 10, 11,  9,    2366963,    2366963,    2366963,    2366963
12,    3300116,     27.0,     27.0,     27.0,     86.0,  1,  2,  3,  1,    3300116,    3300116,    3300116,    3300116
12,    3300147,     17.0,     17.0,     17.0,     55.0,  9, 10, 11,  9,    2694427,    2694427,    2694427,    2694427
12,    3307430,     18.0,     18.0,     18.0,     56.0,  9, 10, 11,  9,    1522427,    1522427,    1522427,    1522427
13,    1402966,     22.0,     22.0,     22.0,     71.0,  1,  2,  3,  1,    1402966,    1402966,    1402966,    1402966
13,    1372768,     47.0,     46.0,     47.0,    145.0,  9, 10, 11, 10,    1521738,    1521738,    1521738,    1521738
13,    1402281,     18.0,     18.0,     18.0,     56.0,  9, 10, 11,  9,    1521743,    1521743,    1521743,    1521743
13,    1402401,     36.0,     36.0,     36.0,    111.0,  9, 10, 11,  9,    1521939,    1521939,    1521939,    1521939
13,    2581417,     47.0,     47.0,     47.0,    145.0,  9, 10, 11, 10,    1521738,    1521738,    1521738,    1521738
13,    2581488,     46.0,     46.0,     46.0,    144.0,  9, 10, 11, 10,    1521738,    1521738,    1521738,    1521738
13,    1402411,     18.0,     18.0,     18.0,     56.0,  9, 10, 11,  9,    1521963,    1521963,    1521963,    1521963
13,    2581539,     45.0,     45.0,     45.0,    143.0,  9, 10, 11, 10,    1521738,    1521738,    1521738,    1521738
13,    3308031,     17.0,     17.0,     17.0,     55.0,  9, 10, 11,  9,    1521966,    1521966,    1521966,    1521966
13,    2581921,     34.0,     34.0,     34.0,    108.0,  9, 10, 11,  9,    1522009,    1522009,    1522009,    1522009
13,    2581924,     45.0,     44.0,     45.0,    142.0,  9, 10, 11, 10,    1521738,    1521738,    1521738,    1521738
13,    2581936,     45.0,     45.0,     45.0,    142.0,  9, 10, 11, 10,    1521738,    1521738,    1521738,    1521738
13,    2581953,     45.0,     45.0,     45.0,    142.0,  9, 10, 11, 10,    1521738,    1521738,    1521738,    1521738
13,    2574122,     45.0,     45.0,     45.0,    142.0,  9, 10, 11, 10,    1521738,    1521738,    1521738,    1521738
13,    2574602,     45.0,     44.0,     45.0,    142.0,  9, 10, 11, 10,    1521738,    1521738,    1521738,    1521738
13,    1402514,     44.0,     44.0,     44.0,    141.0,  9, 10, 11, 10,    1521738,    1521738,    1521738,    1521738
13,    1402579,     17.0,     17.0,     17.0,     54.0,  9, 10, 11, 10,    1522042,    1522042,    1522042,    1522042
13,    2575651,     74.0,     74.0,     74.0,    227.0,  9, 10, 11,  9,    1522072,    1522072,    1522072,    1522072
13,    3297329,     24.0,     24.0,     24.0,     75.0,  9, 10, 11,  9,    1522079,    1522079,    1522079,    1522079
13,    3297022,     18.0,     18.0,     18.0,     55.0,  9, 10, 11,  9,    1522104,    1522104,    1522104,    1522104
13,    2576325,     71.0,     71.0,     71.0,    223.0,  9, 10, 11,  9,    1522072,    1522072,    1522072,    1522072
13,    2577448,     60.0,     60.0,     60.0,    190.0,  9, 10, 11,  9,    1522163,    1522163,    1522163,    1522163
13,    2577458,     59.0,     59.0,     59.0,    190.0,  9, 10, 11,  9,    1522163,    1522163,    1522163,    1522163
13,    1402884,     41.0,     41.0,     41.0,    134.0,  1,  2,  3,  1,     635023,     635023,     635023,     635023
13,    1402894,     23.0,     23.0,     23.0,     73.0,  9, 10, 11,  9,    1522230,    1522230,    1522230,    1522230
13,    1402915,     17.0,     17.0,     17.0,     55.0,  9, 10, 11,  9,    1522238,    1522238,    1522238,    1522238
13,     635028,     22.0,     22.0,     22.0,     72.0,  9, 10, 11,  9,    1077912,    1077912,    1077912,    1077912
13,    1402950,     32.0,     32.0,     32.0,    105.0,  1,  2,  3,  1,    1402950,    1402950,    1402950,    1402950
13,    1402966,     22.0,     22.0,     22.0,     71.0,  1,  2,  3,  1,    1402966,    1402966,    1402966,    1402966
13,    3300159,     16.0,     16.0,     16.0,     54.0,  1,  2,  3,  1,    3300159,    3300159,    3300159,    3300159
13,    3300160,     14.0,     14.0,     14.0,     46.0,  1,  2,  3,  1,    3300160,    3300160,    3300160,    3300160
13,    1403206,     60.0,     60.0,     60.0,    191.0,  9, 10, 11,  9,    1522163,    1522163,    1522163,    1522163
13,    1403224,     58.0,     58.0,     58.0,    187.0,  1,  2,  3,  1,     635023,     635023,     635023,    1403224
13,    1403441,     51.0,     51.0,     51.0,    165.0,  9, 10, 11,  9,    1522507,    1522507,    1522507,    1522507
13,    1403446,     17.0,     17.0,     17.0,     54.0,  9, 10, 11,  9,    1522518,    1522518,    1522518,    1522518
13,    1403761,     24.0,     24.0,     24.0,     74.0,  9, 10, 11,  9,    1522659,    1522659,    1522659,    1522659
13,    1403519,     27.0,     27.0,     27.0,     89.0,  1,  2,  3,  1,    1403519,    1403519,    1403519,    1403519
13,    1403591,     18.0,     18.0,     18.0,     59.0,  1,  2,  3,  1,    1403591,    1403591,    1403591,    1403591
13,    1402660,     36.0,     36.0,     36.0,    111.0,  9, 10, 11,  9,    1522119,    1522119,    1522119,    1522119
13,    2519996,     18.0,     18.0,     18.0,     55.0,  9, 10, 11,  9,    2366963,    2366963,    2366963,    2366963
13,    3300116,     27.0,     27.0,     27.0,     86.0,  1,  2,  3,  1,    3300116,    3300116,    3300116,    3300116
13,    3300147,     17.0,     17.0,     17.0,     55.0,  9, 10, 11,  9,    2694427,    2694427,    2694427,    2694427
13,    3307430,     18.0,     18.0,     18.0,     56.0,  9, 10, 11,  9,    1522427,    1522427,    1522427,    1522427
14,    1402966,     22.0,     22.0,     22.0,     71.0,  1,  2,  3,  1,    1402966,    1402966,    1402966,    1402966
14,    1372768,     47.0,     46.0,     47.0,    143.0,  9, 10, 11, 10,    1521738,    1521738,    1521738,    1521738
14,    1402281,     18.0,     18.0,     18.0,     56.0,  9, 10, 11,  9,    1521743,    1521743,    1521743,    1521743
14,    1402401,     36.0,     35.0,     36.0,    111.0,  9, 10, 11,  9,    1521939,    1521939,    1521939,    1521939
14,    2581417,     47.0,     46.0,     47.0,    144.0,  9, 10, 11, 10,    1521738,    1521738,    1521738,    1521738
14,    2581488,     46.0,     45.0,     46.0,    142.0,  9, 10, 11, 10,    1521738,    1521738,    1521738,    1521738
14,    1402411,     18.0,     18.0,     18.0,     56.0,  9, 10, 11,  9,    1521963,    1521963,    1521963,    1521963
14,    2581539,     45.0,     44.0,     45.0,    141.0,  9, 10, 11, 10,    1521738,    1521738,    1521738,    1521738
14,    3308031,     17.0,     17.0,     17.0,     55.0,  9, 10, 11,  9,    1521966,    1521966,    1521966,    1521966
14,    2581921,     34.0,     34.0,     34.0,    108.0,  9, 10, 11,  9,    1522009,    1522009,    1522009,    1522009
14,    2581924,     45.0,     44.0,     45.0,    140.0,  9, 10, 11, 10,    1521738,    1521738,    1521738,    1521738
14,    2581936,     45.0,     44.0,     45.0,    141.0,  9, 10, 11, 10,    1521738,    1521738,    1521738,    1521738
14,    2581953,     45.0,     44.0,     45.0,    141.0,  9, 10, 11, 10,    1521738,    1521738,    1521738,    1521738
14,    2574122,     45.0,     44.0,     45.0,    141.0,  9, 10, 11, 10,    1521738,    1521738,    1521738,    1521738
14,    2574602,     45.0,     44.0,     45.0,    140.0,  9, 10, 11, 10,    1521738,    1521738,    1521738,    1521738
14,    1402514,     44.0,     43.0,     44.0,    139.0,  9, 10, 11, 10,    1521738,    1521738,    1521738,    1521738
14,    1402579,     17.0,     17.0,     17.0,     53.0,  9, 10, 11, 10,    1522042,    1522042,    1522042,    1522042
14,    2575651,     74.0,     74.0,     74.0,    227.0,  9, 10, 11,  9,    1522072,    1522072,    1522072,    1522072
14,    3297329,     24.0,     24.0,     24.0,     75.0,  9, 10, 11,  9,    1522079,    1522079,    1522079,    1522079
14,    3297022,     18.0,     18.0,     18.0,     55.0,  9, 10, 11,  9,    1522104,    1522104,    1522104,    1522104
14,    2576325,     71.0,     71.0,     71.0,    223.0,  9, 10, 11,  9,    1522072,    1522072,    1522072,    1522072
14,    2577448,     60.0,     60.0,     60.0,    190.0,  9, 10, 11,  9,    1522163,    1522163,    1522163,    1522163
14,    2577458,     59.0,     59.0,     59.0,    190.0,  9, 10, 11,  9,    1522163,    1522163,    1522163,    1522163
14,    1402884,     41.0,     41.0,     41.0,    134.0,  1,  2,  3,  1,     635023,     635023,     635023,     635023
14,    1402894,     23.0,     23.0,     23.0,     73.0,  9, 10, 11,  9,    1522230,    1522230,    1522230,    1522230
14,    1402915,     17.0,     17.0,     17.0,     55.0,  9, 10, 11,  9,    1522238,    1522238,    1522238,    1522238
14,     635028,     22.0,     22.0,     22.0,     72.0,  9, 10, 11,  9,    1077912,    1077912,    1077912,    1077912
14,    1402950,     32.0,     32.0,     32.0,    105.0,  1,  2,  3,  1,    1402950,    1402950,    1402950,    1402950
14,    1402966,     22.0,     22.0,     22.0,     71.0,  1,  2,  3,  1,    1402966,    1402966,    1402966,    1402966
14,    3300159,     16.0,     16.0,     17.0,     54.0,  1,  2,  3,  1,    3300159,    3300159,    3300159,    3300159
14,    3300160,     14.0,     14.0,     14.0,     46.0,  1,  2,  3,  1,    3300160,    3300160,    3300160,    3300160
14,    1403206,     60.0,     60.0,     60.0,    191.0,  9, 10, 11,  9,    1522163,    1522163,    1522163,    1522163
14,    1403224,     58.0,     58.0,     58.0,    188.0,  1,  2,  3,  1,     635023,     635023,     635023,    1403224
14,    1403441,     51.0,     51.0,     51.0,    165.0,  9, 10, 11,  9,    1522507,    1522507,    1522507,    1522507
14,    1403446,     17.0,     17.0,     17.0,     54.0,  9, 10, 11,  9,    1522518,    1522518,    1522518,    1522518
14,    1403761,     24.0,     24.0,     24.0,     74.0,  9, 10, 11,  9,    1522659,    1522659,    1522659,    1522659
14,    1403519,     27.0,     27.0,     27.0,     89.0,  1,  2,  3,  1,    1403519,    1403519,    1403519,    1403519
14,    1403591,     18.0,     18.0,     18.0,     59.0,  1,  2,  3,  1,    1403591,    1403591,    1403591,    1403591
14,    1402660,     36.0,     36.0,     36.0,    111.0,  9, 10, 11,  9,    1522119,    1522119,    1522119,    1522119
14,    2519996,     18.0,     18.0,     18.0,     55.0,  9, 10, 11,  9,    2366963,    2366963,    2366963,    2366963
14,    3300116,     27.0,     27.0,     27.0,     86.0,  1,  2,  3,  1,    3300116,    3300116,    3300116,    3300116
14,    3300147,     17.0,     17.0,     17.0,     55.0,  9, 10, 11,  9,    2694427,    2694427,    2694427,    2694427
14,    3307430,     18.0,     18.0,     18.0,     56.0,  9, 10, 11,  9,    1522427,    1522427,    1522427,    1522427
15,    1402966,     22.0,     22.0,     22.0,     71.0,  1,  2,  3,  1,    1402966,    1402966,    1402966,    1402966
15,    1372768,     47.0,     46.0,     46.0,    143.0,  9, 10, 11, 10,    1521738,    1521738,    1521738,    1521738
15,    1402281,     18.0,     18.0,     18.0,     56.0,  9, 10, 11,  9,    1521743,    1521743,    1521743,    1521743
15,    1402401,     36.0,     35.0,     36.0,    111.0,  9, 10, 11,  9,    1521939,    1521939,    1521939,    1521939
15,    2581417,     47.0,     46.0,     47.0,    143.0,  9, 10, 11, 10,    1521738,    1521738,    1521738,    1521738
15,    2581488,     46.0,     45.0,     46.0,    142.0,  9, 10, 11, 10,    1521738,    1521738,    1521738,    1521738
15,    1402411,     18.0,     18.0,     18.0,     56.0,  9, 10, 11,  9,    1521963,    1521963,    1521963,    1521963
15,    2581539,     45.0,     44.0,     45.0,    141.0,  9, 10, 11, 10,    1521738,    1521738,    1521738,    1521738
15,    3308031,     17.0,     17.0,     17.0,     55.0,  9, 10, 11,  9,    1521966,    1521966,    1521966,    1521966
15,    2581921,     34.0,     34.0,     34.0,    107.0,  9, 10, 11, 10,    1522009,    1522009,    1522009,    1522009
15,    2581924,     45.0,     44.0,     44.0,    140.0,  9, 10, 11, 10,    1521738,    1521738,    1521738,    1521738
15,    2581936,     45.0,     44.0,     45.0,    140.0,  9, 10, 11, 10,    1521738,    1521738,    1521738,    1521738
15,    2581953,     45.0,     44.0,     45.0,    141.0,  9, 10, 11, 10,    1521738,    1521738,    1521738,    1521738
15,    2574122,     45.0,     44.0,     45.0,    140.0,  9, 10, 11, 10,    1521738,    1521738,    1521738,    1521738
15,    2574602,     45.0,     44.0,     44.0,    140.0,  9, 10, 11, 10,    1521738,    1521738,    1521738,    1521738
15,    1402514,     44.0,     43.0,     44.0,    139.0,  9, 10, 11, 10,    1521738,    1521738,    1521738,    1521738
15,    1402579,     17.0,     17.0,     17.0,     53.0,  9, 10, 11, 10,    1522042,    1522042,    1522042,    1522042
15,    2575651,     74.0,     74.0,     74.0,    227.0,  9, 10, 11,  9,    1522072,    1522072,    1522072,    1522072
15,    3297329,     24.0,     24.0,     24.0,     75.0,  9, 10, 11,  9,    1522079,    1522079,    1522079,    1522079
15,    3297022,     18.0,     18.0,     18.0,     55.0,  9, 10, 11,  9,    1522104,    1522104,    1522104,    1522104
15,    2576325,     71.0,     71.0,     71.0,    223.0,  9, 10, 11,  9,    1522072,    1522072,    1522072,    1522072
15,    2577448,     60.0,     60.0,     60.0,    190.0,  9, 10, 11,  9,    1522163,    1522163,    1522163,    1522163
15,    2577458,     59.0,     59.0,     59.0,    190.0,  9, 10, 11,  9,    1522163,    1522163,    1522163,    1522163
15,    1402884,     41.0,     41.0,     41.0,    134.0,  1,  2,  3,  1,     635023,     635023,     635023,     635023
15,    1402894,     23.0,     23.0,     23.0,     73.0,  9, 10, 11,  9,    1522230,    1522230,    1522230,    1522230
15,    1402915,     17.0,     17.0,     17.0,     55.0,  9, 10, 11,  9,    1522238,    1522238,    1522238,    1522238
15,     635028,     22.0,     22.0,     22.0,     72.0,  9, 10, 11,  9,    1077912,    1077912,    1077912,    1077912
15,    1402950,     32.0,     32.0,     32.0,    106.0,  1,  2,  3,  1,    1402950,    1402950,    1402950,    1402950
15,    1402966,     22.0,     22.0,     22.0,     71.0,  1,  2,  3,  1,    1402966,    1402966,    1402966,    1402966
15,    3300159,     16.0,     16.0,     16.0,     54.0,  1,  2,  3,  1,    3300159,    3300159,    3300159,    3300159
15,    3300160,     14.0,     14.0,     14.0,     46.0,  1,  2,  3,  1,    3300160,    3300160,    3300160,    3300160
15,    1403206,     60.0,     60.0,     60.0,    191.0,  9, 10, 11,  9,    1522163,    1522163,    1522163,    1522163
15,    1403224,     58.0,     58.0,     58.0,    188.0,  1,  2,  3,  1,     635023,     635023,     635023,    1403224
15,    1403441,     51.0,     51.0,     51.0,    165.0,  9, 10, 11,  9,    1522507,    1522507,    1522507,    1522507
15,    1403446,     17.0,     17.0,     17.0,     54.0,  9, 10, 11,  9,    1522518,    1522518,    1522518,    1522518
15,    1403761,     24.0,     24.0,     24.0,     74.0,  9, 10, 11,  9,    1522659,    1522659,    1522659,    1522659
15,    1403519,     27.0,     27.0,     27.0,     89.0,  1,  2,  3,  1,    1403519,    1403519,    1403519,    1403519
15,    1403591,     18.0,     18.0,     18.0,     59.0,  1,  2,  3,  1,    1403591,    1403591,    1403591,    1403591
15,    1402660,     36.0,     36.0,     36.0,    111.0,  9, 10, 11,  9,    1522119,    1522119,    1522119,    1522119
15,    2519996,     18.0,     18.0,     18.0,     55.0,  9, 10, 11,  9,    2366963,    2366963,    2366963,    2366963
15,    3300116,     27.0,     27.0,     27.0,     86.0,  1,  2,  3,  1,    3300116,    3300116,    3300116,    3300116
15,    3300147,     17.0,     17.0,     17.0,     55.0,  9, 10, 11,  9,    2694427,    2694427,    2694427,    2694427
15,    3307430,     18.0,     18.0,     18.0,     56.0,  9, 10, 11,  9,    1522427,    1522427,    1522427,    1522427
16,    1402966,     22.0,     22.0,     22.0,     71.0,  1,  2,  3,  1,    1402966,    1402966,    1402966,    1402966
16,    1372768,     47.0,     46.0,     47.0,    142.0,  9, 10, 11, 10,    1521738,    1521738,    1521738,    1521738
16,    1402281,     18.0,     18.0,     18.0,     56.0,  9, 10, 11,  9,    1521743,    1521743,    1521743,    1521743
16,    1402401,     36.0,     35.0,     36.0,    111.0,  9, 10, 11,  9,    1521939,    1521939,    1521939,    1521939
16,    2581417,     47.0,     46.0,     47.0,    143.0,  9, 10, 11, 10,    1521738,    1521738,    1521738,    1521738
16,    2581488,     46.0,     45.0,     46.0,    141.0,  9, 10, 11, 10,    1521738,    1521738,    1521738,    1521738
16,    1402411,     18.0,     18.0,     18.0,     56.0,  9, 10, 11,  9,    1521963,    1521963,    1521963,    1521963
16,    2581539,     45.0,     44.0,     45.0,    140.0,  9, 10, 11, 10,    1521738,    1521738,    1521738,    1521738
16,    3308031,     17.0,     17.0,     17.0,     55.0,  9, 10, 11,  9,    1521966,    1521966,    1521966,    1521966
16,    2581921,     34.0,     34.0,     34.0,    107.0,  9, 10, 11, 10,    1522009,    1522009,    1522009,    1522009
16,    2581924,     45.0,     44.0,     45.0,    139.0,  9, 10, 11, 10,    1521738,    1521738,    1521738,    1521738
16,    2581936,     45.0,     44.0,     45.0,    140.0,  9, 10, 11, 10,    1521738,    1521738,    1521738,    1521738
16,    2581953,     45.0,     44.0,     45.0,    140.0,  9, 10, 11, 10,    1521738,    1521738,    1521738,    1521738
16,    2574122,     45.0,     44.0,     45.0,    140.0,  9, 10, 11, 10,    1521738,    1521738,    1521738,    1521738
16,    2574602,     45.0,     44.0,     45.0,    139.0,  9, 10, 11, 10,    1521738,    1521738,    1521738,    1521738
16,    1402514,     44.0,     43.0,     44.0,    139.0,  9, 10, 11, 10,    1521738,    1521738,    1521738,    1521738
16,    1402579,     17.0,     17.0,     17.0,     53.0,  9, 10, 11, 10,    1522042,    1522042,    1522042,    1522042
16,    2575651,     74.0,     74.0,     74.0,    227.0,  9, 10, 11,  9,    1522072,    1522072,    1522072,    1522072
16,    3297329,     24.0,     24.0,     24.0,     75.0,  9, 10, 11,  9,    1522079,    1522079,    1522079,    1522079
16,    3297022,     18.0,     18.0,     18.0,     55.0,  9, 10, 11,  9,    1522104,    1522104,    1522104,    1522104
16,    2576325,     71.0,     71.0,     71.0,    223.0,  9, 10, 11,  9,    1522072,    1522072,    1522072,    1522072
16,    2577448,     60.0,     60.0,     60.0,    190.0,  9, 10, 11,  9,    1522163,    1522163,    1522163,    1522163
16,    2577458,     59.0,     59.0,     59.0,    190.0,  9, 10, 11,  9,    1522163,    1522163,    1522163,    1522163
16,    1402884,     41.0,     41.0,     41.0,    134.0,  1,  2,  3,  1,     635023,     635023,     635023,     635023
16,    1402894,     23.0,     23.0,     23.0,     73.0,  9, 10, 11,  9,    1522230,    1522230,    1522230,    1522230
16,    1402915,     17.0,     17.0,     17.0,     55.0,  9, 10, 11,  9,    1522238,    1522238,    1522238,    1522238
16,     635028,     22.0,     22.0,     22.0,     72.0,  9, 10, 11,  9,    1077912,    1077912,    1077912,    1077912
16,    1402950,     32.0,     32.0,     32.0,    106.0,  1,  2,  3,  1,    1402950,    1402950,    1402950,    1402950
16,    1402966,     22.0,     22.0,     22.0,     71.0,  1,  2,  3,  1,    1402966,    1402966,    1402966,    1402966
16,    3300159,     16.0,     16.0,     16.0,     54.0,  1,  2,  3,  1,    3300159,    3300159,    3300159,    3300159
16,    3300160,     14.0,     14.0,     14.0,     46.0,  1,  2,  3,  1,    3300160,    3300160,    3300160,    3300160
16,    1403206,     60.0,     60.0,     60.0,    191.0,  9, 10, 11,  9,    1522163,    1522163,    1522163,    1522163
16,    1403224,     58.0,     58.0,     58.0,    188.0,  1,  2,  3,  1,     635023,     635023,     635023,    1403224
16,    1403441,     51.0,     51.0,     51.0,    165.0,  9, 10, 11,  9,    1522507,    1522507,    1522507,    1522507
16,    1403446,     17.0,     17.0,     17.0,     54.0,  9, 10, 11,  9,    1522518,    1522518,    1522518,    1522518
16,    1403761,     24.0,     24.0,     24.0,     74.0,  9, 10, 11,  9,    1522659,    1522659,    1522659,    1522659
16,    1403519,     27.0,     27.0,     27.0,     89.0,  1,  2,  3,  1,    1403519,    1403519,    1403519,    1403519
16,    1403591,     18.0,     18.0,     18.0,     59.0,  1,  2,  3,  1,    1403591,    1403591,    1403591,    1403591
16,    1402660,     36.0,     36.0,     36.0,    111.0,  9, 10, 11,  9,    1522119,    1522119,    1522119,    1522119
16,    2519996,     18.0,     18.0,     18.0,     55.0,  9, 10, 11,  9,    2366963,    2366963,    2366963,    2366963
16,    3300116,     27.0,     27.0,     27.0,     86.0,  1,  2,  3,  1,    3300116,    3300116,    3300116,    3300116
16,    3300147,     17.0,     17.0,     17.0,     55.0,  9, 10, 11,  9,    2694427,    2694427,    2694427,    2694427
16,    3307430,     18.0,     18.0,     18.0,     56.0,  9, 10, 11,  9,    1522427,    1522427,    1522427,    1522427
17,    1402966,     22.0,     22.0,     22.0,     71.0,  1,  2,  3,  1,    1402966,    1402966,    1402966,    1402966
17,    1372768,     47.0,     46.0,     47.0,    142.0,  9, 10, 11, 10,    1521738,    1521738,    1521738,    1521738
17,    1402281,     18.0,     18.0,     18.0,     56.0,  9, 10, 11,  9,    1521743,    1521743,    1521743,    1521743
17,    1402401,     36.0,     35.0,     36.0,    111.0,  9, 10, 11,  9,    1521939,    1521939,    1521939,    1521939
17,    2581417,     47.0,     46.0,     47.0,    143.0,  9, 10, 11, 10,    1521738,    1521738,    1521738,    1521738
17,    2581488,     46.0,     45.0,     46.0,    141.0,  9, 10, 11, 10,    1521738,    1521738,    1521738,    1521738
17,    1402411,     18.0,     18.0,     18.0,     56.0,  9, 10, 11,  9,    1521963,    1521963,    1521963,    1521963
17,    2581539,     45.0,     44.0,     45.0,    140.0,  9, 10, 11, 10,    1521738,    1521738,    1521738,    1521738
17,    3308031,     17.0,     17.0,     17.0,     55.0,  9, 10, 11,  9,    1521966,    1521966,    1521966,    1521966
17,    2581921,     34.0,     33.0,     34.0,    106.0,  9, 10, 11, 10,    1522009,    1522009,    1522009,    1522009
17,    2581924,     45.0,     44.0,     45.0,    139.0,  9, 10, 11, 10,    1521738,    1521738,    1521738,    1521738
17,    2581936,     45.0,     44.0,     45.0,    140.0,  9, 10, 11, 10,    1521738,    1521738,    1521738,    1521738
17,    2581953,     45.0,     44.0,     45.0,    140.0,  9, 10, 11, 10,    1521738,    1521738,    1521738,    1521738
17,    2574122,     45.0,     44.0,     45.0,    140.0,  9, 10, 11, 10,    1521738,    1521738,    1521738,    1521738
17,    2574602,     45.0,     44.0,     45.0,    139.0,  9, 10, 11, 10,    1521738,    1521738,    1521738,    1521738
17,    1402514,     44.0,     43.0,     44.0,    139.0,  9, 10, 11, 10,    1521738,    1521738,    1521738,    1521738
17,    1402579,     17.0,     17.0,     17.0,     53.0,  9, 10, 11, 10,    1522042,    1522042,    1522042,    1522042
17,    2575651,     74.0,     74.0,     74.0,    227.0,  9, 10, 11,  9,    1522072,    1522072,    1522072,    1522072
17,    3297329,     24.0,     24.0,     24.0,     75.0,  9, 10, 11,  9,    1522079,    1522079,    1522079,    1522079
17,    3297022,     18.0,     18.0,     18.0,     55.0,  9, 10, 11,  9,    1522104,    1522104,    1522104,    1522104
17,    2576325,     71.0,     71.0,     71.0,    223.0,  9, 10, 11,  9,    1522072,    1522072,    1522072,    1522072
17,    2577448,     60.0,     60.0,     60.0,    190.0,  9, 10, 11,  9,    1522163,    1522163,    1522163,    1522163
17,    2577458,     59.0,     59.0,     59.0,    190.0,  9, 10, 11,  9,    1522163,    1522163,    1522163,    1522163
17,    1402884,     41.0,     41.0,     41.0,    134.0,  1,  2,  3,  1,     635023,     635023,     635023,     635023
17,    1402894,     23.0,     23.0,     23.0,     73.0,  9, 10, 11,  9,    1522230,    1522230,    1522230,    1522230
17,    1402915,     17.0,     17.0,     17.0,     55.0,  9, 10, 11,  9,    1522238,    1522238,    1522238,    1522238
17,     635028,     22.0,     22.0,     22.0,     72.0,  9, 10, 11,  9,    1077912,    1077912,    1077912,    1077912
17,    1402950,     32.0,     32.0,     32.0,    105.0,  1,  2,  3,  1,    1402950,    1402950,    1402950,    1402950
17,    1402966,     22.0,     22.0,     22.0,     71.0,  1,  2,  3,  1,    1402966,    1402966,    1402966,    1402966
17,    3300159,     16.0,     16.0,     16.0,     54.0,  1,  2,  3,  1,    3300159,    3300159,    3300159,    3300159
17,    3300160,     14.0,     14.0,     14.0,     46.0,  1,  2,  3,  1,    3300160,    3300160,    3300160,    3300160
17,    1403206,     60.0,     60.0,     60.0,    191.0,  9, 10, 11,  9,    1522163,    1522163,    1522163,    1522163
17,    1403224,     58.0,     58.0,     58.0,    187.0,  1,  2,  3,  1,     635023,     635023,     635023,    1403224
17,    1403441,     51.0,     51.0,     51.0,    165.0,  9, 10, 11,  9,    1522507,    1522507,    1522507,    1522507
17,    1403446,     17.0,     17.0,     17.0,     54.0,  9, 10, 11,  9,    1522518,    1522518,    1522518,    1522518
17,    1403761,     24.0,     24.0,     24.0,     74.0,  9, 10, 11,  9,    1522659,    1522659,    1522659,    1522659
17,    1403519,     27.0,     27.0,     27.0,     89.0,  1,  2,  3,  1,    1403519,    1403519,    1403519,    1403519
17,    1403591,     18.0,     18.0,     18.0,     59.0,  1,  2,  3,  1,    1403591,    1403591,    1403591,    1403591
17,    1402660,     36.0,     36.0,     36.0,    111.0,  9, 10, 11,  9,    1522119,    1522119,    1522119,    1522119
17,    2519996,     18.0,     18.0,     18.0,     55.0,  9, 10, 11,  9,    2366963,    2366963,    2366963,    2366963
17,    3300116,     26.0,     27.0,     27.0,     86.0,  1,  2,  3,  1,    3300116,    3300116,    3300116,    3300116
17,    3300147,     17.0,     17.0,     17.0,     55.0,  9, 10, 11,  9,    2694427,    2694427,    2694427,    2694427
17,    3307430,     18.0,     18.0,     18.0,     56.0,  9, 10, 11,  9,    1522427,    1522427,    1522427,    1522427
18,    1402966,     22.0,     22.0,     22.0,     71.0,  1,  2,  3,  1,    1402966,    1402966,    1402966,    1402966
18,    1372768,     47.0,     45.0,     47.0,    142.0,  9, 10, 11, 10,    1521738,    1521738,    1521738,    1521738
18,    1402281,     18.0,     18.0,     18.0,     56.0,  9, 10, 11,  9,    1521743,    1521743,    1521743,    1521743
18,    1402401,     36.0,     35.0,     36.0,    110.0,  9, 10, 11, 10,    1521939,    1521939,    1521939,    1521939
18,    2581417,     47.0,     46.0,     47.0,    142.0,  9, 10, 11, 10,    1521738,    1521738,    1521738,    1521738
18,    2581488,     46.0,     45.0,     46.0,    140.0,  9, 10, 11, 10,    1521738,    1521738,    1521738,    1521738
18,    1402411,     18.0,     18.0,     18.0,     56.0,  9, 10, 11,  9,    1521963,    1521963,    1521963,    1521963
18,    2581539,     45.0,     44.0,     45.0,    139.0,  9, 10, 11, 10,    1521738,    1521738,    1521738,    1521738
18,    3308031,     17.0,     17.0,     17.0,     55.0,  9, 10, 11,  9,    1521966,    1521966,    1521966,    1521966
18,    2581921,     34.0,     33.0,     34.0,    106.0,  9, 10, 11, 10,    1522009,    1522009,    1522009,    1522009
18,    2581924,     45.0,     43.0,     45.0,    138.0,  9, 10, 11, 10,    1521738,    1521738,    1521738,    1521738
18,    2581936,     45.0,     44.0,     45.0,    139.0,  9, 10, 11, 10,    1521738,    1521738,    1521738,    1521738
18,    2581953,     45.0,     44.0,     45.0,    139.0,  9, 10, 11, 10,    1521738,    1521738,    1521738,    1521738
18,    2574122,     45.0,     44.0,     45.0,    139.0,  9, 10, 11, 10,    1521738,    1521738,    1521738,    1521738
18,    2574602,     45.0,     43.0,     45.0,    139.0,  9, 10, 11, 10,    1521738,    1521738,    1521738,    1521738
18,    1402514,     44.0,     43.0,     44.0,    138.0,  9, 10, 11, 10,    1521738,    1521738,    1521738,    1521738
18,    1402579,     17.0,     17.0,     17.0,     54.0,  9, 10, 11, 10,    1522042,    1522042,    1522042,    1522042
18,    2575651,     74.0,     74.0,     74.0,    227.0,  9, 10, 11,  9,    1522072,    1522072,    1522072,    1522072
18,    3297329,     24.0,     24.0,     24.0,     75.0,  9, 10, 11,  9,    1522079,    1522079,    1522079,    1522079
18,    3297022,     18.0,     18.0,     18.0,     55.0,  9, 10, 11,  9,    1522104,    1522104,    1522104,    1522104
18,    2576325,     71.0,     71.0,     71.0,    223.0,  9, 10, 11,  9,    1522072,    1522072,    1522072,    1522072
18,    2577448,     60.0,     60.0,     60.0,    190.0,  9, 10, 11,  9,    1522163,    1522163,    1522163,    1522163
18,    2577458,     59.0,     59.0,     59.0,    190.0,  9, 10, 11,  9,    1522163,    1522163,    1522163,    1522163
18,    1402884,     41.0,     41.0,     41.0,    134.0,  1,  2,  3,  1,     635023,     635023,     635023,     635023
18,    1402894,     23.0,     23.0,     23.0,     73.0,  9, 10, 11,  9,    1522230,    1522230,    1522230,    1522230
18,    1402915,     17.0,     17.0,     17.0,     55.0,  9, 10, 11,  9,    1522238,    1522238,    1522238,    1522238
18,     635028,     22.0,     22.0,     22.0,     72.0,  9, 10, 11,  9,    1077912,    1077912,    1077912,    1077912
18,    1402950,     32.0,     32.0,     32.0,    106.0,  1,  2,  3,  1,    1402950,    1402950,    1402950,    1402950
18,    1402966,     22.0,     22.0,     22.0,     71.0,  1,  2,  3,  1,    1402966,    1402966,    1402966,    1402966
18,    3300159,     16.0,     16.0,     17.0,     54.0,  1,  2,  3,  1,    3300159,    3300159,    3300159,    3300159
18,    3300160,     14.0,     14.0,     14.0,     46.0,  1,  2,  3,  1,    3300160,    3300160,    3300160,    3300160
18,    1403206,     60.0,     60.0,     60.0,    191.0,  9, 10, 11,  9,    1522163,    1522163,    1522163,    1522163
18,    1403224,     58.0,     58.0,     58.0,    188.0,  1,  2,  3,  1,     635023,     635023,     635023,    1403224
18,    1403441,     51.0,     51.0,     51.0,    165.0,  9, 10, 11,  9,    1522507,    1522507,    1522507,    1522507
18,    1403446,     17.0,     17.0,     17.0,     54.0,  9, 10, 11,  9,    1522518,    1522518,    1522518,    1522518
18,    1403761,     24.0,     24.0,     24.0,     74.0,  9, 10, 11,  9,    1522659,    1522659,    1522659,    1522659
18,    1403519,     27.0,     27.0,     27.0,     89.0,  1,  2,  3,  1,    1403519,    1403519,    1403519,    1403519
18,    1403591,     18.0,     18.0,     18.0,     59.0,  1,  2,  3,  1,    1403591,    1403591,    1403591,    1403591
18,    1402660,     36.0,     36.0,     36.0,    111.0,  9, 10, 11,  9,    1522119,    1522119,    1522119,    1522119
18,    2519996,     18.0,     18.0,     18.0,     55.0,  9, 10, 11,  9,    2366963,    2366963,    2366963,    2366963
18,    3300116,     27.0,     27.0,     27.0,     86.0,  1,  2,  3,  1,    3300116,    3300116,    3300116,    3300116
18,    3300147,     17.0,     17.0,     17.0,     55.0,  9, 10, 11,  9,    2694427,    2694427,    2694427,    2694427
18,    3307430,     18.0,     18.0,     18.0,     56.0,  9, 10, 11,  9,    1522427,    1522427,    1522427,    1522427
19,    1402966,     22.0,     22.0,     22.0,     71.0,  1,  2,  3,  1,    1402966,    1402966,    1402966,    1402966
19,    1372768,     47.0,     46.0,     46.0,    144.0,  9, 10, 11, 10,    1521738,    1521738,    1521738,    1521738
19,    1402281,     18.0,     18.0,     18.0,     56.0,  9, 10, 11,  9,    1521743,    1521743,    1521743,    1521743
19,    1402401,     36.0,     36.0,     36.0,    111.0,  9, 10, 11,  9,    1521939,    1521939,    1521939,    1521939
19,    2581417,     47.0,     46.0,     47.0,    144.0,  9, 10, 11, 10,    1521738,    1521738,    1521738,    1521738
19,    2581488,     46.0,     45.0,     46.0,    142.0,  9, 10, 11, 10,    1521738,    1521738,    1521738,    1521738
19,    1402411,     18.0,     18.0,     18.0,     56.0,  9, 10, 11,  9,    1521963,    1521963,    1521963,    1521963
19,    2581539,     45.0,     45.0,     45.0,    142.0,  9, 10, 11, 10,    1521738,    1521738,    1521738,    1521738
19,    3308031,     17.0,     17.0,     17.0,     55.0,  9, 10, 11,  9,    1521966,    1521966,    1521966,    1521966
19,    2581921,     34.0,     34.0,     34.0,    108.0,  9, 10, 11,  9,    1522009,    1522009,    1522009,    1522009
19,    2581924,     45.0,     44.0,     44.0,    141.0,  9, 10, 11, 10,    1521738,    1521738,    1521738,    1521738
19,    2581936,     45.0,     44.0,     45.0,    141.0,  9, 10, 11, 10,    1521738,    1521738,    1521738,    1521738
19,    2581953,     45.0,     45.0,     45.0,    141.0,  9, 10, 11, 10,    1521738,    1521738,    1521738,    1521738
19,    2574122,     45.0,     44.0,     45.0,    141.0,  9, 10, 11, 10,    1521738,    1521738,    1521738,    1521738
19,    2574602,     45.0,     44.0,     45.0,    141.0,  9, 10, 11, 10,    1521738,    1521738,    1521738,    1521738
19,    1402514,     44.0,     44.0,     44.0,    140.0,  9, 10, 11, 10,    1521738,    1521738,    1521738,    1521738
19,    1402579,     17.0,     17.0,     17.0,     54.0,  9, 10, 11, 10,    1522042,    1522042,    1522042,    1522042
19,    2575651,     74.0,     74.0,     74.0,    227.0,  9, 10, 11,  9,    1522072,    1522072,    1522072,    1522072
19,    3297329,     24.0,     24.0,     24.0,     75.0,  9, 10, 11,  9,    1522079,    1522079,    1522079,    1522079
19,    3297022,     18.0,     18.0,     18.0,     55.0,  9, 10, 11,  9,    1522104,    1522104,    1522104,    1522104
19,    2576325,     71.0,     71.0,     71.0,    223.0,  9, 10, 11,  9,    1522072,    1522072,    1522072,    1522072
19,    2577448,     60.0,     60.0,     60.0,    190.0,  9, 10, 11,  9,    1522163,    1522163,    1522163,    1522163
19,    2577458,     59.0,     59.0,     59.0,    190.0,  9, 10, 11,  9,    1522163,    1522163,    1522163,    1522163
19,    1402884,     41.0,     41.0,     41.0,    134.0,  1,  2,  3,  1,     635023,     635023,     635023,     635023
19,    1402894,     23.0,     23.0,     23.0,     73.0,  9, 10, 11,  9,    1522230,    1522230,    1522230,    1522230
19,    1402915,     17.0,     17.0,     17.0,     55.0,  9, 10, 11,  9,    1522238,    1522238,    1522238,    1522238
19,     635028,     22.0,     22.0,     22.0,     72.0,  9, 10, 11,  9,    1077912,    1077912,    1077912,    1077912
19,    1402950,     32.0,     32.0,     32.0,    106.0,  1,  2,  3,  1,    1402950,    1402950,    1402950,    1402950
19,    1402966,     22.0,     22.0,     22.0,     71.0,  1,  2,  3,  1,    1402966,    1402966,    1402966,    1402966
19,    3300159,     16.0,     16.0,     17.0,     54.0,  1,  2,  3,  1,    3300159,    3300159,    3300159,    3300159
19,    3300160,     14.0,     14.0,     14.0,     46.0,  1,  2,  3,  1,    3300160,    3300160,    3300160,    3300160
19,    1403206,     60.0,     60.0,     60.0,    191.0,  9, 10, 11,  9,    1522163,    1522163,    1522163,    1522163
19,    1403224,     58.0,     58.0,     58.0,    188.0,  1,  2,  3,  1,     635023,     635023,     635023,    1403224
19,    1403441,     51.0,     51.0,     51.0,    165.0,  9, 10, 11,  9,    1522507,    1522507,    1522507,    1522507
19,    1403446,     17.0,     17.0,     17.0,     54.0,  9, 10, 11,  9,    1522518,    1522518,    1522518,    1522518
19,    1403761,     24.0,     24.0,     24.0,     74.0,  9, 10, 11,  9,    1522659,    1522659,    1522659,    1522659
19,    1403519,     27.0,     27.0,     27.0,     89.0,  1,  2,  3,  1,    1403519,    1403519,    1403519,    1403519
19,    1403591,     18.0,     18.0,     18.0,     59.0,  1,  2,  3,  1,    1403591,    1403591,    1403591,    1403591
19,    1402660,     36.0,     36.0,     36.0,    111.0,  9, 10, 11,  9,    1522119,    1522119,    1522119,    1522119
19,    2519996,     18.0,     18.0,     18.0,     55.0,  9, 10, 11,  9,    2366963,    2366963,    2366963,    2366963
19,    3300116,     27.0,     27.0,     27.0,     86.0,  1,  2,  3,  1,    3300116,    3300116,    3300116,    3300116
19,    3300147,     17.0,     17.0,     17.0,     55.0,  9, 10, 11,  9,    2694427,    2694427,    2694427,    2694427
19,    3307430,     18.0,     18.0,     18.0,     56.0,  9, 10, 11,  9,    1522427,    1522427,    1522427,    1522427
20,    1402966,     22.0,     22.0,     22.0,     71.0,  1,  2,  3,  1,    1402966,    1402966,    1402966,    1402966
20,    1372768,     46.0,     46.0,     46.0,    144.0,  9, 10, 11,  9,    1521738,    1521738,    1521738,    1521738
20,    1402281,     18.0,     18.0,     18.0,     56.0,  9, 10, 11,  9,    1521743,    1521743,    1521743,    1521743
20,    1402401,     36.0,     36.0,     36.0,    111.0,  9, 10, 11,  9,    1521939,    1521939,    1521939,    1521939
20,    2581417,     47.0,     47.0,     47.0,    145.0,  9, 10, 11,  9,    1521738,    1521738,    1521738,    1521738
20,    2581488,     45.0,     45.0,     46.0,    143.0,  9, 10, 11,  9,    1521738,    1521738,    1521738,    1521738
20,    1402411,     18.0,     18.0,     18.0,     56.0,  9, 10, 11,  9,    1521963,    1521963,    1521963,    1521963
20,    2581539,     45.0,     45.0,     45.0,    142.0,  9, 10, 11,  9,    1521738,    1521738,    1521738,    1521738
20,    3308031,     17.0,     17.0,     17.0,     55.0,  9, 10, 11,  9,    1521966,    1521966,    1521966,    1521966
20,    2581921,     34.0,     34.0,     34.0,    108.0,  9, 10, 11,  9,    1522009,    1522009,    1522009,    1522009
20,    2581924,     44.0,     44.0,     44.0,    141.0,  9, 10, 11,  9,    1521738,    1521738,    1521738,    1521738
20,    2581936,     45.0,     45.0,     45.0,    142.0,  9, 10, 11,  9,    1521738,    1521738,    1521738,    1521738
20,    2581953,     45.0,     45.0,     45.0,    142.0,  9, 10, 11,  9,    1521738,    1521738,    1521738,    1521738
20,    2574122,     44.0,     44.0,     45.0,    141.0,  9, 10, 11,  9,    1521738,    1521738,    1521738,    1521738
20,    2574602,     44.0,     44.0,     45.0,    141.0,  9, 10, 11,  9,    1521738,    1521738,    1521738,    1521738
20,    1402514,     44.0,     44.0,     44.0,    140.0,  9, 10, 11,  9,    1521738,    1521738,    1521738,    1521738
20,    1402579,     17.0,     17.0,     17.0,     54.0,  9, 10, 11, 10,    1522042,    1522042,    1522042,    1522042
20,    2575651,     74.0,     74.0,     74.0,    227.0,  9, 10, 11,  9,    1522072,    1522072,    1522072,    1522072
20,    3297329,     24.0,     24.0,     24.0,     75.0,  9, 10, 11,  9,    1522079,    1522079,    1522079,    1522079
20,    3297022,     18.0,     18.0,     18.0,     55.0,  9, 10, 11,  9,    1522104,    1522104,    1522104,    1522104
20,    2576325,     71.0,     71.0,     71.0,    223.0,  9, 10, 11,  9,    1522072,    1522072,    1522072,    1522072
20,    2577448,     60.0,     60.0,     60.0,    190.0,  9, 10, 11,  9,    1522163,    1522163,    1522163,    1522163
20,    2577458,     59.0,     59.0,     59.0,    190.0,  9, 10, 11,  9,    1522163,    1522163,    1522163,    1522163
20,    1402884,     41.0,     41.0,     41.0,    134.0,  1,  2,  3,  1,     635023,     635023,     635023,     635023
20,    1402894,     23.0,     23.0,     23.0,     73.0,  9, 10, 11,  9,    1522230,    1522230,    1522230,    1522230
20,    1402915,     17.0,     17.0,     17.0,     55.0,  9, 10, 11,  9,    1522238,    1522238,    1522238,    1522238
20,     635028,     22.0,     22.0,     22.0,     72.0,  9, 10, 11,  9,    1077912,    1077912,    1077912,    1077912
20,    1402950,     32.0,     32.0,     32.0,    105.0,  1,  2,  3,  1,    1402950,    1402950,    1402950,    1402950
20,    1402966,     22.0,     22.0,     22.0,     71.0,  1,  2,  3,  1,    1402966,    1402966,    1402966,    1402966
20,    3300159,     16.0,     16.0,     16.0,     54.0,  1,  2,  3,  1,    3300159,    3300159,    3300159,    3300159
20,    3300160,     14.0,     14.0,     14.0,     46.0,  1,  2,  3,  1,    3300160,    3300160,    3300160,    3300160
20,    1403206,     60.0,     60.0,     60.0,    191.0,  9, 10, 11,  9,    1522163,    1522163,    1522163,    1522163
20,    1403224,     58.0,     58.0,     58.0,    187.0,  1,  2,  3,  1,     635023,     635023,     635023,    1403224
20,    1403441,     51.0,     51.0,     51.0,    165.0,  9, 10, 11,  9,    1522507,    1522507,    1522507,    1522507
20,    1403446,     17.0,     17.0,     17.0,     54.0,  9, 10, 11,  9,    1522518,    1522518,    1522518,    1522518
20,    1403761,     24.0,     24.0,     24.0,     74.0,  9, 10, 11,  9,    1522659,    1522659,    1522659,    1522659
20,    1403519,     27.0,     27.0,     27.0,     89.0,  1,  2,  3,  1,    1403519,    1403519,    1403519,    1403519
20,    1403591,     18.0,     18.0,     18.0,     59.0,  1,  2,  3,  1,    1403591,    1403591,    1403591,    1403591
20,    1402660,     36.0,     36.0,     36.0,    111.0,  9, 10, 11,  9,    1522119,    1522119,    1522119,    1522119
20,    2519996,     18.0,     18.0,     18.0,     55.0,  9, 10, 11,  9,    2366963,    2366963,    2366963,    2366963
20,    3300116,     26.0,     27.0,     27.0,     86.0,  1,  2,  3,  1,    3300116,    3300116,    3300116,    3300116
20,    3300147,     17.0,     17.0,     17.0,     55.0,  9, 10, 11,  9,    2694427,    2694427,    2694427,    2694427
20,    3307430,     18.0,     18.0,     18.0,     56.0,  9, 10, 11,  9,    1522427,    1522427,    1522427,    1522427
21,    1402966,     22.0,     22.0,     22.0,     71.0,  1,  2,  3,  1,    1402966,    1402966,    1402966,    1402966
21,    1372768,     46.0,     46.0,     47.0,    143.0,  9, 10, 11, 10,    1521738,    1521738,    1521738,    1521738
21,    1402281,     18.0,     18.0,     18.0,     56.0,  9, 10, 11,  9,    1521743,    1521743,    1521743,    1521743
21,    1402401,     36.0,     36.0,     36.0,    111.0,  9, 10, 11,  9,    1521939,    1521939,    1521939,    1521939
21,    2581417,     47.0,     46.0,     47.0,    143.0,  9, 10, 11, 10,    1521738,    1521738,    1521738,    1521738
21,    2581488,     45.0,     45.0,     46.0,    142.0,  9, 10, 11, 10,    1521738,    1521738,    1521738,    1521738
21,    1402411,     18.0,     18.0,     18.0,     56.0,  9, 10, 11,  9,    1521963,    1521963,    1521963,    1521963
21,    2581539,     45.0,     44.0,     45.0,    141.0,  9, 10, 11, 10,    1521738,    1521738,    1521738,    1521738
21,    3308031,     17.0,     17.0,     17.0,     55.0,  9, 10, 11,  9,    1521966,    1521966,    1521966,    1521966
21,    2581921,     34.0,     34.0,     34.0,    107.0,  9, 10, 11, 10,    1522009,    1522009,    1522009,    1522009
21,    2581924,     44.0,     44.0,     45.0,    140.0,  9, 10, 11, 10,    1521738,    1521738,    1521738,    1521738
21,    2581936,     45.0,     44.0,     45.0,    140.0,  9, 10, 11, 10,    1521738,    1521738,    1521738,    1521738
21,    2581953,     45.0,     44.0,     45.0,    140.0,  9, 10, 11, 10,    1521738,    1521738,    1521738,    1521738
21,    2574122,     44.0,     44.0,     45.0,    140.0,  9, 10, 11, 10,    1521738,    1521738,    1521738,    1521738
21,    2574602,     44.0,     44.0,     45.0,    140.0,  9, 10, 11, 10,    1521738,    1521738,    1521738,    1521738
21,    1402514,     44.0,     43.0,     44.0,    139.0,  9, 10, 11, 10,    1521738,    1521738,    1521738,    1521738
21,    1402579,     17.0,     17.0,     17.0,     53.0,  9, 10, 11, 10,    1522042,    1522042,    1522042,    1522042
21,    2575651,     74.0,     74.0,     74.0,    227.0,  9, 10, 11,  9,    1522072,    1522072,    1522072,    1522072
21,    3297329,     24.0,     24.0,     24.0,     75.0,  9, 10, 11,  9,    1522079,    1522079,    1522079,    1522079
21,    3297022,     18.0,     18.0,     18.0,     55.0,  9, 10, 11,  9,    1522104,    1522104,    1522104,    1522104
21,    2576325,     71.0,     71.0,     71.0,    223.0,  9, 10, 11,  9,    1522072,    1522072,    1522072,    1522072
21,    2577448,     60.0,     60.0,     60.0,    190.0,  9, 10, 11,  9,    1522163,    1522163,    1522163,    1522163
21,    2577458,     59.0,     59.0,     59.0,    190.0,  9, 10, 11,  9,    1522163,    1522163,    1522163,    1522163
21,    1402884,     41.0,     41.0,     41.0,    134.0,  1,  2,  3,  1,     635023,     635023,     635023,     635023
21,    1402894,     23.0,     23.0,     23.0,     73.0,  9, 10, 11,  9,    1522230,    1522230,    1522230,    1522230
21,    1402915,     17.0,     17.0,     17.0,     55.0,  9, 10, 11,  9,    1522238,    1522238,    1522238,    1522238
21,     635028,     22.0,     22.0,     22.0,     72.0,  9, 10, 11,  9,    1077912,    1077912,    1077912,    1077912
21,    1402950,     32.0,     32.0,     32.0,    105.0,  1,  2,  3,  1,    1402950,    1402950,    1402950,    1402950
21,    1402966,     22.0,     22.0,     22.0,     71.0,  1,  2,  3,  1,    1402966,    1402966,    1402966,    1402966
21,    3300159,     16.0,     16.0,     16.0,     54.0,  1,  2,  3,  1,    3300159,    3300159,    3300159,    3300159
21,    3300160,     14.0,     14.0,     14.0,     46.0,  1,  2,  3,  1,    3300160,    3300160,    3300160,    3300160
21,    1403206,     60.0,     60.0,     60.0,    191.0,  9, 10, 11,  9,    1522163,    1522163,    1522163,    1522163
21,    1403224,     58.0,     58.0,     58.0,    187.0,  1,  2,  3,  1,     635023,     635023,     635023,    1403224
21,    1403441,     51.0,     51.0,     51.0,    165.0,  9, 10, 11,  9,    1522507,    1522507,    1522507,    1522507
21,    1403446,     17.0,     17.0,     17.0,     54.0,  9, 10, 11,  9,    1522518,    1522518,    1522518,    1522518
21,    1403761,     24.0,     24.0,     24.0,     74.0,  9, 10, 11,  9,    1522659,    1522659,    1522659,    1522659
21,    1403519,     27.0,     27.0,     27.0,     89.0,  1,  2,  3,  1,    1403519,    1403519,    1403519,    1403519
21,    1403591,     18.0,     18.0,     18.0,     59.0,  1,  2,  3,  1,    1403591,    1403591,    1403591,    1403591
21,    1402660,     36.0,     36.0,     36.0,    111.0,  9, 10, 11,  9,    1522119,    1522119,    1522119,    1522119
21,    2519996,     18.0,     18.0,     18.0,     55.0,  9, 10, 11,  9,    2366963,    2366963,    2366963,    2366963
21,    3300116,     27.0,     27.0,     27.0,     86.0,  1,  2,  3,  1,    3300116,    3300116,    3300116,    3300116
21,    3300147,     17.0,     17.0,     17.0,     55.0,  9, 10, 11,  9,    2694427,    2694427,    2694427,    2694427
21,    3307430,     18.0,     18.0,     18.0,     56.0,  9, 10, 11,  9,    1522427,    1522427,    1522427,    1522427
22,    1402966,     22.0,     22.0,     22.0,     71.0,  1,  2,  3,  1,    1402966,    1402966,    1402966,    1402966
22,    1372768,     46.0,     46.0,     47.0,    143.0,  9, 10, 11, 10,    1521738,    1521738,    1521738,    1521738
22,    1402281,     18.0,     18.0,     18.0,     56.0,  9, 10, 11,  9,    1521743,    1521743,    1521743,    1521743
22,    1402401,     36.0,     36.0,     36.0,    111.0,  9, 10, 11,  9,    1521939,    1521939,    1521939,    1521939
22,    2581417,     47.0,     46.0,     47.0,    144.0,  9, 10, 11, 10,    1521738,    1521738,    1521738,    1521738
22,    2581488,     45.0,     45.0,     46.0,    142.0,  9, 10, 11, 10,    1521738,    1521738,    1521738,    1521738
22,    1402411,     18.0,     18.0,     18.0,     56.0,  9, 10, 11,  9,    1521963,    1521963,    1521963,    1521963
22,    2581539,     45.0,     45.0,     45.0,    141.0,  9, 10, 11, 10,    1521738,    1521738,    1521738,    1521738
22,    3308031,     17.0,     17.0,     17.0,     55.0,  9, 10, 11,  9,    1521966,    1521966,    1521966,    1521966
22,    2581921,     34.0,     34.0,     34.0,    107.0,  9, 10, 11, 10,    1522009,    1522009,    1522009,    1522009
22,    2581924,     44.0,     44.0,     45.0,    140.0,  9, 10, 11, 10,    1521738,    1521738,    1521738,    1521738
22,    2581936,     45.0,     44.0,     45.0,    141.0,  9, 10, 11, 10,    1521738,    1521738,    1521738,    1521738
22,    2581953,     45.0,     44.0,     45.0,    141.0,  9, 10, 11, 10,    1521738,    1521738,    1521738,    1521738
22,    2574122,     44.0,     44.0,     45.0,    141.0,  9, 10, 11, 10,    1521738,    1521738,    1521738,    1521738
22,    2574602,     44.0,     44.0,     45.0,    140.0,  9, 10, 11, 10,    1521738,    1521738,    1521738,    1521738
22,    1402514,     44.0,     43.0,     44.0,    139.0,  9, 10, 11, 10,    1521738,    1521738,    1521738,    1521738
22,    1402579,     17.0,     17.0,     17.0,     54.0,  9, 10, 11, 10,    1522042,    1522042,    1522042,    1522042
22,    2575651,     74.0,     74.0,     74.0,    227.0,  9, 10, 11,  9,    1522072,    1522072,    1522072,    1522072
22,    3297329,     24.0,     24.0,     24.0,     75.0,  9, 10, 11,  9,    1522079,    1522079,    1522079,    1522079
22,    3297022,     18.0,     18.0,     18.0,     55.0,  9, 10, 11,  9,    1522104,    1522104,    1522104,    1522104
22,    2576325,     71.0,     71.0,     71.0,    223.0,  9, 10, 11,  9,    1522072,    1522072,    1522072,    1522072
22,    2577448,     60.0,     60.0,     60.0,    190.0,  9, 10, 11,  9,    1522163,    1522163,    1522163,    1522163
22,    2577458,     59.0,     59.0,     59.0,    190.0,  9, 10, 11,  9,    1522163,    1522163,    1522163,    1522163
22,    1402884,     41.0,     41.0,     41.0,    134.0,  1,  2,  3,  1,     635023,     635023,     635023,     635023
22,    1402894,     23.0,     23.0,     23.0,     73.0,  9, 10, 11,  9,    1522230,    1522230,    1522230,    1522230
22,    1402915,     17.0,     17.0,     17.0,     55.0,  9, 10, 11,  9,    1522238,    1522238,    1522238,    1522238
22,     635028,     22.0,     22.0,     22.0,     72.0,  9, 10, 11,  9,    1077912,    1077912,    1077912,    1077912
22,    1402950,     32.0,     32.0,     32.0,    105.0,  1,  2,  3,  1,    1402950,    1402950,    1402950,    1402950
22,    1402966,     22.0,     22.0,     22.0,     71.0,  1,  2,  3,  1,    1402966,    1402966,    1402966,    1402966
22,    3300159,     16.0,     16.0,     17.0,     54.0,  1,  2,  3,  1,    3300159,    3300159,    3300159,    3300159
22,    3300160,     14.0,     14.0,     14.0,     46.0,  1,  2,  3,  1,    3300160,    3300160,    3300160,    3300160
22,    1403206,     60.0,     60.0,     60.0,    191.0,  9, 10, 11,  9,    1522163,    1522163,    1522163,    1522163
22,    1403224,     58.0,     58.0,     58.0,    188.0,  1,  2,  3,  1,     635023,     635023,     635023,    1403224
22,    1403441,     51.0,     51.0,     51.0,    165.0,  9, 10, 11,  9,    1522507,    1522507,    1522507,    1522507
22,    1403446,     17.0,     17.0,     17.0,     54.0,  9, 10, 11,  9,    1522518,    1522518,    1522518,    1522518
22,    1403761,     24.0,     24.0,     24.0,     74.0,  9, 10, 11,  9,    1522659,    1522659,    1522659,    1522659
22,    1403519,     27.0,     27.0,     27.0,     89.0,  1,  2,  3,  1,    1403519,    1403519,    1403519,    1403519
22,    1403591,     18.0,     18.0,     18.0,     59.0,  1,  2,  3,  1,    1403591,    1403591,    1403591,    1403591
22,    1402660,     36.0,     36.0,     36.0,    111.0,  9, 10, 11,  9,    1522119,    1522119,    1522119,    1522119
22,    2519996,     18.0,     18.0,     18.0,     55.0,  9, 10, 11,  9,    2366963,    2366963,    2366963,    2366963
22,    3300116,     27.0,     27.0,     27.0,     86.0,  1,  2,  3,  1,    3300116,    3300116,    3300116,    3300116
22,    3300147,     17.0,     17.0,     17.0,     55.0,  9, 10, 11,  9,    2694427,    2694427,    2694427,    2694427
22,    3307430,     18.0,     18.0,     18.0,     56.0,  9, 10, 11,  9,    1522427,    1522427,    1522427,    1522427
23,    1402966,     22.0,     22.0,     22.0,     71.0,  1,  2,  3,  1,    1402966,    1402966,    1402966,    1402966
23,    1372768,     46.0,     45.0,     47.0,    142.0,  9, 10, 11, 10,    1521738,    1521738,    1521738,    1521738
23,    1402281,     18.0,     18.0,     18.0,     56.0,  9, 10, 11,  9,    1521743,    1521743,    1521743,    1521743
23,    1402401,     36.0,     35.0,     36.0,    111.0,  9, 10, 11,  9,    1521939,    1521939,    1521939,    1521939
23,    2581417,     47.0,     46.0,     47.0,    143.0,  9, 10, 11, 10,    1521738,    1521738,    1521738,    1521738
23,    2581488,     46.0,     45.0,     46.0,    141.0,  9, 10, 11, 10,    1521738,    1521738,    1521738,    1521738
23,    1402411,     18.0,     18.0,     18.0,     56.0,  9, 10, 11,  9,    1521963,    1521963,    1521963,    1521963
23,    2581539,     45.0,     44.0,     45.0,    140.0,  9, 10, 11, 10,    1521738,    1521738,    1521738,    1521738
23,    3308031,     17.0,     17.0,     17.0,     55.0,  9, 10, 11,  9,    1521966,    1521966,    1521966,    1521966
23,    2581921,     34.0,     33.0,     34.0,    106.0,  9, 10, 11, 10,    1522009,    1522009,    1522009,    1522009
23,    2581924,     44.0,     43.0,     45.0,    139.0,  9, 10, 11, 10,    1521738,    1521738,    1521738,    1521738
23,    2581936,     45.0,     44.0,     45.0,    139.0,  9, 10, 11, 10,    1521738,    1521738,    1521738,    1521738
23,    2581953,     45.0,     44.0,     45.0,    140.0,  9, 10, 11, 10,    1521738,    1521738,    1521738,    1521738
23,    2574122,     45.0,     44.0,     45.0,    139.0,  9, 10, 11, 10,    1521738,    1521738,    1521738,    1521738
23,    2574602,     44.0,     44.0,     45.0,    139.0,  9, 10, 11, 10,    1521738,    1521738,    1521738,    1521738
23,    1402514,     44.0,     43.0,     44.0,    138.0,  9, 10, 11, 10,    1521738,    1521738,    1521738,    1521738
23,    1402579,     17.0,     17.0,     17.0,     54.0,  9, 10, 11,  9,    1522042,    1522042,    1522042,    1522042
23,    2575651,     74.0,     74.0,     74.0,    227.0,  9, 10, 11,  9,    1522072,    1522072,    1522072,    1522072
23,    3297329,     24.0,     24.0,     24.0,     75.0,  9, 10, 11,  9,    1522079,    1522079,    1522079,    1522079
23,    3297022,     18.0,     18.0,     18.0,     55.0,  9, 10, 11,  9,    1522104,    1522104,    1522104,    1522104
23,    2576325,     71.0,     71.0,     71.0,    223.0,  9, 10, 11,  9,    1522072,    1522072,    1522072,    1522072
23,    2577448,     60.0,     60.0,     60.0,    190.0,  9, 10, 11,  9,    1522163,    1522163,    1522163,    1522163
23,    2577458,     59.0,     59.0,     59.0,    190.0,  9, 10, 11,  9,    1522163,    1522163,    1522163,    1522163
23,    1402884,     41.0,     41.0,     41.0,    134.0,  1,  2,  3,  1,     635023,     635023,     635023,     635023
23,    1402894,     23.0,     23.0,     23.0,     73.0,  9, 10, 11,  9,    1522230,    1522230,    1522230,    1522230
23,    1402915,     17.0,     17.0,     17.0,     55.0,  9, 10, 11,  9,    1522238,    1522238,    1522238,    1522238
23,     635028,     22.0,     22.0,     22.0,     72.0,  9, 10, 11,  9,    1077912,    1077912,    1077912,    1077912
23,    1402950,     32.0,     32.0,     32.0,    105.0,  1,  2,  3,  1,    1402950,    1402950,    1402950,    1402950
23,    1402966,     22.0,     22.0,     22.0,     71.0,  1,  2,  3,  1,    1402966,    1402966,    1402966,    1402966
23,    3300159,     16.0,     16.0,     17.0,     54.0,  1,  2,  3,  1,    3300159,    3300159,    3300159,    3300159
23,    3300160,     14.0,     14.0,     14.0,     46.0,  1,  2,  3,  1,    3300160,    3300160,    3300160,    3300160
23,    1403206,     60.0,     60.0,     60.0,    191.0,  9, 10, 11,  9,    1522163,    1522163,    1522163,    1522163
23,    1403224,     58.0,     58.0,     58.0,    187.0,  1,  2,  3,  1,     635023,     635023,     635023,    1403224
23,    1403441,     51.0,     51.0,     51.0,    165.0,  9, 10, 11,  9,    1522507,    1522507,    1522507,    1522507
23,    1403446,     17.0,     17.0,     17.0,     54.0,  9, 10, 11,  9,    1522518,    1522518,    1522518,    1522518
23,    1403761,     24.0,     24.0,     24.0,     74.0,  9, 10, 11,  9,    1522659,    1522659,    1522659,    1522659
23,    1403519,     27.0,     27.0,     27.0,     89.0,  1,  2,  3,  1,    1403519,    1403519,    1403519,    1403519
23,    1403591,     18.0,     18.0,     18.0,     59.0,  1,  2,  3,  1,    1403591,    1403591,    1403591,    1403591
23,    1402660,     36.0,     36.0,     36.0,    111.0,  9, 10, 11,  9,    1522119,    1522119,    1522119,    1522119
23,    2519996,     18.0,     18.0,     18.0,     55.0,  9, 10, 11,  9,    2366963,    2366963,    2366963,    2366963
23,    3300116,     27.0,     27.0,     27.0,     86.0,  1,  2,  3,  1,    3300116,    3300116,    3300116,    3300116
23,    3300147,     17.0,     17.0,     17.0,     55.0,  9, 10, 11,  9,    2694427,    2694427,    2694427,    2694427
23,    3307430,     18.0,     18.0,     18.0,     56.0,  9, 10, 11,  9,    1522427,    1522427,    1522427,    1522427
24,    1402966,     24.0,     24.0,     24.0,     69.0,  4,  5,  6,  4,    1402966,    1402966,    1402966,    1402966
24,    1372768,     53.0,     54.0,     54.0,    158.0, 12, 10, 11,  9,    1521738,    1521738,    1521738,    1521738
24,    1402281,     19.0,     19.0,     19.0,     57.0,  9, 10, 11,  9,    1521743,    1521743,    1521743,    1521743
24,    1402401,     40.0,     40.0,     40.0,    117.0,  9, 10, 11,  9,    1521939,    1521939,    1521939,    1521939
24,    2581417,     52.0,     53.0,     53.0,    157.0, 12, 12, 12,  9,    1521738,    1521738,    1521738,    1521738
24,    2581488,     53.0,     54.0,     54.0,    159.0, 12, 12, 12,  9,    1521738,    1521738,    1521738,    1521738
24,    1402411,     19.0,     19.0,     19.0,     58.0,  9, 10, 11,  9,    1521963,    1521963,    1521963,    1521963
24,    2581539,     54.0,     55.0,     55.0,    160.0, 12, 12, 12,  9,    1521738,    1521738,    1521738,    1521738
24,    3308031,     20.0,     20.0,     20.0,     58.0,  9, 10, 11,  9,    1521966,    1521966,    1521966,    1521966
24,    2581921,     41.0,     41.0,     41.0,    119.0,  9, 10, 11,  9,    1522009,    1522009,    1522009,    1522009
24,    2581924,     55.0,     56.0,     56.0,    161.0, 12, 10, 11,  4,    1521738,    1521738,    1521738,    2581921
24,    2581936,     54.0,     55.0,     55.0,    160.0, 12, 12, 12,  9,    1521738,    1521738,    1521738,    1521738
24,    2581953,     54.0,     55.0,     55.0,    160.0, 12, 12, 12,  9,    1521738,    1521738,    1521738,    1521738
24,    2574122,     54.0,     55.0,     55.0,    160.0, 12, 12, 12,  9,    1521738,    1521738,    1521738,    1521738
24,    2574602,     55.0,     56.0,     56.0,    161.0, 12, 10, 11,  9,    1521738,    1521738,    1521738,    1521738
24,    1402514,     52.0,     53.0,     52.0,    148.0,  4,  5,  6,  4,    1402514,    1402514,    1402514,    1402514
24,    1402579,     19.0,     20.0,     20.0,     59.0, 12, 10, 11,  9,    1522042,    1522042,    1522042,    1522042
24,    2575651,     80.0,     80.0,     80.0,    236.0,  9, 10, 11,  9,    1522072,    1522072,    1522072,    1522072
24,    3297329,     25.0,     25.0,     25.0,     76.0,  9, 10, 11,  9,    1522079,    1522079,    1522079,    1522079
24,    3297022,     19.0,     19.0,     19.0,     58.0,  9, 10, 11,  9,    1522104,    1522104,    1522104,    1522104
24,    2576325,     83.0,     83.0,     83.0,    241.0,  9, 10, 11,  9,    1522072,    1522072,    1522072,    1522072
24,    2577448,     73.0,     73.0,     73.0,    211.0,  9, 10, 11,  9,    1522163,    1522163,    1522163,    1522163
24,    2577458,     71.0,     72.0,     71.0,    203.0,  4,  5,  6,  4,     635023,     635023,     635023,     635023
24,    1402884,     46.0,     46.0,     46.0,    131.0,  4,  5,  6,  4,     635023,     635023,     635023,     635023
24,    1402894,     27.0,     27.0,     27.0,     79.0,  9, 10, 11,  9,    1522230,    1522230,    1522230,    1522230
24,    1402915,     20.0,     20.0,     20.0,     59.0,  9, 10, 11,  9,    1522238,    1522238,    1522238,    1522238
24,     635028,     27.0,     27.0,     27.0,     79.0,  9, 10, 11,  9,    1077912,    1077912,    1077912,    1077912
24,    1402950,     36.0,     36.0,     36.0,    102.0,  4,  5,  6,  4,    1402950,    1402950,    1402950,    1402950
24,    1402966,     24.0,     24.0,     24.0,     69.0,  4,  5,  6,  4,    1402966,    1402966,    1402966,    1402966
24,    3300159,     18.0,     18.0,     18.0,     52.0,  4,  5,  6,  4,    3300159,    3300159,    3300159,    3300159
24,    3300160,     15.0,     15.0,     15.0,     44.0,  4,  5,  6,  4,    3300160,    3300160,    3300160,    3300160
24,    1403206,     73.0,     73.0,     73.0,    210.0,  9, 10, 11,  9,    1522163,    1522163,    1522163,    1522163
24,    1403224,     65.0,     65.0,     65.0,    184.0,  4,  5,  6,  4,     635023,    1403224,     635023,    1403224
24,    1403441,      3.0,      3.0,      3.0,    330.0, 10, 11,  9,  4,    1522507,    1522507,    1522507,    1403441
24,    1403446,      3.0,      3.0,      3.0,     56.0, 10, 11,  9,  9,    1522507,    1522507,    1522507,    1522518
24,    1403761,      4.0,      4.0,      4.0,     74.0, 10, 11,  9,  9,    1522507,    1522507,    1522507,    1522659
24,    1403519,      4.0,      4.0,      4.0,    154.0, 10, 11,  9,  4,    1522507,    1522507,    1522507,    1403519
24,    1403591,      4.0,      4.0,      4.0,    103.0, 10, 11,  9,  4,    1522507,    1522507,    1522507,    1403591
24,    1402660,     40.0,     40.0,     40.0,    117.0,  9, 10, 11,  9,    1522119,    1522119,    1522119,    1522119
24,    2519996,     19.0,     19.0,     19.0,     58.0,  9, 10, 11,  9,    2366963,    2366963,    2366963,    2366963
24,    3300116,      4.0,      4.0,      4.0,    117.0, 10, 11,  9,  9,    1522507,    1522507,    1522507,    2694324
24,    3300147,      4.0,      4.0,      4.0,     56.0, 10, 11,  9,  9,    1522507,    1522507,    1522507,    2694427
24,    3307430,     19.0,     19.0,     19.0,     58.0,  9, 10, 11,  9,    1522427,    1522427,    1522427,    1522427
25,    1402966,     24.0,     24.0,     24.0,     69.0,  4,  5,  6,  4,    1402966,    1402966,    1402966,    1402966
25,    1372768,     53.0,     54.0,     53.0,    158.0, 12, 10, 12,  9,    1521738,    1521738,    1521738,    1521738
25,    1402281,     19.0,     19.0,     19.0,     57.0,  9, 10, 11,  9,    1521743,    1521743,    1521743,    1521743
25,    1402401,     40.0,     40.0,     40.0,    117.0,  9, 10, 11,  9,    1521939,    1521939,    1521939,    1521939
25,    2581417,     53.0,     53.0,     53.0,    157.0,  9, 12, 12,  9,    1521738,    1521738,    1521738,    1521738
25,    2581488,     54.0,     54.0,     54.0,    159.0, 12, 12, 12,  9,    1521738,    1521738,    1521738,    1521738
25,    1402411,     19.0,     19.0,     19.0,     58.0,  9, 10, 11,  9,    1521963,    1521963,    1521963,    1521963
25,    2581539,     54.0,     55.0,     55.0,    160.0, 12, 10, 11,  9,    1521738,    1521738,    1521738,    1521738
25,    3308031,     20.0,     20.0,     20.0,     58.0,  9, 10, 11,  9,    1521966,    1521966,    1521966,    1521966
25,    2581921,     41.0,     41.0,     41.0,    119.0,  9, 10, 11,  9,    1522009,    1522009,    1522009,    1522009
25,    2581924,     55.0,     56.0,     55.0,    161.0, 12, 10, 12,  4,    1521738,    1521738,    1521738,    2581921
25,    2581936,     55.0,     55.0,     55.0,    160.0,  9, 12, 12,  9,    1521738,    1521738,    1521738,    1521738
25,    2581953,     55.0,     55.0,     55.0,    160.0,  9, 12, 11,  9,    1521738,    1521738,    1521738,    1521738
25,    2574122,     55.0,     55.0,     55.0,    160.0,  9, 12, 12,  9,    1521738,    1521738,    1521738,    1521738
25,    2574602,     55.0,     56.0,     55.0,    161.0, 12, 10, 12,  9,    1521738,    1521738,    1521738,    1521738
25,    1402514,     52.0,     52.0,     52.0,    149.0,  4,  5,  6,  4,    1402514,    1402514,    1402514,    1402514
25,    1402579,     19.0,     20.0,     20.0,     59.0, 12, 10, 11,  9,    1522042,    1522042,    1522042,    1522042
25,    2575651,     80.0,     80.0,     80.0,    236.0,  9, 10, 11,  9,    1522072,    1522072,    1522072,    1522072
25,    3297329,     25.0,     25.0,     25.0,     76.0,  9, 10, 11,  9,    1522079,    1522079,    1522079,    1522079
25,    3297022,     19.0,     19.0,     19.0,     58.0,  9, 10, 11,  9,    1522104,    1522104,    1522104,    1522104
25,    2576325,     83.0,     83.0,     83.0,    241.0,  9, 10, 11,  9,    1522072,    1522072,    1522072,    1522072
25,    2577448,     73.0,     73.0,     73.0,    211.0,  9, 10, 11,  9,    1522163,    1522163,    1522163,    1522163
25,    2577458,     72.0,     71.0,     71.0,    203.0,  4,  5,  6,  4,     635023,     635023,     635023,     635023
25,    1402884,     46.0,     46.0,     46.0,    131.0,  4,  5,  6,  4,     635023,     635023,     635023,     635023
25,    1402894,     27.0,     27.0,     27.0,     79.0,  9, 10, 11,  9,    1522230,    1522230,    1522230,    1522230
25,    1402915,     20.0,     20.0,     20.0,     59.0,  9, 10, 11,  9,    1522238,    1522238,    1522238,    1522238
25,     635028,     27.0,     27.0,     27.0,     79.0,  9, 10, 11,  9,    1077912,    1077912,    1077912,    1077912
25,    1402950,     36.0,     36.0,     36.0,    102.0,  4,  5,  6,  5,    1402950,    1402950,    1402950,    1402950
25,    1402966,     24.0,     24.0,     24.0,     69.0,  4,  5,  6,  4,    1402966,    1402966,    1402966,    1402966
25,    3300159,     18.0,     18.0,     18.0,     52.0,  4,  5,  6,  4,    3300159,    3300159,    3300159,    3300159
25,    3300160,     15.0,     15.0,     15.0,     44.0,  4,  5,  6,  5,    3300160,    3300160,    3300160,    3300160
25,    1403206,     73.0,     73.0,     73.0,    210.0,  9, 10, 11,  9,    1522163,    1522163,    1522163,    1522163
25,    1403224,     65.0,     65.0,     65.0,    184.0,  4,  5,  6,  4,    1403224,     635023,     635023,    1403224
25,    1403441,      3.0,      3.0,      3.0,    330.0, 10, 11,  9,  5,    1522507,    1522507,    1522507,    1403441
25,    1403446,      3.0,      3.0,      3.0,     56.0, 10, 11,  9,  9,    1522507,    1522507,    1522507,    1522518
25,    1403761,      4.0,      4.0,      4.0,     74.0, 10, 11,  9,  9,    1522507,    1522507,    1522507,    1522659
25,    1403519,      4.0,      4.0,      4.0,    154.0, 10, 11,  9,  4,    1522507,    1522507,    1522507,    1403519
25,    1403591,      4.0,      4.0,      4.0,    103.0, 10, 11,  9,  4,    1522507,    1522507,    1522507,    1403591
25,    1402660,     40.0,     40.0,     40.0,    117.0,  9, 10, 11,  9,    1522119,    1522119,    1522119,    1522119
25,    2519996,     19.0,     19.0,     19.0,     58.0,  9, 10, 11,  9,    2366963,    2366963,    2366963,    2366963
25,    3300116,      4.0,      4.0,      4.0,    117.0, 10, 11,  9,  9,    1522507,    1522507,    1522507,    2694324
25,    3300147,      4.0,      4.0,      4.0,     56.0, 10, 11,  9,  9,    1522507,    1522507,    1522507,    2694427
25,    3307430,     19.0,     19.0,     19.0,     58.0,  9, 10, 11,  9,    1522427,    1522427,    1522427,    1522427
26,    1402966,     24.0,     24.0,     24.0,     69.0,  4,  5,  6,  4,    1402966,    1402966,    1402966,    1402966
26,    1372768,     53.0,     54.0,     53.0,    158.0, 12, 12, 12,  9,    1521738,    1521738,    1521738,    1521738
26,    1402281,     19.0,     19.0,     19.0,     57.0,  9, 10, 11,  9,    1521743,    1521743,    1521743,    1521743
26,    1402401,     40.0,     40.0,     40.0,    117.0,  9, 10, 11,  9,    1521939,    1521939,    1521939,    1521939
26,    2581417,     52.0,     54.0,     53.0,    157.0, 12, 10, 12,  9,    1521738,    1521738,    1521738,    1521738
26,    2581488,     53.0,     55.0,     54.0,    159.0, 12, 10, 12,  9,    1521738,    1521738,    1521738,    1521738
26,    1402411,     19.0,     19.0,     19.0,     57.0,  9, 10, 11, 10,    1521963,    1521963,    1521963,    1521963
26,    2581539,     54.0,     55.0,     55.0,    160.0, 12, 12, 11,  9,    1521738,    1521738,    1521738,    1521738
26,    3308031,     20.0,     20.0,     20.0,     58.0,  9, 10, 11,  9,    1521966,    1521966,    1521966,    1521966
26,    2581921,     41.0,     42.0,     41.0,    119.0,  9, 10, 11,  9,    1522009,    1522009,    1522009,    1522009
26,    2581924,     55.0,     56.0,     55.0,    161.0, 12, 12, 12,  4,    1521738,    1521738,    1521738,    2581921
26,    2581936,     54.0,     56.0,     55.0,    160.0, 12, 10, 12,  9,    1521738,    1521738,    1521738,    1521738
26,    2581953,     54.0,     55.0,     55.0,    160.0, 12, 12, 11,  9,    1521738,    1521738,    1521738,    1521738
26,    2574122,     54.0,     56.0,     55.0,    160.0, 12, 10, 12,  9,    1521738,    1521738,    1521738,    1521738
26,    2574602,     54.0,     56.0,     55.0,    161.0, 12, 10, 12,  9,    1521738,    1521738,    1521738,    1521738
26,    1402514,     52.0,     53.0,     52.0,    148.0,  4,  5,  6,  4,    1402514,    1402514,    1402514,    1402514
26,    1402579,     19.0,     20.0,     20.0,     59.0, 12, 10, 11,  9,    1522042,    1522042,    1522042,    1522042
26,    2575651,     80.0,     80.0,     80.0,    236.0,  9, 10, 11,  9,    1522072,    1522072,    1522072,    1522072
26,    3297329,     25.0,     25.0,     25.0,     76.0,  9, 10, 11,  9,    1522079,    1522079,    1522079,    1522079
26,    3297022,     19.0,     19.0,     19.0,     58.0,  9, 10, 11,  9,    1522104,    1522104,    1522104,    1522104
26,    2576325,     83.0,     83.0,     83.0,    241.0,  9, 10, 11,  9,    1522072,    1522072,    1522072,    1522072
26,    2577448,     73.0,     73.0,     73.0,    211.0,  9, 10, 11,  9,    1522163,    1522163,    1522163,    1522163
26,    2577458,     71.0,     72.0,     71.0,    203.0,  4,  5,  6,  4,     635023,     635023,     635023,     635023
26,    1402884,     46.0,     46.0,     46.0,    131.0,  4,  5,  6,  4,     635023,     635023,     635023,     635023
26,    1402894,     27.0,     27.0,     27.0,     79.0,  9, 10, 11,  9,    1522230,    1522230,    1522230,    1522230
26,    1402915,     20.0,     20.0,     20.0,     59.0,  9, 10, 11,  9,    1522238,    1522238,    1522238,    1522238
26,     635028,     27.0,     27.0,     27.0,     79.0,  9, 10, 11,  9,    1077912,    1077912,    1077912,    1077912
26,    1402950,     36.0,     36.0,     36.0,    102.0,  4,  5,  6,  4,    1402950,    1402950,    1402950,    1402950
26,    1402966,     24.0,     24.0,     24.0,     69.0,  4,  5,  6,  4,    1402966,    1402966,    1402966,    1402966
26,    3300159,     18.0,     18.0,     18.0,     52.0,  4,  5,  6,  4,    3300159,    3300159,    3300159,    3300159
26,    3300160,     15.0,     15.0,     15.0,     45.0,  4,  5,  6,  4,    3300160,    3300160,    3300160,    3300160
26,    1403206,     73.0,     73.0,     73.0,    210.0,  9, 10, 11,  9,    1522163,    1522163,    1522163,    1522163
26,    1403224,     65.0,     65.0,     65.0,    184.0,  4,  5,  6,  4,     635023,    1403224,     635023,    1403224
26,    1403441,      3.0,      3.0,      3.0,    331.0, 10, 11,  9,  4,    1522507,    1522507,    1522507,    1403441
26,    1403446,      3.0,      3.0,      3.0,     56.0, 10, 11,  9,  9,    1522507,    1522507,    1522507,    1522518
26,    1403761,      4.0,      4.0,      4.0,     74.0, 10, 11,  9,  9,    1522507,    1522507,    1522507,    1522659
26,    1403519,      4.0,      4.0,      4.0,    154.0, 10, 11,  9,  4,    1522507,    1522507,    1522507,    1403519
26,    1403591,      4.0,      4.0,      4.0,    103.0, 10, 11,  9,  4,    1522507,    1522507,    1522507,    1403591
26,    1402660,     40.0,     40.0,     40.0,    117.0,  9, 10, 11,  9,    1522119,    1522119,    1522119,    1522119
26,    2519996,     19.0,     19.0,     19.0,     58.0,  9, 10, 11,  9,    2366963,    2366963,    2366963,    2366963
26,    3300116,      4.0,      4.0,      4.0,    117.0, 10, 11,  9,  9,    1522507,    1522507,    1522507,    2694324
26,    3300147,      4.0,      4.0,      4.0,     56.0, 10, 11,  9,  9,    1522507,    1522507,    1522507,    2694427
26,    3307430,     19.0,     19.0,     19.0,     58.0,  9, 10, 11,  9,    1522427,    1522427,    1522427,    1522427
27,    1402966,     24.0,     24.0,     24.0,     69.0,  4,  5,  6,  4,    1402966,    1402966,    1402966,    1402966
27,    1372768,     53.0,     53.0,     54.0,    158.0, 12, 12, 11,  9,    1521738,    1521738,    1521738,    1521738
27,    1402281,     19.0,     19.0,     19.0,     57.0,  9, 10, 11,  9,    1521743,    1521743,    1521743,    1521743
27,    1402401,     40.0,     40.0,     40.0,    117.0,  9, 10, 11,  9,    1521939,    1521939,    1521939,    1521939
27,    2581417,     53.0,     53.0,     53.0,    157.0,  9, 10, 12,  9,    1521738,    1521738,    1521738,    1521738
27,    2581488,     54.0,     54.0,     54.0,    159.0, 12, 12, 12,  9,    1521738,    1521738,    1521738,    1521738
27,    1402411,     19.0,     19.0,     19.0,     58.0,  9, 10, 11,  9,    1521963,    1521963,    1521963,    1521963
27,    2581539,     55.0,     55.0,     55.0,    160.0,  9, 10, 11,  9,    1521738,    1521738,    1521738,    1521738
27,    3308031,     20.0,     20.0,     20.0,     58.0,  9, 10, 11,  9,    1521966,    1521966,    1521966,    1521966
27,    2581921,     41.0,     41.0,     41.0,    119.0,  9, 10, 11,  9,    1522009,    1522009,    1522009,    1522009
27,    2581924,     55.0,     55.0,     56.0,    161.0, 12, 12, 11,  4,    1521738,    1521738,    1521738,    2581921
27,    2581936,     55.0,     55.0,     55.0,    160.0,  9, 10, 12,  9,    1521738,    1521738,    1521738,    1521738
27,    2581953,     55.0,     55.0,     55.0,    160.0,  9, 10, 11,  9,    1521738,    1521738,    1521738,    1521738
27,    2574122,     55.0,     55.0,     55.0,    160.0,  9, 12, 12,  9,    1521738,    1521738,    1521738,    1521738
27,    2574602,     55.0,     55.0,     55.0,    161.0, 12, 12, 12,  9,    1521738,    1521738,    1521738,    1521738
27,    1402514,     52.0,     52.0,     52.0,    148.0,  4,  5,  6,  4,    1402514,    1402514,    1402514,    1402514
27,    1402579,     19.0,     20.0,     20.0,     59.0, 12, 10, 11,  9,    1522042,    1522042,    1522042,    1522042
27,    2575651,     80.0,     80.0,     80.0,    236.0,  9, 10, 11,  9,    1522072,    1522072,    1522072,    1522072
27,    3297329,     25.0,     25.0,     25.0,     76.0,  9, 10, 11,  9,    1522079,    1522079,    1522079,    1522079
27,    3297022,     19.0,     19.0,     19.0,     58.0,  9, 10, 11,  9,    1522104,    1522104,    1522104,    1522104
27,    2576325,     83.0,     83.0,     83.0,    241.0,  9, 10, 11,  9,    1522072,    1522072,    1522072,    1522072
27,    2577448,     73.0,     73.0,     73.0,    211.0,  9, 10, 11,  9,    1522163,    1522163,    1522163,    1522163
27,    2577458,     71.0,     71.0,     71.0,    203.0,  4,  5,  6,  4,     635023,     635023,     635023,     635023
27,    1402884,     46.0,     46.0,     46.0,    131.0,  4,  5,  6,  4,     635023,     635023,     635023,     635023
27,    1402894,     27.0,     27.0,     27.0,     79.0,  9, 10, 11,  9,    1522230,    1522230,    1522230,    1522230
27,    1402915,     20.0,     20.0,     20.0,     59.0,  9, 10, 11,  9,    1522238,    1522238,    1522238,    1522238
27,     635028,     27.0,     27.0,     27.0,     79.0,  9, 10, 11,  9,    1077912,    1077912,    1077912,    1077912
27,    1402950,     36.0,     36.0,     36.0,    102.0,  4,  5,  6,  4,    1402950,    1402950,    1402950,    1402950
27,    1402966,     24.0,     24.0,     24.0,     69.0,  4,  5,  6,  4,    1402966,    1402966,    1402966,    1402966
27,    3300159,     18.0,     18.0,     18.0,     52.0,  4,  5,  6,  4,    3300159,    3300159,    3300159,    3300159
27,    3300160,     15.0,     15.0,     15.0,     45.0,  4,  5,  6,  4,    3300160,    3300160,    3300160,    3300160
27,    1403206,     73.0,     73.0,     73.0,    210.0,  9, 10, 11,  9,    1522163,    1522163,    1522163,    1522163
27,    1403224,     65.0,     65.0,     65.0,    184.0,  4,  5,  6,  4,     635023,     635023,     635023,    1403224
27,    1403441,      3.0,      3.0,      3.0,    330.0, 10, 11,  9,  5,    1522507,    1522507,    1522507,    1403441
27,    1403446,      3.0,      3.0,      3.0,     56.0, 10, 11,  9,  9,    1522507,    1522507,    1522507,    1522518
27,    1403761,      4.0,      4.0,      4.0,     74.0, 10, 11,  9,  9,    1522507,    1522507,    1522507,    1522659
27,    1403519,      4.0,      4.0,      4.0,    154.0, 10, 11,  9,  4,    1522507,    1522507,    1522507,    1403519
27,    1403591,      4.0,      4.0,      4.0,    103.0, 10, 11,  9,  4,    1522507,    1522507,    1522507,    1403591
27,    1402660,     40.0,     40.0,     40.0,    117.0,  9, 10, 11,  9,    1522119,    1522119,    1522119,    1522119
27,    2519996,     19.0,     19.0,     19.0,     58.0,  9, 10, 11,  9,    2366963,    2366963,    2366963,    2366963
27,    3300116,      4.0,      4.0,      4.0,    117.0, 10, 11,  9,  9,    1522507,    1522507,    1522507,    2694324
27,    3300147,      4.0,      4.0,      4.0,     56.0, 10, 11,  9,  9,    1522507,    1522507,    1522507,    2694427
27,    3307430,     19.0,     19.0,     19.0,     58.0,  9, 10, 11,  9,    1522427,    1522427,    1522427,    1522427
28,    1402966,     24.0,     24.0,     24.0,     69.0,  4,  5,  6,  4,    1402966,    1402966,    1402966,    1402966
28,    1372768,     53.0,     54.0,     54.0,    158.0, 12, 10, 11,  9,    1521738,    1521738,    1521738,    1521738
28,    1402281,     19.0,     19.0,     19.0,     57.0,  9, 10, 11,  9,    1521743,    1521743,    1521743,    1521743
28,    1402401,     40.0,     40.0,     40.0,    117.0,  9, 10, 11,  9,    1521939,    1521939,    1521939,    1521939
28,    2581417,     53.0,     53.0,     53.0,    157.0,  9, 12, 11,  9,    1521738,    1521738,    1521738,    1521738
28,    2581488,     54.0,     54.0,     54.0,    159.0, 12, 12, 12,  9,    1521738,    1521738,    1521738,    1521738
28,    1402411,     19.0,     19.0,     19.0,     58.0,  9, 10, 11,  9,    1521963,    1521963,    1521963,    1521963
28,    2581539,     54.0,     55.0,     55.0,    160.0, 12, 10, 11,  9,    1521738,    1521738,    1521738,    1521738
28,    3308031,     20.0,     20.0,     20.0,     58.0,  9, 10, 11,  9,    1521966,    1521966,    1521966,    1521966
28,    2581921,     41.0,     41.0,     41.0,    119.0,  9, 10, 11,  9,    1522009,    1522009,    1522009,    1522009
28,    2581924,     55.0,     56.0,     56.0,    161.0, 12, 10, 11,  4,    1521738,    1521738,    1521738,    2581921
28,    2581936,     55.0,     55.0,     55.0,    160.0,  9, 12, 12,  9,    1521738,    1521738,    1521738,    1521738
28,    2581953,     54.0,     55.0,     55.0,    160.0, 12, 10, 11,  9,    1521738,    1521738,    1521738,    1521738
28,    2574122,     55.0,     55.0,     55.0,    160.0,  9, 12, 12,  9,    1521738,    1521738,    1521738,    1521738
28,    2574602,     55.0,     55.0,     55.0,    161.0, 12, 12, 12,  9,    1521738,    1521738,    1521738,    1521738
28,    1402514,     52.0,     52.0,     52.0,    148.0,  4,  5,  6,  4,    1402514,    1402514,    1402514,    1402514
28,    1402579,     19.0,     20.0,     20.0,     59.0, 12, 10, 11,  9,    1522042,    1522042,    1522042,    1522042
28,    2575651,     80.0,     80.0,     80.0,    236.0,  9, 10, 11,  9,    1522072,    1522072,    1522072,    1522072
28,    3297329,     25.0,     25.0,     25.0,     76.0,  9, 10, 11,  9,    1522079,    1522079,    1522079,    1522079
28,    3297022,     19.0,     19.0,     19.0,     58.0,  9, 10, 11,  9,    1522104,    1522104,    1522104,    1522104
28,    2576325,     83.0,     83.0,     83.0,    241.0,  9, 10, 11,  9,    1522072,    1522072,    1522072,    1522072
28,    2577448,     73.0,     73.0,     73.0,    211.0,  9, 10, 11,  9,    1522163,    1522163,    1522163,    1522163
28,    2577458,     71.0,     72.0,     71.0,    203.0,  4,  5,  6,  4,     635023,     635023,     635023,     635023
28,    1402884,     46.0,     46.0,     46.0,    131.0,  4,  5,  6,  4,     635023,     635023,     635023,     635023
28,    1402894,     27.0,     27.0,     27.0,     79.0,  9, 10, 11,  9,    1522230,    1522230,    1522230,    1522230
28,    1402915,     20.0,     20.0,     20.0,     59.0,  9, 10, 11,  9,    1522238,    1522238,    1522238,    1522238
28,     635028,     27.0,     27.0,     27.0,     79.0,  9, 10, 11,  9,    1077912,    1077912,    1077912,    1077912
28,    1402950,     36.0,     36.0,     36.0,    102.0,  4,  5,  6,  4,    1402950,    1402950,    1402950,    1402950
28,    1402966,     24.0,     24.0,     24.0,     69.0,  4,  5,  6,  4,    1402966,    1402966,    1402966,    1402966
28,    3300159,     18.0,     18.0,     18.0,     52.0,  4,  5,  6,  4,    3300159,    3300159,    3300159,    3300159
28,    3300160,     15.0,     15.0,     15.0,     44.0,  4,  5,  6,  6,    3300160,    3300160,    3300160,    3300160
28,    1403206,     73.0,     73.0,     73.0,    210.0,  9, 10, 11,  9,    1522163,    1522163,    1522163,    1522163
28,    1403224,     65.0,     65.0,     65.0,    184.0,  4,  5,  6,  4,    1403224,    1403224,     635023,    1403224
28,    1403441,      3.0,      3.0,      3.0,    330.0, 10, 11,  9,  6,    1522507,    1522507,    1522507,    1403441
28,    1403446,      3.0,      3.0,      3.0,     56.0, 10, 11,  9,  9,    1522507,    1522507,    1522507,    1522518
28,    1403761,      4.0,      4.0,      4.0,     74.0, 10, 11,  9,  9,    1522507,    1522507,    1522507,    1522659
28,    1403519,      4.0,      4.0,      4.0,    154.0, 10, 11,  9,  4,    1522507,    1522507,    1522507,    1403519
28,    1403591,      4.0,      4.0,      4.0,    103.0, 10, 11,  9,  4,    1522507,    1522507,    1522507,    1403591
28,    1402660,     40.0,     40.0,     40.0,    117.0,  9, 10, 11,  9,    1522119,    1522119,    1522119,    1522119
28,    2519996,     19.0,     19.0,     19.0,     58.0,  9, 10, 11,  9,    2366963,    2366963,    2366963,    2366963
28,    3300116,      4.0,      4.0,      4.0,    117.0, 10, 11,  9,  9,    1522507,    1522507,    1522507,    2694324
28,    3300147,      4.0,      4.0,      4.0,     56.0, 10, 11,  9,  9,    1522507,    1522507,    1522507,    2694427
28,    3307430,     19.0,     19.0,     19.0,     58.0,  9, 10, 11,  9,    1522427,    1522427,    1522427,    1522427
29,    1402966,     24.0,     24.0,     24.0,     69.0,  4,  5,  6,  4,    1402966,    1402966,    1402966,    1402966
29,    1372768,     53.0,     54.0,     53.0,    158.0, 12, 10, 12,  9,    1521738,    1521738,    1521738,    1521738
29,    1402281,     19.0,     19.0,     19.0,     57.0,  9, 10, 11,  9,    1521743,    1521743,    1521743,    1521743
29,    1402401,     40.0,     40.0,     40.0,    117.0,  9, 10, 11,  9,    1521939,    1521939,    1521939,    1521939
29,    2581417,     53.0,     53.0,     53.0,    157.0,  9, 12, 11,  9,    1521738,    1521738,    1521738,    1521738
29,    2581488,     54.0,     54.0,     54.0,    159.0, 12, 12, 12,  9,    1521738,    1521738,    1521738,    1521738
29,    1402411,     19.0,     19.0,     19.0,     58.0,  9, 10, 11,  9,    1521963,    1521963,    1521963,    1521963
29,    2581539,     54.0,     55.0,     55.0,    160.0, 12, 10, 11,  9,    1521738,    1521738,    1521738,    1521738
29,    3308031,     20.0,     20.0,     20.0,     58.0,  9, 10, 11,  9,    1521966,    1521966,    1521966,    1521966
29,    2581921,     41.0,     41.0,     41.0,    119.0,  9, 10, 11,  9,    1522009,    1522009,    1522009,    1522009
29,    2581924,     55.0,     56.0,     55.0,    161.0, 12, 10, 12,  4,    1521738,    1521738,    1521738,    2581921
29,    2581936,     55.0,     55.0,     55.0,    160.0,  9, 12, 12,  9,    1521738,    1521738,    1521738,    1521738
29,    2581953,     54.0,     55.0,     55.0,    160.0, 12, 10, 11,  9,    1521738,    1521738,    1521738,    1521738
29,    2574122,     55.0,     55.0,     55.0,    160.0,  9, 12, 12,  9,    1521738,    1521738,    1521738,    1521738
29,    2574602,     55.0,     56.0,     55.0,    161.0, 12, 10, 12,  9,    1521738,    1521738,    1521738,    1521738
29,    1402514,     52.0,     52.0,     52.0,    149.0,  4,  5,  6,  4,    1402514,    1402514,    1402514,    1402514
29,    1402579,     19.0,     20.0,     20.0,     59.0, 12, 10, 11,  9,    1522042,    1522042,    1522042,    1522042
29,    2575651,     80.0,     80.0,     80.0,    236.0,  9, 10, 11,  9,    1522072,    1522072,    1522072,    1522072
29,    3297329,     25.0,     25.0,     25.0,     76.0,  9, 10, 11,  9,    1522079,    1522079,    1522079,    1522079
29,    3297022,     19.0,     19.0,     19.0,     58.0,  9, 10, 11,  9,    1522104,    1522104,    1522104,    1522104
29,    2576325,     83.0,     83.0,     83.0,    241.0,  9, 10, 11,  9,    1522072,    1522072,    1522072,    1522072
29,    2577448,     73.0,     73.0,     73.0,    211.0,  9, 10, 11,  9,    1522163,    1522163,    1522163,    1522163
29,    2577458,     72.0,     72.0,     71.0,    203.0,  4,  5,  6,  4,     635023,     635023,     635023,     635023
29,    1402884,     46.0,     46.0,     46.0,    131.0,  4,  5,  6,  4,     635023,     635023,     635023,     635023
29,    1402894,     27.0,     27.0,     27.0,     79.0,  9, 10, 11,  9,    1522230,    1522230,    1522230,    1522230
29,    1402915,     20.0,     20.0,     20.0,     59.0,  9, 10, 11,  9,    1522238,    1522238,    1522238,    1522238
29,     635028,     27.0,     27.0,     27.0,     79.0,  9, 10, 11,  9,    1077912,    1077912,    1077912,    1077912
29,    1402950,     36.0,     36.0,     36.0,    102.0,  4,  5,  6,  6,    1402950,    1402950,    1402950,    1402950
29,    1402966,     24.0,     24.0,     24.0,     69.0,  4,  5,  6,  4,    1402966,    1402966,    1402966,    1402966
29,    3300159,     18.0,     18.0,     18.0,     52.0,  4,  5,  6,  4,    3300159,    3300159,    3300159,    3300159
29,    3300160,     15.0,     15.0,     15.0,     44.0,  4,  5,  6,  6,    3300160,    3300160,    3300160,    3300160
29,    1403206,     73.0,     73.0,     73.0,    210.0,  9, 10, 11,  9,    1522163,    1522163,    1522163,    1522163
29,    1403224,     65.0,     65.0,     65.0,    184.0,  4,  5,  6,  4,    1403224,    1403224,     635023,    1403224
29,    1403441,      3.0,      3.0,      3.0,    330.0, 10, 11,  9,  6,    1522507,    1522507,    1522507,    1403441
29,    1403446,      3.0,      3.0,      3.0,     56.0, 10, 11,  9,  9,    1522507,    1522507,    1522507,    1522518
29,    1403761,      4.0,      4.0,      4.0,     74.0, 10, 11,  9,  9,    1522507,    1522507,    1522507,    1522659
29,    1403519,      4.0,      4.0,      4.0,    154.0, 10, 11,  9,  4,    1522507,    1522507,    1522507,    1403519
29,    1403591,      4.0,      4.0,      4.0,    103.0, 10, 11,  9,  4,    1522507,    1522507,    1522507,    1403591
29,    1402660,     40.0,     40.0,     40.0,    117.0,  9, 10, 11,  9,    1522119,    1522119,    1522119,    1522119
29,    2519996,     19.0,     19.0,     19.0,     58.0,  9, 10, 11,  9,    2366963,    2366963,    2366963,    2366963
29,    3300116,      4.0,      4.0,      4.0,    117.0, 10, 11,  9,  9,    1522507,    1522507,    1522507,    2694324
29,    3300147,      4.0,      4.0,      4.0,     56.0, 10, 11,  9,  9,    1522507,    1522507,    1522507,    2694427
29,    3307430,     19.0,     19.0,     19.0,     58.0,  9, 10, 11,  9,    1522427,    1522427,    1522427,    1522427
30,    1402966,     24.0,     24.0,     24.0,     69.0,  4,  5,  6,  4,    1402966,    1402966,    1402966,    1402966
30,    1372768,     53.0,     53.0,     54.0,    158.0, 12, 12, 11,  9,    1521738,    1521738,    1521738,    1521738
30,    1402281,     19.0,     19.0,     19.0,     57.0,  9, 10, 11,  9,    1521743,    1521743,    1521743,    1521743
30,    1402401,     40.0,     40.0,     40.0,    117.0,  9, 10, 11,  9,    1521939,    1521939,    1521939,    1521939
30,    2581417,     53.0,     53.0,     53.0,    157.0,  9, 12, 12,  9,    1521738,    1521738,    1521738,    1521738
30,    2581488,     54.0,     54.0,     54.0,    159.0, 12, 12, 12,  9,    1521738,    1521738,    1521738,    1521738
30,    1402411,     19.0,     19.0,     19.0,     58.0,  9, 10, 11,  9,    1521963,    1521963,    1521963,    1521963
30,    2581539,     54.0,     55.0,     55.0,    160.0, 12, 10, 11,  9,    1521738,    1521738,    1521738,    1521738
30,    3308031,     20.0,     20.0,     20.0,     58.0,  9, 10, 11,  9,    1521966,    1521966,    1521966,    1521966
30,    2581921,     41.0,     41.0,     41.0,    119.0,  9, 10, 11,  9,    1522009,    1522009,    1522009,    1522009
30,    2581924,     55.0,     55.0,     56.0,    161.0, 12, 12, 11,  4,    1521738,    1521738,    1521738,    2581921
30,    2581936,     55.0,     55.0,     55.0,    160.0,  9, 12, 12,  9,    1521738,    1521738,    1521738,    1521738
30,    2581953,     54.0,     55.0,     55.0,    160.0, 12, 10, 11,  9,    1521738,    1521738,    1521738,    1521738
30,    2574122,     55.0,     55.0,     55.0,    160.0,  9, 12, 12,  9,    1521738,    1521738,    1521738,    1521738
30,    2574602,     55.0,     55.0,     55.0,    161.0, 12, 12, 12,  9,    1521738,    1521738,    1521738,    1521738
30,    1402514,     52.0,     52.0,     52.0,    149.0,  4,  5,  6,  4,    1402514,    1402514,    1402514,    1402514
30,    1402579,     19.0,     20.0,     20.0,     59.0, 12, 10, 11,  9,    1522042,    1522042,    1522042,    1522042
30,    2575651,     80.0,     80.0,     80.0,    236.0,  9, 10, 11,  9,    1522072,    1522072,    1522072,    1522072
30,    3297329,     25.0,     25.0,     25.0,     76.0,  9, 10, 11,  9,    1522079,    1522079,    1522079,    1522079
30,    3297022,     19.0,     19.0,     19.0,     58.0,  9, 10, 11,  9,    1522104,    1522104,    1522104,    1522104
30,    2576325,     83.0,     83.0,     83.0,    241.0,  9, 10, 11,  9,    1522072,    1522072,    1522072,    1522072
30,    2577448,     73.0,     73.0,     73.0,    211.0,  9, 10, 11,  9,    1522163,    1522163,    1522163,    1522163
30,    2577458,     72.0,     72.0,     71.0,    203.0,  4,  5,  6,  4,     635023,     635023,     635023,     635023
30,    1402884,     46.0,     46.0,     46.0,    131.0,  4,  5,  6,  4,     635023,     635023,     635023,     635023
30,    1402894,     27.0,     27.0,     27.0,     79.0,  9, 10, 11,  9,    1522230,    1522230,    1522230,    1522230
30,    1402915,     20.0,     20.0,     20.0,     59.0,  9, 10, 11,  9,    1522238,    1522238,    1522238,    1522238
30,     635028,     27.0,     27.0,     27.0,     79.0,  9, 10, 11,  9,    1077912,    1077912,    1077912,    1077912
30,    1402950,     36.0,     36.0,     36.0,    102.0,  4,  5,  6,  6,    1402950,    1402950,    1402950,    1402950
30,    1402966,     24.0,     24.0,     24.0,     69.0,  4,  5,  6,  4,    1402966,    1402966,    1402966,    1402966
30,    3300159,     18.0,     18.0,     18.0,     52.0,  4,  5,  6,  4,    3300159,    3300159,    3300159,    3300159
30,    3300160,     15.0,     15.0,     15.0,     45.0,  4,  5,  6,  4,    3300160,    3300160,    3300160,    3300160
30,    1403206,     73.0,     73.0,     73.0,    210.0,  9, 10, 11,  9,    1522163,    1522163,    1522163,    1522163
30,    1403224,     65.0,     65.0,     65.0,    184.0,  4,  5,  6,  4,    1403224,    1403224,     635023,    1403224
30,    1403441,      3.0,      3.0,      3.0,    331.0, 10, 11,  9,  4,    1522507,    1522507,    1522507,    1403441
30,    1403446,      3.0,      3.0,      3.0,     56.0, 10, 11,  9,  9,    1522507,    1522507,    1522507,    1522518
30,    1403761,      4.0,      4.0,      4.0,     74.0, 10, 11,  9,  9,    1522507,    1522507,    1522507,    1522659
30,    1403519,      4.0,      4.0,      4.0,    154.0, 10, 11,  9,  4,    1522507,    1522507,    1522507,    1403519
30,    1403591,      4.0,      4.0,      4.0,    103.0, 10, 11,  9,  4,    1522507,    1522507,    1522507,    1403591
30,    1402660,     40.0,     40.0,     40.0,    117.0,  9, 10, 11,  9,    1522119,    1522119,    1522119,    1522119
30,    2519996,     19.0,     19.0,     19.0,     58.0,  9, 10, 11,  9,    2366963,    2366963,    2366963,    2366963
30,    3300116,      4.0,      4.0,      4.0,    117.0, 10, 11,  9,  9,    1522507,    1522507,    1522507,    2694324
30,    3300147,      4.0,      4.0,      4.0,     56.0, 10, 11,  9,  9,    1522507,    1522507,    1522507,    2694427
30,    3307430,     19.0,     19.0,     19.0,     58.0,  9, 10, 11,  9,    1522427,    1522427,    1522427,    1522427
31,    1402966,     24.0,     24.0,     24.0,     69.0,  4,  5,  6,  4,    1402966,    1402966,    1402966,    1402966
31,    1372768,     53.0,     54.0,     53.0,    158.0, 12, 10, 12,  9,    1521738,    1521738,    1521738,    1521738
31,    1402281,     19.0,     19.0,     19.0,     57.0,  9, 10, 11,  9,    1521743,    1521743,    1521743,    1521743
31,    1402401,     40.0,     40.0,     40.0,    117.0,  9, 10, 11,  9,    1521939,    1521939,    1521939,    1521939
31,    2581417,     52.0,     53.0,     53.0,    157.0, 12, 12, 12,  9,    1521738,    1521738,    1521738,    1521738
31,    2581488,     54.0,     55.0,     54.0,    159.0, 12, 10, 12,  9,    1521738,    1521738,    1521738,    1521738
31,    1402411,     19.0,     19.0,     19.0,     58.0,  9, 10, 11,  9,    1521963,    1521963,    1521963,    1521963
31,    2581539,     54.0,     55.0,     55.0,    160.0, 12, 12, 11,  9,    1521738,    1521738,    1521738,    1521738
31,    3308031,     20.0,     20.0,     20.0,     58.0,  9, 10, 11,  9,    1521966,    1521966,    1521966,    1521966
31,    2581921,     41.0,     41.0,     41.0,    119.0,  9, 10, 11,  9,    1522009,    1522009,    1522009,    1522009
31,    2581924,     55.0,     56.0,     55.0,    161.0, 12, 10, 12,  9,    1521738,    1521738,    1521738,    1521738
31,    2581936,     54.0,     55.0,     55.0,    160.0, 12, 12, 12,  9,    1521738,    1521738,    1521738,    1521738
31,    2581953,     54.0,     55.0,     55.0,    160.0, 12, 12, 11,  9,    1521738,    1521738,    1521738,    1521738
31,    2574122,     54.0,     55.0,     55.0,    160.0, 12, 12, 12,  9,    1521738,    1521738,    1521738,    1521738
31,    2574602,     55.0,     56.0,     55.0,    161.0, 12, 10, 12,  9,    1521738,    1521738,    1521738,    1521738
31,    1402514,     52.0,     53.0,     52.0,    149.0,  4,  5,  6,  4,    1402514,    1402514,    1402514,    1402514
31,    1402579,     19.0,     20.0,     20.0,     59.0, 12, 10, 11,  9,    1522042,    1522042,    1522042,    1522042
31,    2575651,     80.0,     80.0,     80.0,    236.0,  9, 10, 11,  9,    1522072,    1522072,    1522072,    1522072
31,    3297329,     25.0,     25.0,     25.0,     76.0,  9, 10, 11,  9,    1522079,    1522079,    1522079,    1522079
31,    3297022,     19.0,     19.0,     19.0,     58.0,  9, 10, 11,  9,    1522104,    1522104,    1522104,    1522104
31,    2576325,     83.0,     83.0,     83.0,    241.0,  9, 10, 11,  9,    1522072,    1522072,    1522072,    1522072
31,    2577448,     73.0,     73.0,     73.0,    211.0,  9, 10, 11,  9,    1522163,    1522163,    1522163,    1522163
31,    2577458,     72.0,     72.0,     71.0,    203.0,  4,  5,  6,  4,     635023,     635023,     635023,     635023
31,    1402884,     46.0,     46.0,     46.0,    131.0,  4,  5,  6,  4,     635023,     635023,     635023,     635023
31,    1402894,     27.0,     27.0,     27.0,     79.0,  9, 10, 11,  9,    1522230,    1522230,    1522230,    1522230
31,    1402915,     20.0,     20.0,     20.0,     59.0,  9, 10, 11,  9,    1522238,    1522238,    1522238,    1522238
31,     635028,     27.0,     27.0,     27.0,     79.0,  9, 10, 11,  9,    1077912,    1077912,    1077912,    1077912
31,    1402950,     36.0,     36.0,     36.0,    102.0,  4,  5,  6,  6,    1402950,    1402950,    1402950,    1402950
31,    1402966,     24.0,     24.0,     24.0,     69.0,  4,  5,  6,  4,    1402966,    1402966,    1402966,    1402966
31,    3300159,     18.0,     18.0,     18.0,     52.0,  4,  5,  6,  4,    3300159,    3300159,    3300159,    3300159
31,    3300160,     15.0,     15.0,     15.0,     45.0,  4,  5,  6,  4,    3300160,    3300160,    3300160,    3300160
31,    1403206,     73.0,     73.0,     73.0,    210.0,  9, 10, 11,  9,    1522163,    1522163,    1522163,    1522163
31,    1403224,     65.0,     65.0,     65.0,    184.0,  4,  5,  6,  4,    1403224,    1403224,     635023,    1403224
31,    1403441,      3.0,      3.0,      3.0,    331.0, 10, 11,  9,  4,    1522507,    1522507,    1522507,    1403441
31,    1403446,      3.0,      3.0,      3.0,     56.0, 10, 11,  9,  9,    1522507,    1522507,    1522507,    1522518
31,    1403761,      4.0,      4.0,      4.0,     74.0, 10, 11,  9,  9,    1522507,    1522507,    1522507,    1522659
31,    1403519,      4.0,      4.0,      4.0,    154.0, 10, 11,  9,  4,    1522507,    1522507,    1522507,    1403519
31,    1403591,      4.0,      4.0,      4.0,    103.0, 10, 11,  9,  4,    1522507,    1522507,    1522507,    1403591
31,    1402660,     40.0,     40.0,     40.0,    117.0,  9, 10, 11,  9,    1522119,    1522119,    1522119,    1522119
31,    2519996,     19.0,     19.0,     19.0,     58.0,  9, 10, 11,  9,    2366963,    2366963,    2366963,    2366963
31,    3300116,      4.0,      4.0,      4.0,    117.0, 10, 11,  9,  9,    1522507,    1522507,    1522507,    2694324
31,    3300147,      4.0,      4.0,      4.0,     56.0, 10, 11,  9,  9,    1522507,    1522507,    1522507,    2694427
31,    3307430,     19.0,     19.0,     19.0,     58.0,  9, 10, 11,  9,    1522427,    1522427,    1522427,    1522427
32,    1402966,     24.0,     24.0,     24.0,     69.0,  4,  5,  6,  4,    1402966,    1402966,    1402966,    1402966
32,    1372768,     53.0,     54.0,     53.0,    158.0, 12, 10, 12,  9,    1521738,    1521738,    1521738,    1521738
32,    1402281,     19.0,     19.0,     19.0,     57.0,  9, 10, 11,  9,    1521743,    1521743,    1521743,    1521743
32,    1402401,     40.0,     40.0,     40.0,    117.0,  9, 10, 11,  9,    1521939,    1521939,    1521939,    1521939
32,    2581417,     53.0,     53.0,     53.0,    157.0,  9, 12, 11,  9,    1521738,    1521738,    1521738,    1521738
32,    2581488,     54.0,     54.0,     54.0,    159.0, 12, 12, 12,  9,    1521738,    1521738,    1521738,    1521738
32,    1402411,     19.0,     19.0,     19.0,     58.0,  9, 10, 11,  9,    1521963,    1521963,    1521963,    1521963
32,    2581539,     54.0,     55.0,     55.0,    160.0, 12, 12, 11,  9,    1521738,    1521738,    1521738,    1521738
32,    3308031,     20.0,     20.0,     20.0,     58.0,  9, 10, 11,  9,    1521966,    1521966,    1521966,    1521966
32,    2581921,     41.0,     41.0,     41.0,    119.0,  9, 10, 11,  9,    1522009,    1522009,    1522009,    1522009
32,    2581924,     55.0,     56.0,     55.0,    161.0, 12, 10, 12,  4,    1521738,    1521738,    1521738,    2581921
32,    2581936,     55.0,     55.0,     55.0,    160.0,  9, 12, 12,  9,    1521738,    1521738,    1521738,    1521738
32,    2581953,     54.0,     55.0,     55.0,    160.0, 12, 12, 11,  9,    1521738,    1521738,    1521738,    1521738
32,    2574122,     55.0,     55.0,     55.0,    160.0,  9, 12, 12,  9,    1521738,    1521738,    1521738,    1521738
32,    2574602,     55.0,     56.0,     55.0,    160.0, 12, 10, 12,  9,    1521738,    1521738,    1521738,    1521738
32,    1402514,     52.0,     53.0,     52.0,    148.0,  4,  5,  6,  4,    1402514,    1402514,    1402514,    1402514
32,    1402579,     19.0,     20.0,     20.0,     58.0, 12, 10, 11,  9,    1522042,    1522042,    1522042,    1522042
32,    2575651,     80.0,     80.0,     80.0,    236.0,  9, 10, 11,  9,    1522072,    1522072,    1522072,    1522072
32,    3297329,     25.0,     25.0,     25.0,     76.0,  9, 10, 11,  9,    1522079,    1522079,    1522079,    1522079
32,    3297022,     19.0,     19.0,     19.0,     58.0,  9, 10, 11,  9,    1522104,    1522104,    1522104,    1522104
32,    2576325,     83.0,     83.0,     83.0,    241.0,  9, 10, 11,  9,    1522072,    1522072,    1522072,    1522072
32,    2577448,     73.0,     73.0,     73.0,    211.0,  9, 10, 11,  9,    1522163,    1522163,    1522163,    1522163
32,    2577458,     71.0,     71.0,     71.0,    203.0,  4,  5,  6,  4,     635023,     635023,     635023,     635023
32,    1402884,     46.0,     46.0,     46.0,    131.0,  4,  5,  6,  4,     635023,     635023,     635023,     635023
32,    1402894,     27.0,     27.0,     27.0,     79.0,  9, 10, 11,  9,    1522230,    1522230,    1522230,    1522230
32,    1402915,     20.0,     20.0,     20.0,     59.0,  9, 10, 11,  9,    1522238,    1522238,    1522238,    1522238
32,     635028,     27.0,     27.0,     27.0,     79.0,  9, 10, 11,  9,    1077912,    1077912,    1077912,    1077912
32,    1402950,     36.0,     36.0,     36.0,    102.0,  4,  5,  6,  4,    1402950,    1402950,    1402950,    1402950
32,    1402966,     24.0,     24.0,     24.0,     69.0,  4,  5,  6,  4,    1402966,    1402966,    1402966,    1402966
32,    3300159,     18.0,     18.0,     18.0,     52.0,  4,  5,  6,  4,    3300159,    3300159,    3300159,    3300159
32,    3300160,     15.0,     15.0,     15.0,     44.0,  4,  5,  6,  4,    3300160,    3300160,    3300160,    3300160
32,    1403206,     73.0,     73.0,     73.0,    210.0,  9, 10, 11,  9,    1522163,    1522163,    1522163,    1522163
32,    1403224,     65.0,     65.0,     65.0,    184.0,  4,  5,  6,  4,     635023,     635023,     635023,    1403224
32,    1403441,      3.0,      3.0,      3.0,    330.0, 10, 11,  9,  4,    1522507,    1522507,    1522507,    1403441
32,    1403446,      3.0,      3.0,      3.0,     56.0, 10, 11,  9,  9,    1522507,    1522507,    1522507,    1522518
32,    1403761,      4.0,      4.0,      4.0,     74.0, 10, 11,  9,  9,    1522507,    1522507,    1522507,    1522659
32,    1403519,      4.0,      4.0,      4.0,    154.0, 10, 11,  9,  4,    1522507,    1522507,    1522507,    1403519
32,    1403591,      4.0,      4.0,      4.0,    103.0, 10, 11,  9,  4,    1522507,    1522507,    1522507,    1403591
32,    1402660,     40.0,     40.0,     40.0,    117.0,  9, 10, 11,  9,    1522119,    1522119,    1522119,    1522119
32,    2519996,     19.0,     19.0,     19.0,     58.0,  9, 10, 11,  9,    2366963,    2366963,    2366963,    2366963
32,    3300116,      4.0,      4.0,      4.0,    117.0, 10, 11,  9,  9,    1522507,    1522507,    1522507,    2694324
32,    3300147,      4.0,      4.0,      4.0,     56.0, 10, 11,  9,  9,    1522507,    1522507,    1522507,    2694427
32,    3307430,     19.0,     19.0,     19.0,     58.0,  9, 10, 11,  9,    1522427,    1522427,    1522427,    1522427
33,    1402966,     24.0,     24.0,     24.0,     69.0,  4,  5,  6,  4,    1402966,    1402966,    1402966,    1402966
33,    1372768,     52.0,     54.0,     53.0,    158.0, 12, 12, 12,  9,    1521738,    1521738,    1521738,    1521738
33,    1402281,     19.0,     19.0,     19.0,     57.0,  9, 10, 11,  9,    1521743,    1521743,    1521743,    1521743
33,    1402401,     40.0,     40.0,     40.0,    117.0,  9, 10, 11,  9,    1521939,    1521939,    1521939,    1521939
33,    2581417,     52.0,     54.0,     53.0,    157.0, 12, 10, 12,  9,    1521738,    1521738,    1521738,    1521738
33,    2581488,     53.0,     55.0,     54.0,    159.0, 12, 10, 12,  9,    1521738,    1521738,    1521738,    1521738
33,    1402411,     19.0,     19.0,     19.0,     57.0,  9, 10, 11, 10,    1521963,    1521963,    1521963,    1521963
33,    2581539,     54.0,     56.0,     55.0,    160.0, 12, 10, 11,  9,    1521738,    1521738,    1521738,    1521738
33,    3308031,     20.0,     20.0,     20.0,     58.0,  9, 10, 11,  9,    1521966,    1521966,    1521966,    1521966
33,    2581921,     41.0,     41.0,     41.0,    119.0,  9, 10, 11,  9,    1522009,    1522009,    1522009,    1522009
33,    2581924,     54.0,     56.0,     55.0,    161.0, 12, 12, 12,  6,    1521738,    1521738,    1521738,    2581921
33,    2581936,     54.0,     56.0,     55.0,    160.0, 12, 10, 12,  9,    1521738,    1521738,    1521738,    1521738
33,    2581953,     54.0,     56.0,     55.0,    160.0, 12, 10, 11,  9,    1521738,    1521738,    1521738,    1521738
33,    2574122,     54.0,     56.0,     55.0,    161.0, 12, 10, 12,  9,    1521738,    1521738,    1521738,    1521738
33,    2574602,     54.0,     56.0,     55.0,    161.0, 12, 12, 12,  9,    1521738,    1521738,    1521738,    1521738
33,    1402514,     52.0,     53.0,     52.0,    149.0,  4,  5,  6,  4,    1402514,    1402514,    1402514,    1402514
33,    1402579,     19.0,     20.0,     20.0,     59.0, 12, 10, 11,  9,    1522042,    1522042,    1522042,    1522042
33,    2575651,     80.0,     80.0,     80.0,    236.0,  9, 10, 11,  9,    1522072,    1522072,    1522072,    1522072
33,    3297329,     25.0,     25.0,     25.0,     76.0,  9, 10, 11,  9,    1522079,    1522079,    1522079,    1522079
33,    3297022,     19.0,     19.0,     19.0,     58.0,  9, 10, 11,  9,    1522104,    1522104,    1522104,    1522104
33,    2576325,     83.0,     83.0,     83.0,    241.0,  9, 10, 11,  9,    1522072,    1522072,    1522072,    1522072
33,    2577448,     73.0,     73.0,     73.0,    211.0,  9, 10, 11,  9,    1522163,    1522163,    1522163,    1522163
33,    2577458,     72.0,     72.0,     71.0,    203.0,  4,  5,  6,  4,     635023,     635023,     635023,     635023
33,    1402884,     46.0,     46.0,     46.0,    131.0,  4,  5,  6,  4,     635023,     635023,     635023,     635023
33,    1402894,     27.0,     27.0,     27.0,     79.0,  9, 10, 11,  9,    1522230,    1522230,    1522230,    1522230
33,    1402915,     20.0,     20.0,     20.0,     59.0,  9, 10, 11,  9,    1522238,    1522238,    1522238,    1522238
33,     635028,     27.0,     27.0,     27.0,     79.0,  9, 10, 11,  9,    1077912,    1077912,    1077912,    1077912
33,    1402950,     36.0,     36.0,     36.0,    102.0,  4,  5,  6,  6,    1402950,    1402950,    1402950,    1402950
33,    1402966,     24.0,     24.0,     24.0,     69.0,  4,  5,  6,  4,    1402966,    1402966,    1402966,    1402966
33,    3300159,     18.0,     18.0,     18.0,     52.0,  4,  5,  6,  4,    3300159,    3300159,    3300159,    3300159
33,    3300160,     15.0,     15.0,     15.0,     44.0,  4,  5,  6,  6,    3300160,    3300160,    3300160,    3300160
33,    1403206,     73.0,     73.0,     73.0,    210.0,  9, 10, 11,  9,    1522163,    1522163,    1522163,    1522163
33,    1403224,     65.0,     65.0,     65.0,    184.0,  4,  5,  6,  4,    1403224,    1403224,     635023,    1403224
33,    1403441,      3.0,      3.0,      3.0,    330.0, 10, 11,  9,  6,    1522507,    1522507,    1522507,    1403441
33,    1403446,      3.0,      3.0,      3.0,     56.0, 10, 11,  9,  9,    1522507,    1522507,    1522507,    1522518
33,    1403761,      4.0,      4.0,      4.0,     74.0, 10, 11,  9,  9,    1522507,    1522507,    1522507,    1522659
33,    1403519,      4.0,      4.0,      4.0,    154.0, 10, 11,  9,  4,    1522507,    1522507,    1522507,    1403519
33,    1403591,      4.0,      4.0,      4.0,    103.0, 10, 11,  9,  4,    1522507,    1522507,    1522507,    1403591
33,    1402660,     40.0,     40.0,     40.0,    117.0,  9, 10, 11,  9,    1522119,    1522119,    1522119,    1522119
33,    2519996,     19.0,     19.0,     19.0,     58.0,  9, 10, 11,  9,    2366963,    2366963,    2366963,    2366963
33,    3300116,      4.0,      4.0,      4.0,    117.0, 10, 11,  9,  9,    1522507,    1522507,    1522507,    2694324
33,    3300147,      4.0,      4.0,      4.0,     56.0, 10, 11,  9,  9,    1522507,    1522507,    1522507,    2694427
33,    3307430,     19.0,     19.0,     19.0,     58.0,  9, 10, 11,  9,    1522427,    1522427,    1522427,    1522427
34,    1402966,     24.0,     24.0,     24.0,     69.0,  4,  5,  6,  4,    1402966,    1402966,    1402966,    1402966
34,    1372768,     52.0,     56.0,     52.0,    158.0, 12, 10, 12,  9,    1521738,    1488192,    1521738,    1521738
34,    1402281,     19.0,     19.0,     19.0,     57.0,  9, 10, 11,  9,    1521743,    1521743,    1521743,    1521743
34,    1402401,     40.0,     39.0,     40.0,    116.0,  9, 10, 11, 10,    1521939,    1521939,    1521939,    1521939
34,    2581417,     51.0,     55.0,     52.0,    157.0, 12, 10, 12,  9,    1521738,    1521738,    1521738,    1521738
34,    2581488,     53.0,     56.0,     53.0,    159.0, 12, 12, 12,  9,    1521738,    1521738,    1521738,    1521738
34,    1402411,     19.0,     19.0,     19.0,     57.0,  9, 10, 11, 10,    1521963,    1521963,    1521963,    1521963
34,    2581539,     53.0,     57.0,     54.0,    160.0, 12, 10, 12,  9,    1521738,    1521738,    1521738,    1521738
34,    3308031,     20.0,     20.0,     20.0,     58.0,  9, 10, 11,  9,    1521966,    1521966,    1521966,    1521966
34,    2581921,     41.0,     41.0,     41.0,    119.0,  9, 10, 11,  9,    1522009,    1522009,    1522009,    1522009
34,    2581924,     54.0,     58.0,     54.0,    161.0, 12, 10, 12,  6,    1521738,    1521738,    1521738,    2581921
34,    2581936,     53.0,     57.0,     54.0,    160.0, 12, 12, 12,  9,    1521738,    1521738,    1521738,    1521738
34,    2581953,     53.0,     57.0,     54.0,    160.0, 12, 10, 12,  9,    1521738,    1521738,    1521738,    1521738
34,    2574122,     53.0,     57.0,     54.0,    161.0, 12, 12, 12,  9,    1521738,    1521738,    1521738,    1521738
34,    2574602,     54.0,     58.0,     54.0,    161.0, 12, 10, 12,  9,    1521738,    1521738,    1521738,    1521738
34,    1402514,     52.0,     54.0,     52.0,    149.0,  4,  5,  6,  4,    1402514,    1402514,    1402514,    1402514
34,    1402579,     19.0,     20.0,     20.0,     59.0, 12, 10, 11,  9,    1522042,    1522042,    1522042,    1522042
34,    2575651,     80.0,     80.0,     80.0,    236.0,  9, 10, 11,  9,    1522072,    1522072,    1522072,    1522072
34,    3297329,     25.0,     25.0,     25.0,     76.0,  9, 10, 11,  9,    1522079,    1522079,    1522079,    1522079
34,    3297022,     19.0,     19.0,     19.0,     58.0,  9, 10, 11,  9,    1522104,    1522104,    1522104,    1522104
34,    2576325,     83.0,     83.0,     83.0,    241.0,  9, 10, 11,  9,    1522072,    1522072,    1522072,    1522072
34,    2577448,     73.0,     73.0,     73.0,    211.0,  9, 10, 11,  9,    1522163,    1522163,    1522163,    1522163
34,    2577458,     72.0,     72.0,     71.0,    203.0,  4,  5,  6,  4,     635023,     635023,     635023,     635023
34,    1402884,     46.0,     46.0,     46.0,    131.0,  4,  5,  6,  4,     635023,     635023,     635023,     635023
34,    1402894,     27.0,     27.0,     27.0,     79.0,  9, 10, 11,  9,    1522230,    1522230,    1522230,    1522230
34,    1402915,     20.0,     20.0,     20.0,     59.0,  9, 10, 11,  9,    1522238,    1522238,    1522238,    1522238
34,     635028,     27.0,     27.0,     27.0,     79.0,  9, 10, 11,  9,    1077912,    1077912,    1077912,    1077912
34,    1402950,     36.0,     36.0,     36.0,    102.0,  4,  5,  6,  6,    1402950,    1402950,    1402950,    1402950
34,    1402966,     24.0,     24.0,     24.0,     69.0,  4,  5,  6,  4,    1402966,    1402966,    1402966,    1402966
34,    3300159,     18.0,     18.0,     18.0,     52.0,  4,  5,  6,  4,    3300159,    3300159,    3300159,    3300159
34,    3300160,     15.0,     15.0,     15.0,     44.0,  4,  5,  6,  6,    3300160,    3300160,    3300160,    3300160
34,    1403206,     73.0,     73.0,     73.0,    210.0,  9, 10, 11,  9,    1522163,    1522163,    1522163,    1522163
34,    1403224,     65.0,     65.0,     65.0,    184.0,  4,  5,  6,  4,    1403224,    1403224,     635023,    1403224
34,    1403441,      3.0,      3.0,      3.0,    330.0, 10, 11,  9,  6,    1522507,    1522507,    1522507,    1403441
34,    1403446,      3.0,      3.0,      3.0,     56.0, 10, 11,  9,  9,    1522507,    1522507,    1522507,    1522518
34,    1403761,      4.0,      4.0,      4.0,     74.0, 10, 11,  9,  9,    1522507,    1522507,    1522507,    1522659
34,    1403519,      4.0,      4.0,      4.0,    154.0, 10, 11,  9,  4,    1522507,    1522507,    1522507,    1403519
34,    1403591,      4.0,      4.0,      4.0,    103.0, 10, 11,  9,  4,    1522507,    1522507,    1522507,    1403591
34,    1402660,     40.0,     40.0,     40.0,    117.0,  9, 10, 11,  9,    1522119,    1522119,    1522119,    1522119
34,    2519996,     19.0,     19.0,     19.0,     58.0,  9, 10, 11,  9,    2366963,    2366963,    2366963,    2366963
34,    3300116,      4.0,      4.0,      4.0,    117.0, 10, 11,  9,  9,    1522507,    1522507,    1522507,    2694324
34,    3300147,      4.0,      4.0,      4.0,     56.0, 10, 11,  9,  9,    1522507,    1522507,    1522507,    2694427
34,    3307430,     19.0,     19.0,     19.0,     58.0,  9, 10, 11,  9,    1522427,    1522427,    1522427,    1522427
35,    1402966,     24.0,     24.0,     24.0,     69.0,  4,  5,  6,  4,    1402966,    1402966,    1402966,    1402966
35,    1372768,     52.0,     56.0,     52.0,    158.0, 12, 10, 12,  9,    1521738,    1488192,    1521738,    1521738
35,    1402281,     19.0,     19.0,     19.0,     57.0,  9, 10, 11,  9,    1521743,    1521743,    1521743,    1521743
35,    1402401,     40.0,     39.0,     40.0,    116.0,  9, 10, 11, 10,    1521939,    1521939,    1521939,    1521939
35,    2581417,     51.0,     56.0,     52.0,    157.0, 12, 10, 12,  9,    1521738,    1521738,    1521738,    1521738
35,    2581488,     52.0,     57.0,     53.0,    159.0, 12, 10, 12,  9,    1521738,    1521738,    1521738,    1521738
35,    1402411,     19.0,     19.0,     19.0,     57.0,  9, 10, 11, 10,    1521963,    1521963,    1521963,    1521963
35,    2581539,     53.0,     58.0,     53.0,    160.0, 12, 10, 12,  9,    1521738,    1521738,    1521738,    1521738
35,    3308031,     20.0,     20.0,     20.0,     58.0,  9, 10, 11,  9,    1521966,    1521966,    1521966,    1521966
35,    2581921,     40.0,     42.0,     41.0,    119.0, 12, 10, 11,  9,    1522009,    1522009,    1522009,    1522009
35,    2581924,     53.0,     58.0,     54.0,    161.0, 12, 12, 12,  6,    1521738,    1521738,    1521738,    2581921
35,    2581936,     53.0,     58.0,     54.0,    160.0, 12, 10, 12,  9,    1521738,    1521738,    1521738,    1521738
35,    2581953,     53.0,     58.0,     54.0,    160.0, 12, 10, 12,  9,    1521738,    1521738,    1521738,    1521738
35,    2574122,     53.0,     58.0,     54.0,    161.0, 12, 10, 12,  9,    1521738,    1521738,    1521738,    1521738
35,    2574602,     53.0,     58.0,     54.0,    161.0, 12, 10, 12,  9,    1521738,    1521738,    1521738,    1521738
35,    1402514,     52.0,     55.0,     52.0,    149.0,  4,  5,  6,  4,    1402514,    1402514,    1402514,    1402514
35,    1402579,     19.0,     21.0,     19.0,     59.0, 12, 10, 12,  9,    1522042,    1522042,    1522042,    1522042
35,    2575651,     80.0,     80.0,     80.0,    236.0,  9, 10, 11,  9,    1522072,    1522072,    1522072,    1522072
35,    3297329,     25.0,     25.0,     25.0,     76.0,  9, 10, 11,  9,    1522079,    1522079,    1522079,    1522079
35,    3297022,     19.0,     19.0,     19.0,     58.0,  9, 10, 11,  9,    1522104,    1522104,    1522104,    1522104
35,    2576325,     83.0,     83.0,     83.0,    241.0,  9, 10, 11,  9,    1522072,    1522072,    1522072,    1522072
35,    2577448,     73.0,     73.0,     73.0,    211.0,  9, 10, 11,  9,    1522163,    1522163,    1522163,    1522163
35,    2577458,     72.0,     72.0,     71.0,    203.0,  4,  5,  6,  4,     635023,     635023,     635023,     635023
35,    1402884,     46.0,     46.0,     46.0,    131.0,  4,  5,  6,  4,     635023,     635023,     635023,     635023
35,    1402894,     27.0,     27.0,     27.0,     79.0,  9, 10, 11,  9,    1522230,    1522230,    1522230,    1522230
35,    1402915,     20.0,     20.0,     20.0,     59.0,  9, 10, 11,  9,    1522238,    1522238,    1522238,    1522238
35,     635028,     27.0,     27.0,     27.0,     79.0,  9, 10, 11,  9,    1077912,    1077912,    1077912,    1077912
35,    1402950,     36.0,     36.0,     36.0,    102.0,  4,  5,  6,  4,    1402950,    1402950,    1402950,    1402950
35,    1402966,     24.0,     24.0,     24.0,     69.0,  4,  5,  6,  4,    1402966,    1402966,    1402966,    1402966
35,    3300159,     18.0,     18.0,     18.0,     52.0,  4,  5,  6,  4,    3300159,    3300159,    3300159,    3300159
35,    3300160,     15.0,     15.0,     15.0,     45.0,  4,  5,  6,  4,    3300160,    3300160,    3300160,    3300160
35,    1403206,     73.0,     73.0,     73.0,    210.0,  9, 10, 11,  9,    1522163,    1522163,    1522163,    1522163
35,    1403224,     65.0,     65.0,     65.0,    184.0,  4,  5,  6,  4,    1403224,    1403224,     635023,    1403224
35,    1403441,      3.0,      3.0,      3.0,    330.0, 10, 11,  9,  6,    1522507,    1522507,    1522507,    1403441
35,    1403446,      3.0,      3.0,      3.0,     56.0, 10, 11,  9,  9,    1522507,    1522507,    1522507,    1522518
35,    1403761,      4.0,      4.0,      4.0,     74.0, 10, 11,  9,  9,    1522507,    1522507,    1522507,    1522659
35,    1403519,      4.0,      4.0,      4.0,    154.0, 10, 11,  9,  4,    1522507,    1522507,    1522507,    1403519
35,    1403591,      4.0,      4.0,      4.0,    103.0, 10, 11,  9,  4,    1522507,    1522507,    1522507,    1403591
35,    1402660,     40.0,     40.0,     40.0,    117.0,  9, 10, 11,  9,    1522119,    1522119,    1522119,    1522119
35,    2519996,     19.0,     19.0,     19.0,     58.0,  9, 10, 11,  9,    2366963,    2366963,    2366963,    2366963
35,    3300116,      4.0,      4.0,      4.0,    117.0, 10, 11,  9,  9,    1522507,    1522507,    1522507,    2694324
35,    3300147,      4.0,      4.0,      4.0,     56.0, 10, 11,  9,  9,    1522507,    1522507,    1522507,    2694427
35,    3307430,     19.0,     19.0,     19.0,     58.0,  9, 10, 11,  9,    1522427,    1522427,    1522427,    1522427
36,    1402966,     24.0,     24.0,     24.0,     69.0,  4,  5,  6,  4,    1402966,    1402966,    1402966,    1402966
36,    1372768,     53.0,     54.0,     53.0,    158.0, 12, 10, 12,  9,    1521738,    1521738,    1521738,    1521738
36,    1402281,     19.0,     19.0,     19.0,     57.0,  9, 10, 11,  9,    1521743,    1521743,    1521743,    1521743
36,    1402401,     40.0,     40.0,     40.0,    117.0,  9, 10, 11,  9,    1521939,    1521939,    1521939,    1521939
36,    2581417,     53.0,     53.0,     53.0,    157.0,  9, 12, 12,  9,    1521738,    1521738,    1521738,    1521738
36,    2581488,     54.0,     54.0,     54.0,    159.0, 12, 12, 12,  9,    1521738,    1521738,    1521738,    1521738
36,    1402411,     19.0,     19.0,     19.0,     58.0,  9, 10, 11,  9,    1521963,    1521963,    1521963,    1521963
36,    2581539,     54.0,     55.0,     55.0,    160.0, 12, 12, 11,  9,    1521738,    1521738,    1521738,    1521738
36,    3308031,     20.0,     20.0,     20.0,     58.0,  9, 10, 11,  9,    1521966,    1521966,    1521966,    1521966
36,    2581921,     41.0,     41.0,     41.0,    119.0,  9, 10, 11,  9,    1522009,    1522009,    1522009,    1522009
36,    2581924,     55.0,     56.0,     55.0,    161.0, 12, 10, 12,  4,    1521738,    1521738,    1521738,    2581921
36,    2581936,     55.0,     55.0,     55.0,    160.0,  9, 12, 12,  9,    1521738,    1521738,    1521738,    1521738
36,    2581953,     54.0,     55.0,     55.0,    160.0, 12, 12, 12,  9,    1521738,    1521738,    1521738,    1521738
36,    2574122,     55.0,     55.0,     55.0,    160.0,  9, 12, 12,  9,    1521738,    1521738,    1521738,    1521738
36,    2574602,     55.0,     56.0,     55.0,    161.0, 12, 10, 12,  9,    1521738,    1521738,    1521738,    1521738
36,    1402514,     52.0,     53.0,     52.0,    148.0,  4,  5,  6,  4,    1402514,    1402514,    1402514,    1402514
36,    1402579,     20.0,     20.0,     20.0,     59.0,  9, 10, 11,  9,    1522042,    1522042,    1522042,    1522042
36,    2575651,     80.0,     80.0,     80.0,    236.0,  9, 10, 11,  9,    1522072,    1522072,    1522072,    1522072
36,    3297329,     25.0,     25.0,     25.0,     76.0,  9, 10, 11,  9,    1522079,    1522079,    1522079,    1522079
36,    3297022,     19.0,     19.0,     19.0,     58.0,  9, 10, 11,  9,    1522104,    1522104,    1522104,    1522104
36,    2576325,     83.0,     83.0,     83.0,    241.0,  9, 10, 11,  9,    1522072,    1522072,    1522072,    1522072
36,    2577448,     73.0,     73.0,     73.0,    211.0,  9, 10, 11,  9,    1522163,    1522163,    1522163,    1522163
36,    2577458,     71.0,     72.0,     72.0,    203.0,  4,  5,  6,  4,     635023,     635023,     635023,     635023
36,    1402884,     46.0,     46.0,     46.0,    131.0,  4,  5,  6,  4,     635023,     635023,     635023,     635023
36,    1402894,     27.0,     27.0,     27.0,     79.0,  9, 10, 11,  9,    1522230,    1522230,    1522230,    1522230
36,    1402915,     20.0,     20.0,     20.0,     59.0,  9, 10, 11,  9,    1522238,    1522238,    1522238,    1522238
36,     635028,     27.0,     27.0,     27.0,     79.0,  9, 10, 11,  9,    1077912,    1077912,    1077912,    1077912
36,    1402950,     36.0,     36.0,     36.0,    102.0,  4,  5,  6,  4,    1402950,    1402950,    1402950,    1402950
36,    1402966,     24.0,     24.0,     24.0,     69.0,  4,  5,  6,  4,    1402966,    1402966,    1402966,    1402966
36,    3300159,     18.0,     18.0,     18.0,     52.0,  4,  5,  6,  4,    3300159,    3300159,    3300159,    3300159
36,    3300160,     15.0,     15.0,     15.0,     45.0,  4,  5,  6,  4,    3300160,    3300160,    3300160,    3300160
36,    1403206,     73.0,     73.0,     73.0,    210.0,  9, 10, 11,  9,    1522163,    1522163,    1522163,    1522163
36,    1403224,     65.0,     65.0,     65.0,    184.0,  4,  5,  6,  4,     635023,    1403224,    1403224,    1403224
36,    1403441,      3.0,      3.0,      3.0,    331.0, 10, 11,  9,  4,    1522507,    1522507,    1522507,    1403441
36,    1403446,      3.0,      3.0,      3.0,     56.0, 10, 11,  9,  9,    1522507,    1522507,    1522507,    1522518
36,    1403761,      4.0,      4.0,      4.0,     74.0, 10, 11,  9,  9,    1522507,    1522507,    1522507,    1522659
36,    1403519,      4.0,      4.0,      4.0,    154.0, 10, 11,  9,  4,    1522507,    1522507,    1522507,    1403519
36,    1403591,      4.0,      4.0,      4.0,    103.0, 10, 11,  9,  4,    1522507,    1522507,    1522507,    1403591
36,    1402660,     40.0,     40.0,     40.0,    117.0,  9, 10, 11,  9,    1522119,    1522119,    1522119,    1522119
36,    2519996,     19.0,     19.0,     19.0,     58.0,  9, 10, 11,  9,    2366963,    2366963,    2366963,    2366963
36,    3300116,      4.0,      4.0,      4.0,    117.0, 10, 11,  9,  9,    1522507,    1522507,    1522507,    2694324
36,    3300147,      4.0,      4.0,      4.0,     56.0, 10, 11,  9,  9,    1522507,    1522507,    1522507,    2694427
36,    3307430,     19.0,     19.0,     19.0,     58.0,  9, 10, 11,  9,    1522427,    1522427,    1522427,    1522427
37,    1402966,     24.0,     24.0,     24.0,     69.0,  4,  5,  6,  4,    1402966,    1402966,    1402966,    1402966
37,    1372768,     53.0,     54.0,     53.0,    158.0, 12, 10, 12,  9,    1521738,    1521738,    1521738,    1521738
37,    1402281,     19.0,     19.0,     19.0,     57.0,  9, 10, 11,  9,    1521743,    1521743,    1521743,    1521743
37,    1402401,     40.0,     40.0,     40.0,    117.0,  9, 10, 11,  9,    1521939,    1521939,    1521939,    1521939
37,    2581417,     53.0,     53.0,     53.0,    157.0,  9, 12, 11,  9,    1521738,    1521738,    1521738,    1521738
37,    2581488,     54.0,     55.0,     54.0,    159.0, 12, 10, 12,  9,    1521738,    1521738,    1521738,    1521738
37,    1402411,     19.0,     19.0,     19.0,     58.0,  9, 10, 11,  9,    1521963,    1521963,    1521963,    1521963
37,    2581539,     54.0,     55.0,     54.0,    160.0, 12, 12, 12,  9,    1521738,    1521738,    1521738,    1521738
37,    3308031,     20.0,     20.0,     20.0,     58.0,  9, 10, 11,  9,    1521966,    1521966,    1521966,    1521966
37,    2581921,     41.0,     41.0,     41.0,    119.0,  9, 10, 11,  9,    1522009,    1522009,    1522009,    1522009
37,    2581924,     55.0,     56.0,     55.0,    161.0, 12, 10, 12,  6,    1521738,    1521738,    1521738,    2581921
37,    2581936,     55.0,     55.0,     55.0,    160.0,  9, 12, 12,  9,    1521738,    1521738,    1521738,    1521738
37,    2581953,     55.0,     55.0,     55.0,    160.0,  9, 12, 11,  9,    1521738,    1521738,    1521738,    1521738
37,    2574122,     55.0,     55.0,     55.0,    160.0,  9, 12, 12,  9,    1521738,    1521738,    1521738,    1521738
37,    2574602,     55.0,     56.0,     55.0,    161.0, 12, 10, 12,  9,    1521738,    1521738,    1521738,    1521738
37,    1402514,     52.0,     53.0,     52.0,    149.0,  4,  5,  6,  4,    1402514,    1402514,    1402514,    1402514
37,    1402579,     19.0,     20.0,     20.0,     59.0, 12, 10, 11,  9,    1522042,    1522042,    1522042,    1522042
37,    2575651,     80.0,     80.0,     80.0,    236.0,  9, 10, 11,  9,    1522072,    1522072,    1522072,    1522072
37,    3297329,     25.0,     25.0,     25.0,     76.0,  9, 10, 11,  9,    1522079,    1522079,    1522079,    1522079
37,    3297022,     19.0,     19.0,     19.0,     58.0,  9, 10, 11,  9,    1522104,    1522104,    1522104,    1522104
37,    2576325,     83.0,     83.0,     83.0,    241.0,  9, 10, 11,  9,    1522072,    1522072,    1522072,    1522072
37,    2577448,     73.0,     73.0,     73.0,    211.0,  9, 10, 11,  9,    1522163,    1522163,    1522163,    1522163
37,    2577458,     72.0,     71.0,     71.0,    203.0,  4,  5,  6,  4,     635023,     635023,     635023,     635023
37,    1402884,     46.0,     46.0,     46.0,    131.0,  4,  5,  6,  4,     635023,     635023,     635023,     635023
37,    1402894,     27.0,     27.0,     27.0,     79.0,  9, 10, 11,  9,    1522230,    1522230,    1522230,    1522230
37,    1402915,     20.0,     20.0,     20.0,     59.0,  9, 10, 11,  9,    1522238,    1522238,    1522238,    1522238
37,     635028,     27.0,     27.0,     27.0,     79.0,  9, 10, 11,  9,    1077912,    1077912,    1077912,    1077912
37,    1402950,     36.0,     36.0,     36.0,    102.0,  4,  5,  6,  5,    1402950,    1402950,    1402950,    1402950
37,    1402966,     24.0,     24.0,     24.0,     69.0,  4,  5,  6,  4,    1402966,    1402966,    1402966,    1402966
37,    3300159,     18.0,     18.0,     18.0,     52.0,  4,  5,  6,  4,    3300159,    3300159,    3300159,    3300159
37,    3300160,     15.0,     15.0,     15.0,     44.0,  4,  5,  6,  5,    3300160,    3300160,    3300160,    3300160
37,    1403206,     73.0,     73.0,     73.0,    210.0,  9, 10, 11,  9,    1522163,    1522163,    1522163,    1522163
37,    1403224,     65.0,     65.0,     65.0,    184.0,  4,  5,  6,  4,    1403224,     635023,     635023,    1403224
37,    1403441,      3.0,      3.0,      3.0,    330.0, 10, 11,  9,  5,    1522507,    1522507,    1522507,    1403441
37,    1403446,      3.0,      3.0,      3.0,     56.0, 10, 11,  9,  9,    1522507,    1522507,    1522507,    1522518
37,    1403761,      4.0,      4.0,      4.0,     74.0, 10, 11,  9,  9,    1522507,    1522507,    1522507,    1522659
37,    1403519,      4.0,      4.0,      4.0,    154.0, 10, 11,  9,  4,    1522507,    1522507,    1522507,    1403519
37,    1403591,      4.0,      4.0,      4.0,    103.0, 10, 11,  9,  4,    1522507,    1522507,    1522507,    1403591
37,    1402660,     40.0,     40.0,     40.0,    117.0,  9, 10, 11,  9,    1522119,    1522119,    1522119,    1522119
37,    2519996,     19.0,     19.0,     19.0,     58.0,  9, 10, 11,  9,    2366963,    2366963,    2366963,    2366963
37,    3300116,      4.0,      4.0,      4.0,    117.0, 10, 11,  9,  9,    1522507,    1522507,    1522507,    2694324
37,    3300147,      4.0,      4.0,      4.0,     56.0, 10, 11,  9,  9,    1522507,    1522507,    1522507,    2694427
37,    3307430,     19.0,     19.0,     19.0,     58.0,  9, 10, 11,  9,    1522427,    1522427,    1522427,    1522427
38,    1402966,     24.0,     24.0,     24.0,     69.0,  4,  5,  6,  4,    1402966,    1402966,    1402966,    1402966
38,    1372768,     53.0,     54.0,     53.0,    158.0, 12, 12, 12,  9,    1521738,    1521738,    1521738,    1521738
38,    1402281,     19.0,     19.0,     19.0,     57.0,  9, 10, 11,  9,    1521743,    1521743,    1521743,    1521743
38,    1402401,     40.0,     40.0,     40.0,    117.0,  9, 10, 11,  9,    1521939,    1521939,    1521939,    1521939
38,    2581417,     52.0,     54.0,     53.0,    157.0, 12, 10, 12,  9,    1521738,    1521738,    1521738,    1521738
38,    2581488,     53.0,     55.0,     54.0,    159.0, 12, 10, 12,  9,    1521738,    1521738,    1521738,    1521738
38,    1402411,     19.0,     19.0,     19.0,     57.0,  9, 10, 11, 10,    1521963,    1521963,    1521963,    1521963
38,    2581539,     54.0,     56.0,     54.0,    160.0, 12, 10, 12,  9,    1521738,    1521738,    1521738,    1521738
38,    3308031,     20.0,     20.0,     20.0,     58.0,  9, 10, 11,  9,    1521966,    1521966,    1521966,    1521966
38,    2581921,     41.0,     41.0,     41.0,    119.0,  9, 10, 11,  9,    1522009,    1522009,    1522009,    1522009
38,    2581924,     55.0,     56.0,     55.0,    161.0, 12, 12, 12,  9,    1521738,    1521738,    1521738,    1521738
38,    2581936,     54.0,     56.0,     55.0,    160.0, 12, 10, 12,  9,    1521738,    1521738,    1521738,    1521738
38,    2581953,     54.0,     56.0,     55.0,    160.0, 12, 10, 12,  9,    1521738,    1521738,    1521738,    1521738
38,    2574122,     54.0,     56.0,     55.0,    161.0, 12, 10, 12,  9,    1521738,    1521738,    1521738,    1521738
38,    2574602,     55.0,     56.0,     55.0,    161.0, 12, 12, 12,  9,    1521738,    1521738,    1521738,    1521738
38,    1402514,     52.0,     53.0,     52.0,    149.0,  4,  5,  6,  4,    1402514,    1402514,    1402514,    1402514
38,    1402579,     19.0,     20.0,     20.0,     59.0, 12, 10, 11,  9,    1522042,    1522042,    1522042,    1522042
38,    2575651,     80.0,     80.0,     80.0,    236.0,  9, 10, 11,  9,    1522072,    1522072,    1522072,    1522072
38,    3297329,     25.0,     25.0,     25.0,     76.0,  9, 10, 11,  9,    1522079,    1522079,    1522079,    1522079
38,    3297022,     19.0,     19.0,     19.0,     58.0,  9, 10, 11,  9,    1522104,    1522104,    1522104,    1522104
38,    2576325,     83.0,     83.0,     83.0,    241.0,  9, 10, 11,  9,    1522072,    1522072,    1522072,    1522072
38,    2577448,     73.0,     73.0,     73.0,    211.0,  9, 10, 11,  9,    1522163,    1522163,    1522163,    1522163
38,    2577458,     72.0,     71.0,     71.0,    203.0,  4,  5,  6,  4,     635023,     635023,     635023,     635023
38,    1402884,     46.0,     46.0,     46.0,    131.0,  4,  5,  6,  4,     635023,     635023,     635023,     635023
38,    1402894,     27.0,     27.0,     27.0,     79.0,  9, 10, 11,  9,    1522230,    1522230,    1522230,    1522230
38,    1402915,     20.0,     20.0,     20.0,     59.0,  9, 10, 11,  9,    1522238,    1522238,    1522238,    1522238
38,     635028,     27.0,     27.0,     27.0,     79.0,  9, 10, 11,  9,    1077912,    1077912,    1077912,    1077912
38,    1402950,     36.0,     36.0,     36.0,    102.0,  4,  5,  6,  5,    1402950,    1402950,    1402950,    1402950
38,    1402966,     24.0,     24.0,     24.0,     69.0,  4,  5,  6,  4,    1402966,    1402966,    1402966,    1402966
38,    3300159,     18.0,     18.0,     18.0,     52.0,  4,  5,  6,  4,    3300159,    3300159,    3300159,    3300159
38,    3300160,     15.0,     15.0,     15.0,     44.0,  4,  5,  6,  6,    3300160,    3300160,    3300160,    3300160
38,    1403206,     73.0,     73.0,     73.0,    210.0,  9, 10, 11,  9,    1522163,    1522163,    1522163,    1522163
38,    1403224,     65.0,     65.0,     65.0,    184.0,  4,  5,  6,  4,    1403224,     635023,     635023,    1403224
38,    1403441,      3.0,      3.0,      3.0,    330.0, 10, 11,  9,  6,    1522507,    1522507,    1522507,    1403441
38,    1403446,      3.0,      3.0,      3.0,     56.0, 10, 11,  9,  9,    1522507,    1522507,    1522507,    1522518
38,    1403761,      4.0,      4.0,      4.0,     74.0, 10, 11,  9,  9,    1522507,    1522507,    1522507,    1522659
38,    1403519,      4.0,      4.0,      4.0,    154.0, 10, 11,  9,  4,    1522507,    1522507,    1522507,    1403519
38,    1403591,      4.0,      4.0,      4.0,    103.0, 10, 11,  9,  4,    1522507,    1522507,    1522507,    1403591
38,    1402660,     40.0,     40.0,     40.0,    117.0,  9, 10, 11,  9,    1522119,    1522119,    1522119,    1522119
38,    2519996,     19.0,     19.0,     19.0,     58.0,  9, 10, 11,  9,    2366963,    2366963,    2366963,    2366963
38,    3300116,      4.0,      4.0,      4.0,    117.0, 10, 11,  9,  9,    1522507,    1522507,    1522507,    2694324
38,    3300147,      4.0,      4.0,      4.0,     56.0, 10, 11,  9,  9,    1522507,    1522507,    1522507,    2694427
38,    3307430,     19.0,     19.0,     19.0,     58.0,  9, 10, 11,  9,    1522427,    1522427,    1522427,    1522427
39,    1402966,     24.0,     24.0,     24.0,     69.0,  4,  5,  6,  4,    1402966,    1402966,    1402966,    1402966
39,    1372768,     53.0,     54.0,     53.0,    158.0, 12, 12, 12,  9,    1521738,    1521738,    1521738,    1521738
39,    1402281,     19.0,     19.0,     19.0,     57.0,  9, 10, 11,  9,    1521743,    1521743,    1521743,    1521743
39,    1402401,     40.0,     40.0,     40.0,    117.0,  9, 10, 11,  9,    1521939,    1521939,    1521939,    1521939
39,    2581417,     52.0,     54.0,     53.0,    157.0, 12, 10, 12,  9,    1521738,    1521738,    1521738,    1521738
39,    2581488,     53.0,     55.0,     54.0,    159.0, 12, 12, 12,  9,    1521738,    1521738,    1521738,    1521738
39,    1402411,     19.0,     19.0,     19.0,     57.0,  9, 10, 11, 10,    1521963,    1521963,    1521963,    1521963
39,    2581539,     54.0,     55.0,     55.0,    160.0, 12, 12, 12,  9,    1521738,    1521738,    1521738,    1521738
39,    3308031,     20.0,     20.0,     20.0,     58.0,  9, 10, 11,  9,    1521966,    1521966,    1521966,    1521966
39,    2581921,     41.0,     42.0,     41.0,    119.0,  9, 10, 11,  9,    1522009,    1522009,    1522009,    1522009
39,    2581924,     55.0,     56.0,     55.0,    161.0, 12, 12, 12,  9,    1521738,    1521738,    1521738,    1521738
39,    2581936,     54.0,     56.0,     55.0,    160.0, 12, 10, 12,  9,    1521738,    1521738,    1521738,    1521738
39,    2581953,     54.0,     56.0,     55.0,    160.0, 12, 10, 12,  9,    1521738,    1521738,    1521738,    1521738
39,    2574122,     54.0,     56.0,     55.0,    160.0, 12, 12, 12,  9,    1521738,    1521738,    1521738,    1521738
39,    2574602,     55.0,     56.0,     55.0,    161.0, 12, 12, 12,  9,    1521738,    1521738,    1521738,    1521738
39,    1402514,     52.0,     53.0,     53.0,    149.0,  4,  5,  6,  4,    1402514,    1402514,    1402514,    1402514
39,    1402579,     19.0,     20.0,     20.0,     59.0, 12, 10, 11,  9,    1522042,    1522042,    1522042,    1522042
39,    2575651,     80.0,     80.0,     80.0,    236.0,  9, 10, 11,  9,    1522072,    1522072,    1522072,    1522072
39,    3297329,     25.0,     25.0,     25.0,     76.0,  9, 10, 11,  9,    1522079,    1522079,    1522079,    1522079
39,    3297022,     19.0,     19.0,     19.0,     58.0,  9, 10, 11,  9,    1522104,    1522104,    1522104,    1522104
39,    2576325,     83.0,     83.0,     83.0,    241.0,  9, 10, 11,  9,    1522072,    1522072,    1522072,    1522072
39,    2577448,     73.0,     73.0,     73.0,    211.0,  9, 10, 11,  9,    1522163,    1522163,    1522163,    1522163
39,    2577458,     72.0,     71.0,     72.0,    203.0,  4,  5,  6,  4,     635023,     635023,     635023,     635023
39,    1402884,     46.0,     46.0,     46.0,    131.0,  4,  5,  6,  4,     635023,     635023,     635023,     635023
39,    1402894,     27.0,     27.0,     27.0,     79.0,  9, 10, 11,  9,    1522230,    1522230,    1522230,    1522230
39,    1402915,     20.0,     20.0,     20.0,     59.0,  9, 10, 11,  9,    1522238,    1522238,    1522238,    1522238
39,     635028,     27.0,     27.0,     27.0,     79.0,  9, 10, 11,  9,    1077912,    1077912,    1077912,    1077912
39,    1402950,     36.0,     36.0,     36.0,    102.0,  4,  5,  6,  5,    1402950,    1402950,    1402950,    1402950
39,    1402966,     24.0,     24.0,     24.0,     69.0,  4,  5,  6,  4,    1402966,    1402966,    1402966,    1402966
39,    3300159,     18.0,     18.0,     18.0,     52.0,  4,  5,  6,  4,    3300159,    3300159,    3300159,    3300159
39,    3300160,     15.0,     15.0,     15.0,     44.0,  4,  5,  6,  5,    3300160,    3300160,    3300160,    3300160
39,    1403206,     73.0,     73.0,     73.0,    210.0,  9, 10, 11,  9,    1522163,    1522163,    1522163,    1522163
39,    1403224,     65.0,     65.0,     65.0,    184.0,  4,  5,  6,  4,    1403224,     635023,    1403224,    1403224
39,    1403441,      3.0,      3.0,      3.0,    330.0, 10, 11,  9,  5,    1522507,    1522507,    1522507,    1403441
39,    1403446,      3.0,      3.0,      3.0,     56.0, 10, 11,  9,  9,    1522507,    1522507,    1522507,    1522518
39,    1403761,      4.0,      4.0,      4.0,     74.0, 10, 11,  9,  9,    1522507,    1522507,    1522507,    1522659
39,    1403519,      4.0,      4.0,      4.0,    154.0, 10, 11,  9,  4,    1522507,    1522507,    1522507,    1403519
39,    1403591,      4.0,      4.0,      4.0,    103.0, 10, 11,  9,  4,    1522507,    1522507,    1522507,    1403591
39,    1402660,     40.0,     40.0,     40.0,    117.0,  9, 10, 11,  9,    1522119,    1522119,    1522119,    1522119
39,    2519996,     19.0,     19.0,     19.0,     58.0,  9, 10, 11,  9,    2366963,    2366963,    2366963,    2366963
39,    3300116,      4.0,      4.0,      4.0,    117.0, 10, 11,  9,  9,    1522507,    1522507,    1522507,    2694324
39,    3300147,      4.0,      4.0,      4.0,     56.0, 10, 11,  9,  9,    1522507,    1522507,    1522507,    2694427
39,    3307430,     19.0,     19.0,     19.0,     58.0,  9, 10, 11,  9,    1522427,    1522427,    1522427,    1522427
40,    1402966,     24.0,     24.0,     24.0,     69.0,  4,  5,  6,  4,    1402966,    1402966,    1402966,    1402966
40,    1372768,     53.0,     54.0,     53.0,    158.0, 12, 12, 12,  9,    1521738,    1521738,    1521738,    1521738
40,    1402281,     19.0,     19.0,     19.0,     57.0,  9, 10, 11,  9,    1521743,    1521743,    1521743,    1521743
40,    1402401,     40.0,     40.0,     40.0,    117.0,  9, 10, 11,  9,    1521939,    1521939,    1521939,    1521939
40,    2581417,     52.0,     54.0,     53.0,    157.0, 12, 12, 12,  9,    1521738,    1521738,    1521738,    1521738
40,    2581488,     53.0,     55.0,     54.0,    159.0, 12, 12, 12,  9,    1521738,    1521738,    1521738,    1521738
40,    1402411,     19.0,     19.0,     19.0,     57.0,  9, 10, 11, 10,    1521963,    1521963,    1521963,    1521963
40,    2581539,     54.0,     56.0,     54.0,    160.0, 12, 10, 12,  9,    1521738,    1521738,    1521738,    1521738
40,    3308031,     20.0,     20.0,     20.0,     58.0,  9, 10, 11,  9,    1521966,    1521966,    1521966,    1521966
40,    2581921,     41.0,     41.0,     41.0,    119.0,  9, 10, 11,  9,    1522009,    1522009,    1522009,    1522009
40,    2581924,     55.0,     56.0,     55.0,    161.0, 12, 12, 12,  4,    1521738,    1521738,    1521738,    2581921
40,    2581936,     54.0,     56.0,     55.0,    160.0, 12, 12, 12,  9,    1521738,    1521738,    1521738,    1521738
40,    2581953,     54.0,     56.0,     54.0,    160.0, 12, 10, 12,  9,    1521738,    1521738,    1521738,    1521738
40,    2574122,     54.0,     56.0,     55.0,    160.0, 12, 12, 12,  9,    1521738,    1521738,    1521738,    1521738
40,    2574602,     54.0,     56.0,     55.0,    161.0, 12, 12, 12,  9,    1521738,    1521738,    1521738,    1521738
40,    1402514,     52.0,     53.0,     52.0,    149.0,  4,  5,  6,  4,    1402514,    1402514,    1402514,    1402514
40,    1402579,     19.0,     20.0,     20.0,     59.0, 12, 10, 11,  9,    1522042,    1522042,    1522042,    1522042
40,    2575651,     80.0,     80.0,     80.0,    236.0,  9, 10, 11,  9,    1522072,    1522072,    1522072,    1522072
40,    3297329,     25.0,     25.0,     25.0,     76.0,  9, 10, 11,  9,    1522079,    1522079,    1522079,    1522079
40,    3297022,     19.0,     19.0,     19.0,     58.0,  9, 10, 11,  9,    1522104,    1522104,    1522104,    1522104
40,    2576325,     83.0,     83.0,     83.0,    241.0,  9, 10, 11,  9,    1522072,    1522072,    1522072,    1522072
40,    2577448,     73.0,     73.0,     73.0,    211.0,  9, 10, 11,  9,    1522163,    1522163,    1522163,    1522163
40,    2577458,     71.0,     71.0,     71.0,    203.0,  4,  5,  6,  4,     635023,     635023,     635023,     635023
40,    1402884,     46.0,     46.0,     46.0,    131.0,  4,  5,  6,  4,     635023,     635023,     635023,     635023
40,    1402894,     27.0,     27.0,     27.0,     79.0,  9, 10, 11,  9,    1522230,    1522230,    1522230,    1522230
40,    1402915,     20.0,     20.0,     20.0,     59.0,  9, 10, 11,  9,    1522238,    1522238,    1522238,    1522238
40,     635028,     27.0,     27.0,     27.0,     79.0,  9, 10, 11,  9,    1077912,    1077912,    1077912,    1077912
40,    1402950,     36.0,     36.0,     36.0,    102.0,  4,  5,  6,  4,    1402950,    1402950,    1402950,    1402950
40,    1402966,     24.0,     24.0,     24.0,     69.0,  4,  5,  6,  4,    1402966,    1402966,    1402966,    1402966
40,    3300159,     18.0,     18.0,     18.0,     52.0,  4,  5,  6,  4,    3300159,    3300159,    3300159,    3300159
40,    3300160,     15.0,     15.0,     15.0,     45.0,  4,  5,  6,  4,    3300160,    3300160,    3300160,    3300160
40,    1403206,     73.0,     73.0,     73.0,    210.0,  9, 10, 11,  9,    1522163,    1522163,    1522163,    1522163
40,    1403224,     65.0,     65.0,     65.0,    184.0,  4,  5,  6,  4,     635023,     635023,     635023,    1403224
40,    1403441,      3.0,      3.0,      3.0,    330.0, 10, 11,  9,  5,    1522507,    1522507,    1522507,    1403441
40,    1403446,      3.0,      3.0,      3.0,     56.0, 10, 11,  9,  9,    1522507,    1522507,    1522507,    1522518
40,    1403761,      4.0,      4.0,      4.0,     74.0, 10, 11,  9,  9,    1522507,    1522507,    1522507,    1522659
40,    1403519,      4.0,      4.0,      4.0,    154.0, 10, 11,  9,  4,    1522507,    1522507,    1522507,    1403519
40,    1403591,      4.0,      4.0,      4.0,    103.0, 10, 11,  9,  4,    1522507,    1522507,    1522507,    1403591
40,    1402660,     40.0,     40.0,     40.0,    117.0,  9, 10, 11,  9,    1522119,    1522119,    1522119,    1522119
40,    2519996,     19.0,     19.0,     19.0,     58.0,  9, 10, 11,  9,    2366963,    2366963,    2366963,    2366963
40,    3300116,      4.0,      4.0,      4.0,    117.0, 10, 11,  9,  9,    1522507,    1522507,    1522507,    2694324
40,    3300147,      4.0,      4.0,      4.0,     56.0, 10, 11,  9,  9,    1522507,    1522507,    1522507,    2694427
40,    3307430,     19.0,     19.0,     19.0,     58.0,  9, 10, 11,  9,    1522427,    1522427,    1522427,    1522427
41,    1402966,     24.0,     24.0,     24.0,     69.0,  4,  5,  6,  4,    1402966,    1402966,    1402966,    1402966
41,    1372768,     53.0,     54.0,     53.0,    158.0, 12, 12, 12,  9,    1521738,    1521738,    1521738,    1521738
41,    1402281,     19.0,     19.0,     19.0,     57.0,  9, 10, 11,  9,    1521743,    1521743,    1521743,    1521743
41,    1402401,     40.0,     40.0,     40.0,    117.0,  9, 10, 11,  9,    1521939,    1521939,    1521939,    1521939
41,    2581417,     52.0,     54.0,     52.0,    157.0, 12, 10, 12,  9,    1521738,    1521738,    1521738,    1521738
41,    2581488,     53.0,     55.0,     54.0,    159.0, 12, 12, 12,  9,    1521738,    1521738,    1521738,    1521738
41,    1402411,     19.0,     19.0,     19.0,     57.0,  9, 10, 11, 10,    1521963,    1521963,    1521963,    1521963
41,    2581539,     54.0,     56.0,     54.0,    160.0, 12, 10, 12,  9,    1521738,    1521738,    1521738,    1521738
41,    3308031,     20.0,     20.0,     20.0,     58.0,  9, 10, 11,  9,    1521966,    1521966,    1521966,    1521966
41,    2581921,     41.0,     42.0,     41.0,    119.0,  9, 10, 11,  9,    1522009,    1522009,    1522009,    1522009
41,    2581924,     55.0,     56.0,     55.0,    161.0, 12, 12, 12,  9,    1521738,    1521738,    1521738,    1521738
41,    2581936,     54.0,     56.0,     54.0,    160.0, 12, 12, 12,  9,    1521738,    1521738,    1521738,    1521738
41,    2581953,     54.0,     56.0,     54.0,    160.0, 12, 10, 12,  9,    1521738,    1521738,    1521738,    1521738
41,    2574122,     54.0,     56.0,     54.0,    160.0, 12, 12, 12,  9,    1521738,    1521738,    1521738,    1521738
41,    2574602,     55.0,     56.0,     55.0,    161.0, 12, 12, 12,  9,    1521738,    1521738,    1521738,    1521738
41,    1402514,     52.0,     53.0,     52.0,    149.0,  4,  5,  6,  4,    1402514,    1402514,    1402514,    1402514
41,    1402579,     19.0,     20.0,     20.0,     59.0, 12, 10, 11,  9,    1522042,    1522042,    1522042,    1522042
41,    2575651,     80.0,     80.0,     80.0,    236.0,  9, 10, 11,  9,    1522072,    1522072,    1522072,    1522072
41,    3297329,     25.0,     25.0,     25.0,     76.0,  9, 10, 11,  9,    1522079,    1522079,    1522079,    1522079
41,    3297022,     19.0,     19.0,     19.0,     58.0,  9, 10, 11,  9,    1522104,    1522104,    1522104,    1522104
41,    2576325,     83.0,     83.0,     83.0,    241.0,  9, 10, 11,  9,    1522072,    1522072,    1522072,    1522072
41,    2577448,     73.0,     73.0,     73.0,    211.0,  9, 10, 11,  9,    1522163,    1522163,    1522163,    1522163
41,    2577458,     72.0,     71.0,     72.0,    203.0,  4,  5,  6,  4,     635023,     635023,     635023,     635023
41,    1402884,     46.0,     46.0,     46.0,    131.0,  4,  5,  6,  4,     635023,     635023,     635023,     635023
41,    1402894,     27.0,     27.0,     27.0,     79.0,  9, 10, 11,  9,    1522230,    1522230,    1522230,    1522230
41,    1402915,     20.0,     20.0,     20.0,     59.0,  9, 10, 11,  9,    1522238,    1522238,    1522238,    1522238
41,     635028,     27.0,     27.0,     27.0,     79.0,  9, 10, 11,  9,    1077912,    1077912,    1077912,    1077912
41,    1402950,     36.0,     36.0,     36.0,    102.0,  4,  5,  6,  5,    1402950,    1402950,    1402950,    1402950
41,    1402966,     24.0,     24.0,     24.0,     69.0,  4,  5,  6,  4,    1402966,    1402966,    1402966,    1402966
41,    3300159,     18.0,     18.0,     18.0,     52.0,  4,  5,  6,  4,    3300159,    3300159,    3300159,    3300159
41,    3300160,     15.0,     15.0,     15.0,     45.0,  4,  5,  6,  4,    3300160,    3300160,    3300160,    3300160
41,    1403206,     73.0,     73.0,     73.0,    210.0,  9, 10, 11,  9,    1522163,    1522163,    1522163,    1522163
41,    1403224,     65.0,     65.0,     65.0,    184.0,  4,  5,  6,  4,    1403224,     635023,    1403224,    1403224
41,    1403441,      3.0,      3.0,      3.0,    330.0, 10, 11,  9,  5,    1522507,    1522507,    1522507,    1403441
41,    1403446,      3.0,      3.0,      3.0,     56.0, 10, 11,  9,  9,    1522507,    1522507,    1522507,    1522518
41,    1403761,      4.0,      4.0,      4.0,     74.0, 10, 11,  9,  9,    1522507,    1522507,    1522507,    1522659
41,    1403519,      4.0,      4.0,      4.0,    154.0, 10, 11,  9,  4,    1522507,    1522507,    1522507,    1403519
41,    1403591,      4.0,      4.0,      4.0,    103.0, 10, 11,  9,  4,    1522507,    1522507,    1522507,    1403591
41,    1402660,     40.0,     40.0,     40.0,    117.0,  9, 10, 11,  9,    1522119,    1522119,    1522119,    1522119
41,    2519996,     19.0,     19.0,     19.0,     58.0,  9, 10, 11,  9,    2366963,    2366963,    2366963,    2366963
41,    3300116,      4.0,      4.0,      4.0,    117.0, 10, 11,  9,  9,    1522507,    1522507,    1522507,    2694324
41,    3300147,      4.0,      4.0,      4.0,     56.0, 10, 11,  9,  9,    1522507,    1522507,    1522507,    2694427
41,    3307430,     19.0,     19.0,     19.0,     58.0,  9, 10, 11,  9,    1522427,    1522427,    1522427,    1522427
42,    1402966,     24.0,     24.0,     24.0,     69.0,  4,  5,  6,  4,    1402966,    1402966,    1402966,    1402966
42,    1372768,     52.0,     55.0,     53.0,    158.0, 12, 10, 12,  9,    1521738,    1521738,    1521738,    1521738
42,    1402281,     19.0,     19.0,     19.0,     57.0,  9, 10, 11,  9,    1521743,    1521743,    1521743,    1521743
42,    1402401,     40.0,     40.0,     40.0,    117.0,  9, 10, 11,  9,    1521939,    1521939,    1521939,    1521939
42,    2581417,     52.0,     54.0,     52.0,    157.0, 12, 12, 12,  9,    1521738,    1521738,    1521738,    1521738
42,    2581488,     53.0,     56.0,     54.0,    159.0, 12, 10, 12,  9,    1521738,    1521738,    1521738,    1521738
42,    1402411,     19.0,     19.0,     19.0,     57.0,  9, 10, 11, 10,    1521963,    1521963,    1521963,    1521963
42,    2581539,     54.0,     56.0,     54.0,    160.0, 12, 12, 12,  9,    1521738,    1521738,    1521738,    1521738
42,    3308031,     20.0,     20.0,     20.0,     58.0,  9, 10, 11,  9,    1521966,    1521966,    1521966,    1521966
42,    2581921,     41.0,     42.0,     41.0,    119.0,  9, 10, 11,  9,    1522009,    1522009,    1522009,    1522009
42,    2581924,     54.0,     57.0,     55.0,    161.0, 12, 10, 12,  4,    1521738,    1521738,    1521738,    2581921
42,    2581936,     54.0,     56.0,     54.0,    160.0, 12, 12, 12,  9,    1521738,    1521738,    1521738,    1521738
42,    2581953,     54.0,     56.0,     54.0,    160.0, 12, 12, 12,  9,    1521738,    1521738,    1521738,    1521738
42,    2574122,     54.0,     56.0,     55.0,    160.0, 12, 12, 12,  9,    1521738,    1521738,    1521738,    1521738
42,    2574602,     54.0,     57.0,     55.0,    161.0, 12, 10, 12,  9,    1521738,    1521738,    1521738,    1521738
42,    1402514,     52.0,     53.0,     52.0,    148.0,  4,  5,  6,  4,    1402514,    1402514,    1402514,    1402514
42,    1402579,     19.0,     20.0,     20.0,     59.0, 12, 10, 11,  9,    1522042,    1522042,    1522042,    1522042
42,    2575651,     80.0,     80.0,     80.0,    236.0,  9, 10, 11,  9,    1522072,    1522072,    1522072,    1522072
42,    3297329,     25.0,     25.0,     25.0,     76.0,  9, 10, 11,  9,    1522079,    1522079,    1522079,    1522079
42,    3297022,     19.0,     19.0,     19.0,     58.0,  9, 10, 11,  9,    1522104,    1522104,    1522104,    1522104
42,    2576325,     83.0,     83.0,     83.0,    241.0,  9, 10, 11,  9,    1522072,    1522072,    1522072,    1522072
42,    2577448,     73.0,     73.0,     73.0,    211.0,  9, 10, 11,  9,    1522163,    1522163,    1522163,    1522163
42,    2577458,     71.0,     71.0,     71.0,    203.0,  4,  5,  6,  4,     635023,     635023,     635023,     635023
42,    1402884,     46.0,     46.0,     46.0,    131.0,  4,  5,  6,  4,     635023,     635023,     635023,     635023
42,    1402894,     27.0,     27.0,     27.0,     79.0,  9, 10, 11,  9,    1522230,    1522230,    1522230,    1522230
42,    1402915,     20.0,     20.0,     20.0,     59.0,  9, 10, 11,  9,    1522238,    1522238,    1522238,    1522238
42,     635028,     27.0,     27.0,     27.0,     79.0,  9, 10, 11,  9,    1077912,    1077912,    1077912,    1077912
42,    1402950,     36.0,     36.0,     36.0,    102.0,  4,  5,  6,  4,    1402950,    1402950,    1402950,    1402950
42,    1402966,     24.0,     24.0,     24.0,     69.0,  4,  5,  6,  4,    1402966,    1402966,    1402966,    1402966
42,    3300159,     18.0,     18.0,     18.0,     52.0,  4,  5,  6,  4,    3300159,    3300159,    3300159,    3300159
42,    3300160,     15.0,     15.0,     15.0,     44.0,  4,  5,  6,  5,    3300160,    3300160,    3300160,    3300160
42,    1403206,     73.0,     73.0,     73.0,    210.0,  9, 10, 11,  9,    1522163,    1522163,    1522163,    1522163
42,    1403224,     65.0,     65.0,     65.0,    184.0,  4,  5,  6,  4,     635023,     635023,     635023,    1403224
42,    1403441,      3.0,      3.0,      3.0,    330.0, 10, 11,  9,  4,    1522507,    1522507,    1522507,    1403441
42,    1403446,      3.0,      3.0,      3.0,     56.0, 10, 11,  9,  9,    1522507,    1522507,    1522507,    1522518
42,    1403761,      4.0,      4.0,      4.0,     74.0, 10, 11,  9,  9,    1522507,    1522507,    1522507,    1522659
42,    1403519,      4.0,      4.0,      4.0,    154.0, 10, 11,  9,  4,    1522507,    1522507,    1522507,    1403519
42,    1403591,      4.0,      4.0,      4.0,    103.0, 10, 11,  9,  4,    1522507,    1522507,    1522507,    1403591
42,    1402660,     40.0,     40.0,     40.0,    117.0,  9, 10, 11,  9,    1522119,    1522119,    1522119,    1522119
42,    2519996,     19.0,     19.0,     19.0,     58.0,  9, 10, 11,  9,    2366963,    2366963,    2366963,    2366963
42,    3300116,      4.0,      4.0,      4.0,    117.0, 10, 11,  9,  9,    1522507,    1522507,    1522507,    2694324
42,    3300147,      4.0,      4.0,      4.0,     56.0, 10, 11,  9,  9,    1522507,    1522507,    1522507,    2694427
42,    3307430,     19.0,     19.0,     19.0,     58.0,  9, 10, 11,  9,    1522427,    1522427,    1522427,    1522427
43,    1402966,     24.0,     24.0,     24.0,     69.0,  4,  5,  6,  4,    1402966,    1402966,    1402966,    1402966
43,    1372768,     53.0,     54.0,     53.0,    158.0, 12, 12, 12,  9,    1521738,    1521738,    1521738,    1521738
43,    1402281,     19.0,     19.0,     19.0,     57.0,  9, 10, 11,  9,    1521743,    1521743,    1521743,    1521743
43,    1402401,     40.0,     40.0,     40.0,    117.0,  9, 10, 11,  9,    1521939,    1521939,    1521939,    1521939
43,    2581417,     52.0,     53.0,     53.0,    158.0, 12, 12, 12,  9,    1521738,    1521738,    1521738,    1521738
43,    2581488,     54.0,     55.0,     54.0,    159.0, 12, 10, 12,  9,    1521738,    1521738,    1521738,    1521738
43,    1402411,     19.0,     19.0,     19.0,     58.0,  9, 10, 11,  9,    1521963,    1521963,    1521963,    1521963
43,    2581539,     54.0,     55.0,     55.0,    160.0, 12, 12, 12,  9,    1521738,    1521738,    1521738,    1521738
43,    3308031,     20.0,     20.0,     20.0,     58.0,  9, 10, 11,  9,    1521966,    1521966,    1521966,    1521966
43,    2581921,     41.0,     41.0,     41.0,    119.0,  9, 10, 11,  9,    1522009,    1522009,    1522009,    1522009
43,    2581924,     55.0,     56.0,     55.0,    161.0, 12, 12, 12,  9,    1521738,    1521738,    1521738,    1521738
43,    2581936,     54.0,     56.0,     55.0,    161.0, 12, 10, 12,  9,    1521738,    1521738,    1521738,    1521738
43,    2581953,     54.0,     55.0,     55.0,    161.0, 12, 12, 12,  9,    1521738,    1521738,    1521738,    1521738
43,    2574122,     54.0,     56.0,     55.0,    161.0, 12, 10, 12,  9,    1521738,    1521738,    1521738,    1521738
43,    2574602,     55.0,     56.0,     55.0,    161.0, 12, 10, 12,  9,    1521738,    1521738,    1521738,    1521738
43,    1402514,     52.0,     53.0,     52.0,    149.0,  4,  5,  6,  4,    1402514,    1402514,    1402514,    1402514
43,    1402579,     19.0,     20.0,     20.0,     59.0, 12, 10, 11,  9,    1522042,    1522042,    1522042,    1522042
43,    2575651,     80.0,     80.0,     80.0,    236.0,  9, 10, 11,  9,    1522072,    1522072,    1522072,    1522072
43,    3297329,     25.0,     25.0,     25.0,     76.0,  9, 10, 11,  9,    1522079,    1522079,    1522079,    1522079
43,    3297022,     19.0,     19.0,     19.0,     58.0,  9, 10, 11,  9,    1522104,    1522104,    1522104,    1522104
43,    2576325,     83.0,     83.0,     83.0,    241.0,  9, 10, 11,  9,    1522072,    1522072,    1522072,    1522072
43,    2577448,     73.0,     73.0,     73.0,    211.0,  9, 10, 11,  9,    1522163,    1522163,    1522163,    1522163
43,    2577458,     71.0,     71.0,     71.0,    203.0,  4,  5,  6,  4,     635023,     635023,     635023,     635023
43,    1402884,     46.0,     46.0,     46.0,    131.0,  4,  5,  6,  4,     635023,     635023,     635023,     635023
43,    1402894,     27.0,     27.0,     27.0,     79.0,  9, 10, 11,  9,    1522230,    1522230,    1522230,    1522230
43,    1402915,     20.0,     20.0,     20.0,     59.0,  9, 10, 11,  9,    1522238,    1522238,    1522238,    1522238
43,     635028,     27.0,     27.0,     27.0,     79.0,  9, 10, 11,  9,    1077912,    1077912,    1077912,    1077912
43,    1402950,     36.0,     36.0,     36.0,    102.0,  4,  5,  6,  4,    1402950,    1402950,    1402950,    1402950
43,    1402966,     24.0,     24.0,     24.0,     69.0,  4,  5,  6,  4,    1402966,    1402966,    1402966,    1402966
43,    3300159,     18.0,     18.0,     18.0,     52.0,  4,  5,  6,  4,    3300159,    3300159,    3300159,    3300159
43,    3300160,     15.0,     15.0,     15.0,     44.0,  4,  5,  6,  6,    3300160,    3300160,    3300160,    3300160
43,    1403206,     73.0,     73.0,     73.0,    210.0,  9, 10, 11,  9,    1522163,    1522163,    1522163,    1522163
43,    1403224,     65.0,     65.0,     65.0,    184.0,  4,  5,  6,  4,    1403224,     635023,     635023,    1403224
43,    1403441,      3.0,      3.0,      3.0,    330.0, 10, 11,  9,  6,    1522507,    1522507,    1522507,    1403441
43,    1403446,      3.0,      3.0,      3.0,     56.0, 10, 11,  9,  9,    1522507,    1522507,    1522507,    1522518
43,    1403761,      4.0,      4.0,      4.0,     74.0, 10, 11,  9,  9,    1522507,    1522507,    1522507,    1522659
43,    1403519,      4.0,      4.0,      4.0,    154.0, 10, 11,  9,  4,    1522507,    1522507,    1522507,    1403519
43,    1403591,      4.0,      4.0,      4.0,    103.0, 10, 11,  9,  4,    1522507,    1522507,    1522507,    1403591
43,    1402660,     40.0,     40.0,     40.0,    117.0,  9, 10, 11,  9,    1522119,    1522119,    1522119,    1522119
43,    2519996,     19.0,     19.0,     19.0,     58.0,  9, 10, 11,  9,    2366963,    2366963,    2366963,    2366963
43,    3300116,      4.0,      4.0,      4.0,    117.0, 10, 11,  9,  9,    1522507,    1522507,    1522507,    2694324
43,    3300147,      4.0,      4.0,      4.0,     56.0, 10, 11,  9,  9,    1522507,    1522507,    1522507,    2694427
43,    3307430,     19.0,     19.0,     19.0,     58.0,  9, 10, 11,  9,    1522427,    1522427,    1522427,    1522427
44,    1402966,     24.0,     24.0,     24.0,     69.0,  4,  5,  6,  4,    1402966,    1402966,    1402966,    1402966
44,    1372768,     54.0,     54.0,     53.0,    159.0,  9, 10, 12, 11,    1521738,    1521738,    1521738,    1521738
44,    1402281,     19.0,     19.0,     19.0,     57.0,  9, 10, 11,  9,    1521743,    1521743,    1521743,    1521743
44,    1402401,     40.0,     40.0,     40.0,    117.0,  9, 10, 11,  9,    1521939,    1521939,    1521939,    1521939
44,    2581417,     53.0,     53.0,     52.0,    158.0, 12, 12, 12, 11,    1521738,    1521738,    1521738,    1521738
44,    2581488,     54.0,     54.0,     53.0,    160.0, 12, 12, 12, 11,    1521738,    1521738,    1521738,    1521738
44,    1402411,     19.0,     19.0,     19.0,     58.0,  9, 10, 11,  9,    1521963,    1521963,    1521963,    1521963
44,    2581539,     55.0,     55.0,     54.0,    161.0, 12, 12, 12, 11,    1521738,    1521738,    1521738,    1521738
44,    3308031,     20.0,     20.0,     20.0,     58.0,  9, 10, 11,  9,    1521966,    1521966,    1521966,    1521966
44,    2581921,     41.0,     41.0,     41.0,    119.0,  9, 10, 11,  9,    1522009,    1522009,    1522009,    1522009
44,    2581924,     56.0,     56.0,     55.0,    162.0,  9, 10, 12,  6,    1521738,    1521738,    1521738,    2581921
44,    2581936,     55.0,     55.0,     54.0,    161.0, 12, 12, 12, 11,    1521738,    1521738,    1521738,    1521738
44,    2581953,     55.0,     55.0,     54.0,    161.0, 12, 12, 12, 11,    1521738,    1521738,    1521738,    1521738
44,    2574122,     55.0,     55.0,     54.0,    161.0, 12, 12, 12, 11,    1521738,    1521738,    1521738,    1521738
44,    2574602,     55.0,     56.0,     55.0,    162.0, 12, 10, 12,  9,    1521738,    1521738,    1521738,    1521738
44,    1402514,     53.0,     53.0,     53.0,    149.0,  4,  5,  6,  6,    1402514,    1402514,    1402514,    1402514
44,    1402579,     19.0,     20.0,     20.0,     59.0, 12, 10, 11,  9,    1522042,    1522042,    1522042,    1522042
44,    2575651,     80.0,     80.0,     80.0,    236.0,  9, 10, 11,  9,    1522072,    1522072,    1522072,    1522072
44,    3297329,     25.0,     25.0,     25.0,     76.0,  9, 10, 11,  9,    1522079,    1522079,    1522079,    1522079
44,    3297022,     19.0,     19.0,     19.0,     58.0,  9, 10, 11,  9,    1522104,    1522104,    1522104,    1522104
44,    2576325,     83.0,     83.0,     83.0,    241.0,  9, 10, 11,  9,    1522072,    1522072,    1522072,    1522072
44,    2577448,     73.0,     73.0,     73.0,    211.0,  9, 10, 11,  9,    1522163,    1522163,    1522163,    1522163
44,    2577458,     72.0,     71.0,     71.0,    203.0,  4,  5,  6,  4,     635023,     635023,     635023,     635023
44,    1402884,     46.0,     46.0,     46.0,    131.0,  4,  5,  6,  4,     635023,     635023,     635023,     635023
44,    1402894,     27.0,     27.0,     27.0,     79.0,  9, 10, 11,  9,    1522230,    1522230,    1522230,    1522230
44,    1402915,     20.0,     20.0,     20.0,     59.0,  9, 10, 11,  9,    1522238,    1522238,    1522238,    1522238
44,     635028,     27.0,     27.0,     27.0,     79.0,  9, 10, 11,  9,    1077912,    1077912,    1077912,    1077912
44,    1402950,     36.0,     36.0,     36.0,    102.0,  4,  5,  6,  5,    1402950,    1402950,    1402950,    1402950
44,    1402966,     24.0,     24.0,     24.0,     69.0,  4,  5,  6,  4,    1402966,    1402966,    1402966,    1402966
44,    3300159,     18.0,     18.0,     18.0,     52.0,  4,  5,  6,  4,    3300159,    3300159,    3300159,    3300159
44,    3300160,     15.0,     15.0,     15.0,     44.0,  4,  5,  6,  5,    3300160,    3300160,    3300160,    3300160
44,    1403206,     73.0,     73.0,     73.0,    210.0,  9, 10, 11,  9,    1522163,    1522163,    1522163,    1522163
44,    1403224,     65.0,     65.0,     65.0,    184.0,  4,  5,  6,  4,    1403224,     635023,     635023,    1403224
44,    1403441,      3.0,      3.0,      3.0,    330.0, 10, 11,  9,  5,    1522507,    1522507,    1522507,    1403441
44,    1403446,      3.0,      3.0,      3.0,     56.0, 10, 11,  9,  9,    1522507,    1522507,    1522507,    1522518
44,    1403761,      4.0,      4.0,      4.0,     74.0, 10, 11,  9,  9,    1522507,    1522507,    1522507,    1522659
44,    1403519,      4.0,      4.0,      4.0,    154.0, 10, 11,  9,  4,    1522507,    1522507,    1522507,    1403519
44,    1403591,      4.0,      4.0,      4.0,    103.0, 10, 11,  9,  4,    1522507,    1522507,    1522507,    1403591
44,    1402660,     40.0,     40.0,     40.0,    117.0,  9, 10, 11,  9,    1522119,    1522119,    1522119,    1522119
44,    2519996,     19.0,     19.0,     19.0,     58.0,  9, 10, 11,  9,    2366963,    2366963,    2366963,    2366963
44,    3300116,      4.0,      4.0,      4.0,    117.0, 10, 11,  9,  9,    1522507,    1522507,    1522507,    2694324
44,    3300147,      4.0,      4.0,      4.0,     56.0, 10, 11,  9,  9,    1522507,    1522507,    1522507,    2694427
44,    3307430,     19.0,     19.0,     19.0,     58.0,  9, 10, 11,  9,    1522427,    1522427,    1522427,    1522427
45,    1402966,     24.0,     24.0,     24.0,     69.0,  4,  5,  6,  4,    1402966,    1402966,    1402966,    1402966
45,    1372768,     53.0,     54.0,     53.0,    159.0, 12, 12, 12, 11,    1521738,    1521738,    1521738,    1521738
45,    1402281,     19.0,     19.0,     19.0,     57.0,  9, 10, 11,  9,    1521743,    1521743,    1521743,    1521743
45,    1402401,     40.0,     40.0,     40.0,    117.0,  9, 10, 11,  9,    1521939,    1521939,    1521939,    1521939
45,    2581417,     53.0,     54.0,     52.0,    158.0, 12, 10, 12, 11,    1521738,    1521738,    1521738,    1521738
45,    2581488,     54.0,     55.0,     53.0,    160.0, 12, 12, 12, 11,    1521738,    1521738,    1521738,    1521738
45,    1402411,     19.0,     19.0,     19.0,     57.0,  9, 10, 11, 10,    1521963,    1521963,    1521963,    1521963
45,    2581539,     55.0,     56.0,     54.0,    161.0, 12, 10, 12, 11,    1521738,    1521738,    1521738,    1521738
45,    3308031,     20.0,     20.0,     20.0,     58.0,  9, 10, 11,  9,    1521966,    1521966,    1521966,    1521966
45,    2581921,     41.0,     42.0,     41.0,    119.0,  9, 10, 11,  9,    1522009,    1522009,    1522009,    1522009
45,    2581924,     55.0,     56.0,     55.0,    162.0, 12, 12, 12,  6,    1521738,    1521738,    1521738,    2581921
45,    2581936,     55.0,     56.0,     54.0,    161.0, 12, 10, 12, 11,    1521738,    1521738,    1521738,    1521738
45,    2581953,     55.0,     56.0,     54.0,    161.0, 12, 10, 12, 11,    1521738,    1521738,    1521738,    1521738
45,    2574122,     55.0,     56.0,     54.0,    161.0, 12, 12, 12, 11,    1521738,    1521738,    1521738,    1521738
45,    2574602,     55.0,     56.0,     55.0,    162.0, 12, 12, 12,  9,    1521738,    1521738,    1521738,    1521738
45,    1402514,     53.0,     53.0,     52.0,    149.0,  4,  5,  6,  6,    1402514,    1402514,    1402514,    1402514
45,    1402579,     19.0,     20.0,     20.0,     58.0, 12, 10, 11,  9,    1522042,    1522042,    1522042,    1522042
45,    2575651,     80.0,     80.0,     80.0,    236.0,  9, 10, 11,  9,    1522072,    1522072,    1522072,    1522072
45,    3297329,     25.0,     25.0,     25.0,     76.0,  9, 10, 11,  9,    1522079,    1522079,    1522079,    1522079
45,    3297022,     19.0,     19.0,     19.0,     58.0,  9, 10, 11,  9,    1522104,    1522104,    1522104,    1522104
45,    2576325,     83.0,     83.0,     83.0,    241.0,  9, 10, 11,  9,    1522072,    1522072,    1522072,    1522072
45,    2577448,     73.0,     73.0,     73.0,    211.0,  9, 10, 11,  9,    1522163,    1522163,    1522163,    1522163
45,    2577458,     72.0,     71.0,     71.0,    203.0,  4,  5,  6,  4,     635023,     635023,     635023,     635023
45,    1402884,     46.0,     46.0,     46.0,    131.0,  4,  5,  6,  4,     635023,     635023,     635023,     635023
45,    1402894,     27.0,     27.0,     27.0,     79.0,  9, 10, 11,  9,    1522230,    1522230,    1522230,    1522230
45,    1402915,     20.0,     20.0,     20.0,     59.0,  9, 10, 11,  9,    1522238,    1522238,    1522238,    1522238
45,     635028,     27.0,     27.0,     27.0,     79.0,  9, 10, 11,  9,    1077912,    1077912,    1077912,    1077912
45,    1402950,     36.0,     36.0,     36.0,    102.0,  4,  5,  6,  5,    1402950,    1402950,    1402950,    1402950
45,    1402966,     24.0,     24.0,     24.0,     69.0,  4,  5,  6,  4,    1402966,    1402966,    1402966,    1402966
45,    3300159,     18.0,     18.0,     18.0,     52.0,  4,  5,  6,  4,    3300159,    3300159,    3300159,    3300159
45,    3300160,     15.0,     15.0,     15.0,     45.0,  4,  5,  6,  4,    3300160,    3300160,    3300160,    3300160
45,    1403206,     73.0,     73.0,     73.0,    210.0,  9, 10, 11,  9,    1522163,    1522163,    1522163,    1522163
45,    1403224,     65.0,     65.0,     65.0,    184.0,  4,  5,  6,  4,    1403224,     635023,     635023,    1403224
45,    1403441,      3.0,      3.0,      3.0,    330.0, 10, 11,  9,  6,    1522507,    1522507,    1522507,    1403441
45,    1403446,      3.0,      3.0,      3.0,     56.0, 10, 11,  9,  9,    1522507,    1522507,    1522507,    1522518
45,    1403761,      4.0,      4.0,      4.0,     74.0, 10, 11,  9,  9,    1522507,    1522507,    1522507,    1522659
45,    1403519,      4.0,      4.0,      4.0,    154.0, 10, 11,  9,  4,    1522507,    1522507,    1522507,    1403519
45,    1403591,      4.0,      4.0,      4.0,    103.0, 10, 11,  9,  4,    1522507,    1522507,    1522507,    1403591
45,    1402660,     40.0,     40.0,     40.0,    117.0,  9, 10, 11,  9,    1522119,    1522119,    1522119,    1522119
45,    2519996,     19.0,     19.0,     19.0,     58.0,  9, 10, 11,  9,    2366963,    2366963,    2366963,    2366963
45,    3300116,      4.0,      4.0,      4.0,    117.0, 10, 11,  9,  9,    1522507,    1522507,    1522507,    2694324
45,    3300147,      4.0,      4.0,      4.0,     56.0, 10, 11,  9,  9,    1522507,    1522507,    1522507,    2694427
45,    3307430,     19.0,     19.0,     19.0,     58.0,  9, 10, 11,  9,    1522427,    1522427,    1522427,    1522427
46,    1402966,     24.0,     24.0,     24.0,     69.0,  4,  5,  6,  4,    1402966,    1402966,    1402966,    1402966
46,    1372768,     53.0,     54.0,     53.0,    158.0, 12, 12, 12, 11,    1521738,    1521738,    1521738,    1521738
46,    1402281,     19.0,     19.0,     19.0,     57.0,  9, 10, 11,  9,    1521743,    1521743,    1521743,    1521743
46,    1402401,     40.0,     40.0,     40.0,    117.0,  9, 10, 11,  9,    1521939,    1521939,    1521939,    1521939
46,    2581417,     53.0,     54.0,     52.0,    158.0, 12, 10, 12, 11,    1521738,    1521738,    1521738,    1521738
46,    2581488,     54.0,     55.0,     53.0,    160.0, 12, 10, 12, 11,    1521738,    1521738,    1521738,    1521738
46,    1402411,     19.0,     19.0,     19.0,     58.0,  9, 10, 11,  9,    1521963,    1521963,    1521963,    1521963
46,    2581539,     55.0,     55.0,     54.0,    160.0, 12, 12, 12, 11,    1521738,    1521738,    1521738,    1521738
46,    3308031,     20.0,     20.0,     20.0,     58.0,  9, 10, 11,  9,    1521966,    1521966,    1521966,    1521966
46,    2581921,     41.0,     41.0,     41.0,    119.0,  9, 10, 11,  9,    1522009,    1522009,    1522009,    1522009
46,    2581924,     55.0,     56.0,     55.0,    161.0, 12, 12, 12,  6,    1521738,    1521738,    1521738,    2581921
46,    2581936,     55.0,     56.0,     54.0,    161.0, 12, 10, 12, 11,    1521738,    1521738,    1521738,    1521738
46,    2581953,     55.0,     56.0,     54.0,    161.0, 12, 10, 12, 11,    1521738,    1521738,    1521738,    1521738
46,    2574122,     55.0,     56.0,     54.0,    161.0, 12, 10, 12, 11,    1521738,    1521738,    1521738,    1521738
46,    2574602,     55.0,     56.0,     55.0,    161.0, 12, 12, 12, 11,    1521738,    1521738,    1521738,    1521738
46,    1402514,     53.0,     53.0,     52.0,    149.0,  4,  5,  6,  6,    1402514,    1402514,    1402514,    1402514
46,    1402579,     19.0,     20.0,     20.0,     58.0, 12, 10, 11,  9,    1522042,    1522042,    1522042,    1522042
46,    2575651,     80.0,     80.0,     80.0,    236.0,  9, 10, 11,  9,    1522072,    1522072,    1522072,    1522072
46,    3297329,     25.0,     25.0,     25.0,     76.0,  9, 10, 11,  9,    1522079,    1522079,    1522079,    1522079
46,    3297022,     19.0,     19.0,     19.0,     58.0,  9, 10, 11,  9,    1522104,    1522104,    1522104,    1522104
46,    2576325,     83.0,     83.0,     83.0,    241.0,  9, 10, 11,  9,    1522072,    1522072,    1522072,    1522072
46,    2577448,     73.0,     73.0,     73.0,    211.0,  9, 10, 11,  9,    1522163,    1522163,    1522163,    1522163
46,    2577458,     72.0,     71.0,     71.0,    203.0,  4,  5,  6,  4,     635023,     635023,     635023,     635023
46,    1402884,     46.0,     46.0,     46.0,    131.0,  4,  5,  6,  4,     635023,     635023,     635023,     635023
46,    1402894,     27.0,     27.0,     27.0,     79.0,  9, 10, 11,  9,    1522230,    1522230,    1522230,    1522230
46,    1402915,     20.0,     20.0,     20.0,     59.0,  9, 10, 11,  9,    1522238,    1522238,    1522238,    1522238
46,     635028,     27.0,     27.0,     27.0,     79.0,  9, 10, 11,  9,    1077912,    1077912,    1077912,    1077912
46,    1402950,     36.0,     36.0,     36.0,    102.0,  4,  5,  6,  5,    1402950,    1402950,    1402950,    1402950
46,    1402966,     24.0,     24.0,     24.0,     69.0,  4,  5,  6,  4,    1402966,    1402966,    1402966,    1402966
46,    3300159,     18.0,     18.0,     18.0,     52.0,  4,  5,  6,  4,    3300159,    3300159,    3300159,    3300159
46,    3300160,     15.0,     15.0,     15.0,     44.0,  4,  5,  6,  6,    3300160,    3300160,    3300160,    3300160
46,    1403206,     73.0,     73.0,     73.0,    210.0,  9, 10, 11,  9,    1522163,    1522163,    1522163,    1522163
46,    1403224,     65.0,     65.0,     65.0,    184.0,  4,  5,  6,  4,    1403224,     635023,     635023,    1403224
46,    1403441,      3.0,      3.0,      3.0,    330.0, 10, 11,  9,  6,    1522507,    1522507,    1522507,    1403441
46,    1403446,      3.0,      3.0,      3.0,     56.0, 10, 11,  9,  9,    1522507,    1522507,    1522507,    1522518
46,    1403761,      4.0,      4.0,      4.0,     74.0, 10, 11,  9,  9,    1522507,    1522507,    1522507,    1522659
46,    1403519,      4.0,      4.0,      4.0,    154.0, 10, 11,  9,  4,    1522507,    1522507,    1522507,    1403519
46,    1403591,      4.0,      4.0,      4.0,    103.0, 10, 11,  9,  4,    1522507,    1522507,    1522507,    1403591
46,    1402660,     40.0,     40.0,     40.0,    117.0,  9, 10, 11,  9,    1522119,    1522119,    1522119,    1522119
46,    2519996,     19.0,     19.0,     19.0,     58.0,  9, 10, 11,  9,    2366963,    2366963,    2366963,    2366963
46,    3300116,      4.0,      4.0,      4.0,    117.0, 10, 11,  9,  9,    1522507,    1522507,    1522507,    2694324
46,    3300147,      4.0,      4.0,      4.0,     56.0, 10, 11,  9,  9,    1522507,    1522507,    1522507,    2694427
46,    3307430,     19.0,     19.0,     19.0,     58.0,  9, 10, 11,  9,    1522427,    1522427,    1522427,    1522427
47,    1402966,     24.0,     24.0,     24.0,     69.0,  4,  5,  6,  4,    1402966,    1402966,    1402966,    1402966
47,    1372768,     53.0,     55.0,     53.0,    158.0, 12, 10, 12, 11,    1521738,    1521738,    1521738,    1521738
47,    1402281,     19.0,     19.0,     19.0,     57.0,  9, 10, 11,  9,    1521743,    1521743,    1521743,    1521743
47,    1402401,     40.0,     40.0,     40.0,    117.0,  9, 10, 11,  9,    1521939,    1521939,    1521939,    1521939
47,    2581417,     52.0,     54.0,     52.0,    158.0, 12, 12, 12,  9,    1521738,    1521738,    1521738,    1521738
47,    2581488,     54.0,     55.0,     53.0,    160.0, 12, 12, 12,  9,    1521738,    1521738,    1521738,    1521738
47,    1402411,     19.0,     19.0,     19.0,     57.0,  9, 10, 11, 10,    1521963,    1521963,    1521963,    1521963
47,    2581539,     54.0,     56.0,     54.0,    160.0, 12, 12, 12, 11,    1521738,    1521738,    1521738,    1521738
47,    3308031,     20.0,     20.0,     20.0,     58.0,  9, 10, 11,  9,    1521966,    1521966,    1521966,    1521966
47,    2581921,     40.0,     42.0,     41.0,    119.0, 12, 10, 11,  9,    1522009,    1522009,    1522009,    1522009
47,    2581924,     55.0,     57.0,     54.0,    161.0, 12, 10, 12,  6,    1521738,    1521738,    1521738,    2581921
47,    2581936,     54.0,     56.0,     54.0,    161.0, 12, 12, 12,  9,    1521738,    1521738,    1521738,    1521738
47,    2581953,     54.0,     56.0,     54.0,    161.0, 12, 12, 12,  9,    1521738,    1521738,    1521738,    1521738
47,    2574122,     54.0,     56.0,     54.0,    161.0, 12, 12, 12, 11,    1521738,    1521738,    1521738,    1521738
47,    2574602,     55.0,     57.0,     54.0,    161.0, 12, 10, 12, 11,    1521738,    1521738,    1521738,    1521738
47,    1402514,     53.0,     53.0,     52.0,    149.0,  4,  5,  6,  6,    1402514,    1402514,    1402514,    1402514
47,    1402579,     19.0,     20.0,     20.0,     59.0, 12, 10, 11,  9,    1522042,    1522042,    1522042,    1522042
47,    2575651,     80.0,     80.0,     80.0,    236.0,  9, 10, 11,  9,    1522072,    1522072,    1522072,    1522072
47,    3297329,     25.0,     25.0,     25.0,     76.0,  9, 10, 11,  9,    1522079,    1522079,    1522079,    1522079
47,    3297022,     19.0,     19.0,     19.0,     58.0,  9, 10, 11,  9,    1522104,    1522104,    1522104,    1522104
47,    2576325,     83.0,     83.0,     83.0,    241.0,  9, 10, 11,  9,    1522072,    1522072,    1522072,    1522072
47,    2577448,     73.0,     73.0,     73.0,    211.0,  9, 10, 11,  9,    1522163,    1522163,    1522163,    1522163
47,    2577458,     72.0,     71.0,     71.0,    202.0,  4,  5,  6,  6,     635023,     635023,     635023,     635023
47,    1402884,     46.0,     46.0,     46.0,    131.0,  4,  5,  6,  4,     635023,     635023,     635023,     635023
47,    1402894,     27.0,     27.0,     27.0,     79.0,  9, 10, 11,  9,    1522230,    1522230,    1522230,    1522230
47,    1402915,     20.0,     20.0,     20.0,     59.0,  9, 10, 11,  9,    1522238,    1522238,    1522238,    1522238
47,     635028,     27.0,     27.0,     27.0,     79.0,  9, 10, 11,  9,    1077912,    1077912,    1077912,    1077912
47,    1402950,     36.0,     36.0,     36.0,    102.0,  4,  5,  6,  5,    1402950,    1402950,    1402950,    1402950
47,    1402966,     24.0,     24.0,     24.0,     69.0,  4,  5,  6,  4,    1402966,    1402966,    1402966,    1402966
47,    3300159,     18.0,     18.0,     18.0,     52.0,  4,  5,  6,  4,    3300159,    3300159,    3300159,    3300159
47,    3300160,     15.0,     15.0,     15.0,     44.0,  4,  5,  6,  6,    3300160,    3300160,    3300160,    3300160
47,    1403206,     73.0,     73.0,     73.0,    210.0,  9, 10, 11,  9,    1522163,    1522163,    1522163,    1522163
47,    1403224,     65.0,     65.0,     65.0,    184.0,  4,  5,  6,  4,    1403224,     635023,     635023,    1403224
47,    1403441,      3.0,      3.0,      3.0,    330.0, 10, 11,  9,  5,    1522507,    1522507,    1522507,    1403441
47,    1403446,      3.0,      3.0,      3.0,     56.0, 10, 11,  9,  9,    1522507,    1522507,    1522507,    1522518
47,    1403761,      4.0,      4.0,      4.0,     74.0, 10, 11,  9,  9,    1522507,    1522507,    1522507,    1522659
47,    1403519,      4.0,      4.0,      4.0,    154.0, 10, 11,  9,  4,    1522507,    1522507,    1522507,    1403519
47,    1403591,      4.0,      4.0,      4.0,    103.0, 10, 11,  9,  4,    1522507,    1522507,    1522507,    1403591
47,    1402660,     40.0,     40.0,     40.0,    117.0,  9, 10, 11,  9,    1522119,    1522119,    1522119,    1522119
47,    2519996,     19.0,     19.0,     19.0,     58.0,  9, 10, 11,  9,    2366963,    2366963,    2366963,    2366963
47,    3300116,      4.0,      4.0,      4.0,    117.0, 10, 11,  9,  9,    1522507,    1522507,    1522507,    2694324
47,    3300147,      4.0,      4.0,      4.0,     56.0, 10, 11,  9,  9,    1522507,    1522507,    1522507,    2694427
47,    3307430,     19.0,     19.0,     19.0,     58.0,  9, 10, 11,  9,    1522427,    1522427,    1522427,    1522427
