 F,      BusId,       PA,       PB,       PC,       P3, XA, XB, XC, X3,       id_A,       id_B,       id_C,       id_3
 0,      44255,     18.0,     18.0,     18.0,     55.0,  9, 10, 11,  9,      80015,      80015,      80015,      80015
 0,    2573776,     48.0,     48.0,     47.0,    148.0,  9, 10, 12,  9,      80010,      80010,      80010,      80010
 0,    2573791,     47.0,     47.0,     47.0,    147.0,  9, 10, 11, 10,      80010,      80010,      80010,      80010
 0,    2573831,     47.0,     47.0,     47.0,    147.0,  9, 10, 11,  9,      80010,      80010,      80010,      80010
 0,    2573943,     47.0,     47.0,     47.0,    147.0,  9, 10, 11,  9,      80010,      80010,      80010,      80010
 0,    2614720,     46.0,     46.0,     46.0,    146.0,  9, 10, 11,  9,      80010,      80010,      80010,      80010
 0,    2574035,     46.0,     46.0,     46.0,    145.0,  9, 10, 11,  9,      80010,      80010,      80010,      80010
 0,    2574144,     46.0,     46.0,     46.0,    145.0,  9, 10, 11,  9,      80010,      80010,      80010,      80010
 0,    2574617,     46.0,     46.0,     46.0,    145.0,  9, 10, 11,  9,      80010,      80010,      80010,      80010
 0,    3194731,     23.0,     23.0,     23.0,     73.0,  9, 10, 11,  9,    2663390,    2663390,    2663390,    2663390
 0,    3194751,     23.0,     23.0,     23.0,     73.0,  9, 10, 11,  9,    2663397,    2663397,    2663397,    2663397
 0,    3194737,     23.0,     23.0,     23.0,     72.0,  9, 10, 11, 10,    2401769,    2401769,    2401769,    2401769
 0,    3194626,     23.0,     23.0,     23.0,     73.0,  9, 10, 11,  9,    2663364,    2663364,    2663364,    2663364
 0,    3194097,     18.0,     18.0,     18.0,     55.0,  9, 10, 11,  9,    2372116,    2372116,    2372116,    2372116
 0,    3194110,     18.0,     18.0,     18.0,     55.0,  9, 10, 11,  9,    2663201,    2663201,    2663201,    2663201
 0,    3194050,     24.0,     24.0,     24.0,     74.0,  9, 10, 11,  9,    2663181,    2663181,    2663181,    2663181
 0,    3194071,     17.0,     17.0,     17.0,     54.0,  9, 10, 11,  9,      80086,      80086,      80086,      80086
 0,     933929,     46.0,     46.0,     46.0,    146.0,  9, 10, 11,  9,    1211140,    1211140,    1211140,    1211140
 0,     933924,     47.0,     47.0,     46.0,    147.0,  9, 10, 11, 11,    1211137,    1211137,    1211137,    1211137
 0,    3194526,     23.0,     23.0,     23.0,     73.0,  9, 10, 11,  9,    2663347,    2663347,    2663347,    2663347
 0,    3194541,     23.0,     23.0,     23.0,     73.0,  9, 10, 11,  9,    2663354,    2663354,    2663354,    2663354
 0,      44304,     24.0,     24.0,     24.0,     74.0,  9, 10, 11,  9,      80125,      80125,      80125,      80125
 0,    3194638,     41.0,     39.0,     40.0,    126.0,  9, 10, 11, 10,    2201249,    2201249,    2201249,    2201249
 0,      43457,     37.0,     37.0,     37.0,    117.0,  9, 10, 11,  9,    2403046,    2403046,    2403046,    2403046
 0,    2576524,     39.0,     39.0,     39.0,    120.0,  9, 10, 11,  9,    2403046,    2403046,    2403046,    2403046
 0,    1406046,     39.0,     37.0,     38.0,    120.0,  1,  2,  3,  2,     649576,     649576,    1406046,    1406046
 0,    3419144,     17.0,     17.0,     17.0,     53.0,  9, 10, 11,  9,    1211181,    1211181,    1211181,    1211181
 0,    3194448,     24.0,     23.0,     24.0,     73.0,  9, 10, 11, 10,    2663323,    2663323,    2663323,    2663323
 0,    3195024,     45.0,     45.0,     45.0,    145.0,  9, 10, 11,  9,      80010,      80010,      80010,      80010
 0,    1405960,     23.0,     23.0,     23.0,     73.0,  9, 10, 11, 11,    1523921,    1523921,    1523921,    1523921
 0,    3194851,     45.0,     45.0,     45.0,    144.0,  9, 10, 11,  9,      80010,      80010,      80010,      80010
 0,    2614721,     47.0,     47.0,     47.0,    146.0,  9, 10, 11,  9,      80010,      80010,      80010,      80010
 0,     649581,     40.0,     39.0,     40.0,    125.0,  9,  2,  3, 10,    2201249,     649567,     649581,    2201249
 0,    3194708,     23.0,     23.0,     23.0,     73.0,  9, 10, 11,  9,    2663385,    2663385,    2663385,    2663385
 0,    2579329,     56.0,     56.0,     55.0,    173.0,  9, 10, 11, 11,      80093,      80093,      80093,      80093
 0,    2538885,     44.0,     42.0,     45.0,    133.0,  9, 10, 11, 10,      80037,      80037,      80037,      80037
 0,    1203904,     41.0,     39.0,     40.0,    126.0,  9, 10, 11, 10,    2201249,    2201249,    2201249,    2201249
 0,    3194458,     23.0,     23.0,     23.0,     72.0,  9, 10, 11, 10,    2663325,    2663325,    2663325,    2663325
 0,    2239329,     24.0,     24.0,     24.0,     74.0,  9, 10, 11,  9,      80125,      80125,      80125,      80125
 0,    2524843,     45.0,     43.0,     45.0,    135.0,  9, 10, 12, 10,      80037,      80037,    2371971,      80037
 0,    2524851,     45.0,     44.0,     46.0,    135.0,  9, 10, 11, 10,      80037,      80037,      80037,      80037
 0,    3194467,     24.0,     24.0,     24.0,     73.0,  9, 10, 11, 10,    2663327,    2663327,    2663327,    2663327
 0,    3194502,     24.0,     23.0,     23.0,     72.0,  9, 10, 11, 10,    2663340,    2663340,    2663340,    2663340
 0,    3831482,     45.0,     43.0,     46.0,    135.0,  9, 10, 11, 10,      80037,      80037,      80037,      80037
 0,    3831483,     45.0,     44.0,     46.0,    135.0,  9, 10, 11, 10,      80037,      80037,      80037,      80037
 0,    2537242,     38.0,     38.0,     38.0,    119.0,  9, 10, 11,  9,    2403046,    2403046,    2403046,    2403046
 0,    2574775,     38.0,     38.0,     38.0,    118.0,  9, 10, 11,  9,    2403046,    2403046,    2403046,    2403046
 0,    2574794,     37.0,     38.0,     38.0,    118.0,  9, 10, 11,  9,    2403046,    2403046,    2403046,    2403046
 0,      43455,     36.0,     36.0,     37.0,    116.0,  9, 10, 11,  9,    2403046,    2403046,    2403046,    2403046
 0,      43456,     37.0,     37.0,     37.0,    117.0,  9, 10, 11,  9,    2403046,    2403046,    2403046,    2403046
 0,    2575174,     37.0,     37.0,     37.0,    117.0,  9, 10, 11,  9,    2403046,    2403046,    2403046,    2403046
 0,    2575228,     56.0,     56.0,     55.0,    173.0,  9, 10, 11, 11,      80093,      80093,      80093,      80093
 0,    2575231,     56.0,     56.0,     56.0,    174.0,  9, 10, 11, 11,      80093,      80093,      80093,      80093
 0,      44293,     56.0,     56.0,     56.0,    174.0,  9, 10, 11, 11,      80093,      80093,      80093,      80093
 0,    2524922,     56.0,     56.0,     56.0,    174.0,  9, 10, 11, 11,      80093,      80093,      80093,      80093
 0,    2575371,     57.0,     57.0,     56.0,    175.0,  9, 10, 11, 11,      80093,      80093,      80093,      80093
 0,    2575422,     58.0,     58.0,     57.0,    176.0,  9, 10, 11, 11,      80093,      80093,      80093,      80093
 0,    2575448,     57.0,     57.0,     57.0,    175.0,  9, 10, 11, 11,      80093,      80093,      80093,      80093
 0,    2575544,     56.0,     56.0,     56.0,    174.0,  9, 10, 11, 11,      80093,      80093,      80093,      80093
 0,    2575568,     56.0,     56.0,     55.0,    173.0,  9, 10, 11, 11,      80093,      80093,      80093,      80093
 0,    3191763,     24.0,     24.0,     24.0,     74.0,  9, 10, 11,  9,    2662631,    2662631,    2662631,    2662631
 0,    3191784,     23.0,     23.0,     23.0,     70.0,  9, 10, 11,  9,    2662638,    2662638,    2662638,    2662638
 0,    3193967,     24.0,     24.0,     23.0,     73.0,  9, 10, 11, 11,    2663149,    2663149,    2663149,    2663149
 0,    3193988,     24.0,     23.0,     23.0,     73.0,  9, 10, 11,  9,    2663160,    2663160,    2663160,    2663160
 0,    3191771,     24.0,     24.0,     24.0,     74.0,  9, 10, 11,  9,    2662635,    2662635,    2662635,    2662635
 0,    3191776,     24.0,     24.0,     24.0,     74.0,  9, 10, 11,  9,    2662636,    2662636,    2662636,    2662636
 0,    3191794,     24.0,     24.0,     24.0,     73.0,  9, 10, 11, 10,    2662640,    2662640,    2662640,    2662640
 0,    3194096,     24.0,     24.0,     24.0,     73.0,  9, 10, 11, 11,    2663196,    2663196,    2663196,    2663196
 0,    3194145,     24.0,     24.0,     24.0,     74.0,  9, 10, 11,  9,    2663208,    2663208,    2663208,    2663208
 0,    3194443,     24.0,     23.0,     24.0,     73.0,  9, 10, 11, 10,    2663321,    2663321,    2663321,    2663321
 0,    2577330,     49.0,     49.0,     49.0,    150.0,  9, 10, 11,  9,      80010,      80010,      80010,      80010
 0,    2525031,     18.0,     18.0,     18.0,     56.0,  9, 10, 11,  9,    2372196,    2372196,    2372196,    2372196
 0,    2577380,     49.0,     49.0,     48.0,    149.0,  9, 10, 12,  9,      80010,      80010,      80010,      80010
 0,      44300,     24.0,     24.0,     24.0,     74.0,  9, 10, 11,  9,      80125,      80125,      80125,      80125
 0,    3195095,     24.0,     24.0,     24.0,     74.0,  9, 10, 11,  9,      80125,      80125,      80125,      80125
 0,    2525046,     18.0,     18.0,     18.0,     55.0,  9, 10, 11,  9,    2372220,    2372220,    2372220,    2372220
 0,      43451,     39.0,     39.0,     39.0,    120.0,  9, 10, 11,  9,    2403046,    2403046,    2403046,    2403046
 0,    2577532,     39.0,     39.0,     40.0,    121.0,  9, 10, 11,  9,    2403046,    2403046,    2403046,    2403046
 0,    2577530,     39.0,     39.0,     40.0,    121.0,  9, 10, 11,  9,    2403046,    2403046,    2403046,    2403046
 0,    2577535,     39.0,     39.0,     40.0,    121.0,  9, 10, 11,  9,    2403046,    2403046,    2403046,    2403046
 0,    1119992,     55.0,     55.0,     55.0,    168.0,  9, 10, 11,  9,    1344976,    1344976,    1344976,    1344976
 0,    2525133,     24.0,     24.0,     24.0,     75.0,  9, 10, 11,  9,    2372261,    2372261,    2372261,    2372261
 0,    1120085,     62.0,     62.0,     62.0,    194.0,  9, 10, 11,  9,    1345020,    1345020,    1345020,    1345020
 0,    2537247,     16.0,     16.0,     17.0,     49.0,  9, 10, 11,  9,    2381222,    2381222,    2381222,    2381222
 0,    3194006,     18.0,     18.0,     18.0,     55.0,  9, 10, 11,  9,    2663165,    2663165,    2663165,    2663165
 0,    2614724,     47.0,     47.0,     47.0,    146.0,  9, 10, 11,  9,      80010,      80010,      80010,      80010
 0,    3191508,     24.0,     24.0,     24.0,     73.0,  9, 10, 11,  9,    2662556,    2662556,    2662556,    2662556
 0,    3191539,     17.0,     18.0,     18.0,     54.0,  9, 10, 11,  9,    2662563,    2662563,    2662563,    2662563
 0,    3191564,     24.0,     24.0,     24.0,     75.0,  9, 10, 11,  9,    2662571,    2662571,    2662571,    2662571
 0,    3191586,     18.0,     18.0,     18.0,     55.0,  9, 10, 11,  9,    2662577,    2662577,    2662577,    2662577
 0,    3191610,     18.0,     18.0,     18.0,     55.0,  9, 10, 11, 10,    2662587,    2662587,    2662587,    2662587
 0,    3191685,     24.0,     24.0,     24.0,     73.0,  9, 10, 11, 11,    2662602,    2662602,    2662602,    2662602
 0,    3191706,     18.0,     18.0,     18.0,     55.0,  9, 10, 11,  9,    2662608,    2662608,    2662608,    2662608
 0,    3191744,     18.0,     18.0,     18.0,     55.0,  9, 10, 11, 10,    2662618,    2662618,    2662618,    2662618
 0,    3191738,     18.0,     18.0,     18.0,     55.0,  9, 10, 11,  9,    2662617,    2662617,    2662617,    2662617
 0,    3191755,     24.0,     24.0,     24.0,     75.0,  9, 10, 11,  9,    2662628,    2662628,    2662628,    2662628
 0,    3194140,     24.0,     23.0,     24.0,     73.0,  9, 10, 11, 10,    2663207,    2663207,    2663207,    2663207
 0,    3280980,     23.0,     23.0,     23.0,     72.0,  9, 10, 11, 10,    2687841,    2687841,    2687841,    2687841
 0,    3446393,     24.0,     24.0,     24.0,     75.0,  9, 10, 11,  9,    2742763,    2742763,    2742763,    2742763
 0,    3579600,     58.0,     58.0,     58.0,    177.0,  9, 10, 11, 11,      80093,      80093,      80093,      80093
 0,    3622002,     43.0,     42.0,     43.0,    130.0,  9, 10, 11, 10,    2201249,    2201249,    2201249,    2201249
 0,    4075278,     45.0,     43.0,     44.0,    132.0,  9, 10, 11, 10,    2201249,    2201249,    2201249,    2201249
 0,    4075353,     44.0,     43.0,     44.0,    132.0,  9, 10, 11, 10,    2201249,    2201249,    2201249,    2201249
 1,      44255,     18.0,     18.0,     18.0,     55.0,  9, 10, 11,  9,      80015,      80015,      80015,      80015
 1,    2573776,     48.0,     48.0,     47.0,    148.0,  9, 10, 12,  9,      80010,      80010,      80010,      80010
 1,    2573791,     47.0,     47.0,     47.0,    147.0,  9, 10, 11, 10,      80010,      80010,      80010,      80010
 1,    2573831,     47.0,     47.0,     47.0,    147.0,  9, 10, 11,  9,      80010,      80010,      80010,      80010
 1,    2573943,     47.0,     47.0,     47.0,    146.0,  9, 10, 11, 10,      80010,      80010,      80010,      80010
 1,    2614720,     46.0,     46.0,     46.0,    146.0,  9, 10, 11,  9,      80010,      80010,      80010,      80010
 1,    2574035,     46.0,     46.0,     46.0,    145.0,  9, 10, 11,  9,      80010,      80010,      80010,      80010
 1,    2574144,     46.0,     46.0,     46.0,    145.0,  9, 10, 11,  9,      80010,      80010,      80010,      80010
 1,    2574617,     46.0,     46.0,     46.0,    145.0,  9, 10, 11,  9,      80010,      80010,      80010,      80010
 1,    3194731,     23.0,     23.0,     23.0,     73.0,  9, 10, 11,  9,    2663390,    2663390,    2663390,    2663390
 1,    3194751,     23.0,     23.0,     23.0,     73.0,  9, 10, 11,  9,    2663397,    2663397,    2663397,    2663397
 1,    3194737,     23.0,     23.0,     23.0,     72.0,  9, 10, 11, 10,    2401769,    2401769,    2401769,    2401769
 1,    3194626,     23.0,     23.0,     23.0,     73.0,  9, 10, 11,  9,    2663364,    2663364,    2663364,    2663364
 1,    3194097,     18.0,     18.0,     18.0,     55.0,  9, 10, 11,  9,    2372116,    2372116,    2372116,    2372116
 1,    3194110,     18.0,     18.0,     18.0,     55.0,  9, 10, 11,  9,    2663201,    2663201,    2663201,    2663201
 1,    3194050,     24.0,     24.0,     24.0,     74.0,  9, 10, 11,  9,    2663181,    2663181,    2663181,    2663181
 1,    3194071,     17.0,     17.0,     17.0,     54.0,  9, 10, 11,  9,      80086,      80086,      80086,      80086
 1,     933929,     46.0,     46.0,     46.0,    146.0,  9, 10, 11,  9,    1211140,    1211140,    1211140,    1211140
 1,     933924,     47.0,     47.0,     47.0,    148.0,  9, 10, 11,  9,    1211137,    1211137,    1211137,    1211137
 1,    3194526,     23.0,     23.0,     23.0,     73.0,  9, 10, 11,  9,    2663347,    2663347,    2663347,    2663347
 1,    3194541,     23.0,     23.0,     23.0,     73.0,  9, 10, 11,  9,    2663354,    2663354,    2663354,    2663354
 1,      44304,     24.0,     24.0,     24.0,     74.0,  9, 10, 11,  9,      80125,      80125,      80125,      80125
 1,    3194638,     41.0,     40.0,     41.0,    127.0,  9, 10, 11, 10,    2201249,    2201249,    2201249,    2201249
 1,      43457,     37.0,     39.0,     37.0,    117.0,  9, 10, 11,  9,      78207,      78207,    2403046,    2403046
 1,    2576524,     39.0,     41.0,     39.0,    120.0,  9, 10, 11,  9,      78207,    2403046,    2403046,    2403046
 1,    1406046,     39.0,     37.0,     38.0,    121.0,  1,  2,  3,  2,     649576,    1406046,    1406046,    1406046
 1,    3419144,     17.0,     17.0,     17.0,     53.0,  9, 10, 11,  9,    1211181,    1211181,    1211181,    1211181
 1,    3194448,     24.0,     23.0,     24.0,     73.0,  9, 10, 11, 10,    2663323,    2663323,    2663323,    2663323
 1,    3195024,     45.0,     45.0,     45.0,    145.0,  9, 10, 11,  9,      80010,      80010,      80010,      80010
 1,    1405960,     23.0,     23.0,     23.0,     73.0,  9, 10, 11, 11,    1523921,    1523921,    1523921,    1523921
 1,    3194851,     45.0,     45.0,     45.0,    144.0,  9, 10, 11,  9,      80010,      80010,      80010,      80010
 1,    2614721,     47.0,     47.0,     47.0,    146.0,  9, 10, 11,  9,      80010,      80010,      80010,      80010
 1,     649581,     41.0,     39.0,     40.0,    127.0,  1,  2,  3, 10,     649567,     649581,     649581,    2201249
 1,    3194708,     23.0,     23.0,     23.0,     73.0,  9, 10, 11,  9,    2663385,    2663385,    2663385,    2663385
 1,    2579329,     57.0,     57.0,     56.0,    175.0,  9, 10, 11, 11,      80093,      80093,      80093,      80093
 1,    2538885,     44.0,     42.0,     45.0,    134.0,  9, 10, 11, 10,      80037,      80037,      80037,      80037
 1,    1203904,     41.0,     40.0,     41.0,    128.0,  9, 10, 11, 10,    2201249,    2201249,    2201249,    2201249
 1,    3194458,     23.0,     23.0,     23.0,     72.0,  9, 10, 11, 10,    2663325,    2663325,    2663325,    2663325
 1,    2239329,     24.0,     24.0,     24.0,     74.0,  9, 10, 11,  9,      80125,      80125,      80125,      80125
 1,    2524843,     45.0,     44.0,     45.0,    136.0,  9, 10, 12, 10,      80037,      80037,    2371971,      80037
 1,    2524851,     45.0,     44.0,     46.0,    137.0,  9, 10, 11, 10,      80037,      80037,      80037,      80037
 1,    3194467,     24.0,     24.0,     24.0,     73.0,  9, 10, 11, 10,    2663327,    2663327,    2663327,    2663327
 1,    3194502,     24.0,     23.0,     23.0,     72.0,  9, 10, 11, 10,    2663340,    2663340,    2663340,    2663340
 1,    3831482,     45.0,     44.0,     46.0,    136.0,  9, 10, 11, 10,      80037,      80037,      80037,      80037
 1,    3831483,     45.0,     44.0,     46.0,    137.0,  9, 10, 11, 10,      80037,      80037,      80037,      80037
 1,    2537242,     38.0,     40.0,     38.0,    119.0,  9, 10, 11,  9,    2403046,    2403046,    2403046,    2403046
 1,    2574775,     37.0,     40.0,     38.0,    118.0,  9, 10, 11,  9,    2403046,      78207,    2403046,    2403046
 1,    2574794,     37.0,     40.0,     38.0,    118.0,  9, 10, 11,  9,    2403046,      78207,    2403033,    2403046
 1,      43455,     36.0,     38.0,     37.0,    116.0,  9, 10, 11,  9,    2403046,    2403046,    2403033,    2403046
 1,      43456,     37.0,     39.0,     37.0,    117.0,  9, 10, 11,  9,    2403046,    2403046,    2403046,    2403046
 1,    2575174,     37.0,     39.0,     37.0,    117.0,  9, 10, 11,  9,      78207,    2403046,    2403046,    2403046
 1,    2575228,     57.0,     57.0,     56.0,    176.0,  9, 10, 11, 11,      80093,      80093,      80093,      80093
 1,    2575231,     57.0,     57.0,     56.0,    176.0,  9, 10, 11, 11,      80093,      80093,      80093,      80093
 1,      44293,     57.0,     57.0,     56.0,    176.0,  9, 10, 11, 11,      80093,      80093,      80093,      80093
 1,    2524922,     57.0,     57.0,     56.0,    176.0,  9, 10, 11, 11,      80093,      80093,      80093,      80093
 1,    2575371,     58.0,     58.0,     57.0,    177.0,  9, 10, 11, 11,      80093,      80093,      80093,      80093
 1,    2575422,     59.0,     59.0,     58.0,    178.0,  9, 10, 11, 11,      80093,      80093,      80093,      80093
 1,    2575448,     58.0,     58.0,     57.0,    177.0,  9, 10, 11, 11,      80093,      80093,      80093,      80093
 1,    2575544,     57.0,     57.0,     56.0,    176.0,  9, 10, 11, 11,      80093,      80093,      80093,      80093
 1,    2575568,     57.0,     56.0,     56.0,    175.0,  9, 10, 11, 11,      80093,      80093,      80093,      80093
 1,    3191763,     24.0,     24.0,     24.0,     74.0,  9, 10, 11,  9,    2662631,    2662631,    2662631,    2662631
 1,    3191784,     23.0,     23.0,     23.0,     71.0,  9, 10, 11,  9,    2662638,    2662638,    2662638,    2662638
 1,    3193967,     24.0,     24.0,     24.0,     73.0,  9, 10, 11, 11,    2663149,    2663149,    2663149,    2663149
 1,    3193988,     23.0,     23.0,     23.0,     73.0,  9, 10, 11,  9,    2663160,    2663160,    2663160,    2663160
 1,    3191771,     24.0,     24.0,     24.0,     74.0,  9, 10, 11,  9,    2662635,    2662635,    2662635,    2662635
 1,    3191776,     24.0,     24.0,     24.0,     74.0,  9, 10, 11,  9,    2662636,    2662636,    2662636,    2662636
 1,    3191794,     24.0,     24.0,     23.0,     73.0,  9, 10, 11, 11,    2662640,    2662640,    2662640,    2662640
 1,    3194096,     24.0,     24.0,     24.0,     73.0,  9, 10, 11, 11,    2663196,    2663196,    2663196,    2663196
 1,    3194145,     24.0,     24.0,     24.0,     74.0,  9, 10, 11,  9,    2663208,    2663208,    2663208,    2663208
 1,    3194443,     24.0,     23.0,     24.0,     73.0,  9, 10, 11, 10,    2663321,    2663321,    2663321,    2663321
 1,    2577330,     49.0,     49.0,     49.0,    150.0,  9, 10, 11,  9,      80010,      80010,      80010,      80010
 1,    2525031,     18.0,     18.0,     18.0,     56.0,  9, 10, 11,  9,    2372196,    2372196,    2372196,    2372196
 1,    2577380,     49.0,     49.0,     48.0,    149.0,  9, 10, 12,  9,      80010,      80010,      80010,      80010
 1,      44300,     24.0,     24.0,     24.0,     74.0,  9, 10, 11,  9,      80125,      80125,      80125,      80125
 1,    3195095,     24.0,     24.0,     24.0,     74.0,  9, 10, 11,  9,      80125,      80125,      80125,      80125
 1,    2525046,     18.0,     18.0,     18.0,     55.0,  9, 10, 11,  9,    2372220,    2372220,    2372220,    2372220
 1,      43451,     39.0,     41.0,     39.0,    120.0,  9, 10, 11,  9,    2403046,    2403046,    2403046,    2403046
 1,    2577532,     39.0,     41.0,     40.0,    121.0,  9, 10, 11,  9,    2403046,    2403046,    2403033,    2403046
 1,    2577530,     39.0,     42.0,     40.0,    121.0,  9, 10, 11,  9,    2403046,    2403034,    2403034,    2403046
 1,    2577535,     39.0,     42.0,     40.0,    121.0,  9, 10, 11,  9,    2403046,    2403046,    2403046,    2403046
 1,    1119992,     55.0,     57.0,     55.0,    168.0,  9, 10, 11,  9,    1344976,    1344976,    1344976,    1344976
 1,    2525133,     24.0,     24.0,     24.0,     74.0,  9, 10, 11,  9,    2372261,    2372261,    2372261,    2372261
 1,    1120085,     62.0,     62.0,     62.0,    194.0,  9, 10, 11,  9,    1345020,    1345020,    1345020,    1345020
 1,    2537247,     15.0,     17.0,     17.0,     47.0,  9, 10, 11,  9,    2381222,    2381222,    2381222,    2381222
 1,    3194006,     18.0,     18.0,     18.0,     55.0,  9, 10, 11,  9,    2663165,    2663165,    2663165,    2663165
 1,    2614724,     47.0,     47.0,     47.0,    146.0,  9, 10, 11,  9,      80010,      80010,      80010,      80010
 1,    3191508,     24.0,     24.0,     24.0,     74.0,  9, 10, 11,  9,    2662556,    2662556,    2662556,    2662556
 1,    3191539,     18.0,     18.0,     18.0,     55.0,  9, 10, 11,  9,    2662563,    2662563,    2662563,    2662563
 1,    3191564,     24.0,     24.0,     24.0,     74.0,  9, 10, 11, 10,    2662571,    2662571,    2662571,    2662571
 1,    3191586,     18.0,     18.0,     18.0,     55.0,  9, 10, 11,  9,    2662577,    2662577,    2662577,    2662577
 1,    3191610,     18.0,     18.0,     18.0,     55.0,  9, 10, 11, 10,    2662587,    2662587,    2662587,    2662587
 1,    3191685,     24.0,     24.0,     24.0,     73.0,  9, 10, 11, 11,    2662602,    2662602,    2662602,    2662602
 1,    3191706,     18.0,     18.0,     18.0,     54.0,  9, 10, 11, 11,    2662608,    2662608,    2662608,    2662608
 1,    3191744,     18.0,     18.0,     18.0,     55.0,  9, 10, 11, 10,    2662618,    2662618,    2662618,    2662618
 1,    3191738,     18.0,     18.0,     18.0,     55.0,  9, 10, 11,  9,    2662617,    2662617,    2662617,    2662617
 1,    3191755,     24.0,     24.0,     24.0,     75.0,  9, 10, 11,  9,    2662628,    2662628,    2662628,    2662628
 1,    3194140,     24.0,     23.0,     24.0,     73.0,  9, 10, 11, 10,    2663207,    2663207,    2663207,    2663207
 1,    3280980,     23.0,     23.0,     23.0,     72.0,  9, 10, 11, 10,    2687841,    2687841,    2687841,    2687841
 1,    3446393,     24.0,     24.0,     24.0,     75.0,  9, 10, 11,  9,    2742763,    2742763,    2742763,    2742763
 1,    3579600,     59.0,     59.0,     58.0,    179.0,  9, 10, 11, 11,      80093,      80093,      80093,      80093
 1,    3622002,     44.0,     42.0,     43.0,    132.0,  9, 10, 11, 10,    2201249,    2201249,    2201249,    2201249
 1,    4075278,     45.0,     44.0,     44.0,    134.0,  9, 10, 11, 10,    2201249,    2201249,    2201249,    2201249
 1,    4075353,     45.0,     44.0,     44.0,    134.0,  9, 10, 11, 10,    2201249,    2201249,    2201249,    2201249
 2,      44255,     18.0,     18.0,     18.0,     55.0,  9, 10, 11,  9,      80015,      80015,      80015,      80015
 2,    2573776,     48.0,     48.0,     47.0,    148.0,  9, 10, 12,  9,      80010,      80010,      80010,      80010
 2,    2573791,     47.0,     47.0,     47.0,    147.0,  9, 10, 11, 10,      80010,      80010,      80010,      80010
 2,    2573831,     47.0,     47.0,     47.0,    147.0,  9, 10, 11,  9,      80010,      80010,      80010,      80010
 2,    2573943,     47.0,     47.0,     47.0,    146.0,  9, 10, 11, 10,      80010,      80010,      80010,      80010
 2,    2614720,     46.0,     46.0,     46.0,    146.0,  9, 10, 11,  9,      80010,      80010,      80010,      80010
 2,    2574035,     46.0,     46.0,     46.0,    145.0,  9, 10, 11,  9,      80010,      80010,      80010,      80010
 2,    2574144,     46.0,     46.0,     46.0,    145.0,  9, 10, 11,  9,      80010,      80010,      80010,      80010
 2,    2574617,     46.0,     46.0,     46.0,    145.0,  9, 10, 11,  9,      80010,      80010,      80010,      80010
 2,    3194731,     23.0,     23.0,     23.0,     73.0,  9, 10, 11,  9,    2663390,    2663390,    2663390,    2663390
 2,    3194751,     23.0,     23.0,     23.0,     73.0,  9, 10, 11,  9,    2663397,    2663397,    2663397,    2663397
 2,    3194737,     23.0,     23.0,     23.0,     72.0,  9, 10, 11, 10,    2401769,    2401769,    2401769,    2401769
 2,    3194626,     23.0,     23.0,     23.0,     73.0,  9, 10, 11,  9,    2663364,    2663364,    2663364,    2663364
 2,    3194097,     18.0,     18.0,     18.0,     55.0,  9, 10, 11,  9,    2372116,    2372116,    2372116,    2372116
 2,    3194110,     18.0,     18.0,     18.0,     55.0,  9, 10, 11,  9,    2663201,    2663201,    2663201,    2663201
 2,    3194050,     24.0,     24.0,     24.0,     74.0,  9, 10, 11,  9,    2663181,    2663181,    2663181,    2663181
 2,    3194071,     17.0,     17.0,     17.0,     54.0,  9, 10, 11,  9,      80086,      80086,      80086,      80086
 2,     933929,     46.0,     46.0,     46.0,    146.0,  9, 10, 11,  9,    1211140,    1211140,    1211140,    1211140
 2,     933924,     47.0,     47.0,     47.0,    148.0,  9, 10, 11,  9,    1211137,    1211137,    1211137,    1211137
 2,    3194526,     23.0,     23.0,     23.0,     73.0,  9, 10, 11,  9,    2663347,    2663347,    2663347,    2663347
 2,    3194541,     23.0,     23.0,     23.0,     73.0,  9, 10, 11,  9,    2663354,    2663354,    2663354,    2663354
 2,      44304,     24.0,     24.0,     24.0,     74.0,  9, 10, 11,  9,      80125,      80125,      80125,      80125
 2,    3194638,     41.0,     40.0,     40.0,    129.0,  9, 10, 11, 10,    2201249,    2201249,    2201249,    2201249
 2,      43457,     36.0,     38.0,     36.0,    115.0,  9, 10, 11,  9,    2403046,      78207,    2403046,    2403046
 2,    2576524,     38.0,     40.0,     38.0,    118.0,  9, 10, 11,  9,    2403046,      78207,    2403046,    2403046
 2,    1406046,     39.0,     38.0,     38.0,    122.0,  1,  2,  3,  2,     649576,     649576,     649576,    1406046
 2,    3419144,     17.0,     17.0,     17.0,     52.0,  9, 10, 11, 10,    1211181,    1211181,    1211181,    1211181
 2,    3194448,     24.0,     24.0,     24.0,     73.0,  9, 10, 11, 10,    2663323,    2663323,    2663323,    2663323
 2,    3195024,     45.0,     45.0,     45.0,    145.0,  9, 10, 11,  9,      80010,      80010,      80010,      80010
 2,    1405960,     23.0,     23.0,     23.0,     73.0,  9, 10, 11, 11,    1523921,    1523921,    1523921,    1523921
 2,    3194851,     45.0,     45.0,     45.0,    144.0,  9, 10, 11,  9,      80010,      80010,      80010,      80010
 2,    2614721,     47.0,     47.0,     47.0,    146.0,  9, 10, 11,  9,      80010,      80010,      80010,      80010
 2,     649581,     40.0,     40.0,     40.0,    128.0,  9,  2,  3, 10,    2201249,     649567,     649567,    2201249
 2,    3194708,     23.0,     23.0,     23.0,     73.0,  9, 10, 11,  9,    2663385,    2663385,    2663385,    2663385
 2,    2579329,     57.0,     57.0,     57.0,    177.0,  9, 10, 11, 11,      80093,      80093,      80093,      80093
 2,    2538885,     44.0,     44.0,     45.0,    138.0,  9, 10, 11, 10,      80037,      80037,      80037,      80037
 2,    1203904,     41.0,     40.0,     40.0,    129.0,  9, 10, 11, 10,    2201249,    2201249,    2201249,    2201249
 2,    3194458,     23.0,     23.0,     23.0,     73.0,  9, 10, 11,  9,    2663325,    2663325,    2663325,    2663325
 2,    2239329,     24.0,     24.0,     24.0,     74.0,  9, 10, 11,  9,      80125,      80125,      80125,      80125
 2,    2524843,     45.0,     45.0,     45.0,    140.0,  9, 10, 12, 10,      80037,      80037,    2371971,      80037
 2,    2524851,     46.0,     45.0,     46.0,    140.0,  9, 10, 11, 10,      80037,      80037,      80037,      80037
 2,    3194467,     24.0,     24.0,     24.0,     74.0,  9, 10, 11,  9,    2663327,    2663327,    2663327,    2663327
 2,    3194502,     24.0,     23.0,     23.0,     73.0,  9, 10, 11, 10,    2663340,    2663340,    2663340,    2663340
 2,    3831482,     45.0,     45.0,     46.0,    140.0,  9, 10, 11, 10,      80037,      80037,      80037,      80037
 2,    3831483,     46.0,     45.0,     46.0,    141.0,  9, 10, 11, 10,      80037,      80037,      80037,      80037
 2,    2537242,     37.0,     39.0,     37.0,    117.0,  9, 10, 11,  9,    2403046,    2403046,    2403046,    2403046
 2,    2574775,     37.0,     39.0,     37.0,    116.0,  9, 10, 11, 11,    2403046,      78207,    2403046,    2403046
 2,    2574794,     37.0,     39.0,     37.0,    116.0,  9, 10, 11,  9,    2403046,      78207,    2403033,    2403046
 2,      43455,     36.0,     37.0,     36.0,    114.0,  9, 10, 11, 11,    2403046,    2403046,    2403033,    2403046
 2,      43456,     37.0,     38.0,     36.0,    115.0,  9, 10, 11, 11,      78207,    2403046,    2403046,    2403046
 2,    2575174,     36.0,     38.0,     36.0,    115.0,  9, 10, 11,  9,    2403046,    2403046,    2403046,    2403046
 2,    2575228,     57.0,     57.0,     57.0,    177.0,  9, 10, 11, 11,      80093,      80093,      80093,      80093
 2,    2575231,     57.0,     57.0,     57.0,    177.0,  9, 10, 11, 11,      80093,      80093,      80093,      80093
 2,      44293,     57.0,     57.0,     57.0,    178.0,  9, 10, 11, 11,      80093,      80093,      80093,      80093
 2,    2524922,     58.0,     57.0,     57.0,    178.0,  9, 10, 11, 11,      80093,      80093,      80093,      80093
 2,    2575371,     58.0,     58.0,     58.0,    179.0,  9, 10, 11, 10,      80093,      80093,      80093,      80093
 2,    2575422,     59.0,     59.0,     58.0,    180.0,  9, 10, 11, 11,      80093,      80093,      80093,      80093
 2,    2575448,     58.0,     58.0,     58.0,    179.0,  9, 10, 11, 11,      80093,      80093,      80093,      80093
 2,    2575544,     57.0,     57.0,     57.0,    178.0,  9, 10, 11, 11,      80093,      80093,      80093,      80093
 2,    2575568,     57.0,     56.0,     56.0,    176.0,  9, 10, 11, 11,      80093,      80093,      80093,      80093
 2,    3191763,     24.0,     24.0,     24.0,     74.0,  9, 10, 11,  9,    2662631,    2662631,    2662631,    2662631
 2,    3191784,     23.0,     23.0,     23.0,     70.0,  9, 10, 11,  9,    2662638,    2662638,    2662638,    2662638
 2,    3193967,     24.0,     24.0,     24.0,     73.0,  9, 10, 11, 11,    2663149,    2663149,    2663149,    2663149
 2,    3193988,     24.0,     24.0,     23.0,     73.0,  9, 10, 11,  9,    2663160,    2663160,    2663160,    2663160
 2,    3191771,     24.0,     24.0,     24.0,     74.0,  9, 10, 11,  9,    2662635,    2662635,    2662635,    2662635
 2,    3191776,     24.0,     24.0,     24.0,     74.0,  9, 10, 11,  9,    2662636,    2662636,    2662636,    2662636
 2,    3191794,     24.0,     24.0,     24.0,     73.0,  9, 10, 11, 11,    2662640,    2662640,    2662640,    2662640
 2,    3194096,     24.0,     24.0,     23.0,     73.0,  9, 10, 11, 11,    2663196,    2663196,    2663196,    2663196
 2,    3194145,     24.0,     24.0,     24.0,     74.0,  9, 10, 11,  9,    2663208,    2663208,    2663208,    2663208
 2,    3194443,     24.0,     23.0,     23.0,     73.0,  9, 10, 11, 10,    2663321,    2663321,    2663321,    2663321
 2,    2577330,     49.0,     49.0,     49.0,    150.0,  9, 10, 11,  9,      80010,      80010,      80010,      80010
 2,    2525031,     18.0,     18.0,     18.0,     56.0,  9, 10, 11,  9,    2372196,    2372196,    2372196,    2372196
 2,    2577380,     49.0,     49.0,     48.0,    149.0,  9, 10, 12,  9,      80010,      80010,      80010,      80010
 2,      44300,     24.0,     24.0,     24.0,     74.0,  9, 10, 11,  9,      80125,      80125,      80125,      80125
 2,    3195095,     24.0,     24.0,     24.0,     74.0,  9, 10, 11,  9,      80125,      80125,      80125,      80125
 2,    2525046,     18.0,     18.0,     18.0,     55.0,  9, 10, 11,  9,    2372220,    2372220,    2372220,    2372220
 2,      43451,     38.0,     40.0,     38.0,    118.0,  9, 10, 11, 11,    2403046,    2403046,    2403046,    2403046
 2,    2577532,     39.0,     40.0,     39.0,    119.0,  9, 10, 11, 11,    2403046,    2403046,    2403033,    2403046
 2,    2577530,     39.0,     40.0,     39.0,    119.0,  9, 10, 11, 11,    2403046,    2403046,    2403034,    2403046
 2,    2577535,     39.0,     40.0,     39.0,    119.0,  9, 10, 11, 11,    2403046,    2403046,    2403046,    2403046
 2,    1119992,     54.0,     56.0,     54.0,    167.0,  9, 10, 11,  9,    1344976,    1344976,    1344976,    1344976
 2,    2525133,     24.0,     24.0,     24.0,     74.0,  9, 10, 11,  9,    2372261,    2372261,    2372261,    2372261
 2,    1120085,     62.0,     62.0,     62.0,    194.0,  9, 10, 11,  9,    1345020,    1345020,    1345020,    1345020
 2,    2537247,     16.0,     17.0,     17.0,     49.0,  9, 10, 11,  9,    2381222,    2381222,    2381222,    2381222
 2,    3194006,     18.0,     18.0,     18.0,     55.0,  9, 10, 11,  9,    2663165,    2663165,    2663165,    2663165
 2,    2614724,     47.0,     47.0,     47.0,    146.0,  9, 10, 11,  9,      80010,      80010,      80010,      80010
 2,    3191508,     24.0,     24.0,     24.0,     73.0,  9, 10, 11,  9,    2662556,    2662556,    2662556,    2662556
 2,    3191539,     18.0,     18.0,     18.0,     54.0,  9, 10, 11,  9,    2662563,    2662563,    2662563,    2662563
 2,    3191564,     24.0,     24.0,     24.0,     75.0,  9, 10, 11,  9,    2662571,    2662571,    2662571,    2662571
 2,    3191586,     18.0,     18.0,     18.0,     55.0,  9, 10, 11,  9,    2662577,    2662577,    2662577,    2662577
 2,    3191610,     18.0,     18.0,     18.0,     55.0,  9, 10, 11, 11,    2662587,    2662587,    2662587,    2662587
 2,    3191685,     24.0,     24.0,     24.0,     73.0,  9, 10, 11, 11,    2662602,    2662602,    2662602,    2662602
 2,    3191706,     18.0,     18.0,     18.0,     55.0,  9, 10, 11,  9,    2662608,    2662608,    2662608,    2662608
 2,    3191744,     18.0,     18.0,     18.0,     55.0,  9, 10, 11, 10,    2662618,    2662618,    2662618,    2662618
 2,    3191738,     18.0,     18.0,     18.0,     55.0,  9, 10, 11,  9,    2662617,    2662617,    2662617,    2662617
 2,    3191755,     24.0,     24.0,     24.0,     75.0,  9, 10, 11,  9,    2662628,    2662628,    2662628,    2662628
 2,    3194140,     24.0,     24.0,     24.0,     73.0,  9, 10, 11, 10,    2663207,    2663207,    2663207,    2663207
 2,    3280980,     23.0,     23.0,     23.0,     72.0,  9, 10, 11, 10,    2687841,    2687841,    2687841,    2687841
 2,    3446393,     24.0,     24.0,     24.0,     75.0,  9, 10, 11,  9,    2742763,    2742763,    2742763,    2742763
 2,    3579600,     59.0,     59.0,     59.0,    181.0,  9, 10, 11, 11,      80093,      80093,      80093,      80093
 2,    3622002,     43.0,     43.0,     43.0,    133.0,  9, 10, 11, 10,    2201249,    2201249,    2201249,    2201249
 2,    4075278,     45.0,     44.0,     44.0,    135.0,  9, 10, 11, 10,    2201249,    2201249,    2201249,    2201249
 2,    4075353,     45.0,     44.0,     44.0,    135.0,  9, 10, 11, 10,    2201249,    2201249,    2201249,    2201249
 3,      44255,     18.0,     18.0,     18.0,     55.0,  9, 10, 11,  9,      80015,      80015,      80015,      80015
 3,    2573776,     47.0,     47.0,     47.0,    148.0,  9, 10, 11,  9,      80010,      80010,      80010,      80010
 3,    2573791,     47.0,     47.0,     47.0,    147.0,  9, 10, 11,  9,      80010,      80010,      80010,      80010
 3,    2573831,     47.0,     47.0,     47.0,    147.0,  9, 10, 11,  9,      80010,      80010,      80010,      80010
 3,    2573943,     47.0,     47.0,     47.0,    146.0,  9, 10, 11,  9,      80010,      80010,      80010,      80010
 3,    2614720,     46.0,     46.0,     46.0,    146.0,  9, 10, 11,  9,      80010,      80010,      80010,      80010
 3,    2574035,     46.0,     46.0,     46.0,    145.0,  9, 10, 11,  9,      80010,      80010,      80010,      80010
 3,    2574144,     46.0,     46.0,     46.0,    145.0,  9, 10, 11,  9,      80010,      80010,      80010,      80010
 3,    2574617,     46.0,     46.0,     46.0,    145.0,  9, 10, 11,  9,      80010,      80010,      80010,      80010
 3,    3194731,     23.0,     23.0,     23.0,     73.0,  9, 10, 11,  9,    2663390,    2663390,    2663390,    2663390
 3,    3194751,     23.0,     23.0,     23.0,     73.0,  9, 10, 11,  9,    2663397,    2663397,    2663397,    2663397
 3,    3194737,     23.0,     23.0,     23.0,     72.0,  9, 10, 11, 10,    2401769,    2401769,    2401769,    2401769
 3,    3194626,     23.0,     23.0,     23.0,     73.0,  9, 10, 11,  9,    2663364,    2663364,    2663364,    2663364
 3,    3194097,     18.0,     18.0,     18.0,     55.0,  9, 10, 11,  9,    2372116,    2372116,    2372116,    2372116
 3,    3194110,     18.0,     18.0,     18.0,     55.0,  9, 10, 11,  9,    2663201,    2663201,    2663201,    2663201
 3,    3194050,     24.0,     24.0,     24.0,     74.0,  9, 10, 11,  9,    2663181,    2663181,    2663181,    2663181
 3,    3194071,     17.0,     17.0,     17.0,     54.0,  9, 10, 11,  9,      80086,      80086,      80086,      80086
 3,     933929,     46.0,     46.0,     46.0,    146.0,  9, 10, 11,  9,    1211140,    1211140,    1211140,    1211140
 3,     933924,     47.0,     47.0,     47.0,    148.0,  9, 10, 11,  9,    1211137,    1211137,    1211137,    1211137
 3,    3194526,     23.0,     23.0,     23.0,     73.0,  9, 10, 11,  9,    2663347,    2663347,    2663347,    2663347
 3,    3194541,     23.0,     23.0,     23.0,     73.0,  9, 10, 11,  9,    2663354,    2663354,    2663354,    2663354
 3,      44304,     24.0,     24.0,     24.0,     74.0,  9, 10, 11,  9,      80125,      80125,      80125,      80125
 3,    3194638,     41.0,     40.0,     41.0,    129.0,  9, 10, 11, 10,    2201249,    2201249,    2201249,    2201249
 3,      43457,     37.0,     39.0,     37.0,    119.0,  9, 10, 11,  9,    2403046,    2403046,    2403046,    2403046
 3,    2576524,     39.0,     41.0,     39.0,    122.0,  9, 10, 11,  9,    2403046,    2403046,    2403046,    2403046
 3,    1406046,     38.0,     38.0,     38.0,    122.0,  1,  2,  3,  2,    1406046,     649576,     649576,    1406046
 3,    3419144,     17.0,     17.0,     17.0,     53.0,  9, 10, 11,  9,    1211181,    1211181,    1211181,    1211181
 3,    3194448,     24.0,     23.0,     24.0,     73.0,  9, 10, 11, 10,    2663323,    2663323,    2663323,    2663323
 3,    3195024,     45.0,     45.0,     45.0,    144.0,  9, 10, 11, 10,      80010,      80010,      80010,      80010
 3,    1405960,     23.0,     23.0,     23.0,     73.0,  9, 10, 11,  9,    1523921,    1523921,    1523921,    1523921
 3,    3194851,     45.0,     45.0,     45.0,    144.0,  9, 10, 11,  9,      80010,      80010,      80010,      80010
 3,    2614721,     47.0,     47.0,     47.0,    146.0,  9, 10, 11,  9,      80010,      80010,      80010,      80010
 3,     649581,     40.0,     40.0,     40.0,    128.0,  9,  2,  3, 10,    2201249,     649567,     649567,    2201249
 3,    3194708,     23.0,     23.0,     23.0,     73.0,  9, 10, 11,  9,    2663385,    2663385,    2663385,    2663385
 3,    2579329,     58.0,     57.0,     57.0,    179.0,  9, 10, 11, 10,      80093,      80093,      80093,      80093
 3,    2538885,     44.0,     43.0,     45.0,    137.0,  9, 10, 11, 10,      80037,      80037,      80037,      80037
 3,    1203904,     41.0,     40.0,     41.0,    129.0,  9, 10, 11, 10,    2201249,    2201249,    2201249,    2201249
 3,    3194458,     23.0,     23.0,     23.0,     73.0,  9, 10, 11,  9,    2663325,    2663325,    2663325,    2663325
 3,    2239329,     24.0,     24.0,     24.0,     74.0,  9, 10, 11,  9,      80125,      80125,      80125,      80125
 3,    2524843,     45.0,     45.0,     45.0,    139.0,  9, 10, 12, 10,      80037,      80037,    2371971,      80037
 3,    2524851,     46.0,     45.0,     45.0,    139.0,  9, 10, 12, 10,      80037,      80037,    2371975,      80037
 3,    3194467,     24.0,     24.0,     24.0,     74.0,  9, 10, 11,  9,    2663327,    2663327,    2663327,    2663327
 3,    3194502,     23.0,     23.0,     23.0,     73.0,  9, 10, 11,  9,    2663340,    2663340,    2663340,    2663340
 3,    3831482,     45.0,     45.0,     46.0,    139.0,  9, 10, 11, 10,      80037,      80037,      80037,      80037
 3,    3831483,     46.0,     45.0,     46.0,    139.0,  9, 10, 11, 10,      80037,      80037,      80037,      80037
 3,    2537242,     39.0,     41.0,     39.0,    121.0,  9, 10, 11,  9,    2403046,      78207,    2403033,    2403046
 3,    2574775,     38.0,     40.0,     38.0,    120.0,  9, 10, 11, 11,    2403046,    2403046,    2403046,    2403046
 3,    2574794,     38.0,     40.0,     38.0,    120.0,  9, 10, 11, 11,    2403046,    2403046,    2403046,    2403046
 3,      43455,     37.0,     39.0,     37.0,    118.0,  9, 10, 11, 11,    2403046,      78207,    2403046,    2403046
 3,      43456,     38.0,     40.0,     38.0,    119.0,  9, 10, 11, 11,    2403034,      78207,    2403033,    2403046
 3,    2575174,     38.0,     39.0,     37.0,    119.0,  9, 10, 11,  9,      78207,    2403046,    2403046,    2403046
 3,    2575228,     58.0,     57.0,     57.0,    179.0,  9, 10, 11, 10,      80093,      80093,      80093,      80093
 3,    2575231,     58.0,     57.0,     57.0,    179.0,  9, 10, 11, 11,      80093,      80093,      80093,      80093
 3,      44293,     58.0,     58.0,     57.0,    179.0,  9, 10, 11, 11,      80093,      80093,      80093,      80093
 3,    2524922,     58.0,     58.0,     57.0,    179.0,  9, 10, 11, 11,      80093,      80093,      80093,      80093
 3,    2575371,     59.0,     58.0,     58.0,    180.0,  9, 10, 11, 11,      80093,      80093,      80093,      80093
 3,    2575422,     59.0,     59.0,     59.0,    181.0,  9, 10, 11, 11,      80093,      80093,      80093,      80093
 3,    2575448,     59.0,     59.0,     58.0,    181.0,  9, 10, 11, 10,      80093,      80093,      80093,      80093
 3,    2575544,     58.0,     58.0,     57.0,    179.0,  9, 10, 11, 11,      80093,      80093,      80093,      80093
 3,    2575568,     57.0,     57.0,     57.0,    178.0,  9, 10, 11, 11,      80093,      80093,      80093,      80093
 3,    3191763,     24.0,     24.0,     24.0,     74.0,  9, 10, 11,  9,    2662631,    2662631,    2662631,    2662631
 3,    3191784,     23.0,     23.0,     23.0,     71.0,  9, 10, 11,  9,    2662638,    2662638,    2662638,    2662638
 3,    3193967,     24.0,     24.0,     24.0,     74.0,  9, 10, 11,  9,    2663149,    2663149,    2663149,    2663149
 3,    3193988,     24.0,     24.0,     24.0,     73.0,  9, 10, 11,  9,    2663160,    2663160,    2663160,    2663160
 3,    3191771,     24.0,     24.0,     24.0,     74.0,  9, 10, 11,  9,    2662635,    2662635,    2662635,    2662635
 3,    3191776,     24.0,     24.0,     24.0,     74.0,  9, 10, 11,  9,    2662636,    2662636,    2662636,    2662636
 3,    3191794,     24.0,     24.0,     24.0,     73.0,  9, 10, 11, 11,    2662640,    2662640,    2662640,    2662640
 3,    3194096,     24.0,     24.0,     23.0,     73.0,  9, 10, 11, 11,    2663196,    2663196,    2663196,    2663196
 3,    3194145,     24.0,     24.0,     24.0,     74.0,  9, 10, 11,  9,    2663208,    2663208,    2663208,    2663208
 3,    3194443,     24.0,     23.0,     23.0,     73.0,  9, 10, 11, 10,    2663321,    2663321,    2663321,    2663321
 3,    2577330,     49.0,     49.0,     49.0,    150.0,  9, 10, 11,  9,      80010,      80010,      80010,      80010
 3,    2525031,     18.0,     18.0,     18.0,     56.0,  9, 10, 11,  9,    2372196,    2372196,    2372196,    2372196
 3,    2577380,     49.0,     49.0,     48.0,    149.0,  9, 10, 11,  9,      80010,      80010,      80010,      80010
 3,      44300,     24.0,     24.0,     24.0,     74.0,  9, 10, 11,  9,      80125,      80125,      80125,      80125
 3,    3195095,     24.0,     24.0,     24.0,     74.0,  9, 10, 11,  9,      80125,      80125,      80125,      80125
 3,    2525046,     18.0,     18.0,     18.0,     55.0,  9, 10, 11,  9,    2372220,    2372220,    2372220,    2372220
 3,      43451,     40.0,     41.0,     40.0,    122.0,  9, 10, 11, 11,    2403034,    2403046,    2403033,    2403046
 3,    2577532,     40.0,     42.0,     40.0,    123.0,  9, 10, 11, 11,    2403046,    2403046,    2403046,    2403046
 3,    2577530,     40.0,     42.0,     40.0,    123.0,  9, 10, 11, 11,    2403046,    2403046,    2403046,    2403046
 3,    2577535,     40.0,     42.0,     40.0,    123.0,  9, 10, 11, 11,    2403046,    2403046,    2403046,    2403046
 3,    1119992,     56.0,     58.0,     56.0,    171.0,  9, 10, 11,  9,    1344976,    1344976,    1344976,    1344976
 3,    2525133,     24.0,     24.0,     24.0,     74.0,  9, 10, 11,  9,    2372261,    2372261,    2372261,    2372261
 3,    1120085,     62.0,     62.0,     62.0,    194.0,  9, 10, 11,  9,    1345020,    1345020,    1345020,    1345020
 3,    2537247,     16.0,     17.0,     17.0,     49.0,  9, 10, 11,  9,    2381222,    2381222,    2381222,    2381222
 3,    3194006,     18.0,     18.0,     18.0,     55.0,  9, 10, 11,  9,    2663165,    2663165,    2663165,    2663165
 3,    2614724,     47.0,     47.0,     47.0,    146.0,  9, 10, 11,  9,      80010,      80010,      80010,      80010
 3,    3191508,     24.0,     24.0,     24.0,     73.0,  9, 10, 11,  9,    2662556,    2662556,    2662556,    2662556
 3,    3191539,     17.0,     18.0,     18.0,     54.0,  9, 10, 11,  9,    2662563,    2662563,    2662563,    2662563
 3,    3191564,     24.0,     24.0,     24.0,     75.0,  9, 10, 11,  9,    2662571,    2662571,    2662571,    2662571
 3,    3191586,     18.0,     18.0,     18.0,     55.0,  9, 10, 11,  9,    2662577,    2662577,    2662577,    2662577
 3,    3191610,     18.0,     18.0,     18.0,     55.0,  9, 10, 11, 10,    2662587,    2662587,    2662587,    2662587
 3,    3191685,     24.0,     24.0,     24.0,     73.0,  9, 10, 11, 11,    2662602,    2662602,    2662602,    2662602
 3,    3191706,     18.0,     18.0,     18.0,     55.0,  9, 10, 11,  9,    2662608,    2662608,    2662608,    2662608
 3,    3191744,     18.0,     18.0,     18.0,     55.0,  9, 10, 11,  9,    2662618,    2662618,    2662618,    2662618
 3,    3191738,     18.0,     18.0,     18.0,     55.0,  9, 10, 11,  9,    2662617,    2662617,    2662617,    2662617
 3,    3191755,     24.0,     24.0,     24.0,     75.0,  9, 10, 11,  9,    2662628,    2662628,    2662628,    2662628
 3,    3194140,     24.0,     24.0,     24.0,     73.0,  9, 10, 11, 10,    2663207,    2663207,    2663207,    2663207
 3,    3280980,     23.0,     23.0,     23.0,     72.0,  9, 10, 11, 10,    2687841,    2687841,    2687841,    2687841
 3,    3446393,     24.0,     24.0,     24.0,     75.0,  9, 10, 11,  9,    2742763,    2742763,    2742763,    2742763
 3,    3579600,     60.0,     60.0,     59.0,    182.0,  9, 10, 11, 11,      80093,      80093,      80093,      80093
 3,    3622002,     43.0,     43.0,     43.0,    133.0,  9, 10, 11, 10,    2201249,    2201249,    2201249,    2201249
 3,    4075278,     45.0,     44.0,     45.0,    135.0,  9, 10, 11, 10,    2201249,    2201249,    2201249,    2201249
 3,    4075353,     45.0,     44.0,     45.0,    135.0,  9, 10, 11, 10,    2201249,    2201249,    2201249,    2201249
 4,      44255,     18.0,     18.0,     18.0,     55.0,  9, 10, 11,  9,      80015,      80015,      80015,      80015
 4,    2573776,     47.0,     47.0,     47.0,    148.0,  9, 10, 11,  9,      80010,      80010,      80010,      80010
 4,    2573791,     47.0,     47.0,     47.0,    147.0,  9, 10, 11,  9,      80010,      80010,      80010,      80010
 4,    2573831,     47.0,     47.0,     47.0,    147.0,  9, 10, 11,  9,      80010,      80010,      80010,      80010
 4,    2573943,     47.0,     47.0,     47.0,    146.0,  9, 10, 11,  9,      80010,      80010,      80010,      80010
 4,    2614720,     46.0,     46.0,     46.0,    146.0,  9, 10, 11,  9,      80010,      80010,      80010,      80010
 4,    2574035,     46.0,     46.0,     46.0,    145.0,  9, 10, 11,  9,      80010,      80010,      80010,      80010
 4,    2574144,     46.0,     46.0,     46.0,    145.0,  9, 10, 11,  9,      80010,      80010,      80010,      80010
 4,    2574617,     46.0,     46.0,     46.0,    145.0,  9, 10, 11,  9,      80010,      80010,      80010,      80010
 4,    3194731,     23.0,     23.0,     23.0,     73.0,  9, 10, 11,  9,    2663390,    2663390,    2663390,    2663390
 4,    3194751,     23.0,     23.0,     23.0,     73.0,  9, 10, 11,  9,    2663397,    2663397,    2663397,    2663397
 4,    3194737,     23.0,     23.0,     23.0,     72.0,  9, 10, 11, 10,    2401769,    2401769,    2401769,    2401769
 4,    3194626,     23.0,     23.0,     23.0,     73.0,  9, 10, 11,  9,    2663364,    2663364,    2663364,    2663364
 4,    3194097,     18.0,     18.0,     18.0,     55.0,  9, 10, 11,  9,    2372116,    2372116,    2372116,    2372116
 4,    3194110,     18.0,     18.0,     18.0,     55.0,  9, 10, 11,  9,    2663201,    2663201,    2663201,    2663201
 4,    3194050,     24.0,     24.0,     24.0,     74.0,  9, 10, 11,  9,    2663181,    2663181,    2663181,    2663181
 4,    3194071,     17.0,     17.0,     17.0,     54.0,  9, 10, 11,  9,      80086,      80086,      80086,      80086
 4,     933929,     46.0,     46.0,     46.0,    146.0,  9, 10, 11,  9,    1211140,    1211140,    1211140,    1211140
 4,     933924,     47.0,     47.0,     47.0,    148.0,  9, 10, 11,  9,    1211137,    1211137,    1211137,    1211137
 4,    3194526,     23.0,     23.0,     23.0,     73.0,  9, 10, 11,  9,    2663347,    2663347,    2663347,    2663347
 4,    3194541,     23.0,     23.0,     23.0,     73.0,  9, 10, 11,  9,    2663354,    2663354,    2663354,    2663354
 4,      44304,     24.0,     24.0,     24.0,     74.0,  9, 10, 11,  9,      80125,      80125,      80125,      80125
 4,    3194638,     41.0,     40.0,     41.0,    128.0,  9, 10, 11, 10,    2201249,    2201249,    2201249,    2201249
 4,      43457,     37.0,     39.0,     37.0,    119.0,  9, 10, 11,  9,    2403046,    2403046,    2403046,    2403046
 4,    2576524,     39.0,     41.0,     39.0,    122.0,  9, 10, 11,  9,    2403046,    2403046,    2403046,    2403046
 4,    1406046,     38.0,     37.0,     38.0,    120.0,  1,  2,  3,  2,    1406046,     649576,     649576,    1406046
 4,    3419144,     17.0,     17.0,     17.0,     52.0,  9, 10, 11,  9,    1211181,    1211181,    1211181,    1211181
 4,    3194448,     24.0,     23.0,     24.0,     73.0,  9, 10, 11, 10,    2663323,    2663323,    2663323,    2663323
 4,    3195024,     45.0,     45.0,     45.0,    144.0,  9, 10, 11, 10,      80010,      80010,      80010,      80010
 4,    1405960,     23.0,     23.0,     23.0,     73.0,  9, 10, 11,  9,    1523921,    1523921,    1523921,    1523921
 4,    3194851,     45.0,     45.0,     45.0,    144.0,  9, 10, 11,  9,      80010,      80010,      80010,      80010
 4,    2614721,     47.0,     47.0,     47.0,    146.0,  9, 10, 11,  9,      80010,      80010,      80010,      80010
 4,     649581,     40.0,     39.0,     40.0,    126.0,  1,  2,  3,  2,     649581,     649567,     649581,     649581
 4,    3194708,     23.0,     23.0,     23.0,     73.0,  9, 10, 11,  9,    2663385,    2663385,    2663385,    2663385
 4,    2579329,     58.0,     57.0,     57.0,    178.0,  9, 10, 11, 11,      80093,      80093,      80093,      80093
 4,    2538885,     44.0,     43.0,     45.0,    136.0,  9, 10, 11, 10,      80037,      80037,      80037,      80037
 4,    1203904,     41.0,     40.0,     41.0,    128.0,  9, 10, 11, 10,    2201249,    2201249,    2201249,    2201249
 4,    3194458,     23.0,     23.0,     23.0,     72.0,  9, 10, 11, 10,    2663325,    2663325,    2663325,    2663325
 4,    2239329,     24.0,     24.0,     24.0,     74.0,  9, 10, 11,  9,      80125,      80125,      80125,      80125
 4,    2524843,     45.0,     44.0,     45.0,    138.0,  9, 10, 12, 10,      80037,      80037,    2371971,      80037
 4,    2524851,     46.0,     45.0,     46.0,    138.0,  9, 10, 11, 10,      80037,      80037,      80037,      80037
 4,    3194467,     24.0,     24.0,     24.0,     73.0,  9, 10, 11, 10,    2663327,    2663327,    2663327,    2663327
 4,    3194502,     23.0,     23.0,     23.0,     73.0,  9, 10, 11,  9,    2663340,    2663340,    2663340,    2663340
 4,    3831482,     45.0,     44.0,     46.0,    138.0,  9, 10, 11, 10,      80037,      80037,      80037,      80037
 4,    3831483,     46.0,     45.0,     46.0,    138.0,  9, 10, 11, 10,      80037,      80037,      80037,      80037
 4,    2537242,     39.0,     40.0,     39.0,    121.0,  9, 10, 11,  9,      78207,    2403046,    2403033,    2403046
 4,    2574775,     38.0,     40.0,     38.0,    120.0,  9, 10, 11,  9,    2403046,      78207,    2403046,    2403046
 4,    2574794,     38.0,     40.0,     38.0,    120.0,  9, 10, 11,  9,    2403046,      78207,    2403046,    2403046
 4,      43455,     37.0,     38.0,     37.0,    118.0,  9, 10, 11,  9,    2403046,    2403046,    2403046,    2403046
 4,      43456,     38.0,     39.0,     38.0,    119.0,  9, 10, 11,  9,      78207,    2403046,    2403033,    2403046
 4,    2575174,     37.0,     39.0,     37.0,    119.0,  9, 10, 11,  9,    2403046,    2403046,    2403046,    2403046
 4,    2575228,     57.0,     57.0,     57.0,    178.0,  9, 10, 11, 11,      80093,      80093,      80093,      80093
 4,    2575231,     58.0,     58.0,     57.0,    178.0,  9, 10, 11, 11,      80093,      80093,      80093,      80093
 4,      44293,     58.0,     58.0,     57.0,    178.0,  9, 10, 11, 11,      80093,      80093,      80093,      80093
 4,    2524922,     58.0,     58.0,     57.0,    179.0,  9, 10, 11, 11,      80093,      80093,      80093,      80093
 4,    2575371,     58.0,     58.0,     58.0,    179.0,  9, 10, 11, 11,      80093,      80093,      80093,      80093
 4,    2575422,     59.0,     59.0,     59.0,    181.0,  9, 10, 11, 11,      80093,      80093,      80093,      80093
 4,    2575448,     59.0,     59.0,     58.0,    180.0,  9, 10, 11, 11,      80093,      80093,      80093,      80093
 4,    2575544,     58.0,     58.0,     57.0,    179.0,  9, 10, 11, 11,      80093,      80093,      80093,      80093
 4,    2575568,     57.0,     57.0,     56.0,    177.0,  9, 10, 11, 11,      80093,      80093,      80093,      80093
 4,    3191763,     24.0,     24.0,     24.0,     74.0,  9, 10, 11,  9,    2662631,    2662631,    2662631,    2662631
 4,    3191784,     23.0,     23.0,     23.0,     71.0,  9, 10, 11,  9,    2662638,    2662638,    2662638,    2662638
 4,    3193967,     24.0,     24.0,     24.0,     74.0,  9, 10, 11,  9,    2663149,    2663149,    2663149,    2663149
 4,    3193988,     24.0,     24.0,     24.0,     73.0,  9, 10, 11,  9,    2663160,    2663160,    2663160,    2663160
 4,    3191771,     24.0,     24.0,     24.0,     74.0,  9, 10, 11,  9,    2662635,    2662635,    2662635,    2662635
 4,    3191776,     24.0,     24.0,     24.0,     74.0,  9, 10, 11,  9,    2662636,    2662636,    2662636,    2662636
 4,    3191794,     24.0,     24.0,     24.0,     73.0,  9, 10, 11, 11,    2662640,    2662640,    2662640,    2662640
 4,    3194096,     24.0,     24.0,     24.0,     73.0,  9, 10, 11, 11,    2663196,    2663196,    2663196,    2663196
 4,    3194145,     24.0,     24.0,     24.0,     74.0,  9, 10, 11,  9,    2663208,    2663208,    2663208,    2663208
 4,    3194443,     24.0,     23.0,     24.0,     73.0,  9, 10, 11, 10,    2663321,    2663321,    2663321,    2663321
 4,    2577330,     49.0,     49.0,     49.0,    150.0,  9, 10, 11,  9,      80010,      80010,      80010,      80010
 4,    2525031,     18.0,     18.0,     18.0,     56.0,  9, 10, 11,  9,    2372196,    2372196,    2372196,    2372196
 4,    2577380,     49.0,     48.0,     48.0,    149.0,  9, 10, 12,  9,      80010,      80010,      80010,      80010
 4,      44300,     24.0,     24.0,     24.0,     74.0,  9, 10, 11,  9,      80125,      80125,      80125,      80125
 4,    3195095,     24.0,     24.0,     24.0,     74.0,  9, 10, 11,  9,      80125,      80125,      80125,      80125
 4,    2525046,     18.0,     18.0,     18.0,     55.0,  9, 10, 11,  9,    2372220,    2372220,    2372220,    2372220
 4,      43451,     40.0,     41.0,     40.0,    122.0,  9, 10, 11,  9,      78207,    2403046,    2403033,    2403046
 4,    2577532,     40.0,     42.0,     40.0,    123.0,  9, 10, 11,  9,    2403046,    2403033,    2403046,    2403046
 4,    2577530,     40.0,     42.0,     40.0,    123.0,  9, 10, 11,  9,    2403046,    2403034,    2403046,    2403046
 4,    2577535,     40.0,     42.0,     40.0,    123.0,  9, 10, 11,  9,    2403046,    2403046,    2403046,    2403046
 4,    1119992,     55.0,     57.0,     56.0,    170.0,  9, 10, 11,  9,    1344976,    1344976,    1344976,    1344976
 4,    2525133,     24.0,     24.0,     24.0,     74.0,  9, 10, 11,  9,    2372261,    2372261,    2372261,    2372261
 4,    1120085,     62.0,     62.0,     62.0,    194.0,  9, 10, 11,  9,    1345020,    1345020,    1345020,    1345020
 4,    2537247,     15.0,     17.0,     17.0,     48.0,  9, 10, 11,  9,    2381222,    2381222,    2381222,    2381222
 4,    3194006,     18.0,     18.0,     18.0,     55.0,  9, 10, 11,  9,    2663165,    2663165,    2663165,    2663165
 4,    2614724,     47.0,     47.0,     47.0,    146.0,  9, 10, 11,  9,      80010,      80010,      80010,      80010
 4,    3191508,     24.0,     24.0,     24.0,     73.0,  9, 10, 11,  9,    2662556,    2662556,    2662556,    2662556
 4,    3191539,     18.0,     18.0,     18.0,     54.0,  9, 10, 11,  9,    2662563,    2662563,    2662563,    2662563
 4,    3191564,     24.0,     24.0,     24.0,     74.0,  9, 10, 11, 10,    2662571,    2662571,    2662571,    2662571
 4,    3191586,     18.0,     18.0,     18.0,     55.0,  9, 10, 11,  9,    2662577,    2662577,    2662577,    2662577
 4,    3191610,     18.0,     18.0,     18.0,     55.0,  9, 10, 11, 10,    2662587,    2662587,    2662587,    2662587
 4,    3191685,     24.0,     24.0,     24.0,     73.0,  9, 10, 11, 11,    2662602,    2662602,    2662602,    2662602
 4,    3191706,     18.0,     18.0,     18.0,     55.0,  9, 10, 11,  9,    2662608,    2662608,    2662608,    2662608
 4,    3191744,     18.0,     18.0,     18.0,     55.0,  9, 10, 11,  9,    2662618,    2662618,    2662618,    2662618
 4,    3191738,     18.0,     18.0,     18.0,     55.0,  9, 10, 11,  9,    2662617,    2662617,    2662617,    2662617
 4,    3191755,     24.0,     24.0,     24.0,     75.0,  9, 10, 11,  9,    2662628,    2662628,    2662628,    2662628
 4,    3194140,     24.0,     23.0,     24.0,     73.0,  9, 10, 11, 10,    2663207,    2663207,    2663207,    2663207
 4,    3280980,     23.0,     23.0,     23.0,     72.0,  9, 10, 11, 10,    2687841,    2687841,    2687841,    2687841
 4,    3446393,     24.0,     24.0,     24.0,     75.0,  9, 10, 11,  9,    2742763,    2742763,    2742763,    2742763
 4,    3579600,     60.0,     60.0,     59.0,    182.0,  9, 10, 11, 11,      80093,      80093,      80093,      80093
 4,    3622002,     43.0,     43.0,     44.0,    132.0,  9, 10, 11, 10,    2201249,    2201249,    2201249,    2201249
 4,    4075278,     45.0,     44.0,     45.0,    134.0,  9, 10, 11, 10,    2201249,    2201249,    2201249,    2201249
 4,    4075353,     45.0,     44.0,     45.0,    134.0,  9, 10, 11, 10,    2201249,    2201249,    2201249,    2201249
 5,      44255,     18.0,     18.0,     18.0,     55.0,  9, 10, 11,  9,      80015,      80015,      80015,      80015
 5,    2573776,     48.0,     47.0,     47.0,    148.0,  9, 10, 11,  9,      80010,      80010,      80010,      80010
 5,    2573791,     47.0,     47.0,     47.0,    147.0,  9, 10, 11,  9,      80010,      80010,      80010,      80010
 5,    2573831,     47.0,     47.0,     47.0,    147.0,  9, 10, 11,  9,      80010,      80010,      80010,      80010
 5,    2573943,     47.0,     47.0,     47.0,    146.0,  9, 10, 11,  9,      80010,      80010,      80010,      80010
 5,    2614720,     46.0,     46.0,     46.0,    146.0,  9, 10, 11,  9,      80010,      80010,      80010,      80010
 5,    2574035,     46.0,     46.0,     46.0,    145.0,  9, 10, 11,  9,      80010,      80010,      80010,      80010
 5,    2574144,     46.0,     46.0,     46.0,    145.0,  9, 10, 11,  9,      80010,      80010,      80010,      80010
 5,    2574617,     46.0,     46.0,     46.0,    145.0,  9, 10, 11,  9,      80010,      80010,      80010,      80010
 5,    3194731,     23.0,     23.0,     23.0,     73.0,  9, 10, 11,  9,    2663390,    2663390,    2663390,    2663390
 5,    3194751,     23.0,     23.0,     23.0,     73.0,  9, 10, 11,  9,    2663397,    2663397,    2663397,    2663397
 5,    3194737,     23.0,     23.0,     23.0,     72.0,  9, 10, 11, 10,    2401769,    2401769,    2401769,    2401769
 5,    3194626,     23.0,     23.0,     23.0,     73.0,  9, 10, 11,  9,    2663364,    2663364,    2663364,    2663364
 5,    3194097,     18.0,     18.0,     18.0,     55.0,  9, 10, 11,  9,    2372116,    2372116,    2372116,    2372116
 5,    3194110,     18.0,     18.0,     18.0,     55.0,  9, 10, 11,  9,    2663201,    2663201,    2663201,    2663201
 5,    3194050,     24.0,     24.0,     24.0,     74.0,  9, 10, 11,  9,    2663181,    2663181,    2663181,    2663181
 5,    3194071,     17.0,     17.0,     17.0,     54.0,  9, 10, 11,  9,      80086,      80086,      80086,      80086
 5,     933929,     46.0,     46.0,     46.0,    146.0,  9, 10, 11,  9,    1211140,    1211140,    1211140,    1211140
 5,     933924,     47.0,     47.0,     47.0,    148.0,  9, 10, 11,  9,    1211137,    1211137,    1211137,    1211137
 5,    3194526,     23.0,     23.0,     23.0,     73.0,  9, 10, 11,  9,    2663347,    2663347,    2663347,    2663347
 5,    3194541,     23.0,     23.0,     23.0,     73.0,  9, 10, 11,  9,    2663354,    2663354,    2663354,    2663354
 5,      44304,     24.0,     24.0,     24.0,     74.0,  9, 10, 11,  9,      80125,      80125,      80125,      80125
 5,    3194638,     42.0,     41.0,     41.0,    131.0,  9, 10, 11, 10,    2201249,    2201249,    2201249,    2201249
 5,      43457,     38.0,     40.0,     38.0,    122.0,  9, 10, 11,  9,    2403046,    2403046,    2403046,    2403046
 5,    2576524,     40.0,     43.0,     40.0,    125.0,  9, 10, 11,  9,    2403046,      78207,    2403046,    2403046
 5,    1406046,     39.0,     37.0,     38.0,    121.0,  1,  2,  3,  2,     649576,    1406046,    1406046,    1406046
 5,    3419144,     17.0,     17.0,     17.0,     52.0,  9, 10, 11, 10,    1211181,    1211181,    1211181,    1211181
 5,    3194448,     24.0,     23.0,     24.0,     73.0,  9, 10, 11, 10,    2663323,    2663323,    2663323,    2663323
 5,    3195024,     45.0,     45.0,     45.0,    144.0,  9, 10, 11, 10,      80010,      80010,      80010,      80010
 5,    1405960,     23.0,     23.0,     23.0,     73.0,  9, 10, 11, 10,    1523921,    1523921,    1523921,    1523921
 5,    3194851,     45.0,     45.0,     45.0,    144.0,  9, 10, 11,  9,      80010,      80010,      80010,      80010
 5,    2614721,     47.0,     47.0,     47.0,    146.0,  9, 10, 11,  9,      80010,      80010,      80010,      80010
 5,     649581,     41.0,     39.0,     40.0,    128.0,  1,  2,  3,  2,     649567,     649581,     649581,     649581
 5,    3194708,     23.0,     23.0,     23.0,     73.0,  9, 10, 11,  9,    2663385,    2663385,    2663385,    2663385
 5,    2579329,     58.0,     57.0,     57.0,    177.0,  9, 10, 11, 10,      80093,      80093,      80093,      80093
 5,    2538885,     42.0,     43.0,     45.0,    133.0,  9, 10, 11,  9,      80037,      80037,      80037,      80037
 5,    1203904,     42.0,     41.0,     42.0,    131.0,  9, 10, 11, 10,    2201249,    2201249,    2201249,    2201249
 5,    3194458,     23.0,     23.0,     23.0,     72.0,  9, 10, 11, 10,    2663325,    2663325,    2663325,    2663325
 5,    2239329,     24.0,     24.0,     24.0,     74.0,  9, 10, 11,  9,      80125,      80125,      80125,      80125
 5,    2524843,     43.0,     44.0,     45.0,    135.0,  9, 10, 12,  9,      80037,      80037,    2371971,      80037
 5,    2524851,     44.0,     44.0,     45.0,    136.0,  9, 10, 12,  9,      80037,      80037,    2371975,      80037
 5,    3194467,     24.0,     24.0,     24.0,     73.0,  9, 10, 11, 10,    2663327,    2663327,    2663327,    2663327
 5,    3194502,     24.0,     23.0,     23.0,     73.0,  9, 10, 11, 10,    2663340,    2663340,    2663340,    2663340
 5,    3831482,     43.0,     44.0,     46.0,    135.0,  9, 10, 11,  9,      80037,      80037,      80037,      80037
 5,    3831483,     44.0,     44.0,     46.0,    136.0,  9, 10, 11,  9,      80037,      80037,      80037,      80037
 5,    2537242,     40.0,     42.0,     40.0,    124.0,  9, 10, 11,  9,      78207,    2403046,    2403033,    2403046
 5,    2574775,     39.0,     41.0,     39.0,    123.0,  9, 10, 11,  9,    2403046,    2403046,    2403046,    2403046
 5,    2574794,     39.0,     41.0,     39.0,    123.0,  9, 10, 11,  9,    2403046,    2403046,    2403046,    2403046
 5,      43455,     38.0,     40.0,     38.0,    121.0,  9, 10, 11,  9,    2403046,    2403046,    2403046,    2403046
 5,      43456,     39.0,     41.0,     39.0,    122.0,  9, 10, 11,  9,      78207,      78207,    2403033,    2403046
 5,    2575174,     38.0,     40.0,     38.0,    122.0,  9, 10, 11,  9,    2403046,    2403046,    2403046,    2403046
 5,    2575228,     58.0,     57.0,     57.0,    177.0,  9, 10, 11, 10,      80093,      80093,      80093,      80093
 5,    2575231,     58.0,     57.0,     57.0,    177.0,  9, 10, 11, 10,      80093,      80093,      80093,      80093
 5,      44293,     58.0,     57.0,     57.0,    177.0,  9, 10, 11, 10,      80093,      80093,      80093,      80093
 5,    2524922,     58.0,     57.0,     57.0,    178.0,  9, 10, 11, 10,      80093,      80093,      80093,      80093
 5,    2575371,     58.0,     57.0,     58.0,    178.0,  9, 10, 11, 10,      80093,      80093,      80093,      80093
 5,    2575422,     59.0,     58.0,     59.0,    180.0,  9, 10, 11, 10,      80093,      80093,      80093,      80093
 5,    2575448,     59.0,     58.0,     58.0,    179.0,  9, 10, 11, 10,      80093,      80093,      80093,      80093
 5,    2575544,     58.0,     57.0,     57.0,    177.0,  9, 10, 11, 10,      80093,      80093,      80093,      80093
 5,    2575568,     57.0,     56.0,     56.0,    176.0,  9, 10, 11, 10,      80093,      80093,      80093,      80093
 5,    3191763,     24.0,     24.0,     24.0,     74.0,  9, 10, 11,  9,    2662631,    2662631,    2662631,    2662631
 5,    3191784,     24.0,     24.0,     24.0,     73.0,  9, 10, 11,  9,    2662638,    2662638,    2662638,    2662638
 5,    3193967,     24.0,     24.0,     24.0,     73.0,  9, 10, 11, 11,    2663149,    2663149,    2663149,    2663149
 5,    3193988,     24.0,     24.0,     24.0,     73.0,  9, 10, 11,  9,    2663160,    2663160,    2663160,    2663160
 5,    3191771,     24.0,     24.0,     24.0,     74.0,  9, 10, 11,  9,    2662635,    2662635,    2662635,    2662635
 5,    3191776,     24.0,     24.0,     24.0,     74.0,  9, 10, 11,  9,    2662636,    2662636,    2662636,    2662636
 5,    3191794,     24.0,     24.0,     24.0,     73.0,  9, 10, 11, 11,    2662640,    2662640,    2662640,    2662640
 5,    3194096,     24.0,     24.0,     23.0,     73.0,  9, 10, 11, 11,    2663196,    2663196,    2663196,    2663196
 5,    3194145,     24.0,     24.0,     24.0,     74.0,  9, 10, 11,  9,    2663208,    2663208,    2663208,    2663208
 5,    3194443,     24.0,     23.0,     24.0,     73.0,  9, 10, 11, 10,    2663321,    2663321,    2663321,    2663321
 5,    2577330,     49.0,     49.0,     49.0,    150.0,  9, 10, 11,  9,      80010,      80010,      80010,      80010
 5,    2525031,     18.0,     18.0,     18.0,     56.0,  9, 10, 11,  9,    2372196,    2372196,    2372196,    2372196
 5,    2577380,     49.0,     49.0,     48.0,    149.0,  9, 10, 12,  9,      80010,      80010,      80010,      80010
 5,      44300,     24.0,     24.0,     24.0,     74.0,  9, 10, 11,  9,      80125,      80125,      80125,      80125
 5,    3195095,     24.0,     24.0,     24.0,     74.0,  9, 10, 11,  9,      80125,      80125,      80125,      80125
 5,    2525046,     18.0,     18.0,     18.0,     55.0,  9, 10, 11,  9,    2372220,    2372220,    2372220,    2372220
 5,      43451,     41.0,     43.0,     41.0,    125.0,  9, 10, 11,  9,      78207,      78207,    2403033,    2403046
 5,    2577532,     41.0,     43.0,     41.0,    126.0,  9, 10, 11,  9,    2403046,    2403046,    2403046,    2403046
 5,    2577530,     41.0,     43.0,     41.0,    126.0,  9, 10, 11,  9,    2403046,    2403046,    2403046,    2403046
 5,    2577535,     41.0,     43.0,     41.0,    126.0,  9, 10, 11,  9,    2403046,    2403046,    2403046,    2403046
 5,    1119992,     57.0,     59.0,     57.0,    174.0,  9, 10, 11,  9,    1344976,    1344976,    1344976,    1344976
 5,    2525133,     24.0,     24.0,     24.0,     75.0,  9, 10, 11,  9,    2372261,    2372261,    2372261,    2372261
 5,    1120085,     62.0,     62.0,     62.0,    194.0,  9, 10, 11,  9,    1345020,    1345020,    1345020,    1345020
 5,    2537247,     15.0,     17.0,     17.0,     48.0,  9, 10, 11,  9,    2381222,    2381222,    2381222,    2381222
 5,    3194006,     18.0,     18.0,     18.0,     55.0,  9, 10, 11,  9,    2663165,    2663165,    2663165,    2663165
 5,    2614724,     47.0,     47.0,     47.0,    146.0,  9, 10, 11,  9,      80010,      80010,      80010,      80010
 5,    3191508,     24.0,     24.0,     24.0,     73.0,  9, 10, 11,  9,    2662556,    2662556,    2662556,    2662556
 5,    3191539,     18.0,     18.0,     18.0,     55.0,  9, 10, 11,  9,    2662563,    2662563,    2662563,    2662563
 5,    3191564,     24.0,     24.0,     24.0,     75.0,  9, 10, 11,  9,    2662571,    2662571,    2662571,    2662571
 5,    3191586,     18.0,     18.0,     18.0,     55.0,  9, 10, 11,  9,    2662577,    2662577,    2662577,    2662577
 5,    3191610,     18.0,     18.0,     18.0,     55.0,  9, 10, 11, 10,    2662587,    2662587,    2662587,    2662587
 5,    3191685,     24.0,     24.0,     24.0,     74.0,  9, 10, 11,  9,    2662602,    2662602,    2662602,    2662602
 5,    3191706,     18.0,     18.0,     18.0,     55.0,  9, 10, 11,  9,    2662608,    2662608,    2662608,    2662608
 5,    3191744,     18.0,     18.0,     18.0,     55.0,  9, 10, 11, 10,    2662618,    2662618,    2662618,    2662618
 5,    3191738,     18.0,     18.0,     18.0,     55.0,  9, 10, 11,  9,    2662617,    2662617,    2662617,    2662617
 5,    3191755,     24.0,     24.0,     24.0,     75.0,  9, 10, 11,  9,    2662628,    2662628,    2662628,    2662628
 5,    3194140,     24.0,     23.0,     24.0,     73.0,  9, 10, 11, 10,    2663207,    2663207,    2663207,    2663207
 5,    3280980,     23.0,     23.0,     23.0,     73.0,  9, 10, 11,  9,    2687841,    2687841,    2687841,    2687841
 5,    3446393,     24.0,     24.0,     24.0,     75.0,  9, 10, 11,  9,    2742763,    2742763,    2742763,    2742763
 5,    3579600,     60.0,     59.0,     59.0,    181.0,  9, 10, 11, 10,      80093,      80093,      80093,      80093
 5,    3622002,     44.0,     44.0,     44.0,    136.0,  9, 10, 11, 10,    2201249,    2201249,    2201249,    2201249
 5,    4075278,     46.0,     45.0,     45.0,    138.0,  9, 10, 11, 10,    2201249,    2201249,    2201249,    2201249
 5,    4075353,     46.0,     45.0,     45.0,    138.0,  9, 10, 11, 10,    2201249,    2201249,    2201249,    2201249
 6,      44255,     18.0,     18.0,     18.0,     55.0,  9, 10, 11,  9,      80015,      80015,      80015,      80015
 6,    2573776,     48.0,     48.0,     47.0,    148.0,  9, 10, 12,  9,      80010,      80010,      80010,      80010
 6,    2573791,     47.0,     47.0,     47.0,    147.0,  9, 10, 11, 10,      80010,      80010,      80010,      80010
 6,    2573831,     47.0,     47.0,     47.0,    147.0,  9, 10, 11,  9,      80010,      80010,      80010,      80010
 6,    2573943,     47.0,     47.0,     47.0,    147.0,  9, 10, 11,  9,      80010,      80010,      80010,      80010
 6,    2614720,     46.0,     46.0,     46.0,    146.0,  9, 10, 11,  9,      80010,      80010,      80010,      80010
 6,    2574035,     46.0,     46.0,     46.0,    145.0,  9, 10, 11,  9,      80010,      80010,      80010,      80010
 6,    2574144,     46.0,     46.0,     46.0,    145.0,  9, 10, 11,  9,      80010,      80010,      80010,      80010
 6,    2574617,     46.0,     46.0,     46.0,    145.0,  9, 10, 11,  9,      80010,      80010,      80010,      80010
 6,    3194731,     23.0,     23.0,     23.0,     73.0,  9, 10, 11,  9,    2663390,    2663390,    2663390,    2663390
 6,    3194751,     23.0,     23.0,     23.0,     73.0,  9, 10, 11,  9,    2663397,    2663397,    2663397,    2663397
 6,    3194737,     23.0,     23.0,     23.0,     72.0,  9, 10, 11, 10,    2401769,    2401769,    2401769,    2401769
 6,    3194626,     23.0,     23.0,     23.0,     73.0,  9, 10, 11,  9,    2663364,    2663364,    2663364,    2663364
 6,    3194097,     18.0,     18.0,     18.0,     55.0,  9, 10, 11,  9,    2372116,    2372116,    2372116,    2372116
 6,    3194110,     18.0,     18.0,     18.0,     55.0,  9, 10, 11,  9,    2663201,    2663201,    2663201,    2663201
 6,    3194050,     24.0,     24.0,     24.0,     74.0,  9, 10, 11,  9,    2663181,    2663181,    2663181,    2663181
 6,    3194071,     17.0,     17.0,     17.0,     54.0,  9, 10, 11,  9,      80086,      80086,      80086,      80086
 6,     933929,     46.0,     46.0,     46.0,    146.0,  9, 10, 11,  9,    1211140,    1211140,    1211140,    1211140
 6,     933924,     47.0,     47.0,     46.0,    147.0,  9, 10, 11, 11,    1211137,    1211137,    1211137,    1211137
 6,    3194526,     23.0,     23.0,     23.0,     73.0,  9, 10, 11,  9,    2663347,    2663347,    2663347,    2663347
 6,    3194541,     23.0,     23.0,     23.0,     73.0,  9, 10, 11,  9,    2663354,    2663354,    2663354,    2663354
 6,      44304,     24.0,     24.0,     24.0,     74.0,  9, 10, 11,  9,      80125,      80125,      80125,      80125
 6,    3194638,     42.0,     40.0,     42.0,    130.0,  9, 10, 11, 10,    2201249,    2201249,    2201249,    2201249
 6,      43457,     39.0,     40.0,     38.0,    122.0,  9, 10, 11, 11,    2403046,    2403046,    2403046,    2403046
 6,    2576524,     41.0,     42.0,     40.0,    125.0,  9, 10, 11, 11,    2403046,    2403046,    2403046,    2403046
 6,    1406046,     39.0,     37.0,     38.0,    121.0,  1,  2,  3,  2,    1406046,    1406046,    1406046,    1406046
 6,    3419144,     17.0,     17.0,     17.0,     52.0,  9, 10, 11,  9,    1211181,    1211181,    1211181,    1211181
 6,    3194448,     24.0,     23.0,     24.0,     73.0,  9, 10, 11, 10,    2663323,    2663323,    2663323,    2663323
 6,    3195024,     45.0,     45.0,     45.0,    145.0,  9, 10, 11,  9,      80010,      80010,      80010,      80010
 6,    1405960,     23.0,     23.0,     23.0,     73.0,  9, 10, 11, 11,    1523921,    1523921,    1523921,    1523921
 6,    3194851,     45.0,     45.0,     45.0,    144.0,  9, 10, 11,  9,      80010,      80010,      80010,      80010
 6,    2614721,     47.0,     47.0,     47.0,    146.0,  9, 10, 11,  9,      80010,      80010,      80010,      80010
 6,     649581,     41.0,     39.0,     41.0,    128.0,  1,  2,  3,  2,     649581,     649581,     649567,     649581
 6,    3194708,     23.0,     23.0,     23.0,     73.0,  9, 10, 11,  9,    2663385,    2663385,    2663385,    2663385
 6,    2579329,     57.0,     57.0,     57.0,    177.0,  9, 10, 11, 11,      80093,      80093,      80093,      80093
 6,    2538885,     43.0,     43.0,     44.0,    136.0,  9, 10, 11,  9,      80037,      80037,      80037,      80037
 6,    1203904,     42.0,     41.0,     42.0,    130.0,  9, 10, 11, 10,    2201249,    2201249,    2201249,    2201249
 6,    3194458,     23.0,     23.0,     23.0,     72.0,  9, 10, 11, 10,    2663325,    2663325,    2663325,    2663325
 6,    2239329,     24.0,     24.0,     24.0,     74.0,  9, 10, 11,  9,      80125,      80125,      80125,      80125
 6,    2524843,     44.0,     45.0,     45.0,    138.0,  9, 10, 12,  9,      80037,      80037,    2371971,      80037
 6,    2524851,     45.0,     45.0,     46.0,    138.0,  9, 10, 11,  9,      80037,      80037,      80037,      80037
 6,    3194467,     24.0,     24.0,     24.0,     73.0,  9, 10, 11, 10,    2663327,    2663327,    2663327,    2663327
 6,    3194502,     24.0,     23.0,     23.0,     73.0,  9, 10, 11, 10,    2663340,    2663340,    2663340,    2663340
 6,    3831482,     44.0,     45.0,     46.0,    138.0,  9, 10, 11,  9,      80037,      80037,      80037,      80037
 6,    3831483,     45.0,     45.0,     46.0,    138.0,  9, 10, 11,  9,      80037,      80037,      80037,      80037
 6,    2537242,     40.0,     42.0,     40.0,    124.0,  9, 10, 11, 11,    2403046,      78207,    2403033,    2403046
 6,    2574775,     40.0,     41.0,     39.0,    123.0,  9, 10, 11, 11,    2403046,    2403046,    2403046,    2403046
 6,    2574794,     40.0,     41.0,     39.0,    123.0,  9, 10, 11, 11,    2403046,    2403046,    2403046,    2403046
 6,      43455,     39.0,     40.0,     38.0,    121.0,  9, 10, 11, 11,      78207,      78207,    2403034,    2403046
 6,      43456,     39.0,     41.0,     39.0,    122.0,  9, 10, 11, 11,    2403046,      78207,    2403033,    2403046
 6,    2575174,     39.0,     40.0,     38.0,    122.0,  9, 10, 11, 11,    2403046,    2403046,    2403046,    2403046
 6,    2575228,     57.0,     57.0,     56.0,    177.0,  9, 10, 11, 11,      80093,      80093,      80093,      80093
 6,    2575231,     58.0,     57.0,     57.0,    177.0,  9, 10, 11, 11,      80093,      80093,      80093,      80093
 6,      44293,     58.0,     57.0,     57.0,    177.0,  9, 10, 11, 11,      80093,      80093,      80093,      80093
 6,    2524922,     58.0,     58.0,     57.0,    177.0,  9, 10, 11, 11,      80093,      80093,      80093,      80093
 6,    2575371,     58.0,     58.0,     57.0,    178.0,  9, 10, 11, 11,      80093,      80093,      80093,      80093
 6,    2575422,     59.0,     59.0,     58.0,    180.0,  9, 10, 11, 11,      80093,      80093,      80093,      80093
 6,    2575448,     59.0,     59.0,     58.0,    179.0,  9, 10, 11, 11,      80093,      80093,      80093,      80093
 6,    2575544,     58.0,     57.0,     57.0,    177.0,  9, 10, 11, 11,      80093,      80093,      80093,      80093
 6,    2575568,     57.0,     57.0,     56.0,    176.0,  9, 10, 11, 11,      80093,      80093,      80093,      80093
 6,    3191763,     24.0,     24.0,     24.0,     74.0,  9, 10, 11,  9,    2662631,    2662631,    2662631,    2662631
 6,    3191784,     24.0,     24.0,     24.0,     73.0,  9, 10, 11,  9,    2662638,    2662638,    2662638,    2662638
 6,    3193967,     24.0,     24.0,     24.0,     74.0,  9, 10, 11,  9,    2663149,    2663149,    2663149,    2663149
 6,    3193988,     23.0,     23.0,     23.0,     73.0,  9, 10, 11,  9,    2663160,    2663160,    2663160,    2663160
 6,    3191771,     24.0,     24.0,     24.0,     74.0,  9, 10, 11,  9,    2662635,    2662635,    2662635,    2662635
 6,    3191776,     24.0,     24.0,     24.0,     74.0,  9, 10, 11,  9,    2662636,    2662636,    2662636,    2662636
 6,    3191794,     24.0,     24.0,     24.0,     74.0,  9, 10, 11,  9,    2662640,    2662640,    2662640,    2662640
 6,    3194096,     24.0,     24.0,     24.0,     73.0,  9, 10, 11, 11,    2663196,    2663196,    2663196,    2663196
 6,    3194145,     24.0,     24.0,     24.0,     74.0,  9, 10, 11,  9,    2663208,    2663208,    2663208,    2663208
 6,    3194443,     24.0,     23.0,     24.0,     73.0,  9, 10, 11, 10,    2663321,    2663321,    2663321,    2663321
 6,    2577330,     49.0,     49.0,     49.0,    150.0,  9, 10, 11,  9,      80010,      80010,      80010,      80010
 6,    2525031,     18.0,     18.0,     18.0,     56.0,  9, 10, 11,  9,    2372196,    2372196,    2372196,    2372196
 6,    2577380,     49.0,     49.0,     48.0,    149.0,  9, 10, 12,  9,      80010,      80010,      80010,      80010
 6,      44300,     24.0,     24.0,     24.0,     74.0,  9, 10, 11,  9,      80125,      80125,      80125,      80125
 6,    3195095,     24.0,     24.0,     24.0,     74.0,  9, 10, 11,  9,      80125,      80125,      80125,      80125
 6,    2525046,     18.0,     18.0,     18.0,     55.0,  9, 10, 11,  9,    2372220,    2372220,    2372220,    2372220
 6,      43451,     41.0,     43.0,     41.0,    125.0,  9, 10, 11, 11,    2403046,      78207,    2403033,    2403046
 6,    2577532,     42.0,     43.0,     41.0,    126.0,  9, 10, 11, 11,    2403046,    2403046,    2403046,    2403046
 6,    2577530,     42.0,     43.0,     41.0,    126.0,  9, 10, 11, 11,    2403046,    2403046,    2403046,    2403046
 6,    2577535,     42.0,     43.0,     41.0,    126.0,  9, 10, 11, 11,    2403046,    2403046,    2403046,    2403046
 6,    1119992,     57.0,     59.0,     57.0,    174.0,  9, 10, 11, 11,    1344976,    1344976,    1344976,    1344976
 6,    2525133,     24.0,     24.0,     24.0,     75.0,  9, 10, 11,  9,    2372261,    2372261,    2372261,    2372261
 6,    1120085,     62.0,     62.0,     62.0,    194.0,  9, 10, 11,  9,    1345020,    1345020,    1345020,    1345020
 6,    2537247,     16.0,     17.0,     16.0,     49.0,  9, 10, 11,  9,    2381222,    2381222,    2381222,    2381222
 6,    3194006,     18.0,     18.0,     18.0,     55.0,  9, 10, 11,  9,    2663165,    2663165,    2663165,    2663165
 6,    2614724,     47.0,     47.0,     47.0,    146.0,  9, 10, 11,  9,      80010,      80010,      80010,      80010
 6,    3191508,     24.0,     24.0,     24.0,     73.0,  9, 10, 11,  9,    2662556,    2662556,    2662556,    2662556
 6,    3191539,     17.0,     18.0,     18.0,     54.0,  9, 10, 11,  9,    2662563,    2662563,    2662563,    2662563
 6,    3191564,     24.0,     24.0,     24.0,     75.0,  9, 10, 11,  9,    2662571,    2662571,    2662571,    2662571
 6,    3191586,     18.0,     18.0,     18.0,     55.0,  9, 10, 11,  9,    2662577,    2662577,    2662577,    2662577
 6,    3191610,     18.0,     18.0,     18.0,     55.0,  9, 10, 11, 10,    2662587,    2662587,    2662587,    2662587
 6,    3191685,     24.0,     24.0,     24.0,     74.0,  9, 10, 11,  9,    2662602,    2662602,    2662602,    2662602
 6,    3191706,     18.0,     18.0,     18.0,     55.0,  9, 10, 11,  9,    2662608,    2662608,    2662608,    2662608
 6,    3191744,     18.0,     18.0,     18.0,     55.0,  9, 10, 11, 10,    2662618,    2662618,    2662618,    2662618
 6,    3191738,     18.0,     18.0,     18.0,     55.0,  9, 10, 11,  9,    2662617,    2662617,    2662617,    2662617
 6,    3191755,     24.0,     24.0,     24.0,     75.0,  9, 10, 11,  9,    2662628,    2662628,    2662628,    2662628
 6,    3194140,     24.0,     23.0,     24.0,     73.0,  9, 10, 11, 10,    2663207,    2663207,    2663207,    2663207
 6,    3280980,     23.0,     23.0,     23.0,     73.0,  9, 10, 11,  9,    2687841,    2687841,    2687841,    2687841
 6,    3446393,     24.0,     24.0,     24.0,     75.0,  9, 10, 11,  9,    2742763,    2742763,    2742763,    2742763
 6,    3579600,     60.0,     60.0,     59.0,    180.0,  9, 10, 11, 11,      80093,      80093,      80093,      80093
 6,    3622002,     44.0,     43.0,     45.0,    134.0,  9, 10, 11, 10,    2201249,    2201249,    2201249,    2201249
 6,    4075278,     46.0,     45.0,     46.0,    136.0,  9, 10, 11, 10,    2201249,    2201249,    2201249,    2201249
 6,    4075353,     46.0,     44.0,     46.0,    136.0,  9, 10, 11, 10,    2201249,    2201249,    2201249,    2201249
 7,      44255,     18.0,     18.0,     18.0,     55.0,  9, 10, 11,  9,      80015,      80015,      80015,      80015
 7,    2573776,     48.0,     48.0,     47.0,    148.0,  9, 10, 12,  9,      80010,      80010,      80010,      80010
 7,    2573791,     47.0,     47.0,     47.0,    148.0,  9, 10, 11,  9,      80010,      80010,      80010,      80010
 7,    2573831,     47.0,     47.0,     47.0,    147.0,  9, 10, 11,  9,      80010,      80010,      80010,      80010
 7,    2573943,     47.0,     47.0,     47.0,    147.0,  9, 10, 11,  9,      80010,      80010,      80010,      80010
 7,    2614720,     46.0,     46.0,     46.0,    146.0,  9, 10, 11,  9,      80010,      80010,      80010,      80010
 7,    2574035,     46.0,     46.0,     46.0,    145.0,  9, 10, 11,  9,      80010,      80010,      80010,      80010
 7,    2574144,     46.0,     46.0,     46.0,    145.0,  9, 10, 11,  9,      80010,      80010,      80010,      80010
 7,    2574617,     46.0,     46.0,     46.0,    145.0,  9, 10, 11,  9,      80010,      80010,      80010,      80010
 7,    3194731,     23.0,     23.0,     23.0,     73.0,  9, 10, 11,  9,    2663390,    2663390,    2663390,    2663390
 7,    3194751,     23.0,     23.0,     23.0,     73.0,  9, 10, 11,  9,    2663397,    2663397,    2663397,    2663397
 7,    3194737,     23.0,     23.0,     23.0,     72.0,  9, 10, 11, 10,    2401769,    2401769,    2401769,    2401769
 7,    3194626,     23.0,     23.0,     23.0,     73.0,  9, 10, 11,  9,    2663364,    2663364,    2663364,    2663364
 7,    3194097,     18.0,     18.0,     18.0,     55.0,  9, 10, 11,  9,    2372116,    2372116,    2372116,    2372116
 7,    3194110,     18.0,     18.0,     18.0,     55.0,  9, 10, 11,  9,    2663201,    2663201,    2663201,    2663201
 7,    3194050,     24.0,     24.0,     24.0,     74.0,  9, 10, 11,  9,    2663181,    2663181,    2663181,    2663181
 7,    3194071,     17.0,     17.0,     17.0,     55.0,  9, 10, 11,  9,      80086,      80086,      80086,      80086
 7,     933929,     46.0,     46.0,     46.0,    146.0,  9, 10, 11,  9,    1211140,    1211140,    1211140,    1211140
 7,     933924,     46.0,     47.0,     47.0,    147.0,  9, 10, 11,  9,    1211137,    1211137,    1211137,    1211137
 7,    3194526,     23.0,     23.0,     23.0,     73.0,  9, 10, 11,  9,    2663347,    2663347,    2663347,    2663347
 7,    3194541,     23.0,     23.0,     23.0,     73.0,  9, 10, 11,  9,    2663354,    2663354,    2663354,    2663354
 7,      44304,     24.0,     24.0,     24.0,     74.0,  9, 10, 11,  9,      80125,      80125,      80125,      80125
 7,    3194638,     42.0,     39.0,     41.0,    127.0,  9, 10, 11, 10,    2201249,    2201249,    2201249,    2201249
 7,      43457,     38.0,     40.0,     39.0,    121.0,  9, 10, 11,  9,    2403046,    2403046,    2403033,    2403046
 7,    2576524,     40.0,     42.0,     41.0,    125.0,  9, 10, 11,  9,    2403046,    2403046,    2403046,    2403046
 7,    1406046,     39.0,     36.0,     38.0,    119.0,  1,  2,  3,  2,    1406046,    1406046,    1406046,    1406046
 7,    3419144,     17.0,     17.0,     17.0,     53.0,  9, 10, 11,  9,    1211181,    1211181,    1211181,    1211181
 7,    3194448,     24.0,     23.0,     24.0,     72.0,  9, 10, 11, 10,    2663323,    2663323,    2663323,    2663323
 7,    3195024,     45.0,     45.0,     45.0,    145.0,  9, 10, 11,  9,      80010,      80010,      80010,      80010
 7,    1405960,     23.0,     23.0,     23.0,     73.0,  9, 10, 11, 11,    1523921,    1523921,    1523921,    1523921
 7,    3194851,     45.0,     45.0,     45.0,    144.0,  9, 10, 11,  9,      80010,      80010,      80010,      80010
 7,    2614721,     47.0,     47.0,     47.0,    146.0,  9, 10, 11,  9,      80010,      80010,      80010,      80010
 7,     649581,     41.0,     38.0,     40.0,    125.0,  1,  2,  3,  2,     649581,     649581,     649581,     649581
 7,    3194708,     23.0,     23.0,     23.0,     73.0,  9, 10, 11,  9,    2663385,    2663385,    2663385,    2663385
 7,    2579329,     57.0,     57.0,     57.0,    177.0,  9, 10, 11,  9,      80093,      80093,      80093,      80093
 7,    2538885,     44.0,     43.0,     45.0,    136.0,  9, 10, 11, 10,      80037,      80037,      80037,      80037
 7,    1203904,     42.0,     40.0,     42.0,    127.0,  9, 10, 11, 10,    2201249,    2201249,    2201249,    2201249
 7,    3194458,     23.0,     23.0,     23.0,     72.0,  9, 10, 11, 10,    2663325,    2663325,    2663325,    2663325
 7,    2239329,     24.0,     24.0,     24.0,     74.0,  9, 10, 11,  9,      80125,      80125,      80125,      80125
 7,    2524843,     45.0,     44.0,     45.0,    138.0,  9, 10, 12, 10,      80037,      80037,    2371971,      80037
 7,    2524851,     45.0,     45.0,     46.0,    138.0,  9, 10, 11, 10,      80037,      80037,      80037,      80037
 7,    3194467,     24.0,     24.0,     24.0,     73.0,  9, 10, 11, 10,    2663327,    2663327,    2663327,    2663327
 7,    3194502,     24.0,     23.0,     23.0,     73.0,  9, 10, 11, 10,    2663340,    2663340,    2663340,    2663340
 7,    3831482,     45.0,     44.0,     46.0,    138.0,  9, 10, 11, 10,      80037,      80037,      80037,      80037
 7,    3831483,     45.0,     45.0,     46.0,    138.0,  9, 10, 11, 10,      80037,      80037,      80037,      80037
 7,    2537242,     39.0,     42.0,     40.0,    123.0,  9, 10, 11,  9,    2403046,      78207,    2403046,    2403046
 7,    2574775,     39.0,     41.0,     40.0,    123.0,  9, 10, 11,  9,    2403046,    2403046,    2403033,    2403046
 7,    2574794,     39.0,     41.0,     40.0,    123.0,  9, 10, 11,  9,    2403046,    2403046,    2403033,    2403046
 7,      43455,     38.0,     40.0,     38.0,    121.0,  9, 10, 11,  9,      78207,      78207,    2403046,    2403046
 7,      43456,     38.0,     41.0,     39.0,    122.0,  9, 10, 11,  9,    2403046,      78207,    2403046,    2403046
 7,    2575174,     38.0,     40.0,     39.0,    122.0,  9, 10, 11,  9,    2403046,    2403046,    2403033,    2403046
 7,    2575228,     57.0,     57.0,     57.0,    177.0,  9, 10, 11,  9,      80093,      80093,      80093,      80093
 7,    2575231,     57.0,     57.0,     57.0,    177.0,  9, 10, 11, 10,      80093,      80093,      80093,      80093
 7,      44293,     57.0,     57.0,     57.0,    178.0,  9, 10, 11,  9,      80093,      80093,      80093,      80093
 7,    2524922,     57.0,     57.0,     57.0,    178.0,  9, 10, 11,  9,      80093,      80093,      80093,      80093
 7,    2575371,     58.0,     58.0,     57.0,    178.0,  9, 10, 11, 11,      80093,      80093,      80093,      80093
 7,    2575422,     58.0,     58.0,     58.0,    180.0,  9, 10, 11,  9,      80093,      80093,      80093,      80093
 7,    2575448,     58.0,     58.0,     58.0,    179.0,  9, 10, 11,  9,      80093,      80093,      80093,      80093
 7,    2575544,     57.0,     57.0,     57.0,    178.0,  9, 10, 11,  9,      80093,      80093,      80093,      80093
 7,    2575568,     56.0,     56.0,     56.0,    176.0,  9, 10, 11, 10,      80093,      80093,      80093,      80093
 7,    3191763,     24.0,     24.0,     24.0,     74.0,  9, 10, 11,  9,    2662631,    2662631,    2662631,    2662631
 7,    3191784,     24.0,     24.0,     24.0,     73.0,  9, 10, 11,  9,    2662638,    2662638,    2662638,    2662638
 7,    3193967,     24.0,     24.0,     24.0,     74.0,  9, 10, 11,  9,    2663149,    2663149,    2663149,    2663149
 7,    3193988,     23.0,     23.0,     23.0,     73.0,  9, 10, 11,  9,    2663160,    2663160,    2663160,    2663160
 7,    3191771,     24.0,     24.0,     24.0,     74.0,  9, 10, 11,  9,    2662635,    2662635,    2662635,    2662635
 7,    3191776,     24.0,     24.0,     24.0,     74.0,  9, 10, 11,  9,    2662636,    2662636,    2662636,    2662636
 7,    3191794,     24.0,     24.0,     24.0,     73.0,  9, 10, 11, 11,    2662640,    2662640,    2662640,    2662640
 7,    3194096,     24.0,     24.0,     24.0,     73.0,  9, 10, 11, 11,    2663196,    2663196,    2663196,    2663196
 7,    3194145,     24.0,     24.0,     24.0,     74.0,  9, 10, 11,  9,    2663208,    2663208,    2663208,    2663208
 7,    3194443,     24.0,     23.0,     24.0,     73.0,  9, 10, 11, 10,    2663321,    2663321,    2663321,    2663321
 7,    2577330,     49.0,     49.0,     49.0,    150.0,  9, 10, 11,  9,      80010,      80010,      80010,      80010
 7,    2525031,     18.0,     18.0,     18.0,     56.0,  9, 10, 11,  9,    2372196,    2372196,    2372196,    2372196
 7,    2577380,     49.0,     49.0,     48.0,    149.0,  9, 10, 12,  9,      80010,      80010,      80010,      80010
 7,      44300,     24.0,     24.0,     24.0,     74.0,  9, 10, 11,  9,      80125,      80125,      80125,      80125
 7,    3195095,     24.0,     24.0,     24.0,     74.0,  9, 10, 11,  9,      80125,      80125,      80125,      80125
 7,    2525046,     18.0,     18.0,     18.0,     55.0,  9, 10, 11,  9,    2372220,    2372220,    2372220,    2372220
 7,      43451,     40.0,     43.0,     41.0,    125.0,  9, 10, 11,  9,    2403046,      78207,    2403046,    2403046
 7,    2577532,     41.0,     43.0,     42.0,    126.0,  9, 10, 11,  9,    2403046,    2403046,    2403033,    2403046
 7,    2577530,     41.0,     43.0,     42.0,    126.0,  9, 10, 11,  9,    2403046,    2403046,    2403034,    2403046
 7,    2577535,     41.0,     43.0,     42.0,    126.0,  9, 10, 11,  9,    2403046,    2403046,    2403046,    2403046
 7,    1119992,     56.0,     59.0,     57.0,    173.0,  9, 10, 11,  9,    1344976,    1344976,    1344976,    1344976
 7,    2525133,     24.0,     24.0,     24.0,     74.0,  9, 10, 11,  9,    2372261,    2372261,    2372261,    2372261
 7,    1120085,     62.0,     62.0,     62.0,    194.0,  9, 10, 11,  9,    1345020,    1345020,    1345020,    1345020
 7,    2537247,     15.0,     17.0,     17.0,     48.0,  9, 10, 11,  9,    2381222,    2381222,    2381222,    2381222
 7,    3194006,     18.0,     18.0,     18.0,     55.0,  9, 10, 11,  9,    2663165,    2663165,    2663165,    2663165
 7,    2614724,     47.0,     47.0,     47.0,    146.0,  9, 10, 11,  9,      80010,      80010,      80010,      80010
 7,    3191508,     24.0,     24.0,     24.0,     74.0,  9, 10, 11,  9,    2662556,    2662556,    2662556,    2662556
 7,    3191539,     18.0,     18.0,     18.0,     55.0,  9, 10, 11,  9,    2662563,    2662563,    2662563,    2662563
 7,    3191564,     24.0,     24.0,     24.0,     74.0,  9, 10, 11, 10,    2662571,    2662571,    2662571,    2662571
 7,    3191586,     18.0,     18.0,     18.0,     55.0,  9, 10, 11,  9,    2662577,    2662577,    2662577,    2662577
 7,    3191610,     18.0,     18.0,     18.0,     55.0,  9, 10, 11, 10,    2662587,    2662587,    2662587,    2662587
 7,    3191685,     24.0,     24.0,     24.0,     74.0,  9, 10, 11,  9,    2662602,    2662602,    2662602,    2662602
 7,    3191706,     18.0,     18.0,     18.0,     55.0,  9, 10, 11,  9,    2662608,    2662608,    2662608,    2662608
 7,    3191744,     18.0,     18.0,     18.0,     55.0,  9, 10, 11, 10,    2662618,    2662618,    2662618,    2662618
 7,    3191738,     18.0,     18.0,     18.0,     55.0,  9, 10, 11,  9,    2662617,    2662617,    2662617,    2662617
 7,    3191755,     24.0,     24.0,     24.0,     75.0,  9, 10, 11,  9,    2662628,    2662628,    2662628,    2662628
 7,    3194140,     24.0,     23.0,     24.0,     73.0,  9, 10, 11, 10,    2663207,    2663207,    2663207,    2663207
 7,    3280980,     23.0,     23.0,     23.0,     73.0,  9, 10, 11, 10,    2687841,    2687841,    2687841,    2687841
 7,    3446393,     24.0,     24.0,     24.0,     75.0,  9, 10, 11,  9,    2742763,    2742763,    2742763,    2742763
 7,    3579600,     59.0,     59.0,     59.0,    181.0,  9, 10, 11,  9,      80093,      80093,      80093,      80093
 7,    3622002,     44.0,     42.0,     44.0,    132.0,  9, 10, 11, 10,    2201249,    2201249,    2201249,    2201249
 7,    4075278,     46.0,     44.0,     45.0,    133.0,  9, 10, 11, 10,    2201249,    2201249,    2201249,    2201249
 7,    4075353,     46.0,     43.0,     45.0,    133.0,  9, 10, 11, 10,    2201249,    2201249,    2201249,    2201249
 8,      44255,     18.0,     18.0,     18.0,     55.0,  9, 10, 11,  9,      80015,      80015,      80015,      80015
 8,    2573776,     48.0,     48.0,     47.0,    148.0,  9, 10, 12,  9,      80010,      80010,      80010,      80010
 8,    2573791,     47.0,     47.0,     47.0,    147.0,  9, 10, 11, 11,      80010,      80010,      80010,      80010
 8,    2573831,     47.0,     47.0,     47.0,    147.0,  9, 10, 11,  9,      80010,      80010,      80010,      80010
 8,    2573943,     47.0,     47.0,     47.0,    147.0,  9, 10, 11,  9,      80010,      80010,      80010,      80010
 8,    2614720,     46.0,     46.0,     46.0,    146.0,  9, 10, 11,  9,      80010,      80010,      80010,      80010
 8,    2574035,     46.0,     46.0,     46.0,    145.0,  9, 10, 11,  9,      80010,      80010,      80010,      80010
 8,    2574144,     46.0,     46.0,     46.0,    145.0,  9, 10, 11,  9,      80010,      80010,      80010,      80010
 8,    2574617,     46.0,     46.0,     46.0,    145.0,  9, 10, 11,  9,      80010,      80010,      80010,      80010
 8,    3194731,     23.0,     23.0,     23.0,     73.0,  9, 10, 11,  9,    2663390,    2663390,    2663390,    2663390
 8,    3194751,     23.0,     23.0,     23.0,     73.0,  9, 10, 11,  9,    2663397,    2663397,    2663397,    2663397
 8,    3194737,     23.0,     23.0,     23.0,     72.0,  9, 10, 11, 10,    2401769,    2401769,    2401769,    2401769
 8,    3194626,     23.0,     23.0,     23.0,     73.0,  9, 10, 11,  9,    2663364,    2663364,    2663364,    2663364
 8,    3194097,     18.0,     17.0,     18.0,     55.0,  9, 10, 11,  9,    2372116,    2372116,    2372116,    2372116
 8,    3194110,     18.0,     18.0,     18.0,     55.0,  9, 10, 11,  9,    2663201,    2663201,    2663201,    2663201
 8,    3194050,     24.0,     24.0,     24.0,     74.0,  9, 10, 11,  9,    2663181,    2663181,    2663181,    2663181
 8,    3194071,     17.0,     17.0,     17.0,     54.0,  9, 10, 11,  9,      80086,      80086,      80086,      80086
 8,     933929,     46.0,     46.0,     46.0,    146.0,  9, 10, 11, 11,    1211140,    1211140,    1211140,    1211140
 8,     933924,     46.0,     47.0,     45.0,    143.0,  9, 10, 11, 11,    1211137,    1211137,    1211137,    1211137
 8,    3194526,     23.0,     23.0,     23.0,     73.0,  9, 10, 11,  9,    2663347,    2663347,    2663347,    2663347
 8,    3194541,     23.0,     23.0,     23.0,     73.0,  9, 10, 11,  9,    2663354,    2663354,    2663354,    2663354
 8,      44304,     24.0,     24.0,     24.0,     74.0,  9, 10, 11,  9,      80125,      80125,      80125,      80125
 8,    3194638,     41.0,     40.0,     41.0,    128.0,  9, 10, 11, 10,    2201249,    2201249,    2201249,    2201249
 8,      43457,     38.0,     39.0,     37.0,    117.0,  9, 10, 11, 11,    2403046,    2403046,    2403033,    2403046
 8,    2576524,     40.0,     41.0,     39.0,    120.0,  9, 10, 11, 11,    2403046,    2403046,    2403034,    2403046
 8,    1406046,     39.0,     37.0,     37.0,    120.0,  1,  2,  3,  2,     649576,     649576,    1406046,    1406046
 8,    3419144,     17.0,     16.0,     17.0,     49.0,  9, 10, 11, 10,    1211181,    1211181,    1211181,    1211181
 8,    3194448,     24.0,     23.0,     24.0,     73.0,  9, 10, 11, 10,    2663323,    2663323,    2663323,    2663323
 8,    3195024,     45.0,     45.0,     45.0,    145.0,  9, 10, 11,  9,      80010,      80010,      80010,      80010
 8,    1405960,     23.0,     23.0,     23.0,     73.0,  9, 10, 11, 11,    1523921,    1523921,    1523921,    1523921
 8,    3194851,     45.0,     45.0,     45.0,    144.0,  9, 10, 11,  9,      80010,      80010,      80010,      80010
 8,    2614721,     47.0,     47.0,     47.0,    146.0,  9, 10, 11,  9,      80010,      80010,      80010,      80010
 8,     649581,     41.0,     39.0,     39.0,    127.0,  1,  2,  3,  2,     649567,     649567,     649581,     649581
 8,    3194708,     23.0,     23.0,     23.0,     73.0,  9, 10, 11,  9,    2663385,    2663385,    2663385,    2663385
 8,    2579329,     57.0,     56.0,     55.0,    172.0,  9, 10, 11, 11,      80093,      80093,      80093,      80093
 8,    2538885,     44.0,     42.0,     45.0,    133.0,  9, 10, 11, 10,      80037,      80037,      80037,      80037
 8,    1203904,     41.0,     40.0,     41.0,    128.0,  9, 10, 11, 10,    2201249,    2201249,    2201249,    2201249
 8,    3194458,     23.0,     23.0,     23.0,     72.0,  9, 10, 11, 10,    2663325,    2663325,    2663325,    2663325
 8,    2239329,     24.0,     24.0,     24.0,     74.0,  9, 10, 11,  9,      80125,      80125,      80125,      80125
 8,    2524843,     45.0,     43.0,     46.0,    135.0,  9, 10, 11, 10,      80037,      80037,      80037,      80037
 8,    2524851,     45.0,     44.0,     46.0,    135.0,  9, 10, 11, 10,      80037,      80037,      80037,      80037
 8,    3194467,     24.0,     24.0,     24.0,     73.0,  9, 10, 11, 10,    2663327,    2663327,    2663327,    2663327
 8,    3194502,     24.0,     23.0,     23.0,     73.0,  9, 10, 11, 10,    2663340,    2663340,    2663340,    2663340
 8,    3831482,     45.0,     43.0,     46.0,    135.0,  9, 10, 11, 10,      80037,      80037,      80037,      80037
 8,    3831483,     46.0,     44.0,     46.0,    135.0,  9, 10, 11, 10,      80037,      80037,      80037,      80037
 8,    2537242,     40.0,     41.0,     38.0,    119.0,  9, 10, 11, 11,      78207,      78207,    2403046,    2403046
 8,    2574775,     39.0,     40.0,     38.0,    119.0,  9, 10, 11, 11,    2403046,    2403046,    2403033,    2403046
 8,    2574794,     39.0,     40.0,     38.0,    119.0,  9, 10, 11, 11,    2403046,    2403046,    2403033,    2403046
 8,      43455,     38.0,     39.0,     36.0,    117.0,  9, 10, 11, 11,    2403046,      78207,    2403046,    2403046
 8,      43456,     39.0,     40.0,     37.0,    118.0,  9, 10, 11, 11,      78207,      78207,    2403046,    2403046
 8,    2575174,     39.0,     39.0,     37.0,    117.0,  9, 10, 11, 11,      78207,    2403046,    2403046,    2403046
 8,    2575228,     57.0,     56.0,     55.0,    172.0,  9, 10, 11, 11,      80093,      80093,      80093,      80093
 8,    2575231,     57.0,     56.0,     55.0,    172.0,  9, 10, 11, 11,      80093,      80093,      80093,      80093
 8,      44293,     57.0,     56.0,     55.0,    172.0,  9, 10, 11, 11,      80093,      80093,      80093,      80093
 8,    2524922,     57.0,     56.0,     55.0,    172.0,  9, 10, 11, 11,      80093,      80093,      80093,      80093
 8,    2575371,     58.0,     57.0,     56.0,    173.0,  9, 10, 11, 11,      80093,      80093,      80093,      80093
 8,    2575422,     59.0,     58.0,     57.0,    174.0,  9, 10, 11, 11,      80093,      80093,      80093,      80093
 8,    2575448,     58.0,     57.0,     56.0,    174.0,  9, 10, 11, 11,      80093,      80093,      80093,      80093
 8,    2575544,     57.0,     56.0,     55.0,    172.0,  9, 10, 11, 11,      80093,      80093,      80093,      80093
 8,    2575568,     56.0,     55.0,     54.0,    171.0,  9, 10, 11, 11,      80093,      80093,      80093,      80093
 8,    3191763,     24.0,     24.0,     24.0,     74.0,  9, 10, 11,  9,    2662631,    2662631,    2662631,    2662631
 8,    3191784,     23.0,     24.0,     24.0,     72.0,  9, 10, 11,  9,    2662638,    2662638,    2662638,    2662638
 8,    3193967,     24.0,     24.0,     24.0,     73.0,  9, 10, 11, 11,    2663149,    2663149,    2663149,    2663149
 8,    3193988,     23.0,     23.0,     23.0,     73.0,  9, 10, 11,  9,    2663160,    2663160,    2663160,    2663160
 8,    3191771,     24.0,     24.0,     24.0,     74.0,  9, 10, 11,  9,    2662635,    2662635,    2662635,    2662635
 8,    3191776,     24.0,     24.0,     24.0,     74.0,  9, 10, 11,  9,    2662636,    2662636,    2662636,    2662636
 8,    3191794,     24.0,     24.0,     24.0,     73.0,  9, 10, 11, 10,    2662640,    2662640,    2662640,    2662640
 8,    3194096,     24.0,     24.0,     24.0,     73.0,  9, 10, 11, 11,    2663196,    2663196,    2663196,    2663196
 8,    3194145,     24.0,     24.0,     24.0,     74.0,  9, 10, 11,  9,    2663208,    2663208,    2663208,    2663208
 8,    3194443,     24.0,     23.0,     23.0,     73.0,  9, 10, 11, 10,    2663321,    2663321,    2663321,    2663321
 8,    2577330,     49.0,     49.0,     49.0,    150.0,  9, 10, 11,  9,      80010,      80010,      80010,      80010
 8,    2525031,     18.0,     18.0,     18.0,     56.0,  9, 10, 11,  9,    2372196,    2372196,    2372196,    2372196
 8,    2577380,     49.0,     49.0,     48.0,    149.0,  9, 10, 12,  9,      80010,      80010,      80010,      80010
 8,      44300,     24.0,     24.0,     24.0,     74.0,  9, 10, 11,  9,      80125,      80125,      80125,      80125
 8,    3195095,     24.0,     24.0,     24.0,     74.0,  9, 10, 11,  9,      80125,      80125,      80125,      80125
 8,    2525046,     18.0,     18.0,     18.0,     55.0,  9, 10, 11,  9,    2372220,    2372220,    2372220,    2372220
 8,      43451,     41.0,     42.0,     39.0,    121.0,  9, 10, 11, 11,      78207,      78207,    2403046,    2403046
 8,    2577532,     41.0,     42.0,     40.0,    122.0,  9, 10, 11, 11,    2403046,    2403046,    2403033,    2403046
 8,    2577530,     41.0,     42.0,     40.0,    122.0,  9, 10, 11, 11,    2403046,    2403046,    2403034,    2403046
 8,    2577535,     41.0,     42.0,     40.0,    122.0,  9, 10, 11, 11,    2403046,    2403046,    2403046,    2403046
 8,    1119992,     57.0,     58.0,     55.0,    169.0,  9, 10, 11, 11,    1344976,    1344976,    1344976,    1344976
 8,    2525133,     24.0,     24.0,     24.0,     74.0,  9, 10, 11,  9,    2372261,    2372261,    2372261,    2372261
 8,    1120085,     62.0,     62.0,     62.0,    194.0,  9, 10, 11,  9,    1345020,    1345020,    1345020,    1345020
 8,    2537247,     15.0,     17.0,     16.0,     48.0,  9, 10, 11,  9,    2381222,    2381222,    2381222,    2381222
 8,    3194006,     18.0,     18.0,     18.0,     55.0,  9, 10, 11,  9,    2663165,    2663165,    2663165,    2663165
 8,    2614724,     47.0,     47.0,     47.0,    146.0,  9, 10, 11,  9,      80010,      80010,      80010,      80010
 8,    3191508,     24.0,     24.0,     24.0,     73.0,  9, 10, 11,  9,    2662556,    2662556,    2662556,    2662556
 8,    3191539,     18.0,     18.0,     18.0,     55.0,  9, 10, 11,  9,    2662563,    2662563,    2662563,    2662563
 8,    3191564,     24.0,     24.0,     24.0,     75.0,  9, 10, 11,  9,    2662571,    2662571,    2662571,    2662571
 8,    3191586,     18.0,     18.0,     18.0,     55.0,  9, 10, 11,  9,    2662577,    2662577,    2662577,    2662577
 8,    3191610,     18.0,     18.0,     18.0,     56.0,  9, 10, 11,  9,    2662587,    2662587,    2662587,    2662587
 8,    3191685,     24.0,     24.0,     24.0,     74.0,  9, 10, 11,  9,    2662602,    2662602,    2662602,    2662602
 8,    3191706,     18.0,     18.0,     18.0,     55.0,  9, 10, 11,  9,    2662608,    2662608,    2662608,    2662608
 8,    3191744,     18.0,     18.0,     18.0,     55.0,  9, 10, 11, 10,    2662618,    2662618,    2662618,    2662618
 8,    3191738,     18.0,     18.0,     18.0,     55.0,  9, 10, 11,  9,    2662617,    2662617,    2662617,    2662617
 8,    3191755,     24.0,     24.0,     24.0,     75.0,  9, 10, 11,  9,    2662628,    2662628,    2662628,    2662628
 8,    3194140,     24.0,     24.0,     24.0,     73.0,  9, 10, 11, 10,    2663207,    2663207,    2663207,    2663207
 8,    3280980,     23.0,     23.0,     23.0,     73.0,  9, 10, 11,  9,    2687841,    2687841,    2687841,    2687841
 8,    3446393,     24.0,     24.0,     24.0,     75.0,  9, 10, 11,  9,    2742763,    2742763,    2742763,    2742763
 8,    3579600,     59.0,     58.0,     57.0,    175.0,  9, 10, 11, 11,      80093,      80093,      80093,      80093
 8,    3622002,     44.0,     43.0,     43.0,    133.0,  9, 10, 11, 10,    2201249,    2201249,    2201249,    2201249
 8,    4075278,     45.0,     44.0,     45.0,    135.0,  9, 10, 11, 10,    2201249,    2201249,    2201249,    2201249
 8,    4075353,     45.0,     44.0,     44.0,    134.0,  9, 10, 11, 10,    2201249,    2201249,    2201249,    2201249
 9,      44255,     18.0,     18.0,     18.0,     55.0,  9, 10, 11,  9,      80015,      80015,      80015,      80015
 9,    2573776,     48.0,     47.0,     47.0,    148.0,  9, 10, 12,  9,      80010,      80010,      80010,      80010
 9,    2573791,     47.0,     47.0,     47.0,    147.0,  9, 10, 11, 10,      80010,      80010,      80010,      80010
 9,    2573831,     47.0,     47.0,     47.0,    147.0,  9, 10, 11,  9,      80010,      80010,      80010,      80010
 9,    2573943,     47.0,     47.0,     47.0,    146.0,  9, 10, 11, 10,      80010,      80010,      80010,      80010
 9,    2614720,     46.0,     46.0,     46.0,    146.0,  9, 10, 11,  9,      80010,      80010,      80010,      80010
 9,    2574035,     46.0,     46.0,     46.0,    145.0,  9, 10, 11,  9,      80010,      80010,      80010,      80010
 9,    2574144,     46.0,     46.0,     46.0,    145.0,  9, 10, 11,  9,      80010,      80010,      80010,      80010
 9,    2574617,     46.0,     46.0,     46.0,    145.0,  9, 10, 11,  9,      80010,      80010,      80010,      80010
 9,    3194731,     23.0,     23.0,     23.0,     73.0,  9, 10, 11,  9,    2663390,    2663390,    2663390,    2663390
 9,    3194751,     23.0,     23.0,     23.0,     73.0,  9, 10, 11,  9,    2663397,    2663397,    2663397,    2663397
 9,    3194737,     23.0,     23.0,     23.0,     72.0,  9, 10, 11, 10,    2401769,    2401769,    2401769,    2401769
 9,    3194626,     23.0,     23.0,     23.0,     73.0,  9, 10, 11,  9,    2663364,    2663364,    2663364,    2663364
 9,    3194097,     18.0,     17.0,     18.0,     54.0,  9, 10, 11, 10,    2372116,    2372116,    2372116,    2372116
 9,    3194110,     18.0,     18.0,     18.0,     55.0,  9, 10, 11,  9,    2663201,    2663201,    2663201,    2663201
 9,    3194050,     24.0,     24.0,     24.0,     74.0,  9, 10, 11,  9,    2663181,    2663181,    2663181,    2663181
 9,    3194071,     17.0,     17.0,     17.0,     54.0,  9, 10, 11,  9,      80086,      80086,      80086,      80086
 9,     933929,     46.0,     46.0,     46.0,    146.0,  9, 10, 11,  9,    1211140,    1211140,    1211140,    1211140
 9,     933924,     46.0,     46.0,     45.0,    142.0,  9, 10, 11, 11,    1211137,    1211137,    1211137,    1211137
 9,    3194526,     23.0,     23.0,     23.0,     73.0,  9, 10, 11,  9,    2663347,    2663347,    2663347,    2663347
 9,    3194541,     23.0,     23.0,     23.0,     73.0,  9, 10, 11,  9,    2663354,    2663354,    2663354,    2663354
 9,      44304,     24.0,     24.0,     24.0,     74.0,  9, 10, 11,  9,      80125,      80125,      80125,      80125
 9,    3194638,     40.0,     39.0,     41.0,    124.0,  9, 10, 11, 10,    2201249,    2201249,    2201249,    2201249
 9,      43457,     38.0,     37.0,     37.0,    119.0,  9, 10, 11, 10,    2403046,    2403046,    2403046,    2403046
 9,    2576524,     40.0,     39.0,     39.0,    122.0,  9, 10, 11, 10,    2403046,    2403046,    2403046,    2403046
 9,    1406046,     38.0,     36.0,     38.0,    117.0,  1,  2,  3,  2,     649576,     649576,     649576,    1406046
 9,    3419144,     16.0,     15.0,     17.0,     48.0,  9, 10, 11, 10,    1211181,    1211181,    1211181,    1211181
 9,    3194448,     24.0,     23.0,     24.0,     73.0,  9, 10, 11, 10,    2663323,    2663323,    2663323,    2663323
 9,    3195024,     45.0,     45.0,     45.0,    144.0,  9, 10, 11, 10,      80010,      80010,      80010,      80010
 9,    1405960,     23.0,     23.0,     23.0,     73.0,  9, 10, 11, 10,    1523921,    1523921,    1523921,    1523921
 9,    3194851,     45.0,     45.0,     45.0,    144.0,  9, 10, 11,  9,      80010,      80010,      80010,      80010
 9,    2614721,     47.0,     47.0,     47.0,    146.0,  9, 10, 11,  9,      80010,      80010,      80010,      80010
 9,     649581,     40.0,     38.0,     40.0,    124.0,  1,  2,  3,  2,     649567,     649567,     649567,     649581
 9,    3194708,     23.0,     23.0,     23.0,     73.0,  9, 10, 11,  9,    2663385,    2663385,    2663385,    2663385
 9,    2579329,     56.0,     55.0,     54.0,    169.0,  9, 10, 11, 11,      80093,      80093,      80093,      80093
 9,    2538885,     43.0,     40.0,     45.0,    126.0,  9, 10, 11, 10,      80037,      80037,      80037,      80037
 9,    1203904,     40.0,     39.0,     41.0,    124.0,  9, 10, 11, 10,    2201249,    2201249,    2201249,    2201249
 9,    3194458,     23.0,     23.0,     23.0,     72.0,  9, 10, 11, 10,    2663325,    2663325,    2663325,    2663325
 9,    2239329,     24.0,     24.0,     24.0,     74.0,  9, 10, 11,  9,      80125,      80125,      80125,      80125
 9,    2524843,     44.0,     41.0,     46.0,    127.0,  9, 10, 11, 10,      80037,      80037,      80037,      80037
 9,    2524851,     44.0,     41.0,     46.0,    128.0,  9, 10, 11, 10,      80037,      80037,      80037,      80037
 9,    3194467,     24.0,     24.0,     24.0,     73.0,  9, 10, 11, 10,    2663327,    2663327,    2663327,    2663327
 9,    3194502,     23.0,     23.0,     23.0,     73.0,  9, 10, 11,  9,    2663340,    2663340,    2663340,    2663340
 9,    3831482,     44.0,     41.0,     46.0,    127.0,  9, 10, 11, 10,      80037,      80037,      80037,      80037
 9,    3831483,     44.0,     41.0,     46.0,    128.0,  9, 10, 11, 10,      80037,      80037,      80037,      80037
 9,    2537242,     39.0,     39.0,     39.0,    121.0,  9, 10, 11, 10,    2403046,    2403046,    2403046,    2403046
 9,    2574775,     39.0,     38.0,     38.0,    120.0,  9, 10, 11, 11,      78207,    2403046,    2403046,    2403046
 9,    2574794,     39.0,     38.0,     38.0,    120.0,  9, 10, 11, 10,      78207,    2403046,    2403046,    2403046
 9,      43455,     37.0,     37.0,     37.0,    118.0,  9, 10, 11, 11,    2403046,    2403046,    2403046,    2403046
 9,      43456,     38.0,     38.0,     38.0,    119.0,  9, 10, 11, 11,    2403046,    2403046,    2403033,    2403046
 9,    2575174,     38.0,     38.0,     37.0,    119.0,  9, 10, 11, 10,    2403046,      78207,    2403046,    2403046
 9,    2575228,     56.0,     55.0,     54.0,    169.0,  9, 10, 11, 11,      80093,      80093,      80093,      80093
 9,    2575231,     56.0,     55.0,     54.0,    170.0,  9, 10, 11, 11,      80093,      80093,      80093,      80093
 9,      44293,     56.0,     55.0,     54.0,    170.0,  9, 10, 11, 11,      80093,      80093,      80093,      80093
 9,    2524922,     56.0,     55.0,     54.0,    170.0,  9, 10, 11, 11,      80093,      80093,      80093,      80093
 9,    2575371,     57.0,     56.0,     55.0,    171.0,  9, 10, 11, 11,      80093,      80093,      80093,      80093
 9,    2575422,     58.0,     57.0,     56.0,    172.0,  9, 10, 11, 11,      80093,      80093,      80093,      80093
 9,    2575448,     57.0,     56.0,     55.0,    171.0,  9, 10, 11, 11,      80093,      80093,      80093,      80093
 9,    2575544,     56.0,     55.0,     54.0,    170.0,  9, 10, 11, 11,      80093,      80093,      80093,      80093
 9,    2575568,     55.0,     54.0,     54.0,    168.0,  9, 10, 11, 11,      80093,      80093,      80093,      80093
 9,    3191763,     24.0,     24.0,     24.0,     74.0,  9, 10, 11,  9,    2662631,    2662631,    2662631,    2662631
 9,    3191784,     24.0,     24.0,     24.0,     73.0,  9, 10, 11,  9,    2662638,    2662638,    2662638,    2662638
 9,    3193967,     24.0,     24.0,     24.0,     73.0,  9, 10, 11, 11,    2663149,    2663149,    2663149,    2663149
 9,    3193988,     23.0,     23.0,     23.0,     73.0,  9, 10, 11,  9,    2663160,    2663160,    2663160,    2663160
 9,    3191771,     24.0,     24.0,     24.0,     74.0,  9, 10, 11,  9,    2662635,    2662635,    2662635,    2662635
 9,    3191776,     24.0,     24.0,     24.0,     74.0,  9, 10, 11,  9,    2662636,    2662636,    2662636,    2662636
 9,    3191794,     24.0,     23.0,     24.0,     73.0,  9, 10, 11, 10,    2662640,    2662640,    2662640,    2662640
 9,    3194096,     24.0,     24.0,     24.0,     73.0,  9, 10, 11, 11,    2663196,    2663196,    2663196,    2663196
 9,    3194145,     24.0,     24.0,     24.0,     74.0,  9, 10, 11,  9,    2663208,    2663208,    2663208,    2663208
 9,    3194443,     24.0,     23.0,     24.0,     73.0,  9, 10, 11, 10,    2663321,    2663321,    2663321,    2663321
 9,    2577330,     49.0,     49.0,     49.0,    150.0,  9, 10, 11,  9,      80010,      80010,      80010,      80010
 9,    2525031,     18.0,     18.0,     18.0,     56.0,  9, 10, 11,  9,    2372196,    2372196,    2372196,    2372196
 9,    2577380,     49.0,     49.0,     48.0,    149.0,  9, 10, 12,  9,      80010,      80010,      80010,      80010
 9,      44300,     24.0,     24.0,     24.0,     74.0,  9, 10, 11,  9,      80125,      80125,      80125,      80125
 9,    3195095,     24.0,     24.0,     24.0,     74.0,  9, 10, 11,  9,      80125,      80125,      80125,      80125
 9,    2525046,     18.0,     18.0,     18.0,     55.0,  9, 10, 11,  9,    2372220,    2372220,    2372220,    2372220
 9,      43451,     40.0,     40.0,     40.0,    122.0,  9, 10, 11, 11,    2403046,    2403046,    2403033,    2403046
 9,    2577532,     40.0,     40.0,     40.0,    123.0,  9, 10, 11, 10,    2403046,    2403046,    2403046,    2403046
 9,    2577530,     40.0,     40.0,     40.0,    123.0,  9, 10, 11, 11,    2403046,    2403046,    2403046,    2403046
 9,    2577535,     40.0,     40.0,     40.0,    123.0,  9, 10, 11, 11,    2403046,    2403046,    2403046,    2403046
 9,    1119992,     56.0,     56.0,     56.0,    171.0,  9, 10, 11, 10,    1344976,    1344976,    1344976,    1344976
 9,    2525133,     24.0,     24.0,     24.0,     75.0,  9, 10, 11,  9,    2372261,    2372261,    2372261,    2372261
 9,    1120085,     62.0,     62.0,     62.0,    194.0,  9, 10, 11,  9,    1345020,    1345020,    1345020,    1345020
 9,    2537247,     15.0,     16.0,     17.0,     48.0,  9, 10, 11,  9,    2381222,    2381222,    2381222,    2381222
 9,    3194006,     18.0,     18.0,     18.0,     55.0,  9, 10, 11,  9,    2663165,    2663165,    2663165,    2663165
 9,    2614724,     47.0,     47.0,     47.0,    146.0,  9, 10, 11,  9,      80010,      80010,      80010,      80010
 9,    3191508,     23.0,     24.0,     24.0,     72.0,  9, 10, 11,  9,    2662556,    2662556,    2662556,    2662556
 9,    3191539,     17.0,     18.0,     18.0,     53.0,  9, 10, 11,  9,    2662563,    2662563,    2662563,    2662563
 9,    3191564,     24.0,     24.0,     24.0,     74.0,  9, 10, 11, 10,    2662571,    2662571,    2662571,    2662571
 9,    3191586,     18.0,     18.0,     18.0,     55.0,  9, 10, 11,  9,    2662577,    2662577,    2662577,    2662577
 9,    3191610,     18.0,     18.0,     18.0,     55.0,  9, 10, 11, 10,    2662587,    2662587,    2662587,    2662587
 9,    3191685,     24.0,     24.0,     24.0,     74.0,  9, 10, 11,  9,    2662602,    2662602,    2662602,    2662602
 9,    3191706,     18.0,     18.0,     18.0,     55.0,  9, 10, 11,  9,    2662608,    2662608,    2662608,    2662608
 9,    3191744,     18.0,     18.0,     18.0,     55.0,  9, 10, 11,  9,    2662618,    2662618,    2662618,    2662618
 9,    3191738,     18.0,     18.0,     18.0,     55.0,  9, 10, 11,  9,    2662617,    2662617,    2662617,    2662617
 9,    3191755,     24.0,     24.0,     24.0,     75.0,  9, 10, 11,  9,    2662628,    2662628,    2662628,    2662628
 9,    3194140,     24.0,     24.0,     24.0,     73.0,  9, 10, 11, 10,    2663207,    2663207,    2663207,    2663207
 9,    3280980,     23.0,     23.0,     23.0,     73.0,  9, 10, 11,  9,    2687841,    2687841,    2687841,    2687841
 9,    3446393,     24.0,     24.0,     24.0,     75.0,  9, 10, 11,  9,    2742763,    2742763,    2742763,    2742763
 9,    3579600,     58.0,     57.0,     56.0,    173.0,  9, 10, 11, 11,      80093,      80093,      80093,      80093
 9,    3622002,     43.0,     41.0,     44.0,    129.0,  9, 10, 11, 10,    2201249,    2201249,    2201249,    2201249
 9,    4075278,     44.0,     43.0,     45.0,    130.0,  9, 10, 11, 10,    2201249,    2201249,    2201249,    2201249
 9,    4075353,     44.0,     43.0,     45.0,    130.0,  9, 10, 11, 10,    2201249,    2201249,    2201249,    2201249
10,      44255,     18.0,     18.0,     18.0,     55.0,  9, 10, 11,  9,      80015,      80015,      80015,      80015
10,    2573776,     48.0,     47.0,     47.0,    148.0,  9, 10, 11,  9,      80010,      80010,      80010,      80010
10,    2573791,     47.0,     47.0,     47.0,    147.0,  9, 10, 11,  9,      80010,      80010,      80010,      80010
10,    2573831,     47.0,     47.0,     47.0,    147.0,  9, 10, 11,  9,      80010,      80010,      80010,      80010
10,    2573943,     47.0,     47.0,     47.0,    146.0,  9, 10, 11, 10,      80010,      80010,      80010,      80010
10,    2614720,     46.0,     46.0,     46.0,    146.0,  9, 10, 11,  9,      80010,      80010,      80010,      80010
10,    2574035,     46.0,     46.0,     46.0,    145.0,  9, 10, 11,  9,      80010,      80010,      80010,      80010
10,    2574144,     46.0,     46.0,     46.0,    145.0,  9, 10, 11,  9,      80010,      80010,      80010,      80010
10,    2574617,     46.0,     46.0,     46.0,    145.0,  9, 10, 11,  9,      80010,      80010,      80010,      80010
10,    3194731,     23.0,     23.0,     23.0,     72.0,  9, 10, 11, 10,    2663390,    2663390,    2663390,    2663390
10,    3194751,     23.0,     23.0,     23.0,     72.0,  9, 10, 11, 10,    2663397,    2663397,    2663397,    2663397
10,    3194737,     23.0,     23.0,     23.0,     72.0,  9, 10, 11, 10,    2401769,    2401769,    2401769,    2401769
10,    3194626,     23.0,     23.0,     23.0,     73.0,  9, 10, 11,  9,    2663364,    2663364,    2663364,    2663364
10,    3194097,     18.0,     18.0,     18.0,     55.0,  9, 10, 11,  9,    2372116,    2372116,    2372116,    2372116
10,    3194110,     18.0,     18.0,     18.0,     55.0,  9, 10, 11,  9,    2663201,    2663201,    2663201,    2663201
10,    3194050,     24.0,     24.0,     24.0,     74.0,  9, 10, 11,  9,    2663181,    2663181,    2663181,    2663181
10,    3194071,     17.0,     17.0,     17.0,     54.0,  9, 10, 11,  9,      80086,      80086,      80086,      80086
10,     933929,     46.0,     46.0,     46.0,    145.0,  9, 10, 11, 10,    1211140,    1211140,    1211140,    1211140
10,     933924,     44.0,     45.0,     46.0,    141.0,  9, 10, 11,  9,    1211137,    1211137,    1211137,    1211137
10,    3194526,     23.0,     23.0,     23.0,     73.0,  9, 10, 11,  9,    2663347,    2663347,    2663347,    2663347
10,    3194541,     23.0,     23.0,     23.0,     73.0,  9, 10, 11,  9,    2663354,    2663354,    2663354,    2663354
10,      44304,     24.0,     24.0,     24.0,     74.0,  9, 10, 11,  9,      80125,      80125,      80125,      80125
10,    3194638,     39.0,     38.0,     40.0,    122.0,  9, 10, 11, 10,    2201249,    2201249,    2201249,    2201249
10,      43457,     37.0,     33.0,     34.0,    105.0,  9, 10, 11, 10,    2403046,    2403046,    2403046,    2403046
10,    2576524,     39.0,     35.0,     36.0,    108.0,  9, 10, 11, 10,    2403046,    2403046,    2403046,    2403046
10,    1406046,     37.0,     35.0,     36.0,    114.0,  1,  2,  3,  2,    1406046,     649576,    1406046,    1406046
10,    3419144,     16.0,     16.0,     17.0,     49.0,  9, 10, 11,  9,    1211181,    1211181,    1211181,    1211181
10,    3194448,     24.0,     23.0,     24.0,     73.0,  9, 10, 11, 10,    2663323,    2663323,    2663323,    2663323
10,    3195024,     45.0,     45.0,     45.0,    144.0,  9, 10, 11, 10,      80010,      80010,      80010,      80010
10,    1405960,     23.0,     23.0,     23.0,     73.0,  9, 10, 11, 10,    1523921,    1523921,    1523921,    1523921
10,    3194851,     45.0,     45.0,     45.0,    144.0,  9, 10, 11,  9,      80010,      80010,      80010,      80010
10,    2614721,     47.0,     47.0,     47.0,    146.0,  9, 10, 11,  9,      80010,      80010,      80010,      80010
10,     649581,     39.0,     37.0,     38.0,    120.0,  1,  2,  3,  2,     649581,     649567,     649581,     649581
10,    3194708,     23.0,     23.0,     23.0,     73.0,  9, 10, 11,  9,    2663385,    2663385,    2663385,    2663385
10,    2579329,     54.0,     53.0,     55.0,    166.0,  9, 10, 11, 10,      80093,      80093,      80093,      80093
10,    2538885,     43.0,     41.0,     45.0,    128.0,  9, 10, 11, 10,      80037,      80037,      80037,      80037
10,    1203904,     39.0,     38.0,     40.0,    122.0,  9, 10, 11, 10,    2201249,    2201249,    2201249,    2201249
10,    3194458,     23.0,     23.0,     23.0,     72.0,  9, 10, 11, 10,    2663325,    2663325,    2663325,    2663325
10,    2239329,     24.0,     24.0,     24.0,     74.0,  9, 10, 11,  9,      80125,      80125,      80125,      80125
10,    2524843,     44.0,     42.0,     46.0,    130.0,  9, 10, 11, 10,      80037,      80037,      80037,      80037
10,    2524851,     45.0,     42.0,     46.0,    130.0,  9, 10, 11, 10,      80037,      80037,      80037,      80037
10,    3194467,     24.0,     23.0,     24.0,     73.0,  9, 10, 11, 10,    2663327,    2663327,    2663327,    2663327
10,    3194502,     23.0,     23.0,     23.0,     73.0,  9, 10, 11,  9,    2663340,    2663340,    2663340,    2663340
10,    3831482,     44.0,     42.0,     46.0,    130.0,  9, 10, 11, 10,      80037,      80037,      80037,      80037
10,    3831483,     45.0,     42.0,     46.0,    130.0,  9, 10, 11, 10,      80037,      80037,      80037,      80037
10,    2537242,     38.0,     34.0,     35.0,    107.0,  9, 10, 11, 10,    2403046,    2403046,    2403046,    2403046
10,    2574775,     38.0,     34.0,     35.0,    106.0,  9, 10, 11, 10,    2403046,    2403046,    2403046,    2403046
10,    2574794,     38.0,     34.0,     35.0,    106.0,  9, 10, 11, 10,    2403046,    2403046,    2403046,    2403046
10,      43455,     36.0,     33.0,     34.0,    105.0,  9, 10, 11, 10,    2403046,    2403046,    2403046,    2403046
10,      43456,     37.0,     33.0,     34.0,    106.0,  9, 10, 11, 10,    2403046,    2403046,    2403046,    2403046
10,    2575174,     37.0,     33.0,     34.0,    105.0,  9, 10, 11, 10,    2403046,    2403046,    2403046,    2403046
10,    2575228,     54.0,     53.0,     55.0,    166.0,  9, 10, 11, 10,      80093,      80093,      80093,      80093
10,    2575231,     54.0,     53.0,     55.0,    167.0,  9, 10, 11, 10,      80093,      80093,      80093,      80093
10,      44293,     55.0,     53.0,     56.0,    167.0,  9, 10, 11, 10,      80093,      80093,      80093,      80093
10,    2524922,     55.0,     54.0,     56.0,    167.0,  9, 10, 11, 10,      80093,      80093,      80093,      80093
10,    2575371,     55.0,     54.0,     56.0,    168.0,  9, 10, 11, 10,      80093,      80093,      80093,      80093
10,    2575422,     56.0,     55.0,     57.0,    169.0,  9, 10, 11, 10,      80093,      80093,      80093,      80093
10,    2575448,     55.0,     54.0,     56.0,    168.0,  9, 10, 11, 10,      80093,      80093,      80093,      80093
10,    2575544,     54.0,     53.0,     56.0,    167.0,  9, 10, 11, 10,      80093,      80093,      80093,      80093
10,    2575568,     54.0,     53.0,     55.0,    166.0,  9, 10, 11, 10,      80093,      80093,      80093,      80093
10,    3191763,     24.0,     24.0,     24.0,     74.0,  9, 10, 11,  9,    2662631,    2662631,    2662631,    2662631
10,    3191784,     24.0,     24.0,     24.0,     73.0,  9, 10, 11,  9,    2662638,    2662638,    2662638,    2662638
10,    3193967,     24.0,     24.0,     24.0,     74.0,  9, 10, 11,  9,    2663149,    2663149,    2663149,    2663149
10,    3193988,     23.0,     23.0,     23.0,     72.0,  9, 10, 11,  9,    2663160,    2663160,    2663160,    2663160
10,    3191771,     24.0,     24.0,     24.0,     74.0,  9, 10, 11,  9,    2662635,    2662635,    2662635,    2662635
10,    3191776,     24.0,     24.0,     24.0,     74.0,  9, 10, 11,  9,    2662636,    2662636,    2662636,    2662636
10,    3191794,     24.0,     24.0,     24.0,     73.0,  9, 10, 11, 10,    2662640,    2662640,    2662640,    2662640
10,    3194096,     24.0,     24.0,     23.0,     73.0,  9, 10, 11, 11,    2663196,    2663196,    2663196,    2663196
10,    3194145,     24.0,     24.0,     24.0,     74.0,  9, 10, 11,  9,    2663208,    2663208,    2663208,    2663208
10,    3194443,     23.0,     23.0,     23.0,     73.0, 12, 10, 11,  9,    2663321,    2663321,    2663321,    2663321
10,    2577330,     49.0,     49.0,     49.0,    150.0,  9, 10, 11,  9,      80010,      80010,      80010,      80010
10,    2525031,     18.0,     18.0,     18.0,     56.0,  9, 10, 11,  9,    2372196,    2372196,    2372196,    2372196
10,    2577380,     49.0,     48.0,     48.0,    149.0,  9, 10, 12,  9,      80010,      80010,      80010,      80010
10,      44300,     24.0,     24.0,     24.0,     74.0,  9, 10, 11,  9,      80125,      80125,      80125,      80125
10,    3195095,     24.0,     24.0,     24.0,     74.0,  9, 10, 11,  9,      80125,      80125,      80125,      80125
10,    2525046,     18.0,     18.0,     18.0,     55.0,  9, 10, 11,  9,    2372220,    2372220,    2372220,    2372220
10,      43451,     39.0,     35.0,     36.0,    109.0,  9, 10, 11, 10,    2403046,    2403046,    2403046,    2403046
10,    2577532,     39.0,     35.0,     36.0,    109.0,  9, 10, 11, 10,    2403046,    2403046,    2403046,    2403046
10,    2577530,     39.0,     36.0,     36.0,    109.0,  9, 10, 11, 10,    2403046,    2403046,    2403046,    2403046
10,    2577535,     39.0,     36.0,     36.0,    109.0,  9, 10, 11, 10,    2403046,    2403046,    2403046,    2403046
10,    1119992,     55.0,     51.0,     52.0,    157.0,  9, 10, 11, 10,    1344976,    1344976,    1344976,    1344976
10,    2525133,     24.0,     24.0,     24.0,     75.0,  9, 10, 11,  9,    2372261,    2372261,    2372261,    2372261
10,    1120085,     62.0,     62.0,     62.0,    194.0,  9, 10, 11,  9,    1345020,    1345020,    1345020,    1345020
10,    2537247,     16.0,     16.0,     17.0,     49.0,  9, 10, 11,  9,    2381222,    2381222,    2381222,    2381222
10,    3194006,     18.0,     18.0,     18.0,     55.0,  9, 10, 11,  9,    2663165,    2663165,    2663165,    2663165
10,    2614724,     47.0,     47.0,     47.0,    146.0,  9, 10, 11,  9,      80010,      80010,      80010,      80010
10,    3191508,     23.0,     24.0,     24.0,     71.0,  9, 10, 11,  9,    2662556,    2662556,    2662556,    2662556
10,    3191539,     17.0,     18.0,     18.0,     53.0,  9, 10, 11,  9,    2662563,    2662563,    2662563,    2662563
10,    3191564,     24.0,     24.0,     24.0,     74.0,  9, 10, 11, 10,    2662571,    2662571,    2662571,    2662571
10,    3191586,     18.0,     18.0,     18.0,     55.0,  9, 10, 11,  9,    2662577,    2662577,    2662577,    2662577
10,    3191610,     18.0,     18.0,     18.0,     55.0,  9, 10, 11,  9,    2662587,    2662587,    2662587,    2662587
10,    3191685,     24.0,     24.0,     24.0,     74.0,  9, 10, 11,  9,    2662602,    2662602,    2662602,    2662602
10,    3191706,     18.0,     18.0,     18.0,     55.0,  9, 10, 11,  9,    2662608,    2662608,    2662608,    2662608
10,    3191744,     18.0,     18.0,     18.0,     55.0,  9, 10, 11,  9,    2662618,    2662618,    2662618,    2662618
10,    3191738,     18.0,     18.0,     18.0,     55.0,  9, 10, 11,  9,    2662617,    2662617,    2662617,    2662617
10,    3191755,     24.0,     24.0,     24.0,     75.0,  9, 10, 11,  9,    2662628,    2662628,    2662628,    2662628
10,    3194140,     24.0,     23.0,     24.0,     73.0,  9, 10, 11, 10,    2663207,    2663207,    2663207,    2663207
10,    3280980,     23.0,     23.0,     23.0,     73.0,  9, 10, 11,  9,    2687841,    2687841,    2687841,    2687841
10,    3446393,     24.0,     24.0,     24.0,     75.0,  9, 10, 11,  9,    2742763,    2742763,    2742763,    2742763
10,    3579600,     56.0,     55.0,     57.0,    170.0,  9, 10, 11, 10,      80093,      80093,      80093,      80093
10,    3622002,     42.0,     41.0,     42.0,    127.0,  9, 10, 11, 10,    2201249,    2201249,    2201249,    2201249
10,    4075278,     43.0,     42.0,     43.0,    129.0,  9, 10, 11, 10,    2201249,    2201249,    2201249,    2201249
10,    4075353,     43.0,     42.0,     43.0,    129.0,  9, 10, 11, 10,    2201249,    2201249,    2201249,    2201249
11,      44255,     18.0,     18.0,     18.0,     55.0,  9, 10, 11,  9,      80015,      80015,      80015,      80015
11,    2573776,     48.0,     47.0,     47.0,    148.0,  9, 10, 11,  9,      80010,      80010,      80010,      80010
11,    2573791,     47.0,     47.0,     47.0,    147.0,  9, 10, 11,  9,      80010,      80010,      80010,      80010
11,    2573831,     47.0,     47.0,     47.0,    147.0,  9, 10, 11,  9,      80010,      80010,      80010,      80010
11,    2573943,     47.0,     47.0,     47.0,    146.0,  9, 10, 11,  9,      80010,      80010,      80010,      80010
11,    2614720,     46.0,     46.0,     46.0,    146.0,  9, 10, 11,  9,      80010,      80010,      80010,      80010
11,    2574035,     46.0,     46.0,     46.0,    145.0,  9, 10, 11,  9,      80010,      80010,      80010,      80010
11,    2574144,     46.0,     46.0,     46.0,    145.0,  9, 10, 11,  9,      80010,      80010,      80010,      80010
11,    2574617,     46.0,     46.0,     46.0,    145.0,  9, 10, 11,  9,      80010,      80010,      80010,      80010
11,    3194731,     23.0,     23.0,     23.0,     72.0,  9, 10, 11, 10,    2663390,    2663390,    2663390,    2663390
11,    3194751,     23.0,     23.0,     23.0,     72.0,  9, 10, 11, 10,    2663397,    2663397,    2663397,    2663397
11,    3194737,     23.0,     23.0,     23.0,     72.0,  9, 10, 11, 10,    2401769,    2401769,    2401769,    2401769
11,    3194626,     23.0,     23.0,     23.0,     73.0,  9, 10, 11,  9,    2663364,    2663364,    2663364,    2663364
11,    3194097,     18.0,     18.0,     18.0,     55.0,  9, 10, 11,  9,    2372116,    2372116,    2372116,    2372116
11,    3194110,     18.0,     18.0,     18.0,     55.0,  9, 10, 11,  9,    2663201,    2663201,    2663201,    2663201
11,    3194050,     24.0,     24.0,     24.0,     74.0,  9, 10, 11,  9,    2663181,    2663181,    2663181,    2663181
11,    3194071,     17.0,     17.0,     17.0,     54.0,  9, 10, 11,  9,      80086,      80086,      80086,      80086
11,     933929,     46.0,     46.0,     46.0,    146.0,  9, 10, 11,  9,    1211140,    1211140,    1211140,    1211140
11,     933924,     46.0,     46.0,     47.0,    145.0,  9, 10, 11,  9,    1211137,    1211137,    1211137,    1211137
11,    3194526,     23.0,     23.0,     23.0,     73.0,  9, 10, 11,  9,    2663347,    2663347,    2663347,    2663347
11,    3194541,     23.0,     23.0,     23.0,     73.0,  9, 10, 11,  9,    2663354,    2663354,    2663354,    2663354
11,      44304,     24.0,     24.0,     24.0,     74.0,  9, 10, 11,  9,      80125,      80125,      80125,      80125
11,    3194638,     41.0,     37.0,     39.0,    119.0,  9, 10, 11, 10,    2201249,    2201249,    2201249,    2201249
11,      43457,     34.0,     36.0,     34.0,    107.0,  9, 10, 11, 11,    2403046,    2403046,    2403046,    2403046
11,    2576524,     36.0,     38.0,     36.0,    110.0,  9, 10, 11, 11,    2403046,    2403046,    2403046,    2403046
11,    1406046,     38.0,     34.0,     37.0,    112.0,  1,  2,  3,  2,     649576,    1406046,     649576,    1406046
11,    3419144,     16.0,     16.0,     17.0,     50.0,  9, 10, 11,  9,    1211181,    1211181,    1211181,    1211181
11,    3194448,     24.0,     23.0,     24.0,     73.0,  9, 10, 11, 10,    2663323,    2663323,    2663323,    2663323
11,    3195024,     45.0,     45.0,     45.0,    144.0,  9, 10, 11, 10,      80010,      80010,      80010,      80010
11,    1405960,     23.0,     23.0,     23.0,     73.0,  9, 10, 11, 10,    1523921,    1523921,    1523921,    1523921
11,    3194851,     45.0,     45.0,     45.0,    144.0,  9, 10, 11,  9,      80010,      80010,      80010,      80010
11,    2614721,     47.0,     47.0,     47.0,    146.0,  9, 10, 11,  9,      80010,      80010,      80010,      80010
11,     649581,     40.0,     36.0,     39.0,    117.0,  1,  2,  3,  2,     649567,     649581,     649567,     649581
11,    3194708,     23.0,     23.0,     23.0,     72.0,  9, 10, 11, 10,    2663385,    2663385,    2663385,    2663385
11,    2579329,     55.0,     55.0,     56.0,    172.0,  9, 10, 11, 10,      80093,      80093,      80093,      80093
11,    2538885,     43.0,     41.0,     44.0,    130.0,  9, 10, 11, 10,      80037,      80037,      80037,      80037
11,    1203904,     41.0,     37.0,     39.0,    119.0,  9, 10, 11, 10,    2201249,    2201249,    2201249,    2201249
11,    3194458,     23.0,     23.0,     23.0,     72.0,  9, 10, 11, 10,    2663325,    2663325,    2663325,    2663325
11,    2239329,     24.0,     24.0,     24.0,     74.0,  9, 10, 11,  9,      80125,      80125,      80125,      80125
11,    2524843,     45.0,     42.0,     46.0,    132.0,  9, 10, 11, 10,      80037,      80037,      80037,      80037
11,    2524851,     45.0,     43.0,     46.0,    132.0,  9, 10, 11, 10,      80037,      80037,      80037,      80037
11,    3194467,     24.0,     23.0,     24.0,     73.0,  9, 10, 11, 10,    2663327,    2663327,    2663327,    2663327
11,    3194502,     24.0,     23.0,     23.0,     73.0,  9, 10, 11, 10,    2663340,    2663340,    2663340,    2663340
11,    3831482,     45.0,     42.0,     46.0,    132.0,  9, 10, 11, 10,      80037,      80037,      80037,      80037
11,    3831483,     45.0,     43.0,     46.0,    132.0,  9, 10, 11, 10,      80037,      80037,      80037,      80037
11,    2537242,     35.0,     37.0,     35.0,    109.0,  9, 10, 11, 11,    2403046,    2403046,    2403046,    2403046
11,    2574775,     35.0,     37.0,     35.0,    109.0,  9, 10, 11, 11,    2403046,    2403046,    2403046,    2403046
11,    2574794,     35.0,     37.0,     34.0,    109.0,  9, 10, 11, 11,    2403046,    2403046,    2403046,    2403046
11,      43455,     34.0,     36.0,     33.0,    107.0,  9, 10, 11, 11,    2403046,    2403046,    2403046,    2403046
11,      43456,     35.0,     36.0,     34.0,    108.0,  9, 10, 11, 11,    2403046,    2403046,    2403046,    2403046
11,    2575174,     34.0,     36.0,     34.0,    107.0,  9, 10, 11, 11,    2403046,    2403046,    2403046,    2403046
11,    2575228,     56.0,     55.0,     56.0,    172.0,  9, 10, 11, 10,      80093,      80093,      80093,      80093
11,    2575231,     56.0,     55.0,     56.0,    173.0,  9, 10, 11, 10,      80093,      80093,      80093,      80093
11,      44293,     56.0,     55.0,     56.0,    173.0,  9, 10, 11, 10,      80093,      80093,      80093,      80093
11,    2524922,     56.0,     55.0,     56.0,    173.0,  9, 10, 11, 10,      80093,      80093,      80093,      80093
11,    2575371,     56.0,     56.0,     57.0,    174.0,  9, 10, 11, 10,      80093,      80093,      80093,      80093
11,    2575422,     57.0,     57.0,     57.0,    175.0,  9, 10, 11, 10,      80093,      80093,      80093,      80093
11,    2575448,     57.0,     56.0,     57.0,    174.0,  9, 10, 11, 10,      80093,      80093,      80093,      80093
11,    2575544,     56.0,     55.0,     56.0,    173.0,  9, 10, 11, 10,      80093,      80093,      80093,      80093
11,    2575568,     55.0,     55.0,     55.0,    172.0,  9, 10, 11, 10,      80093,      80093,      80093,      80093
11,    3191763,     24.0,     24.0,     24.0,     74.0,  9, 10, 11,  9,    2662631,    2662631,    2662631,    2662631
11,    3191784,     23.0,     24.0,     24.0,     72.0,  9, 10, 11,  9,    2662638,    2662638,    2662638,    2662638
11,    3193967,     24.0,     24.0,     23.0,     73.0,  9, 10, 11, 11,    2663149,    2663149,    2663149,    2663149
11,    3193988,     23.0,     23.0,     23.0,     72.0,  9, 10, 11,  9,    2663160,    2663160,    2663160,    2663160
11,    3191771,     24.0,     24.0,     24.0,     74.0,  9, 10, 11,  9,    2662635,    2662635,    2662635,    2662635
11,    3191776,     24.0,     24.0,     24.0,     74.0,  9, 10, 11,  9,    2662636,    2662636,    2662636,    2662636
11,    3191794,     24.0,     24.0,     24.0,     73.0,  9, 10, 11, 10,    2662640,    2662640,    2662640,    2662640
11,    3194096,     24.0,     24.0,     24.0,     73.0,  9, 10, 11, 11,    2663196,    2663196,    2663196,    2663196
11,    3194145,     24.0,     24.0,     24.0,     73.0,  9, 10, 11, 10,    2663208,    2663208,    2663208,    2663208
11,    3194443,     24.0,     23.0,     23.0,     73.0,  9, 10, 11, 10,    2663321,    2663321,    2663321,    2663321
11,    2577330,     49.0,     49.0,     49.0,    150.0,  9, 10, 11,  9,      80010,      80010,      80010,      80010
11,    2525031,     18.0,     18.0,     18.0,     56.0,  9, 10, 11,  9,    2372196,    2372196,    2372196,    2372196
11,    2577380,     49.0,     48.0,     48.0,    149.0,  9, 10, 12,  9,      80010,      80010,      80010,      80010
11,      44300,     24.0,     24.0,     24.0,     74.0,  9, 10, 11,  9,      80125,      80125,      80125,      80125
11,    3195095,     24.0,     24.0,     24.0,     74.0,  9, 10, 11,  9,      80125,      80125,      80125,      80125
11,    2525046,     18.0,     18.0,     18.0,     55.0,  9, 10, 11,  9,    2372220,    2372220,    2372220,    2372220
11,      43451,     36.0,     38.0,     36.0,    111.0,  9, 10, 11, 11,    2403046,    2403046,    2403046,    2403046
11,    2577532,     37.0,     39.0,     36.0,    111.0,  9, 10, 11, 11,    2403046,    2403046,    2403046,    2403046
11,    2577530,     37.0,     39.0,     36.0,    111.0,  9, 10, 11, 11,    2403046,    2403046,    2403046,    2403046
11,    2577535,     37.0,     39.0,     36.0,    111.0,  9, 10, 11, 11,    2403046,    2403046,    2403046,    2403046
11,    1119992,     52.0,     54.0,     52.0,    159.0,  9, 10, 11, 11,    1344976,    1344976,    1344976,    1344976
11,    2525133,     24.0,     24.0,     24.0,     74.0,  9, 10, 11,  9,    2372261,    2372261,    2372261,    2372261
11,    1120085,     62.0,     62.0,     62.0,    194.0,  9, 10, 11,  9,    1345020,    1345020,    1345020,    1345020
11,    2537247,     14.0,     16.0,     17.0,     44.0,  9, 10, 11,  9,    2381222,    2381222,    2381222,    2381222
11,    3194006,     18.0,     18.0,     18.0,     55.0,  9, 10, 11,  9,    2663165,    2663165,    2663165,    2663165
11,    2614724,     47.0,     47.0,     47.0,    146.0,  9, 10, 11,  9,      80010,      80010,      80010,      80010
11,    3191508,     24.0,     24.0,     24.0,     74.0,  9, 10, 11,  9,    2662556,    2662556,    2662556,    2662556
11,    3191539,     18.0,     18.0,     18.0,     55.0,  9, 10, 11,  9,    2662563,    2662563,    2662563,    2662563
11,    3191564,     24.0,     24.0,     24.0,     74.0,  9, 10, 11, 10,    2662571,    2662571,    2662571,    2662571
11,    3191586,     18.0,     18.0,     18.0,     55.0,  9, 10, 11,  9,    2662577,    2662577,    2662577,    2662577
11,    3191610,     18.0,     18.0,     18.0,     55.0,  9, 10, 11, 10,    2662587,    2662587,    2662587,    2662587
11,    3191685,     24.0,     24.0,     24.0,     73.0,  9, 10, 11, 11,    2662602,    2662602,    2662602,    2662602
11,    3191706,     18.0,     18.0,     17.0,     54.0,  9, 10, 11, 11,    2662608,    2662608,    2662608,    2662608
11,    3191744,     18.0,     18.0,     18.0,     55.0,  9, 10, 11, 10,    2662618,    2662618,    2662618,    2662618
11,    3191738,     18.0,     18.0,     18.0,     55.0,  9, 10, 11,  9,    2662617,    2662617,    2662617,    2662617
11,    3191755,     24.0,     24.0,     24.0,     75.0,  9, 10, 11,  9,    2662628,    2662628,    2662628,    2662628
11,    3194140,     24.0,     23.0,     24.0,     73.0,  9, 10, 11, 10,    2663207,    2663207,    2663207,    2663207
11,    3280980,     23.0,     23.0,     23.0,     73.0,  9, 10, 11,  9,    2687841,    2687841,    2687841,    2687841
11,    3446393,     24.0,     24.0,     24.0,     75.0,  9, 10, 11,  9,    2742763,    2742763,    2742763,    2742763
11,    3579600,     58.0,     57.0,     58.0,    176.0,  9, 10, 11, 10,      80093,      80093,      80093,      80093
11,    3622002,     43.0,     40.0,     42.0,    123.0,  9, 10, 11, 10,    2201249,    2201249,    2201249,    2201249
11,    4075278,     44.0,     41.0,     43.0,    125.0,  9, 10, 11, 10,    2201249,    2201249,    2201249,    2201249
11,    4075353,     44.0,     41.0,     43.0,    125.0,  9, 10, 11, 10,    2201249,    2201249,    2201249,    2201249
12,      44255,     18.0,     18.0,     18.0,     55.0,  9, 10, 11,  9,      80015,      80015,      80015,      80015
12,    2573776,     48.0,     47.0,     47.0,    148.0,  9, 10, 12,  9,      80010,      80010,      80010,      80010
12,    2573791,     47.0,     47.0,     47.0,    147.0,  9, 10, 11, 10,      80010,      80010,      80010,      80010
12,    2573831,     47.0,     47.0,     47.0,    147.0,  9, 10, 11,  9,      80010,      80010,      80010,      80010
12,    2573943,     47.0,     47.0,     47.0,    146.0,  9, 10, 11, 10,      80010,      80010,      80010,      80010
12,    2614720,     46.0,     46.0,     46.0,    146.0,  9, 10, 11,  9,      80010,      80010,      80010,      80010
12,    2574035,     46.0,     46.0,     46.0,    145.0,  9, 10, 11,  9,      80010,      80010,      80010,      80010
12,    2574144,     46.0,     46.0,     46.0,    145.0,  9, 10, 11,  9,      80010,      80010,      80010,      80010
12,    2574617,     46.0,     46.0,     46.0,    145.0,  9, 10, 11,  9,      80010,      80010,      80010,      80010
12,    3194731,     23.0,     23.0,     23.0,     72.0,  9, 10, 11, 10,    2663390,    2663390,    2663390,    2663390
12,    3194751,     23.0,     23.0,     23.0,     72.0,  9, 10, 11, 10,    2663397,    2663397,    2663397,    2663397
12,    3194737,     23.0,     23.0,     23.0,     72.0,  9, 10, 11, 10,    2401769,    2401769,    2401769,    2401769
12,    3194626,     23.0,     23.0,     23.0,     72.0,  9, 10, 11, 10,    2663364,    2663364,    2663364,    2663364
12,    3194097,     18.0,     18.0,     18.0,     55.0,  9, 10, 11,  9,    2372116,    2372116,    2372116,    2372116
12,    3194110,     18.0,     18.0,     18.0,     55.0,  9, 10, 11,  9,    2663201,    2663201,    2663201,    2663201
12,    3194050,     24.0,     24.0,     24.0,     74.0,  9, 10, 11,  9,    2663181,    2663181,    2663181,    2663181
12,    3194071,     17.0,     17.0,     17.0,     54.0,  9, 10, 11, 10,      80086,      80086,      80086,      80086
12,     933929,     46.0,     46.0,     46.0,    146.0,  9, 10, 11,  9,    1211140,    1211140,    1211140,    1211140
12,     933924,     46.0,     47.0,     46.0,    144.0,  9, 10, 11,  9,    1211137,    1211137,    1211137,    1211137
12,    3194526,     23.0,     23.0,     23.0,     73.0,  9, 10, 11,  9,    2663347,    2663347,    2663347,    2663347
12,    3194541,     23.0,     23.0,     23.0,     72.0,  9, 10, 11, 10,    2663354,    2663354,    2663354,    2663354
12,      44304,     24.0,     24.0,     24.0,     74.0,  9, 10, 11,  9,      80125,      80125,      80125,      80125
12,    3194638,     40.0,     36.0,     38.0,    117.0,  9, 10, 11, 10,    2201249,    2201249,    2201249,    2201249
12,      43457,     33.0,     32.0,     31.0,    100.0,  9, 10, 11, 11,    2403046,    2403046,    2403046,    2403046
12,    2576524,     35.0,     34.0,     33.0,    103.0,  9, 10, 11, 11,    2403046,    2403046,    2403046,    2403046
12,    1406046,     38.0,     34.0,     37.0,    111.0,  1,  2,  3,  2,    1406046,     649576,    1406046,    1406046
12,    3419144,     17.0,     16.0,     17.0,     51.0,  9, 10, 11, 10,    1211181,    1211181,    1211181,    1211181
12,    3194448,     24.0,     23.0,     24.0,     73.0,  9, 10, 11, 10,    2663323,    2663323,    2663323,    2663323
12,    3195024,     45.0,     45.0,     45.0,    145.0,  9, 10, 11,  9,      80010,      80010,      80010,      80010
12,    1405960,     23.0,     23.0,     23.0,     73.0,  9, 10, 11, 10,    1523921,    1523921,    1523921,    1523921
12,    3194851,     45.0,     45.0,     45.0,    144.0,  9, 10, 11,  9,      80010,      80010,      80010,      80010
12,    2614721,     47.0,     47.0,     47.0,    146.0,  9, 10, 11,  9,      80010,      80010,      80010,      80010
12,     649581,     40.0,     36.0,     38.0,    116.0,  1,  2, 11, 10,     649581,     649567,    2201249,    2201249
12,    3194708,     23.0,     23.0,     23.0,     72.0,  9, 10, 11, 10,    2663385,    2663385,    2663385,    2663385
12,    2579329,     56.0,     55.0,     55.0,    172.0,  9, 10, 11, 11,      80093,      80093,      80093,      80093
12,    2538885,     44.0,     41.0,     44.0,    129.0,  9, 10, 11, 10,      80037,      80037,      80037,      80037
12,    1203904,     40.0,     36.0,     39.0,    117.0,  9, 10, 11, 10,    2201249,    2201249,    2201249,    2201249
12,    3194458,     23.0,     23.0,     23.0,     72.0,  9, 10, 11, 10,    2663325,    2663325,    2663325,    2663325
12,    2239329,     24.0,     24.0,     24.0,     74.0,  9, 10, 11,  9,      80125,      80125,      80125,      80125
12,    2524843,     45.0,     42.0,     46.0,    131.0,  9, 10, 11, 10,      80037,      80037,      80037,      80037
12,    2524851,     46.0,     42.0,     46.0,    131.0,  9, 10, 11, 10,      80037,      80037,      80037,      80037
12,    3194467,     24.0,     23.0,     24.0,     73.0,  9, 10, 11, 10,    2663327,    2663327,    2663327,    2663327
12,    3194502,     24.0,     23.0,     23.0,     72.0,  9, 10, 11, 10,    2663340,    2663340,    2663340,    2663340
12,    3831482,     45.0,     42.0,     46.0,    131.0,  9, 10, 11, 10,      80037,      80037,      80037,      80037
12,    3831483,     46.0,     42.0,     46.0,    131.0,  9, 10, 11, 10,      80037,      80037,      80037,      80037
12,    2537242,     34.0,     33.0,     33.0,    102.0,  9, 10, 11, 11,    2403046,    2403046,    2403046,    2403046
12,    2574775,     34.0,     33.0,     32.0,    101.0,  9, 10, 11, 11,    2403046,    2403046,    2403046,    2403046
12,    2574794,     34.0,     33.0,     32.0,    101.0,  9, 10, 11, 11,    2403046,    2403046,    2403046,    2403046
12,      43455,     33.0,     32.0,     31.0,    100.0,  9, 10, 11, 11,    2403046,    2403046,    2403046,    2403046
12,      43456,     33.0,     32.0,     32.0,    100.0,  9, 10, 11, 11,    2403046,    2403046,    2403046,    2403046
12,    2575174,     33.0,     32.0,     32.0,    100.0,  9, 10, 11, 11,    2403046,    2403046,    2403046,    2403046
12,    2575228,     56.0,     55.0,     55.0,    172.0,  9, 10, 11, 11,      80093,      80093,      80093,      80093
12,    2575231,     56.0,     56.0,     55.0,    173.0,  9, 10, 11, 11,      80093,      80093,      80093,      80093
12,      44293,     56.0,     56.0,     55.0,    173.0,  9, 10, 11, 11,      80093,      80093,      80093,      80093
12,    2524922,     57.0,     56.0,     55.0,    173.0,  9, 10, 11, 11,      80093,      80093,      80093,      80093
12,    2575371,     57.0,     56.0,     56.0,    174.0,  9, 10, 11, 11,      80093,      80093,      80093,      80093
12,    2575422,     58.0,     57.0,     57.0,    175.0,  9, 10, 11, 11,      80093,      80093,      80093,      80093
12,    2575448,     57.0,     57.0,     56.0,    174.0,  9, 10, 11, 11,      80093,      80093,      80093,      80093
12,    2575544,     56.0,     56.0,     55.0,    173.0,  9, 10, 11, 11,      80093,      80093,      80093,      80093
12,    2575568,     56.0,     55.0,     55.0,    172.0,  9, 10, 11, 11,      80093,      80093,      80093,      80093
12,    3191763,     24.0,     24.0,     24.0,     73.0,  9, 10, 11, 10,    2662631,    2662631,    2662631,    2662631
12,    3191784,     23.0,     23.0,     23.0,     71.0,  9, 10, 11,  9,    2662638,    2662638,    2662638,    2662638
12,    3193967,     24.0,     24.0,     22.0,     69.0,  9, 10, 11, 11,    2663149,    2663149,    2663149,    2663149
12,    3193988,     23.0,     23.0,     23.0,     72.0,  9, 10, 11, 10,    2663160,    2663160,    2663160,    2663160
12,    3191771,     24.0,     24.0,     24.0,     74.0,  9, 10, 11,  9,    2662635,    2662635,    2662635,    2662635
12,    3191776,     24.0,     24.0,     24.0,     74.0,  9, 10, 11,  9,    2662636,    2662636,    2662636,    2662636
12,    3191794,     24.0,     24.0,     24.0,     73.0,  9, 10, 11, 10,    2662640,    2662640,    2662640,    2662640
12,    3194096,     24.0,     24.0,     23.0,     73.0,  9, 10, 11, 11,    2663196,    2663196,    2663196,    2663196
12,    3194145,     24.0,     24.0,     24.0,     73.0,  9, 10, 11, 10,    2663208,    2663208,    2663208,    2663208
12,    3194443,     24.0,     23.0,     24.0,     73.0,  9, 10, 11, 10,    2663321,    2663321,    2663321,    2663321
12,    2577330,     49.0,     49.0,     49.0,    150.0,  9, 10, 11,  9,      80010,      80010,      80010,      80010
12,    2525031,     18.0,     18.0,     18.0,     56.0,  9, 10, 11,  9,    2372196,    2372196,    2372196,    2372196
12,    2577380,     49.0,     49.0,     48.0,    149.0,  9, 10, 12,  9,      80010,      80010,      80010,      80010
12,      44300,     24.0,     24.0,     24.0,     74.0,  9, 10, 11,  9,      80125,      80125,      80125,      80125
12,    3195095,     24.0,     24.0,     24.0,     74.0,  9, 10, 11,  9,      80125,      80125,      80125,      80125
12,    2525046,     18.0,     18.0,     18.0,     55.0,  9, 10, 11,  9,    2372220,    2372220,    2372220,    2372220
12,      43451,     35.0,     34.0,     33.0,    103.0,  9, 10, 11, 11,    2403046,    2403046,    2403046,    2403046
12,    2577532,     35.0,     34.0,     34.0,    104.0,  9, 10, 11, 11,    2403046,    2403046,    2403046,    2403046
12,    2577530,     36.0,     34.0,     34.0,    104.0,  9, 10, 11, 11,    2403046,    2403046,    2403046,    2403046
12,    2577535,     36.0,     34.0,     34.0,    104.0,  9, 10, 11, 11,    2403046,    2403046,    2403046,    2403046
12,    1119992,     51.0,     50.0,     49.0,    151.0,  9, 10, 11, 11,    1344976,    1344976,    1344976,    1344976
12,    2525133,     24.0,     24.0,     24.0,     74.0,  9, 10, 11,  9,    2372261,    2372261,    2372261,    2372261
12,    1120085,     62.0,     62.0,     62.0,    194.0,  9, 10, 11,  9,    1345020,    1345020,    1345020,    1345020
12,    2537247,     15.0,     14.0,     17.0,     45.0,  9, 10, 11, 10,    2381222,    2381222,    2381222,    2381222
12,    3194006,     18.0,     18.0,     18.0,     55.0,  9, 10, 11,  9,    2663165,    2663165,    2663165,    2663165
12,    2614724,     47.0,     47.0,     47.0,    146.0,  9, 10, 11,  9,      80010,      80010,      80010,      80010
12,    3191508,     24.0,     24.0,     24.0,     73.0,  9, 10, 11,  9,    2662556,    2662556,    2662556,    2662556
12,    3191539,     18.0,     18.0,     18.0,     55.0,  9, 10, 11,  9,    2662563,    2662563,    2662563,    2662563
12,    3191564,     24.0,     24.0,     24.0,     74.0,  9, 10, 11, 10,    2662571,    2662571,    2662571,    2662571
12,    3191586,     18.0,     18.0,     18.0,     55.0,  9, 10, 11,  9,    2662577,    2662577,    2662577,    2662577
12,    3191610,     18.0,     18.0,     18.0,     55.0,  9, 10, 11, 10,    2662587,    2662587,    2662587,    2662587
12,    3191685,     24.0,     24.0,     23.0,     72.0,  9, 10, 11, 11,    2662602,    2662602,    2662602,    2662602
12,    3191706,     18.0,     18.0,     17.0,     53.0,  9, 10, 11, 11,    2662608,    2662608,    2662608,    2662608
12,    3191744,     18.0,     18.0,     18.0,     55.0,  9, 10, 11, 10,    2662618,    2662618,    2662618,    2662618
12,    3191738,     18.0,     18.0,     18.0,     55.0,  9, 10, 11,  9,    2662617,    2662617,    2662617,    2662617
12,    3191755,     24.0,     24.0,     24.0,     75.0,  9, 10, 11,  9,    2662628,    2662628,    2662628,    2662628
12,    3194140,     24.0,     23.0,     24.0,     73.0,  9, 10, 11, 10,    2663207,    2663207,    2663207,    2663207
12,    3280980,     23.0,     23.0,     23.0,     73.0,  9, 10, 11,  9,    2687841,    2687841,    2687841,    2687841
12,    3446393,     24.0,     24.0,     24.0,     75.0,  9, 10, 11,  9,    2742763,    2742763,    2742763,    2742763
12,    3579600,     58.0,     58.0,     57.0,    176.0,  9, 10, 11, 11,      80093,      80093,      80093,      80093
12,    3622002,     43.0,     39.0,     40.0,    121.0,  9, 10, 11, 10,    2201249,    2201249,    2201249,    2201249
12,    4075278,     44.0,     40.0,     42.0,    123.0,  9, 10, 11, 10,    2201249,    2201249,    2201249,    2201249
12,    4075353,     44.0,     40.0,     42.0,    123.0,  9, 10, 11, 10,    2201249,    2201249,    2201249,    2201249
13,      44255,     18.0,     18.0,     18.0,     55.0,  9, 10, 11,  9,      80015,      80015,      80015,      80015
13,    2573776,     48.0,     48.0,     47.0,    148.0,  9, 10, 11,  9,      80010,      80010,      80010,      80010
13,    2573791,     47.0,     47.0,     47.0,    147.0,  9, 10, 11, 10,      80010,      80010,      80010,      80010
13,    2573831,     47.0,     47.0,     47.0,    147.0,  9, 10, 11,  9,      80010,      80010,      80010,      80010
13,    2573943,     47.0,     47.0,     47.0,    146.0,  9, 10, 11, 10,      80010,      80010,      80010,      80010
13,    2614720,     46.0,     46.0,     46.0,    146.0,  9, 10, 11,  9,      80010,      80010,      80010,      80010
13,    2574035,     46.0,     46.0,     46.0,    145.0,  9, 10, 11,  9,      80010,      80010,      80010,      80010
13,    2574144,     46.0,     46.0,     46.0,    145.0,  9, 10, 11,  9,      80010,      80010,      80010,      80010
13,    2574617,     46.0,     46.0,     46.0,    145.0,  9, 10, 11,  9,      80010,      80010,      80010,      80010
13,    3194731,     23.0,     23.0,     23.0,     72.0,  9, 10, 11, 10,    2663390,    2663390,    2663390,    2663390
13,    3194751,     23.0,     23.0,     23.0,     72.0,  9, 10, 11, 10,    2663397,    2663397,    2663397,    2663397
13,    3194737,     23.0,     23.0,     23.0,     72.0,  9, 10, 11, 10,    2401769,    2401769,    2401769,    2401769
13,    3194626,     23.0,     23.0,     23.0,     72.0,  9, 10, 11, 10,    2663364,    2663364,    2663364,    2663364
13,    3194097,     18.0,     18.0,     18.0,     55.0,  9, 10, 11,  9,    2372116,    2372116,    2372116,    2372116
13,    3194110,     18.0,     18.0,     18.0,     55.0,  9, 10, 11,  9,    2663201,    2663201,    2663201,    2663201
13,    3194050,     24.0,     24.0,     24.0,     74.0,  9, 10, 11,  9,    2663181,    2663181,    2663181,    2663181
13,    3194071,     17.0,     17.0,     17.0,     54.0,  9, 10, 11, 10,      80086,      80086,      80086,      80086
13,     933929,     46.0,     46.0,     46.0,    146.0,  9, 10, 11, 11,    1211140,    1211140,    1211140,    1211140
13,     933924,     47.0,     47.0,     46.0,    147.0,  9, 10, 11, 11,    1211137,    1211137,    1211137,    1211137
13,    3194526,     23.0,     23.0,     23.0,     72.0,  9, 10, 11, 10,    2663347,    2663347,    2663347,    2663347
13,    3194541,     23.0,     23.0,     23.0,     72.0,  9, 10, 11, 10,    2663354,    2663354,    2663354,    2663354
13,      44304,     24.0,     24.0,     24.0,     74.0,  9, 10, 11,  9,      80125,      80125,      80125,      80125
13,    3194638,     40.0,     35.0,     38.0,    113.0,  9, 10, 11, 10,    2201249,    2201249,    2201249,    2201249
13,      43457,     34.0,     33.0,     32.0,    102.0,  9, 10, 11, 11,    2403046,    2403046,    2403046,    2403046
13,    2576524,     35.0,     34.0,     34.0,    105.0,  9, 10, 11, 11,    2403046,    2403046,    2403046,    2403046
13,    1406046,     38.0,     34.0,     37.0,    109.0,  1,  2,  3,  2,    1406046,     649576,    1406046,    1406046
13,    3419144,     17.0,     17.0,     17.0,     53.0,  9, 10, 11,  9,    1211181,    1211181,    1211181,    1211181
13,    3194448,     24.0,     23.0,     24.0,     73.0,  9, 10, 11, 10,    2663323,    2663323,    2663323,    2663323
13,    3195024,     45.0,     45.0,     45.0,    144.0,  9, 10, 11, 11,      80010,      80010,      80010,      80010
13,    1405960,     23.0,     23.0,     23.0,     73.0,  9, 10, 11, 11,    1523921,    1523921,    1523921,    1523921
13,    3194851,     45.0,     45.0,     45.0,    144.0,  9, 10, 11,  9,      80010,      80010,      80010,      80010
13,    2614721,     47.0,     47.0,     47.0,    146.0,  9, 10, 11,  9,      80010,      80010,      80010,      80010
13,     649581,     40.0,     35.0,     38.0,    112.0,  1,  2, 11, 10,     649581,     649581,    2201249,    2201249
13,    3194708,     23.0,     23.0,     23.0,     72.0,  9, 10, 11, 10,    2663385,    2663385,    2663385,    2663385
13,    2579329,     57.0,     55.0,     54.0,    169.0,  9, 10, 11, 11,      80093,      80093,      80093,      80093
13,    2538885,     44.0,     42.0,     45.0,    134.0,  9, 10, 11, 10,      80037,      80037,      80037,      80037
13,    1203904,     40.0,     35.0,     38.0,    113.0,  9, 10, 11, 10,    2201249,    2201249,    2201249,    2201249
13,    3194458,     23.0,     23.0,     23.0,     72.0,  9, 10, 11, 10,    2663325,    2663325,    2663325,    2663325
13,    2239329,     24.0,     24.0,     24.0,     74.0,  9, 10, 11,  9,      80125,      80125,      80125,      80125
13,    2524843,     45.0,     43.0,     46.0,    135.0,  9, 10, 11, 10,      80037,      80037,      80037,      80037
13,    2524851,     45.0,     44.0,     46.0,    136.0,  9, 10, 11, 10,      80037,      80037,      80037,      80037
13,    3194467,     24.0,     23.0,     24.0,     73.0,  9, 10, 11, 10,    2663327,    2663327,    2663327,    2663327
13,    3194502,     24.0,     23.0,     23.0,     72.0,  9, 10, 11, 10,    2663340,    2663340,    2663340,    2663340
13,    3831482,     45.0,     43.0,     46.0,    135.0,  9, 10, 11, 10,      80037,      80037,      80037,      80037
13,    3831483,     45.0,     44.0,     46.0,    136.0,  9, 10, 11, 10,      80037,      80037,      80037,      80037
13,    2537242,     35.0,     33.0,     33.0,    104.0,  9, 10, 11, 11,    2403046,    2403046,    2403046,    2403046
13,    2574775,     34.0,     33.0,     33.0,    103.0,  9, 10, 11, 11,    2403046,    2403046,    2403046,    2403046
13,    2574794,     34.0,     33.0,     33.0,    103.0,  9, 10, 11, 11,    2403046,    2403046,    2403046,    2403046
13,      43455,     33.0,     32.0,     32.0,    102.0,  9, 10, 11, 11,    2403046,    2403046,    2403046,    2403046
13,      43456,     34.0,     33.0,     32.0,    102.0,  9, 10, 11, 11,    2403046,    2403046,    2403046,    2403046
13,    2575174,     34.0,     33.0,     32.0,    102.0,  9, 10, 11, 11,    2403046,    2403046,    2403046,    2403046
13,    2575228,     57.0,     55.0,     54.0,    169.0,  9, 10, 11, 11,      80093,      80093,      80093,      80093
13,    2575231,     57.0,     55.0,     54.0,    169.0,  9, 10, 11, 11,      80093,      80093,      80093,      80093
13,      44293,     57.0,     55.0,     54.0,    169.0,  9, 10, 11, 11,      80093,      80093,      80093,      80093
13,    2524922,     58.0,     55.0,     54.0,    169.0,  9, 10, 11, 11,      80093,      80093,      80093,      80093
13,    2575371,     58.0,     56.0,     55.0,    170.0,  9, 10, 11, 11,      80093,      80093,      80093,      80093
13,    2575422,     59.0,     57.0,     56.0,    171.0,  9, 10, 11, 11,      80093,      80093,      80093,      80093
13,    2575448,     58.0,     56.0,     55.0,    171.0,  9, 10, 11, 11,      80093,      80093,      80093,      80093
13,    2575544,     57.0,     55.0,     54.0,    169.0,  9, 10, 11, 11,      80093,      80093,      80093,      80093
13,    2575568,     57.0,     55.0,     54.0,    168.0,  9, 10, 11, 11,      80093,      80093,      80093,      80093
13,    3191763,     24.0,     24.0,     24.0,     73.0,  9, 10, 11, 10,    2662631,    2662631,    2662631,    2662631
13,    3191784,     23.0,     23.0,     23.0,     71.0,  9, 10, 11,  9,    2662638,    2662638,    2662638,    2662638
13,    3193967,     24.0,     24.0,     22.0,     69.0,  9, 10, 11, 11,    2663149,    2663149,    2663149,    2663149
13,    3193988,     23.0,     23.0,     23.0,     72.0,  9, 10, 11, 10,    2663160,    2663160,    2663160,    2663160
13,    3191771,     24.0,     24.0,     24.0,     74.0,  9, 10, 11,  9,    2662635,    2662635,    2662635,    2662635
13,    3191776,     24.0,     24.0,     24.0,     74.0,  9, 10, 11,  9,    2662636,    2662636,    2662636,    2662636
13,    3191794,     24.0,     24.0,     23.0,     72.0,  9, 10, 11, 11,    2662640,    2662640,    2662640,    2662640
13,    3194096,     24.0,     24.0,     24.0,     73.0,  9, 10, 11, 10,    2663196,    2663196,    2663196,    2663196
13,    3194145,     24.0,     24.0,     24.0,     73.0,  9, 10, 11, 10,    2663208,    2663208,    2663208,    2663208
13,    3194443,     24.0,     23.0,     24.0,     73.0,  9, 10, 11, 10,    2663321,    2663321,    2663321,    2663321
13,    2577330,     49.0,     49.0,     49.0,    150.0,  9, 10, 11,  9,      80010,      80010,      80010,      80010
13,    2525031,     18.0,     18.0,     18.0,     56.0,  9, 10, 11,  9,    2372196,    2372196,    2372196,    2372196
13,    2577380,     49.0,     49.0,     48.0,    149.0,  9, 10, 12,  9,      80010,      80010,      80010,      80010
13,      44300,     24.0,     24.0,     24.0,     74.0,  9, 10, 11,  9,      80125,      80125,      80125,      80125
13,    3195095,     24.0,     24.0,     24.0,     74.0,  9, 10, 11,  9,      80125,      80125,      80125,      80125
13,    2525046,     18.0,     18.0,     18.0,     55.0,  9, 10, 11,  9,    2372220,    2372220,    2372220,    2372220
13,      43451,     35.0,     34.0,     34.0,    105.0,  9, 10, 11, 11,    2403046,    2403046,    2403046,    2403046
13,    2577532,     36.0,     35.0,     34.0,    106.0,  9, 10, 11, 11,    2403046,    2403046,    2403046,    2403046
13,    2577530,     36.0,     35.0,     34.0,    106.0,  9, 10, 11, 11,    2403046,    2403046,    2403046,    2403046
13,    2577535,     36.0,     35.0,     34.0,    106.0,  9, 10, 11, 11,    2403046,    2403046,    2403046,    2403046
13,    1119992,     51.0,     50.0,     50.0,    153.0,  9, 10, 11, 11,    1344976,    1344976,    1344976,    1344976
13,    2525133,     24.0,     24.0,     24.0,     74.0,  9, 10, 11,  9,    2372261,    2372261,    2372261,    2372261
13,    1120085,     62.0,     62.0,     62.0,    194.0,  9, 10, 11,  9,    1345020,    1345020,    1345020,    1345020
13,    2537247,     15.0,     14.0,     16.0,     44.0,  9, 10, 11, 10,    2381222,    2381222,    2381222,    2381222
13,    3194006,     18.0,     18.0,     18.0,     55.0,  9, 10, 11,  9,    2663165,    2663165,    2663165,    2663165
13,    2614724,     47.0,     47.0,     47.0,    146.0,  9, 10, 11,  9,      80010,      80010,      80010,      80010
13,    3191508,     24.0,     24.0,     24.0,     74.0,  9, 10, 11,  9,    2662556,    2662556,    2662556,    2662556
13,    3191539,     18.0,     18.0,     18.0,     55.0,  9, 10, 11,  9,    2662563,    2662563,    2662563,    2662563
13,    3191564,     24.0,     24.0,     24.0,     74.0,  9, 10, 11, 10,    2662571,    2662571,    2662571,    2662571
13,    3191586,     18.0,     18.0,     18.0,     55.0,  9, 10, 11,  9,    2662577,    2662577,    2662577,    2662577
13,    3191610,     18.0,     18.0,     18.0,     55.0,  9, 10, 11, 10,    2662587,    2662587,    2662587,    2662587
13,    3191685,     24.0,     24.0,     23.0,     72.0,  9, 10, 11, 11,    2662602,    2662602,    2662602,    2662602
13,    3191706,     18.0,     18.0,     17.0,     53.0,  9, 10, 11, 11,    2662608,    2662608,    2662608,    2662608
13,    3191744,     18.0,     18.0,     18.0,     55.0,  9, 10, 11, 10,    2662618,    2662618,    2662618,    2662618
13,    3191738,     18.0,     18.0,     18.0,     55.0,  9, 10, 11,  9,    2662617,    2662617,    2662617,    2662617
13,    3191755,     24.0,     24.0,     24.0,     75.0,  9, 10, 11,  9,    2662628,    2662628,    2662628,    2662628
13,    3194140,     24.0,     23.0,     24.0,     73.0,  9, 10, 11, 10,    2663207,    2663207,    2663207,    2663207
13,    3280980,     23.0,     23.0,     23.0,     73.0,  9, 10, 11, 10,    2687841,    2687841,    2687841,    2687841
13,    3446393,     24.0,     24.0,     24.0,     75.0,  9, 10, 11,  9,    2742763,    2742763,    2742763,    2742763
13,    3579600,     59.0,     57.0,     56.0,    172.0,  9, 10, 11, 11,      80093,      80093,      80093,      80093
13,    3622002,     43.0,     38.0,     40.0,    118.0,  9, 10, 11, 10,    2201249,    2201249,    2201249,    2201249
13,    4075278,     44.0,     39.0,     42.0,    119.0,  9, 10, 11, 10,    2201249,    2201249,    2201249,    2201249
13,    4075353,     44.0,     39.0,     42.0,    119.0,  9, 10, 11, 10,    2201249,    2201249,    2201249,    2201249
14,      44255,     18.0,     18.0,     18.0,     55.0,  9, 10, 11,  9,      80015,      80015,      80015,      80015
14,    2573776,     48.0,     48.0,     47.0,    148.0,  9, 10, 12,  9,      80010,      80010,      80010,      80010
14,    2573791,     47.0,     47.0,     47.0,    147.0,  9, 10, 11, 10,      80010,      80010,      80010,      80010
14,    2573831,     47.0,     47.0,     47.0,    147.0,  9, 10, 11,  9,      80010,      80010,      80010,      80010
14,    2573943,     47.0,     47.0,     47.0,    147.0,  9, 10, 11,  9,      80010,      80010,      80010,      80010
14,    2614720,     46.0,     46.0,     46.0,    146.0,  9, 10, 11,  9,      80010,      80010,      80010,      80010
14,    2574035,     46.0,     46.0,     46.0,    145.0,  9, 10, 11, 10,      80010,      80010,      80010,      80010
14,    2574144,     46.0,     46.0,     46.0,    145.0,  9, 10, 11,  9,      80010,      80010,      80010,      80010
14,    2574617,     46.0,     46.0,     46.0,    145.0,  9, 10, 11,  9,      80010,      80010,      80010,      80010
14,    3194731,     23.0,     23.0,     23.0,     72.0,  9, 10, 11, 10,    2663390,    2663390,    2663390,    2663390
14,    3194751,     23.0,     23.0,     23.0,     72.0,  9, 10, 11, 10,    2663397,    2663397,    2663397,    2663397
14,    3194737,     23.0,     23.0,     23.0,     72.0,  9, 10, 11, 10,    2401769,    2401769,    2401769,    2401769
14,    3194626,     23.0,     23.0,     23.0,     72.0,  9, 10, 11, 10,    2663364,    2663364,    2663364,    2663364
14,    3194097,     18.0,     17.0,     18.0,     53.0,  9, 10, 11, 10,    2372116,    2372116,    2372116,    2372116
14,    3194110,     18.0,     18.0,     18.0,     55.0,  9, 10, 11,  9,    2663201,    2663201,    2663201,    2663201
14,    3194050,     24.0,     24.0,     24.0,     74.0,  9, 10, 11,  9,    2663181,    2663181,    2663181,    2663181
14,    3194071,     17.0,     17.0,     17.0,     54.0,  9, 10, 11, 10,      80086,      80086,      80086,      80086
14,     933929,     46.0,     46.0,     46.0,    146.0,  9, 10, 11,  9,    1211140,    1211140,    1211140,    1211140
14,     933924,     46.0,     47.0,     47.0,    147.0,  9, 10, 11,  9,    1211137,    1211137,    1211137,    1211137
14,    3194526,     23.0,     23.0,     23.0,     73.0,  9, 10, 11,  9,    2663347,    2663347,    2663347,    2663347
14,    3194541,     23.0,     23.0,     23.0,     73.0,  9, 10, 11,  9,    2663354,    2663354,    2663354,    2663354
14,      44304,     24.0,     24.0,     24.0,     74.0,  9, 10, 11,  9,      80125,      80125,      80125,      80125
14,    3194638,     41.0,     36.0,     38.0,    115.0,  9, 10, 11, 10,    2201249,    2201249,    2201249,    2201249
14,      43457,     32.0,     34.0,     33.0,    102.0,  9, 10, 11,  9,    2403046,    2403046,    2403046,    2403046
14,    2576524,     34.0,     35.0,     35.0,    105.0,  9, 10, 11,  9,    2403046,    2403046,    2403046,    2403046
14,    1406046,     39.0,     34.0,     37.0,    112.0,  1,  2,  3,  2,     649576,    1406046,    1406046,    1406046
14,    3419144,     17.0,     17.0,     17.0,     53.0,  9, 10, 11,  9,    1211181,    1211181,    1211181,    1211181
14,    3194448,     24.0,     23.0,     24.0,     73.0,  9, 10, 11, 10,    2663323,    2663323,    2663323,    2663323
14,    3195024,     45.0,     45.0,     45.0,    145.0,  9, 10, 11,  9,      80010,      80010,      80010,      80010
14,    1405960,     23.0,     23.0,     23.0,     73.0,  9, 10, 11, 11,    1523921,    1523921,    1523921,    1523921
14,    3194851,     45.0,     45.0,     45.0,    144.0,  9, 10, 11,  9,      80010,      80010,      80010,      80010
14,    2614721,     47.0,     47.0,     47.0,    146.0,  9, 10, 11,  9,      80010,      80010,      80010,      80010
14,     649581,     40.0,     35.0,     38.0,    114.0,  9, 10, 11, 10,    2201249,    2201249,    2201249,    2201249
14,    3194708,     23.0,     23.0,     23.0,     72.0,  9, 10, 11, 10,    2663385,    2663385,    2663385,    2663385
14,    2579329,     57.0,     56.0,     54.0,    170.0,  9, 10, 11, 11,      80093,      80093,      80093,      80093
14,    2538885,     42.0,     43.0,     45.0,    132.0,  9, 10, 11,  9,      80037,      80037,      80037,      80037
14,    1203904,     41.0,     36.0,     39.0,    115.0,  9, 10, 11, 10,    2201249,    2201249,    2201249,    2201249
14,    3194458,     23.0,     23.0,     23.0,     72.0,  9, 10, 11, 10,    2663325,    2663325,    2663325,    2663325
14,    2239329,     24.0,     24.0,     24.0,     74.0,  9, 10, 11,  9,      80125,      80125,      80125,      80125
14,    2524843,     43.0,     44.0,     46.0,    133.0,  9, 10, 11,  9,      80037,      80037,      80037,      80037
14,    2524851,     43.0,     45.0,     46.0,    134.0,  9, 10, 11,  9,      80037,      80037,      80037,      80037
14,    3194467,     24.0,     23.0,     24.0,     73.0,  9, 10, 11, 10,    2663327,    2663327,    2663327,    2663327
14,    3194502,     24.0,     23.0,     23.0,     73.0,  9, 10, 11, 10,    2663340,    2663340,    2663340,    2663340
14,    3831482,     43.0,     44.0,     46.0,    134.0,  9, 10, 11,  9,      80037,      80037,      80037,      80037
14,    3831483,     43.0,     45.0,     46.0,    134.0,  9, 10, 11,  9,      80037,      80037,      80037,      80037
14,    2537242,     33.0,     35.0,     34.0,    104.0,  9, 10, 11,  9,    2403046,    2403046,    2403046,    2403046
14,    2574775,     33.0,     35.0,     34.0,    103.0,  9, 10, 11,  9,    2403046,    2403046,    2403046,    2403046
14,    2574794,     33.0,     34.0,     34.0,    103.0,  9, 10, 11,  9,    2403046,    2403046,    2403046,    2403046
14,      43455,     32.0,     34.0,     33.0,    102.0,  9, 10, 11,  9,    2403046,    2403046,    2403046,    2403046
14,      43456,     32.0,     34.0,     34.0,    103.0,  9, 10, 11,  9,    2403046,    2403046,    2403046,    2403046
14,    2575174,     32.0,     34.0,     33.0,    102.0,  9, 10, 11,  9,    2403046,    2403046,    2403046,    2403046
14,    2575228,     57.0,     56.0,     54.0,    170.0,  9, 10, 11, 11,      80093,      80093,      80093,      80093
14,    2575231,     57.0,     56.0,     54.0,    170.0,  9, 10, 11, 11,      80093,      80093,      80093,      80093
14,      44293,     57.0,     56.0,     55.0,    170.0,  9, 10, 11, 11,      80093,      80093,      80093,      80093
14,    2524922,     57.0,     56.0,     55.0,    170.0,  9, 10, 11, 11,      80093,      80093,      80093,      80093
14,    2575371,     58.0,     57.0,     55.0,    171.0,  9, 10, 11, 11,      80093,      80093,      80093,      80093
14,    2575422,     58.0,     58.0,     56.0,    172.0,  9, 10, 11, 11,      80093,      80093,      80093,      80093
14,    2575448,     58.0,     57.0,     56.0,    172.0,  9, 10, 11, 11,      80093,      80093,      80093,      80093
14,    2575544,     57.0,     56.0,     55.0,    170.0,  9, 10, 11, 11,      80093,      80093,      80093,      80093
14,    2575568,     56.0,     55.0,     54.0,    169.0,  9, 10, 11, 11,      80093,      80093,      80093,      80093
14,    3191763,     24.0,     23.0,     24.0,     72.0,  9, 10, 11, 10,    2662631,    2662631,    2662631,    2662631
14,    3191784,     23.0,     23.0,     23.0,     71.0,  9, 10, 11, 11,    2662638,    2662638,    2662638,    2662638
14,    3193967,     24.0,     24.0,     23.0,     71.0,  9, 10, 11, 11,    2663149,    2663149,    2663149,    2663149
14,    3193988,     23.0,     23.0,     23.0,     72.0,  9, 10, 11,  9,    2663160,    2663160,    2663160,    2663160
14,    3191771,     24.0,     24.0,     24.0,     74.0,  9, 10, 11,  9,    2662635,    2662635,    2662635,    2662635
14,    3191776,     24.0,     24.0,     24.0,     74.0,  9, 10, 11,  9,    2662636,    2662636,    2662636,    2662636
14,    3191794,     24.0,     23.0,     23.0,     72.0,  9, 10, 11, 10,    2662640,    2662640,    2662640,    2662640
14,    3194096,     24.0,     24.0,     24.0,     73.0,  9, 10, 11, 11,    2663196,    2663196,    2663196,    2663196
14,    3194145,     24.0,     24.0,     24.0,     73.0,  9, 10, 11, 10,    2663208,    2663208,    2663208,    2663208
14,    3194443,     24.0,     23.0,     24.0,     73.0,  9, 10, 11, 10,    2663321,    2663321,    2663321,    2663321
14,    2577330,     49.0,     49.0,     49.0,    150.0,  9, 10, 11,  9,      80010,      80010,      80010,      80010
14,    2525031,     18.0,     18.0,     18.0,     56.0,  9, 10, 11,  9,    2372196,    2372196,    2372196,    2372196
14,    2577380,     49.0,     49.0,     48.0,    149.0,  9, 10, 12,  9,      80010,      80010,      80010,      80010
14,      44300,     24.0,     24.0,     24.0,     74.0,  9, 10, 11,  9,      80125,      80125,      80125,      80125
14,    3195095,     24.0,     24.0,     24.0,     74.0,  9, 10, 11,  9,      80125,      80125,      80125,      80125
14,    2525046,     18.0,     18.0,     18.0,     55.0,  9, 10, 11,  9,    2372220,    2372220,    2372220,    2372220
14,      43451,     34.0,     36.0,     35.0,    105.0,  9, 10, 11,  9,    2403046,    2403046,    2403046,    2403046
14,    2577532,     34.0,     36.0,     36.0,    106.0,  9, 10, 11,  9,    2403046,    2403046,    2403046,    2403046
14,    2577530,     34.0,     36.0,     36.0,    106.0,  9, 10, 11,  9,    2403046,    2403046,    2403046,    2403046
14,    2577535,     34.0,     36.0,     36.0,    106.0,  9, 10, 11,  9,    2403046,    2403046,    2403046,    2403046
14,    1119992,     50.0,     52.0,     51.0,    154.0,  9, 10, 11,  9,    1344976,    1344976,    1344976,    1344976
14,    2525133,     24.0,     24.0,     24.0,     75.0,  9, 10, 11,  9,    2372261,    2372261,    2372261,    2372261
14,    1120085,     62.0,     62.0,     62.0,    194.0,  9, 10, 11,  9,    1345020,    1345020,    1345020,    1345020
14,    2537247,     14.0,     16.0,     17.0,     45.0,  9, 10, 11,  9,    2381222,    2381222,    2381222,    2381222
14,    3194006,     18.0,     18.0,     18.0,     55.0,  9, 10, 11,  9,    2663165,    2663165,    2663165,    2663165
14,    2614724,     47.0,     47.0,     47.0,    146.0,  9, 10, 11,  9,      80010,      80010,      80010,      80010
14,    3191508,     24.0,     24.0,     24.0,     74.0,  9, 10, 11,  9,    2662556,    2662556,    2662556,    2662556
14,    3191539,     18.0,     18.0,     18.0,     55.0,  9, 10, 11,  9,    2662563,    2662563,    2662563,    2662563
14,    3191564,     24.0,     24.0,     24.0,     74.0,  9, 10, 11, 10,    2662571,    2662571,    2662571,    2662571
14,    3191586,     18.0,     18.0,     18.0,     55.0,  9, 10, 11,  9,    2662577,    2662577,    2662577,    2662577
14,    3191610,     18.0,     18.0,     18.0,     55.0,  9, 10, 11, 10,    2662587,    2662587,    2662587,    2662587
14,    3191685,     24.0,     24.0,     23.0,     70.0,  9, 10, 11, 11,    2662602,    2662602,    2662602,    2662602
14,    3191706,     18.0,     18.0,     17.0,     51.0,  9, 10, 11, 11,    2662608,    2662608,    2662608,    2662608
14,    3191744,     18.0,     18.0,     18.0,     55.0,  9, 10, 11, 10,    2662618,    2662618,    2662618,    2662618
14,    3191738,     18.0,     18.0,     18.0,     55.0,  9, 10, 11,  9,    2662617,    2662617,    2662617,    2662617
14,    3191755,     24.0,     24.0,     24.0,     75.0,  9, 10, 11,  9,    2662628,    2662628,    2662628,    2662628
14,    3194140,     24.0,     23.0,     24.0,     73.0,  9, 10, 11, 10,    2663207,    2663207,    2663207,    2663207
14,    3280980,     23.0,     23.0,     23.0,     73.0,  9, 10, 11, 10,    2687841,    2687841,    2687841,    2687841
14,    3446393,     24.0,     24.0,     24.0,     75.0,  9, 10, 11,  9,    2742763,    2742763,    2742763,    2742763
14,    3579600,     59.0,     58.0,     57.0,    173.0,  9, 10, 11, 11,      80093,      80093,      80093,      80093
14,    3622002,     43.0,     38.0,     41.0,    119.0,  9, 10, 11, 10,    2201249,    2201249,    2201249,    2201249
14,    4075278,     44.0,     39.0,     42.0,    121.0,  9, 10, 11, 10,    2201249,    2201249,    2201249,    2201249
14,    4075353,     44.0,     39.0,     42.0,    121.0,  9, 10, 11, 10,    2201249,    2201249,    2201249,    2201249
15,      44255,     18.0,     18.0,     18.0,     55.0,  9, 10, 11,  9,      80015,      80015,      80015,      80015
15,    2573776,     48.0,     47.0,     47.0,    148.0,  9, 10, 12,  9,      80010,      80010,      80010,      80010
15,    2573791,     47.0,     47.0,     47.0,    147.0,  9, 10, 11, 10,      80010,      80010,      80010,      80010
15,    2573831,     47.0,     47.0,     47.0,    147.0,  9, 10, 11,  9,      80010,      80010,      80010,      80010
15,    2573943,     47.0,     47.0,     47.0,    146.0,  9, 10, 11, 10,      80010,      80010,      80010,      80010
15,    2614720,     46.0,     46.0,     46.0,    146.0,  9, 10, 11,  9,      80010,      80010,      80010,      80010
15,    2574035,     46.0,     46.0,     46.0,    145.0,  9, 10, 11,  9,      80010,      80010,      80010,      80010
15,    2574144,     46.0,     46.0,     46.0,    145.0,  9, 10, 11,  9,      80010,      80010,      80010,      80010
15,    2574617,     46.0,     46.0,     46.0,    145.0,  9, 10, 11,  9,      80010,      80010,      80010,      80010
15,    3194731,     23.0,     23.0,     23.0,     72.0,  9, 10, 11, 10,    2663390,    2663390,    2663390,    2663390
15,    3194751,     23.0,     23.0,     23.0,     72.0,  9, 10, 11, 10,    2663397,    2663397,    2663397,    2663397
15,    3194737,     23.0,     23.0,     23.0,     72.0,  9, 10, 11, 10,    2401769,    2401769,    2401769,    2401769
15,    3194626,     23.0,     23.0,     23.0,     73.0,  9, 10, 11,  9,    2663364,    2663364,    2663364,    2663364
15,    3194097,     18.0,     17.0,     18.0,     52.0,  9, 10, 11, 10,    2372116,    2372116,    2372116,    2372116
15,    3194110,     18.0,     18.0,     18.0,     55.0,  9, 10, 11,  9,    2663201,    2663201,    2663201,    2663201
15,    3194050,     24.0,     24.0,     24.0,     74.0,  9, 10, 11,  9,    2663181,    2663181,    2663181,    2663181
15,    3194071,     17.0,     17.0,     17.0,     54.0,  9, 10, 11, 10,      80086,      80086,      80086,      80086
15,     933929,     46.0,     46.0,     46.0,    145.0,  9, 10, 11,  9,    1211140,    1211140,    1211140,    1211140
15,     933924,     43.0,     47.0,     47.0,    138.0,  9, 10, 11,  9,    1211137,    1211137,    1211137,    1211137
15,    3194526,     23.0,     23.0,     23.0,     73.0,  9, 10, 11,  9,    2663347,    2663347,    2663347,    2663347
15,    3194541,     23.0,     23.0,     23.0,     73.0,  9, 10, 11,  9,    2663354,    2663354,    2663354,    2663354
15,      44304,     24.0,     24.0,     24.0,     74.0,  9, 10, 11,  9,      80125,      80125,      80125,      80125
15,    3194638,     41.0,     37.0,     38.0,    119.0,  9, 10, 11, 10,    2201249,    2201249,    2201249,    2201249
15,      43457,     34.0,     35.0,     33.0,    106.0,  9, 10, 11, 11,    2403046,    2403046,    2403046,    2403046
15,    2576524,     35.0,     36.0,     35.0,    109.0,  9, 10, 11,  9,    2403046,    2403046,    2403046,    2403046
15,    1406046,     38.0,     35.0,     37.0,    113.0,  1,  2,  3,  2,    1406046,     649576,     649576,    1406046
15,    3419144,     17.0,     17.0,     17.0,     52.0,  9, 10, 11,  9,    1211181,    1211181,    1211181,    1211181
15,    3194448,     24.0,     23.0,     24.0,     73.0,  9, 10, 11, 10,    2663323,    2663323,    2663323,    2663323
15,    3195024,     45.0,     45.0,     45.0,    145.0,  9, 10, 11,  9,      80010,      80010,      80010,      80010
15,    1405960,     23.0,     23.0,     23.0,     73.0,  9, 10, 11, 10,    1523921,    1523921,    1523921,    1523921
15,    3194851,     45.0,     45.0,     45.0,    144.0,  9, 10, 11,  9,      80010,      80010,      80010,      80010
15,    2614721,     47.0,     47.0,     47.0,    146.0,  9, 10, 11,  9,      80010,      80010,      80010,      80010
15,     649581,     40.0,     37.0,     38.0,    118.0,  9,  2, 11, 10,    2201249,     649567,    2201249,    2201249
15,    3194708,     23.0,     23.0,     23.0,     72.0,  9, 10, 11, 10,    2663385,    2663385,    2663385,    2663385
15,    2579329,     53.0,     55.0,     56.0,    165.0,  9, 10, 11,  9,      80093,      80093,      80093,      80093
15,    2538885,     43.0,     42.0,     44.0,    134.0,  9, 10, 11, 10,      80037,      80037,      80037,      80037
15,    1203904,     41.0,     37.0,     38.0,    119.0,  9, 10, 11, 10,    2201249,    2201249,    2201249,    2201249
15,    3194458,     23.0,     23.0,     23.0,     72.0,  9, 10, 11, 10,    2663325,    2663325,    2663325,    2663325
15,    2239329,     24.0,     24.0,     24.0,     74.0,  9, 10, 11,  9,      80125,      80125,      80125,      80125
15,    2524843,     45.0,     44.0,     46.0,    136.0,  9, 10, 11, 10,      80037,      80037,      80037,      80037
15,    2524851,     45.0,     44.0,     46.0,    136.0,  9, 10, 11, 10,      80037,      80037,      80037,      80037
15,    3194467,     24.0,     23.0,     24.0,     73.0,  9, 10, 11, 10,    2663327,    2663327,    2663327,    2663327
15,    3194502,     24.0,     23.0,     23.0,     73.0,  9, 10, 11, 10,    2663340,    2663340,    2663340,    2663340
15,    3831482,     45.0,     44.0,     46.0,    136.0,  9, 10, 11, 10,      80037,      80037,      80037,      80037
15,    3831483,     45.0,     44.0,     46.0,    136.0,  9, 10, 11, 10,      80037,      80037,      80037,      80037
15,    2537242,     35.0,     36.0,     34.0,    108.0,  9, 10, 11,  9,    2403046,    2403046,    2403046,    2403046
15,    2574775,     34.0,     36.0,     34.0,    107.0,  9, 10, 11, 11,    2403046,    2403046,    2403046,    2403046
15,    2574794,     34.0,     35.0,     34.0,    107.0,  9, 10, 11, 11,    2403046,    2403046,    2403046,    2403046
15,      43455,     33.0,     34.0,     33.0,    105.0,  9, 10, 11, 11,    2403046,    2403046,    2403046,    2403046
15,      43456,     34.0,     35.0,     34.0,    106.0,  9, 10, 11, 11,    2403046,    2403046,    2403046,    2403046
15,    2575174,     34.0,     35.0,     33.0,    106.0,  9, 10, 11, 11,    2403046,    2403046,    2403046,    2403046
15,    2575228,     53.0,     55.0,     56.0,    166.0,  9, 10, 11,  9,      80093,      80093,      80093,      80093
15,    2575231,     53.0,     55.0,     56.0,    166.0,  9, 10, 11,  9,      80093,      80093,      80093,      80093
15,      44293,     53.0,     55.0,     56.0,    166.0,  9, 10, 11,  9,      80093,      80093,      80093,      80093
15,    2524922,     53.0,     56.0,     56.0,    166.0,  9, 10, 11,  9,      80093,      80093,      80093,      80093
15,    2575371,     54.0,     56.0,     56.0,    167.0,  9, 10, 11,  9,      80093,      80093,      80093,      80093
15,    2575422,     55.0,     57.0,     57.0,    168.0,  9, 10, 11,  9,      80093,      80093,      80093,      80093
15,    2575448,     54.0,     56.0,     57.0,    167.0,  9, 10, 11,  9,      80093,      80093,      80093,      80093
15,    2575544,     53.0,     56.0,     56.0,    166.0,  9, 10, 11,  9,      80093,      80093,      80093,      80093
15,    2575568,     52.0,     55.0,     55.0,    164.0,  9, 10, 11,  9,      80093,      80093,      80093,      80093
15,    3191763,     24.0,     24.0,     24.0,     73.0,  9, 10, 11, 10,    2662631,    2662631,    2662631,    2662631
15,    3191784,     24.0,     24.0,     23.0,     72.0,  9, 10, 11, 11,    2662638,    2662638,    2662638,    2662638
15,    3193967,     24.0,     24.0,     22.0,     68.0,  9, 10, 11, 11,    2663149,    2663149,    2663149,    2663149
15,    3193988,     23.0,     23.0,     23.0,     72.0,  9, 10, 11,  9,    2663160,    2663160,    2663160,    2663160
15,    3191771,     24.0,     24.0,     24.0,     74.0,  9, 10, 11,  9,    2662635,    2662635,    2662635,    2662635
15,    3191776,     24.0,     24.0,     24.0,     74.0,  9, 10, 11,  9,    2662636,    2662636,    2662636,    2662636
15,    3191794,     24.0,     23.0,     23.0,     71.0,  9, 10, 11, 10,    2662640,    2662640,    2662640,    2662640
15,    3194096,     24.0,     24.0,     23.0,     73.0,  9, 10, 11, 11,    2663196,    2663196,    2663196,    2663196
15,    3194145,     24.0,     24.0,     24.0,     73.0,  9, 10, 11, 10,    2663208,    2663208,    2663208,    2663208
15,    3194443,     24.0,     23.0,     23.0,     73.0,  9, 10, 11, 10,    2663321,    2663321,    2663321,    2663321
15,    2577330,     49.0,     49.0,     49.0,    150.0,  9, 10, 11,  9,      80010,      80010,      80010,      80010
15,    2525031,     18.0,     18.0,     18.0,     56.0,  9, 10, 11,  9,    2372196,    2372196,    2372196,    2372196
15,    2577380,     49.0,     49.0,     48.0,    149.0,  9, 10, 12,  9,      80010,      80010,      80010,      80010
15,      44300,     24.0,     24.0,     24.0,     74.0,  9, 10, 11,  9,      80125,      80125,      80125,      80125
15,    3195095,     24.0,     24.0,     24.0,     74.0,  9, 10, 11,  9,      80125,      80125,      80125,      80125
15,    2525046,     18.0,     18.0,     18.0,     55.0,  9, 10, 11,  9,    2372220,    2372220,    2372220,    2372220
15,      43451,     35.0,     37.0,     35.0,    109.0,  9, 10, 11, 11,    2403046,    2403046,    2403046,    2403046
15,    2577532,     36.0,     37.0,     36.0,    110.0,  9, 10, 11,  9,    2403046,    2403046,    2403046,    2403046
15,    2577530,     36.0,     37.0,     36.0,    110.0,  9, 10, 11,  9,    2403046,    2403046,    2403046,    2403046
15,    2577535,     36.0,     37.0,     36.0,    110.0,  9, 10, 11,  9,    2403046,    2403046,    2403046,    2403046
15,    1119992,     51.0,     53.0,     51.0,    157.0,  9, 10, 11, 11,    1344976,    1344976,    1344976,    1344976
15,    2525133,     24.0,     24.0,     24.0,     74.0,  9, 10, 11,  9,    2372261,    2372261,    2372261,    2372261
15,    1120085,     62.0,     62.0,     62.0,    194.0,  9, 10, 11,  9,    1345020,    1345020,    1345020,    1345020
15,    2537247,     15.0,     16.0,     17.0,     46.0,  9, 10, 11,  9,    2381222,    2381222,    2381222,    2381222
15,    3194006,     18.0,     18.0,     18.0,     55.0,  9, 10, 11,  9,    2663165,    2663165,    2663165,    2663165
15,    2614724,     47.0,     47.0,     47.0,    146.0,  9, 10, 11,  9,      80010,      80010,      80010,      80010
15,    3191508,     24.0,     24.0,     24.0,     73.0,  9, 10, 11,  9,    2662556,    2662556,    2662556,    2662556
15,    3191539,     17.0,     18.0,     18.0,     54.0,  9, 10, 11,  9,    2662563,    2662563,    2662563,    2662563
15,    3191564,     24.0,     24.0,     24.0,     74.0,  9, 10, 11, 10,    2662571,    2662571,    2662571,    2662571
15,    3191586,     18.0,     18.0,     18.0,     55.0,  9, 10, 11,  9,    2662577,    2662577,    2662577,    2662577
15,    3191610,     18.0,     18.0,     18.0,     55.0,  9, 10, 11, 10,    2662587,    2662587,    2662587,    2662587
15,    3191685,     24.0,     24.0,     24.0,     73.0,  9, 10, 11, 11,    2662602,    2662602,    2662602,    2662602
15,    3191706,     18.0,     18.0,     17.0,     54.0,  9, 10, 11, 11,    2662608,    2662608,    2662608,    2662608
15,    3191744,     18.0,     18.0,     18.0,     55.0,  9, 10, 11, 10,    2662618,    2662618,    2662618,    2662618
15,    3191738,     18.0,     18.0,     18.0,     55.0,  9, 10, 11,  9,    2662617,    2662617,    2662617,    2662617
15,    3191755,     24.0,     24.0,     24.0,     75.0,  9, 10, 11,  9,    2662628,    2662628,    2662628,    2662628
15,    3194140,     24.0,     23.0,     24.0,     73.0,  9, 10, 11, 10,    2663207,    2663207,    2663207,    2663207
15,    3280980,     23.0,     23.0,     23.0,     73.0,  9, 10, 11, 10,    2687841,    2687841,    2687841,    2687841
15,    3446393,     24.0,     24.0,     24.0,     75.0,  9, 10, 11,  9,    2742763,    2742763,    2742763,    2742763
15,    3579600,     55.0,     57.0,     58.0,    169.0,  9, 10, 11,  9,      80093,      80093,      80093,      80093
15,    3622002,     43.0,     40.0,     40.0,    124.0,  9, 10, 11, 10,    2201249,    2201249,    2201249,    2201249
15,    4075278,     45.0,     41.0,     41.0,    125.0,  9, 10, 11, 10,    2201249,    2201249,    2201249,    2201249
15,    4075353,     45.0,     41.0,     41.0,    125.0,  9, 10, 11, 10,    2201249,    2201249,    2201249,    2201249
16,      44255,     18.0,     18.0,     18.0,     55.0,  9, 10, 11,  9,      80015,      80015,      80015,      80015
16,    2573776,     48.0,     48.0,     47.0,    148.0,  9, 10, 11,  9,      80010,      80010,      80010,      80010
16,    2573791,     47.0,     47.0,     47.0,    147.0,  9, 10, 11,  9,      80010,      80010,      80010,      80010
16,    2573831,     47.0,     47.0,     47.0,    147.0,  9, 10, 11,  9,      80010,      80010,      80010,      80010
16,    2573943,     47.0,     47.0,     47.0,    146.0,  9, 10, 11,  9,      80010,      80010,      80010,      80010
16,    2614720,     46.0,     46.0,     46.0,    146.0,  9, 10, 11,  9,      80010,      80010,      80010,      80010
16,    2574035,     46.0,     46.0,     46.0,    145.0,  9, 10, 11,  9,      80010,      80010,      80010,      80010
16,    2574144,     46.0,     46.0,     46.0,    145.0,  9, 10, 11,  9,      80010,      80010,      80010,      80010
16,    2574617,     46.0,     46.0,     46.0,    145.0,  9, 10, 11,  9,      80010,      80010,      80010,      80010
16,    3194731,     23.0,     23.0,     23.0,     72.0,  9, 10, 11, 10,    2663390,    2663390,    2663390,    2663390
16,    3194751,     23.0,     23.0,     23.0,     72.0,  9, 10, 11, 10,    2663397,    2663397,    2663397,    2663397
16,    3194737,     23.0,     23.0,     23.0,     72.0,  9, 10, 11, 10,    2401769,    2401769,    2401769,    2401769
16,    3194626,     23.0,     23.0,     23.0,     73.0,  9, 10, 11,  9,    2663364,    2663364,    2663364,    2663364
16,    3194097,     18.0,     17.0,     18.0,     53.0,  9, 10, 11, 10,    2372116,    2372116,    2372116,    2372116
16,    3194110,     18.0,     18.0,     18.0,     55.0,  9, 10, 11,  9,    2663201,    2663201,    2663201,    2663201
16,    3194050,     24.0,     24.0,     24.0,     74.0,  9, 10, 11,  9,    2663181,    2663181,    2663181,    2663181
16,    3194071,     17.0,     17.0,     17.0,     54.0,  9, 10, 11, 11,      80086,      80086,      80086,      80086
16,     933929,     46.0,     46.0,     46.0,    145.0,  9, 10, 11,  9,    1211140,    1211140,    1211140,    1211140
16,     933924,     44.0,     47.0,     47.0,    140.0,  9, 10, 11,  9,    1211137,    1211137,    1211137,    1211137
16,    3194526,     23.0,     23.0,     23.0,     73.0,  9, 10, 11,  9,    2663347,    2663347,    2663347,    2663347
16,    3194541,     23.0,     23.0,     23.0,     73.0,  9, 10, 11,  9,    2663354,    2663354,    2663354,    2663354
16,      44304,     24.0,     24.0,     24.0,     74.0,  9, 10, 11,  9,      80125,      80125,      80125,      80125
16,    3194638,     41.0,     38.0,     40.0,    123.0,  9, 10, 11, 10,    2201249,    2201249,    2201249,    2201249
16,      43457,     35.0,     36.0,     35.0,    111.0,  9, 10, 11, 11,    2403046,    2403046,    2403046,    2403046
16,    2576524,     37.0,     38.0,     37.0,    114.0,  9, 10, 11, 11,    2403046,    2403046,    2403046,    2403046
16,    1406046,     38.0,     36.0,     38.0,    117.0,  1,  2,  3,  2,    1406046,     649576,     649576,    1406046
16,    3419144,     17.0,     17.0,     17.0,     52.0,  9, 10, 11,  9,    1211181,    1211181,    1211181,    1211181
16,    3194448,     24.0,     23.0,     24.0,     73.0,  9, 10, 11, 10,    2663323,    2663323,    2663323,    2663323
16,    3195024,     45.0,     45.0,     45.0,    145.0,  9, 10, 11,  9,      80010,      80010,      80010,      80010
16,    1405960,     23.0,     23.0,     23.0,     73.0,  9, 10, 11, 11,    1523921,    1523921,    1523921,    1523921
16,    3194851,     45.0,     45.0,     45.0,    144.0,  9, 10, 11,  9,      80010,      80010,      80010,      80010
16,    2614721,     47.0,     47.0,     47.0,    146.0,  9, 10, 11,  9,      80010,      80010,      80010,      80010
16,     649581,     40.0,     38.0,     39.0,    123.0,  1,  2, 11,  2,     649581,     649567,    2201249,     649581
16,    3194708,     23.0,     23.0,     23.0,     73.0,  9, 10, 11,  9,    2663385,    2663385,    2663385,    2663385
16,    2579329,     52.0,     55.0,     54.0,    162.0,  9, 10, 11,  9,      80093,      80093,      80093,      80093
16,    2538885,     43.0,     43.0,     44.0,    135.0,  9, 10, 11,  9,      80037,      80037,      80037,      80037
16,    1203904,     41.0,     39.0,     40.0,    123.0,  9, 10, 11, 10,    2201249,    2201249,    2201249,    2201249
16,    3194458,     23.0,     23.0,     23.0,     72.0,  9, 10, 11, 10,    2663325,    2663325,    2663325,    2663325
16,    2239329,     24.0,     24.0,     24.0,     74.0,  9, 10, 11,  9,      80125,      80125,      80125,      80125
16,    2524843,     44.0,     45.0,     46.0,    137.0,  9, 10, 11,  9,      80037,      80037,      80037,      80037
16,    2524851,     44.0,     45.0,     46.0,    137.0,  9, 10, 11,  9,      80037,      80037,      80037,      80037
16,    3194467,     24.0,     23.0,     24.0,     73.0,  9, 10, 11, 10,    2663327,    2663327,    2663327,    2663327
16,    3194502,     24.0,     23.0,     23.0,     73.0,  9, 10, 11, 10,    2663340,    2663340,    2663340,    2663340
16,    3831482,     44.0,     45.0,     46.0,    137.0,  9, 10, 11,  9,      80037,      80037,      80037,      80037
16,    3831483,     44.0,     45.0,     46.0,    137.0,  9, 10, 11,  9,      80037,      80037,      80037,      80037
16,    2537242,     36.0,     37.0,     36.0,    113.0,  9, 10, 11, 11,    2403046,    2403046,    2403046,    2403046
16,    2574775,     36.0,     36.0,     36.0,    112.0,  9, 10, 11, 11,    2403046,    2403046,    2403046,    2403046
16,    2574794,     36.0,     36.0,     35.0,    112.0,  9, 10, 11, 11,    2403046,    2403046,    2403046,    2403046
16,      43455,     35.0,     35.0,     34.0,    110.0,  9, 10, 11, 11,    2403046,    2403046,    2403046,    2403046
16,      43456,     35.0,     36.0,     35.0,    111.0,  9, 10, 11, 11,    2403046,    2403046,    2403046,    2403046
16,    2575174,     35.0,     36.0,     35.0,    111.0,  9, 10, 11, 11,    2403046,    2403046,    2403046,    2403046
16,    2575228,     52.0,     55.0,     54.0,    162.0,  9, 10, 11,  9,      80093,      80093,      80093,      80093
16,    2575231,     52.0,     55.0,     54.0,    162.0,  9, 10, 11,  9,      80093,      80093,      80093,      80093
16,      44293,     52.0,     55.0,     54.0,    162.0,  9, 10, 11,  9,      80093,      80093,      80093,      80093
16,    2524922,     52.0,     55.0,     54.0,    162.0,  9, 10, 11,  9,      80093,      80093,      80093,      80093
16,    2575371,     53.0,     55.0,     55.0,    163.0,  9, 10, 11,  9,      80093,      80093,      80093,      80093
16,    2575422,     53.0,     56.0,     56.0,    164.0,  9, 10, 11,  9,      80093,      80093,      80093,      80093
16,    2575448,     53.0,     56.0,     55.0,    163.0,  9, 10, 11,  9,      80093,      80093,      80093,      80093
16,    2575544,     52.0,     55.0,     54.0,    162.0,  9, 10, 11,  9,      80093,      80093,      80093,      80093
16,    2575568,     51.0,     54.0,     54.0,    161.0,  9, 10, 11,  9,      80093,      80093,      80093,      80093
16,    3191763,     24.0,     24.0,     24.0,     74.0,  9, 10, 11,  9,    2662631,    2662631,    2662631,    2662631
16,    3191784,     24.0,     24.0,     24.0,     73.0,  9, 10, 11,  9,    2662638,    2662638,    2662638,    2662638
16,    3193967,     24.0,     24.0,     22.0,     69.0,  9, 10, 11, 11,    2663149,    2663149,    2663149,    2663149
16,    3193988,     23.0,     23.0,     23.0,     73.0,  9, 10, 11,  9,    2663160,    2663160,    2663160,    2663160
16,    3191771,     24.0,     24.0,     24.0,     74.0,  9, 10, 11,  9,    2662635,    2662635,    2662635,    2662635
16,    3191776,     24.0,     24.0,     24.0,     74.0,  9, 10, 11,  9,    2662636,    2662636,    2662636,    2662636
16,    3191794,     24.0,     23.0,     24.0,     71.0,  9, 10, 11, 10,    2662640,    2662640,    2662640,    2662640
16,    3194096,     24.0,     24.0,     24.0,     73.0,  9, 10, 11, 11,    2663196,    2663196,    2663196,    2663196
16,    3194145,     24.0,     24.0,     24.0,     74.0,  9, 10, 11,  9,    2663208,    2663208,    2663208,    2663208
16,    3194443,     24.0,     23.0,     24.0,     73.0,  9, 10, 11, 10,    2663321,    2663321,    2663321,    2663321
16,    2577330,     49.0,     49.0,     49.0,    150.0,  9, 10, 11,  9,      80010,      80010,      80010,      80010
16,    2525031,     18.0,     18.0,     18.0,     56.0,  9, 10, 11,  9,    2372196,    2372196,    2372196,    2372196
16,    2577380,     49.0,     49.0,     48.0,    149.0,  9, 10, 12,  9,      80010,      80010,      80010,      80010
16,      44300,     24.0,     24.0,     24.0,     74.0,  9, 10, 11,  9,      80125,      80125,      80125,      80125
16,    3195095,     24.0,     24.0,     24.0,     74.0,  9, 10, 11,  9,      80125,      80125,      80125,      80125
16,    2525046,     18.0,     18.0,     18.0,     55.0,  9, 10, 11,  9,    2372220,    2372220,    2372220,    2372220
16,      43451,     37.0,     38.0,     37.0,    114.0,  9, 10, 11, 11,    2403046,    2403046,    2403046,    2403046
16,    2577532,     38.0,     38.0,     37.0,    115.0,  9, 10, 11, 11,    2403046,    2403046,    2403046,    2403046
16,    2577530,     38.0,     38.0,     37.0,    115.0,  9, 10, 11, 11,    2403046,    2403046,    2403046,    2403046
16,    2577535,     38.0,     38.0,     37.0,    115.0,  9, 10, 11, 11,    2403046,    2403046,    2403046,    2403046
16,    1119992,     53.0,     54.0,     53.0,    162.0,  9, 10, 11, 11,    1344976,    1344976,    1344976,    1344976
16,    2525133,     24.0,     24.0,     24.0,     74.0,  9, 10, 11,  9,    2372261,    2372261,    2372261,    2372261
16,    1120085,     62.0,     62.0,     62.0,    194.0,  9, 10, 11,  9,    1345020,    1345020,    1345020,    1345020
16,    2537247,     15.0,     15.0,     17.0,     46.0,  9, 10, 11,  9,    2381222,    2381222,    2381222,    2381222
16,    3194006,     18.0,     18.0,     18.0,     55.0,  9, 10, 11,  9,    2663165,    2663165,    2663165,    2663165
16,    2614724,     47.0,     47.0,     47.0,    146.0,  9, 10, 11,  9,      80010,      80010,      80010,      80010
16,    3191508,     24.0,     24.0,     24.0,     73.0,  9, 10, 11,  9,    2662556,    2662556,    2662556,    2662556
16,    3191539,     18.0,     18.0,     18.0,     54.0,  9, 10, 11,  9,    2662563,    2662563,    2662563,    2662563
16,    3191564,     24.0,     24.0,     24.0,     74.0,  9, 10, 11, 10,    2662571,    2662571,    2662571,    2662571
16,    3191586,     18.0,     18.0,     18.0,     55.0,  9, 10, 11,  9,    2662577,    2662577,    2662577,    2662577
16,    3191610,     18.0,     18.0,     18.0,     55.0,  9, 10, 11, 10,    2662587,    2662587,    2662587,    2662587
16,    3191685,     24.0,     24.0,     24.0,     73.0,  9, 10, 11, 11,    2662602,    2662602,    2662602,    2662602
16,    3191706,     18.0,     18.0,     18.0,     54.0,  9, 10, 11, 11,    2662608,    2662608,    2662608,    2662608
16,    3191744,     18.0,     18.0,     18.0,     55.0,  9, 10, 11, 10,    2662618,    2662618,    2662618,    2662618
16,    3191738,     18.0,     18.0,     18.0,     55.0,  9, 10, 11,  9,    2662617,    2662617,    2662617,    2662617
16,    3191755,     24.0,     24.0,     24.0,     75.0,  9, 10, 11,  9,    2662628,    2662628,    2662628,    2662628
16,    3194140,     24.0,     23.0,     24.0,     72.0,  9, 10, 11, 10,    2663207,    2663207,    2663207,    2663207
16,    3280980,     23.0,     23.0,     23.0,     73.0,  9, 10, 11,  9,    2687841,    2687841,    2687841,    2687841
16,    3446393,     24.0,     24.0,     24.0,     75.0,  9, 10, 11,  9,    2742763,    2742763,    2742763,    2742763
16,    3579600,     54.0,     57.0,     56.0,    165.0,  9, 10, 11,  9,      80093,      80093,      80093,      80093
16,    3622002,     44.0,     41.0,     42.0,    128.0,  9, 10, 11, 10,    2201249,    2201249,    2201249,    2201249
16,    4075278,     45.0,     42.0,     43.0,    130.0,  9, 10, 11, 10,    2201249,    2201249,    2201249,    2201249
16,    4075353,     45.0,     42.0,     43.0,    130.0,  9, 10, 11, 10,    2201249,    2201249,    2201249,    2201249
17,      44255,     18.0,     18.0,     18.0,     55.0,  9, 10, 11,  9,      80015,      80015,      80015,      80015
17,    2573776,     47.0,     47.0,     47.0,    148.0,  9, 10, 11,  9,      80010,      80010,      80010,      80010
17,    2573791,     47.0,     47.0,     47.0,    147.0,  9, 10, 11,  9,      80010,      80010,      80010,      80010
17,    2573831,     47.0,     47.0,     47.0,    147.0,  9, 10, 11,  9,      80010,      80010,      80010,      80010
17,    2573943,     47.0,     47.0,     47.0,    146.0,  9, 10, 11,  9,      80010,      80010,      80010,      80010
17,    2614720,     46.0,     46.0,     46.0,    146.0,  9, 10, 11,  9,      80010,      80010,      80010,      80010
17,    2574035,     46.0,     46.0,     46.0,    145.0,  9, 10, 11,  9,      80010,      80010,      80010,      80010
17,    2574144,     46.0,     46.0,     46.0,    145.0,  9, 10, 11,  9,      80010,      80010,      80010,      80010
17,    2574617,     46.0,     46.0,     46.0,    145.0,  9, 10, 11,  9,      80010,      80010,      80010,      80010
17,    3194731,     23.0,     23.0,     23.0,     72.0,  9, 10, 11, 10,    2663390,    2663390,    2663390,    2663390
17,    3194751,     23.0,     23.0,     23.0,     72.0,  9, 10, 11, 10,    2663397,    2663397,    2663397,    2663397
17,    3194737,     23.0,     23.0,     23.0,     72.0,  9, 10, 11, 10,    2401769,    2401769,    2401769,    2401769
17,    3194626,     23.0,     23.0,     23.0,     73.0,  9, 10, 11,  9,    2663364,    2663364,    2663364,    2663364
17,    3194097,     18.0,     18.0,     18.0,     55.0,  9, 10, 11,  9,    2372116,    2372116,    2372116,    2372116
17,    3194110,     18.0,     18.0,     18.0,     55.0,  9, 10, 11,  9,    2663201,    2663201,    2663201,    2663201
17,    3194050,     24.0,     24.0,     24.0,     74.0,  9, 10, 11,  9,    2663181,    2663181,    2663181,    2663181
17,    3194071,     17.0,     17.0,     17.0,     54.0,  9, 10, 11,  9,      80086,      80086,      80086,      80086
17,     933929,     46.0,     46.0,     46.0,    145.0,  9, 10, 11,  9,    1211140,    1211140,    1211140,    1211140
17,     933924,     44.0,     47.0,     46.0,    140.0,  9, 10, 11,  9,    1211137,    1211137,    1211137,    1211137
17,    3194526,     23.0,     23.0,     23.0,     73.0,  9, 10, 11,  9,    2663347,    2663347,    2663347,    2663347
17,    3194541,     23.0,     23.0,     23.0,     73.0,  9, 10, 11,  9,    2663354,    2663354,    2663354,    2663354
17,      44304,     24.0,     24.0,     24.0,     74.0,  9, 10, 11,  9,      80125,      80125,      80125,      80125
17,    3194638,     41.0,     38.0,     41.0,    124.0,  9, 10, 11, 10,    2201249,    2201249,    2201249,    2201249
17,      43457,     36.0,     38.0,     35.0,    112.0,  9, 10, 11, 11,    2403046,    2403046,    2403046,    2403046
17,    2576524,     38.0,     40.0,     37.0,    115.0,  9, 10, 11, 11,    2403046,    2403046,    2403046,    2403046
17,    1406046,     38.0,     36.0,     38.0,    115.0,  1,  2,  3,  2,     649576,     649576,     649576,    1406046
17,    3419144,     16.0,     17.0,     17.0,     51.0,  9, 10, 11,  9,    1211181,    1211181,    1211181,    1211181
17,    3194448,     24.0,     23.0,     24.0,     73.0,  9, 10, 11, 10,    2663323,    2663323,    2663323,    2663323
17,    3195024,     45.0,     45.0,     45.0,    144.0,  9, 10, 11,  9,      80010,      80010,      80010,      80010
17,    1405960,     23.0,     23.0,     23.0,     73.0,  9, 10, 11,  9,    1523921,    1523921,    1523921,    1523921
17,    3194851,     45.0,     45.0,     45.0,    144.0,  9, 10, 11,  9,      80010,      80010,      80010,      80010
17,    2614721,     47.0,     47.0,     47.0,    146.0,  9, 10, 11,  9,      80010,      80010,      80010,      80010
17,     649581,     40.0,     37.0,     40.0,    122.0,  1,  2,  3,  2,     649567,     649581,     649567,     649581
17,    3194708,     23.0,     23.0,     23.0,     73.0,  9, 10, 11,  9,    2663385,    2663385,    2663385,    2663385
17,    2579329,     51.0,     54.0,     52.0,    160.0,  9, 10, 11,  9,      80093,      80093,      80093,      80093
17,    2538885,     42.0,     43.0,     44.0,    132.0,  9, 10, 11,  9,      80037,      80037,      80037,      80037
17,    1203904,     41.0,     39.0,     41.0,    124.0,  9, 10, 11, 10,    2201249,    2201249,    2201249,    2201249
17,    3194458,     23.0,     23.0,     23.0,     72.0,  9, 10, 11, 10,    2663325,    2663325,    2663325,    2663325
17,    2239329,     24.0,     24.0,     24.0,     74.0,  9, 10, 11,  9,      80125,      80125,      80125,      80125
17,    2524843,     43.0,     44.0,     46.0,    133.0,  9, 10, 11,  9,      80037,      80037,      80037,      80037
17,    2524851,     43.0,     45.0,     46.0,    134.0,  9, 10, 11,  9,      80037,      80037,      80037,      80037
17,    3194467,     24.0,     23.0,     24.0,     73.0,  9, 10, 11, 10,    2663327,    2663327,    2663327,    2663327
17,    3194502,     23.0,     23.0,     23.0,     72.0,  9, 10, 11, 10,    2663340,    2663340,    2663340,    2663340
17,    3831482,     43.0,     44.0,     46.0,    133.0,  9, 10, 11,  9,      80037,      80037,      80037,      80037
17,    3831483,     43.0,     45.0,     46.0,    134.0,  9, 10, 11,  9,      80037,      80037,      80037,      80037
17,    2537242,     37.0,     39.0,     37.0,    114.0,  9, 10, 11, 11,    2403046,    2403046,    2403046,    2403046
17,    2574775,     37.0,     39.0,     36.0,    114.0,  9, 10, 11, 11,    2403046,    2403046,    2403046,    2403046
17,    2574794,     37.0,     39.0,     36.0,    114.0,  9, 10, 11, 11,    2403046,    2403046,    2403046,    2403046
17,      43455,     36.0,     38.0,     35.0,    112.0,  9, 10, 11, 11,    2403033,    2403046,    2403046,    2403046
17,      43456,     36.0,     38.0,     36.0,    113.0,  9, 10, 11, 11,    2403046,    2403046,    2403046,    2403046
17,    2575174,     36.0,     38.0,     35.0,    112.0,  9, 10, 11, 11,    2403046,    2403046,    2403046,    2403046
17,    2575228,     51.0,     54.0,     52.0,    161.0,  9, 10, 11,  9,      80093,      80093,      80093,      80093
17,    2575231,     52.0,     54.0,     53.0,    161.0,  9, 10, 11,  9,      80093,      80093,      80093,      80093
17,      44293,     52.0,     54.0,     53.0,    161.0,  9, 10, 11,  9,      80093,      80093,      80093,      80093
17,    2524922,     52.0,     54.0,     53.0,    161.0,  9, 10, 11,  9,      80093,      80093,      80093,      80093
17,    2575371,     52.0,     55.0,     53.0,    162.0,  9, 10, 11,  9,      80093,      80093,      80093,      80093
17,    2575422,     53.0,     55.0,     54.0,    163.0,  9, 10, 11,  9,      80093,      80093,      80093,      80093
17,    2575448,     52.0,     55.0,     53.0,    162.0,  9, 10, 11,  9,      80093,      80093,      80093,      80093
17,    2575544,     51.0,     54.0,     53.0,    160.0,  9, 10, 11,  9,      80093,      80093,      80093,      80093
17,    2575568,     51.0,     53.0,     52.0,    159.0,  9, 10, 11,  9,      80093,      80093,      80093,      80093
17,    3191763,     24.0,     24.0,     24.0,     74.0,  9, 10, 11,  9,    2662631,    2662631,    2662631,    2662631
17,    3191784,     23.0,     24.0,     23.0,     72.0,  9, 10, 11,  9,    2662638,    2662638,    2662638,    2662638
17,    3193967,     24.0,     24.0,     23.0,     73.0,  9, 10, 11, 11,    2663149,    2663149,    2663149,    2663149
17,    3193988,     24.0,     24.0,     24.0,     73.0,  9, 10, 11,  9,    2663160,    2663160,    2663160,    2663160
17,    3191771,     24.0,     24.0,     24.0,     74.0,  9, 10, 11,  9,    2662635,    2662635,    2662635,    2662635
17,    3191776,     24.0,     24.0,     24.0,     74.0,  9, 10, 11,  9,    2662636,    2662636,    2662636,    2662636
17,    3191794,     24.0,     24.0,     23.0,     73.0,  9, 10, 11, 10,    2662640,    2662640,    2662640,    2662640
17,    3194096,     24.0,     24.0,     24.0,     73.0,  9, 10, 11, 11,    2663196,    2663196,    2663196,    2663196
17,    3194145,     24.0,     24.0,     24.0,     74.0,  9, 10, 11,  9,    2663208,    2663208,    2663208,    2663208
17,    3194443,     24.0,     23.0,     24.0,     73.0,  9, 10, 11, 10,    2663321,    2663321,    2663321,    2663321
17,    2577330,     49.0,     49.0,     49.0,    150.0,  9, 10, 11,  9,      80010,      80010,      80010,      80010
17,    2525031,     18.0,     18.0,     18.0,     56.0,  9, 10, 11,  9,    2372196,    2372196,    2372196,    2372196
17,    2577380,     49.0,     48.0,     48.0,    149.0,  9, 10, 12,  9,      80010,      80010,      80010,      80010
17,      44300,     24.0,     24.0,     24.0,     74.0,  9, 10, 11,  9,      80125,      80125,      80125,      80125
17,    3195095,     24.0,     24.0,     24.0,     74.0,  9, 10, 11,  9,      80125,      80125,      80125,      80125
17,    2525046,     18.0,     18.0,     18.0,     55.0,  9, 10, 11,  9,    2372220,    2372220,    2372220,    2372220
17,      43451,     38.0,     40.0,     37.0,    116.0,  9, 10, 11, 11,    2403046,    2403046,    2403046,    2403046
17,    2577532,     38.0,     41.0,     38.0,    117.0,  9, 10, 11, 11,    2403046,    2403046,    2403046,    2403046
17,    2577530,     38.0,     41.0,     38.0,    117.0,  9, 10, 11, 11,    2403046,    2403046,    2403046,    2403046
17,    2577535,     38.0,     41.0,     38.0,    117.0,  9, 10, 11, 11,    2403046,    2403046,    2403046,    2403046
17,    1119992,     54.0,     56.0,     53.0,    164.0,  9, 10, 11, 11,    1344976,    1344976,    1344976,    1344976
17,    2525133,     24.0,     24.0,     24.0,     74.0,  9, 10, 11,  9,    2372261,    2372261,    2372261,    2372261
17,    1120085,     62.0,     62.0,     62.0,    194.0,  9, 10, 11,  9,    1345020,    1345020,    1345020,    1345020
17,    2537247,     14.0,     16.0,     17.0,     45.0,  9, 10, 11,  9,    2381222,    2381222,    2381222,    2381222
17,    3194006,     18.0,     18.0,     18.0,     55.0,  9, 10, 11,  9,    2663165,    2663165,    2663165,    2663165
17,    2614724,     47.0,     47.0,     47.0,    146.0,  9, 10, 11,  9,      80010,      80010,      80010,      80010
17,    3191508,     24.0,     24.0,     24.0,     74.0,  9, 10, 11,  9,    2662556,    2662556,    2662556,    2662556
17,    3191539,     18.0,     18.0,     18.0,     55.0,  9, 10, 11,  9,    2662563,    2662563,    2662563,    2662563
17,    3191564,     24.0,     24.0,     24.0,     75.0,  9, 10, 11,  9,    2662571,    2662571,    2662571,    2662571
17,    3191586,     18.0,     18.0,     18.0,     55.0,  9, 10, 11,  9,    2662577,    2662577,    2662577,    2662577
17,    3191610,     18.0,     18.0,     18.0,     55.0,  9, 10, 11, 10,    2662587,    2662587,    2662587,    2662587
17,    3191685,     24.0,     24.0,     24.0,     74.0,  9, 10, 11,  9,    2662602,    2662602,    2662602,    2662602
17,    3191706,     18.0,     18.0,     18.0,     55.0,  9, 10, 11,  9,    2662608,    2662608,    2662608,    2662608
17,    3191744,     18.0,     18.0,     18.0,     55.0,  9, 10, 11,  9,    2662618,    2662618,    2662618,    2662618
17,    3191738,     18.0,     18.0,     18.0,     55.0,  9, 10, 11,  9,    2662617,    2662617,    2662617,    2662617
17,    3191755,     24.0,     24.0,     24.0,     75.0,  9, 10, 11,  9,    2662628,    2662628,    2662628,    2662628
17,    3194140,     24.0,     23.0,     24.0,     72.0,  9, 10, 11, 10,    2663207,    2663207,    2663207,    2663207
17,    3280980,     23.0,     23.0,     23.0,     73.0,  9, 10, 11,  9,    2687841,    2687841,    2687841,    2687841
17,    3446393,     24.0,     24.0,     24.0,     75.0,  9, 10, 11,  9,    2742763,    2742763,    2742763,    2742763
17,    3579600,     53.0,     56.0,     54.0,    164.0,  9, 10, 11,  9,      80093,      80093,      80093,      80093
17,    3622002,     43.0,     41.0,     43.0,    128.0,  9, 10, 11, 10,    2201249,    2201249,    2201249,    2201249
17,    4075278,     45.0,     42.0,     45.0,    130.0,  9, 10, 11, 10,    2201249,    2201249,    2201249,    2201249
17,    4075353,     45.0,     42.0,     44.0,    130.0,  9, 10, 11, 10,    2201249,    2201249,    2201249,    2201249
18,      44255,     18.0,     18.0,     18.0,     55.0,  9, 10, 11,  9,      80015,      80015,      80015,      80015
18,    2573776,     47.0,     47.0,     47.0,    148.0,  9, 10, 11,  9,      80010,      80010,      80010,      80010
18,    2573791,     47.0,     47.0,     47.0,    147.0,  9, 10, 11,  9,      80010,      80010,      80010,      80010
18,    2573831,     47.0,     47.0,     47.0,    147.0,  9, 10, 11,  9,      80010,      80010,      80010,      80010
18,    2573943,     47.0,     47.0,     47.0,    146.0,  9, 10, 11,  9,      80010,      80010,      80010,      80010
18,    2614720,     46.0,     46.0,     46.0,    146.0,  9, 10, 11,  9,      80010,      80010,      80010,      80010
18,    2574035,     46.0,     46.0,     46.0,    145.0,  9, 10, 11,  9,      80010,      80010,      80010,      80010
18,    2574144,     46.0,     46.0,     46.0,    145.0,  9, 10, 11,  9,      80010,      80010,      80010,      80010
18,    2574617,     46.0,     46.0,     46.0,    145.0,  9, 10, 11,  9,      80010,      80010,      80010,      80010
18,    3194731,     23.0,     23.0,     23.0,     73.0,  9, 10, 11,  9,    2663390,    2663390,    2663390,    2663390
18,    3194751,     23.0,     23.0,     23.0,     73.0,  9, 10, 11,  9,    2663397,    2663397,    2663397,    2663397
18,    3194737,     23.0,     23.0,     23.0,     72.0,  9, 10, 11, 10,    2401769,    2401769,    2401769,    2401769
18,    3194626,     23.0,     23.0,     23.0,     73.0,  9, 10, 11,  9,    2663364,    2663364,    2663364,    2663364
18,    3194097,     18.0,     18.0,     18.0,     55.0,  9, 10, 11,  9,    2372116,    2372116,    2372116,    2372116
18,    3194110,     18.0,     18.0,     18.0,     55.0,  9, 10, 11,  9,    2663201,    2663201,    2663201,    2663201
18,    3194050,     24.0,     24.0,     24.0,     74.0,  9, 10, 11,  9,    2663181,    2663181,    2663181,    2663181
18,    3194071,     17.0,     17.0,     17.0,     54.0,  9, 10, 11,  9,      80086,      80086,      80086,      80086
18,     933929,     46.0,     46.0,     46.0,    145.0,  9, 10, 11,  9,    1211140,    1211140,    1211140,    1211140
18,     933924,     44.0,     46.0,     46.0,    139.0,  9, 10, 11,  9,    1211137,    1211137,    1211137,    1211137
18,    3194526,     23.0,     23.0,     23.0,     73.0,  9, 10, 11,  9,    2663347,    2663347,    2663347,    2663347
18,    3194541,     23.0,     23.0,     23.0,     73.0,  9, 10, 11,  9,    2663354,    2663354,    2663354,    2663354
18,      44304,     24.0,     24.0,     24.0,     74.0,  9, 10, 11,  9,      80125,      80125,      80125,      80125
18,    3194638,     41.0,     38.0,     41.0,    123.0,  9, 10, 11, 10,    2201249,    2201249,    2201249,    2201249
18,      43457,     37.0,     37.0,     35.0,    111.0,  9, 10, 11, 11,    2403046,    2403046,    2403046,    2403046
18,    2576524,     39.0,     39.0,     37.0,    114.0,  9, 10, 11, 11,    2403046,    2403046,    2403046,    2403046
18,    1406046,     38.0,     36.0,     38.0,    117.0,  1,  2,  3,  2,     649576,     649576,     649576,    1406046
18,    3419144,     16.0,     17.0,     17.0,     51.0,  9, 10, 11,  9,    1211181,    1211181,    1211181,    1211181
18,    3194448,     24.0,     23.0,     24.0,     73.0,  9, 10, 11, 10,    2663323,    2663323,    2663323,    2663323
18,    3195024,     45.0,     45.0,     45.0,    144.0,  9, 10, 11,  9,      80010,      80010,      80010,      80010
18,    1405960,     23.0,     23.0,     23.0,     73.0,  9, 10, 11,  9,    1523921,    1523921,    1523921,    1523921
18,    3194851,     45.0,     45.0,     45.0,    144.0,  9, 10, 11,  9,      80010,      80010,      80010,      80010
18,    2614721,     47.0,     47.0,     47.0,    146.0,  9, 10, 11,  9,      80010,      80010,      80010,      80010
18,     649581,     40.0,     38.0,     40.0,    123.0,  1,  2,  3,  2,     649567,     649567,     649567,     649581
18,    3194708,     23.0,     23.0,     23.0,     73.0,  9, 10, 11,  9,    2663385,    2663385,    2663385,    2663385
18,    2579329,     50.0,     53.0,     51.0,    157.0,  9, 10, 11,  9,      80093,      80093,      80093,      80093
18,    2538885,     41.0,     42.0,     44.0,    130.0,  9, 10, 11,  9,      80037,      80037,      80037,      80037
18,    1203904,     41.0,     39.0,     41.0,    124.0,  9, 10, 11, 10,    2201249,    2201249,    2201249,    2201249
18,    3194458,     23.0,     23.0,     23.0,     72.0,  9, 10, 11, 10,    2663325,    2663325,    2663325,    2663325
18,    2239329,     24.0,     24.0,     24.0,     74.0,  9, 10, 11,  9,      80125,      80125,      80125,      80125
18,    2524843,     42.0,     44.0,     45.0,    131.0,  9, 10, 11,  9,      80037,      80037,      80037,      80037
18,    2524851,     42.0,     44.0,     46.0,    132.0,  9, 10, 11,  9,      80037,      80037,      80037,      80037
18,    3194467,     24.0,     24.0,     24.0,     73.0,  9, 10, 11, 10,    2663327,    2663327,    2663327,    2663327
18,    3194502,     23.0,     23.0,     23.0,     73.0,  9, 10, 11,  9,    2663340,    2663340,    2663340,    2663340
18,    3831482,     42.0,     44.0,     45.0,    131.0,  9, 10, 11,  9,      80037,      80037,      80037,      80037
18,    3831483,     42.0,     44.0,     46.0,    132.0,  9, 10, 11,  9,      80037,      80037,      80037,      80037
18,    2537242,     38.0,     38.0,     36.0,    113.0,  9, 10, 11, 11,    2403046,    2403046,    2403046,    2403046
18,    2574775,     38.0,     38.0,     36.0,    112.0,  9, 10, 11, 11,    2403046,    2403046,    2403046,    2403046
18,    2574794,     38.0,     38.0,     36.0,    112.0,  9, 10, 11, 11,    2403046,    2403046,    2403046,    2403046
18,      43455,     36.0,     37.0,     35.0,    110.0,  9, 10, 11, 11,    2403046,    2403046,    2403046,    2403046
18,      43456,     37.0,     37.0,     35.0,    111.0,  9, 10, 11, 11,    2403046,    2403046,    2403046,    2403046
18,    2575174,     37.0,     37.0,     35.0,    111.0,  9, 10, 11, 11,    2403046,    2403046,    2403046,    2403046
18,    2575228,     50.0,     53.0,     51.0,    158.0,  9, 10, 11,  9,      80093,      80093,      80093,      80093
18,    2575231,     51.0,     53.0,     51.0,    158.0,  9, 10, 11,  9,      80093,      80093,      80093,      80093
18,      44293,     51.0,     53.0,     52.0,    158.0,  9, 10, 11,  9,      80093,      80093,      80093,      80093
18,    2524922,     51.0,     53.0,     52.0,    158.0,  9, 10, 11,  9,      80093,      80093,      80093,      80093
18,    2575371,     51.0,     54.0,     52.0,    159.0,  9, 10, 11,  9,      80093,      80093,      80093,      80093
18,    2575422,     52.0,     54.0,     53.0,    160.0,  9, 10, 11,  9,      80093,      80093,      80093,      80093
18,    2575448,     51.0,     54.0,     52.0,    159.0,  9, 10, 11,  9,      80093,      80093,      80093,      80093
18,    2575544,     51.0,     53.0,     52.0,    158.0,  9, 10, 11,  9,      80093,      80093,      80093,      80093
18,    2575568,     50.0,     53.0,     51.0,    157.0,  9, 10, 11,  9,      80093,      80093,      80093,      80093
18,    3191763,     24.0,     24.0,     24.0,     73.0,  9, 10, 11, 10,    2662631,    2662631,    2662631,    2662631
18,    3191784,     23.0,     23.0,     23.0,     72.0,  9, 10, 11,  9,    2662638,    2662638,    2662638,    2662638
18,    3193967,     24.0,     24.0,     23.0,     73.0,  9, 10, 11, 11,    2663149,    2663149,    2663149,    2663149
18,    3193988,     24.0,     24.0,     24.0,     73.0,  9, 10, 11,  9,    2663160,    2663160,    2663160,    2663160
18,    3191771,     24.0,     24.0,     24.0,     74.0,  9, 10, 11,  9,    2662635,    2662635,    2662635,    2662635
18,    3191776,     24.0,     24.0,     24.0,     74.0,  9, 10, 11,  9,    2662636,    2662636,    2662636,    2662636
18,    3191794,     24.0,     24.0,     23.0,     73.0,  9, 10, 11, 10,    2662640,    2662640,    2662640,    2662640
18,    3194096,     24.0,     24.0,     24.0,     73.0,  9, 10, 11, 11,    2663196,    2663196,    2663196,    2663196
18,    3194145,     24.0,     24.0,     24.0,     74.0,  9, 10, 11,  9,    2663208,    2663208,    2663208,    2663208
18,    3194443,     24.0,     23.0,     24.0,     73.0,  9, 10, 11, 10,    2663321,    2663321,    2663321,    2663321
18,    2577330,     49.0,     49.0,     49.0,    150.0,  9, 10, 11,  9,      80010,      80010,      80010,      80010
18,    2525031,     18.0,     18.0,     18.0,     56.0,  9, 10, 11,  9,    2372196,    2372196,    2372196,    2372196
18,    2577380,     48.0,     48.0,     48.0,    149.0,  9, 10, 12,  9,      80010,      80010,      80010,      80010
18,      44300,     24.0,     24.0,     24.0,     74.0,  9, 10, 11,  9,      80125,      80125,      80125,      80125
18,    3195095,     24.0,     24.0,     24.0,     74.0,  9, 10, 11,  9,      80125,      80125,      80125,      80125
18,    2525046,     18.0,     18.0,     18.0,     55.0,  9, 10, 11,  9,    2372220,    2372220,    2372220,    2372220
18,      43451,     39.0,     39.0,     37.0,    114.0,  9, 10, 11, 11,    2403046,    2403046,    2403046,    2403046
18,    2577532,     39.0,     40.0,     37.0,    115.0,  9, 10, 11, 11,    2403046,    2403046,    2403046,    2403046
18,    2577530,     39.0,     40.0,     37.0,    115.0,  9, 10, 11, 11,    2403046,    2403046,    2403046,    2403046
18,    2577535,     39.0,     40.0,     37.0,    115.0,  9, 10, 11, 11,    2403046,    2403046,    2403046,    2403046
18,    1119992,     55.0,     55.0,     53.0,    163.0,  9, 10, 11, 11,    1344976,    1344976,    1344976,    1344976
18,    2525133,     24.0,     24.0,     24.0,     74.0,  9, 10, 11,  9,    2372261,    2372261,    2372261,    2372261
18,    1120085,     62.0,     62.0,     62.0,    194.0,  9, 10, 11,  9,    1345020,    1345020,    1345020,    1345020
18,    2537247,     15.0,     16.0,     17.0,     48.0,  9, 10, 11,  9,    2381222,    2381222,    2381222,    2381222
18,    3194006,     18.0,     18.0,     18.0,     55.0,  9, 10, 11,  9,    2663165,    2663165,    2663165,    2663165
18,    2614724,     47.0,     47.0,     47.0,    146.0,  9, 10, 11,  9,      80010,      80010,      80010,      80010
18,    3191508,     24.0,     24.0,     24.0,     74.0,  9, 10, 11,  9,    2662556,    2662556,    2662556,    2662556
18,    3191539,     18.0,     18.0,     18.0,     55.0,  9, 10, 11,  9,    2662563,    2662563,    2662563,    2662563
18,    3191564,     24.0,     24.0,     24.0,     74.0,  9, 10, 11, 10,    2662571,    2662571,    2662571,    2662571
18,    3191586,     18.0,     18.0,     18.0,     55.0,  9, 10, 11,  9,    2662577,    2662577,    2662577,    2662577
18,    3191610,     18.0,     18.0,     18.0,     55.0,  9, 10, 11,  9,    2662587,    2662587,    2662587,    2662587
18,    3191685,     24.0,     24.0,     24.0,     74.0,  9, 10, 11,  9,    2662602,    2662602,    2662602,    2662602
18,    3191706,     18.0,     18.0,     18.0,     55.0,  9, 10, 11,  9,    2662608,    2662608,    2662608,    2662608
18,    3191744,     18.0,     18.0,     18.0,     55.0,  9, 10, 11,  9,    2662618,    2662618,    2662618,    2662618
18,    3191738,     18.0,     18.0,     18.0,     55.0,  9, 10, 11,  9,    2662617,    2662617,    2662617,    2662617
18,    3191755,     24.0,     24.0,     24.0,     75.0,  9, 10, 11,  9,    2662628,    2662628,    2662628,    2662628
18,    3194140,     24.0,     23.0,     24.0,     72.0,  9, 10, 11, 10,    2663207,    2663207,    2663207,    2663207
18,    3280980,     23.0,     23.0,     23.0,     73.0,  9, 10, 11,  9,    2687841,    2687841,    2687841,    2687841
18,    3446393,     24.0,     24.0,     24.0,     75.0,  9, 10, 11,  9,    2742763,    2742763,    2742763,    2742763
18,    3579600,     52.0,     55.0,     53.0,    161.0,  9, 10, 11,  9,      80093,      80093,      80093,      80093
18,    3622002,     43.0,     41.0,     43.0,    128.0,  9, 10, 11, 10,    2201249,    2201249,    2201249,    2201249
18,    4075278,     45.0,     42.0,     44.0,    130.0,  9, 10, 11, 10,    2201249,    2201249,    2201249,    2201249
18,    4075353,     44.0,     42.0,     44.0,    130.0,  9, 10, 11, 10,    2201249,    2201249,    2201249,    2201249
19,      44255,     18.0,     18.0,     18.0,     55.0,  9, 10, 11,  9,      80015,      80015,      80015,      80015
19,    2573776,     47.0,     47.0,     47.0,    148.0,  9, 10, 11,  9,      80010,      80010,      80010,      80010
19,    2573791,     47.0,     47.0,     47.0,    147.0,  9, 10, 11,  9,      80010,      80010,      80010,      80010
19,    2573831,     47.0,     47.0,     47.0,    147.0,  9, 10, 11,  9,      80010,      80010,      80010,      80010
19,    2573943,     47.0,     47.0,     47.0,    146.0,  9, 10, 11,  9,      80010,      80010,      80010,      80010
19,    2614720,     46.0,     46.0,     46.0,    146.0,  9, 10, 11,  9,      80010,      80010,      80010,      80010
19,    2574035,     46.0,     46.0,     46.0,    145.0,  9, 10, 11,  9,      80010,      80010,      80010,      80010
19,    2574144,     46.0,     46.0,     46.0,    145.0,  9, 10, 11,  9,      80010,      80010,      80010,      80010
19,    2574617,     46.0,     46.0,     46.0,    145.0,  9, 10, 11,  9,      80010,      80010,      80010,      80010
19,    3194731,     23.0,     23.0,     23.0,     73.0,  9, 10, 11,  9,    2663390,    2663390,    2663390,    2663390
19,    3194751,     23.0,     23.0,     23.0,     73.0,  9, 10, 11,  9,    2663397,    2663397,    2663397,    2663397
19,    3194737,     23.0,     23.0,     23.0,     72.0,  9, 10, 11,  9,    2401769,    2401769,    2401769,    2401769
19,    3194626,     23.0,     23.0,     23.0,     73.0,  9, 10, 11,  9,    2663364,    2663364,    2663364,    2663364
19,    3194097,     18.0,     17.0,     18.0,     54.0,  9, 10, 11, 10,    2372116,    2372116,    2372116,    2372116
19,    3194110,     18.0,     18.0,     18.0,     55.0,  9, 10, 11,  9,    2663201,    2663201,    2663201,    2663201
19,    3194050,     24.0,     24.0,     24.0,     74.0,  9, 10, 11,  9,    2663181,    2663181,    2663181,    2663181
19,    3194071,     17.0,     17.0,     17.0,     54.0,  9, 10, 11,  9,      80086,      80086,      80086,      80086
19,     933929,     46.0,     46.0,     46.0,    145.0,  9, 10, 11,  9,      80093,    1211140,    1211140,    1211140
19,     933924,     43.0,     46.0,     46.0,    138.0,  9, 10, 11,  9,    1211137,    1211137,    1211137,    1211137
19,    3194526,     23.0,     23.0,     23.0,     73.0,  9, 10, 11,  9,    2663347,    2663347,    2663347,    2663347
19,    3194541,     23.0,     23.0,     23.0,     73.0,  9, 10, 11,  9,    2663354,    2663354,    2663354,    2663354
19,      44304,     24.0,     24.0,     24.0,     74.0,  9, 10, 11,  9,      80125,      80125,      80125,      80125
19,    3194638,     39.0,     39.0,     39.0,    124.0,  9, 10, 11, 10,    2201249,    2201249,    2201249,    2201249
19,      43457,     34.0,     36.0,     34.0,    109.0,  9, 10, 11,  9,    2403046,    2403046,    2403046,    2403046
19,    2576524,     36.0,     38.0,     36.0,    112.0,  9, 10, 11,  9,    2403046,    2403046,    2403046,    2403046
19,    1406046,     36.0,     36.0,     36.0,    116.0,  1,  2,  3,  2,    1406046,     649576,    1406046,    1406046
19,    3419144,     17.0,     17.0,     17.0,     52.0,  9, 10, 11,  9,    1211181,    1211181,    1211181,    1211181
19,    3194448,     24.0,     23.0,     24.0,     73.0,  9, 10, 11,  9,    2663323,    2663323,    2663323,    2663323
19,    3195024,     45.0,     45.0,     45.0,    144.0,  9, 10, 11,  9,      80010,      80010,      80010,      80010
19,    1405960,     23.0,     23.0,     23.0,     73.0,  9, 10, 11,  9,    1523921,    1523921,    1523921,    1523921
19,    3194851,     45.0,     45.0,     45.0,    144.0,  9, 10, 11,  9,      80010,      80010,      80010,      80010
19,    2614721,     47.0,     47.0,     47.0,    146.0,  9, 10, 11,  9,      80010,      80010,      80010,      80010
19,     649581,     38.0,     38.0,     38.0,    122.0,  1,  2,  3,  2,     649581,     649567,     649581,     649581
19,    3194708,     23.0,     23.0,     23.0,     73.0,  9, 10, 11,  9,    2663385,    2663385,    2663385,    2663385
19,    2579329,     49.0,     52.0,     51.0,    152.0,  9, 10, 11,  9,      80093,      80093,      80093,      80093
19,    2538885,     41.0,     41.0,     44.0,    130.0,  9, 10, 11, 10,      80037,      80037,      80037,      80037
19,    1203904,     39.0,     39.0,     39.0,    125.0,  9, 10, 11,  9,    2201249,    2201249,    2201249,    2201249
19,    3194458,     23.0,     23.0,     23.0,     72.0,  9, 10, 11,  9,    2663325,    2663325,    2663325,    2663325
19,    2239329,     24.0,     24.0,     24.0,     74.0,  9, 10, 11,  9,      80125,      80125,      80125,      80125
19,    2524843,     42.0,     42.0,     45.0,    132.0,  9, 10, 11,  9,      80037,      80037,      80037,      80037
19,    2524851,     43.0,     43.0,     46.0,    132.0,  9, 10, 11, 10,      80037,      80037,      80037,      80037
19,    3194467,     24.0,     24.0,     24.0,     73.0,  9, 10, 11, 10,    2663327,    2663327,    2663327,    2663327
19,    3194502,     23.0,     23.0,     23.0,     72.0,  9, 10, 11, 10,    2663340,    2663340,    2663340,    2663340
19,    3831482,     42.0,     42.0,     45.0,    132.0,  9, 10, 11,  9,      80037,      80037,      80037,      80037
19,    3831483,     43.0,     43.0,     46.0,    133.0,  9, 10, 11,  9,      80037,      80037,      80037,      80037
19,    2537242,     36.0,     37.0,     36.0,    111.0,  9, 10, 11,  9,    2403046,    2403046,    2403046,    2403046
19,    2574775,     35.0,     37.0,     35.0,    110.0,  9, 10, 11,  9,    2403046,    2403046,    2403046,    2403046
19,    2574794,     35.0,     37.0,     35.0,    110.0,  9, 10, 11,  9,    2403046,    2403046,    2403046,    2403046
19,      43455,     34.0,     36.0,     34.0,    109.0,  9, 10, 11,  9,    2403046,    2403046,    2403046,    2403046
19,      43456,     35.0,     36.0,     35.0,    110.0,  9, 10, 11,  9,    2403046,    2403046,    2403046,    2403046
19,    2575174,     34.0,     36.0,     34.0,    109.0,  9, 10, 11,  9,    2403046,    2403046,    2403046,    2403046
19,    2575228,     49.0,     52.0,     51.0,    153.0,  9, 10, 11,  9,      80093,      80093,      80093,      80093
19,    2575231,     49.0,     52.0,     51.0,    153.0,  9, 10, 11,  9,      80093,      80093,      80093,      80093
19,      44293,     49.0,     52.0,     51.0,    153.0,  9, 10, 11,  9,      80093,      80093,      80093,      80093
19,    2524922,     49.0,     52.0,     51.0,    153.0,  9, 10, 11,  9,      80093,      80093,      80093,      80093
19,    2575371,     49.0,     53.0,     52.0,    154.0,  9, 10, 11,  9,      80093,      80093,      80093,      80093
19,    2575422,     50.0,     53.0,     52.0,    155.0,  9, 10, 11,  9,      80093,      80093,      80093,      80093
19,    2575448,     50.0,     53.0,     52.0,    154.0,  9, 10, 11,  9,      80093,      80093,      80093,      80093
19,    2575544,     49.0,     52.0,     51.0,    152.0,  9, 10, 11,  9,      80093,      80093,      80093,      80093
19,    2575568,     48.0,     51.0,     51.0,    151.0,  9, 10, 11,  9,      80093,      80093,      80093,      80093
19,    3191763,     24.0,     24.0,     24.0,     74.0,  9, 10, 11,  9,    2662631,    2662631,    2662631,    2662631
19,    3191784,     23.0,     23.0,     23.0,     71.0,  9, 10, 11, 11,    2662638,    2662638,    2662638,    2662638
19,    3193967,     24.0,     24.0,     23.0,     72.0,  9, 10, 11, 11,    2663149,    2663149,    2663149,    2663149
19,    3193988,     24.0,     24.0,     24.0,     73.0,  9, 10, 11,  9,    2663160,    2663160,    2663160,    2663160
19,    3191771,     24.0,     24.0,     24.0,     74.0,  9, 10, 11,  9,    2662635,    2662635,    2662635,    2662635
19,    3191776,     24.0,     24.0,     24.0,     74.0,  9, 10, 11,  9,    2662636,    2662636,    2662636,    2662636
19,    3191794,     24.0,     23.0,     23.0,     73.0,  9, 10, 11, 10,    2662640,    2662640,    2662640,    2662640
19,    3194096,     24.0,     24.0,     23.0,     73.0,  9, 10, 11, 11,    2663196,    2663196,    2663196,    2663196
19,    3194145,     24.0,     24.0,     24.0,     74.0,  9, 10, 11,  9,    2663208,    2663208,    2663208,    2663208
19,    3194443,     23.0,     23.0,     23.0,     73.0,  9, 10, 11,  9,    2663321,    2663321,    2663321,    2663321
19,    2577330,     49.0,     49.0,     49.0,    150.0,  9, 10, 11,  9,      80010,      80010,      80010,      80010
19,    2525031,     18.0,     18.0,     18.0,     56.0,  9, 10, 11,  9,    2372196,    2372196,    2372196,    2372196
19,    2577380,     48.0,     48.0,     48.0,    149.0,  9, 10, 12,  9,      80010,      80010,      80010,      80010
19,      44300,     24.0,     24.0,     24.0,     74.0,  9, 10, 11,  9,      80125,      80125,      80125,      80125
19,    3195095,     24.0,     24.0,     24.0,     74.0,  9, 10, 11,  9,      80125,      80125,      80125,      80125
19,    2525046,     18.0,     18.0,     18.0,     55.0,  9, 10, 11,  9,    2372220,    2372220,    2372220,    2372220
19,      43451,     36.0,     38.0,     36.0,    113.0,  9, 10, 11,  9,    2403046,    2403046,    2403046,    2403046
19,    2577532,     37.0,     39.0,     37.0,    113.0,  9, 10, 11,  9,    2403046,    2403046,    2403046,    2403046
19,    2577530,     37.0,     39.0,     37.0,    113.0,  9, 10, 11,  9,    2403046,    2403046,    2403046,    2403046
19,    2577535,     37.0,     39.0,     37.0,    113.0,  9, 10, 11,  9,    2403046,    2403046,    2403046,    2403046
19,    1119992,     52.0,     54.0,     52.0,    161.0,  9, 10, 11,  9,    1344976,    1344976,    1344976,    1344976
19,    2525133,     24.0,     24.0,     24.0,     74.0,  9, 10, 11,  9,    2372261,    2372261,    2372261,    2372261
19,    1120085,     62.0,     62.0,     62.0,    194.0,  9, 10, 11,  9,    1345020,    1345020,    1345020,    1345020
19,    2537247,     14.0,     16.0,     17.0,     45.0,  9, 10, 11,  9,    2381222,    2381222,    2381222,    2381222
19,    3194006,     18.0,     18.0,     18.0,     55.0,  9, 10, 11,  9,    2663165,    2663165,    2663165,    2663165
19,    2614724,     47.0,     47.0,     47.0,    146.0,  9, 10, 11,  9,      80010,      80010,      80010,      80010
19,    3191508,     24.0,     24.0,     24.0,     72.0,  9, 10, 11,  9,    2662556,    2662556,    2662556,    2662556
19,    3191539,     17.0,     18.0,     18.0,     54.0,  9, 10, 11,  9,    2662563,    2662563,    2662563,    2662563
19,    3191564,     24.0,     24.0,     24.0,     75.0,  9, 10, 11,  9,    2662571,    2662571,    2662571,    2662571
19,    3191586,     18.0,     18.0,     18.0,     55.0,  9, 10, 11,  9,    2662577,    2662577,    2662577,    2662577
19,    3191610,     18.0,     18.0,     18.0,     55.0,  9, 10, 11,  9,    2662587,    2662587,    2662587,    2662587
19,    3191685,     24.0,     24.0,     24.0,     74.0,  9, 10, 11,  9,    2662602,    2662602,    2662602,    2662602
19,    3191706,     18.0,     18.0,     18.0,     55.0,  9, 10, 11,  9,    2662608,    2662608,    2662608,    2662608
19,    3191744,     18.0,     18.0,     18.0,     55.0,  9, 10, 11,  9,    2662618,    2662618,    2662618,    2662618
19,    3191738,     18.0,     18.0,     18.0,     55.0,  9, 10, 11,  9,    2662617,    2662617,    2662617,    2662617
19,    3191755,     24.0,     24.0,     24.0,     75.0,  9, 10, 11,  9,    2662628,    2662628,    2662628,    2662628
19,    3194140,     24.0,     23.0,     24.0,     72.0,  9, 10, 11, 10,    2663207,    2663207,    2663207,    2663207
19,    3280980,     23.0,     23.0,     23.0,     73.0,  9, 10, 11,  9,    2687841,    2687841,    2687841,    2687841
19,    3446393,     24.0,     24.0,     24.0,     75.0,  9, 10, 11,  9,    2742763,    2742763,    2742763,    2742763
19,    3579600,     51.0,     54.0,     53.0,    155.0,  9, 10, 11,  9,      80093,      80093,      80093,      80093
19,    3622002,     42.0,     41.0,     42.0,    129.0,  9, 10, 11,  9,    2201249,    2201249,    2201249,    2201249
19,    4075278,     43.0,     43.0,     43.0,    131.0,  9, 10, 11,  9,    2201249,    2201249,    2201249,    2201249
19,    4075353,     43.0,     43.0,     43.0,    130.0,  9, 10, 11, 10,    2201249,    2201249,    2201249,    2201249
20,      44255,     18.0,     18.0,     18.0,     55.0,  9, 10, 11,  9,      80015,      80015,      80015,      80015
20,    2573776,     47.0,     47.0,     47.0,    147.0,  9, 10, 11, 10,      80010,      80010,      80010,      80010
20,    2573791,     47.0,     47.0,     47.0,    147.0,  9, 10, 11,  9,      80010,      80010,      80010,      80010
20,    2573831,     47.0,     47.0,     47.0,    147.0,  9, 10, 11,  9,      80010,      80010,      80010,      80010
20,    2573943,     47.0,     47.0,     47.0,    146.0,  9, 10, 11,  9,      80010,      80010,      80010,      80010
20,    2614720,     46.0,     46.0,     46.0,    146.0,  9, 10, 11,  9,      80010,      80010,      80010,      80010
20,    2574035,     46.0,     46.0,     46.0,    145.0,  9, 10, 11,  9,      80010,      80010,      80010,      80010
20,    2574144,     46.0,     46.0,     46.0,    145.0,  9, 10, 11,  9,      80010,      80010,      80010,      80010
20,    2574617,     46.0,     46.0,     46.0,    145.0,  9, 10, 11,  9,      80010,      80010,      80010,      80010
20,    3194731,     23.0,     23.0,     23.0,     72.0,  9, 10, 11, 10,    2663390,    2663390,    2663390,    2663390
20,    3194751,     23.0,     23.0,     23.0,     72.0,  9, 10, 11, 10,    2663397,    2663397,    2663397,    2663397
20,    3194737,     23.0,     23.0,     23.0,     72.0,  9, 10, 11,  9,    2401769,    2401769,    2401769,    2401769
20,    3194626,     23.0,     23.0,     23.0,     73.0,  9, 10, 11,  9,    2663364,    2663364,    2663364,    2663364
20,    3194097,     18.0,     17.0,     18.0,     54.0,  9, 10, 11, 10,    2372116,    2372116,    2372116,    2372116
20,    3194110,     18.0,     18.0,     18.0,     55.0,  9, 10, 11,  9,    2663201,    2663201,    2663201,    2663201
20,    3194050,     24.0,     24.0,     24.0,     74.0,  9, 10, 11,  9,    2663181,    2663181,    2663181,    2663181
20,    3194071,     17.0,     17.0,     17.0,     54.0,  9, 10, 11,  9,      80086,      80086,      80086,      80086
20,     933929,     44.0,     46.0,     46.0,    141.0,  9, 10, 11,  9,      80093,    1211140,      80093,      80093
20,     933924,     43.0,     46.0,     46.0,    136.0,  9, 10, 11,  9,    1211137,    1211137,      80093,    1211137
20,    3194526,     23.0,     23.0,     23.0,     73.0,  9, 10, 11,  9,    2663347,    2663347,    2663347,    2663347
20,    3194541,     23.0,     23.0,     23.0,     73.0,  9, 10, 11,  9,    2663354,    2663354,    2663354,    2663354
20,      44304,     24.0,     24.0,     24.0,     74.0,  9, 10, 11,  9,      80125,      80125,      80125,      80125
20,    3194638,     38.0,     37.0,     40.0,    120.0,  9, 10, 11, 10,    2201249,    2201249,    2201249,    2201249
20,      43457,     33.0,     34.0,     33.0,    105.0,  9, 10, 11,  9,    2403046,    2403046,    2403046,    2403046
20,    2576524,     35.0,     36.0,     35.0,    107.0,  9, 10, 11,  9,    2403046,    2403046,    2403046,    2403046
20,    1406046,     36.0,     35.0,     37.0,    112.0,  1,  2,  3,  2,     649576,     649576,     649576,    1406046
20,    3419144,     16.0,     17.0,     16.0,     50.0,  9, 10, 11,  9,    1211181,    1211181,    1211181,    1211181
20,    3194448,     24.0,     23.0,     24.0,     73.0,  9, 10, 11,  9,    2663323,    2663323,    2663323,    2663323
20,    3195024,     45.0,     45.0,     45.0,    144.0,  9, 10, 11,  9,      80010,      80010,      80010,      80010
20,    1405960,     23.0,     23.0,     23.0,     73.0,  9, 10, 11,  9,    1523921,    1523921,    1523921,    1523921
20,    3194851,     45.0,     45.0,     45.0,    144.0,  9, 10, 11,  9,      80010,      80010,      80010,      80010
20,    2614721,     47.0,     47.0,     47.0,    146.0,  9, 10, 11,  9,      80010,      80010,      80010,      80010
20,     649581,     38.0,     36.0,     39.0,    118.0,  1,  2,  3,  2,     649567,     649581,     649567,     649581
20,    3194708,     23.0,     23.0,     23.0,     72.0,  9, 10, 11, 10,    2663385,    2663385,    2663385,    2663385
20,    2579329,     46.0,     50.0,     48.0,    145.0,  9, 10, 11,  9,      80093,      80093,      80093,      80093
20,    2538885,     41.0,     42.0,     44.0,    130.0,  9, 10, 11,  9,      80037,      80037,      80037,      80037
20,    1203904,     38.0,     37.0,     40.0,    120.0,  9, 10, 11, 10,    2201249,    2201249,    2201249,    2201249
20,    3194458,     23.0,     23.0,     23.0,     72.0,  9, 10, 11,  9,    2663325,    2663325,    2663325,    2663325
20,    2239329,     24.0,     24.0,     24.0,     74.0,  9, 10, 11,  9,      80125,      80125,      80125,      80125
20,    2524843,     42.0,     43.0,     45.0,    131.0,  9, 10, 11,  9,      80037,      80037,      80037,      80037
20,    2524851,     42.0,     43.0,     46.0,    132.0,  9, 10, 11,  9,      80037,      80037,      80037,      80037
20,    3194467,     24.0,     23.0,     24.0,     73.0,  9, 10, 11,  9,    2663327,    2663327,    2663327,    2663327
20,    3194502,     23.0,     23.0,     23.0,     72.0,  9, 10, 11, 10,    2663340,    2663340,    2663340,    2663340
20,    3831482,     42.0,     43.0,     45.0,    131.0,  9, 10, 11,  9,      80037,      80037,      80037,      80037
20,    3831483,     43.0,     43.0,     46.0,    132.0,  9, 10, 11,  9,      80037,      80037,      80037,      80037
20,    2537242,     34.0,     35.0,     34.0,    106.0,  9, 10, 11,  9,    2403046,    2403046,    2403046,    2403046
20,    2574775,     34.0,     35.0,     34.0,    106.0,  9, 10, 11,  9,    2403046,    2403046,    2403046,    2403046
20,    2574794,     34.0,     35.0,     34.0,    106.0,  9, 10, 11,  9,    2403046,    2403046,    2403046,    2403046
20,      43455,     33.0,     34.0,     33.0,    104.0,  9, 10, 11,  9,    2403046,    2403046,    2403046,    2403046
20,      43456,     33.0,     35.0,     33.0,    105.0,  9, 10, 11,  9,    2403046,    2403046,    2403046,    2403046
20,    2575174,     33.0,     34.0,     33.0,    105.0,  9, 10, 11,  9,    2403046,    2403046,    2403046,    2403046
20,    2575228,     47.0,     50.0,     48.0,    145.0,  9, 10, 11,  9,      80093,      80093,      80093,      80093
20,    2575231,     47.0,     50.0,     48.0,    146.0,  9, 10, 11,  9,      80093,      80093,      80093,      80093
20,      44293,     47.0,     50.0,     48.0,    146.0,  9, 10, 11,  9,      80093,      80093,      80093,      80093
20,    2524922,     47.0,     50.0,     48.0,    146.0,  9, 10, 11,  9,      80093,      80093,      80093,      80093
20,    2575371,     47.0,     50.0,     49.0,    146.0,  9, 10, 11,  9,      80093,      80093,      80093,      80093
20,    2575422,     48.0,     51.0,     49.0,    147.0,  9, 10, 11,  9,      80093,      80093,      80093,      80093
20,    2575448,     47.0,     51.0,     49.0,    147.0,  9, 10, 11,  9,      80093,      80093,      80093,      80093
20,    2575544,     47.0,     50.0,     48.0,    145.0,  9, 10, 11,  9,      80093,      80093,      80093,      80093
20,    2575568,     46.0,     49.0,     48.0,    144.0,  9, 10, 11,  9,      80093,      80093,      80093,      80093
20,    3191763,     24.0,     24.0,     24.0,     74.0,  9, 10, 11,  9,    2662631,    2662631,    2662631,    2662631
20,    3191784,     23.0,     23.0,     23.0,     71.0,  9, 10, 11, 11,    2662638,    2662638,    2662638,    2662638
20,    3193967,     24.0,     24.0,     23.0,     72.0,  9, 10, 11, 11,    2663149,    2663149,    2663149,    2663149
20,    3193988,     24.0,     24.0,     24.0,     73.0,  9, 10, 11, 11,    2663160,    2663160,    2663160,    2663160
20,    3191771,     24.0,     24.0,     24.0,     74.0,  9, 10, 11,  9,    2662635,    2662635,    2662635,    2662635
20,    3191776,     24.0,     24.0,     24.0,     74.0,  9, 10, 11,  9,    2662636,    2662636,    2662636,    2662636
20,    3191794,     24.0,     23.0,     23.0,     72.0,  9, 10, 11, 10,    2662640,    2662640,    2662640,    2662640
20,    3194096,     24.0,     24.0,     23.0,     73.0,  9, 10, 11, 11,    2663196,    2663196,    2663196,    2663196
20,    3194145,     24.0,     24.0,     24.0,     73.0,  9, 10, 11, 10,    2663208,    2663208,    2663208,    2663208
20,    3194443,     23.0,     23.0,     24.0,     73.0,  9, 10, 11,  9,    2663321,    2663321,    2663321,    2663321
20,    2577330,     49.0,     49.0,     49.0,    150.0,  9, 10, 11,  9,      80010,      80010,      80010,      80010
20,    2525031,     18.0,     18.0,     18.0,     56.0,  9, 10, 11,  9,    2372196,    2372196,    2372196,    2372196
20,    2577380,     48.0,     48.0,     48.0,    149.0,  9, 10, 11,  9,      80010,      80010,      80010,      80010
20,      44300,     24.0,     24.0,     24.0,     74.0,  9, 10, 11,  9,      80125,      80125,      80125,      80125
20,    3195095,     24.0,     24.0,     24.0,     74.0,  9, 10, 11,  9,      80125,      80125,      80125,      80125
20,    2525046,     18.0,     18.0,     18.0,     55.0,  9, 10, 11,  9,    2372220,    2372220,    2372220,    2372220
20,      43451,     35.0,     36.0,     35.0,    108.0,  9, 10, 11,  9,    2403046,    2403046,    2403046,    2403046
20,    2577532,     35.0,     37.0,     35.0,    108.0,  9, 10, 11,  9,    2403046,    2403046,    2403046,    2403046
20,    2577530,     35.0,     37.0,     35.0,    108.0,  9, 10, 11,  9,    2403046,    2403046,    2403046,    2403046
20,    2577535,     35.0,     37.0,     35.0,    108.0,  9, 10, 11,  9,    2403046,    2403046,    2403046,    2403046
20,    1119992,     51.0,     52.0,     51.0,    155.0,  9, 10, 11,  9,    1344976,    1344976,    1344976,    1344976
20,    2525133,     24.0,     24.0,     24.0,     74.0,  9, 10, 11,  9,    2372261,    2372261,    2372261,    2372261
20,    1120085,     62.0,     62.0,     62.0,    194.0,  9, 10, 11,  9,    1345020,    1345020,    1345020,    1345020
20,    2537247,     15.0,     16.0,     17.0,     48.0,  9, 10, 11,  9,    2381222,    2381222,    2381222,    2381222
20,    3194006,     18.0,     18.0,     18.0,     55.0,  9, 10, 11,  9,    2663165,    2663165,    2663165,    2663165
20,    2614724,     47.0,     47.0,     47.0,    146.0,  9, 10, 11,  9,      80010,      80010,      80010,      80010
20,    3191508,     24.0,     24.0,     24.0,     72.0,  9, 10, 11,  9,    2662556,    2662556,    2662556,    2662556
20,    3191539,     18.0,     18.0,     18.0,     54.0,  9, 10, 11,  9,    2662563,    2662563,    2662563,    2662563
20,    3191564,     24.0,     24.0,     24.0,     74.0,  9, 10, 11, 10,    2662571,    2662571,    2662571,    2662571
20,    3191586,     18.0,     18.0,     18.0,     55.0,  9, 10, 11,  9,    2662577,    2662577,    2662577,    2662577
20,    3191610,     18.0,     18.0,     18.0,     55.0,  9, 10, 11,  9,    2662587,    2662587,    2662587,    2662587
20,    3191685,     24.0,     24.0,     24.0,     73.0,  9, 10, 11,  9,    2662602,    2662602,    2662602,    2662602
20,    3191706,     18.0,     18.0,     18.0,     55.0,  9, 10, 11,  9,    2662608,    2662608,    2662608,    2662608
20,    3191744,     18.0,     18.0,     18.0,     55.0,  9, 10, 11,  9,    2662618,    2662618,    2662618,    2662618
20,    3191738,     18.0,     18.0,     18.0,     55.0,  9, 10, 11,  9,    2662617,    2662617,    2662617,    2662617
20,    3191755,     24.0,     24.0,     24.0,     75.0,  9, 10, 11,  9,    2662628,    2662628,    2662628,    2662628
20,    3194140,     24.0,     23.0,     24.0,     72.0,  9, 10, 11, 10,    2663207,    2663207,    2663207,    2663207
20,    3280980,     23.0,     23.0,     23.0,     73.0,  9, 10, 11,  9,    2687841,    2687841,    2687841,    2687841
20,    3446393,     24.0,     24.0,     24.0,     75.0,  9, 10, 11,  9,    2742763,    2742763,    2742763,    2742763
20,    3579600,     48.0,     51.0,     50.0,    148.0,  9, 10, 11,  9,      80093,      80093,      80093,      80093
20,    3622002,     41.0,     40.0,     42.0,    125.0,  9, 10, 11, 10,    2201249,    2201249,    2201249,    2201249
20,    4075278,     42.0,     41.0,     43.0,    126.0,  9, 10, 11, 10,    2201249,    2201249,    2201249,    2201249
20,    4075353,     42.0,     41.0,     43.0,    126.0,  9, 10, 11, 10,    2201249,    2201249,    2201249,    2201249
21,      44255,     18.0,     18.0,     18.0,     55.0,  9, 10, 11,  9,      80015,      80015,      80015,      80015
21,    2573776,     47.0,     47.0,     47.0,    148.0,  9, 10, 11,  9,      80010,      80010,      80010,      80010
21,    2573791,     47.0,     47.0,     47.0,    147.0,  9, 10, 11,  9,      80010,      80010,      80010,      80010
21,    2573831,     47.0,     47.0,     47.0,    147.0,  9, 10, 11,  9,      80010,      80010,      80010,      80010
21,    2573943,     47.0,     47.0,     47.0,    146.0,  9, 10, 11,  9,      80010,      80010,      80010,      80010
21,    2614720,     46.0,     46.0,     46.0,    146.0,  9, 10, 11,  9,      80010,      80010,      80010,      80010
21,    2574035,     46.0,     46.0,     46.0,    145.0,  9, 10, 11,  9,      80010,      80010,      80010,      80010
21,    2574144,     46.0,     46.0,     46.0,    145.0,  9, 10, 11,  9,      80010,      80010,      80010,      80010
21,    2574617,     46.0,     46.0,     46.0,    145.0,  9, 10, 11,  9,      80010,      80010,      80010,      80010
21,    3194731,     23.0,     23.0,     23.0,     72.0,  9, 10, 11,  9,    2663390,    2663390,    2663390,    2663390
21,    3194751,     23.0,     23.0,     23.0,     72.0,  9, 10, 11,  9,    2663397,    2663397,    2663397,    2663397
21,    3194737,     23.0,     23.0,     23.0,     72.0,  9, 10, 11,  9,    2401769,    2401769,    2401769,    2401769
21,    3194626,     23.0,     23.0,     23.0,     73.0,  9, 10, 11,  9,    2663364,    2663364,    2663364,    2663364
21,    3194097,     18.0,     17.0,     18.0,     55.0,  9, 10, 11,  9,    2372116,    2372116,    2372116,    2372116
21,    3194110,     18.0,     18.0,     18.0,     55.0,  9, 10, 11,  9,    2663201,    2663201,    2663201,    2663201
21,    3194050,     24.0,     24.0,     24.0,     74.0,  9, 10, 11,  9,    2663181,    2663181,    2663181,    2663181
21,    3194071,     17.0,     17.0,     17.0,     54.0,  9, 10, 11,  9,      80086,      80086,      80086,      80086
21,     933929,     45.0,     46.0,     46.0,    143.0,  9, 10, 11,  9,      80093,      80093,      80093,      80093
21,     933924,     44.0,     46.0,     46.0,    140.0,  9, 10, 11,  9,    1211137,      80093,      80093,    1211137
21,    3194526,     23.0,     23.0,     23.0,     73.0,  9, 10, 11,  9,    2663347,    2663347,    2663347,    2663347
21,    3194541,     23.0,     23.0,     23.0,     73.0,  9, 10, 11,  9,    2663354,    2663354,    2663354,    2663354
21,      44304,     24.0,     24.0,     24.0,     74.0,  9, 10, 11,  9,      80125,      80125,      80125,      80125
21,    3194638,     37.0,     38.0,     40.0,    119.0,  9, 10, 11,  9,    2201249,    2201249,    2201249,    2201249
21,      43457,     34.0,     36.0,     35.0,    107.0,  9, 10, 11,  9,    2403046,    2403046,    2403046,    2403046
21,    2576524,     35.0,     38.0,     37.0,    110.0,  9, 10, 11,  9,    2403046,    2403046,    2403046,    2403046
21,    1406046,     34.0,     35.0,     37.0,    111.0,  1,  2,  3,  1,     649576,     649576,    1406046,    1406046
21,    3419144,     16.0,     16.0,     17.0,     49.0,  9, 10, 11,  9,    1211181,    1211181,    1211181,    1211181
21,    3194448,     23.0,     23.0,     24.0,     73.0,  9, 10, 11,  9,    2663323,    2663323,    2663323,    2663323
21,    3195024,     45.0,     45.0,     45.0,    144.0,  9, 10, 11,  9,      80010,      80010,      80010,      80010
21,    1405960,     23.0,     23.0,     23.0,     73.0,  9, 10, 11,  9,    1523921,    1523921,    1523921,    1523921
21,    3194851,     45.0,     45.0,     45.0,    144.0,  9, 10, 11,  9,      80010,      80010,      80010,      80010
21,    2614721,     47.0,     47.0,     47.0,    146.0,  9, 10, 11,  9,      80010,      80010,      80010,      80010
21,     649581,     36.0,     37.0,     39.0,    117.0,  1,  2,  3,  1,     649567,     649567,     649581,     649581
21,    3194708,     23.0,     23.0,     23.0,     72.0,  9, 10, 11,  9,    2663385,    2663385,    2663385,    2663385
21,    2579329,     47.0,     48.0,     48.0,    146.0,  9, 10, 11,  9,      80093,      80093,      80093,      80093
21,    2538885,     43.0,     43.0,     44.0,    135.0,  9, 10, 11,  9,      80037,      80037,      80037,      80037
21,    1203904,     37.0,     38.0,     40.0,    119.0,  9, 10, 11,  9,    2201249,    2201249,    2201249,    2201249
21,    3194458,     23.0,     23.0,     23.0,     72.0,  9, 10, 11,  9,    2663325,    2663325,    2663325,    2663325
21,    2239329,     24.0,     24.0,     24.0,     74.0,  9, 10, 11,  9,      80125,      80125,      80125,      80125
21,    2524843,     44.0,     44.0,     46.0,    136.0,  9, 10, 11,  9,      80037,      80037,      80037,      80037
21,    2524851,     44.0,     45.0,     46.0,    137.0,  9, 10, 11,  9,      80037,      80037,      80037,      80037
21,    3194467,     23.0,     24.0,     24.0,     73.0,  9, 10, 11,  9,    2663327,    2663327,    2663327,    2663327
21,    3194502,     23.0,     23.0,     24.0,     72.0,  9, 10, 11, 10,    2663340,    2663340,    2663340,    2663340
21,    3831482,     44.0,     44.0,     46.0,    136.0,  9, 10, 11,  9,      80037,      80037,      80037,      80037
21,    3831483,     44.0,     45.0,     46.0,    137.0,  9, 10, 11,  9,      80037,      80037,      80037,      80037
21,    2537242,     35.0,     37.0,     36.0,    109.0,  9, 10, 11,  9,    2403046,    2403046,    2403046,    2403046
21,    2574775,     34.0,     37.0,     36.0,    108.0,  9, 10, 11,  9,    2403046,    2403046,    2403046,    2403046
21,    2574794,     34.0,     37.0,     36.0,    108.0,  9, 10, 11,  9,    2403046,    2403046,    2403046,    2403046
21,      43455,     33.0,     35.0,     35.0,    106.0,  9, 10, 11,  9,    2403046,    2403046,    2403046,    2403046
21,      43456,     34.0,     36.0,     35.0,    107.0,  9, 10, 11,  9,    2403046,    2403046,    2403046,    2403046
21,    2575174,     34.0,     36.0,     35.0,    107.0,  9, 10, 11,  9,    2403046,    2403046,    2403046,    2403046
21,    2575228,     47.0,     48.0,     48.0,    147.0,  9, 10, 11,  9,      80093,      80093,      80093,      80093
21,    2575231,     47.0,     48.0,     49.0,    147.0,  9, 10, 11,  9,      80093,      80093,      80093,      80093
21,      44293,     47.0,     48.0,     49.0,    147.0,  9, 10, 11,  9,      80093,      80093,      80093,      80093
21,    2524922,     47.0,     48.0,     49.0,    147.0,  9, 10, 11,  9,      80093,      80093,      80093,      80093
21,    2575371,     48.0,     48.0,     49.0,    148.0,  9, 10, 11,  9,      80093,      80093,      80093,      80093
21,    2575422,     48.0,     49.0,     50.0,    148.0,  9, 10, 11,  9,      80093,      80093,      80093,      80093
21,    2575448,     48.0,     49.0,     49.0,    148.0,  9, 10, 11,  9,      80093,      80093,      80093,      80093
21,    2575544,     47.0,     48.0,     49.0,    146.0,  9, 10, 11,  9,      80093,      80093,      80093,      80093
21,    2575568,     46.0,     47.0,     48.0,    145.0,  9, 10, 11,  9,      80093,      80093,      80093,      80093
21,    3191763,     24.0,     24.0,     24.0,     74.0,  9, 10, 11,  9,    2662631,    2662631,    2662631,    2662631
21,    3191784,     24.0,     24.0,     24.0,     73.0,  9, 10, 11,  9,    2662638,    2662638,    2662638,    2662638
21,    3193967,     24.0,     24.0,     23.0,     70.0,  9, 10, 11, 11,    2663149,    2663149,    2663149,    2663149
21,    3193988,     24.0,     24.0,     24.0,     74.0,  9, 10, 11,  9,    2663160,    2663160,    2663160,    2663160
21,    3191771,     24.0,     24.0,     24.0,     74.0,  9, 10, 11,  9,    2662635,    2662635,    2662635,    2662635
21,    3191776,     24.0,     24.0,     24.0,     74.0,  9, 10, 11,  9,    2662636,    2662636,    2662636,    2662636
21,    3191794,     24.0,     24.0,     24.0,     73.0,  9, 10, 11, 10,    2662640,    2662640,    2662640,    2662640
21,    3194096,     24.0,     24.0,     24.0,     73.0,  9, 10, 11, 11,    2663196,    2663196,    2663196,    2663196
21,    3194145,     24.0,     24.0,     24.0,     73.0,  9, 10, 11,  9,    2663208,    2663208,    2663208,    2663208
21,    3194443,     23.0,     23.0,     24.0,     73.0,  9, 10, 11,  9,    2663321,    2663321,    2663321,    2663321
21,    2577330,     49.0,     49.0,     49.0,    150.0,  9, 10, 11,  9,      80010,      80010,      80010,      80010
21,    2525031,     18.0,     18.0,     18.0,     56.0,  9, 10, 11,  9,    2372196,    2372196,    2372196,    2372196
21,    2577380,     48.0,     48.0,     48.0,    149.0,  9, 10, 12,  9,      80010,      80010,      80010,      80010
21,      44300,     24.0,     24.0,     24.0,     74.0,  9, 10, 11,  9,      80125,      80125,      80125,      80125
21,    3195095,     24.0,     24.0,     24.0,     74.0,  9, 10, 11,  9,      80125,      80125,      80125,      80125
21,    2525046,     18.0,     18.0,     18.0,     55.0,  9, 10, 11,  9,    2372220,    2372220,    2372220,    2372220
21,      43451,     36.0,     38.0,     37.0,    110.0,  9, 10, 11,  9,    2403046,    2403046,    2403046,    2403046
21,    2577532,     36.0,     38.0,     37.0,    111.0,  9, 10, 11,  9,    2403046,    2403046,    2403046,    2403046
21,    2577530,     36.0,     38.0,     37.0,    111.0,  9, 10, 11,  9,    2403046,    2403046,    2403046,    2403046
21,    2577535,     36.0,     38.0,     37.0,    111.0,  9, 10, 11,  9,    2403046,    2403046,    2403046,    2403046
21,    1119992,     51.0,     54.0,     53.0,    158.0,  9, 10, 11,  9,    1344976,    1344976,    1344976,    1344976
21,    2525133,     24.0,     24.0,     24.0,     74.0,  9, 10, 11,  9,    2372261,    2372261,    2372261,    2372261
21,    1120085,     62.0,     62.0,     62.0,    194.0,  9, 10, 11,  9,    1345020,    1345020,    1345020,    1345020
21,    2537247,     15.0,     17.0,     17.0,     48.0,  9, 10, 11,  9,    2381222,    2381222,    2381222,    2381222
21,    3194006,     18.0,     18.0,     18.0,     55.0,  9, 10, 11,  9,    2663165,    2663165,    2663165,    2663165
21,    2614724,     47.0,     47.0,     47.0,    146.0,  9, 10, 11,  9,      80010,      80010,      80010,      80010
21,    3191508,     24.0,     24.0,     24.0,     73.0,  9, 10, 11,  9,    2662556,    2662556,    2662556,    2662556
21,    3191539,     17.0,     18.0,     18.0,     54.0,  9, 10, 11,  9,    2662563,    2662563,    2662563,    2662563
21,    3191564,     24.0,     24.0,     24.0,     74.0,  9, 10, 11,  9,    2662571,    2662571,    2662571,    2662571
21,    3191586,     18.0,     18.0,     18.0,     55.0,  9, 10, 11,  9,    2662577,    2662577,    2662577,    2662577
21,    3191610,     18.0,     18.0,     18.0,     55.0,  9, 10, 11,  9,    2662587,    2662587,    2662587,    2662587
21,    3191685,     24.0,     24.0,     24.0,     73.0,  9, 10, 11,  9,    2662602,    2662602,    2662602,    2662602
21,    3191706,     18.0,     18.0,     18.0,     54.0,  9, 10, 11,  9,    2662608,    2662608,    2662608,    2662608
21,    3191744,     18.0,     18.0,     18.0,     55.0,  9, 10, 11,  9,    2662618,    2662618,    2662618,    2662618
21,    3191738,     18.0,     18.0,     18.0,     55.0,  9, 10, 11,  9,    2662617,    2662617,    2662617,    2662617
21,    3191755,     24.0,     24.0,     24.0,     75.0,  9, 10, 11,  9,    2662628,    2662628,    2662628,    2662628
21,    3194140,     24.0,     23.0,     24.0,     73.0,  9, 10, 11,  9,    2663207,    2663207,    2663207,    2663207
21,    3280980,     23.0,     23.0,     23.0,     72.0,  9, 10, 11,  9,    2687841,    2687841,    2687841,    2687841
21,    3446393,     24.0,     24.0,     24.0,     75.0,  9, 10, 11,  9,    2742763,    2742763,    2742763,    2742763
21,    3579600,     49.0,     49.0,     50.0,    149.0,  9, 10, 11,  9,      80093,      80093,      80093,      80093
21,    3622002,     40.0,     41.0,     42.0,    124.0,  9, 10, 11,  9,    2201249,    2201249,    2201249,    2201249
21,    4075278,     41.0,     42.0,     43.0,    125.0,  9, 10, 11,  9,    2201249,    2201249,    2201249,    2201249
21,    4075353,     41.0,     42.0,     43.0,    125.0,  9, 10, 11,  9,    2201249,    2201249,    2201249,    2201249
22,      44255,     18.0,     18.0,     18.0,     55.0,  9, 10, 11,  9,      80015,      80015,      80015,      80015
22,    2573776,     48.0,     48.0,     47.0,    148.0,  9, 10, 12,  9,      80010,      80010,      80010,      80010
22,    2573791,     47.0,     47.0,     47.0,    147.0,  9, 10, 11,  9,      80010,      80010,      80010,      80010
22,    2573831,     47.0,     47.0,     47.0,    147.0,  9, 10, 11,  9,      80010,      80010,      80010,      80010
22,    2573943,     47.0,     47.0,     47.0,    146.0,  9, 10, 11, 10,      80010,      80010,      80010,      80010
22,    2614720,     46.0,     46.0,     46.0,    146.0,  9, 10, 11,  9,      80010,      80010,      80010,      80010
22,    2574035,     46.0,     46.0,     46.0,    145.0,  9, 10, 11,  9,      80010,      80010,      80010,      80010
22,    2574144,     46.0,     46.0,     46.0,    145.0,  9, 10, 11,  9,      80010,      80010,      80010,      80010
22,    2574617,     46.0,     46.0,     46.0,    145.0,  9, 10, 11,  9,      80010,      80010,      80010,      80010
22,    3194731,     23.0,     23.0,     23.0,     72.0,  9, 10, 11, 10,    2663390,    2663390,    2663390,    2663390
22,    3194751,     23.0,     23.0,     23.0,     72.0,  9, 10, 11, 10,    2663397,    2663397,    2663397,    2663397
22,    3194737,     23.0,     23.0,     23.0,     72.0,  9, 10, 11, 10,    2401769,    2401769,    2401769,    2401769
22,    3194626,     23.0,     23.0,     23.0,     73.0,  9, 10, 11,  9,    2663364,    2663364,    2663364,    2663364
22,    3194097,     18.0,     18.0,     18.0,     55.0,  9, 10, 11,  9,    2372116,    2372116,    2372116,    2372116
22,    3194110,     18.0,     18.0,     18.0,     55.0,  9, 10, 11,  9,    2663201,    2663201,    2663201,    2663201
22,    3194050,     24.0,     24.0,     24.0,     74.0,  9, 10, 11,  9,    2663181,    2663181,    2663181,    2663181
22,    3194071,     17.0,     17.0,     17.0,     54.0,  9, 10, 11, 10,      80086,      80086,      80086,      80086
22,     933929,     46.0,     46.0,     46.0,    145.0,  9, 10, 11,  9,    1211140,    1211140,    1211140,    1211140
22,     933924,     45.0,     46.0,     46.0,    141.0,  9, 10, 11,  9,    1211137,    1211137,    1211137,    1211137
22,    3194526,     23.0,     23.0,     23.0,     73.0,  9, 10, 11,  9,    2663347,    2663347,    2663347,    2663347
22,    3194541,     23.0,     23.0,     23.0,     73.0,  9, 10, 11,  9,    2663354,    2663354,    2663354,    2663354
22,      44304,     24.0,     24.0,     24.0,     74.0,  9, 10, 11,  9,      80125,      80125,      80125,      80125
22,    3194638,     40.0,     38.0,     41.0,    122.0,  9, 10, 11, 10,    2201249,    2201249,    2201249,    2201249
22,      43457,     36.0,     37.0,     36.0,    113.0,  9, 10, 11,  9,    2403046,    2403046,    2403046,    2403046
22,    2576524,     37.0,     39.0,     38.0,    116.0,  9, 10, 11,  9,    2403046,    2403046,    2403046,    2403046
22,    1406046,     37.0,     35.0,     38.0,    113.0,  1,  2,  3,  2,     649576,     649576,     649576,    1406046
22,    3419144,     16.0,     16.0,     17.0,     50.0,  9, 10, 11, 10,    1211181,    1211181,    1211181,    1211181
22,    3194448,     24.0,     23.0,     24.0,     73.0,  9, 10, 11, 10,    2663323,    2663323,    2663323,    2663323
22,    3195024,     45.0,     45.0,     45.0,    145.0,  9, 10, 11,  9,      80010,      80010,      80010,      80010
22,    1405960,     23.0,     23.0,     23.0,     73.0,  9, 10, 11, 11,    1523921,    1523921,    1523921,    1523921
22,    3194851,     45.0,     45.0,     45.0,    144.0,  9, 10, 11,  9,      80010,      80010,      80010,      80010
22,    2614721,     47.0,     47.0,     47.0,    146.0,  9, 10, 11,  9,      80010,      80010,      80010,      80010
22,     649581,     39.0,     37.0,     40.0,    119.0,  1,  2,  3,  2,     649567,     649567,     649567,     649581
22,    3194708,     23.0,     23.0,     23.0,     72.0,  9, 10, 11, 10,    2663385,    2663385,    2663385,    2663385
22,    2579329,     51.0,     51.0,     51.0,    158.0,  9, 10, 11,  9,      80093,      80093,      80093,      80093
22,    2538885,     42.0,     43.0,     44.0,    132.0,  9, 10, 11,  9,      80037,      80037,      80037,      80037
22,    1203904,     40.0,     38.0,     41.0,    122.0,  9, 10, 11, 10,    2201249,    2201249,    2201249,    2201249
22,    3194458,     23.0,     23.0,     23.0,     72.0,  9, 10, 11, 10,    2663325,    2663325,    2663325,    2663325
22,    2239329,     24.0,     24.0,     24.0,     74.0,  9, 10, 11,  9,      80125,      80125,      80125,      80125
22,    2524843,     43.0,     44.0,     45.0,    134.0,  9, 10, 12,  9,      80037,      80037,    2371971,      80037
22,    2524851,     43.0,     44.0,     46.0,    135.0,  9, 10, 11,  9,      80037,      80037,      80037,      80037
22,    3194467,     24.0,     23.0,     24.0,     73.0,  9, 10, 11, 10,    2663327,    2663327,    2663327,    2663327
22,    3194502,     23.0,     23.0,     23.0,     72.0,  9, 10, 11, 10,    2663340,    2663340,    2663340,    2663340
22,    3831482,     43.0,     44.0,     46.0,    134.0,  9, 10, 11,  9,      80037,      80037,      80037,      80037
22,    3831483,     43.0,     44.0,     46.0,    135.0,  9, 10, 11,  9,      80037,      80037,      80037,      80037
22,    2537242,     37.0,     38.0,     38.0,    115.0,  9, 10, 11,  9,    2403046,    2403046,    2403046,    2403046
22,    2574775,     36.0,     38.0,     37.0,    114.0,  9, 10, 11,  9,    2403046,    2403046,    2403046,    2403046
22,    2574794,     36.0,     38.0,     37.0,    114.0,  9, 10, 11,  9,    2403046,    2403046,    2403046,    2403046
22,      43455,     35.0,     37.0,     36.0,    113.0,  9, 10, 11,  9,    2403046,    2403046,    2403046,    2403046
22,      43456,     36.0,     37.0,     37.0,    114.0,  9, 10, 11,  9,    2403046,    2403046,    2403046,    2403046
22,    2575174,     36.0,     37.0,     37.0,    113.0,  9, 10, 11,  9,    2403046,    2403046,    2403046,    2403046
22,    2575228,     51.0,     52.0,     51.0,    159.0,  9, 10, 11,  9,      80093,      80093,      80093,      80093
22,    2575231,     51.0,     52.0,     52.0,    159.0,  9, 10, 11,  9,      80093,      80093,      80093,      80093
22,      44293,     51.0,     52.0,     52.0,    159.0,  9, 10, 11,  9,      80093,      80093,      80093,      80093
22,    2524922,     51.0,     52.0,     52.0,    159.0,  9, 10, 11,  9,      80093,      80093,      80093,      80093
22,    2575371,     51.0,     52.0,     52.0,    160.0,  9, 10, 11,  9,      80093,      80093,      80093,      80093
22,    2575422,     52.0,     53.0,     53.0,    161.0,  9, 10, 11,  9,      80093,      80093,      80093,      80093
22,    2575448,     52.0,     53.0,     53.0,    160.0,  9, 10, 11,  9,      80093,      80093,      80093,      80093
22,    2575544,     51.0,     52.0,     52.0,    158.0,  9, 10, 11,  9,      80093,      80093,      80093,      80093
22,    2575568,     50.0,     51.0,     51.0,    157.0,  9, 10, 11,  9,      80093,      80093,      80093,      80093
22,    3191763,     24.0,     24.0,     24.0,     74.0,  9, 10, 11,  9,    2662631,    2662631,    2662631,    2662631
22,    3191784,     24.0,     24.0,     24.0,     74.0,  9, 10, 11,  9,    2662638,    2662638,    2662638,    2662638
22,    3193967,     24.0,     24.0,     23.0,     72.0,  9, 10, 11, 11,    2663149,    2663149,    2663149,    2663149
22,    3193988,     24.0,     24.0,     24.0,     73.0,  9, 10, 11,  9,    2663160,    2663160,    2663160,    2663160
22,    3191771,     24.0,     24.0,     24.0,     74.0,  9, 10, 11,  9,    2662635,    2662635,    2662635,    2662635
22,    3191776,     24.0,     24.0,     24.0,     74.0,  9, 10, 11,  9,    2662636,    2662636,    2662636,    2662636
22,    3191794,     24.0,     24.0,     24.0,     73.0,  9, 10, 11, 10,    2662640,    2662640,    2662640,    2662640
22,    3194096,     24.0,     24.0,     24.0,     73.0,  9, 10, 11, 11,    2663196,    2663196,    2663196,    2663196
22,    3194145,     24.0,     24.0,     24.0,     73.0,  9, 10, 11, 10,    2663208,    2663208,    2663208,    2663208
22,    3194443,     23.0,     23.0,     24.0,     73.0,  9, 10, 11,  9,    2663321,    2663321,    2663321,    2663321
22,    2577330,     49.0,     49.0,     49.0,    150.0,  9, 10, 11,  9,      80010,      80010,      80010,      80010
22,    2525031,     18.0,     18.0,     18.0,     56.0,  9, 10, 11,  9,    2372196,    2372196,    2372196,    2372196
22,    2577380,     49.0,     49.0,     48.0,    149.0,  9, 10, 12,  9,      80010,      80010,      80010,      80010
22,      44300,     24.0,     24.0,     24.0,     74.0,  9, 10, 11,  9,      80125,      80125,      80125,      80125
22,    3195095,     24.0,     24.0,     24.0,     74.0,  9, 10, 11,  9,      80125,      80125,      80125,      80125
22,    2525046,     18.0,     18.0,     18.0,     55.0,  9, 10, 11,  9,    2372220,    2372220,    2372220,    2372220
22,      43451,     38.0,     39.0,     39.0,    117.0,  9, 10, 11,  9,    2403046,    2403046,    2403046,    2403046
22,    2577532,     38.0,     39.0,     39.0,    117.0,  9, 10, 11,  9,    2403046,    2403046,    2403046,    2403046
22,    2577530,     38.0,     39.0,     39.0,    117.0,  9, 10, 11,  9,    2403046,    2403046,    2403046,    2403046
22,    2577535,     38.0,     39.0,     39.0,    117.0,  9, 10, 11,  9,    2403046,    2403046,    2403046,    2403046
22,    1119992,     54.0,     55.0,     55.0,    165.0,  9, 10, 11,  9,    1344976,    1344976,    1344976,    1344976
22,    2525133,     24.0,     24.0,     24.0,     75.0,  9, 10, 11,  9,    2372261,    2372261,    2372261,    2372261
22,    1120085,     62.0,     62.0,     62.0,    194.0,  9, 10, 11,  9,    1345020,    1345020,    1345020,    1345020
22,    2537247,     15.0,     16.0,     17.0,     47.0,  9, 10, 11,  9,    2381222,    2381222,    2381222,    2381222
22,    3194006,     18.0,     18.0,     18.0,     55.0,  9, 10, 11,  9,    2663165,    2663165,    2663165,    2663165
22,    2614724,     47.0,     47.0,     47.0,    146.0,  9, 10, 11,  9,      80010,      80010,      80010,      80010
22,    3191508,     24.0,     24.0,     24.0,     73.0,  9, 10, 11,  9,    2662556,    2662556,    2662556,    2662556
22,    3191539,     18.0,     18.0,     18.0,     55.0,  9, 10, 11,  9,    2662563,    2662563,    2662563,    2662563
22,    3191564,     24.0,     24.0,     24.0,     74.0,  9, 10, 11, 10,    2662571,    2662571,    2662571,    2662571
22,    3191586,     18.0,     18.0,     18.0,     55.0,  9, 10, 11,  9,    2662577,    2662577,    2662577,    2662577
22,    3191610,     18.0,     18.0,     18.0,     55.0,  9, 10, 11, 10,    2662587,    2662587,    2662587,    2662587
22,    3191685,     24.0,     24.0,     24.0,     74.0,  9, 10, 11,  9,    2662602,    2662602,    2662602,    2662602
22,    3191706,     18.0,     18.0,     18.0,     55.0,  9, 10, 11,  9,    2662608,    2662608,    2662608,    2662608
22,    3191744,     18.0,     18.0,     18.0,     55.0,  9, 10, 11,  9,    2662618,    2662618,    2662618,    2662618
22,    3191738,     18.0,     18.0,     18.0,     55.0,  9, 10, 11,  9,    2662617,    2662617,    2662617,    2662617
22,    3191755,     24.0,     24.0,     24.0,     75.0,  9, 10, 11,  9,    2662628,    2662628,    2662628,    2662628
22,    3194140,     24.0,     23.0,     24.0,     73.0,  9, 10, 11, 10,    2663207,    2663207,    2663207,    2663207
22,    3280980,     23.0,     23.0,     23.0,     72.0,  9, 10, 11,  9,    2687841,    2687841,    2687841,    2687841
22,    3446393,     24.0,     24.0,     24.0,     75.0,  9, 10, 11,  9,    2742763,    2742763,    2742763,    2742763
22,    3579600,     53.0,     53.0,     53.0,    161.0,  9, 10, 11,  9,      80093,      80093,      80093,      80093
22,    3622002,     42.0,     41.0,     43.0,    127.0,  9, 10, 11, 10,    2201249,    2201249,    2201249,    2201249
22,    4075278,     44.0,     42.0,     44.0,    128.0,  9, 10, 11, 10,    2201249,    2201249,    2201249,    2201249
22,    4075353,     44.0,     42.0,     44.0,    128.0,  9, 10, 11, 10,    2201249,    2201249,    2201249,    2201249
23,      44255,     18.0,     18.0,     18.0,     55.0,  9, 10, 11,  9,      80015,      80015,      80015,      80015
23,    2573776,     48.0,     48.0,     47.0,    148.0,  9, 10, 12,  9,      80010,      80010,      80010,      80010
23,    2573791,     47.0,     47.0,     47.0,    147.0,  9, 10, 11, 10,      80010,      80010,      80010,      80010
23,    2573831,     47.0,     47.0,     47.0,    147.0,  9, 10, 11,  9,      80010,      80010,      80010,      80010
23,    2573943,     47.0,     47.0,     47.0,    147.0,  9, 10, 11,  9,      80010,      80010,      80010,      80010
23,    2614720,     46.0,     46.0,     46.0,    146.0,  9, 10, 11,  9,      80010,      80010,      80010,      80010
23,    2574035,     46.0,     46.0,     46.0,    145.0,  9, 10, 11,  9,      80010,      80010,      80010,      80010
23,    2574144,     46.0,     46.0,     46.0,    145.0,  9, 10, 11,  9,      80010,      80010,      80010,      80010
23,    2574617,     46.0,     46.0,     46.0,    145.0,  9, 10, 11,  9,      80010,      80010,      80010,      80010
23,    3194731,     23.0,     23.0,     23.0,     73.0,  9, 10, 11,  9,    2663390,    2663390,    2663390,    2663390
23,    3194751,     23.0,     23.0,     23.0,     73.0,  9, 10, 11,  9,    2663397,    2663397,    2663397,    2663397
23,    3194737,     23.0,     23.0,     23.0,     72.0,  9, 10, 11, 10,    2401769,    2401769,    2401769,    2401769
23,    3194626,     23.0,     23.0,     23.0,     73.0,  9, 10, 11,  9,    2663364,    2663364,    2663364,    2663364
23,    3194097,     18.0,     18.0,     18.0,     55.0,  9, 10, 11,  9,    2372116,    2372116,    2372116,    2372116
23,    3194110,     18.0,     18.0,     18.0,     55.0,  9, 10, 11,  9,    2663201,    2663201,    2663201,    2663201
23,    3194050,     24.0,     24.0,     24.0,     74.0,  9, 10, 11,  9,    2663181,    2663181,    2663181,    2663181
23,    3194071,     17.0,     17.0,     17.0,     54.0,  9, 10, 11, 11,      80086,      80086,      80086,      80086
23,     933929,     46.0,     46.0,     46.0,    146.0,  9, 10, 11,  9,    1211140,    1211140,    1211140,    1211140
23,     933924,     45.0,     46.0,     47.0,    142.0,  9, 10, 11,  9,    1211137,    1211137,    1211137,    1211137
23,    3194526,     23.0,     23.0,     23.0,     73.0,  9, 10, 11,  9,    2663347,    2663347,    2663347,    2663347
23,    3194541,     23.0,     23.0,     23.0,     73.0,  9, 10, 11,  9,    2663354,    2663354,    2663354,    2663354
23,      44304,     24.0,     24.0,     24.0,     74.0,  9, 10, 11,  9,      80125,      80125,      80125,      80125
23,    3194638,     41.0,     39.0,     40.0,    126.0,  9, 10, 11, 10,    2201249,    2201249,    2201249,    2201249
23,      43457,     36.0,     39.0,     37.0,    115.0,  9, 10, 11,  9,    2403046,    2403034,    2403046,    2403046
23,    2576524,     38.0,     41.0,     39.0,    118.0,  9, 10, 11,  9,    2403046,    2403046,    2403046,    2403046
23,    1406046,     38.0,     36.0,     38.0,    118.0,  1,  2,  3,  2,     649576,    1406046,     649576,    1406046
23,    3419144,     17.0,     16.0,     17.0,     51.0,  9, 10, 11, 10,    1211181,    1211181,    1211181,    1211181
23,    3194448,     24.0,     23.0,     24.0,     73.0,  9, 10, 11, 10,    2663323,    2663323,    2663323,    2663323
23,    3195024,     45.0,     45.0,     45.0,    145.0,  9, 10, 11,  9,      80010,      80010,      80010,      80010
23,    1405960,     23.0,     23.0,     23.0,     73.0,  9, 10, 11, 11,    1523921,    1523921,    1523921,    1523921
23,    3194851,     45.0,     45.0,     45.0,    144.0,  9, 10, 11,  9,      80010,      80010,      80010,      80010
23,    2614721,     47.0,     47.0,     47.0,    146.0,  9, 10, 11,  9,      80010,      80010,      80010,      80010
23,     649581,     40.0,     38.0,     39.0,    125.0,  1,  2, 11,  2,     649581,     649581,    2201249,     649581
23,    3194708,     23.0,     23.0,     23.0,     73.0,  9, 10, 11,  9,    2663385,    2663385,    2663385,    2663385
23,    2579329,     53.0,     54.0,     54.0,    166.0,  9, 10, 11,  9,      80093,      80093,      80093,      80093
23,    2538885,     43.0,     43.0,     45.0,    135.0,  9, 10, 11,  9,      80037,      80037,      80037,      80037
23,    1203904,     41.0,     39.0,     40.0,    126.0,  9, 10, 11, 10,    2201249,    2201249,    2201249,    2201249
23,    3194458,     23.0,     23.0,     23.0,     72.0,  9, 10, 11, 10,    2663325,    2663325,    2663325,    2663325
23,    2239329,     24.0,     24.0,     24.0,     74.0,  9, 10, 11,  9,      80125,      80125,      80125,      80125
23,    2524843,     44.0,     44.0,     45.0,    137.0,  9, 10, 12,  9,      80037,      80037,    2371971,      80037
23,    2524851,     44.0,     44.0,     46.0,    137.0,  9, 10, 11, 10,      80037,      80037,      80037,      80037
23,    3194467,     24.0,     24.0,     24.0,     73.0,  9, 10, 11, 10,    2663327,    2663327,    2663327,    2663327
23,    3194502,     23.0,     23.0,     23.0,     72.0,  9, 10, 11, 10,    2663340,    2663340,    2663340,    2663340
23,    3831482,     44.0,     44.0,     46.0,    137.0,  9, 10, 11,  9,      80037,      80037,      80037,      80037
23,    3831483,     44.0,     44.0,     46.0,    137.0,  9, 10, 11, 10,      80037,      80037,      80037,      80037
23,    2537242,     37.0,     40.0,     38.0,    117.0,  9, 10, 11,  9,    2403046,    2403046,    2403046,    2403046
23,    2574775,     37.0,     39.0,     38.0,    116.0,  9, 10, 11,  9,    2403046,    2403046,    2403046,    2403046
23,    2574794,     37.0,     39.0,     38.0,    116.0,  9, 10, 11,  9,    2403046,    2403046,    2403046,    2403046
23,      43455,     36.0,     38.0,     36.0,    114.0,  9, 10, 11,  9,    2403046,    2403046,    2403046,    2403046
23,      43456,     36.0,     39.0,     37.0,    115.0,  9, 10, 11,  9,    2403046,    2403046,    2403046,    2403046
23,    2575174,     36.0,     39.0,     37.0,    115.0,  9, 10, 11,  9,    2403046,    2403046,    2403046,    2403046
23,    2575228,     53.0,     54.0,     54.0,    167.0,  9, 10, 11,  9,      80093,      80093,      80093,      80093
23,    2575231,     54.0,     54.0,     54.0,    167.0,  9, 10, 11,  9,      80093,      80093,      80093,      80093
23,      44293,     54.0,     54.0,     54.0,    167.0,  9, 10, 11,  9,      80093,      80093,      80093,      80093
23,    2524922,     54.0,     54.0,     54.0,    167.0,  9, 10, 11,  9,      80093,      80093,      80093,      80093
23,    2575371,     54.0,     55.0,     55.0,    168.0,  9, 10, 11,  9,      80093,      80093,      80093,      80093
23,    2575422,     55.0,     56.0,     56.0,    169.0,  9, 10, 11,  9,      80093,      80093,      80093,      80093
23,    2575448,     54.0,     55.0,     55.0,    168.0,  9, 10, 11,  9,      80093,      80093,      80093,      80093
23,    2575544,     53.0,     54.0,     54.0,    167.0,  9, 10, 11,  9,      80093,      80093,      80093,      80093
23,    2575568,     53.0,     54.0,     54.0,    166.0,  9, 10, 11,  9,      80093,      80093,      80093,      80093
23,    3191763,     24.0,     24.0,     24.0,     74.0,  9, 10, 11,  9,    2662631,    2662631,    2662631,    2662631
23,    3191784,     24.0,     24.0,     24.0,     73.0,  9, 10, 11, 11,    2662638,    2662638,    2662638,    2662638
23,    3193967,     24.0,     24.0,     23.0,     70.0,  9, 10, 11, 11,    2663149,    2663149,    2663149,    2663149
23,    3193988,     24.0,     24.0,     24.0,     73.0,  9, 10, 11,  9,    2663160,    2663160,    2663160,    2663160
23,    3191771,     24.0,     24.0,     24.0,     74.0,  9, 10, 11,  9,    2662635,    2662635,    2662635,    2662635
23,    3191776,     24.0,     24.0,     24.0,     74.0,  9, 10, 11,  9,    2662636,    2662636,    2662636,    2662636
23,    3191794,     24.0,     24.0,     24.0,     73.0,  9, 10, 11, 10,    2662640,    2662640,    2662640,    2662640
23,    3194096,     24.0,     24.0,     23.0,     73.0,  9, 10, 11, 11,    2663196,    2663196,    2663196,    2663196
23,    3194145,     24.0,     24.0,     24.0,     74.0,  9, 10, 11,  9,    2663208,    2663208,    2663208,    2663208
23,    3194443,     24.0,     23.0,     24.0,     73.0,  9, 10, 11, 10,    2663321,    2663321,    2663321,    2663321
23,    2577330,     49.0,     49.0,     49.0,    150.0,  9, 10, 11,  9,      80010,      80010,      80010,      80010
23,    2525031,     18.0,     18.0,     18.0,     56.0,  9, 10, 11,  9,    2372196,    2372196,    2372196,    2372196
23,    2577380,     49.0,     49.0,     48.0,    149.0,  9, 10, 12,  9,      80010,      80010,      80010,      80010
23,      44300,     24.0,     24.0,     24.0,     74.0,  9, 10, 11,  9,      80125,      80125,      80125,      80125
23,    3195095,     24.0,     24.0,     24.0,     74.0,  9, 10, 11,  9,      80125,      80125,      80125,      80125
23,    2525046,     18.0,     18.0,     18.0,     55.0,  9, 10, 11,  9,    2372220,    2372220,    2372220,    2372220
23,      43451,     38.0,     41.0,     39.0,    118.0,  9, 10, 11,  9,    2403046,    2403046,    2403046,    2403046
23,    2577532,     39.0,     41.0,     39.0,    119.0,  9, 10, 11,  9,    2403046,    2403046,    2403046,    2403046
23,    2577530,     39.0,     41.0,     39.0,    119.0,  9, 10, 11,  9,    2403046,    2403046,    2403046,    2403046
23,    2577535,     39.0,     41.0,     39.0,    119.0,  9, 10, 11,  9,    2403046,    2403046,    2403046,    2403046
23,    1119992,     54.0,     57.0,     55.0,    166.0,  9, 10, 11,  9,    1344976,    1344976,    1344976,    1344976
23,    2525133,     24.0,     24.0,     24.0,     74.0,  9, 10, 11,  9,    2372261,    2372261,    2372261,    2372261
23,    1120085,     62.0,     62.0,     62.0,    194.0,  9, 10, 11,  9,    1345020,    1345020,    1345020,    1345020
23,    2537247,     15.0,     17.0,     17.0,     48.0,  9, 10, 11,  9,    2381222,    2381222,    2381222,    2381222
23,    3194006,     18.0,     18.0,     18.0,     55.0,  9, 10, 11,  9,    2663165,    2663165,    2663165,    2663165
23,    2614724,     47.0,     47.0,     47.0,    146.0,  9, 10, 11,  9,      80010,      80010,      80010,      80010
23,    3191508,     24.0,     24.0,     24.0,     72.0,  9, 10, 11,  9,    2662556,    2662556,    2662556,    2662556
23,    3191539,     17.0,     18.0,     18.0,     54.0,  9, 10, 11,  9,    2662563,    2662563,    2662563,    2662563
23,    3191564,     24.0,     24.0,     24.0,     74.0,  9, 10, 11, 10,    2662571,    2662571,    2662571,    2662571
23,    3191586,     18.0,     18.0,     18.0,     55.0,  9, 10, 11,  9,    2662577,    2662577,    2662577,    2662577
23,    3191610,     18.0,     18.0,     18.0,     55.0,  9, 10, 11, 10,    2662587,    2662587,    2662587,    2662587
23,    3191685,     24.0,     24.0,     24.0,     74.0,  9, 10, 11,  9,    2662602,    2662602,    2662602,    2662602
23,    3191706,     18.0,     18.0,     18.0,     55.0,  9, 10, 11,  9,    2662608,    2662608,    2662608,    2662608
23,    3191744,     18.0,     18.0,     18.0,     55.0,  9, 10, 11,  9,    2662618,    2662618,    2662618,    2662618
23,    3191738,     18.0,     18.0,     18.0,     55.0,  9, 10, 11,  9,    2662617,    2662617,    2662617,    2662617
23,    3191755,     24.0,     24.0,     24.0,     75.0,  9, 10, 11,  9,    2662628,    2662628,    2662628,    2662628
23,    3194140,     24.0,     23.0,     24.0,     73.0,  9, 10, 11, 10,    2663207,    2663207,    2663207,    2663207
23,    3280980,     23.0,     23.0,     23.0,     72.0,  9, 10, 11, 10,    2687841,    2687841,    2687841,    2687841
23,    3446393,     24.0,     24.0,     24.0,     75.0,  9, 10, 11,  9,    2742763,    2742763,    2742763,    2742763
23,    3579600,     55.0,     56.0,     56.0,    170.0,  9, 10, 11,  9,      80093,      80093,      80093,      80093
23,    3622002,     43.0,     42.0,     42.0,    131.0,  9, 10, 11, 10,    2201249,    2201249,    2201249,    2201249
23,    4075278,     45.0,     43.0,     44.0,    133.0,  9, 10, 11, 10,    2201249,    2201249,    2201249,    2201249
23,    4075353,     45.0,     43.0,     44.0,    133.0,  9, 10, 11, 10,    2201249,    2201249,    2201249,    2201249
24,      44255,     19.0,     19.0,     19.0,     58.0,  9, 10, 11,  9,      80015,      80015,      80015,      80015
24,    2573776,     53.0,     53.0,     53.0,    156.0,  9, 10, 11,  9,      80010,      80010,      80010,      80010
24,    2573791,     53.0,     53.0,     53.0,    156.0,  9, 10, 11,  9,      80010,      80010,      80010,      80010
24,    2573831,     53.0,     53.0,     53.0,    156.0,  9, 10, 11,  9,      80010,      80010,      80010,      80010
24,    2573943,     54.0,     54.0,     54.0,    157.0,  9, 10, 11,  9,      80010,      80010,      80010,      80010
24,    2614720,     54.0,     54.0,     54.0,    158.0,  9, 10, 11,  9,      80010,      80010,      80010,      80010
24,    2574035,     54.0,     54.0,     54.0,    158.0,  9, 10, 11,  9,      80010,      80010,      80010,      80010
24,    2574144,     54.0,     54.0,     54.0,    158.0,  9, 10, 11,  9,      80010,      80010,      80010,      80010
24,    2574617,     55.0,     55.0,     55.0,    159.0,  9, 10, 11,  9,      80010,      80010,      80010,      80010
24,    3194731,     27.0,     26.0,     26.0,     78.0,  9, 10, 11,  9,    2663390,    2663390,    2663390,    2663390
24,    3194751,     27.0,     26.0,     26.0,     78.0,  9, 10, 11,  9,    2663397,    2663397,    2663397,    2663397
24,    3194737,     27.0,     27.0,     27.0,     78.0,  9, 10, 11,  9,    2401769,    2401769,    2401769,    2401769
24,    3194626,     26.0,     26.0,     26.0,     77.0,  9, 10, 11, 10,    2663364,    2663364,    2663364,    2663364
24,    3194097,     19.0,     19.0,     19.0,     58.0,  9, 10, 11,  9,    2372116,    2372116,    2372116,    2372116
24,    3194110,     19.0,     19.0,     19.0,     58.0,  9, 10, 11,  9,    2663201,    2663201,    2663201,    2663201
24,    3194050,     26.0,     26.0,     26.0,     77.0,  9, 10, 11,  9,    2663181,    2663181,    2663181,    2663181
24,    3194071,     20.0,     20.0,     20.0,     59.0,  9, 10, 11,  9,      80086,      80086,      80086,      80086
24,     933929,     57.0,     57.0,     57.0,    168.0, 12, 12, 12, 11,    1211140,    1211140,    1211140,    1211140
24,     933924,     57.0,     56.0,     57.0,    167.0, 12, 12, 12,  9,    1211137,    1211137,    1211137,    1211137
24,    3194526,     26.0,     26.0,     26.0,     77.0,  9, 10, 11, 10,    2663347,    2663347,    2663347,    2663347
24,    3194541,     26.0,     26.0,     26.0,     78.0,  9, 10, 11,  9,    2663354,    2663354,    2663354,    2663354
24,      44304,     26.0,     26.0,     26.0,     78.0,  9, 10, 11,  9,      80125,      80125,      80125,      80125
24,    3194638,     53.0,     56.0,     54.0,    153.0,  4,  5,  6,  4,    3194638,    3194638,    3194638,    3194638
24,      43457,     54.0,     54.0,     53.0,    161.0, 12, 12, 12,  9,      78211,      78211,      78207,      78211
24,    2576524,     52.0,     52.0,     51.0,    156.0, 12, 12, 12,  9,    2402599,    2402599,      78207,    2402599
24,    1406046,     47.0,     49.0,     47.0,    133.0,  4,  5,  6,  4,     649576,     649576,    1406046,    1406046
24,    3419144,     20.0,     20.0,     18.0,     59.0,  9, 10, 12, 11,    1211181,    1211181,    1211181,    1211181
24,    3194448,     26.0,     26.0,     26.0,     77.0,  9, 10, 11,  9,    2663323,    2663323,    2663323,    2663323
24,    3195024,     55.0,     55.0,     55.0,    159.0,  9, 10, 11,  9,      80010,      80010,      80010,      80010
24,    1405960,     26.0,     26.0,     26.0,     78.0,  9, 10, 11,  9,    1523921,    1523921,    1523921,    1523921
24,    3194851,     55.0,     55.0,     55.0,    159.0,  9, 10, 11,  9,      80010,      80010,      80010,      80010
24,    2614721,     54.0,     54.0,     54.0,    157.0,  9, 10, 11,  9,      80010,      80010,      80010,      80010
24,     649581,     49.0,     51.0,     50.0,    141.0,  4,  5,  6,  4,     649581,     649581,     649581,     649581
24,    3194708,     26.0,     26.0,     26.0,     78.0,  9, 10, 11,  9,    2663385,    2663385,    2663385,    2663385
24,    2579329,     71.0,     70.0,     71.0,    226.0, 12, 12, 12,  9,      80093,      80093,      80093,      80093
24,    2538885,     53.0,     53.0,     53.0,    158.0, 12, 12, 12,  9,    2879851,      80037,    2879852,    2201241
24,    1203904,     54.0,     57.0,     55.0,    157.0, 12,  5, 12,  4,    2201249,    1203904,    2201249,    1203904
24,    3194458,     26.0,     26.0,     26.0,     78.0, 12, 10, 11,  9,    2663325,    2663325,    2663325,    2663325
24,    2239329,     26.0,     26.0,     26.0,     77.0,  9, 10, 11,  9,      80125,      80125,      80125,      80125
24,    2524843,     53.0,     50.0,     53.0,    157.0, 12, 12, 11, 11,      80037,    2371971,    2371971,    2371971
24,    2524851,     53.0,     49.0,     53.0,    159.0, 12, 12, 12, 11,      80037,    2371975,      80037,    2371975
24,    3194467,     26.0,     26.0,     26.0,     77.0,  9, 10, 11,  9,    2663327,    2663327,    2663327,    2663327
24,    3194502,     26.0,     26.0,     26.0,     77.0,  9, 10, 11, 11,    2663340,    2663340,    2663340,    2663340
24,    3831482,     52.0,     52.0,     51.0,    156.0, 12, 12, 12,  9,    2879851,      80037,    2879852,    2879851
24,    3831483,     52.0,     52.0,     51.0,    157.0, 12, 12, 12, 11,    2879852,      80037,    2879852,    2879852
24,    2537242,     54.0,     53.0,     51.0,    177.0, 12, 12, 12, 11,      78207,    2403033,      78207,    2381221
24,    2574775,     54.0,     53.0,     52.0,    171.0, 12, 12, 12,  9,    2401788,    2401788,      78207,    2401788
24,    2574794,     54.0,     53.0,     52.0,    163.0, 12, 12, 12,  9,    2401788,    2401788,      78207,    2401794
24,      43455,     55.0,     54.0,     53.0,    162.0, 12, 12, 12,  9,      78211,    2401788,      78207,      78211
24,      43456,     54.0,     53.0,     52.0,    158.0, 12, 12, 12,  9,      78211,    2401788,      78207,      78222
24,    2575174,     54.0,     54.0,     53.0,    161.0, 12, 12, 12,  9,      78211,      78211,      78207,      78211
24,    2575228,     71.0,     70.0,     71.0,    227.0, 12, 12, 12,  9,      80093,      80093,      80093,      80093
24,    2575231,     71.0,     70.0,     71.0,    226.0, 12, 12, 12,  9,      80093,      80093,      80093,      80093
24,      44293,     71.0,     70.0,     71.0,    226.0, 12, 12, 12,  9,      80093,      80093,      80093,      80093
24,    2524922,     71.0,     70.0,     71.0,    226.0, 12, 12, 12,  9,      80093,      80093,      80093,      80093
24,    2575371,     70.0,     69.0,     70.0,    225.0, 12, 12, 12,  9,      80093,      80093,      80093,      80093
24,    2575422,     69.0,     68.0,     69.0,    223.0, 12, 12, 12,  9,      80093,      80093,      80093,      80093
24,    2575448,     70.0,     69.0,     70.0,    224.0, 12, 12, 12,  9,      80093,      80093,      80093,      80093
24,    2575544,     71.0,     70.0,     71.0,    225.0, 12, 12, 12,  9,      80093,      80093,      80093,      80093
24,    2575568,     72.0,     70.0,     71.0,    227.0, 12, 12, 12,  9,      80093,      80093,      80093,      80093
24,    3191763,     26.0,     26.0,     25.0,     77.0,  9, 10, 12,  9,    2662631,    2662631,    2662631,    2662631
24,    3191784,     26.0,     25.0,     26.0,     80.0, 12, 12, 12, 10,    2662638,    2662638,    2662638,    2662638
24,    3193967,     26.0,     25.0,     26.0,     77.0,  9, 12, 11,  9,    2663149,    2663149,    2663149,    2663149
24,    3193988,     26.0,     26.0,     26.0,     78.0,  9, 10, 11,  9,    2663160,    2663160,    2663160,    2663160
24,    3191771,     26.0,     26.0,     26.0,     77.0,  9, 10, 11,  9,    2662635,    2662635,    2662635,    2662635
24,    3191776,     26.0,     26.0,     26.0,     77.0,  9, 10, 11,  9,    2662636,    2662636,    2662636,    2662636
24,    3191794,     26.0,     26.0,     26.0,     77.0,  9, 10, 11,  9,    2662640,    2662640,    2662640,    2662640
24,    3194096,     26.0,     26.0,     26.0,     77.0,  9, 10, 11,  9,    2663196,    2663196,    2663196,    2663196
24,    3194145,     26.0,     26.0,     26.0,     77.0,  9, 10, 11,  9,    2663208,    2663208,    2663208,    2663208
24,    3194443,     26.0,     26.0,     26.0,     77.0,  9, 10, 11, 10,    2663321,    2663321,    2663321,    2663321
24,    2577330,     52.0,     51.0,     52.0,    154.0,  9, 12, 11,  9,      80010,      80010,      80010,      80010
24,    2525031,     19.0,     19.0,     19.0,     57.0,  9, 10, 11,  9,    2372196,    2372196,    2372196,    2372196
24,    2577380,     52.0,     52.0,     52.0,    154.0,  9, 10, 11,  9,      80010,      80010,      80010,      80010
24,      44300,     26.0,     26.0,     26.0,     77.0,  9, 10, 11,  9,      80125,      80125,      80125,      80125
24,    3195095,     26.0,     26.0,     26.0,     77.0,  9, 10, 11,  9,      80125,      80125,      80125,      80125
24,    2525046,     19.0,     19.0,     19.0,     58.0,  9, 10, 11,  9,    2372220,    2372220,    2372220,    2372220
24,      43451,     52.0,     52.0,     50.0,    154.0,  9, 10, 12,  9,      78208,      78208,      78207,      78208
24,    2577532,     53.0,     52.0,     50.0,    177.0, 12, 12, 12, 11,    2403033,    2403033,    2403033,    2403033
24,    2577530,     53.0,     52.0,     50.0,    177.0, 12, 12, 12, 11,    2403034,    2403034,    2403034,    2403034
24,    2577535,     53.0,     52.0,     50.0,    181.0, 12, 12, 12,  9,    2403046,    2403046,    2403046,    2403046
24,    1119992,     69.0,     69.0,     67.0,    204.0,  9, 12, 12,  9,    1344979,    1344976,    1344976,    1344979
24,    2525133,     25.0,     25.0,     25.0,     76.0,  9, 10, 11,  9,    2372261,    2372261,    2372261,    2372261
24,    1120085,     71.0,     71.0,     71.0,    207.0,  9, 10, 11,  9,    1345020,    1345020,    1345020,    1345020
24,    2537247,     20.0,     20.0,     17.0,     59.0, 12, 12, 12, 11,    2381222,    2381222,    2381222,    2381222
24,    3194006,     19.0,     19.0,     19.0,     58.0,  9, 10, 11,  9,    2663165,    2663165,    2663165,    2663165
24,    2614724,     54.0,     54.0,     54.0,    157.0,  9, 10, 11,  9,      80010,      80010,      80010,      80010
24,    3191508,     26.0,     26.0,     24.0,     77.0,  9, 10, 12, 10,    2662556,    2662556,    2662556,    2662556
24,    3191539,     20.0,     19.0,     18.0,     57.0,  9, 10, 12, 10,    2662563,    2662563,    2662563,    2662563
24,    3191564,     25.0,     25.0,     25.0,     76.0,  9, 10, 11, 10,    2662571,    2662571,    2662571,    2662571
24,    3191586,     19.0,     19.0,     19.0,     58.0,  9, 10, 11,  9,    2662577,    2662577,    2662577,    2662577
24,    3191610,     19.0,     19.0,     19.0,     58.0,  9, 10, 11,  9,    2662587,    2662587,    2662587,    2662587
24,    3191685,     26.0,     25.0,     26.0,     77.0,  9, 12, 11,  9,    2662602,    2662602,    2662602,    2662602
24,    3191706,     19.0,     19.0,     19.0,     57.0,  9, 10, 11, 10,    2662608,    2662608,    2662608,    2662608
24,    3191744,     19.0,     19.0,     19.0,     58.0,  9, 10, 11,  9,    2662618,    2662618,    2662618,    2662618
24,    3191738,     19.0,     19.0,     19.0,     58.0,  9, 10, 11,  9,    2662617,    2662617,    2662617,    2662617
24,    3191755,     25.0,     25.0,     25.0,     76.0,  9, 10, 11,  9,    2662628,    2662628,    2662628,    2662628
24,    3194140,     26.0,     26.0,     26.0,     77.0,  9, 10, 11,  9,    2663207,    2663207,    2663207,    2663207
24,    3280980,     26.0,     26.0,     26.0,     78.0, 12, 10, 11, 10,    2687841,    2687841,    2687841,    2687841
24,    3446393,     25.0,     25.0,     25.0,     76.0,  9, 10, 11,  9,    2742763,    2742763,    2742763,    2742763
24,    3579600,     69.0,     68.0,     69.0,    222.0, 12, 12, 12,  9,      80093,      80093,      80093,      80093
24,    3622002,     52.0,     55.0,     53.0,    162.0, 12, 12, 12,  9,    2201249,    2201249,    2201249,    2855783
24,    4075278,     50.0,     53.0,     51.0,    167.0, 12, 12, 12,  9,    2201249,    2201249,    2201249,    2201249
24,    4075353,     50.0,     53.0,     51.0,    160.0, 12, 12, 12,  9,    2201249,    2201249,    2201249,    2944141
25,      44255,     19.0,     19.0,     19.0,     58.0,  9, 10, 11,  9,      80015,      80015,      80015,      80015
25,    2573776,     53.0,     53.0,     53.0,    156.0,  9, 10, 11,  9,      80010,      80010,      80010,      80010
25,    2573791,     53.0,     53.0,     53.0,    156.0,  9, 10, 11,  9,      80010,      80010,      80010,      80010
25,    2573831,     53.0,     53.0,     53.0,    156.0,  9, 10, 11,  9,      80010,      80010,      80010,      80010
25,    2573943,     54.0,     54.0,     54.0,    157.0,  9, 10, 11,  9,      80010,      80010,      80010,      80010
25,    2614720,     54.0,     54.0,     54.0,    158.0,  9, 10, 11,  9,      80010,      80010,      80010,      80010
25,    2574035,     54.0,     54.0,     54.0,    158.0,  9, 10, 11,  9,      80010,      80010,      80010,      80010
25,    2574144,     54.0,     54.0,     54.0,    158.0,  9, 10, 11,  9,      80010,      80010,      80010,      80010
25,    2574617,     55.0,     55.0,     55.0,    158.0,  9, 10, 11, 11,      80010,      80010,      80010,      80010
25,    3194731,     26.0,     26.0,     26.0,     78.0,  9, 10, 11,  9,    2663390,    2663390,    2663390,    2663390
25,    3194751,     26.0,     26.0,     26.0,     78.0,  9, 10, 11,  9,    2663397,    2663397,    2663397,    2663397
25,    3194737,     27.0,     27.0,     27.0,     78.0,  9, 10, 11,  9,    2401769,    2401769,    2401769,    2401769
25,    3194626,     26.0,     26.0,     26.0,     77.0,  9, 10, 11, 10,    2663364,    2663364,    2663364,    2663364
25,    3194097,     19.0,     19.0,     19.0,     58.0,  9, 10, 11,  9,    2372116,    2372116,    2372116,    2372116
25,    3194110,     19.0,     19.0,     19.0,     58.0,  9, 10, 11,  9,    2663201,    2663201,    2663201,    2663201
25,    3194050,     26.0,     26.0,     26.0,     77.0,  9, 10, 11,  9,    2663181,    2663181,    2663181,    2663181
25,    3194071,     20.0,     20.0,     20.0,     59.0,  9, 10, 11,  9,      80086,      80086,      80086,      80086
25,     933929,     57.0,     57.0,     57.0,    168.0, 12, 12, 12, 11,    1211140,    1211140,    1211140,    1211140
25,     933924,     57.0,     56.0,     57.0,    167.0, 12, 12, 12,  9,    1211137,    1211137,    1211137,    1211137
25,    3194526,     26.0,     26.0,     26.0,     78.0,  9, 10, 11,  9,    2663347,    2663347,    2663347,    2663347
25,    3194541,     26.0,     26.0,     26.0,     78.0,  9, 10, 11,  9,    2663354,    2663354,    2663354,    2663354
25,      44304,     26.0,     26.0,     26.0,     78.0,  9, 10, 11,  9,      80125,      80125,      80125,      80125
25,    3194638,     53.0,     55.0,     54.0,    152.0,  4,  5,  6,  4,    3194638,    3194638,    3194638,    3194638
25,      43457,     55.0,     53.0,     54.0,    160.0, 12, 12, 12,  9,      78211,      78207,      78207,      78211
25,    2576524,     52.0,     50.0,     51.0,    156.0, 12, 12, 12,  9,    2402599,    2403033,      78207,    2402599
25,    1406046,     47.0,     48.0,     47.0,    133.0,  4,  5,  6,  4,     649576,    1406046,    1406046,    1406046
25,    3419144,     20.0,     20.0,     18.0,     59.0,  9, 10, 12, 11,    1211181,    1211181,    1211181,    1211181
25,    3194448,     26.0,     26.0,     26.0,     77.0,  9, 10, 11,  9,    2663323,    2663323,    2663323,    2663323
25,    3195024,     55.0,     55.0,     55.0,    159.0,  9, 10, 11,  9,      80010,      80010,      80010,      80010
25,    1405960,     26.0,     26.0,     26.0,     78.0,  9, 10, 11,  9,    1523921,    1523921,    1523921,    1523921
25,    3194851,     55.0,     55.0,     55.0,    159.0,  9, 10, 11,  9,      80010,      80010,      80010,      80010
25,    2614721,     54.0,     54.0,     54.0,    157.0,  9, 10, 11,  9,      80010,      80010,      80010,      80010
25,     649581,     49.0,     51.0,     50.0,    141.0,  4,  5,  6,  4,     649581,     649581,     649581,     649581
25,    3194708,     26.0,     26.0,     26.0,     78.0,  9, 10, 11,  9,    2663385,    2663385,    2663385,    2663385
25,    2579329,     71.0,     70.0,     71.0,    223.0, 12, 12, 12,  9,      80093,      80093,      80093,      80093
25,    2538885,     53.0,     53.0,     53.0,    158.0, 12, 12, 12,  9,    2879851,      80037,    2879852,    2201241
25,    1203904,     54.0,     57.0,     55.0,    157.0, 12,  5, 12,  4,    2201249,    1203904,    2201249,    1203904
25,    3194458,     26.0,     26.0,     26.0,     78.0, 12, 10, 11,  9,    2663325,    2663325,    2663325,    2663325
25,    2239329,     26.0,     26.0,     26.0,     77.0,  9, 10, 11,  9,      80125,      80125,      80125,      80125
25,    2524843,     53.0,     49.0,     53.0,    157.0, 12, 12, 11, 10,      80037,    2371971,    2371971,    2371971
25,    2524851,     53.0,     49.0,     54.0,    158.0, 12, 12, 11, 11,      80037,    2371975,      80037,    2371975
25,    3194467,     26.0,     26.0,     26.0,     77.0,  9, 10, 11,  9,    2663327,    2663327,    2663327,    2663327
25,    3194502,     26.0,     26.0,     26.0,     77.0,  9, 10, 11, 11,    2663340,    2663340,    2663340,    2663340
25,    3831482,     52.0,     52.0,     51.0,    156.0, 12, 12, 12, 11,    2879851,      80037,    2879852,    2879851
25,    3831483,     52.0,     51.0,     51.0,    157.0, 12, 12, 12, 11,    2879852,      80037,    2879852,    2879852
25,    2537242,     55.0,     51.0,     52.0,    174.0, 12, 12, 12, 10,      78207,    2403033,      78207,    2381221
25,    2574775,     54.0,     52.0,     52.0,    171.0, 12, 12, 12, 10,    2401788,      78207,      78207,    2401788
25,    2574794,     54.0,     52.0,     53.0,    161.0, 12, 12, 12,  9,    2401788,      78207,      78207,    2401794
25,      43455,     55.0,     53.0,     54.0,    161.0, 12, 12, 12,  9,      78211,    2401788,      78207,      78211
25,      43456,     54.0,     52.0,     53.0,    158.0, 12, 12, 12,  9,      78211,    2401788,      78207,      78222
25,    2575174,     54.0,     52.0,     53.0,    160.0, 12, 12, 12,  9,      78211,    2403033,      78207,      78211
25,    2575228,     71.0,     70.0,     72.0,    224.0, 12, 12, 12,  9,      80093,      80093,      80093,      80093
25,    2575231,     71.0,     70.0,     71.0,    223.0, 12, 12, 12,  9,      80093,      80093,      80093,      80093
25,      44293,     71.0,     70.0,     71.0,    223.0, 12, 12, 12,  9,      80093,      80093,      80093,      80093
25,    2524922,     71.0,     70.0,     71.0,    223.0, 12, 12, 12,  9,      80093,      80093,      80093,      80093
25,    2575371,     70.0,     69.0,     71.0,    222.0, 12, 12, 12,  9,      80093,      80093,      80093,      80093
25,    2575422,     69.0,     68.0,     70.0,    220.0, 12, 12, 12,  9,      80093,      80093,      80093,      80093
25,    2575448,     70.0,     68.0,     70.0,    221.0, 12, 12, 12,  9,      80093,      80093,      80093,      80093
25,    2575544,     71.0,     69.0,     71.0,    222.0, 12, 12, 12,  9,      80093,      80093,      80093,      80093
25,    2575568,     72.0,     70.0,     72.0,    224.0, 12, 12, 12,  9,      80093,      80093,      80093,      80093
25,    3191763,     26.0,     26.0,     25.0,     77.0,  9, 10, 12,  9,    2662631,    2662631,    2662631,    2662631
25,    3191784,     26.0,     25.0,     26.0,     80.0, 12, 12, 12,  9,    2662638,    2662638,    2662638,    2662638
25,    3193967,     26.0,     26.0,     26.0,     77.0,  9, 10, 11,  9,    2663149,    2663149,    2663149,    2663149
25,    3193988,     26.0,     26.0,     26.0,     78.0,  9, 10, 11,  9,    2663160,    2663160,    2663160,    2663160
25,    3191771,     26.0,     26.0,     26.0,     77.0,  9, 10, 11,  9,    2662635,    2662635,    2662635,    2662635
25,    3191776,     26.0,     26.0,     26.0,     77.0,  9, 10, 11,  9,    2662636,    2662636,    2662636,    2662636
25,    3191794,     26.0,     26.0,     26.0,     77.0,  9, 10, 11,  9,    2662640,    2662640,    2662640,    2662640
25,    3194096,     26.0,     26.0,     26.0,     77.0,  9, 10, 11,  9,    2663196,    2663196,    2663196,    2663196
25,    3194145,     26.0,     26.0,     26.0,     77.0,  9, 10, 11,  9,    2663208,    2663208,    2663208,    2663208
25,    3194443,     26.0,     26.0,     26.0,     77.0,  9, 10, 11, 10,    2663321,    2663321,    2663321,    2663321
25,    2577330,     52.0,     51.0,     52.0,    154.0,  9, 12, 11,  9,      80010,      80010,      80010,      80010
25,    2525031,     19.0,     19.0,     19.0,     57.0,  9, 10, 11,  9,    2372196,    2372196,    2372196,    2372196
25,    2577380,     52.0,     52.0,     52.0,    154.0,  9, 10, 11,  9,      80010,      80010,      80010,      80010
25,      44300,     26.0,     26.0,     26.0,     77.0,  9, 10, 11,  9,      80125,      80125,      80125,      80125
25,    3195095,     26.0,     26.0,     26.0,     77.0,  9, 10, 11,  9,      80125,      80125,      80125,      80125
25,    2525046,     19.0,     19.0,     19.0,     58.0,  9, 10, 11,  9,    2372220,    2372220,    2372220,    2372220
25,      43451,     52.0,     50.0,     51.0,    154.0,  9, 12, 12,  9,      78208,    2403033,      78207,      78208
25,    2577532,     54.0,     50.0,     51.0,    173.0, 12, 12, 12, 10,    2403033,    2403033,    2403033,    2403033
25,    2577530,     54.0,     50.0,     51.0,    173.0, 12, 12, 12, 10,    2403034,    2403034,    2403034,    2403034
25,    2577535,     54.0,     50.0,     51.0,    175.0, 12, 12, 12, 10,    2403046,    2403046,    2403046,    2403046
25,    1119992,     69.0,     67.0,     68.0,    204.0,  9, 12, 12,  9,    1344979,    1344976,    1344976,    1344979
25,    2525133,     25.0,     25.0,     25.0,     76.0,  9, 10, 11,  9,    2372261,    2372261,    2372261,    2372261
25,    1120085,     71.0,     71.0,     71.0,    207.0,  9, 10, 11,  9,    1345020,    1345020,    1345020,    1345020
25,    2537247,     21.0,     19.0,     17.0,     59.0, 12, 12, 12, 11,    2381222,    2381222,    2381222,    2381222
25,    3194006,     19.0,     19.0,     19.0,     58.0,  9, 10, 11,  9,    2663165,    2663165,    2663165,    2663165
25,    2614724,     54.0,     54.0,     54.0,    157.0,  9, 10, 11,  9,      80010,      80010,      80010,      80010
25,    3191508,     26.0,     25.0,     25.0,     77.0,  9, 10, 11, 10,    2662556,    2662556,    2662556,    2662556
25,    3191539,     19.0,     19.0,     18.0,     57.0,  9, 10, 12, 10,    2662563,    2662563,    2662563,    2662563
25,    3191564,     25.0,     26.0,     25.0,     76.0,  9, 10, 11, 11,    2662571,    2662571,    2662571,    2662571
25,    3191586,     19.0,     19.0,     19.0,     58.0,  9, 10, 11,  9,    2662577,    2662577,    2662577,    2662577
25,    3191610,     19.0,     19.0,     19.0,     58.0,  9, 10, 11,  9,    2662587,    2662587,    2662587,    2662587
25,    3191685,     26.0,     25.0,     26.0,     77.0,  9, 12, 11,  9,    2662602,    2662602,    2662602,    2662602
25,    3191706,     19.0,     19.0,     19.0,     57.0,  9, 10, 11, 10,    2662608,    2662608,    2662608,    2662608
25,    3191744,     19.0,     19.0,     19.0,     58.0,  9, 10, 11,  9,    2662618,    2662618,    2662618,    2662618
25,    3191738,     19.0,     19.0,     19.0,     58.0,  9, 10, 11,  9,    2662617,    2662617,    2662617,    2662617
25,    3191755,     25.0,     25.0,     25.0,     76.0,  9, 10, 11,  9,    2662628,    2662628,    2662628,    2662628
25,    3194140,     26.0,     26.0,     26.0,     77.0,  9, 10, 11,  9,    2663207,    2663207,    2663207,    2663207
25,    3280980,     26.0,     26.0,     26.0,     78.0, 12, 10, 11,  9,    2687841,    2687841,    2687841,    2687841
25,    3446393,     25.0,     25.0,     25.0,     76.0,  9, 10, 11,  9,    2742763,    2742763,    2742763,    2742763
25,    3579600,     69.0,     68.0,     69.0,    219.0, 12, 12, 12,  9,      80093,      80093,      80093,      80093
25,    3622002,     52.0,     55.0,     53.0,    162.0, 12, 12, 12,  9,    2201249,    2201249,    2201249,    2855783
25,    4075278,     51.0,     53.0,     51.0,    166.0, 12, 12, 12,  9,    2201249,    2201249,    2201249,    2201249
25,    4075353,     51.0,     53.0,     51.0,    160.0, 12, 12, 12,  9,    2201249,    2201249,    2201249,    2944141
26,      44255,     19.0,     19.0,     19.0,     58.0,  9, 10, 11,  9,      80015,      80015,      80015,      80015
26,    2573776,     53.0,     53.0,     53.0,    156.0,  9, 10, 11,  9,      80010,      80010,      80010,      80010
26,    2573791,     53.0,     53.0,     53.0,    156.0,  9, 10, 11,  9,      80010,      80010,      80010,      80010
26,    2573831,     53.0,     53.0,     53.0,    156.0,  9, 10, 11,  9,      80010,      80010,      80010,      80010
26,    2573943,     54.0,     54.0,     54.0,    157.0,  9, 10, 11,  9,      80010,      80010,      80010,      80010
26,    2614720,     54.0,     54.0,     54.0,    158.0,  9, 10, 11,  9,      80010,      80010,      80010,      80010
26,    2574035,     54.0,     54.0,     54.0,    158.0,  9, 10, 11,  9,      80010,      80010,      80010,      80010
26,    2574144,     54.0,     54.0,     54.0,    158.0,  9, 10, 11,  9,      80010,      80010,      80010,      80010
26,    2574617,     55.0,     55.0,     55.0,    158.0,  9, 10, 11, 11,      80010,      80010,      80010,      80010
26,    3194731,     26.0,     26.0,     26.0,     78.0,  9, 10, 11,  9,    2663390,    2663390,    2663390,    2663390
26,    3194751,     26.0,     26.0,     26.0,     78.0,  9, 10, 11,  9,    2663397,    2663397,    2663397,    2663397
26,    3194737,     27.0,     27.0,     27.0,     78.0,  9, 10, 11,  9,    2401769,    2401769,    2401769,    2401769
26,    3194626,     26.0,     26.0,     26.0,     78.0,  9, 10, 11,  9,    2663364,    2663364,    2663364,    2663364
26,    3194097,     19.0,     19.0,     19.0,     58.0,  9, 10, 11,  9,    2372116,    2372116,    2372116,    2372116
26,    3194110,     19.0,     19.0,     19.0,     58.0,  9, 10, 11,  9,    2663201,    2663201,    2663201,    2663201
26,    3194050,     26.0,     26.0,     26.0,     77.0,  9, 10, 11,  9,    2663181,    2663181,    2663181,    2663181
26,    3194071,     20.0,     20.0,     20.0,     59.0,  9, 10, 11,  9,      80086,      80086,      80086,      80086
26,     933929,     57.0,     56.0,     57.0,    168.0, 12, 12, 12, 10,    1211140,    1211140,    1211140,    1211140
26,     933924,     57.0,     56.0,     57.0,    167.0, 12, 12, 12,  9,    1211137,    1211137,    1211137,    1211137
26,    3194526,     26.0,     26.0,     26.0,     78.0,  9, 10, 11,  9,    2663347,    2663347,    2663347,    2663347
26,    3194541,     26.0,     26.0,     26.0,     78.0,  9, 10, 11,  9,    2663354,    2663354,    2663354,    2663354
26,      44304,     26.0,     26.0,     26.0,     78.0,  9, 10, 11,  9,      80125,      80125,      80125,      80125
26,    3194638,     53.0,     55.0,     55.0,    152.0,  4,  5,  6,  4,    3194638,    3194638,    3194638,    3194638
26,      43457,     55.0,     52.0,     54.0,    160.0, 12, 12, 12, 10,      78211,    2401788,      78207,      78211
26,    2576524,     52.0,     50.0,     52.0,    156.0, 12, 12, 12,  9,    2402599,    2403033,      78207,    2402599
26,    1406046,     47.0,     48.0,     48.0,    133.0,  4,  5,  6,  4,     649576,    1406046,     649576,    1406046
26,    3419144,     19.0,     20.0,     18.0,     59.0, 12, 10, 12, 11,    1211181,    1211181,    1211181,    1211181
26,    3194448,     26.0,     26.0,     26.0,     77.0,  9, 10, 11,  9,    2663323,    2663323,    2663323,    2663323
26,    3195024,     55.0,     55.0,     55.0,    159.0,  9, 10, 11,  9,      80010,      80010,      80010,      80010
26,    1405960,     26.0,     26.0,     26.0,     78.0,  9, 10, 11,  9,    1523921,    1523921,    1523921,    1523921
26,    3194851,     55.0,     55.0,     55.0,    159.0,  9, 10, 11,  9,      80010,      80010,      80010,      80010
26,    2614721,     54.0,     54.0,     54.0,    157.0,  9, 10, 11,  9,      80010,      80010,      80010,      80010
26,     649581,     49.0,     51.0,     50.0,    140.0,  4,  5,  6,  4,     649581,     649567,     649581,     649581
26,    3194708,     26.0,     26.0,     26.0,     78.0,  9, 10, 11,  9,    2663385,    2663385,    2663385,    2663385
26,    2579329,     71.0,     70.0,     71.0,    222.0, 12, 12, 12,  9,      80093,      80093,      80093,      80093
26,    2538885,     54.0,     52.0,     53.0,    158.0,  9, 12, 12,  9,    2201241,      80037,    2879852,    2201241
26,    1203904,     55.0,     56.0,     55.0,    156.0,  4, 12, 12,  4,    1203904,    2201249,    2201249,    1203904
26,    3194458,     26.0,     26.0,     26.0,     78.0,  9, 10, 11,  9,    2663325,    2663325,    2663325,    2663325
26,    2239329,     26.0,     26.0,     26.0,     77.0,  9, 10, 11,  9,      80125,      80125,      80125,      80125
26,    2524843,     53.0,     50.0,     53.0,    156.0, 12, 12, 11, 11,    2371971,    2371971,    2371971,    2371971
26,    2524851,     53.0,     50.0,     54.0,    158.0, 12, 12, 11, 11,      80037,    2371975,      80037,    2371975
26,    3194467,     26.0,     26.0,     26.0,     77.0,  9, 10, 11,  9,    2663327,    2663327,    2663327,    2663327
26,    3194502,     26.0,     26.0,     26.0,     77.0,  9, 10, 11, 11,    2663340,    2663340,    2663340,    2663340
26,    3831482,     53.0,     51.0,     52.0,    156.0,  9, 12, 12, 11,    2879851,      80037,    2879852,    2879851
26,    3831483,     53.0,     51.0,     51.0,    156.0, 12, 12, 12, 11,      80037,      80037,    2879852,    2879852
26,    2537242,     55.0,     51.0,     53.0,    177.0, 12, 12, 12, 10,      78207,      78207,      78207,    2381221
26,    2574775,     54.0,     51.0,     53.0,    174.0, 12, 12, 12,  9,    2401788,    2401788,      78207,    2401788
26,    2574794,     54.0,     51.0,     53.0,    161.0, 12, 12, 12,  9,    2401788,    2401788,      78207,    2401794
26,      43455,     55.0,     53.0,     55.0,    161.0, 12, 12, 12, 10,      78211,    2401788,      78207,      78211
26,      43456,     54.0,     52.0,     54.0,    159.0, 12, 12, 12,  9,      78211,    2401788,      78207,      78222
26,    2575174,     55.0,     52.0,     54.0,    160.0, 12, 12, 12, 10,      78211,    2401788,      78207,      78211
26,    2575228,     71.0,     70.0,     71.0,    223.0, 12, 12, 12,  9,      80093,      80093,      80093,      80093
26,    2575231,     71.0,     70.0,     71.0,    223.0, 12, 12, 12,  9,      80093,      80093,      80093,      80093
26,      44293,     71.0,     70.0,     71.0,    223.0, 12, 12, 12,  9,      80093,      80093,      80093,      80093
26,    2524922,     71.0,     70.0,     71.0,    222.0, 12, 12, 12,  9,      80093,      80093,      80093,      80093
26,    2575371,     70.0,     69.0,     70.0,    221.0, 12, 12, 12,  9,      80093,      80093,      80093,      80093
26,    2575422,     69.0,     68.0,     69.0,    219.0, 12, 12, 12,  9,      80093,      80093,      80093,      80093
26,    2575448,     70.0,     69.0,     70.0,    220.0, 12, 12, 12,  9,      80093,      80093,      80093,      80093
26,    2575544,     71.0,     70.0,     71.0,    222.0, 12, 12, 12,  9,      80093,      80093,      80093,      80093
26,    2575568,     72.0,     71.0,     71.0,    223.0, 12, 12, 12,  9,      80093,      80093,      80093,      80093
26,    3191763,     26.0,     26.0,     25.0,     77.0,  9, 10, 12,  9,    2662631,    2662631,    2662631,    2662631
26,    3191784,     26.0,     25.0,     26.0,     80.0, 12, 12, 12, 10,    2662638,    2662638,    2662638,    2662638
26,    3193967,     26.0,     26.0,     26.0,     77.0,  9, 10, 11,  9,    2663149,    2663149,    2663149,    2663149
26,    3193988,     26.0,     26.0,     26.0,     78.0,  9, 10, 11,  9,    2663160,    2663160,    2663160,    2663160
26,    3191771,     26.0,     26.0,     26.0,     77.0,  9, 10, 11,  9,    2662635,    2662635,    2662635,    2662635
26,    3191776,     26.0,     26.0,     26.0,     77.0,  9, 10, 11,  9,    2662636,    2662636,    2662636,    2662636
26,    3191794,     26.0,     26.0,     26.0,     77.0,  9, 10, 11,  9,    2662640,    2662640,    2662640,    2662640
26,    3194096,     26.0,     26.0,     26.0,     77.0,  9, 10, 11,  9,    2663196,    2663196,    2663196,    2663196
26,    3194145,     26.0,     26.0,     26.0,     77.0,  9, 10, 11,  9,    2663208,    2663208,    2663208,    2663208
26,    3194443,     26.0,     26.0,     26.0,     77.0,  9, 10, 11, 10,    2663321,    2663321,    2663321,    2663321
26,    2577330,     52.0,     51.0,     52.0,    154.0,  9, 12, 11,  9,      80010,      80010,      80010,      80010
26,    2525031,     19.0,     19.0,     19.0,     57.0,  9, 10, 11,  9,    2372196,    2372196,    2372196,    2372196
26,    2577380,     52.0,     52.0,     52.0,    154.0,  9, 10, 11,  9,      80010,      80010,      80010,      80010
26,      44300,     26.0,     26.0,     26.0,     77.0,  9, 10, 11,  9,      80125,      80125,      80125,      80125
26,    3195095,     26.0,     26.0,     26.0,     77.0,  9, 10, 11,  9,      80125,      80125,      80125,      80125
26,    2525046,     19.0,     19.0,     19.0,     58.0,  9, 10, 11,  9,    2372220,    2372220,    2372220,    2372220
26,      43451,     52.0,     50.0,     52.0,    154.0,  9, 12, 12,  9,      78208,    2403033,      78207,      78208
26,    2577532,     53.0,     50.0,     52.0,    176.0, 12, 12, 12, 10,    2403033,    2403033,    2403033,    2403033
26,    2577530,     53.0,     50.0,     52.0,    176.0, 12, 12, 12, 10,    2403034,    2403034,    2403034,    2403034
26,    2577535,     53.0,     50.0,     52.0,    178.0, 12, 12, 12, 10,    2403046,    2403046,    2403046,    2403046
26,    1119992,     69.0,     67.0,     69.0,    203.0,  9, 12, 12, 11,    1344979,    1344976,    1344976,    1344979
26,    2525133,     25.0,     25.0,     25.0,     76.0,  9, 10, 11,  9,    2372261,    2372261,    2372261,    2372261
26,    1120085,     71.0,     71.0,     71.0,    207.0,  9, 10, 11,  9,    1345020,    1345020,    1345020,    1345020
26,    2537247,     20.0,     20.0,     17.0,     59.0, 12, 10, 12, 11,    2381222,    2381222,    2381222,    2381222
26,    3194006,     19.0,     19.0,     19.0,     58.0,  9, 10, 11,  9,    2663165,    2663165,    2663165,    2663165
26,    2614724,     54.0,     54.0,     54.0,    157.0,  9, 10, 11,  9,      80010,      80010,      80010,      80010
26,    3191508,     26.0,     25.0,     25.0,     77.0,  9, 10, 11, 10,    2662556,    2662556,    2662556,    2662556
26,    3191539,     19.0,     19.0,     18.0,     57.0,  9, 10, 12, 10,    2662563,    2662563,    2662563,    2662563
26,    3191564,     25.0,     25.0,     25.0,     76.0,  9, 10, 11, 10,    2662571,    2662571,    2662571,    2662571
26,    3191586,     19.0,     19.0,     19.0,     58.0,  9, 10, 11,  9,    2662577,    2662577,    2662577,    2662577
26,    3191610,     19.0,     19.0,     19.0,     58.0,  9, 10, 11,  9,    2662587,    2662587,    2662587,    2662587
26,    3191685,     26.0,     25.0,     26.0,     77.0,  9, 12, 11,  9,    2662602,    2662602,    2662602,    2662602
26,    3191706,     19.0,     19.0,     19.0,     57.0,  9, 10, 11, 10,    2662608,    2662608,    2662608,    2662608
26,    3191744,     19.0,     19.0,     19.0,     58.0,  9, 10, 11,  9,    2662618,    2662618,    2662618,    2662618
26,    3191738,     19.0,     19.0,     19.0,     58.0,  9, 10, 11,  9,    2662617,    2662617,    2662617,    2662617
26,    3191755,     25.0,     25.0,     25.0,     76.0,  9, 10, 11,  9,    2662628,    2662628,    2662628,    2662628
26,    3194140,     26.0,     26.0,     26.0,     77.0,  9, 10, 11,  9,    2663207,    2663207,    2663207,    2663207
26,    3280980,     26.0,     26.0,     26.0,     78.0, 12, 10, 11,  9,    2687841,    2687841,    2687841,    2687841
26,    3446393,     25.0,     25.0,     25.0,     76.0,  9, 10, 11,  9,    2742763,    2742763,    2742763,    2742763
26,    3579600,     69.0,     68.0,     69.0,    219.0, 12, 12, 12,  9,      80093,      80093,      80093,      80093
26,    3622002,     53.0,     54.0,     53.0,    162.0, 12, 12, 12,  9,    2201249,    2201249,    2201249,    2855783
26,    4075278,     51.0,     52.0,     51.0,    167.0, 12, 12, 12,  9,    2201249,    2201249,    2201249,    2201249
26,    4075353,     51.0,     52.0,     51.0,    160.0, 12, 12, 12,  9,    2201249,    2201249,    2201249,    2944141
27,      44255,     19.0,     19.0,     19.0,     58.0,  9, 10, 11,  9,      80015,      80015,      80015,      80015
27,    2573776,     53.0,     53.0,     53.0,    156.0,  9, 10, 11,  9,      80010,      80010,      80010,      80010
27,    2573791,     53.0,     53.0,     53.0,    156.0,  9, 10, 11,  9,      80010,      80010,      80010,      80010
27,    2573831,     53.0,     53.0,     53.0,    156.0,  9, 10, 11,  9,      80010,      80010,      80010,      80010
27,    2573943,     54.0,     54.0,     54.0,    157.0,  9, 10, 11,  9,      80010,      80010,      80010,      80010
27,    2614720,     54.0,     54.0,     54.0,    158.0,  9, 10, 11,  9,      80010,      80010,      80010,      80010
27,    2574035,     54.0,     54.0,     54.0,    158.0,  9, 10, 11,  9,      80010,      80010,      80010,      80010
27,    2574144,     54.0,     54.0,     54.0,    158.0,  9, 10, 11,  9,      80010,      80010,      80010,      80010
27,    2574617,     55.0,     55.0,     55.0,    158.0,  9, 10, 11, 11,      80010,      80010,      80010,      80010
27,    3194731,     26.0,     26.0,     26.0,     78.0,  9, 10, 11,  9,    2663390,    2663390,    2663390,    2663390
27,    3194751,     26.0,     26.0,     26.0,     78.0,  9, 10, 11,  9,    2663397,    2663397,    2663397,    2663397
27,    3194737,     27.0,     27.0,     27.0,     78.0,  9, 10, 11,  9,    2401769,    2401769,    2401769,    2401769
27,    3194626,     26.0,     26.0,     26.0,     77.0,  9, 10, 11, 10,    2663364,    2663364,    2663364,    2663364
27,    3194097,     19.0,     19.0,     19.0,     58.0,  9, 10, 11,  9,    2372116,    2372116,    2372116,    2372116
27,    3194110,     19.0,     19.0,     19.0,     58.0,  9, 10, 11,  9,    2663201,    2663201,    2663201,    2663201
27,    3194050,     26.0,     26.0,     26.0,     77.0,  9, 10, 11,  9,    2663181,    2663181,    2663181,    2663181
27,    3194071,     20.0,     20.0,     20.0,     59.0,  9, 10, 11,  9,      80086,      80086,      80086,      80086
27,     933929,     57.0,     56.0,     57.0,    168.0, 12, 12, 12,  9,    1211140,    1211140,    1211140,    1211140
27,     933924,     57.0,     56.0,     57.0,    166.0,  9, 12, 11,  9,    1211137,    1211137,    1211137,    1211137
27,    3194526,     26.0,     26.0,     26.0,     78.0,  9, 10, 11,  9,    2663347,    2663347,    2663347,    2663347
27,    3194541,     26.0,     26.0,     26.0,     78.0,  9, 10, 11,  9,    2663354,    2663354,    2663354,    2663354
27,      44304,     26.0,     26.0,     26.0,     78.0,  9, 10, 11,  9,      80125,      80125,      80125,      80125
27,    3194638,     54.0,     55.0,     55.0,    154.0,  4,  5,  6,  4,    3194638,    3194638,    3194638,    3194638
27,      43457,     55.0,     52.0,     54.0,    160.0, 12, 12, 12,  9,      78211,    2401788,      78207,      78211
27,    2576524,     52.0,     50.0,     52.0,    156.0, 12, 12, 12,  9,    2402599,    2403033,      78207,    2402599
27,    1406046,     47.0,     48.0,     48.0,    135.0,  4,  5,  6,  4,    1406046,    1406046,    1406046,    1406046
27,    3419144,     19.0,     20.0,     19.0,     59.0, 12, 10, 12, 11,    1211181,    1211181,    1211181,    1211181
27,    3194448,     26.0,     26.0,     26.0,     77.0,  9, 10, 11,  9,    2663323,    2663323,    2663323,    2663323
27,    3195024,     55.0,     55.0,     55.0,    159.0,  9, 10, 11,  9,      80010,      80010,      80010,      80010
27,    1405960,     26.0,     26.0,     26.0,     78.0,  9, 10, 11,  9,    1523921,    1523921,    1523921,    1523921
27,    3194851,     55.0,     55.0,     55.0,    159.0,  9, 10, 11,  9,      80010,      80010,      80010,      80010
27,    2614721,     54.0,     54.0,     54.0,    157.0,  9, 10, 11,  9,      80010,      80010,      80010,      80010
27,     649581,     50.0,     51.0,     50.0,    142.0,  4,  5,  6,  4,     649581,     649567,     649581,     649581
27,    3194708,     26.0,     26.0,     26.0,     78.0,  9, 10, 11,  9,    2663385,    2663385,    2663385,    2663385
27,    2579329,     71.0,     70.0,     71.0,    221.0, 12, 12, 12,  9,      80093,      80093,      80093,      80093
27,    2538885,     54.0,     53.0,     53.0,    158.0,  9, 12, 12,  9,    2201241,      80037,    2879852,    2201241
27,    1203904,     55.0,     56.0,     55.0,    158.0, 12, 12, 12,  4,    2201249,    2201249,    2201249,    1203904
27,    3194458,     26.0,     26.0,     26.0,     78.0,  9, 10, 11,  9,    2663325,    2663325,    2663325,    2663325
27,    2239329,     26.0,     26.0,     26.0,     77.0,  9, 10, 11,  9,      80125,      80125,      80125,      80125
27,    2524843,     53.0,     50.0,     53.0,    156.0, 12, 12, 11, 11,      80037,    2371971,    2371971,    2371971
27,    2524851,     53.0,     49.0,     54.0,    158.0, 12, 12, 11, 11,      80037,    2371975,      80037,    2371975
27,    3194467,     26.0,     26.0,     26.0,     77.0,  9, 10, 11,  9,    2663327,    2663327,    2663327,    2663327
27,    3194502,     26.0,     26.0,     26.0,     77.0,  9, 10, 11, 11,    2663340,    2663340,    2663340,    2663340
27,    3831482,     53.0,     51.0,     52.0,    156.0, 12, 12, 12, 11,      80037,      80037,    2879851,    2879851
27,    3831483,     52.0,     51.0,     51.0,    156.0, 12, 12, 12, 11,    2879852,      80037,    2879852,    2879852
27,    2537242,     55.0,     51.0,     52.0,    172.0, 12, 12, 12, 10,      78207,      78207,      78207,    2381221
27,    2574775,     54.0,     51.0,     53.0,    170.0, 12, 12, 12,  9,    2401788,    2401788,      78207,    2401788
27,    2574794,     54.0,     51.0,     53.0,    160.0, 12, 12, 12,  9,    2401788,    2401788,      78207,    2401794
27,      43455,     55.0,     53.0,     55.0,    161.0, 12, 12, 12,  9,      78211,    2401788,      78207,      78211
27,      43456,     54.0,     52.0,     54.0,    158.0, 12, 12, 12,  9,      78211,    2401788,      78207,      78222
27,    2575174,     55.0,     52.0,     54.0,    160.0,  9, 12, 12,  9,      78211,    2401788,      78207,      78211
27,    2575228,     71.0,     70.0,     71.0,    221.0, 12, 12, 12,  9,      80093,      80093,      80093,      80093
27,    2575231,     71.0,     70.0,     71.0,    221.0, 12, 12, 12,  9,      80093,      80093,      80093,      80093
27,      44293,     71.0,     70.0,     71.0,    221.0, 12, 12, 12,  9,      80093,      80093,      80093,      80093
27,    2524922,     71.0,     70.0,     71.0,    220.0, 12, 12, 12,  9,      80093,      80093,      80093,      80093
27,    2575371,     70.0,     69.0,     70.0,    219.0, 12, 12, 12,  9,      80093,      80093,      80093,      80093
27,    2575422,     69.0,     68.0,     69.0,    218.0, 12, 12, 12,  9,      80093,      80093,      80093,      80093
27,    2575448,     70.0,     69.0,     70.0,    218.0, 12, 12, 12,  9,      80093,      80093,      80093,      80093
27,    2575544,     71.0,     70.0,     71.0,    220.0, 12, 12, 12,  9,      80093,      80093,      80093,      80093
27,    2575568,     72.0,     71.0,     71.0,    221.0, 12, 12, 12,  9,      80093,      80093,      80093,      80093
27,    3191763,     26.0,     26.0,     25.0,     77.0,  9, 10, 12,  9,    2662631,    2662631,    2662631,    2662631
27,    3191784,     26.0,     25.0,     26.0,     80.0, 12, 12, 12,  9,    2662638,    2662638,    2662638,    2662638
27,    3193967,     26.0,     26.0,     26.0,     77.0,  9, 10, 11,  9,    2663149,    2663149,    2663149,    2663149
27,    3193988,     26.0,     26.0,     26.0,     78.0,  9, 10, 11,  9,    2663160,    2663160,    2663160,    2663160
27,    3191771,     26.0,     26.0,     26.0,     77.0,  9, 10, 11,  9,    2662635,    2662635,    2662635,    2662635
27,    3191776,     26.0,     26.0,     26.0,     77.0,  9, 10, 11,  9,    2662636,    2662636,    2662636,    2662636
27,    3191794,     26.0,     26.0,     26.0,     77.0,  9, 10, 11,  9,    2662640,    2662640,    2662640,    2662640
27,    3194096,     26.0,     26.0,     26.0,     77.0,  9, 10, 11,  9,    2663196,    2663196,    2663196,    2663196
27,    3194145,     26.0,     26.0,     26.0,     77.0,  9, 10, 11,  9,    2663208,    2663208,    2663208,    2663208
27,    3194443,     26.0,     26.0,     26.0,     77.0,  9, 10, 11,  9,    2663321,    2663321,    2663321,    2663321
27,    2577330,     52.0,     51.0,     52.0,    154.0,  9, 12, 11,  9,      80010,      80010,      80010,      80010
27,    2525031,     19.0,     19.0,     19.0,     57.0,  9, 10, 11,  9,    2372196,    2372196,    2372196,    2372196
27,    2577380,     52.0,     52.0,     52.0,    154.0,  9, 10, 11,  9,      80010,      80010,      80010,      80010
27,      44300,     26.0,     26.0,     26.0,     77.0,  9, 10, 11,  9,      80125,      80125,      80125,      80125
27,    3195095,     26.0,     26.0,     26.0,     77.0,  9, 10, 11,  9,      80125,      80125,      80125,      80125
27,    2525046,     19.0,     19.0,     19.0,     58.0,  9, 10, 11,  9,    2372220,    2372220,    2372220,    2372220
27,      43451,     52.0,     50.0,     52.0,    154.0,  9, 12, 12,  9,      78208,    2403033,      78207,      78208
27,    2577532,     54.0,     50.0,     52.0,    171.0, 12, 12, 12, 10,    2403033,    2403033,    2403033,    2403033
27,    2577530,     54.0,     50.0,     51.0,    171.0, 12, 12, 12, 10,    2403034,    2403034,    2403034,    2403034
27,    2577535,     54.0,     50.0,     51.0,    173.0, 12, 12, 12, 10,    2403046,    2403046,    2403046,    2403046
27,    1119992,     69.0,     67.0,     68.0,    203.0,  9, 12, 12,  9,    1344979,    1344976,    1344976,    1344979
27,    2525133,     25.0,     25.0,     25.0,     76.0,  9, 10, 11, 10,    2372261,    2372261,    2372261,    2372261
27,    1120085,     71.0,     71.0,     71.0,    207.0,  9, 10, 11,  9,    1345020,    1345020,    1345020,    1345020
27,    2537247,     21.0,     20.0,     17.0,     59.0,  9, 10, 12, 10,    2381222,    2381222,    2381222,    2381222
27,    3194006,     19.0,     19.0,     19.0,     58.0,  9, 10, 11,  9,    2663165,    2663165,    2663165,    2663165
27,    2614724,     54.0,     54.0,     54.0,    157.0,  9, 10, 11,  9,      80010,      80010,      80010,      80010
27,    3191508,     26.0,     25.0,     25.0,     76.0,  9, 10, 11, 11,    2662556,    2662556,    2662556,    2662556
27,    3191539,     20.0,     19.0,     18.0,     57.0,  9, 10, 12, 10,    2662563,    2662563,    2662563,    2662563
27,    3191564,     25.0,     25.0,     25.0,     76.0,  9, 10, 11,  9,    2662571,    2662571,    2662571,    2662571
27,    3191586,     19.0,     19.0,     19.0,     58.0,  9, 10, 11,  9,    2662577,    2662577,    2662577,    2662577
27,    3191610,     19.0,     19.0,     19.0,     58.0,  9, 10, 11,  9,    2662587,    2662587,    2662587,    2662587
27,    3191685,     26.0,     25.0,     26.0,     77.0,  9, 12, 11,  9,    2662602,    2662602,    2662602,    2662602
27,    3191706,     19.0,     19.0,     19.0,     57.0,  9, 10, 11, 10,    2662608,    2662608,    2662608,    2662608
27,    3191744,     19.0,     19.0,     19.0,     58.0,  9, 10, 11,  9,    2662618,    2662618,    2662618,    2662618
27,    3191738,     19.0,     19.0,     19.0,     58.0,  9, 10, 11,  9,    2662617,    2662617,    2662617,    2662617
27,    3191755,     25.0,     25.0,     25.0,     76.0,  9, 10, 11,  9,    2662628,    2662628,    2662628,    2662628
27,    3194140,     26.0,     26.0,     26.0,     77.0,  9, 10, 11,  9,    2663207,    2663207,    2663207,    2663207
27,    3280980,     26.0,     26.0,     26.0,     78.0, 12, 10, 11,  9,    2687841,    2687841,    2687841,    2687841
27,    3446393,     25.0,     25.0,     25.0,     76.0,  9, 10, 11,  9,    2742763,    2742763,    2742763,    2742763
27,    3579600,     69.0,     68.0,     69.0,    217.0, 12, 12, 12,  9,      80093,      80093,      80093,      80093
27,    3622002,     53.0,     54.0,     52.0,    162.0, 12, 12, 12,  9,    2201249,    2201249,    2201249,    2855783
27,    4075278,     51.0,     52.0,     51.0,    167.0, 12, 12, 12,  9,    2201249,    2201249,    2201249,    2201249
27,    4075353,     51.0,     52.0,     51.0,    160.0, 12, 12, 12,  9,    2201249,    2201249,    2201249,    2944141
28,      44255,     19.0,     19.0,     19.0,     58.0,  9, 10, 11,  9,      80015,      80015,      80015,      80015
28,    2573776,     53.0,     53.0,     53.0,    156.0,  9, 10, 11,  9,      80010,      80010,      80010,      80010
28,    2573791,     53.0,     53.0,     53.0,    156.0,  9, 10, 11,  9,      80010,      80010,      80010,      80010
28,    2573831,     53.0,     53.0,     53.0,    156.0,  9, 10, 11,  9,      80010,      80010,      80010,      80010
28,    2573943,     54.0,     54.0,     54.0,    157.0,  9, 10, 11,  9,      80010,      80010,      80010,      80010
28,    2614720,     54.0,     54.0,     54.0,    158.0,  9, 10, 11,  9,      80010,      80010,      80010,      80010
28,    2574035,     54.0,     54.0,     54.0,    158.0,  9, 10, 11,  9,      80010,      80010,      80010,      80010
28,    2574144,     54.0,     54.0,     54.0,    158.0,  9, 10, 11,  9,      80010,      80010,      80010,      80010
28,    2574617,     55.0,     55.0,     55.0,    158.0,  9, 10, 11, 11,      80010,      80010,      80010,      80010
28,    3194731,     26.0,     26.0,     26.0,     78.0,  9, 10, 11,  9,    2663390,    2663390,    2663390,    2663390
28,    3194751,     26.0,     26.0,     26.0,     78.0,  9, 10, 11,  9,    2663397,    2663397,    2663397,    2663397
28,    3194737,     27.0,     27.0,     27.0,     78.0,  9, 10, 11,  9,    2401769,    2401769,    2401769,    2401769
28,    3194626,     26.0,     26.0,     26.0,     77.0,  9, 10, 11, 10,    2663364,    2663364,    2663364,    2663364
28,    3194097,     19.0,     19.0,     19.0,     58.0,  9, 10, 11,  9,    2372116,    2372116,    2372116,    2372116
28,    3194110,     19.0,     19.0,     19.0,     58.0,  9, 10, 11,  9,    2663201,    2663201,    2663201,    2663201
28,    3194050,     26.0,     26.0,     26.0,     77.0,  9, 10, 11,  9,    2663181,    2663181,    2663181,    2663181
28,    3194071,     20.0,     20.0,     20.0,     59.0,  9, 10, 11,  9,      80086,      80086,      80086,      80086
28,     933929,     57.0,     56.0,     57.0,    168.0, 12, 12, 12,  9,    1211140,    1211140,    1211140,    1211140
28,     933924,     57.0,     56.0,     57.0,    166.0, 12, 12, 11, 11,    1211137,    1211137,    1211137,    1211137
28,    3194526,     26.0,     26.0,     26.0,     77.0,  9, 10, 11, 10,    2663347,    2663347,    2663347,    2663347
28,    3194541,     26.0,     26.0,     26.0,     78.0,  9, 10, 11,  9,    2663354,    2663354,    2663354,    2663354
28,      44304,     26.0,     26.0,     26.0,     78.0,  9, 10, 11,  9,      80125,      80125,      80125,      80125
28,    3194638,     54.0,     56.0,     55.0,    154.0,  4,  5,  6,  4,    3194638,    3194638,    3194638,    3194638
28,      43457,     55.0,     53.0,     54.0,    160.0, 12, 12, 12, 10,      78211,      78211,      78207,      78211
28,    2576524,     52.0,     51.0,     52.0,    156.0, 12, 12, 12,  9,    2402599,      78207,      78207,    2402599
28,    1406046,     47.0,     49.0,     48.0,    135.0,  4,  5,  6,  4,    1406046,     649576,     649576,    1406046
28,    3419144,     19.0,     20.0,     19.0,     59.0, 12, 10, 12, 11,    1211181,    1211181,    1211181,    1211181
28,    3194448,     26.0,     26.0,     26.0,     77.0,  9, 10, 11,  9,    2663323,    2663323,    2663323,    2663323
28,    3195024,     55.0,     55.0,     55.0,    159.0,  9, 10, 11,  9,      80010,      80010,      80010,      80010
28,    1405960,     26.0,     26.0,     26.0,     78.0,  9, 10, 11,  9,    1523921,    1523921,    1523921,    1523921
28,    3194851,     55.0,     55.0,     55.0,    159.0,  9, 10, 11,  9,      80010,      80010,      80010,      80010
28,    2614721,     54.0,     54.0,     54.0,    157.0,  9, 10, 11,  9,      80010,      80010,      80010,      80010
28,     649581,     50.0,     51.0,     50.0,    142.0,  4,  5,  6,  4,     649581,     649581,     649581,     649581
28,    3194708,     26.0,     26.0,     26.0,     78.0,  9, 10, 11,  9,    2663385,    2663385,    2663385,    2663385
28,    2579329,     71.0,     70.0,     71.0,    221.0, 12, 12, 12,  9,      80093,      80093,      80093,      80093
28,    2538885,     54.0,     53.0,     53.0,    158.0, 12, 12, 12,  9,      80037,      80037,    2879852,    2201241
28,    1203904,     55.0,     57.0,     54.0,    159.0, 12,  5, 12,  4,    2201249,    1203904,    2201249,    1203904
28,    3194458,     26.0,     26.0,     26.0,     78.0,  9, 10, 11,  9,    2663325,    2663325,    2663325,    2663325
28,    2239329,     26.0,     26.0,     26.0,     77.0,  9, 10, 11,  9,      80125,      80125,      80125,      80125
28,    2524843,     53.0,     50.0,     53.0,    156.0, 12, 12, 11, 11,      80037,    2371971,    2371971,    2371971
28,    2524851,     53.0,     50.0,     54.0,    159.0, 12, 12, 11,  9,      80037,    2371975,      80037,    2371975
28,    3194467,     26.0,     26.0,     26.0,     77.0,  9, 10, 11,  9,    2663327,    2663327,    2663327,    2663327
28,    3194502,     26.0,     26.0,     26.0,     77.0,  9, 10, 11, 10,    2663340,    2663340,    2663340,    2663340
28,    3831482,     53.0,     52.0,     52.0,    156.0, 12, 12, 12, 11,      80037,      80037,    2879852,    2879851
28,    3831483,     53.0,     51.0,     51.0,    156.0, 12, 12, 12, 11,      80037,      80037,    2879852,    2879852
28,    2537242,     55.0,     52.0,     52.0,    173.0, 12, 12, 12, 10,      78207,      78207,      78207,    2381221
28,    2574775,     54.0,     52.0,     53.0,    170.0, 12, 12, 12,  9,    2401788,      78207,      78207,    2401788
28,    2574794,     54.0,     52.0,     53.0,    160.0, 12, 12, 12,  9,    2401788,    2401788,      78207,    2401794
28,      43455,     55.0,     53.0,     54.0,    161.0, 12, 12, 12, 10,      78211,    2401788,      78207,      78211
28,      43456,     54.0,     52.0,     53.0,    159.0, 12, 12, 12,  9,      78211,    2401788,      78207,      78222
28,    2575174,     55.0,     53.0,     54.0,    160.0, 12, 12, 12, 10,      78211,      78207,      78207,      78211
28,    2575228,     72.0,     70.0,     71.0,    222.0, 12, 12, 12,  9,      80093,      80093,      80093,      80093
28,    2575231,     71.0,     70.0,     71.0,    221.0, 12, 12, 12,  9,      80093,      80093,      80093,      80093
28,      44293,     71.0,     70.0,     71.0,    221.0, 12, 12, 12,  9,      80093,      80093,      80093,      80093
28,    2524922,     71.0,     70.0,     71.0,    221.0, 12, 12, 12,  9,      80093,      80093,      80093,      80093
28,    2575371,     71.0,     69.0,     70.0,    220.0, 12, 12, 12,  9,      80093,      80093,      80093,      80093
28,    2575422,     70.0,     68.0,     69.0,    218.0, 12, 12, 12,  9,      80093,      80093,      80093,      80093
28,    2575448,     70.0,     69.0,     70.0,    219.0, 12, 12, 12,  9,      80093,      80093,      80093,      80093
28,    2575544,     71.0,     70.0,     71.0,    220.0, 12, 12, 12,  9,      80093,      80093,      80093,      80093
28,    2575568,     72.0,     70.0,     71.0,    222.0, 12, 12, 12,  9,      80093,      80093,      80093,      80093
28,    3191763,     26.0,     26.0,     25.0,     77.0,  9, 10, 12,  9,    2662631,    2662631,    2662631,    2662631
28,    3191784,     26.0,     25.0,     26.0,     79.0, 12, 12, 12, 10,    2662638,    2662638,    2662638,    2662638
28,    3193967,     26.0,     26.0,     26.0,     77.0,  9, 10, 11,  9,    2663149,    2663149,    2663149,    2663149
28,    3193988,     26.0,     26.0,     26.0,     78.0,  9, 10, 11,  9,    2663160,    2663160,    2663160,    2663160
28,    3191771,     26.0,     26.0,     26.0,     77.0,  9, 10, 11,  9,    2662635,    2662635,    2662635,    2662635
28,    3191776,     26.0,     26.0,     26.0,     77.0,  9, 10, 11,  9,    2662636,    2662636,    2662636,    2662636
28,    3191794,     26.0,     26.0,     26.0,     77.0,  9, 10, 11,  9,    2662640,    2662640,    2662640,    2662640
28,    3194096,     26.0,     26.0,     26.0,     77.0,  9, 10, 11,  9,    2663196,    2663196,    2663196,    2663196
28,    3194145,     26.0,     26.0,     26.0,     77.0,  9, 10, 11,  9,    2663208,    2663208,    2663208,    2663208
28,    3194443,     26.0,     26.0,     26.0,     77.0,  9, 10, 11,  9,    2663321,    2663321,    2663321,    2663321
28,    2577330,     52.0,     51.0,     52.0,    154.0,  9, 12, 11,  9,      80010,      80010,      80010,      80010
28,    2525031,     19.0,     19.0,     19.0,     57.0,  9, 10, 11,  9,    2372196,    2372196,    2372196,    2372196
28,    2577380,     52.0,     52.0,     52.0,    154.0,  9, 10, 11,  9,      80010,      80010,      80010,      80010
28,      44300,     26.0,     26.0,     26.0,     77.0,  9, 10, 11,  9,      80125,      80125,      80125,      80125
28,    3195095,     26.0,     26.0,     26.0,     77.0,  9, 10, 11,  9,      80125,      80125,      80125,      80125
28,    2525046,     19.0,     19.0,     19.0,     58.0,  9, 10, 11,  9,    2372220,    2372220,    2372220,    2372220
28,      43451,     52.0,     51.0,     51.0,    154.0,  9, 12, 12,  9,      78208,      78207,      78207,      78208
28,    2577532,     53.0,     50.0,     51.0,    172.0, 12, 12, 12, 10,    2403033,    2403033,    2403033,    2403033
28,    2577530,     53.0,     50.0,     51.0,    172.0, 12, 12, 12, 10,    2403034,    2403034,    2403034,    2403034
28,    2577535,     53.0,     50.0,     51.0,    175.0, 12, 12, 12, 10,    2403046,    2403046,    2403046,    2403046
28,    1119992,     69.0,     67.0,     68.0,    203.0,  9, 12, 12,  9,    1344979,    1344976,    1344976,    1344979
28,    2525133,     25.0,     25.0,     25.0,     76.0,  9, 10, 11, 10,    2372261,    2372261,    2372261,    2372261
28,    1120085,     71.0,     71.0,     71.0,    207.0,  9, 10, 11,  9,    1345020,    1345020,    1345020,    1345020
28,    2537247,     21.0,     20.0,     17.0,     59.0,  9, 10, 12, 11,    2381222,    2381222,    2381222,    2381222
28,    3194006,     19.0,     19.0,     19.0,     58.0,  9, 10, 11,  9,    2663165,    2663165,    2663165,    2663165
28,    2614724,     54.0,     54.0,     54.0,    157.0,  9, 10, 11,  9,      80010,      80010,      80010,      80010
28,    3191508,     26.0,     25.0,     25.0,     77.0,  9, 10, 11, 10,    2662556,    2662556,    2662556,    2662556
28,    3191539,     19.0,     19.0,     18.0,     57.0,  9, 10, 12, 10,    2662563,    2662563,    2662563,    2662563
28,    3191564,     25.0,     26.0,     25.0,     76.0,  9, 10, 11,  9,    2662571,    2662571,    2662571,    2662571
28,    3191586,     19.0,     19.0,     19.0,     58.0,  9, 10, 11,  9,    2662577,    2662577,    2662577,    2662577
28,    3191610,     19.0,     19.0,     19.0,     58.0,  9, 10, 11,  9,    2662587,    2662587,    2662587,    2662587
28,    3191685,     26.0,     25.0,     26.0,     77.0,  9, 12, 11,  9,    2662602,    2662602,    2662602,    2662602
28,    3191706,     19.0,     19.0,     19.0,     57.0,  9, 10, 11, 10,    2662608,    2662608,    2662608,    2662608
28,    3191744,     19.0,     19.0,     19.0,     58.0,  9, 10, 11,  9,    2662618,    2662618,    2662618,    2662618
28,    3191738,     19.0,     19.0,     19.0,     58.0,  9, 10, 11,  9,    2662617,    2662617,    2662617,    2662617
28,    3191755,     25.0,     25.0,     25.0,     76.0,  9, 10, 11,  9,    2662628,    2662628,    2662628,    2662628
28,    3194140,     26.0,     26.0,     26.0,     77.0,  9, 10, 11,  9,    2663207,    2663207,    2663207,    2663207
28,    3280980,     26.0,     26.0,     26.0,     78.0, 12, 10, 11,  9,    2687841,    2687841,    2687841,    2687841
28,    3446393,     25.0,     25.0,     25.0,     76.0,  9, 10, 11,  9,    2742763,    2742763,    2742763,    2742763
28,    3579600,     69.0,     68.0,     69.0,    217.0, 12, 12, 12,  9,      80093,      80093,      80093,      80093
28,    3622002,     53.0,     55.0,     52.0,    162.0, 12, 12, 12,  9,    2201249,    2201249,    2201249,    2855783
28,    4075278,     51.0,     53.0,     50.0,    166.0, 12, 12, 12,  9,    2201249,    2201249,    2201249,    2201249
28,    4075353,     51.0,     53.0,     50.0,    160.0, 12, 12, 12,  9,    2201249,    2201249,    2201249,    2944141
29,      44255,     19.0,     19.0,     19.0,     58.0,  9, 10, 11,  9,      80015,      80015,      80015,      80015
29,    2573776,     53.0,     53.0,     53.0,    156.0,  9, 10, 11,  9,      80010,      80010,      80010,      80010
29,    2573791,     53.0,     53.0,     53.0,    156.0,  9, 10, 11,  9,      80010,      80010,      80010,      80010
29,    2573831,     53.0,     53.0,     53.0,    156.0,  9, 10, 11,  9,      80010,      80010,      80010,      80010
29,    2573943,     54.0,     54.0,     54.0,    157.0,  9, 10, 11,  9,      80010,      80010,      80010,      80010
29,    2614720,     54.0,     54.0,     54.0,    158.0,  9, 10, 11,  9,      80010,      80010,      80010,      80010
29,    2574035,     54.0,     54.0,     54.0,    158.0,  9, 10, 11,  9,      80010,      80010,      80010,      80010
29,    2574144,     54.0,     54.0,     54.0,    158.0,  9, 10, 11,  9,      80010,      80010,      80010,      80010
29,    2574617,     55.0,     55.0,     55.0,    158.0,  9, 10, 11, 11,      80010,      80010,      80010,      80010
29,    3194731,     26.0,     26.0,     26.0,     78.0,  9, 10, 11,  9,    2663390,    2663390,    2663390,    2663390
29,    3194751,     26.0,     26.0,     26.0,     78.0,  9, 10, 11,  9,    2663397,    2663397,    2663397,    2663397
29,    3194737,     27.0,     27.0,     27.0,     78.0,  9, 10, 11,  9,    2401769,    2401769,    2401769,    2401769
29,    3194626,     26.0,     26.0,     26.0,     77.0,  9, 10, 11, 10,    2663364,    2663364,    2663364,    2663364
29,    3194097,     19.0,     19.0,     19.0,     58.0,  9, 10, 11,  9,    2372116,    2372116,    2372116,    2372116
29,    3194110,     19.0,     19.0,     19.0,     58.0,  9, 10, 11,  9,    2663201,    2663201,    2663201,    2663201
29,    3194050,     26.0,     26.0,     26.0,     77.0,  9, 10, 11,  9,    2663181,    2663181,    2663181,    2663181
29,    3194071,     20.0,     20.0,     20.0,     59.0,  9, 10, 11,  9,      80086,      80086,      80086,      80086
29,     933929,     57.0,     56.0,     57.0,    168.0, 12, 12, 12, 10,    1211140,    1211140,    1211140,    1211140
29,     933924,     57.0,     56.0,     57.0,    166.0,  9, 12, 12,  9,    1211137,    1211137,    1211137,    1211137
29,    3194526,     26.0,     26.0,     26.0,     78.0,  9, 10, 11,  9,    2663347,    2663347,    2663347,    2663347
29,    3194541,     26.0,     26.0,     26.0,     78.0,  9, 10, 11,  9,    2663354,    2663354,    2663354,    2663354
29,      44304,     26.0,     26.0,     26.0,     78.0,  9, 10, 11,  9,      80125,      80125,      80125,      80125
29,    3194638,     54.0,     55.0,     54.0,    153.0,  4,  5,  6,  4,    3194638,    3194638,    3194638,    3194638
29,      43457,     55.0,     53.0,     54.0,    161.0, 12, 12, 12, 10,      78211,      78207,      78207,      78211
29,    2576524,     52.0,     51.0,     52.0,    156.0, 12, 12, 12,  9,    2402599,      78207,      78207,    2402599
29,    1406046,     47.0,     48.0,     47.0,    134.0,  4,  5,  6,  4,     649576,    1406046,    1406046,    1406046
29,    3419144,     19.0,     20.0,     19.0,     59.0, 12, 10, 12, 11,    1211181,    1211181,    1211181,    1211181
29,    3194448,     26.0,     26.0,     26.0,     77.0,  9, 10, 11,  9,    2663323,    2663323,    2663323,    2663323
29,    3195024,     55.0,     55.0,     55.0,    159.0,  9, 10, 11,  9,      80010,      80010,      80010,      80010
29,    1405960,     26.0,     26.0,     26.0,     78.0,  9, 10, 11,  9,    1523921,    1523921,    1523921,    1523921
29,    3194851,     55.0,     55.0,     55.0,    159.0,  9, 10, 11,  9,      80010,      80010,      80010,      80010
29,    2614721,     54.0,     54.0,     54.0,    157.0,  9, 10, 11,  9,      80010,      80010,      80010,      80010
29,     649581,     49.0,     51.0,     50.0,    141.0,  4,  5,  6,  4,     649581,     649581,     649581,     649581
29,    3194708,     26.0,     26.0,     26.0,     78.0,  9, 10, 11,  9,    2663385,    2663385,    2663385,    2663385
29,    2579329,     70.0,     71.0,     71.0,    221.0, 12, 12, 12,  9,      80093,      80093,      80093,      80093
29,    2538885,     54.0,     52.0,     52.0,    158.0,  9, 12, 12,  9,    2201241,      80037,    2879852,    2201241
29,    1203904,     55.0,     56.0,     56.0,    157.0,  4, 12,  6,  4,    1203904,    2201249,    1203904,    1203904
29,    3194458,     26.0,     26.0,     26.0,     78.0,  9, 10, 11,  9,    2663325,    2663325,    2663325,    2663325
29,    2239329,     26.0,     26.0,     26.0,     77.0,  9, 10, 11,  9,      80125,      80125,      80125,      80125
29,    2524843,     53.0,     50.0,     53.0,    157.0, 12, 12, 12,  9,    2371971,    2371971,      80037,    2371971
29,    2524851,     53.0,     49.0,     53.0,    158.0, 12, 12, 12, 11,    2371975,    2371975,      80037,    2371975
29,    3194467,     26.0,     26.0,     26.0,     77.0,  9, 10, 11,  9,    2663327,    2663327,    2663327,    2663327
29,    3194502,     26.0,     26.0,     26.0,     77.0,  9, 10, 11, 11,    2663340,    2663340,    2663340,    2663340
29,    3831482,     54.0,     51.0,     50.0,    156.0, 12, 12, 12, 11,    2879852,      80037,    2879852,    2879851
29,    3831483,     54.0,     51.0,     50.0,    156.0, 12, 12, 12, 11,      80037,      80037,    2879852,    2879852
29,    2537242,     55.0,     51.0,     52.0,    169.0, 12, 12, 12, 10,      78207,    2403033,      78207,    2381221
29,    2574775,     54.0,     52.0,     53.0,    166.0, 12, 12, 12, 10,    2401788,      78207,      78207,    2401788
29,    2574794,     54.0,     52.0,     53.0,    161.0, 12, 12, 12, 10,    2401788,      78207,      78207,    2401794
29,      43455,     56.0,     53.0,     54.0,    162.0, 12, 12, 12,  9,      78211,    2401788,      78207,      78211
29,      43456,     55.0,     52.0,     53.0,    159.0, 12, 12, 12,  9,      78211,    2401788,    2381221,      78222
29,    2575174,     55.0,     53.0,     54.0,    160.0, 12, 12, 12, 10,      78211,      78207,      78207,      78211
29,    2575228,     71.0,     71.0,     71.0,    222.0, 12, 12, 12,  9,      80093,      80093,      80093,      80093
29,    2575231,     70.0,     71.0,     71.0,    221.0, 12, 12, 12,  9,      80093,      80093,      80093,      80093
29,      44293,     70.0,     71.0,     71.0,    221.0, 12, 12, 12,  9,      80093,      80093,      80093,      80093
29,    2524922,     70.0,     71.0,     71.0,    221.0, 12, 12, 12,  9,      80093,      80093,      80093,      80093
29,    2575371,     70.0,     70.0,     70.0,    220.0, 12, 12, 12,  9,      80093,      80093,      80093,      80093
29,    2575422,     69.0,     69.0,     69.0,    218.0, 12, 12, 12,  9,      80093,      80093,      80093,      80093
29,    2575448,     69.0,     70.0,     70.0,    219.0, 12, 12, 12,  9,      80093,      80093,      80093,      80093
29,    2575544,     70.0,     71.0,     71.0,    221.0, 12, 12, 12,  9,      80093,      80093,      80093,      80093
29,    2575568,     71.0,     71.0,     71.0,    222.0, 12, 12, 12,  9,      80093,      80093,      80093,      80093
29,    3191763,     26.0,     26.0,     25.0,     77.0,  9, 10, 12,  9,    2662631,    2662631,    2662631,    2662631
29,    3191784,     26.0,     25.0,     26.0,     78.0,  9, 12, 11,  9,    2662638,    2662638,    2662638,    2662638
29,    3193967,     26.0,     25.0,     26.0,     77.0,  9, 12, 11,  9,    2663149,    2663149,    2663149,    2663149
29,    3193988,     26.0,     26.0,     26.0,     78.0,  9, 10, 11,  9,    2663160,    2663160,    2663160,    2663160
29,    3191771,     26.0,     26.0,     26.0,     77.0,  9, 10, 11,  9,    2662635,    2662635,    2662635,    2662635
29,    3191776,     26.0,     26.0,     26.0,     77.0,  9, 10, 11,  9,    2662636,    2662636,    2662636,    2662636
29,    3191794,     26.0,     26.0,     26.0,     77.0,  9, 10, 11,  9,    2662640,    2662640,    2662640,    2662640
29,    3194096,     26.0,     26.0,     26.0,     77.0,  9, 10, 11,  9,    2663196,    2663196,    2663196,    2663196
29,    3194145,     26.0,     26.0,     26.0,     77.0,  9, 10, 11,  9,    2663208,    2663208,    2663208,    2663208
29,    3194443,     26.0,     26.0,     26.0,     77.0,  9, 10, 11, 10,    2663321,    2663321,    2663321,    2663321
29,    2577330,     52.0,     51.0,     52.0,    154.0,  9, 12, 11,  9,      80010,      80010,      80010,      80010
29,    2525031,     19.0,     19.0,     19.0,     57.0,  9, 10, 11,  9,    2372196,    2372196,    2372196,    2372196
29,    2577380,     52.0,     52.0,     52.0,    154.0,  9, 10, 11,  9,      80010,      80010,      80010,      80010
29,      44300,     26.0,     26.0,     26.0,     77.0,  9, 10, 11,  9,      80125,      80125,      80125,      80125
29,    3195095,     26.0,     26.0,     26.0,     77.0,  9, 10, 11,  9,      80125,      80125,      80125,      80125
29,    2525046,     19.0,     19.0,     19.0,     58.0,  9, 10, 11,  9,    2372220,    2372220,    2372220,    2372220
29,      43451,     52.0,     51.0,     52.0,    154.0,  9, 12, 12,  9,      78208,      78207,      78207,      78208
29,    2577532,     54.0,     50.0,     51.0,    168.0, 12, 12, 12, 10,    2403033,    2403033,    2403033,    2403033
29,    2577530,     54.0,     50.0,     51.0,    168.0, 12, 12, 12, 10,    2403034,    2403034,    2403034,    2403034
29,    2577535,     54.0,     50.0,     51.0,    170.0, 12, 12, 12, 10,    2403046,    2403046,    2403046,    2403046
29,    1119992,     69.0,     67.0,     68.0,    204.0,  9, 12, 12,  9,    1344979,    1344976,    1344976,    1344979
29,    2525133,     25.0,     25.0,     25.0,     76.0,  9, 10, 11,  9,    2372261,    2372261,    2372261,    2372261
29,    1120085,     71.0,     71.0,     71.0,    207.0,  9, 10, 11,  9,    1345020,    1345020,    1345020,    1345020
29,    2537247,     21.0,     20.0,     17.0,     60.0,  9, 10, 12, 10,    2381222,    2381222,    2381222,    2381222
29,    3194006,     19.0,     19.0,     19.0,     58.0,  9, 10, 11,  9,    2663165,    2663165,    2663165,    2663165
29,    2614724,     54.0,     54.0,     54.0,    157.0,  9, 10, 11,  9,      80010,      80010,      80010,      80010
29,    3191508,     26.0,     25.0,     25.0,     77.0,  9, 10, 11, 10,    2662556,    2662556,    2662556,    2662556
29,    3191539,     19.0,     19.0,     18.0,     57.0,  9, 10, 12, 10,    2662563,    2662563,    2662563,    2662563
29,    3191564,     25.0,     25.0,     25.0,     76.0,  9, 10, 11, 11,    2662571,    2662571,    2662571,    2662571
29,    3191586,     19.0,     19.0,     19.0,     58.0,  9, 10, 11,  9,    2662577,    2662577,    2662577,    2662577
29,    3191610,     19.0,     19.0,     19.0,     58.0,  9, 10, 11,  9,    2662587,    2662587,    2662587,    2662587
29,    3191685,     26.0,     26.0,     25.0,     77.0,  9, 10, 12,  9,    2662602,    2662602,    2662602,    2662602
29,    3191706,     19.0,     19.0,     19.0,     57.0,  9, 10, 11, 10,    2662608,    2662608,    2662608,    2662608
29,    3191744,     19.0,     19.0,     19.0,     58.0,  9, 10, 11,  9,    2662618,    2662618,    2662618,    2662618
29,    3191738,     19.0,     19.0,     19.0,     58.0,  9, 10, 11,  9,    2662617,    2662617,    2662617,    2662617
29,    3191755,     25.0,     25.0,     25.0,     76.0,  9, 10, 11,  9,    2662628,    2662628,    2662628,    2662628
29,    3194140,     26.0,     26.0,     26.0,     77.0,  9, 10, 11,  9,    2663207,    2663207,    2663207,    2663207
29,    3280980,     26.0,     26.0,     26.0,     78.0,  9, 10, 11,  9,    2687841,    2687841,    2687841,    2687841
29,    3446393,     25.0,     25.0,     25.0,     76.0,  9, 10, 11,  9,    2742763,    2742763,    2742763,    2742763
29,    3579600,     68.0,     69.0,     69.0,    217.0, 12, 12, 12,  9,      80093,      80093,      80093,      80093
29,    3622002,     52.0,     54.0,     53.0,    162.0, 12, 12, 12,  9,    2201249,    2201249,    2201249,    2855783
29,    4075278,     51.0,     52.0,     51.0,    163.0, 12, 12, 12,  9,    2201249,    2201249,    2201249,    2201249
29,    4075353,     51.0,     52.0,     52.0,    160.0, 12, 12, 12,  9,    2201249,    2201249,    2201249,    2944141
30,      44255,     19.0,     19.0,     19.0,     58.0,  9, 10, 11,  9,      80015,      80015,      80015,      80015
30,    2573776,     53.0,     53.0,     53.0,    156.0,  9, 10, 11,  9,      80010,      80010,      80010,      80010
30,    2573791,     53.0,     53.0,     53.0,    156.0,  9, 10, 11,  9,      80010,      80010,      80010,      80010
30,    2573831,     53.0,     53.0,     53.0,    156.0,  9, 10, 11,  9,      80010,      80010,      80010,      80010
30,    2573943,     54.0,     54.0,     54.0,    157.0,  9, 10, 11,  9,      80010,      80010,      80010,      80010
30,    2614720,     54.0,     54.0,     54.0,    158.0,  9, 10, 11,  9,      80010,      80010,      80010,      80010
30,    2574035,     54.0,     54.0,     54.0,    158.0,  9, 10, 11,  9,      80010,      80010,      80010,      80010
30,    2574144,     54.0,     54.0,     54.0,    158.0,  9, 10, 11,  9,      80010,      80010,      80010,      80010
30,    2574617,     55.0,     55.0,     55.0,    158.0,  9, 10, 11, 11,      80010,      80010,      80010,      80010
30,    3194731,     27.0,     26.0,     26.0,     78.0,  9, 10, 11,  9,    2663390,    2663390,    2663390,    2663390
30,    3194751,     27.0,     26.0,     26.0,     78.0,  9, 10, 11,  9,    2663397,    2663397,    2663397,    2663397
30,    3194737,     27.0,     27.0,     27.0,     78.0,  9, 10, 11,  9,    2401769,    2401769,    2401769,    2401769
30,    3194626,     26.0,     26.0,     26.0,     77.0,  9, 10, 11, 10,    2663364,    2663364,    2663364,    2663364
30,    3194097,     19.0,     19.0,     19.0,     58.0,  9, 10, 11,  9,    2372116,    2372116,    2372116,    2372116
30,    3194110,     19.0,     19.0,     19.0,     58.0,  9, 10, 11,  9,    2663201,    2663201,    2663201,    2663201
30,    3194050,     26.0,     26.0,     26.0,     77.0,  9, 10, 11,  9,    2663181,    2663181,    2663181,    2663181
30,    3194071,     20.0,     20.0,     20.0,     59.0,  9, 10, 11,  9,      80086,      80086,      80086,      80086
30,     933929,     57.0,     56.0,     57.0,    168.0, 12, 12, 12,  9,    1211140,    1211140,    1211140,    1211140
30,     933924,     57.0,     56.0,     57.0,    166.0,  9, 12, 12,  9,    1211137,    1211137,    1211137,    1211137
30,    3194526,     26.0,     26.0,     26.0,     77.0,  9, 10, 11, 10,    2663347,    2663347,    2663347,    2663347
30,    3194541,     26.0,     26.0,     26.0,     78.0,  9, 10, 11,  9,    2663354,    2663354,    2663354,    2663354
30,      44304,     26.0,     26.0,     26.0,     78.0,  9, 10, 11,  9,      80125,      80125,      80125,      80125
30,    3194638,     53.0,     55.0,     54.0,    151.0,  4,  5,  6,  4,    3194638,    3194638,    3194638,    3194638
30,      43457,     55.0,     53.0,     54.0,    161.0, 12, 12, 12,  9,      78211,    2401788,      78207,      78211
30,    2576524,     52.0,     51.0,     52.0,    156.0, 12, 12, 12,  9,    2402599,      78207,      78207,    2402599
30,    1406046,     46.0,     48.0,     47.0,    132.0,  4,  5,  6,  4,    1406046,    1406046,    1406046,    1406046
30,    3419144,     19.0,     20.0,     18.0,     59.0, 12, 10, 12, 11,    1211181,    1211181,    1211181,    1211181
30,    3194448,     26.0,     26.0,     26.0,     77.0,  9, 10, 11,  9,    2663323,    2663323,    2663323,    2663323
30,    3195024,     55.0,     55.0,     55.0,    159.0,  9, 10, 11,  9,      80010,      80010,      80010,      80010
30,    1405960,     26.0,     26.0,     26.0,     78.0,  9, 10, 11,  9,    1523921,    1523921,    1523921,    1523921
30,    3194851,     55.0,     55.0,     55.0,    159.0,  9, 10, 11,  9,      80010,      80010,      80010,      80010
30,    2614721,     54.0,     54.0,     54.0,    157.0,  9, 10, 11,  9,      80010,      80010,      80010,      80010
30,     649581,     49.0,     51.0,     50.0,    140.0,  4,  5,  6,  4,     649581,     649581,     649567,     649581
30,    3194708,     26.0,     26.0,     26.0,     78.0,  9, 10, 11,  9,    2663385,    2663385,    2663385,    2663385
30,    2579329,     71.0,     70.0,     71.0,    222.0, 12, 12, 12,  9,      80093,      80093,      80093,      80093
30,    2538885,     54.0,     52.0,     53.0,    158.0,  9, 12, 12,  9,    2201241,      80037,    2879852,    2201241
30,    1203904,     55.0,     57.0,     54.0,    156.0,  4,  5, 12,  4,    1203904,    1203904,    2201249,    1203904
30,    3194458,     26.0,     26.0,     26.0,     78.0,  9, 10, 11,  9,    2663325,    2663325,    2663325,    2663325
30,    2239329,     26.0,     26.0,     26.0,     77.0,  9, 10, 11,  9,      80125,      80125,      80125,      80125
30,    2524843,     53.0,     50.0,     53.0,    156.0, 12, 12, 11, 11,    2371971,      80037,    2371971,    2371971
30,    2524851,     53.0,     50.0,     54.0,    158.0, 12, 12, 11, 11,    2371975,      80037,      80037,    2371975
30,    3194467,     26.0,     26.0,     26.0,     77.0,  9, 10, 11,  9,    2663327,    2663327,    2663327,    2663327
30,    3194502,     26.0,     26.0,     26.0,     77.0,  9, 10, 11, 10,    2663340,    2663340,    2663340,    2663340
30,    3831482,     54.0,     50.0,     52.0,    156.0, 12, 12, 12, 11,      80037,      80037,    2879851,    2879851
30,    3831483,     54.0,     50.0,     51.0,    157.0, 12, 12, 12, 11,      80037,      80037,    2879852,    2879852
30,    2537242,     54.0,     52.0,     53.0,    170.0, 12, 12, 12, 10,      78207,      78207,      78207,    2381221
30,    2574775,     54.0,     52.0,     53.0,    166.0, 12, 12, 12,  9,    2401788,      78207,      78207,    2401788
30,    2574794,     54.0,     52.0,     53.0,    161.0, 12, 12, 12,  9,    2401788,      78207,      78207,    2401794
30,      43455,     55.0,     54.0,     55.0,    162.0, 12, 12, 12,  5,      78211,      78207,      78207,      43455
30,      43456,     54.0,     53.0,     54.0,    158.0, 12, 12, 12,  9,      78211,      78207,      78207,      78222
30,    2575174,     55.0,     53.0,     54.0,    161.0, 12, 12, 12,  9,      78211,      78207,      78207,      78211
30,    2575228,     71.0,     70.0,     71.0,    222.0, 12, 12, 12,  9,      80093,      80093,      80093,      80093
30,    2575231,     71.0,     70.0,     71.0,    222.0, 12, 12, 12,  9,      80093,      80093,      80093,      80093
30,      44293,     71.0,     70.0,     71.0,    222.0, 12, 12, 12,  9,      80093,      80093,      80093,      80093
30,    2524922,     71.0,     70.0,     71.0,    222.0, 12, 12, 12,  9,      80093,      80093,      80093,      80093
30,    2575371,     70.0,     69.0,     70.0,    220.0, 12, 12, 12,  9,      80093,      80093,      80093,      80093
30,    2575422,     69.0,     68.0,     69.0,    219.0, 12, 12, 12,  9,      80093,      80093,      80093,      80093
30,    2575448,     70.0,     69.0,     70.0,    219.0, 12, 12, 12,  9,      80093,      80093,      80093,      80093
30,    2575544,     71.0,     70.0,     71.0,    221.0, 12, 12, 12,  9,      80093,      80093,      80093,      80093
30,    2575568,     72.0,     70.0,     72.0,    222.0, 12, 12, 12,  9,      80093,      80093,      80093,      80093
30,    3191763,     26.0,     26.0,     25.0,     77.0,  9, 10, 12,  9,    2662631,    2662631,    2662631,    2662631
30,    3191784,     26.0,     25.0,     26.0,     78.0,  9, 12, 11,  9,    2662638,    2662638,    2662638,    2662638
30,    3193967,     26.0,     26.0,     26.0,     77.0,  9, 10, 11,  9,    2663149,    2663149,    2663149,    2663149
30,    3193988,     26.0,     26.0,     26.0,     78.0,  9, 10, 11,  9,    2663160,    2663160,    2663160,    2663160
30,    3191771,     26.0,     26.0,     26.0,     77.0,  9, 10, 11,  9,    2662635,    2662635,    2662635,    2662635
30,    3191776,     26.0,     26.0,     26.0,     77.0,  9, 10, 11,  9,    2662636,    2662636,    2662636,    2662636
30,    3191794,     26.0,     26.0,     26.0,     77.0,  9, 10, 11,  9,    2662640,    2662640,    2662640,    2662640
30,    3194096,     26.0,     26.0,     26.0,     77.0,  9, 10, 11,  9,    2663196,    2663196,    2663196,    2663196
30,    3194145,     26.0,     26.0,     26.0,     77.0,  9, 10, 11,  9,    2663208,    2663208,    2663208,    2663208
30,    3194443,     26.0,     26.0,     26.0,     77.0,  9, 10, 11, 10,    2663321,    2663321,    2663321,    2663321
30,    2577330,     52.0,     51.0,     52.0,    154.0,  9, 12, 11,  9,      80010,      80010,      80010,      80010
30,    2525031,     19.0,     19.0,     19.0,     57.0,  9, 10, 11,  9,    2372196,    2372196,    2372196,    2372196
30,    2577380,     52.0,     52.0,     52.0,    154.0,  9, 10, 11,  9,      80010,      80010,      80010,      80010
30,      44300,     26.0,     26.0,     26.0,     77.0,  9, 10, 11,  9,      80125,      80125,      80125,      80125
30,    3195095,     26.0,     26.0,     26.0,     77.0,  9, 10, 11,  9,      80125,      80125,      80125,      80125
30,    2525046,     19.0,     19.0,     19.0,     58.0,  9, 10, 11,  9,    2372220,    2372220,    2372220,    2372220
30,      43451,     52.0,     51.0,     52.0,    154.0,  9, 12, 12, 11,      78208,      78207,      78207,      78208
30,    2577532,     53.0,     50.0,     52.0,    169.0, 12, 12, 12, 10,    2403033,    2403033,    2403033,    2403033
30,    2577530,     53.0,     50.0,     52.0,    169.0, 12, 12, 12, 10,    2403034,    2403034,    2403034,    2403034
30,    2577535,     53.0,     50.0,     52.0,    171.0, 12, 12, 12, 10,    2403046,    2403046,    2403046,    2403046
30,    1119992,     69.0,     67.0,     69.0,    204.0,  9, 12, 12,  9,    1344979,    1344976,    1344976,    1344979
30,    2525133,     25.0,     25.0,     25.0,     76.0,  9, 10, 11,  9,    2372261,    2372261,    2372261,    2372261
30,    1120085,     71.0,     71.0,     71.0,    207.0,  9, 10, 11,  9,    1345020,    1345020,    1345020,    1345020
30,    2537247,     20.0,     19.0,     18.0,     60.0, 12, 12, 12, 10,    2381222,    2381222,    2381222,    2381222
30,    3194006,     19.0,     19.0,     19.0,     58.0,  9, 10, 11,  9,    2663165,    2663165,    2663165,    2663165
30,    2614724,     54.0,     54.0,     54.0,    157.0,  9, 10, 11,  9,      80010,      80010,      80010,      80010
30,    3191508,     26.0,     25.0,     25.0,     77.0,  9, 10, 11, 10,    2662556,    2662556,    2662556,    2662556
30,    3191539,     20.0,     19.0,     18.0,     57.0,  9, 10, 12, 10,    2662563,    2662563,    2662563,    2662563
30,    3191564,     25.0,     25.0,     25.0,     76.0,  9, 10, 11, 11,    2662571,    2662571,    2662571,    2662571
30,    3191586,     19.0,     19.0,     19.0,     58.0,  9, 10, 11,  9,    2662577,    2662577,    2662577,    2662577
30,    3191610,     19.0,     19.0,     19.0,     58.0,  9, 10, 11,  9,    2662587,    2662587,    2662587,    2662587
30,    3191685,     26.0,     26.0,     25.0,     77.0,  9, 10, 12,  9,    2662602,    2662602,    2662602,    2662602
30,    3191706,     19.0,     19.0,     19.0,     57.0,  9, 10, 11, 10,    2662608,    2662608,    2662608,    2662608
30,    3191744,     19.0,     19.0,     19.0,     58.0,  9, 10, 11,  9,    2662618,    2662618,    2662618,    2662618
30,    3191738,     19.0,     19.0,     19.0,     58.0,  9, 10, 11,  9,    2662617,    2662617,    2662617,    2662617
30,    3191755,     25.0,     25.0,     25.0,     76.0,  9, 10, 11,  9,    2662628,    2662628,    2662628,    2662628
30,    3194140,     26.0,     26.0,     26.0,     77.0,  9, 10, 11,  9,    2663207,    2663207,    2663207,    2663207
30,    3280980,     26.0,     26.0,     26.0,     77.0,  9, 10, 11, 10,    2687841,    2687841,    2687841,    2687841
30,    3446393,     25.0,     25.0,     25.0,     76.0,  9, 10, 11,  9,    2742763,    2742763,    2742763,    2742763
30,    3579600,     69.0,     68.0,     69.0,    218.0, 12, 12, 12,  9,      80093,      80093,      80093,      80093
30,    3622002,     53.0,     55.0,     52.0,    162.0, 12, 12, 12,  9,    2201249,    2201249,    2201249,    2855783
30,    4075278,     51.0,     53.0,     50.0,    163.0, 12, 12, 12,  9,    2201249,    2201249,    2201249,    2201249
30,    4075353,     51.0,     53.0,     50.0,    160.0, 12, 12, 12,  9,    2201249,    2201249,    2201249,    2944141
31,      44255,     19.0,     19.0,     19.0,     58.0,  9, 10, 11,  9,      80015,      80015,      80015,      80015
31,    2573776,     53.0,     53.0,     53.0,    156.0,  9, 10, 11,  9,      80010,      80010,      80010,      80010
31,    2573791,     53.0,     53.0,     53.0,    156.0,  9, 10, 11,  9,      80010,      80010,      80010,      80010
31,    2573831,     53.0,     53.0,     53.0,    156.0,  9, 10, 11,  9,      80010,      80010,      80010,      80010
31,    2573943,     54.0,     54.0,     54.0,    157.0,  9, 10, 11,  9,      80010,      80010,      80010,      80010
31,    2614720,     54.0,     54.0,     54.0,    158.0,  9, 10, 11,  9,      80010,      80010,      80010,      80010
31,    2574035,     54.0,     54.0,     54.0,    158.0,  9, 10, 11,  9,      80010,      80010,      80010,      80010
31,    2574144,     54.0,     54.0,     54.0,    158.0,  9, 10, 11,  9,      80010,      80010,      80010,      80010
31,    2574617,     55.0,     55.0,     55.0,    159.0,  9, 10, 11,  9,      80010,      80010,      80010,      80010
31,    3194731,     27.0,     26.0,     26.0,     78.0,  9, 10, 11,  9,    2663390,    2663390,    2663390,    2663390
31,    3194751,     27.0,     26.0,     26.0,     78.0,  9, 10, 11,  9,    2663397,    2663397,    2663397,    2663397
31,    3194737,     27.0,     27.0,     27.0,     78.0,  9, 10, 11,  9,    2401769,    2401769,    2401769,    2401769
31,    3194626,     26.0,     26.0,     26.0,     77.0,  9, 10, 11, 10,    2663364,    2663364,    2663364,    2663364
31,    3194097,     19.0,     19.0,     19.0,     58.0,  9, 10, 11,  9,    2372116,    2372116,    2372116,    2372116
31,    3194110,     19.0,     19.0,     19.0,     58.0,  9, 10, 11,  9,    2663201,    2663201,    2663201,    2663201
31,    3194050,     26.0,     26.0,     26.0,     77.0,  9, 10, 11,  9,    2663181,    2663181,    2663181,    2663181
31,    3194071,     20.0,     20.0,     20.0,     59.0,  9, 10, 11,  9,      80086,      80086,      80086,      80086
31,     933929,     57.0,     57.0,     57.0,    168.0, 12, 12, 12, 10,    1211140,    1211140,    1211140,    1211140
31,     933924,     57.0,     56.0,     57.0,    167.0, 12, 12, 12, 10,    1211137,    1211137,    1211137,    1211137
31,    3194526,     26.0,     26.0,     26.0,     77.0,  9, 10, 11, 10,    2663347,    2663347,    2663347,    2663347
31,    3194541,     26.0,     26.0,     26.0,     77.0,  9, 10, 11, 10,    2663354,    2663354,    2663354,    2663354
31,      44304,     26.0,     26.0,     26.0,     78.0,  9, 10, 11,  9,      80125,      80125,      80125,      80125
31,    3194638,     53.0,     56.0,     54.0,    151.0,  4,  5,  6,  4,    3194638,    3194638,    3194638,    3194638
31,      43457,     55.0,     52.0,     53.0,    161.0, 12, 12, 12,  9,      78211,    2401788,      78207,      78211
31,    2576524,     52.0,     51.0,     51.0,    156.0, 12, 12, 12,  9,    2402599,      78207,      78207,    2402599
31,    1406046,     46.0,     49.0,     47.0,    132.0,  4,  5,  6,  4,    1406046,    1406046,    1406046,    1406046
31,    3419144,     19.0,     20.0,     18.0,     59.0, 12, 10, 12, 11,    1211181,    1211181,    1211181,    1211181
31,    3194448,     26.0,     26.0,     26.0,     77.0,  9, 10, 11, 11,    2663323,    2663323,    2663323,    2663323
31,    3195024,     55.0,     55.0,     55.0,    159.0,  9, 10, 11,  9,      80010,      80010,      80010,      80010
31,    1405960,     26.0,     26.0,     26.0,     78.0,  9, 10, 11,  9,    1523921,    1523921,    1523921,    1523921
31,    3194851,     55.0,     55.0,     55.0,    159.0,  9, 10, 11,  9,      80010,      80010,      80010,      80010
31,    2614721,     54.0,     54.0,     54.0,    157.0,  9, 10, 11,  9,      80010,      80010,      80010,      80010
31,     649581,     49.0,     52.0,     50.0,    140.0,  4,  5,  6,  4,     649581,     649581,     649581,     649581
31,    3194708,     26.0,     26.0,     26.0,     77.0,  9, 10, 11, 10,    2663385,    2663385,    2663385,    2663385
31,    2579329,     71.0,     70.0,     70.0,    224.0, 12, 12, 12,  9,      80093,      80093,      80093,      80093
31,    2538885,     54.0,     53.0,     53.0,    158.0,  9, 12, 12,  9,    2201241,      80037,    2879852,    2201241
31,    1203904,     54.0,     58.0,     55.0,    156.0, 12,  5, 12,  4,    2201249,    1203904,    2201249,    1203904
31,    3194458,     26.0,     26.0,     26.0,     78.0, 12, 10, 11, 10,    2663325,    2663325,    2663325,    2663325
31,    2239329,     26.0,     26.0,     26.0,     77.0,  9, 10, 11,  9,      80125,      80125,      80125,      80125
31,    2524843,     53.0,     50.0,     53.0,    156.0, 12, 12, 11, 11,      80037,    2371971,    2371971,    2371971
31,    2524851,     53.0,     50.0,     54.0,    158.0, 12, 12, 11, 11,      80037,    2371975,      80037,    2371975
31,    3194467,     26.0,     26.0,     26.0,     77.0,  9, 10, 11,  9,    2663327,    2663327,    2663327,    2663327
31,    3194502,     26.0,     26.0,     26.0,     77.0,  9, 10, 11, 10,    2663340,    2663340,    2663340,    2663340
31,    3831482,     53.0,     51.0,     52.0,    156.0, 12, 12, 12, 11,      80037,      80037,    2879852,    2879851
31,    3831483,     52.0,     51.0,     51.0,    157.0, 12, 12, 12, 11,    2879852,      80037,    2879852,    2879852
31,    2537242,     56.0,     51.0,     52.0,    170.0, 12, 12, 12, 10,      78207,    2403033,      78207,    2381221
31,    2574775,     54.0,     51.0,     52.0,    166.0, 12, 12, 12, 10,    2401788,    2401788,      78207,    2401788
31,    2574794,     55.0,     51.0,     52.0,    162.0, 12, 12, 12, 10,    2401788,    2401788,      78207,    2401794
31,      43455,     55.0,     53.0,     54.0,    162.0, 12, 12, 12,  5,      78211,    2401788,      78207,      43455
31,      43456,     54.0,     52.0,     53.0,    159.0, 12, 12, 12,  9,      78211,    2401788,      78207,      78222
31,    2575174,     55.0,     52.0,     53.0,    161.0, 12, 12, 12,  9,      78211,    2401788,      78207,      78211
31,    2575228,     72.0,     71.0,     71.0,    225.0, 12, 12, 12,  9,      80093,      80093,      80093,      80093
31,    2575231,     71.0,     71.0,     70.0,    224.0, 12, 12, 12,  9,      80093,      80093,      80093,      80093
31,      44293,     71.0,     70.0,     70.0,    224.0, 12, 12, 12,  9,      80093,      80093,      80093,      80093
31,    2524922,     71.0,     70.0,     70.0,    224.0, 12, 12, 12,  9,      80093,      80093,      80093,      80093
31,    2575371,     71.0,     70.0,     70.0,    223.0, 12, 12, 12,  9,      80093,      80093,      80093,      80093
31,    2575422,     70.0,     69.0,     69.0,    221.0, 12, 12, 12,  9,      80093,      80093,      80093,      80093
31,    2575448,     70.0,     69.0,     69.0,    222.0, 12, 12, 12,  9,      80093,      80093,      80093,      80093
31,    2575544,     71.0,     70.0,     70.0,    223.0, 12, 12, 12,  9,      80093,      80093,      80093,      80093
31,    2575568,     72.0,     71.0,     71.0,    225.0, 12, 12, 12,  9,      80093,      80093,      80093,      80093
31,    3191763,     26.0,     26.0,     25.0,     77.0,  9, 10, 12,  9,    2662631,    2662631,    2662631,    2662631
31,    3191784,     26.0,     25.0,     26.0,     78.0,  9, 12, 11,  9,    2662638,    2662638,    2662638,    2662638
31,    3193967,     26.0,     26.0,     26.0,     77.0,  9, 10, 11,  9,    2663149,    2663149,    2663149,    2663149
31,    3193988,     26.0,     26.0,     26.0,     78.0,  9, 10, 11,  9,    2663160,    2663160,    2663160,    2663160
31,    3191771,     26.0,     26.0,     26.0,     77.0,  9, 10, 11,  9,    2662635,    2662635,    2662635,    2662635
31,    3191776,     26.0,     26.0,     26.0,     77.0,  9, 10, 11,  9,    2662636,    2662636,    2662636,    2662636
31,    3191794,     26.0,     26.0,     26.0,     77.0,  9, 10, 11,  9,    2662640,    2662640,    2662640,    2662640
31,    3194096,     26.0,     26.0,     26.0,     77.0,  9, 10, 11,  9,    2663196,    2663196,    2663196,    2663196
31,    3194145,     26.0,     26.0,     26.0,     77.0,  9, 10, 11,  9,    2663208,    2663208,    2663208,    2663208
31,    3194443,     26.0,     26.0,     26.0,     77.0,  9, 10, 11, 10,    2663321,    2663321,    2663321,    2663321
31,    2577330,     52.0,     51.0,     52.0,    154.0,  9, 12, 11,  9,      80010,      80010,      80010,      80010
31,    2525031,     19.0,     19.0,     19.0,     57.0,  9, 10, 11,  9,    2372196,    2372196,    2372196,    2372196
31,    2577380,     52.0,     52.0,     52.0,    154.0,  9, 10, 11,  9,      80010,      80010,      80010,      80010
31,      44300,     26.0,     26.0,     26.0,     77.0,  9, 10, 11,  9,      80125,      80125,      80125,      80125
31,    3195095,     26.0,     26.0,     26.0,     77.0,  9, 10, 11,  9,      80125,      80125,      80125,      80125
31,    2525046,     19.0,     19.0,     19.0,     58.0,  9, 10, 11,  9,    2372220,    2372220,    2372220,    2372220
31,      43451,     52.0,     51.0,     51.0,    154.0,  9, 12, 12,  9,      78208,      78207,      78207,      78208
31,    2577532,     54.0,     50.0,     51.0,    169.0, 12, 12, 12, 10,    2403033,    2403033,    2403033,    2403033
31,    2577530,     54.0,     50.0,     51.0,    169.0, 12, 12, 12, 10,    2403034,    2403034,    2403034,    2403034
31,    2577535,     54.0,     50.0,     51.0,    171.0, 12, 12, 12, 10,    2403046,    2403046,    2403046,    2403046
31,    1119992,     69.0,     67.0,     67.0,    204.0,  9, 12, 12,  9,    1344979,    1344976,    1344976,    1344979
31,    2525133,     25.0,     25.0,     25.0,     76.0,  9, 10, 11, 10,    2372261,    2372261,    2372261,    2372261
31,    1120085,     71.0,     71.0,     71.0,    207.0,  9, 10, 11,  9,    1345020,    1345020,    1345020,    1345020
31,    2537247,     21.0,     20.0,     16.0,     59.0,  9, 10, 12, 11,    2381222,    2381222,    2381222,    2381222
31,    3194006,     19.0,     19.0,     19.0,     58.0,  9, 10, 11,  9,    2663165,    2663165,    2663165,    2663165
31,    2614724,     54.0,     54.0,     54.0,    157.0,  9, 10, 11,  9,      80010,      80010,      80010,      80010
31,    3191508,     26.0,     25.0,     25.0,     77.0,  9, 10, 11, 10,    2662556,    2662556,    2662556,    2662556
31,    3191539,     19.0,     19.0,     18.0,     57.0,  9, 10, 12, 10,    2662563,    2662563,    2662563,    2662563
31,    3191564,     25.0,     25.0,     25.0,     77.0,  9, 10, 11,  9,    2662571,    2662571,    2662571,    2662571
31,    3191586,     19.0,     19.0,     19.0,     58.0,  9, 10, 11,  9,    2662577,    2662577,    2662577,    2662577
31,    3191610,     19.0,     19.0,     19.0,     58.0,  9, 10, 11,  9,    2662587,    2662587,    2662587,    2662587
31,    3191685,     26.0,     25.0,     25.0,     77.0,  9, 12, 12,  9,    2662602,    2662602,    2662602,    2662602
31,    3191706,     19.0,     19.0,     19.0,     57.0,  9, 10, 11, 10,    2662608,    2662608,    2662608,    2662608
31,    3191744,     19.0,     19.0,     19.0,     58.0,  9, 10, 11,  9,    2662618,    2662618,    2662618,    2662618
31,    3191738,     19.0,     19.0,     19.0,     58.0,  9, 10, 11,  9,    2662617,    2662617,    2662617,    2662617
31,    3191755,     25.0,     25.0,     25.0,     76.0,  9, 10, 11,  9,    2662628,    2662628,    2662628,    2662628
31,    3194140,     26.0,     26.0,     26.0,     77.0,  9, 10, 11,  9,    2663207,    2663207,    2663207,    2663207
31,    3280980,     26.0,     26.0,     26.0,     77.0,  9, 10, 11, 10,    2687841,    2687841,    2687841,    2687841
31,    3446393,     25.0,     25.0,     25.0,     76.0,  9, 10, 11,  9,    2742763,    2742763,    2742763,    2742763
31,    3579600,     69.0,     68.0,     68.0,    220.0, 12, 12, 12,  9,      80093,      80093,      80093,      80093
31,    3622002,     51.0,     56.0,     52.0,    162.0, 12, 12, 12,  9,    2201249,    2201249,    2201249,    2855783
31,    4075278,     50.0,     54.0,     51.0,    163.0, 12, 12, 12,  9,    2201249,    2201249,    2201249,    2201249
31,    4075353,     50.0,     54.0,     51.0,    160.0, 12, 12, 12,  9,    2201249,    2201249,    2201249,    2944141
32,      44255,     19.0,     19.0,     19.0,     58.0,  9, 10, 11,  9,      80015,      80015,      80015,      80015
32,    2573776,     53.0,     53.0,     53.0,    156.0,  9, 10, 11,  9,      80010,      80010,      80010,      80010
32,    2573791,     53.0,     53.0,     53.0,    156.0,  9, 10, 11,  9,      80010,      80010,      80010,      80010
32,    2573831,     53.0,     53.0,     53.0,    156.0,  9, 10, 11,  9,      80010,      80010,      80010,      80010
32,    2573943,     54.0,     54.0,     54.0,    157.0,  9, 10, 11,  9,      80010,      80010,      80010,      80010
32,    2614720,     54.0,     54.0,     54.0,    158.0,  9, 10, 11,  9,      80010,      80010,      80010,      80010
32,    2574035,     54.0,     54.0,     54.0,    158.0,  9, 10, 11,  9,      80010,      80010,      80010,      80010
32,    2574144,     54.0,     54.0,     54.0,    158.0,  9, 10, 11,  9,      80010,      80010,      80010,      80010
32,    2574617,     55.0,     55.0,     55.0,    159.0,  9, 10, 11,  9,      80010,      80010,      80010,      80010
32,    3194731,     26.0,     26.0,     26.0,     78.0,  9, 10, 11,  9,    2663390,    2663390,    2663390,    2663390
32,    3194751,     26.0,     26.0,     26.0,     78.0,  9, 10, 11,  9,    2663397,    2663397,    2663397,    2663397
32,    3194737,     27.0,     27.0,     27.0,     78.0,  9, 10, 11,  9,    2401769,    2401769,    2401769,    2401769
32,    3194626,     26.0,     26.0,     26.0,     77.0,  9, 10, 11, 10,    2663364,    2663364,    2663364,    2663364
32,    3194097,     19.0,     19.0,     19.0,     58.0,  9, 10, 11,  9,    2372116,    2372116,    2372116,    2372116
32,    3194110,     19.0,     19.0,     19.0,     58.0,  9, 10, 11,  9,    2663201,    2663201,    2663201,    2663201
32,    3194050,     26.0,     26.0,     26.0,     77.0,  9, 10, 11,  9,    2663181,    2663181,    2663181,    2663181
32,    3194071,     20.0,     20.0,     20.0,     59.0,  9, 10, 11,  9,      80086,      80086,      80086,      80086
32,     933929,     57.0,     56.0,     57.0,    168.0, 12, 12, 12, 10,    1211140,    1211140,    1211140,    1211140
32,     933924,     57.0,     55.0,     58.0,    167.0, 12, 12, 12, 10,    1211137,    1211137,    1211137,    1211137
32,    3194526,     26.0,     26.0,     26.0,     78.0,  9, 10, 11,  9,    2663347,    2663347,    2663347,    2663347
32,    3194541,     26.0,     26.0,     26.0,     78.0,  9, 10, 11,  9,    2663354,    2663354,    2663354,    2663354
32,      44304,     26.0,     26.0,     26.0,     78.0,  9, 10, 11,  9,      80125,      80125,      80125,      80125
32,    3194638,     54.0,     55.0,     55.0,    153.0,  4,  5,  6,  4,    3194638,    3194638,    3194638,    3194638
32,      43457,     54.0,     53.0,     55.0,    161.0, 12, 12, 12, 10,    2401788,      78211,      78207,      78211
32,    2576524,     52.0,     51.0,     52.0,    156.0, 12, 12, 12,  9,    2402599,      78207,      78207,    2402599
32,    1406046,     47.0,     49.0,     48.0,    134.0,  4,  5,  6,  4,    1406046,     649576,    1406046,    1406046
32,    3419144,     19.0,     21.0,     18.0,     60.0, 12, 10, 12,  9,    1211181,    1211181,    1211181,    1211181
32,    3194448,     26.0,     26.0,     26.0,     77.0,  9, 10, 11,  9,    2663323,    2663323,    2663323,    2663323
32,    3195024,     55.0,     55.0,     55.0,    159.0,  9, 10, 11,  9,      80010,      80010,      80010,      80010
32,    1405960,     26.0,     26.0,     26.0,     78.0,  9, 10, 11,  9,    1523921,    1523921,    1523921,    1523921
32,    3194851,     55.0,     55.0,     55.0,    159.0,  9, 10, 11,  9,      80010,      80010,      80010,      80010
32,    2614721,     54.0,     54.0,     54.0,    157.0,  9, 10, 11,  9,      80010,      80010,      80010,      80010
32,     649581,     50.0,     51.0,     51.0,    142.0,  4,  5,  6,  4,     649567,     649581,     649581,     649581
32,    3194708,     26.0,     26.0,     26.0,     78.0,  9, 10, 11,  9,    2663385,    2663385,    2663385,    2663385
32,    2579329,     70.0,     70.0,     72.0,    223.0, 12, 12, 12,  9,      80093,      80093,      80093,      80093
32,    2538885,     54.0,     54.0,     53.0,    158.0, 12, 12, 12,  9,      80037,      80037,    2879852,    2201241
32,    1203904,     55.0,     57.0,     54.0,    158.0,  4,  5, 12,  4,    1203904,    1203904,    2201249,    1203904
32,    3194458,     26.0,     26.0,     26.0,     78.0,  9, 10, 11,  9,    2663325,    2663325,    2663325,    2663325
32,    2239329,     26.0,     26.0,     26.0,     77.0,  9, 10, 11,  9,      80125,      80125,      80125,      80125
32,    2524843,     53.0,     51.0,     53.0,    156.0, 12, 12, 11, 11,      80037,    2371971,    2371971,    2371971
32,    2524851,     52.0,     51.0,     53.0,    158.0, 12, 12, 12, 11,      80037,    2371975,      80037,    2371975
32,    3194467,     26.0,     26.0,     26.0,     77.0,  9, 10, 11,  9,    2663327,    2663327,    2663327,    2663327
32,    3194502,     26.0,     26.0,     26.0,     77.0,  9, 10, 11, 10,    2663340,    2663340,    2663340,    2663340
32,    3831482,     53.0,     52.0,     52.0,    156.0, 12, 12, 12,  9,      80037,      80037,    2879852,    2879851
32,    3831483,     52.0,     52.0,     51.0,    157.0, 12, 12, 12, 11,      80037,      80037,    2879852,    2879852
32,    2537242,     54.0,     52.0,     53.0,    173.0, 12, 12, 12, 10,      78207,      78207,      78207,    2381221
32,    2574775,     53.0,     52.0,     53.0,    167.0, 12, 12, 12,  9,    2401788,      78207,    2381221,    2401788
32,    2574794,     53.0,     52.0,     54.0,    162.0, 12, 12, 12,  9,    2401788,      78207,      78207,    2401794
32,      43455,     55.0,     53.0,     55.0,    162.0, 12, 12, 12, 10,    2401788,      78211,      78207,      78211
32,      43456,     54.0,     52.0,     54.0,    159.0, 12, 12, 12,  9,    2401788,      78211,      78207,      78222
32,    2575174,     54.0,     53.0,     54.0,    161.0, 12, 12, 12, 10,    2401788,      78207,      78207,      78211
32,    2575228,     70.0,     71.0,     72.0,    224.0, 12, 12, 12,  9,      80093,      80093,      80093,      80093
32,    2575231,     70.0,     70.0,     72.0,    223.0, 12, 12, 12,  9,      80093,      80093,      80093,      80093
32,      44293,     70.0,     70.0,     72.0,    223.0, 12, 12, 12,  9,      80093,      80093,      80093,      80093
32,    2524922,     70.0,     70.0,     72.0,    223.0, 12, 12, 12,  9,      80093,      80093,      80093,      80093
32,    2575371,     69.0,     70.0,     71.0,    222.0, 12, 12, 12,  9,      80093,      80093,      80093,      80093
32,    2575422,     68.0,     69.0,     70.0,    220.0, 12, 12, 12,  9,      80093,      80093,      80093,      80093
32,    2575448,     68.0,     69.0,     71.0,    221.0, 12, 12, 12,  9,      80093,      80093,      80093,      80093
32,    2575544,     69.0,     70.0,     72.0,    223.0, 12, 12, 12,  9,      80093,      80093,      80093,      80093
32,    2575568,     70.0,     71.0,     73.0,    224.0, 12, 12, 12,  9,      80093,      80093,      80093,      80093
32,    3191763,     26.0,     26.0,     25.0,     77.0,  9, 10, 12,  9,    2662631,    2662631,    2662631,    2662631
32,    3191784,     26.0,     26.0,     25.0,     77.0,  9, 10, 12, 10,    2662638,    2662638,    2662638,    2662638
32,    3193967,     26.0,     26.0,     26.0,     77.0,  9, 10, 11,  9,    2663149,    2663149,    2663149,    2663149
32,    3193988,     26.0,     26.0,     26.0,     78.0,  9, 10, 11,  9,    2663160,    2663160,    2663160,    2663160
32,    3191771,     26.0,     26.0,     26.0,     77.0,  9, 10, 11,  9,    2662635,    2662635,    2662635,    2662635
32,    3191776,     26.0,     26.0,     26.0,     77.0,  9, 10, 11,  9,    2662636,    2662636,    2662636,    2662636
32,    3191794,     26.0,     26.0,     26.0,     77.0,  9, 10, 11,  9,    2662640,    2662640,    2662640,    2662640
32,    3194096,     26.0,     26.0,     26.0,     77.0,  9, 10, 11,  9,    2663196,    2663196,    2663196,    2663196
32,    3194145,     26.0,     26.0,     26.0,     77.0,  9, 10, 11,  9,    2663208,    2663208,    2663208,    2663208
32,    3194443,     26.0,     26.0,     26.0,     77.0,  9, 10, 11, 10,    2663321,    2663321,    2663321,    2663321
32,    2577330,     52.0,     51.0,     52.0,    154.0,  9, 12, 11,  9,      80010,      80010,      80010,      80010
32,    2525031,     19.0,     19.0,     19.0,     57.0,  9, 10, 11,  9,    2372196,    2372196,    2372196,    2372196
32,    2577380,     52.0,     52.0,     52.0,    154.0,  9, 10, 11,  9,      80010,      80010,      80010,      80010
32,      44300,     26.0,     26.0,     26.0,     77.0,  9, 10, 11,  9,      80125,      80125,      80125,      80125
32,    3195095,     26.0,     26.0,     26.0,     77.0,  9, 10, 11,  9,      80125,      80125,      80125,      80125
32,    2525046,     19.0,     19.0,     19.0,     58.0,  9, 10, 11,  9,    2372220,    2372220,    2372220,    2372220
32,      43451,     52.0,     51.0,     52.0,    154.0,  9, 12, 12, 11,      78208,      78207,      78207,      78208
32,    2577532,     53.0,     50.0,     52.0,    172.0, 12, 12, 12, 10,    2403033,    2403033,    2403033,    2403033
32,    2577530,     53.0,     50.0,     52.0,    172.0, 12, 12, 12, 10,    2403034,    2403034,    2403034,    2403034
32,    2577535,     53.0,     50.0,     52.0,    174.0, 12, 12, 12, 10,    2403046,    2403046,    2403046,    2403046
32,    1119992,     69.0,     67.0,     69.0,    204.0,  9, 12, 12,  9,    1344979,    1344976,    1344976,    1344979
32,    2525133,     25.0,     25.0,     25.0,     76.0,  9, 10, 11, 10,    2372261,    2372261,    2372261,    2372261
32,    1120085,     71.0,     71.0,     71.0,    207.0,  9, 10, 11,  9,    1345020,    1345020,    1345020,    1345020
32,    2537247,     21.0,     20.0,     17.0,     61.0, 12, 10, 12, 10,    2381222,    2381222,    2381222,    2381222
32,    3194006,     19.0,     19.0,     19.0,     58.0,  9, 10, 11,  9,    2663165,    2663165,    2663165,    2663165
32,    2614724,     54.0,     54.0,     54.0,    157.0,  9, 10, 11,  9,      80010,      80010,      80010,      80010
32,    3191508,     26.0,     26.0,     25.0,     77.0,  9, 10, 11, 10,    2662556,    2662556,    2662556,    2662556
32,    3191539,     19.0,     19.0,     18.0,     57.0,  9, 10, 12, 10,    2662563,    2662563,    2662563,    2662563
32,    3191564,     25.0,     25.0,     25.0,     76.0,  9, 10, 11, 11,    2662571,    2662571,    2662571,    2662571
32,    3191586,     19.0,     19.0,     19.0,     58.0,  9, 10, 11,  9,    2662577,    2662577,    2662577,    2662577
32,    3191610,     19.0,     19.0,     19.0,     58.0,  9, 10, 11,  9,    2662587,    2662587,    2662587,    2662587
32,    3191685,     26.0,     26.0,     25.0,     77.0,  9, 10, 12,  9,    2662602,    2662602,    2662602,    2662602
32,    3191706,     19.0,     19.0,     19.0,     57.0,  9, 10, 11, 10,    2662608,    2662608,    2662608,    2662608
32,    3191744,     19.0,     19.0,     19.0,     58.0,  9, 10, 11,  9,    2662618,    2662618,    2662618,    2662618
32,    3191738,     19.0,     19.0,     19.0,     58.0,  9, 10, 11,  9,    2662617,    2662617,    2662617,    2662617
32,    3191755,     25.0,     25.0,     25.0,     76.0,  9, 10, 11,  9,    2662628,    2662628,    2662628,    2662628
32,    3194140,     26.0,     26.0,     26.0,     77.0,  9, 10, 11,  9,    2663207,    2663207,    2663207,    2663207
32,    3280980,     26.0,     26.0,     26.0,     77.0,  9, 10, 11, 10,    2687841,    2687841,    2687841,    2687841
32,    3446393,     25.0,     25.0,     25.0,     76.0,  9, 10, 11,  9,    2742763,    2742763,    2742763,    2742763
32,    3579600,     67.0,     68.0,     70.0,    219.0, 12, 12, 12,  9,      80093,      80093,      80093,      80093
32,    3622002,     53.0,     55.0,     52.0,    162.0, 12, 12, 12,  9,    2201249,    2201249,    2201249,    2855783
32,    4075278,     51.0,     53.0,     51.0,    166.0, 12, 12, 12,  9,    2201249,    2201249,    2201249,    2201249
32,    4075353,     51.0,     53.0,     51.0,    160.0, 12, 12, 12,  9,    2201249,    2201249,    2201249,    2944141
33,      44255,     19.0,     19.0,     19.0,     58.0,  9, 10, 11,  9,      80015,      80015,      80015,      80015
33,    2573776,     53.0,     53.0,     53.0,    156.0,  9, 10, 11,  9,      80010,      80010,      80010,      80010
33,    2573791,     53.0,     53.0,     53.0,    156.0,  9, 10, 11,  9,      80010,      80010,      80010,      80010
33,    2573831,     53.0,     53.0,     53.0,    156.0,  9, 10, 11,  9,      80010,      80010,      80010,      80010
33,    2573943,     54.0,     54.0,     54.0,    157.0,  9, 10, 11,  9,      80010,      80010,      80010,      80010
33,    2614720,     54.0,     54.0,     54.0,    158.0,  9, 10, 11,  9,      80010,      80010,      80010,      80010
33,    2574035,     54.0,     54.0,     54.0,    158.0,  9, 10, 11,  9,      80010,      80010,      80010,      80010
33,    2574144,     54.0,     54.0,     54.0,    158.0,  9, 10, 11,  9,      80010,      80010,      80010,      80010
33,    2574617,     55.0,     55.0,     55.0,    158.0,  9, 10, 11, 11,      80010,      80010,      80010,      80010
33,    3194731,     26.0,     26.0,     26.0,     78.0,  9, 10, 11,  9,    2663390,    2663390,    2663390,    2663390
33,    3194751,     26.0,     26.0,     26.0,     78.0,  9, 10, 11,  9,    2663397,    2663397,    2663397,    2663397
33,    3194737,     27.0,     27.0,     27.0,     78.0,  9, 10, 11,  9,    2401769,    2401769,    2401769,    2401769
33,    3194626,     26.0,     26.0,     26.0,     77.0,  9, 10, 11, 10,    2663364,    2663364,    2663364,    2663364
33,    3194097,     19.0,     20.0,     19.0,     58.0,  9, 10, 11,  9,    2372116,    2372116,    2372116,    2372116
33,    3194110,     19.0,     19.0,     19.0,     58.0,  9, 10, 11,  9,    2663201,    2663201,    2663201,    2663201
33,    3194050,     26.0,     26.0,     26.0,     77.0,  9, 10, 11,  9,    2663181,    2663181,    2663181,    2663181
33,    3194071,     20.0,     20.0,     20.0,     59.0,  9, 10, 11,  9,      80086,      80086,      80086,      80086
33,     933929,     57.0,     56.0,     57.0,    168.0, 12, 12, 12,  9,    1211140,    1211140,    1211140,    1211140
33,     933924,     57.0,     55.0,     58.0,    168.0, 12, 12, 12, 10,    1211137,    1211137,    1211137,    1211137
33,    3194526,     26.0,     26.0,     26.0,     77.0,  9, 10, 11, 10,    2663347,    2663347,    2663347,    2663347
33,    3194541,     26.0,     26.0,     26.0,     78.0,  9, 10, 11,  9,    2663354,    2663354,    2663354,    2663354
33,      44304,     26.0,     26.0,     26.0,     78.0,  9, 10, 11,  9,      80125,      80125,      80125,      80125
33,    3194638,     55.0,     57.0,     54.0,    156.0,  4,  5, 12,  4,    3194638,    3194638,    2201249,    3194638
33,      43457,     54.0,     53.0,     53.0,    161.0, 12, 12, 12, 10,    2401788,      78211,      78207,      78211
33,    2576524,     52.0,     52.0,     51.0,    156.0, 12, 12, 12,  9,    2402599,    2402599,      78207,    2402599
33,    1406046,     48.0,     50.0,     48.0,    136.0,  4,  5,  6,  4,    1406046,     649576,    1406046,    1406046
33,    3419144,     19.0,     21.0,     17.0,     59.0, 12, 12, 12, 11,    1211181,    1211181,    1211181,    1211181
33,    3194448,     26.0,     26.0,     26.0,     77.0,  9, 10, 11,  9,    2663323,    2663323,    2663323,    2663323
33,    3195024,     55.0,     55.0,     55.0,    159.0,  9, 10, 11,  9,      80010,      80010,      80010,      80010
33,    1405960,     26.0,     26.0,     26.0,     78.0,  9, 10, 11,  9,    1523921,    1523921,    1523921,    1523921
33,    3194851,     55.0,     55.0,     55.0,    159.0,  9, 10, 11,  9,      80010,      80010,      80010,      80010
33,    2614721,     54.0,     54.0,     54.0,    157.0,  9, 10, 11,  9,      80010,      80010,      80010,      80010
33,     649581,     50.0,     52.0,     51.0,    144.0,  4,  5,  6,  4,     649581,     649581,     649567,     649581
33,    3194708,     26.0,     26.0,     26.0,     77.0,  9, 10, 11, 10,    2663385,    2663385,    2663385,    2663385
33,    2579329,     70.0,     70.0,     72.0,    226.0, 12, 12, 12,  9,      80093,      80093,      80093,      80093
33,    2538885,     52.0,     55.0,     52.0,    158.0, 12, 10, 12,  9,    2879852,    2201241,    2879852,    2201241
33,    1203904,     55.0,     58.0,     54.0,    160.0, 12,  5, 12,  4,    2201249,    1203904,    2201249,    1203904
33,    3194458,     26.0,     26.0,     26.0,     78.0,  9, 10, 11,  9,    2663325,    2663325,    2663325,    2663325
33,    2239329,     26.0,     26.0,     26.0,     77.0,  9, 10, 11,  9,      80125,      80125,      80125,      80125
33,    2524843,     52.0,     50.0,     52.0,    157.0, 12, 12, 12, 11,      80037,    2371975,      80037,    2371971
33,    2524851,     52.0,     50.0,     52.0,    159.0, 12, 12, 12, 11,      80037,    2371975,      80037,    2371975
33,    3194467,     26.0,     26.0,     26.0,     77.0,  9, 10, 11,  9,    2663327,    2663327,    2663327,    2663327
33,    3194502,     26.0,     26.0,     26.0,     77.0,  9, 10, 11,  9,    2663340,    2663340,    2663340,    2663340
33,    3831482,     51.0,     54.0,     51.0,    156.0, 12, 12, 12, 11,    2879852,      80037,    2879852,    2879851
33,    3831483,     51.0,     54.0,     50.0,    157.0, 12, 12, 12, 11,    2879852,      80037,    2879852,    2879852
33,    2537242,     54.0,     53.0,     52.0,    176.0, 12, 12, 12,  9,      78207,    2403033,      78207,    2381221
33,    2574775,     53.0,     52.0,     52.0,    169.0, 12, 12, 12,  9,    2401788,    2401788,      78207,    2401788
33,    2574794,     53.0,     53.0,     52.0,    163.0, 12, 12, 12,  9,    2401788,    2401788,      78207,    2401794
33,      43455,     55.0,     54.0,     54.0,    162.0, 12, 12, 12, 10,      78211,      78211,      78207,      78211
33,      43456,     54.0,     53.0,     53.0,    159.0, 12, 12, 12,  9,      78211,      78211,      78207,      78222
33,    2575174,     54.0,     53.0,     53.0,    161.0, 12, 12, 12,  9,    2401788,      78211,      78207,      78211
33,    2575228,     70.0,     71.0,     72.0,    227.0, 12, 12, 12,  9,      80093,      80093,      80093,      80093
33,    2575231,     70.0,     70.0,     72.0,    227.0, 12, 12, 12,  9,      80093,      80093,      80093,      80093
33,      44293,     70.0,     70.0,     72.0,    226.0, 12, 12, 12,  9,      80093,      80093,      80093,      80093
33,    2524922,     70.0,     70.0,     72.0,    226.0, 12, 12, 12,  9,      80093,      80093,      80093,      80093
33,    2575371,     69.0,     70.0,     71.0,    225.0, 12, 12, 12,  9,      80093,      80093,      80093,      80093
33,    2575422,     68.0,     69.0,     70.0,    223.0, 12, 12, 12,  9,      80093,      80093,      80093,      80093
33,    2575448,     68.0,     69.0,     71.0,    224.0, 12, 12, 12,  9,      80093,      80093,      80093,      80093
33,    2575544,     69.0,     70.0,     72.0,    226.0, 12, 12, 12,  9,      80093,      80093,      80093,      80093
33,    2575568,     70.0,     71.0,     72.0,    227.0, 12, 12, 12,  9,      80093,      80093,      80093,      80093
33,    3191763,     25.0,     26.0,     25.0,     77.0, 12, 10, 12,  9,    2662631,    2662631,    2662631,    2662631
33,    3191784,     26.0,     25.0,     25.0,     78.0,  9, 12, 12,  9,    2662638,    2662638,    2662638,    2662638
33,    3193967,     26.0,     25.0,     26.0,     77.0,  9, 12, 11,  9,    2663149,    2663149,    2663149,    2663149
33,    3193988,     26.0,     26.0,     26.0,     78.0,  9, 10, 11,  9,    2663160,    2663160,    2663160,    2663160
33,    3191771,     26.0,     26.0,     26.0,     77.0,  9, 10, 11,  9,    2662635,    2662635,    2662635,    2662635
33,    3191776,     26.0,     26.0,     26.0,     77.0,  9, 10, 11,  9,    2662636,    2662636,    2662636,    2662636
33,    3191794,     26.0,     26.0,     26.0,     77.0,  9, 10, 11,  9,    2662640,    2662640,    2662640,    2662640
33,    3194096,     26.0,     26.0,     26.0,     77.0,  9, 10, 11,  9,    2663196,    2663196,    2663196,    2663196
33,    3194145,     26.0,     26.0,     26.0,     77.0,  9, 10, 11,  9,    2663208,    2663208,    2663208,    2663208
33,    3194443,     26.0,     26.0,     26.0,     77.0,  9, 10, 11,  9,    2663321,    2663321,    2663321,    2663321
33,    2577330,     52.0,     51.0,     52.0,    154.0,  9, 12, 11,  9,      80010,      80010,      80010,      80010
33,    2525031,     19.0,     19.0,     19.0,     57.0,  9, 10, 11,  9,    2372196,    2372196,    2372196,    2372196
33,    2577380,     52.0,     52.0,     52.0,    154.0,  9, 10, 11,  9,      80010,      80010,      80010,      80010
33,      44300,     26.0,     26.0,     26.0,     77.0,  9, 10, 11,  9,      80125,      80125,      80125,      80125
33,    3195095,     26.0,     26.0,     26.0,     77.0,  9, 10, 11,  9,      80125,      80125,      80125,      80125
33,    2525046,     19.0,     19.0,     19.0,     58.0,  9, 10, 11,  9,    2372220,    2372220,    2372220,    2372220
33,      43451,     52.0,     52.0,     51.0,    155.0,  9, 10, 12,  9,      78208,      78208,      78207,      78208
33,    2577532,     52.0,     52.0,     51.0,    176.0, 12, 12, 12,  9,    2403033,    2403033,    2403033,    2403033
33,    2577530,     52.0,     52.0,     51.0,    176.0, 12, 12, 12,  9,    2403034,    2403034,    2403034,    2403034
33,    2577535,     52.0,     52.0,     51.0,    178.0, 12, 12, 12,  9,    2403046,    2403046,    2403046,    2403046
33,    1119992,     69.0,     69.0,     68.0,    204.0, 12, 12, 12,  9,    1344976,    1344976,    1344976,    1344979
33,    2525133,     25.0,     25.0,     25.0,     76.0,  9, 10, 11,  9,    2372261,    2372261,    2372261,    2372261
33,    1120085,     71.0,     71.0,     71.0,    207.0,  9, 10, 11,  9,    1345020,    1345020,    1345020,    1345020
33,    2537247,     20.0,     20.0,     16.0,     59.0, 12, 12, 12, 11,    2381222,    2381222,    2381222,    2381222
33,    3194006,     19.0,     19.0,     19.0,     58.0,  9, 10, 11,  9,    2663165,    2663165,    2663165,    2663165
33,    2614724,     54.0,     54.0,     54.0,    157.0,  9, 10, 11,  9,      80010,      80010,      80010,      80010
33,    3191508,     26.0,     26.0,     25.0,     77.0,  9, 10, 11, 11,    2662556,    2662556,    2662556,    2662556
33,    3191539,     20.0,     19.0,     18.0,     57.0,  9, 10, 12, 10,    2662563,    2662563,    2662563,    2662563
33,    3191564,     25.0,     25.0,     25.0,     76.0,  9, 10, 11,  9,    2662571,    2662571,    2662571,    2662571
33,    3191586,     19.0,     19.0,     19.0,     58.0,  9, 10, 11,  9,    2662577,    2662577,    2662577,    2662577
33,    3191610,     19.0,     19.0,     19.0,     58.0,  9, 10, 11,  9,    2662587,    2662587,    2662587,    2662587
33,    3191685,     26.0,     25.0,     25.0,     77.0,  9, 12, 12,  9,    2662602,    2662602,    2662602,    2662602
33,    3191706,     19.0,     19.0,     19.0,     57.0,  9, 10, 11, 10,    2662608,    2662608,    2662608,    2662608
33,    3191744,     19.0,     19.0,     19.0,     58.0,  9, 10, 11,  9,    2662618,    2662618,    2662618,    2662618
33,    3191738,     19.0,     19.0,     19.0,     58.0,  9, 10, 11,  9,    2662617,    2662617,    2662617,    2662617
33,    3191755,     25.0,     25.0,     25.0,     76.0,  9, 10, 11,  9,    2662628,    2662628,    2662628,    2662628
33,    3194140,     26.0,     26.0,     26.0,     77.0,  9, 10, 11,  9,    2663207,    2663207,    2663207,    2663207
33,    3280980,     26.0,     26.0,     26.0,     77.0,  9, 10, 11, 10,    2687841,    2687841,    2687841,    2687841
33,    3446393,     25.0,     25.0,     25.0,     76.0,  9, 10, 11,  9,    2742763,    2742763,    2742763,    2742763
33,    3579600,     67.0,     68.0,     70.0,    222.0, 12, 12, 12,  9,      80093,      80093,      80093,      80093
33,    3622002,     52.0,     55.0,     51.0,    162.0, 12, 10, 12,  9,    2201249,    2855783,    2201249,    2855783
33,    4075278,     51.0,     54.0,     50.0,    165.0, 12, 12, 12, 11,    2201249,    2201249,    2201249,    2201249
33,    4075353,     51.0,     54.0,     50.0,    160.0, 12, 12, 12,  9,    2201249,    2201249,    2201249,    2944141
34,      44255,     19.0,     19.0,     19.0,     58.0,  9, 10, 11,  9,      80015,      80015,      80015,      80015
34,    2573776,     53.0,     53.0,     53.0,    156.0,  9, 10, 11,  9,      80010,      80010,      80010,      80010
34,    2573791,     53.0,     53.0,     53.0,    156.0,  9, 10, 11,  9,      80010,      80010,      80010,      80010
34,    2573831,     53.0,     53.0,     53.0,    156.0,  9, 10, 11,  9,      80010,      80010,      80010,      80010
34,    2573943,     54.0,     54.0,     54.0,    157.0,  9, 10, 11,  9,      80010,      80010,      80010,      80010
34,    2614720,     54.0,     54.0,     54.0,    158.0,  9, 10, 11,  9,      80010,      80010,      80010,      80010
34,    2574035,     54.0,     54.0,     54.0,    158.0,  9, 10, 11,  9,      80010,      80010,      80010,      80010
34,    2574144,     54.0,     54.0,     54.0,    158.0,  9, 10, 11,  9,      80010,      80010,      80010,      80010
34,    2574617,     55.0,     55.0,     55.0,    158.0,  9, 10, 11, 11,      80010,      80010,      80010,      80010
34,    3194731,     26.0,     26.0,     26.0,     77.0,  9, 10, 11, 10,    2663390,    2663390,    2663390,    2663390
34,    3194751,     26.0,     26.0,     26.0,     77.0,  9, 10, 11, 10,    2663397,    2663397,    2663397,    2663397
34,    3194737,     27.0,     27.0,     27.0,     78.0,  9, 10, 11,  9,    2401769,    2401769,    2401769,    2401769
34,    3194626,     26.0,     26.0,     26.0,     77.0,  9, 10, 11, 10,    2663364,    2663364,    2663364,    2663364
34,    3194097,     19.0,     19.0,     19.0,     58.0,  9, 10, 11,  9,    2372116,    2372116,    2372116,    2372116
34,    3194110,     19.0,     19.0,     19.0,     58.0,  9, 10, 11,  9,    2663201,    2663201,    2663201,    2663201
34,    3194050,     26.0,     26.0,     26.0,     77.0,  9, 10, 11,  9,    2663181,    2663181,    2663181,    2663181
34,    3194071,     20.0,     20.0,     20.0,     59.0,  9, 10, 11,  9,      80086,      80086,      80086,      80086
34,     933929,     56.0,     56.0,     57.0,    168.0, 12, 12, 12,  9,    1211140,    1211140,    1211140,    1211140
34,     933924,     58.0,     56.0,     55.0,    169.0, 12, 12, 12, 11,    1211137,    1211137,    1211137,    1211137
34,    3194526,     26.0,     26.0,     26.0,     77.0,  9, 10, 11, 10,    2663347,    2663347,    2663347,    2663347
34,    3194541,     26.0,     26.0,     26.0,     77.0,  9, 10, 11, 10,    2663354,    2663354,    2663354,    2663354
34,      44304,     26.0,     26.0,     26.0,     78.0,  9, 10, 11,  9,      80125,      80125,      80125,      80125
34,    3194638,     55.0,     57.0,     55.0,    158.0, 12, 12, 12,  4,    2201249,    2201249,    2201249,    3194638
34,      43457,     51.0,     55.0,     54.0,    161.0, 12, 12, 12,  9,    2401788,      78211,      78207,      78211
34,    2576524,     49.0,     52.0,     52.0,    156.0, 12, 12, 12,  9,    2403033,    2402599,      78207,    2402599
34,    1406046,     49.0,     51.0,     50.0,    139.0,  4,  5,  6,  4,     649576,    1406046,     649576,    1406046
34,    3419144,     20.0,     20.0,     17.0,     60.0, 12, 12, 12, 11,    1211181,    1211181,    1211181,    1211181
34,    3194448,     26.0,     26.0,     26.0,     77.0,  9, 10, 11,  9,    2663323,    2663323,    2663323,    2663323
34,    3195024,     55.0,     55.0,     55.0,    159.0,  9, 10, 11,  9,      80010,      80010,      80010,      80010
34,    1405960,     26.0,     26.0,     26.0,     78.0,  9, 10, 11,  9,    1523921,    1523921,    1523921,    1523921
34,    3194851,     55.0,     55.0,     55.0,    159.0,  9, 10, 11,  9,      80010,      80010,      80010,      80010
34,    2614721,     54.0,     54.0,     54.0,    157.0,  9, 10, 11,  9,      80010,      80010,      80010,      80010
34,     649581,     51.0,     54.0,     52.0,    147.0,  4,  5,  6,  4,     649581,     649581,     649581,     649581
34,    3194708,     26.0,     26.0,     26.0,     77.0,  9, 10, 11, 10,    2663385,    2663385,    2663385,    2663385
34,    2579329,     71.0,     72.0,     69.0,    228.0, 12, 12, 12, 11,      80093,      80093,      80093,      80093
34,    2538885,     53.0,     55.0,     52.0,    158.0, 12, 12, 12,  9,      80037,      80037,    2879852,    2201241
34,    1203904,     55.0,     56.0,     55.0,    163.0, 12, 12, 12,  4,    2201249,    2201249,    2201249,    1203904
34,    3194458,     26.0,     26.0,     26.0,     78.0,  9, 10, 11,  9,    2663325,    2663325,    2663325,    2663325
34,    2239329,     26.0,     26.0,     26.0,     77.0,  9, 10, 11,  9,      80125,      80125,      80125,      80125
34,    2524843,     52.0,     51.0,     53.0,    156.0, 12, 12, 12, 11,      80037,    2371971,      80037,    2371971
34,    2524851,     52.0,     51.0,     53.0,    158.0, 12, 12, 12, 11,      80037,    2371975,      80037,    2371975
34,    3194467,     26.0,     26.0,     26.0,     77.0,  9, 10, 11,  9,    2663327,    2663327,    2663327,    2663327
34,    3194502,     26.0,     26.0,     26.0,     77.0,  9, 10, 11,  9,    2663340,    2663340,    2663340,    2663340
34,    3831482,     52.0,     54.0,     51.0,    156.0, 12, 12, 12, 11,      80037,      80037,    2879852,    2879851
34,    3831483,     52.0,     53.0,     51.0,    157.0, 12, 12, 12, 11,      80037,      80037,    2879852,    2879852
34,    2537242,     50.0,     55.0,     52.0,    178.0, 12, 12, 12,  9,      78207,    2403033,      78207,    2381221
34,    2574775,     50.0,     55.0,     53.0,    169.0, 12, 12, 12,  9,    2401788,    2401788,      78207,    2401788
34,    2574794,     50.0,     55.0,     53.0,    162.0, 12, 12, 12,  9,    2401788,    2401788,      78207,    2401794
34,      43455,     52.0,     55.0,     54.0,    162.0, 12, 12, 12,  9,      78207,      78211,      78207,      78211
34,      43456,     51.0,     54.0,     53.0,    158.0, 12, 12, 12,  9,    2401788,      78211,      78207,      78222
34,    2575174,     51.0,     54.0,     54.0,    161.0, 12, 12, 12,  9,    2401788,      78211,      78207,      78211
34,    2575228,     71.0,     72.0,     69.0,    229.0, 12, 12, 12, 11,      80093,      80093,      80093,      80093
34,    2575231,     71.0,     72.0,     69.0,    229.0, 12, 12, 12, 11,      80093,      80093,      80093,      80093
34,      44293,     71.0,     72.0,     69.0,    228.0, 12, 12, 12, 11,      80093,      80093,      80093,      80093
34,    2524922,     71.0,     72.0,     69.0,    228.0, 12, 12, 12, 11,      80093,      80093,      80093,      80093
34,    2575371,     70.0,     71.0,     68.0,    227.0, 12, 12, 12, 11,      80093,      80093,      80093,      80093
34,    2575422,     69.0,     70.0,     67.0,    225.0, 12, 12, 12, 11,      80093,      80093,      80093,      80093
34,    2575448,     70.0,     71.0,     67.0,    226.0, 12, 12, 12, 11,      80093,      80093,      80093,      80093
34,    2575544,     71.0,     72.0,     68.0,    228.0, 12, 12, 12, 11,      80093,      80093,      80093,      80093
34,    2575568,     71.0,     72.0,     69.0,    229.0, 12, 12, 12, 11,      80093,      80093,      80093,      80093
34,    3191763,     26.0,     26.0,     25.0,     77.0,  9, 10, 12,  9,    2662631,    2662631,    2662631,    2662631
34,    3191784,     26.0,     25.0,     26.0,     77.0,  9, 12, 11, 10,    2662638,    2662638,    2662638,    2662638
34,    3193967,     26.0,     26.0,     26.0,     77.0,  9, 10, 11,  9,    2663149,    2663149,    2663149,    2663149
34,    3193988,     26.0,     26.0,     26.0,     79.0, 12, 12, 12,  9,    2663160,    2663160,    2663160,    2663160
34,    3191771,     26.0,     26.0,     26.0,     77.0,  9, 10, 11,  9,    2662635,    2662635,    2662635,    2662635
34,    3191776,     26.0,     26.0,     26.0,     77.0,  9, 10, 11,  9,    2662636,    2662636,    2662636,    2662636
34,    3191794,     26.0,     26.0,     26.0,     77.0,  9, 10, 11,  9,    2662640,    2662640,    2662640,    2662640
34,    3194096,     26.0,     26.0,     26.0,     77.0,  9, 10, 11,  9,    2663196,    2663196,    2663196,    2663196
34,    3194145,     26.0,     26.0,     26.0,     77.0,  9, 10, 11,  9,    2663208,    2663208,    2663208,    2663208
34,    3194443,     26.0,     26.0,     26.0,     77.0,  9, 10, 11,  9,    2663321,    2663321,    2663321,    2663321
34,    2577330,     52.0,     51.0,     52.0,    154.0,  9, 12, 11,  9,      80010,      80010,      80010,      80010
34,    2525031,     19.0,     19.0,     19.0,     57.0,  9, 10, 11,  9,    2372196,    2372196,    2372196,    2372196
34,    2577380,     52.0,     52.0,     52.0,    154.0,  9, 10, 11,  9,      80010,      80010,      80010,      80010
34,      44300,     26.0,     26.0,     26.0,     77.0,  9, 10, 11,  9,      80125,      80125,      80125,      80125
34,    3195095,     26.0,     26.0,     26.0,     77.0,  9, 10, 11,  9,      80125,      80125,      80125,      80125
34,    2525046,     19.0,     19.0,     19.0,     58.0,  9, 10, 11,  9,    2372220,    2372220,    2372220,    2372220
34,      43451,     49.0,     52.0,     51.0,    154.0, 12, 10, 12, 10,    2403033,      78208,      78207,      78208
34,    2577532,     49.0,     53.0,     53.0,    177.0, 12, 12, 12,  9,    2403033,    2403033,    2403033,    2403033
34,    2577530,     48.0,     53.0,     53.0,    177.0, 12, 12, 12,  9,    2403046,    2403034,    2403034,    2403034
34,    2577535,     48.0,     53.0,     52.0,    182.0, 12, 12, 12,  9,    2403046,    2403046,    2403046,    2403046
34,    1119992,     66.0,     69.0,     69.0,    203.0, 12, 10, 12, 10,    1344976,    1344979,    1344976,    1344979
34,    2525133,     25.0,     25.0,     25.0,     76.0,  9, 10, 11,  9,    2372261,    2372261,    2372261,    2372261
34,    1120085,     71.0,     71.0,     71.0,    207.0,  9, 10, 11,  9,    1345020,    1345020,    1345020,    1345020
34,    2537247,     20.0,     20.0,     17.0,     59.0, 12, 12, 12, 11,    2381222,    2381222,    2381222,    2381222
34,    3194006,     19.0,     19.0,     19.0,     58.0,  9, 10, 11,  9,    2663165,    2663165,    2663165,    2663165
34,    2614724,     54.0,     54.0,     54.0,    157.0,  9, 10, 11,  9,      80010,      80010,      80010,      80010
34,    3191508,     26.0,     25.0,     25.0,     76.0, 12, 10, 11, 11,    2662556,    2662556,    2662556,    2662556
34,    3191539,     20.0,     19.0,     18.0,     57.0,  9, 10, 12, 10,    2662563,    2662563,    2662563,    2662563
34,    3191564,     25.0,     25.0,     25.0,     76.0,  9, 10, 11,  9,    2662571,    2662571,    2662571,    2662571
34,    3191586,     19.0,     19.0,     19.0,     58.0,  9, 10, 11,  9,    2662577,    2662577,    2662577,    2662577
34,    3191610,     19.0,     19.0,     19.0,     58.0,  9, 10, 11,  9,    2662587,    2662587,    2662587,    2662587
34,    3191685,     26.0,     25.0,     26.0,     77.0,  9, 12, 11,  9,    2662602,    2662602,    2662602,    2662602
34,    3191706,     19.0,     19.0,     19.0,     57.0,  9, 10, 11, 10,    2662608,    2662608,    2662608,    2662608
34,    3191744,     19.0,     19.0,     19.0,     57.0,  9, 10, 11, 10,    2662618,    2662618,    2662618,    2662618
34,    3191738,     19.0,     19.0,     19.0,     58.0,  9, 10, 11,  9,    2662617,    2662617,    2662617,    2662617
34,    3191755,     25.0,     25.0,     25.0,     76.0,  9, 10, 11,  9,    2662628,    2662628,    2662628,    2662628
34,    3194140,     26.0,     26.0,     26.0,     77.0,  9, 10, 11,  9,    2663207,    2663207,    2663207,    2663207
34,    3280980,     26.0,     26.0,     26.0,     77.0,  9, 10, 11, 10,    2687841,    2687841,    2687841,    2687841
34,    3446393,     25.0,     25.0,     25.0,     76.0,  9, 10, 11,  9,    2742763,    2742763,    2742763,    2742763
34,    3579600,     69.0,     70.0,     67.0,    224.0, 12, 12, 12, 11,      80093,      80093,      80093,      80093
34,    3622002,     53.0,     54.0,     52.0,    162.0, 12, 12, 12,  9,    2201249,    2201249,    2201249,    2855783
34,    4075278,     51.0,     53.0,     51.0,    170.0, 12, 12, 12, 11,    2201249,    2201249,    2201249,    2201249
34,    4075353,     51.0,     53.0,     51.0,    160.0, 12, 12, 12,  9,    2201249,    2201249,    2201249,    2944141
35,      44255,     19.0,     19.0,     19.0,     58.0,  9, 10, 11,  9,      80015,      80015,      80015,      80015
35,    2573776,     53.0,     53.0,     53.0,    156.0,  9, 10, 11,  9,      80010,      80010,      80010,      80010
35,    2573791,     53.0,     53.0,     53.0,    156.0,  9, 10, 11,  9,      80010,      80010,      80010,      80010
35,    2573831,     53.0,     53.0,     53.0,    156.0,  9, 10, 11,  9,      80010,      80010,      80010,      80010
35,    2573943,     54.0,     54.0,     54.0,    157.0,  9, 10, 11,  9,      80010,      80010,      80010,      80010
35,    2614720,     54.0,     54.0,     54.0,    158.0,  9, 10, 11,  9,      80010,      80010,      80010,      80010
35,    2574035,     54.0,     54.0,     54.0,    158.0,  9, 10, 11,  9,      80010,      80010,      80010,      80010
35,    2574144,     54.0,     54.0,     54.0,    158.0,  9, 10, 11,  9,      80010,      80010,      80010,      80010
35,    2574617,     55.0,     55.0,     55.0,    158.0,  9, 10, 11, 11,      80010,      80010,      80010,      80010
35,    3194731,     26.0,     26.0,     26.0,     77.0,  9, 10, 11, 10,    2663390,    2663390,    2663390,    2663390
35,    3194751,     26.0,     26.0,     26.0,     77.0,  9, 10, 11, 10,    2663397,    2663397,    2663397,    2663397
35,    3194737,     27.0,     26.0,     27.0,     78.0,  9, 10, 11,  9,    2401769,    2401769,    2401769,    2401769
35,    3194626,     26.0,     26.0,     26.0,     77.0,  9, 10, 11, 10,    2663364,    2663364,    2663364,    2663364
35,    3194097,     19.0,     19.0,     19.0,     58.0,  9, 10, 11,  9,    2372116,    2372116,    2372116,    2372116
35,    3194110,     19.0,     19.0,     19.0,     58.0,  9, 10, 11,  9,    2663201,    2663201,    2663201,    2663201
35,    3194050,     26.0,     26.0,     26.0,     77.0,  9, 10, 11,  9,    2663181,    2663181,    2663181,    2663181
35,    3194071,     20.0,     20.0,     20.0,     59.0,  9, 10, 11,  9,      80086,      80086,      80086,      80086
35,     933929,     57.0,     56.0,     57.0,    168.0, 12, 12, 12,  9,    1211140,    1211140,    1211140,    1211140
35,     933924,     57.0,     56.0,     56.0,    167.0, 12, 12, 12, 10,    1211137,    1211137,    1211137,    1211137
35,    3194526,     26.0,     26.0,     26.0,     77.0,  9, 10, 11, 10,    2663347,    2663347,    2663347,    2663347
35,    3194541,     26.0,     26.0,     26.0,     77.0,  9, 10, 11, 10,    2663354,    2663354,    2663354,    2663354
35,      44304,     26.0,     26.0,     26.0,     78.0,  9, 10, 11,  9,      80125,      80125,      80125,      80125
35,    3194638,     52.0,     59.0,     55.0,    156.0, 12,  5, 12,  4,    2201249,    3194638,    2201249,    3194638
35,      43457,     53.0,     52.0,     54.0,    160.0, 12, 12, 12,  9,      78211,      78207,      78207,      78211
35,    2576524,     52.0,     50.0,     52.0,    156.0, 12, 12, 12,  9,    2402599,      78207,      78207,    2402599
35,    1406046,     48.0,     52.0,     49.0,    137.0,  4,  5,  6,  4,    1406046,     649576,    1406046,    1406046
35,    3419144,     20.0,     20.0,     18.0,     60.0, 12, 12, 12, 11,    1211181,    1211181,    1211181,    1211181
35,    3194448,     26.0,     26.0,     26.0,     77.0,  9, 10, 11,  9,    2663323,    2663323,    2663323,    2663323
35,    3195024,     55.0,     55.0,     55.0,    159.0,  9, 10, 11,  9,      80010,      80010,      80010,      80010
35,    1405960,     26.0,     26.0,     26.0,     78.0,  9, 10, 11,  9,    1523921,    1523921,    1523921,    1523921
35,    3194851,     55.0,     55.0,     55.0,    159.0,  9, 10, 11,  9,      80010,      80010,      80010,      80010
35,    2614721,     54.0,     54.0,     54.0,    157.0,  9, 10, 11,  9,      80010,      80010,      80010,      80010
35,     649581,     51.0,     54.0,     52.0,    145.0,  4,  5,  6,  4,     649567,     649581,     649581,     649581
35,    3194708,     26.0,     26.0,     26.0,     77.0,  9, 10, 11, 10,    2663385,    2663385,    2663385,    2663385
35,    2579329,     71.0,     71.0,     70.0,    227.0, 12, 12, 12,  9,      80093,      80093,      80093,      80093
35,    2538885,     54.0,     54.0,     53.0,    158.0, 12, 12, 12,  9,      80037,      80037,    2879852,    2201241
35,    1203904,     52.0,     58.0,     55.0,    161.0, 12, 12, 12,  4,    2201249,    2201249,    2201249,    1203904
35,    3194458,     26.0,     26.0,     26.0,     78.0, 12, 10, 11,  9,    2663325,    2663325,    2663325,    2663325
35,    2239329,     26.0,     26.0,     26.0,     77.0,  9, 10, 11,  9,      80125,      80125,      80125,      80125
35,    2524843,     52.0,     51.0,     53.0,    157.0, 12, 12, 12, 11,      80037,    2371971,      80037,    2371971
35,    2524851,     52.0,     51.0,     53.0,    159.0, 12, 12, 12, 11,      80037,    2371975,      80037,    2371975
35,    3194467,     26.0,     26.0,     26.0,     77.0,  9, 10, 11,  9,    2663327,    2663327,    2663327,    2663327
35,    3194502,     26.0,     26.0,     26.0,     77.0,  9, 10, 11, 10,    2663340,    2663340,    2663340,    2663340
35,    3831482,     52.0,     53.0,     51.0,    156.0, 12, 12, 12, 11,      80037,      80037,    2879852,    2879851
35,    3831483,     52.0,     53.0,     51.0,    157.0, 12, 12, 12, 11,      80037,      80037,    2879852,    2879852
35,    2537242,     55.0,     50.0,     52.0,    180.0, 12, 12, 12, 10,      78207,    2403033,      78207,    2381221
35,    2574775,     53.0,     51.0,     53.0,    171.0, 12, 12, 12,  9,    2401788,      78207,      78207,    2401788
35,    2574794,     53.0,     51.0,     53.0,    164.0, 12, 12, 12,  9,    2401788,      78207,      78207,    2401794
35,      43455,     54.0,     52.0,     55.0,    161.0, 12, 12, 12,  9,      78211,    2401788,      78207,      78211
35,      43456,     53.0,     51.0,     54.0,    158.0, 12, 12, 12,  9,      78211,    2401788,      78207,      78222
35,    2575174,     53.0,     52.0,     54.0,    160.0, 12, 12, 12,  9,      78211,      78207,      78207,      78211
35,    2575228,     71.0,     71.0,     70.0,    227.0, 12, 12, 12, 11,      80093,      80093,      80093,      80093
35,    2575231,     71.0,     71.0,     70.0,    227.0, 12, 12, 12, 11,      80093,      80093,      80093,      80093
35,      44293,     71.0,     71.0,     70.0,    227.0, 12, 12, 12, 11,      80093,      80093,      80093,      80093
35,    2524922,     71.0,     71.0,     70.0,    226.0, 12, 12, 12, 11,      80093,      80093,      80093,      80093
35,    2575371,     70.0,     70.0,     69.0,    225.0, 12, 12, 12, 11,      80093,      80093,      80093,      80093
35,    2575422,     69.0,     69.0,     68.0,    224.0, 12, 12, 12,  9,      80093,      80093,      80093,      80093
35,    2575448,     69.0,     70.0,     69.0,    224.0, 12, 12, 12, 11,      80093,      80093,      80093,      80093
35,    2575544,     70.0,     71.0,     70.0,    226.0, 12, 12, 12, 11,      80093,      80093,      80093,      80093
35,    2575568,     71.0,     71.0,     71.0,    227.0, 12, 12, 12, 11,      80093,      80093,      80093,      80093
35,    3191763,     26.0,     26.0,     25.0,     77.0,  9, 10, 12,  9,    2662631,    2662631,    2662631,    2662631
35,    3191784,     26.0,     25.0,     26.0,     78.0,  9, 12, 11, 10,    2662638,    2662638,    2662638,    2662638
35,    3193967,     26.0,     25.0,     26.0,     77.0,  9, 12, 11,  9,    2663149,    2663149,    2663149,    2663149
35,    3193988,     26.0,     26.0,     26.0,     79.0, 12, 12, 12,  9,    2663160,    2663160,    2663160,    2663160
35,    3191771,     26.0,     26.0,     26.0,     76.0,  9, 10, 11, 10,    2662635,    2662635,    2662635,    2662635
35,    3191776,     26.0,     26.0,     26.0,     76.0,  9, 10, 11, 10,    2662636,    2662636,    2662636,    2662636
35,    3191794,     26.0,     25.0,     26.0,     77.0,  9, 12, 11,  9,    2662640,    2662640,    2662640,    2662640
35,    3194096,     26.0,     26.0,     26.0,     77.0,  9, 10, 11,  9,    2663196,    2663196,    2663196,    2663196
35,    3194145,     26.0,     26.0,     26.0,     77.0,  9, 10, 11,  9,    2663208,    2663208,    2663208,    2663208
35,    3194443,     26.0,     26.0,     26.0,     77.0,  9, 10, 11, 10,    2663321,    2663321,    2663321,    2663321
35,    2577330,     52.0,     51.0,     52.0,    154.0,  9, 12, 11,  9,      80010,      80010,      80010,      80010
35,    2525031,     19.0,     19.0,     19.0,     57.0,  9, 10, 11,  9,    2372196,    2372196,    2372196,    2372196
35,    2577380,     52.0,     52.0,     52.0,    154.0,  9, 10, 11,  9,      80010,      80010,      80010,      80010
35,      44300,     26.0,     26.0,     26.0,     77.0,  9, 10, 11,  9,      80125,      80125,      80125,      80125
35,    3195095,     26.0,     26.0,     26.0,     77.0,  9, 10, 11,  9,      80125,      80125,      80125,      80125
35,    2525046,     19.0,     19.0,     19.0,     58.0,  9, 10, 11,  9,    2372220,    2372220,    2372220,    2372220
35,      43451,     52.0,     49.0,     52.0,    154.0,  9, 12, 12,  9,      78208,    2403033,      78207,      78208
35,    2577532,     53.0,     49.0,     52.0,    179.0, 12, 12, 12, 10,    2403033,    2403033,    2403033,    2403033
35,    2577530,     53.0,     49.0,     52.0,    179.0, 12, 12, 12, 10,    2403034,    2403034,    2403034,    2403034
35,    2577535,     53.0,     49.0,     52.0,    184.0, 12, 12, 12, 10,    2403046,    2403046,    2403046,    2403046
35,    1119992,     69.0,     66.0,     69.0,    203.0,  9, 12, 12,  9,    1344979,    1344976,    1344976,    1344979
35,    2525133,     25.0,     25.0,     25.0,     76.0,  9, 10, 11,  9,    2372261,    2372261,    2372261,    2372261
35,    1120085,     71.0,     71.0,     71.0,    207.0,  9, 10, 11,  9,    1345020,    1345020,    1345020,    1345020
35,    2537247,     22.0,     19.0,     16.0,     59.0, 12, 12, 12, 11,    2381222,    2381222,    2381222,    2381222
35,    3194006,     19.0,     19.0,     19.0,     58.0,  9, 10, 11,  9,    2663165,    2663165,    2663165,    2663165
35,    2614724,     54.0,     54.0,     54.0,    157.0,  9, 10, 11,  9,      80010,      80010,      80010,      80010
35,    3191508,     26.0,     25.0,     25.0,     76.0,  9, 10, 11, 10,    2662556,    2662556,    2662556,    2662556
35,    3191539,     19.0,     19.0,     18.0,     57.0,  9, 10, 12, 10,    2662563,    2662563,    2662563,    2662563
35,    3191564,     25.0,     25.0,     25.0,     76.0,  9, 10, 11, 10,    2662571,    2662571,    2662571,    2662571
35,    3191586,     19.0,     19.0,     19.0,     58.0,  9, 10, 11,  9,    2662577,    2662577,    2662577,    2662577
35,    3191610,     19.0,     19.0,     19.0,     57.0,  9, 10, 11, 10,    2662587,    2662587,    2662587,    2662587
35,    3191685,     25.0,     25.0,     26.0,     77.0, 12, 12, 11,  9,    2662602,    2662602,    2662602,    2662602
35,    3191706,     19.0,     19.0,     19.0,     57.0,  9, 10, 12, 10,    2662608,    2662608,    2662608,    2662608
35,    3191744,     19.0,     19.0,     19.0,     57.0,  9, 10, 11, 10,    2662618,    2662618,    2662618,    2662618
35,    3191738,     19.0,     19.0,     19.0,     58.0,  9, 10, 11,  9,    2662617,    2662617,    2662617,    2662617
35,    3191755,     25.0,     25.0,     25.0,     76.0,  9, 10, 11,  9,    2662628,    2662628,    2662628,    2662628
35,    3194140,     26.0,     26.0,     26.0,     77.0,  9, 10, 11,  9,    2663207,    2663207,    2663207,    2663207
35,    3280980,     26.0,     26.0,     26.0,     77.0,  9, 10, 11, 10,    2687841,    2687841,    2687841,    2687841
35,    3446393,     25.0,     25.0,     25.0,     76.0,  9, 10, 11,  9,    2742763,    2742763,    2742763,    2742763
35,    3579600,     69.0,     69.0,     68.0,    223.0, 12, 12, 12, 11,      80093,      80093,      80093,      80093
35,    3622002,     50.0,     56.0,     53.0,    162.0, 12, 10, 12,  9,    2201249,    2855783,    2201249,    2855783
35,    4075278,     48.0,     55.0,     51.0,    168.0, 12, 12, 12,  9,    2201249,    2201249,    2201249,    2201249
35,    4075353,     49.0,     54.0,     51.0,    160.0, 12, 10, 12,  9,    2201249,    2944141,    2201249,    2944141
36,      44255,     19.0,     19.0,     19.0,     58.0,  9, 10, 11,  9,      80015,      80015,      80015,      80015
36,    2573776,     53.0,     53.0,     53.0,    156.0,  9, 10, 11,  9,      80010,      80010,      80010,      80010
36,    2573791,     53.0,     53.0,     53.0,    156.0,  9, 10, 11,  9,      80010,      80010,      80010,      80010
36,    2573831,     53.0,     53.0,     53.0,    156.0,  9, 10, 11,  9,      80010,      80010,      80010,      80010
36,    2573943,     54.0,     54.0,     54.0,    157.0,  9, 10, 11,  9,      80010,      80010,      80010,      80010
36,    2614720,     54.0,     54.0,     54.0,    158.0,  9, 10, 11,  9,      80010,      80010,      80010,      80010
36,    2574035,     54.0,     54.0,     54.0,    158.0,  9, 10, 11,  9,      80010,      80010,      80010,      80010
36,    2574144,     54.0,     54.0,     54.0,    158.0,  9, 10, 11,  9,      80010,      80010,      80010,      80010
36,    2574617,     55.0,     55.0,     55.0,    159.0,  9, 10, 11,  9,      80010,      80010,      80010,      80010
36,    3194731,     27.0,     26.0,     26.0,     77.0,  9, 10, 11, 10,    2663390,    2663390,    2663390,    2663390
36,    3194751,     27.0,     26.0,     26.0,     77.0,  9, 10, 11, 10,    2663397,    2663397,    2663397,    2663397
36,    3194737,     27.0,     26.0,     27.0,     78.0,  9, 10, 11,  9,    2401769,    2401769,    2401769,    2401769
36,    3194626,     26.0,     26.0,     26.0,     77.0,  9, 10, 11, 10,    2663364,    2663364,    2663364,    2663364
36,    3194097,     19.0,     19.0,     19.0,     58.0,  9, 10, 11,  9,    2372116,    2372116,    2372116,    2372116
36,    3194110,     19.0,     19.0,     19.0,     57.0,  9, 10, 11, 10,    2663201,    2663201,    2663201,    2663201
36,    3194050,     26.0,     26.0,     26.0,     77.0,  9, 10, 11,  9,    2663181,    2663181,    2663181,    2663181
36,    3194071,     20.0,     20.0,     20.0,     58.0,  9, 10, 11, 11,      80086,      80086,      80086,      80086
36,     933929,     57.0,     56.0,     57.0,    168.0, 12, 12, 12,  9,    1211140,    1211140,    1211140,    1211140
36,     933924,     58.0,     55.0,     56.0,    167.0, 12, 12, 12, 10,    1211137,    1211137,    1211137,    1211137
36,    3194526,     26.0,     26.0,     26.0,     77.0,  9, 10, 11, 10,    2663347,    2663347,    2663347,    2663347
36,    3194541,     26.0,     26.0,     26.0,     77.0,  9, 10, 11, 10,    2663354,    2663354,    2663354,    2663354
36,      44304,     26.0,     26.0,     26.0,     78.0,  9, 10, 11,  9,      80125,      80125,      80125,      80125
36,    3194638,     51.0,     58.0,     55.0,    155.0, 12, 12,  6,  4,    2201249,    2201249,    3194638,    3194638
36,      43457,     54.0,     51.0,     54.0,    162.0, 12, 12, 12, 10,      78207,    2401788,      78207,      78211
36,    2576524,     52.0,     52.0,     52.0,    156.0, 12, 12, 12,  9,      78207,    2402599,      78207,    2402599
36,    1406046,     48.0,     52.0,     48.0,    136.0,  4,  5,  6,  4,     649576,    1406046,    1406046,    1406046
36,    3419144,     19.0,     20.0,     18.0,     60.0, 12, 12, 12,  9,    1211181,    1211181,    1211181,    1211181
36,    3194448,     26.0,     26.0,     26.0,     77.0,  9, 10, 11,  9,    2663323,    2663323,    2663323,    2663323
36,    3195024,     55.0,     55.0,     55.0,    159.0,  9, 10, 11,  9,      80010,      80010,      80010,      80010
36,    1405960,     26.0,     26.0,     26.0,     78.0,  9, 10, 11,  9,    1523921,    1523921,    1523921,    1523921
36,    3194851,     55.0,     55.0,     55.0,    159.0,  9, 10, 11,  9,      80010,      80010,      80010,      80010
36,    2614721,     54.0,     54.0,     54.0,    157.0,  9, 10, 11,  9,      80010,      80010,      80010,      80010
36,     649581,     50.0,     55.0,     51.0,    144.0,  4,  5,  6,  4,     649581,     649567,     649581,     649581
36,    3194708,     26.0,     26.0,     26.0,     77.0,  9, 10, 11, 10,    2663385,    2663385,    2663385,    2663385
36,    2579329,     70.0,     70.0,     71.0,    226.0, 12, 12, 12,  9,      80093,      80093,      80093,      80093
36,    2538885,     53.0,     55.0,     52.0,    158.0, 12, 12, 12,  9,      80037,      80037,    2879852,    2201241
36,    1203904,     51.0,     58.0,     57.0,    160.0, 12, 12,  6,  4,    2201249,    2201249,    1203904,    1203904
36,    3194458,     26.0,     26.0,     26.0,     78.0, 12, 10, 11, 10,    2663325,    2663325,    2663325,    2663325
36,    2239329,     26.0,     26.0,     26.0,     77.0,  9, 10, 11,  9,      80125,      80125,      80125,      80125
36,    2524843,     52.0,     51.0,     53.0,    157.0, 12, 12, 12, 11,      80037,    2371971,      80037,    2371971
36,    2524851,     51.0,     51.0,     53.0,    159.0, 12, 12, 12, 11,      80037,    2371975,      80037,    2371975
36,    3194467,     26.0,     26.0,     26.0,     77.0,  9, 10, 11,  9,    2663327,    2663327,    2663327,    2663327
36,    3194502,     26.0,     26.0,     26.0,     77.0,  9, 10, 11, 10,    2663340,    2663340,    2663340,    2663340
36,    3831482,     52.0,     54.0,     51.0,    157.0, 12, 12, 12,  9,      80037,      80037,    2879852,    2879851
36,    3831483,     51.0,     53.0,     51.0,    157.0, 12, 12, 12, 11,      80037,      80037,    2879852,    2879852
36,    2537242,     52.0,     53.0,     53.0,    186.0, 12, 12, 12,  9,      78207,      78207,      78207,    2381221
36,    2574775,     53.0,     50.0,     53.0,    173.0, 12, 12, 12,  9,      78207,    2401788,      78207,    2401788
36,    2574794,     53.0,     51.0,     53.0,    166.0, 12, 12, 12,  9,      78207,    2401788,      78207,    2401794
36,      43455,     54.0,     52.0,     55.0,    163.0, 12, 12, 12, 10,      78211,      78211,      78207,      78211
36,      43456,     53.0,     51.0,     54.0,    160.0, 12, 12, 12,  9,      78211,      78211,      78207,      78222
36,    2575174,     54.0,     51.0,     54.0,    162.0, 12, 12, 12, 10,      78207,      78211,      78207,      78211
36,    2575228,     70.0,     71.0,     72.0,    226.0, 12, 12, 12,  9,      80093,      80093,      80093,      80093
36,    2575231,     70.0,     71.0,     72.0,    226.0, 12, 12, 12,  9,      80093,      80093,      80093,      80093
36,      44293,     70.0,     70.0,     71.0,    226.0, 12, 12, 12,  9,      80093,      80093,      80093,      80093
36,    2524922,     70.0,     70.0,     71.0,    226.0, 12, 12, 12,  9,      80093,      80093,      80093,      80093
36,    2575371,     69.0,     70.0,     71.0,    225.0, 12, 12, 12,  9,      80093,      80093,      80093,      80093
36,    2575422,     68.0,     69.0,     70.0,    223.0, 12, 12, 12,  9,      80093,      80093,      80093,      80093
36,    2575448,     69.0,     69.0,     70.0,    223.0, 12, 12, 12,  9,      80093,      80093,      80093,      80093
36,    2575544,     70.0,     70.0,     71.0,    225.0, 12, 12, 12,  9,      80093,      80093,      80093,      80093
36,    2575568,     70.0,     71.0,     72.0,    226.0, 12, 12, 12,  9,      80093,      80093,      80093,      80093
36,    3191763,     25.0,     26.0,     25.0,     76.0, 12, 10, 11, 11,    2662631,    2662631,    2662631,    2662631
36,    3191784,     26.0,     25.0,     26.0,     80.0, 12, 12, 12,  9,    2662638,    2662638,    2662638,    2662638
36,    3193967,     25.0,     24.0,     28.0,     77.0, 12, 12, 11,  9,    2663149,    2663149,    2663149,    2663149
36,    3193988,     26.0,     26.0,     26.0,     79.0, 12, 10, 11,  9,    2663160,    2663160,    2663160,    2663160
36,    3191771,     26.0,     26.0,     26.0,     76.0,  9, 10, 11, 10,    2662635,    2662635,    2662635,    2662635
36,    3191776,     26.0,     26.0,     26.0,     76.0,  9, 10, 11, 10,    2662636,    2662636,    2662636,    2662636
36,    3191794,     26.0,     25.0,     26.0,     77.0,  9, 12, 11,  9,    2662640,    2662640,    2662640,    2662640
36,    3194096,     26.0,     26.0,     26.0,     77.0,  9, 10, 11,  9,    2663196,    2663196,    2663196,    2663196
36,    3194145,     26.0,     26.0,     26.0,     77.0,  9, 10, 11,  9,    2663208,    2663208,    2663208,    2663208
36,    3194443,     26.0,     26.0,     26.0,     77.0,  9, 10, 11, 10,    2663321,    2663321,    2663321,    2663321
36,    2577330,     52.0,     51.0,     52.0,    154.0,  9, 12, 11,  9,      80010,      80010,      80010,      80010
36,    2525031,     19.0,     19.0,     19.0,     57.0,  9, 10, 11,  9,    2372196,    2372196,    2372196,    2372196
36,    2577380,     52.0,     52.0,     52.0,    154.0,  9, 10, 11,  9,      80010,      80010,      80010,      80010
36,      44300,     26.0,     26.0,     26.0,     77.0,  9, 10, 11,  9,      80125,      80125,      80125,      80125
36,    3195095,     26.0,     26.0,     26.0,     77.0,  9, 10, 11,  9,      80125,      80125,      80125,      80125
36,    2525046,     19.0,     19.0,     19.0,     58.0,  9, 10, 11,  9,    2372220,    2372220,    2372220,    2372220
36,      43451,     52.0,     52.0,     52.0,    154.0, 12, 10, 12,  9,      78207,      78208,      78207,      78208
36,    2577532,     51.0,     52.0,     52.0,    185.0, 12, 12, 12,  9,    2403033,    2403033,    2403033,    2403033
36,    2577530,     51.0,     52.0,     52.0,    185.0, 12, 12, 12,  9,    2403034,    2403034,    2403034,    2403034
36,    2577535,     51.0,     52.0,     52.0,    193.0, 12, 12, 12,  9,    2403046,    2403046,    2403046,    2403046
36,    1119992,     68.0,     68.0,     69.0,    203.0, 12, 12, 12,  9,    1344976,    1344979,    1344976,    1344979
36,    2525133,     25.0,     25.0,     25.0,     76.0,  9, 10, 11, 10,    2372261,    2372261,    2372261,    2372261
36,    1120085,     71.0,     71.0,     71.0,    207.0,  9, 10, 11,  9,    1345020,    1345020,    1345020,    1345020
36,    2537247,     19.0,     22.0,     16.0,     60.0, 12, 12, 12, 11,    2381222,    2381222,    2381222,    2381222
36,    3194006,     19.0,     19.0,     19.0,     58.0,  9, 10, 11,  9,    2663165,    2663165,    2663165,    2663165
36,    2614724,     54.0,     54.0,     54.0,    157.0,  9, 10, 11,  9,      80010,      80010,      80010,      80010
36,    3191508,     26.0,     25.0,     25.0,     76.0,  9, 10, 11, 10,    2662556,    2662556,    2662556,    2662556
36,    3191539,     19.0,     19.0,     18.0,     57.0,  9, 10, 12, 10,    2662563,    2662563,    2662563,    2662563
36,    3191564,     25.0,     25.0,     25.0,     76.0,  9, 10, 11, 11,    2662571,    2662571,    2662571,    2662571
36,    3191586,     19.0,     19.0,     19.0,     58.0,  9, 10, 11,  9,    2662577,    2662577,    2662577,    2662577
36,    3191610,     19.0,     19.0,     19.0,     57.0,  9, 10, 11, 10,    2662587,    2662587,    2662587,    2662587
36,    3191685,     26.0,     25.0,     26.0,     76.0,  9, 12, 11, 10,    2662602,    2662602,    2662602,    2662602
36,    3191706,     19.0,     18.0,     20.0,     57.0,  9, 12, 11, 10,    2662608,    2662608,    2662608,    2662608
36,    3191744,     19.0,     19.0,     19.0,     57.0,  9, 10, 11, 10,    2662618,    2662618,    2662618,    2662618
36,    3191738,     19.0,     19.0,     19.0,     58.0,  9, 10, 11,  9,    2662617,    2662617,    2662617,    2662617
36,    3191755,     25.0,     25.0,     25.0,     76.0,  9, 10, 11,  9,    2662628,    2662628,    2662628,    2662628
36,    3194140,     26.0,     26.0,     26.0,     77.0,  9, 10, 11,  9,    2663207,    2663207,    2663207,    2663207
36,    3280980,     26.0,     26.0,     26.0,     77.0,  9, 10, 11, 10,    2687841,    2687841,    2687841,    2687841
36,    3446393,     25.0,     25.0,     25.0,     76.0,  9, 10, 11,  9,    2742763,    2742763,    2742763,    2742763
36,    3579600,     68.0,     68.0,     69.0,    222.0, 12, 12, 12,  9,      80093,      80093,      80093,      80093
36,    3622002,     49.0,     55.0,     54.0,    162.0, 12, 10, 12, 11,    2201249,    2855783,    2201249,    2855783
36,    4075278,     48.0,     54.0,     52.0,    169.0, 12, 12, 12,  9,    2201249,    2201249,    2201249,    2201249
36,    4075353,     48.0,     54.0,     52.0,    160.0, 12, 12, 12,  9,    2201249,    2201249,    2201249,    2944141
37,      44255,     19.0,     19.0,     19.0,     58.0,  9, 10, 11,  9,      80015,      80015,      80015,      80015
37,    2573776,     53.0,     53.0,     53.0,    156.0,  9, 10, 11,  9,      80010,      80010,      80010,      80010
37,    2573791,     53.0,     53.0,     53.0,    156.0,  9, 10, 11,  9,      80010,      80010,      80010,      80010
37,    2573831,     53.0,     53.0,     53.0,    156.0,  9, 10, 11,  9,      80010,      80010,      80010,      80010
37,    2573943,     54.0,     54.0,     54.0,    157.0,  9, 10, 11,  9,      80010,      80010,      80010,      80010
37,    2614720,     54.0,     54.0,     54.0,    158.0,  9, 10, 11,  9,      80010,      80010,      80010,      80010
37,    2574035,     54.0,     54.0,     54.0,    158.0,  9, 10, 11,  9,      80010,      80010,      80010,      80010
37,    2574144,     54.0,     54.0,     54.0,    158.0,  9, 10, 11,  9,      80010,      80010,      80010,      80010
37,    2574617,     55.0,     55.0,     55.0,    158.0,  9, 10, 11, 11,      80010,      80010,      80010,      80010
37,    3194731,     27.0,     26.0,     26.0,     77.0,  9, 10, 11, 10,    2663390,    2663390,    2663390,    2663390
37,    3194751,     27.0,     26.0,     26.0,     77.0,  9, 10, 11, 10,    2663397,    2663397,    2663397,    2663397
37,    3194737,     27.0,     26.0,     27.0,     77.0,  9, 10, 11, 10,    2401769,    2401769,    2401769,    2401769
37,    3194626,     26.0,     26.0,     26.0,     77.0,  9, 10, 11, 10,    2663364,    2663364,    2663364,    2663364
37,    3194097,     19.0,     19.0,     19.0,     58.0,  9, 10, 11,  9,    2372116,    2372116,    2372116,    2372116
37,    3194110,     19.0,     19.0,     19.0,     57.0,  9, 10, 11, 10,    2663201,    2663201,    2663201,    2663201
37,    3194050,     26.0,     26.0,     26.0,     77.0,  9, 10, 11,  9,    2663181,    2663181,    2663181,    2663181
37,    3194071,     20.0,     20.0,     20.0,     59.0,  9, 10, 11,  9,      80086,      80086,      80086,      80086
37,     933929,     57.0,     56.0,     57.0,    168.0, 12, 12, 12, 10,    1211140,    1211140,    1211140,    1211140
37,     933924,     57.0,     56.0,     57.0,    167.0, 12, 12, 12,  9,    1211137,    1211137,    1211137,    1211137
37,    3194526,     26.0,     26.0,     26.0,     77.0,  9, 10, 11, 10,    2663347,    2663347,    2663347,    2663347
37,    3194541,     26.0,     26.0,     26.0,     77.0,  9, 10, 11, 10,    2663354,    2663354,    2663354,    2663354
37,      44304,     26.0,     26.0,     26.0,     78.0,  9, 10, 11,  9,      80125,      80125,      80125,      80125
37,    3194638,     51.0,     59.0,     55.0,    155.0, 12, 12,  6,  4,    2201249,    2201249,    3194638,    3194638
37,      43457,     54.0,     52.0,     53.0,    161.0, 12, 12, 12,  9,      78211,    2401788,      78207,      78211
37,    2576524,     52.0,     52.0,     51.0,    156.0, 12, 12, 12,  9,    2402599,    2402599,      78207,    2402599
37,    1406046,     48.0,     52.0,     48.0,    136.0,  4,  5,  6,  4,     649576,    1406046,    1406046,    1406046
37,    3419144,     19.0,     20.0,     19.0,     59.0, 12, 10, 12, 11,    1211181,    1211181,    1211181,    1211181
37,    3194448,     26.0,     26.0,     26.0,     77.0,  9, 10, 11,  9,    2663323,    2663323,    2663323,    2663323
37,    3195024,     55.0,     55.0,     55.0,    159.0,  9, 10, 11,  9,      80010,      80010,      80010,      80010
37,    1405960,     26.0,     26.0,     26.0,     78.0,  9, 10, 11,  9,    1523921,    1523921,    1523921,    1523921
37,    3194851,     55.0,     55.0,     55.0,    159.0,  9, 10, 11,  9,      80010,      80010,      80010,      80010
37,    2614721,     54.0,     54.0,     54.0,    157.0,  9, 10, 11,  9,      80010,      80010,      80010,      80010
37,     649581,     50.0,     55.0,     51.0,    143.0,  4,  5,  6,  4,     649581,     649581,     649581,     649581
37,    3194708,     26.0,     26.0,     26.0,     77.0,  9, 10, 11, 10,    2663385,    2663385,    2663385,    2663385
37,    2579329,     69.0,     70.0,     73.0,    223.0, 12, 12, 12,  9,      80093,      80093,      80093,      80093
37,    2538885,     54.0,     53.0,     54.0,    158.0, 12, 12, 11,  9,      80037,      80037,    2201241,    2201241
37,    1203904,     51.0,     59.0,     55.0,    159.0, 12, 12, 12,  4,    2201249,    2201249,    2201249,    1203904
37,    3194458,     26.0,     26.0,     26.0,     78.0, 12, 10, 11,  9,    2663325,    2663325,    2663325,    2663325
37,    2239329,     26.0,     26.0,     26.0,     77.0,  9, 10, 11,  9,      80125,      80125,      80125,      80125
37,    2524843,     53.0,     51.0,     53.0,    156.0, 12, 12, 11, 11,      80037,    2371971,    2371971,    2371971
37,    2524851,     53.0,     51.0,     54.0,    158.0, 12, 12, 11, 11,      80037,    2371975,      80037,    2371975
37,    3194467,     26.0,     26.0,     26.0,     77.0,  9, 10, 11,  9,    2663327,    2663327,    2663327,    2663327
37,    3194502,     26.0,     26.0,     26.0,     77.0,  9, 10, 11, 10,    2663340,    2663340,    2663340,    2663340
37,    3831482,     53.0,     52.0,     52.0,    156.0, 12, 12, 12,  9,      80037,      80037,    2879852,    2879851
37,    3831483,     53.0,     52.0,     52.0,    157.0, 12, 12, 12, 11,      80037,      80037,    2879852,    2879852
37,    2537242,     53.0,     53.0,     52.0,    185.0, 12, 12, 12,  9,      78207,      78207,      78207,    2381221
37,    2574775,     53.0,     51.0,     52.0,    172.0, 12, 12, 12,  9,    2403033,    2401788,      78207,    2401788
37,    2574794,     53.0,     51.0,     52.0,    164.0, 12, 12, 12, 10,    2403033,    2401788,      78207,    2401794
37,      43455,     55.0,     52.0,     54.0,    162.0, 12, 12, 12,  9,      78207,    2401788,      78207,      78211
37,      43456,     54.0,     51.0,     53.0,    159.0, 12, 12, 12,  9,      78207,    2401788,      78207,      78222
37,    2575174,     54.0,     52.0,     53.0,    161.0, 12, 12, 12,  9,      78211,    2401788,      78207,      78211
37,    2575228,     69.0,     70.0,     73.0,    224.0, 12, 12, 12,  9,      80093,      80093,      80093,      80093
37,    2575231,     69.0,     70.0,     73.0,    223.0, 12, 12, 12,  9,      80093,      80093,      80093,      80093
37,      44293,     69.0,     70.0,     73.0,    223.0, 12, 12, 12,  9,      80093,      80093,      80093,      80093
37,    2524922,     69.0,     70.0,     73.0,    223.0, 12, 12, 12,  9,      80093,      80093,      80093,      80093
37,    2575371,     68.0,     69.0,     72.0,    222.0, 12, 12, 12,  9,      80093,      80093,      80093,      80093
37,    2575422,     67.0,     68.0,     71.0,    220.0, 12, 12, 12,  9,      80093,      80093,      80093,      80093
37,    2575448,     68.0,     69.0,     71.0,    221.0, 12, 12, 12,  9,      80093,      80093,      80093,      80093
37,    2575544,     69.0,     70.0,     73.0,    222.0, 12, 12, 12,  9,      80093,      80093,      80093,      80093
37,    2575568,     70.0,     71.0,     73.0,    224.0, 12, 12, 12,  9,      80093,      80093,      80093,      80093
37,    3191763,     25.0,     26.0,     25.0,     76.0, 12, 10, 11, 11,    2662631,    2662631,    2662631,    2662631
37,    3191784,     26.0,     25.0,     26.0,     80.0, 12, 12, 12,  9,    2662638,    2662638,    2662638,    2662638
37,    3193967,     25.0,     25.0,     27.0,     77.0, 12, 12, 12,  9,    2663149,    2663149,    2663149,    2663149
37,    3193988,     26.0,     26.0,     26.0,     79.0,  9, 10, 11,  9,    2663160,    2663160,    2663160,    2663160
37,    3191771,     26.0,     26.0,     26.0,     76.0,  9, 10, 11, 10,    2662635,    2662635,    2662635,    2662635
37,    3191776,     26.0,     26.0,     26.0,     76.0,  9, 10, 11, 10,    2662636,    2662636,    2662636,    2662636
37,    3191794,     26.0,     25.0,     26.0,     77.0,  9, 12, 11,  9,    2662640,    2662640,    2662640,    2662640
37,    3194096,     26.0,     26.0,     26.0,     77.0,  9, 10, 11,  9,    2663196,    2663196,    2663196,    2663196
37,    3194145,     26.0,     26.0,     26.0,     77.0,  9, 10, 11,  9,    2663208,    2663208,    2663208,    2663208
37,    3194443,     26.0,     26.0,     26.0,     77.0,  9, 10, 11, 10,    2663321,    2663321,    2663321,    2663321
37,    2577330,     52.0,     51.0,     52.0,    154.0,  9, 12, 11,  9,      80010,      80010,      80010,      80010
37,    2525031,     19.0,     19.0,     19.0,     57.0,  9, 10, 11,  9,    2372196,    2372196,    2372196,    2372196
37,    2577380,     52.0,     52.0,     52.0,    154.0,  9, 10, 11,  9,      80010,      80010,      80010,      80010
37,      44300,     26.0,     26.0,     26.0,     77.0,  9, 10, 11,  9,      80125,      80125,      80125,      80125
37,    3195095,     26.0,     26.0,     26.0,     77.0,  9, 10, 11,  9,      80125,      80125,      80125,      80125
37,    2525046,     19.0,     19.0,     19.0,     58.0,  9, 10, 11,  9,    2372220,    2372220,    2372220,    2372220
37,      43451,     52.0,     52.0,     51.0,    154.0, 12, 10, 12,  9,      78207,      78208,      78207,      78208
37,    2577532,     51.0,     51.0,     52.0,    185.0, 12, 12, 12,  9,    2403046,    2403046,    2403033,    2403033
37,    2577530,     51.0,     51.0,     52.0,    185.0, 12, 12, 12,  9,    2403034,    2403034,    2403034,    2403034
37,    2577535,     51.0,     51.0,     51.0,    192.0, 12, 12, 12,  9,    2403046,    2403046,    2403046,    2403046
37,    1119992,     69.0,     68.0,     68.0,    203.0, 12, 12, 12,  9,    1344976,    1344976,    1344976,    1344979
37,    2525133,     25.0,     25.0,     25.0,     76.0,  9, 10, 11,  9,    2372261,    2372261,    2372261,    2372261
37,    1120085,     71.0,     71.0,     71.0,    207.0,  9, 10, 11,  9,    1345020,    1345020,    1345020,    1345020
37,    2537247,     18.0,     22.0,     16.0,     62.0, 12, 12, 12, 11,    2381222,    2381222,    2381222,    2381222
37,    3194006,     19.0,     19.0,     19.0,     58.0,  9, 10, 11,  9,    2663165,    2663165,    2663165,    2663165
37,    2614724,     54.0,     54.0,     54.0,    157.0,  9, 10, 11,  9,      80010,      80010,      80010,      80010
37,    3191508,     26.0,     25.0,     25.0,     76.0,  9, 10, 11, 10,    2662556,    2662556,    2662556,    2662556
37,    3191539,     19.0,     19.0,     18.0,     57.0,  9, 10, 12, 10,    2662563,    2662563,    2662563,    2662563
37,    3191564,     25.0,     25.0,     25.0,     76.0,  9, 10, 11, 10,    2662571,    2662571,    2662571,    2662571
37,    3191586,     19.0,     19.0,     19.0,     58.0,  9, 10, 11,  9,    2662577,    2662577,    2662577,    2662577
37,    3191610,     19.0,     19.0,     19.0,     57.0,  9, 10, 11, 10,    2662587,    2662587,    2662587,    2662587
37,    3191685,     26.0,     25.0,     26.0,     77.0,  9, 12, 11, 10,    2662602,    2662602,    2662602,    2662602
37,    3191706,     19.0,     19.0,     19.0,     57.0,  9, 10, 12, 10,    2662608,    2662608,    2662608,    2662608
37,    3191744,     19.0,     19.0,     19.0,     57.0,  9, 10, 11, 10,    2662618,    2662618,    2662618,    2662618
37,    3191738,     19.0,     19.0,     19.0,     58.0,  9, 10, 11,  9,    2662617,    2662617,    2662617,    2662617
37,    3191755,     25.0,     25.0,     25.0,     76.0,  9, 10, 11,  9,    2662628,    2662628,    2662628,    2662628
37,    3194140,     26.0,     26.0,     26.0,     77.0,  9, 10, 11,  9,    2663207,    2663207,    2663207,    2663207
37,    3280980,     26.0,     26.0,     26.0,     77.0,  9, 10, 11, 10,    2687841,    2687841,    2687841,    2687841
37,    3446393,     25.0,     25.0,     25.0,     76.0,  9, 10, 11,  9,    2742763,    2742763,    2742763,    2742763
37,    3579600,     67.0,     68.0,     70.0,    219.0, 12, 12, 12,  9,      80093,      80093,      80093,      80093
37,    3622002,     49.0,     55.0,     52.0,    162.0, 12, 10, 12, 11,    2201249,    2855783,    2201249,    2855783
37,    4075278,     47.0,     56.0,     51.0,    169.0, 12, 12, 12,  9,    2201249,    2201249,    2201249,    2201249
37,    4075353,     47.0,     54.0,     51.0,    160.0, 12, 10, 12,  9,    2201249,    2944141,    2201249,    2944141
38,      44255,     20.0,     19.0,     19.0,     58.0,  9, 10, 11,  9,      80015,      80015,      80015,      80015
38,    2573776,     53.0,     53.0,     53.0,    156.0,  9, 10, 11,  9,      80010,      80010,      80010,      80010
38,    2573791,     53.0,     53.0,     53.0,    156.0,  9, 10, 11,  9,      80010,      80010,      80010,      80010
38,    2573831,     53.0,     53.0,     53.0,    156.0,  9, 10, 11,  9,      80010,      80010,      80010,      80010
38,    2573943,     54.0,     54.0,     54.0,    157.0,  9, 10, 11,  9,      80010,      80010,      80010,      80010
38,    2614720,     54.0,     54.0,     54.0,    158.0,  9, 10, 11,  9,      80010,      80010,      80010,      80010
38,    2574035,     54.0,     54.0,     54.0,    158.0,  9, 10, 11,  9,      80010,      80010,      80010,      80010
38,    2574144,     54.0,     54.0,     54.0,    158.0, 12, 10, 11,  9,      80010,      80010,      80010,      80010
38,    2574617,     55.0,     55.0,     55.0,    159.0,  9, 10, 11,  9,      80010,      80010,      80010,      80010
38,    3194731,     27.0,     26.0,     26.0,     77.0,  9, 10, 11, 10,    2663390,    2663390,    2663390,    2663390
38,    3194751,     27.0,     26.0,     26.0,     77.0,  9, 10, 11, 10,    2663397,    2663397,    2663397,    2663397
38,    3194737,     27.0,     26.0,     27.0,     78.0,  9, 10, 11,  9,    2401769,    2401769,    2401769,    2401769
38,    3194626,     26.0,     26.0,     26.0,     77.0,  9, 10, 11, 10,    2663364,    2663364,    2663364,    2663364
38,    3194097,     19.0,     20.0,     19.0,     58.0,  9, 10, 11,  9,    2372116,    2372116,    2372116,    2372116
38,    3194110,     19.0,     19.0,     19.0,     57.0,  9, 10, 11, 10,    2663201,    2663201,    2663201,    2663201
38,    3194050,     26.0,     26.0,     26.0,     77.0,  9, 10, 11,  9,    2663181,    2663181,    2663181,    2663181
38,    3194071,     20.0,     20.0,     20.0,     59.0,  9, 10, 11,  9,      80086,      80086,      80086,      80086
38,     933929,     57.0,     56.0,     57.0,    168.0, 12, 12, 12, 10,    1211140,    1211140,    1211140,    1211140
38,     933924,     58.0,     56.0,     56.0,    167.0,  9, 12, 12, 10,    1211137,    1211137,    1211137,    1211137
38,    3194526,     26.0,     26.0,     26.0,     77.0,  9, 10, 11, 10,    2663347,    2663347,    2663347,    2663347
38,    3194541,     26.0,     26.0,     26.0,     77.0,  9, 10, 11, 10,    2663354,    2663354,    2663354,    2663354
38,      44304,     26.0,     26.0,     26.0,     78.0,  9, 10, 11,  9,      80125,      80125,      80125,      80125
38,    3194638,     51.0,     59.0,     55.0,    154.0, 12,  5,  6,  4,    2201249,    3194638,    3194638,    3194638
38,      43457,     55.0,     53.0,     52.0,    161.0, 12, 12, 12,  9,      78211,      78211,      78207,      78211
38,    2576524,     52.0,     51.0,     50.0,    156.0, 12, 12, 12,  9,    2402599,    2403033,      78207,    2402599
38,    1406046,     47.0,     51.0,     48.0,    135.0,  4,  5,  6,  4,    1406046,    1406046,    1406046,    1406046
38,    3419144,     19.0,     20.0,     19.0,     59.0, 12, 10, 12, 11,    1211181,    1211181,    1211181,    1211181
38,    3194448,     26.0,     26.0,     26.0,     77.0,  9, 10, 11, 10,    2663323,    2663323,    2663323,    2663323
38,    3195024,     55.0,     55.0,     55.0,    159.0,  9, 10, 11,  9,      80010,      80010,      80010,      80010
38,    1405960,     26.0,     26.0,     26.0,     78.0,  9, 10, 11,  9,    1523921,    1523921,    1523921,    1523921
38,    3194851,     55.0,     55.0,     55.0,    159.0,  9, 10, 11,  9,      80010,      80010,      80010,      80010
38,    2614721,     54.0,     54.0,     54.0,    157.0,  9, 10, 11,  9,      80010,      80010,      80010,      80010
38,     649581,     50.0,     54.0,     51.0,    142.0,  4,  5,  6,  4,     649567,     649581,     649581,     649581
38,    3194708,     26.0,     26.0,     26.0,     77.0,  9, 10, 11, 10,    2663385,    2663385,    2663385,    2663385
38,    2579329,     70.0,     69.0,     72.0,    224.0, 12, 12, 12,  9,      80093,      80093,      80093,      80093
38,    2538885,     54.0,     51.0,     53.0,    158.0,  9, 12, 12,  9,    2201241,      80037,    2879852,    2201241
38,    1203904,     51.0,     59.0,     56.0,    158.0, 12, 12, 12,  4,    2201249,    2201249,    2201249,    1203904
38,    3194458,     26.0,     26.0,     26.0,     78.0, 12, 10, 11, 10,    2663325,    2663325,    2663325,    2663325
38,    2239329,     26.0,     26.0,     26.0,     77.0,  9, 10, 11,  9,      80125,      80125,      80125,      80125
38,    2524843,     55.0,     49.0,     53.0,    156.0, 12, 12, 12, 11,    2371971,    2371971,      80037,    2371971
38,    2524851,     55.0,     49.0,     53.0,    158.0, 12, 12, 12, 11,      80037,    2371975,      80037,    2371975
38,    3194467,     26.0,     26.0,     26.0,     77.0,  9, 10, 11,  9,    2663327,    2663327,    2663327,    2663327
38,    3194502,     26.0,     26.0,     26.0,     77.0,  9, 10, 11, 10,    2663340,    2663340,    2663340,    2663340
38,    3831482,     53.0,     50.0,     52.0,    156.0,  9, 12, 12,  9,    2879851,      80037,    2879852,    2879851
38,    3831483,     53.0,     50.0,     52.0,    157.0,  9, 12, 12,  9,    2879852,      80037,      80037,    2879852
38,    2537242,     55.0,     52.0,     50.0,    182.0, 12, 12, 12, 11,    2403033,      78207,      78207,    2381221
38,    2574775,     54.0,     52.0,     51.0,    171.0, 12, 12, 12,  9,    2401788,    2401788,      78207,    2401788
38,    2574794,     54.0,     52.0,     51.0,    164.0, 12, 12, 12, 10,    2401788,    2401788,      78207,    2401794
38,      43455,     55.0,     53.0,     52.0,    162.0, 12, 12, 12,  9,      78211,    2401788,      78207,      78211
38,      43456,     54.0,     52.0,     51.0,    159.0, 12, 12, 12,  9,      78211,    2401788,      78207,      78222
38,    2575174,     54.0,     52.0,     52.0,    161.0, 12, 12, 12,  9,      78211,    2401788,      78207,      78211
38,    2575228,     71.0,     70.0,     73.0,    225.0, 12, 12, 12,  9,      80093,      80093,      80093,      80093
38,    2575231,     70.0,     69.0,     72.0,    224.0, 12, 12, 12,  9,      80093,      80093,      80093,      80093
38,      44293,     70.0,     69.0,     72.0,    224.0, 12, 12, 12,  9,      80093,      80093,      80093,      80093
38,    2524922,     70.0,     69.0,     72.0,    224.0, 12, 12, 12,  9,      80093,      80093,      80093,      80093
38,    2575371,     69.0,     69.0,     72.0,    223.0, 12, 12, 12,  9,      80093,      80093,      80093,      80093
38,    2575422,     68.0,     68.0,     71.0,    221.0, 12, 12, 12,  9,      80093,      80093,      80093,      80093
38,    2575448,     69.0,     68.0,     71.0,    222.0, 12, 12, 12,  9,      80093,      80093,      80093,      80093
38,    2575544,     70.0,     69.0,     72.0,    224.0, 12, 12, 12,  9,      80093,      80093,      80093,      80093
38,    2575568,     71.0,     70.0,     73.0,    225.0, 12, 12, 12,  9,      80093,      80093,      80093,      80093
38,    3191763,     25.0,     26.0,     25.0,     77.0, 12, 10, 12,  9,    2662631,    2662631,    2662631,    2662631
38,    3191784,     26.0,     25.0,     26.0,     79.0, 12, 12, 12,  9,    2662638,    2662638,    2662638,    2662638
38,    3193967,     25.0,     25.0,     27.0,     77.0, 12, 12, 11,  9,    2663149,    2663149,    2663149,    2663149
38,    3193988,     26.0,     26.0,     26.0,     79.0, 12, 12, 12,  9,    2663160,    2663160,    2663160,    2663160
38,    3191771,     26.0,     26.0,     26.0,     76.0,  9, 10, 11, 10,    2662635,    2662635,    2662635,    2662635
38,    3191776,     26.0,     26.0,     26.0,     76.0,  9, 10, 11, 10,    2662636,    2662636,    2662636,    2662636
38,    3191794,     26.0,     26.0,     26.0,     77.0,  9, 10, 11,  9,    2662640,    2662640,    2662640,    2662640
38,    3194096,     26.0,     26.0,     26.0,     77.0,  9, 10, 11,  9,    2663196,    2663196,    2663196,    2663196
38,    3194145,     26.0,     26.0,     26.0,     77.0,  9, 10, 11,  9,    2663208,    2663208,    2663208,    2663208
38,    3194443,     26.0,     26.0,     26.0,     77.0,  9, 10, 11, 10,    2663321,    2663321,    2663321,    2663321
38,    2577330,     52.0,     51.0,     52.0,    154.0,  9, 12, 11,  9,      80010,      80010,      80010,      80010
38,    2525031,     19.0,     19.0,     19.0,     57.0,  9, 10, 11,  9,    2372196,    2372196,    2372196,    2372196
38,    2577380,     52.0,     52.0,     52.0,    154.0,  9, 10, 11,  9,      80010,      80010,      80010,      80010
38,      44300,     26.0,     26.0,     26.0,     77.0,  9, 10, 11,  9,      80125,      80125,      80125,      80125
38,    3195095,     26.0,     26.0,     26.0,     77.0,  9, 10, 11,  9,      80125,      80125,      80125,      80125
38,    2525046,     19.0,     19.0,     19.0,     58.0,  9, 10, 11,  9,    2372220,    2372220,    2372220,    2372220
38,      43451,     52.0,     51.0,     50.0,    154.0,  9, 12, 12,  9,      78208,    2403033,      78207,      78208
38,    2577532,     54.0,     50.0,     50.0,    184.0, 12, 12, 12, 10,    2403033,    2403046,    2403033,    2403033
38,    2577530,     54.0,     50.0,     50.0,    184.0, 12, 12, 12, 10,    2403034,    2403034,    2403034,    2403034
38,    2577535,     54.0,     50.0,     50.0,    192.0, 12, 12, 12, 10,    2403046,    2403046,    2403046,    2403046
38,    1119992,     69.0,     68.0,     67.0,    203.0,  9, 12, 12,  9,    1344979,    1344976,    1344976,    1344979
38,    2525133,     25.0,     25.0,     25.0,     76.0,  9, 10, 11,  9,    2372261,    2372261,    2372261,    2372261
38,    1120085,     71.0,     71.0,     71.0,    207.0,  9, 10, 11,  9,    1345020,    1345020,    1345020,    1345020
38,    2537247,     21.0,     20.0,     15.0,     59.0, 12, 12, 12, 11,    2381222,    2381222,    2381222,    2381222
38,    3194006,     19.0,     19.0,     19.0,     58.0,  9, 10, 11,  9,    2663165,    2663165,    2663165,    2663165
38,    2614724,     54.0,     54.0,     54.0,    157.0,  9, 10, 11,  9,      80010,      80010,      80010,      80010
38,    3191508,     26.0,     25.0,     25.0,     76.0,  9, 10, 11, 10,    2662556,    2662556,    2662556,    2662556
38,    3191539,     19.0,     19.0,     18.0,     57.0,  9, 10, 12, 10,    2662563,    2662563,    2662563,    2662563
38,    3191564,     25.0,     25.0,     25.0,     76.0,  9, 10, 11, 10,    2662571,    2662571,    2662571,    2662571
38,    3191586,     19.0,     19.0,     19.0,     58.0,  9, 10, 11,  9,    2662577,    2662577,    2662577,    2662577
38,    3191610,     19.0,     19.0,     19.0,     57.0,  9, 10, 11, 10,    2662587,    2662587,    2662587,    2662587
38,    3191685,     25.0,     25.0,     27.0,     77.0, 12, 12, 11, 10,    2662602,    2662602,    2662602,    2662602
38,    3191706,     19.0,     18.0,     20.0,     57.0,  9, 12, 11, 10,    2662608,    2662608,    2662608,    2662608
38,    3191744,     19.0,     19.0,     19.0,     57.0,  9, 10, 11, 10,    2662618,    2662618,    2662618,    2662618
38,    3191738,     19.0,     19.0,     19.0,     58.0,  9, 10, 11,  9,    2662617,    2662617,    2662617,    2662617
38,    3191755,     25.0,     25.0,     25.0,     76.0,  9, 10, 11,  9,    2662628,    2662628,    2662628,    2662628
38,    3194140,     26.0,     26.0,     26.0,     77.0,  9, 10, 11,  9,    2663207,    2663207,    2663207,    2663207
38,    3280980,     26.0,     26.0,     26.0,     77.0,  9, 10, 11, 10,    2687841,    2687841,    2687841,    2687841
38,    3446393,     25.0,     25.0,     25.0,     76.0,  9, 10, 11,  9,    2742763,    2742763,    2742763,    2742763
38,    3579600,     68.0,     67.0,     70.0,    220.0, 12, 12, 12,  9,      80093,      80093,      80093,      80093
38,    3622002,     49.0,     55.0,     54.0,    162.0, 12, 10, 12, 11,    2201249,    2855783,    2201249,    2855783
38,    4075278,     47.0,     55.0,     52.0,    168.0, 12, 12, 12,  9,    2201249,    2201249,    2201249,    2201249
38,    4075353,     47.0,     54.0,     52.0,    160.0, 12, 10, 12,  9,    2201249,    2944141,    2201249,    2944141
39,      44255,     19.0,     19.0,     19.0,     58.0,  9, 10, 11,  9,      80015,      80015,      80015,      80015
39,    2573776,     53.0,     53.0,     53.0,    156.0,  9, 10, 11,  9,      80010,      80010,      80010,      80010
39,    2573791,     53.0,     53.0,     53.0,    156.0,  9, 10, 11,  9,      80010,      80010,      80010,      80010
39,    2573831,     53.0,     53.0,     53.0,    156.0,  9, 10, 11,  9,      80010,      80010,      80010,      80010
39,    2573943,     54.0,     54.0,     54.0,    157.0,  9, 10, 11,  9,      80010,      80010,      80010,      80010
39,    2614720,     54.0,     54.0,     54.0,    158.0,  9, 10, 11,  9,      80010,      80010,      80010,      80010
39,    2574035,     54.0,     54.0,     54.0,    158.0,  9, 10, 11,  9,      80010,      80010,      80010,      80010
39,    2574144,     54.0,     54.0,     54.0,    158.0,  9, 10, 11,  9,      80010,      80010,      80010,      80010
39,    2574617,     55.0,     55.0,     55.0,    158.0,  9, 10, 11, 11,      80010,      80010,      80010,      80010
39,    3194731,     27.0,     26.0,     26.0,     77.0,  9, 10, 11, 10,    2663390,    2663390,    2663390,    2663390
39,    3194751,     27.0,     26.0,     26.0,     77.0,  9, 10, 11, 10,    2663397,    2663397,    2663397,    2663397
39,    3194737,     27.0,     26.0,     27.0,     78.0,  9, 10, 11,  9,    2401769,    2401769,    2401769,    2401769
39,    3194626,     26.0,     26.0,     26.0,     77.0,  9, 10, 11, 10,    2663364,    2663364,    2663364,    2663364
39,    3194097,     19.0,     20.0,     19.0,     58.0,  9, 10, 11,  9,    2372116,    2372116,    2372116,    2372116
39,    3194110,     19.0,     19.0,     19.0,     57.0,  9, 10, 11, 10,    2663201,    2663201,    2663201,    2663201
39,    3194050,     26.0,     26.0,     26.0,     77.0,  9, 10, 11,  9,    2663181,    2663181,    2663181,    2663181
39,    3194071,     20.0,     20.0,     20.0,     58.0,  9, 10, 11, 11,      80086,      80086,      80086,      80086
39,     933929,     56.0,     57.0,     57.0,    168.0, 12, 12, 12,  9,    1211140,    1211140,    1211140,    1211140
39,     933924,     60.0,     56.0,     54.0,    167.0, 12, 12, 12, 10,    1211137,    1211137,    1211137,    1211137
39,    3194526,     26.0,     26.0,     26.0,     77.0,  9, 10, 11, 10,    2663347,    2663347,    2663347,    2663347
39,    3194541,     26.0,     26.0,     26.0,     77.0,  9, 10, 11, 10,    2663354,    2663354,    2663354,    2663354
39,      44304,     26.0,     26.0,     26.0,     78.0,  9, 10, 11,  9,      80125,      80125,      80125,      80125
39,    3194638,     51.0,     57.0,     56.0,    154.0, 12, 12,  6,  4,    2201249,    2201249,    3194638,    3194638
39,      43457,     54.0,     52.0,     54.0,    161.0, 12, 12, 12, 10,    2401788,      78211,      78207,      78211
39,    2576524,     52.0,     50.0,     52.0,    156.0, 12, 12, 12,  9,    2402599,    2403033,      78207,    2402599
39,    1406046,     47.0,     51.0,     49.0,    135.0,  4,  5,  6,  4,    1406046,    1406046,     649576,    1406046
39,    3419144,     19.0,     20.0,     19.0,     59.0, 12, 10, 12, 11,    1211181,    1211181,    1211181,    1211181
39,    3194448,     26.0,     26.0,     26.0,     77.0,  9, 10, 11, 10,    2663323,    2663323,    2663323,    2663323
39,    3195024,     55.0,     55.0,     55.0,    159.0,  9, 10, 11,  9,      80010,      80010,      80010,      80010
39,    1405960,     26.0,     26.0,     26.0,     78.0,  9, 10, 11,  9,    1523921,    1523921,    1523921,    1523921
39,    3194851,     55.0,     55.0,     55.0,    159.0,  9, 10, 11,  9,      80010,      80010,      80010,      80010
39,    2614721,     54.0,     54.0,     54.0,    157.0,  9, 10, 11,  9,      80010,      80010,      80010,      80010
39,     649581,     50.0,     54.0,     51.0,    143.0,  4,  5,  6,  4,     649581,     649581,     649581,     649581
39,    3194708,     26.0,     26.0,     26.0,     77.0,  9, 10, 11, 10,    2663385,    2663385,    2663385,    2663385
39,    2579329,     74.0,     70.0,     68.0,    228.0, 12, 12, 12, 11,      80093,      80093,      80093,      80093
39,    2538885,     54.0,     53.0,     53.0,    158.0,  9, 12, 12,  9,    2201241,      80037,    2879852,    2201241
39,    1203904,     51.0,     57.0,     57.0,    159.0, 12, 12,  6,  4,    2201249,    2201249,    1203904,    1203904
39,    3194458,     26.0,     26.0,     26.0,     78.0, 12, 10, 11, 10,    2663325,    2663325,    2663325,    2663325
39,    2239329,     26.0,     26.0,     26.0,     77.0,  9, 10, 11,  9,      80125,      80125,      80125,      80125
39,    2524843,     53.0,     50.0,     53.0,    157.0, 12, 12, 11, 11,      80037,    2371971,    2371971,    2371971
39,    2524851,     53.0,     50.0,     54.0,    159.0, 12, 12, 12, 11,      80037,    2371975,      80037,    2371975
39,    3194467,     26.0,     26.0,     26.0,     77.0,  9, 10, 11,  9,    2663327,    2663327,    2663327,    2663327
39,    3194502,     26.0,     26.0,     26.0,     77.0,  9, 10, 11, 10,    2663340,    2663340,    2663340,    2663340
39,    3831482,     53.0,     52.0,     52.0,    156.0, 12, 12, 12,  9,      80037,      80037,    2879852,    2879851
39,    3831483,     53.0,     51.0,     52.0,    157.0, 12, 12, 12, 11,      80037,      80037,    2879852,    2879852
39,    2537242,     54.0,     51.0,     52.0,    182.0, 12, 12, 12, 10,    2403033,      78207,      78207,    2381221
39,    2574775,     53.0,     51.0,     53.0,    169.0, 12, 12, 12,  9,    2401788,    2401788,      78207,    2401788
39,    2574794,     53.0,     51.0,     53.0,    163.0, 12, 12, 12,  9,    2401788,    2401788,      78207,    2401794
39,      43455,     55.0,     52.0,     55.0,    162.0, 12, 12, 12, 10,      78211,    2401788,      78207,      78211
39,      43456,     54.0,     51.0,     54.0,    159.0, 12, 12, 12,  9,      78211,    2401788,      78207,      78222
39,    2575174,     54.0,     52.0,     54.0,    161.0, 12, 12, 12, 10,    2401788,      78211,      78207,      78211
39,    2575228,     74.0,     71.0,     68.0,    229.0, 12, 12, 12, 11,      80093,      80093,      80093,      80093
39,    2575231,     74.0,     70.0,     68.0,    228.0, 12, 12, 12, 11,      80093,      80093,      80093,      80093
39,      44293,     74.0,     70.0,     68.0,    228.0, 12, 12, 12, 11,      80093,      80093,      80093,      80093
39,    2524922,     74.0,     70.0,     67.0,    228.0, 12, 12, 12, 11,      80093,      80093,      80093,      80093
39,    2575371,     73.0,     70.0,     67.0,    227.0, 12, 12, 12, 11,      80093,      80093,      80093,      80093
39,    2575422,     72.0,     68.0,     66.0,    225.0, 12, 12, 12, 11,      80093,      80093,      80093,      80093
39,    2575448,     72.0,     69.0,     66.0,    226.0, 12, 12, 12, 11,      80093,      80093,      80093,      80093
39,    2575544,     73.0,     70.0,     67.0,    227.0, 12, 12, 12, 11,      80093,      80093,      80093,      80093
39,    2575568,     74.0,     71.0,     68.0,    229.0, 12, 12, 12, 11,      80093,      80093,      80093,      80093
39,    3191763,     26.0,     26.0,     25.0,     76.0,  9, 10, 11, 11,    2662631,    2662631,    2662631,    2662631
39,    3191784,     26.0,     25.0,     26.0,     78.0,  9, 12, 11,  9,    2662638,    2662638,    2662638,    2662638
39,    3193967,     25.0,     24.0,     28.0,     77.0, 12, 12, 11,  9,    2663149,    2663149,    2663149,    2663149
39,    3193988,     26.0,     26.0,     26.0,     79.0, 12, 12, 11,  9,    2663160,    2663160,    2663160,    2663160
39,    3191771,     26.0,     26.0,     26.0,     76.0,  9, 10, 11, 10,    2662635,    2662635,    2662635,    2662635
39,    3191776,     26.0,     26.0,     26.0,     76.0,  9, 10, 11, 10,    2662636,    2662636,    2662636,    2662636
39,    3191794,     25.0,     26.0,     26.0,     77.0, 12, 12, 12,  9,    2662640,    2662640,    2662640,    2662640
39,    3194096,     26.0,     26.0,     26.0,     77.0,  9, 10, 11,  9,    2663196,    2663196,    2663196,    2663196
39,    3194145,     26.0,     26.0,     26.0,     77.0,  9, 10, 11,  9,    2663208,    2663208,    2663208,    2663208
39,    3194443,     26.0,     26.0,     26.0,     77.0,  9, 10, 11, 10,    2663321,    2663321,    2663321,    2663321
39,    2577330,     52.0,     51.0,     52.0,    154.0,  9, 12, 11,  9,      80010,      80010,      80010,      80010
39,    2525031,     19.0,     19.0,     19.0,     57.0,  9, 10, 11,  9,    2372196,    2372196,    2372196,    2372196
39,    2577380,     52.0,     52.0,     52.0,    154.0,  9, 10, 11,  9,      80010,      80010,      80010,      80010
39,      44300,     26.0,     26.0,     26.0,     77.0,  9, 10, 11,  9,      80125,      80125,      80125,      80125
39,    3195095,     26.0,     26.0,     26.0,     77.0,  9, 10, 11,  9,      80125,      80125,      80125,      80125
39,    2525046,     19.0,     19.0,     19.0,     58.0,  9, 10, 11,  9,    2372220,    2372220,    2372220,    2372220
39,      43451,     52.0,     50.0,     52.0,    154.0,  9, 12, 12,  9,      78208,    2403033,      78207,      78208
39,    2577532,     53.0,     50.0,     52.0,    182.0, 12, 12, 12, 10,    2403033,    2403033,    2403033,    2403033
39,    2577530,     53.0,     50.0,     52.0,    182.0, 12, 12, 12, 10,    2403034,    2403034,    2403034,    2403034
39,    2577535,     53.0,     50.0,     52.0,    189.0, 12, 12, 12, 10,    2403046,    2403046,    2403046,    2403046
39,    1119992,     69.0,     67.0,     68.0,    203.0,  9, 12, 12,  9,    1344979,    1344976,    1344976,    1344979
39,    2525133,     25.0,     25.0,     25.0,     76.0,  9, 10, 11, 10,    2372261,    2372261,    2372261,    2372261
39,    1120085,     71.0,     71.0,     71.0,    207.0,  9, 10, 11,  9,    1345020,    1345020,    1345020,    1345020
39,    2537247,     21.0,     20.0,     16.0,     59.0, 12, 12, 12, 11,    2381222,    2381222,    2381222,    2381222
39,    3194006,     19.0,     19.0,     19.0,     58.0,  9, 10, 11,  9,    2663165,    2663165,    2663165,    2663165
39,    2614724,     54.0,     54.0,     54.0,    157.0,  9, 10, 11,  9,      80010,      80010,      80010,      80010
39,    3191508,     26.0,     25.0,     25.0,     76.0,  9, 10, 11, 10,    2662556,    2662556,    2662556,    2662556
39,    3191539,     20.0,     19.0,     18.0,     57.0,  9, 10, 12, 10,    2662563,    2662563,    2662563,    2662563
39,    3191564,     25.0,     25.0,     25.0,     76.0,  9, 10, 11, 10,    2662571,    2662571,    2662571,    2662571
39,    3191586,     19.0,     19.0,     19.0,     58.0,  9, 10, 11,  9,    2662577,    2662577,    2662577,    2662577
39,    3191610,     19.0,     19.0,     19.0,     57.0,  9, 10, 11, 10,    2662587,    2662587,    2662587,    2662587
39,    3191685,     26.0,     25.0,     26.0,     76.0,  9, 12, 11, 10,    2662602,    2662602,    2662602,    2662602
39,    3191706,     19.0,     19.0,     19.0,     57.0,  9, 10, 12, 10,    2662608,    2662608,    2662608,    2662608
39,    3191744,     19.0,     19.0,     19.0,     57.0,  9, 10, 11, 10,    2662618,    2662618,    2662618,    2662618
39,    3191738,     19.0,     19.0,     19.0,     58.0,  9, 10, 11,  9,    2662617,    2662617,    2662617,    2662617
39,    3191755,     25.0,     25.0,     25.0,     76.0,  9, 10, 11,  9,    2662628,    2662628,    2662628,    2662628
39,    3194140,     26.0,     26.0,     26.0,     77.0,  9, 10, 11,  9,    2663207,    2663207,    2663207,    2663207
39,    3280980,     26.0,     26.0,     26.0,     77.0,  9, 10, 11, 10,    2687841,    2687841,    2687841,    2687841
39,    3446393,     25.0,     25.0,     25.0,     76.0,  9, 10, 11,  9,    2742763,    2742763,    2742763,    2742763
39,    3579600,     71.0,     68.0,     65.0,    224.0, 12, 12, 12, 11,      80093,      80093,      80093,      80093
39,    3622002,     49.0,     55.0,     55.0,    162.0, 12, 12, 12, 11,    2201249,    2201249,    2201249,    2855783
39,    4075278,     48.0,     53.0,     54.0,    167.0, 12, 12, 12,  9,    2201249,    2201249,    2201249,    2201249
39,    4075353,     48.0,     53.0,     54.0,    160.0, 12, 12, 12,  9,    2201249,    2201249,    2201249,    2944141
40,      44255,     19.0,     19.0,     19.0,     58.0,  9, 10, 11,  9,      80015,      80015,      80015,      80015
40,    2573776,     53.0,     53.0,     53.0,    156.0,  9, 10, 11,  9,      80010,      80010,      80010,      80010
40,    2573791,     53.0,     53.0,     53.0,    156.0,  9, 10, 11,  9,      80010,      80010,      80010,      80010
40,    2573831,     53.0,     53.0,     53.0,    156.0,  9, 10, 11,  9,      80010,      80010,      80010,      80010
40,    2573943,     54.0,     54.0,     54.0,    157.0,  9, 10, 11,  9,      80010,      80010,      80010,      80010
40,    2614720,     54.0,     54.0,     54.0,    158.0,  9, 10, 11,  9,      80010,      80010,      80010,      80010
40,    2574035,     54.0,     54.0,     54.0,    158.0,  9, 10, 11,  9,      80010,      80010,      80010,      80010
40,    2574144,     54.0,     54.0,     54.0,    158.0,  9, 10, 11,  9,      80010,      80010,      80010,      80010
40,    2574617,     55.0,     55.0,     55.0,    158.0,  9, 10, 11, 11,      80010,      80010,      80010,      80010
40,    3194731,     26.0,     26.0,     26.0,     77.0,  9, 10, 11, 10,    2663390,    2663390,    2663390,    2663390
40,    3194751,     26.0,     26.0,     26.0,     77.0,  9, 10, 11, 10,    2663397,    2663397,    2663397,    2663397
40,    3194737,     27.0,     27.0,     27.0,     78.0,  9, 10, 11,  9,    2401769,    2401769,    2401769,    2401769
40,    3194626,     26.0,     26.0,     26.0,     77.0,  9, 10, 11, 10,    2663364,    2663364,    2663364,    2663364
40,    3194097,     19.0,     20.0,     19.0,     58.0,  9, 10, 11,  9,    2372116,    2372116,    2372116,    2372116
40,    3194110,     19.0,     19.0,     19.0,     58.0,  9, 10, 11,  9,    2663201,    2663201,    2663201,    2663201
40,    3194050,     26.0,     26.0,     26.0,     77.0,  9, 10, 11,  9,    2663181,    2663181,    2663181,    2663181
40,    3194071,     20.0,     20.0,     20.0,     59.0,  9, 10, 11,  9,      80086,      80086,      80086,      80086
40,     933929,     57.0,     56.0,     57.0,    168.0, 12, 12, 12,  9,    1211140,    1211140,    1211140,    1211140
40,     933924,     59.0,     56.0,     54.0,    167.0, 12, 12, 12, 10,    1211137,    1211137,    1211137,    1211137
40,    3194526,     26.0,     26.0,     26.0,     77.0,  9, 10, 11, 10,    2663347,    2663347,    2663347,    2663347
40,    3194541,     26.0,     26.0,     26.0,     77.0,  9, 10, 11, 10,    2663354,    2663354,    2663354,    2663354
40,      44304,     26.0,     26.0,     26.0,     78.0,  9, 10, 11,  9,      80125,      80125,      80125,      80125
40,    3194638,     53.0,     57.0,     55.0,    154.0, 12,  5,  6,  4,    2201249,    3194638,    3194638,    3194638
40,      43457,     54.0,     52.0,     53.0,    162.0, 12, 12, 12,  9,      78211,    2401788,      78207,      78211
40,    2576524,     52.0,     51.0,     51.0,    156.0, 12, 12, 12,  9,    2402599,    2403033,      78207,    2402599
40,    1406046,     47.0,     50.0,     48.0,    135.0,  4,  5,  6,  4,    1406046,    1406046,    1406046,    1406046
40,    3419144,     19.0,     20.0,     19.0,     59.0, 12, 10, 12, 11,    1211181,    1211181,    1211181,    1211181
40,    3194448,     26.0,     26.0,     26.0,     77.0,  9, 10, 11,  9,    2663323,    2663323,    2663323,    2663323
40,    3195024,     55.0,     55.0,     55.0,    159.0,  9, 10, 11,  9,      80010,      80010,      80010,      80010
40,    1405960,     26.0,     26.0,     26.0,     78.0,  9, 10, 11,  9,    1523921,    1523921,    1523921,    1523921
40,    3194851,     55.0,     55.0,     55.0,    159.0,  9, 10, 11,  9,      80010,      80010,      80010,      80010
40,    2614721,     54.0,     54.0,     54.0,    157.0,  9, 10, 11,  9,      80010,      80010,      80010,      80010
40,     649581,     50.0,     53.0,     51.0,    143.0,  4,  5,  6,  4,     649581,     649567,     649581,     649581
40,    3194708,     26.0,     26.0,     26.0,     77.0,  9, 10, 11, 10,    2663385,    2663385,    2663385,    2663385
40,    2579329,     74.0,     69.0,     68.0,    231.0, 12, 12, 12, 10,      80093,      80093,      80093,      80093
40,    2538885,     54.0,     52.0,     53.0,    158.0,  9, 12, 12,  9,    2201241,      80037,    2879852,    2201241
40,    1203904,     53.0,     57.0,     56.0,    159.0, 12, 12, 12,  4,    2201249,    2201249,    2201249,    1203904
40,    3194458,     26.0,     26.0,     26.0,     78.0, 12, 10, 11, 10,    2663325,    2663325,    2663325,    2663325
40,    2239329,     26.0,     26.0,     26.0,     77.0,  9, 10, 11,  9,      80125,      80125,      80125,      80125
40,    2524843,     55.0,     49.0,     53.0,    157.0, 12, 12, 11, 11,      80037,    2371971,    2371971,    2371971
40,    2524851,     54.0,     49.0,     53.0,    158.0, 12, 12, 12, 11,      80037,    2371975,      80037,    2371975
40,    3194467,     26.0,     26.0,     26.0,     77.0,  9, 10, 11,  9,    2663327,    2663327,    2663327,    2663327
40,    3194502,     26.0,     26.0,     26.0,     77.0,  9, 10, 11, 11,    2663340,    2663340,    2663340,    2663340
40,    3831482,     53.0,     50.0,     52.0,    156.0,  9, 12, 12, 11,    2879851,      80037,    2879852,    2879851
40,    3831483,     52.0,     50.0,     52.0,    157.0, 12, 12, 12, 11,    2879852,      80037,    2879852,    2879852
40,    2537242,     55.0,     52.0,     52.0,    183.0, 12, 12, 12,  9,      78207,      78207,      78207,    2381221
40,    2574775,     54.0,     51.0,     52.0,    171.0, 12, 12, 12,  9,    2401788,    2401788,      78207,    2401788
40,    2574794,     54.0,     51.0,     52.0,    164.0, 12, 12, 12,  9,    2401788,    2401788,      78207,    2401794
40,      43455,     55.0,     52.0,     54.0,    163.0, 12, 12, 12,  9,      78211,    2401788,      78207,      78211
40,      43456,     54.0,     51.0,     53.0,    158.0, 12, 12, 12,  9,      78211,    2401788,      78207,      78222
40,    2575174,     54.0,     52.0,     53.0,    162.0, 12, 12, 12,  9,      78211,    2401788,      78207,      78211
40,    2575228,     75.0,     69.0,     68.0,    232.0, 12, 12, 12, 10,      80093,      80093,      80093,      80093
40,    2575231,     75.0,     69.0,     68.0,    231.0, 12, 12, 12, 10,      80093,      80093,      80093,      80093
40,      44293,     75.0,     69.0,     68.0,    231.0, 12, 12, 12, 10,      80093,      80093,      80093,      80093
40,    2524922,     74.0,     69.0,     68.0,    231.0, 12, 12, 12, 10,      80093,      80093,      80093,      80093
40,    2575371,     74.0,     68.0,     67.0,    230.0, 12, 12, 12, 10,      80093,      80093,      80093,      80093
40,    2575422,     73.0,     67.0,     66.0,    228.0, 12, 12, 12, 10,      80093,      80093,      80093,      80093
40,    2575448,     73.0,     68.0,     67.0,    229.0, 12, 12, 12, 10,      80093,      80093,      80093,      80093
40,    2575544,     74.0,     69.0,     68.0,    231.0, 12, 12, 12, 10,      80093,      80093,      80093,      80093
40,    2575568,     75.0,     70.0,     68.0,    232.0, 12, 12, 12, 10,      80093,      80093,      80093,      80093
40,    3191763,     26.0,     26.0,     25.0,     76.0,  9, 10, 11, 11,    2662631,    2662631,    2662631,    2662631
40,    3191784,     26.0,     25.0,     26.0,     78.0,  9, 12, 11,  9,    2662638,    2662638,    2662638,    2662638
40,    3193967,     25.0,     24.0,     27.0,     77.0, 12, 12, 11,  9,    2663149,    2663149,    2663149,    2663149
40,    3193988,     26.0,     26.0,     26.0,     78.0,  9, 10, 11,  9,    2663160,    2663160,    2663160,    2663160
40,    3191771,     26.0,     26.0,     26.0,     77.0,  9, 10, 11,  9,    2662635,    2662635,    2662635,    2662635
40,    3191776,     26.0,     26.0,     26.0,     77.0,  9, 10, 11,  9,    2662636,    2662636,    2662636,    2662636
40,    3191794,     26.0,     26.0,     26.0,     77.0,  9, 12, 11,  9,    2662640,    2662640,    2662640,    2662640
40,    3194096,     26.0,     26.0,     26.0,     77.0,  9, 10, 11,  9,    2663196,    2663196,    2663196,    2663196
40,    3194145,     26.0,     26.0,     26.0,     77.0,  9, 10, 11,  9,    2663208,    2663208,    2663208,    2663208
40,    3194443,     26.0,     26.0,     26.0,     77.0,  9, 10, 11, 10,    2663321,    2663321,    2663321,    2663321
40,    2577330,     52.0,     51.0,     52.0,    154.0,  9, 12, 11,  9,      80010,      80010,      80010,      80010
40,    2525031,     19.0,     19.0,     19.0,     57.0,  9, 10, 11,  9,    2372196,    2372196,    2372196,    2372196
40,    2577380,     52.0,     52.0,     52.0,    154.0,  9, 10, 11,  9,      80010,      80010,      80010,      80010
40,      44300,     26.0,     26.0,     26.0,     77.0,  9, 10, 11,  9,      80125,      80125,      80125,      80125
40,    3195095,     26.0,     26.0,     26.0,     77.0,  9, 10, 11,  9,      80125,      80125,      80125,      80125
40,    2525046,     19.0,     19.0,     19.0,     58.0,  9, 10, 11,  9,    2372220,    2372220,    2372220,    2372220
40,      43451,     52.0,     51.0,     51.0,    154.0,  9, 12, 12,  9,      78208,      78207,      78207,      78208
40,    2577532,     53.0,     51.0,     51.0,    182.0, 12, 12, 12, 10,    2403033,    2403033,    2403033,    2403033
40,    2577530,     53.0,     51.0,     51.0,    182.0, 12, 12, 12, 10,    2403034,    2403034,    2403034,    2403034
40,    2577535,     53.0,     51.0,     51.0,    186.0, 12, 12, 12,  9,    2403046,    2403046,    2403046,    2403046
40,    1119992,     69.0,     68.0,     68.0,    203.0,  9, 12, 12,  9,    1344979,    1344976,    1344976,    1344979
40,    2525133,     25.0,     25.0,     25.0,     76.0,  9, 10, 11, 10,    2372261,    2372261,    2372261,    2372261
40,    1120085,     71.0,     71.0,     71.0,    207.0,  9, 10, 11,  9,    1345020,    1345020,    1345020,    1345020
40,    2537247,     20.0,     21.0,     16.0,     59.0, 12, 12, 12, 11,    2381222,    2381222,    2381222,    2381222
40,    3194006,     19.0,     19.0,     19.0,     58.0,  9, 10, 11,  9,    2663165,    2663165,    2663165,    2663165
40,    2614724,     54.0,     54.0,     54.0,    157.0,  9, 10, 11,  9,      80010,      80010,      80010,      80010
40,    3191508,     26.0,     25.0,     25.0,     76.0,  9, 10, 11, 10,    2662556,    2662556,    2662556,    2662556
40,    3191539,     19.0,     19.0,     18.0,     57.0,  9, 10, 12, 10,    2662563,    2662563,    2662563,    2662563
40,    3191564,     25.0,     25.0,     25.0,     76.0,  9, 10, 11, 11,    2662571,    2662571,    2662571,    2662571
40,    3191586,     19.0,     19.0,     19.0,     58.0,  9, 10, 11,  9,    2662577,    2662577,    2662577,    2662577
40,    3191610,     19.0,     19.0,     19.0,     58.0,  9, 10, 11,  9,    2662587,    2662587,    2662587,    2662587
40,    3191685,     26.0,     25.0,     26.0,     77.0,  9, 12, 11,  9,    2662602,    2662602,    2662602,    2662602
40,    3191706,     19.0,     19.0,     19.0,     57.0,  9, 10, 11, 10,    2662608,    2662608,    2662608,    2662608
40,    3191744,     19.0,     19.0,     19.0,     57.0,  9, 10, 11, 10,    2662618,    2662618,    2662618,    2662618
40,    3191738,     19.0,     19.0,     19.0,     58.0,  9, 10, 11,  9,    2662617,    2662617,    2662617,    2662617
40,    3191755,     25.0,     25.0,     25.0,     76.0,  9, 10, 11,  9,    2662628,    2662628,    2662628,    2662628
40,    3194140,     26.0,     26.0,     26.0,     77.0,  9, 10, 11,  9,    2663207,    2663207,    2663207,    2663207
40,    3280980,     26.0,     26.0,     26.0,     77.0,  9, 10, 11, 10,    2687841,    2687841,    2687841,    2687841
40,    3446393,     25.0,     25.0,     25.0,     76.0,  9, 10, 11,  9,    2742763,    2742763,    2742763,    2742763
40,    3579600,     72.0,     67.0,     66.0,    227.0, 12, 12, 12, 10,      80093,      80093,      80093,      80093
40,    3622002,     51.0,     55.0,     53.0,    162.0, 12, 12, 12, 11,    2201249,    2201249,    2201249,    2855783
40,    4075278,     49.0,     53.0,     52.0,    165.0, 12, 12, 12,  9,    2201249,    2201249,    2201249,    2201249
40,    4075353,     49.0,     53.0,     52.0,    160.0, 12, 12, 12,  9,    2201249,    2201249,    2201249,    2944141
41,      44255,     19.0,     19.0,     19.0,     58.0,  9, 10, 11,  9,      80015,      80015,      80015,      80015
41,    2573776,     53.0,     53.0,     53.0,    156.0,  9, 10, 11,  9,      80010,      80010,      80010,      80010
41,    2573791,     53.0,     53.0,     53.0,    156.0,  9, 10, 11,  9,      80010,      80010,      80010,      80010
41,    2573831,     53.0,     53.0,     53.0,    156.0,  9, 10, 11,  9,      80010,      80010,      80010,      80010
41,    2573943,     54.0,     54.0,     54.0,    157.0,  9, 10, 11,  9,      80010,      80010,      80010,      80010
41,    2614720,     54.0,     54.0,     54.0,    158.0,  9, 10, 11,  9,      80010,      80010,      80010,      80010
41,    2574035,     54.0,     54.0,     54.0,    158.0,  9, 10, 11,  9,      80010,      80010,      80010,      80010
41,    2574144,     54.0,     54.0,     54.0,    158.0,  9, 10, 11,  9,      80010,      80010,      80010,      80010
41,    2574617,     55.0,     55.0,     55.0,    158.0,  9, 10, 11, 11,      80010,      80010,      80010,      80010
41,    3194731,     26.0,     26.0,     26.0,     77.0,  9, 10, 11, 10,    2663390,    2663390,    2663390,    2663390
41,    3194751,     26.0,     26.0,     26.0,     77.0,  9, 10, 11, 10,    2663397,    2663397,    2663397,    2663397
41,    3194737,     27.0,     27.0,     27.0,     78.0,  9, 10, 11,  9,    2401769,    2401769,    2401769,    2401769
41,    3194626,     26.0,     26.0,     26.0,     77.0,  9, 10, 11, 10,    2663364,    2663364,    2663364,    2663364
41,    3194097,     19.0,     19.0,     19.0,     58.0,  9, 10, 11,  9,    2372116,    2372116,    2372116,    2372116
41,    3194110,     19.0,     19.0,     19.0,     58.0,  9, 10, 11,  9,    2663201,    2663201,    2663201,    2663201
41,    3194050,     26.0,     26.0,     26.0,     77.0,  9, 10, 11,  9,    2663181,    2663181,    2663181,    2663181
41,    3194071,     20.0,     20.0,     20.0,     59.0,  9, 10, 11,  9,      80086,      80086,      80086,      80086
41,     933929,     56.0,     56.0,     57.0,    168.0, 12, 12, 12,  9,    1211140,    1211140,    1211140,    1211140
41,     933924,     59.0,     56.0,     55.0,    167.0, 12, 12, 12, 10,    1211137,    1211137,    1211137,    1211137
41,    3194526,     26.0,     26.0,     26.0,     77.0,  9, 10, 11, 10,    2663347,    2663347,    2663347,    2663347
41,    3194541,     26.0,     26.0,     26.0,     77.0,  9, 10, 11, 10,    2663354,    2663354,    2663354,    2663354
41,      44304,     26.0,     26.0,     26.0,     78.0,  9, 10, 11,  9,      80125,      80125,      80125,      80125
41,    3194638,     54.0,     57.0,     55.0,    156.0, 12,  5,  6,  4,    2201249,    3194638,    3194638,    3194638
41,      43457,     54.0,     51.0,     54.0,    161.0, 12, 12, 12,  9,      78211,    2401788,      78207,      78211
41,    2576524,     52.0,     49.0,     52.0,    156.0, 12, 12, 12,  9,    2402599,    2403033,      78207,    2402599
41,    1406046,     48.0,     50.0,     48.0,    137.0,  4,  5,  6,  4,    1406046,    1406046,    1406046,    1406046
41,    3419144,     20.0,     20.0,     18.0,     59.0,  9, 10, 12, 11,    1211181,    1211181,    1211181,    1211181
41,    3194448,     26.0,     26.0,     26.0,     77.0,  9, 10, 11,  9,    2663323,    2663323,    2663323,    2663323
41,    3195024,     55.0,     55.0,     55.0,    159.0,  9, 10, 11,  9,      80010,      80010,      80010,      80010
41,    1405960,     26.0,     26.0,     26.0,     78.0,  9, 10, 11,  9,    1523921,    1523921,    1523921,    1523921
41,    3194851,     55.0,     55.0,     55.0,    159.0,  9, 10, 11,  9,      80010,      80010,      80010,      80010
41,    2614721,     54.0,     54.0,     54.0,    157.0,  9, 10, 11,  9,      80010,      80010,      80010,      80010
41,     649581,     51.0,     53.0,     51.0,    144.0,  4,  5,  6,  4,     649567,     649581,     649581,     649581
41,    3194708,     26.0,     26.0,     26.0,     77.0,  9, 10, 11, 10,    2663385,    2663385,    2663385,    2663385
41,    2579329,     73.0,     69.0,     69.0,    234.0, 12, 12, 12, 10,      80093,      80093,      80093,      80093
41,    2538885,     54.0,     51.0,     53.0,    158.0,  9, 12, 12,  9,    2201241,      80037,    2879852,    2201241
41,    1203904,     54.0,     58.0,     55.0,    161.0, 12, 12, 12,  4,    2201249,    2201249,    2201249,    1203904
41,    3194458,     26.0,     26.0,     26.0,     78.0,  9, 10, 11,  9,    2663325,    2663325,    2663325,    2663325
41,    2239329,     26.0,     26.0,     26.0,     77.0,  9, 10, 11,  9,      80125,      80125,      80125,      80125
41,    2524843,     55.0,     49.0,     53.0,    157.0, 12, 12, 12, 11,      80037,    2371971,      80037,    2371971
41,    2524851,     54.0,     49.0,     53.0,    159.0, 12, 12, 12, 11,    2371976,    2371975,      80037,    2371975
41,    3194467,     26.0,     26.0,     26.0,     77.0,  9, 10, 11,  9,    2663327,    2663327,    2663327,    2663327
41,    3194502,     26.0,     26.0,     26.0,     77.0,  9, 10, 11, 11,    2663340,    2663340,    2663340,    2663340
41,    3831482,     53.0,     50.0,     52.0,    156.0,  9, 12, 12,  9,    2879851,      80037,    2879852,    2879851
41,    3831483,     53.0,     50.0,     51.0,    157.0, 12, 12, 12, 11,    2879852,      80037,    2879852,    2879852
41,    2537242,     55.0,     50.0,     53.0,    175.0, 12, 12, 12, 10,      78207,      78207,      78207,    2381221
41,    2574775,     53.0,     50.0,     53.0,    170.0, 12, 12, 12,  9,    2401788,    2401788,      78207,    2401788
41,    2574794,     53.0,     50.0,     53.0,    162.0, 12, 12, 12, 10,    2401788,    2401788,      78207,    2401794
41,      43455,     54.0,     52.0,     55.0,    162.0, 12, 12, 12,  9,      78211,      78207,      78207,      78211
41,      43456,     53.0,     51.0,     54.0,    159.0, 12, 12, 12,  9,      78211,    2401788,      78207,      78222
41,    2575174,     54.0,     51.0,     54.0,    161.0, 12, 12, 12,  9,      78211,    2401788,      78207,      78211
41,    2575228,     73.0,     70.0,     69.0,    234.0, 12, 12, 12, 10,      80093,      80093,      80093,      80093
41,    2575231,     73.0,     69.0,     69.0,    234.0, 12, 12, 12, 10,      80093,      80093,      80093,      80093
41,      44293,     73.0,     69.0,     69.0,    234.0, 12, 12, 12, 10,      80093,      80093,      80093,      80093
41,    2524922,     73.0,     69.0,     69.0,    233.0, 12, 12, 12, 10,      80093,      80093,      80093,      80093
41,    2575371,     72.0,     69.0,     68.0,    232.0, 12, 12, 12, 10,      80093,      80093,      80093,      80093
41,    2575422,     71.0,     68.0,     68.0,    230.0, 12, 12, 12, 10,      80093,      80093,      80093,      80093
41,    2575448,     72.0,     68.0,     68.0,    231.0, 12, 12, 12, 10,      80093,      80093,      80093,      80093
41,    2575544,     73.0,     69.0,     69.0,    233.0, 12, 12, 12, 10,      80093,      80093,      80093,      80093
41,    2575568,     73.0,     70.0,     70.0,    235.0, 12, 12, 12, 10,      80093,      80093,      80093,      80093
41,    3191763,     26.0,     26.0,     25.0,     77.0,  9, 10, 12,  9,    2662631,    2662631,    2662631,    2662631
41,    3191784,     26.0,     25.0,     26.0,     78.0,  9, 12, 11, 10,    2662638,    2662638,    2662638,    2662638
41,    3193967,     26.0,     25.0,     26.0,     77.0,  9, 12, 11,  9,    2663149,    2663149,    2663149,    2663149
41,    3193988,     26.0,     26.0,     26.0,     78.0,  9, 10, 11,  9,    2663160,    2663160,    2663160,    2663160
41,    3191771,     26.0,     26.0,     26.0,     77.0,  9, 10, 11,  9,    2662635,    2662635,    2662635,    2662635
41,    3191776,     26.0,     26.0,     26.0,     77.0,  9, 10, 11,  9,    2662636,    2662636,    2662636,    2662636
41,    3191794,     26.0,     26.0,     26.0,     77.0,  9, 10, 11,  9,    2662640,    2662640,    2662640,    2662640
41,    3194096,     26.0,     26.0,     26.0,     77.0,  9, 10, 11,  9,    2663196,    2663196,    2663196,    2663196
41,    3194145,     26.0,     26.0,     26.0,     77.0,  9, 10, 11,  9,    2663208,    2663208,    2663208,    2663208
41,    3194443,     26.0,     26.0,     26.0,     77.0,  9, 10, 11,  9,    2663321,    2663321,    2663321,    2663321
41,    2577330,     52.0,     51.0,     52.0,    154.0,  9, 12, 11,  9,      80010,      80010,      80010,      80010
41,    2525031,     19.0,     19.0,     19.0,     57.0,  9, 10, 11,  9,    2372196,    2372196,    2372196,    2372196
41,    2577380,     52.0,     52.0,     52.0,    154.0,  9, 10, 11,  9,      80010,      80010,      80010,      80010
41,      44300,     26.0,     26.0,     26.0,     77.0,  9, 10, 11,  9,      80125,      80125,      80125,      80125
41,    3195095,     26.0,     26.0,     26.0,     77.0,  9, 10, 11,  9,      80125,      80125,      80125,      80125
41,    2525046,     19.0,     19.0,     19.0,     58.0,  9, 10, 11,  9,    2372220,    2372220,    2372220,    2372220
41,      43451,     52.0,     49.0,     52.0,    154.0,  9, 12, 12,  9,      78208,    2403033,      78207,      78208
41,    2577532,     54.0,     49.0,     52.0,    175.0, 12, 12, 12, 10,    2403033,    2403033,    2403033,    2403033
41,    2577530,     54.0,     49.0,     52.0,    175.0, 12, 12, 12, 10,    2403034,    2403034,    2403034,    2403034
41,    2577535,     54.0,     49.0,     52.0,    178.0, 12, 12, 12, 10,    2403046,    2403046,    2403046,    2403046
41,    1119992,     69.0,     66.0,     69.0,    203.0,  9, 12, 12,  9,    1344979,    1344976,    1344976,    1344979
41,    2525133,     25.0,     25.0,     25.0,     76.0,  9, 10, 11,  9,    2372261,    2372261,    2372261,    2372261
41,    1120085,     71.0,     71.0,     71.0,    207.0,  9, 10, 11,  9,    1345020,    1345020,    1345020,    1345020
41,    2537247,     21.0,     20.0,     16.0,     59.0, 12, 12, 12, 11,    2381222,    2381222,    2381222,    2381222
41,    3194006,     19.0,     19.0,     19.0,     58.0,  9, 10, 11,  9,    2663165,    2663165,    2663165,    2663165
41,    2614724,     54.0,     54.0,     54.0,    157.0,  9, 10, 11,  9,      80010,      80010,      80010,      80010
41,    3191508,     26.0,     25.0,     25.0,     76.0,  9, 10, 11, 10,    2662556,    2662556,    2662556,    2662556
41,    3191539,     19.0,     19.0,     18.0,     57.0,  9, 10, 12, 10,    2662563,    2662563,    2662563,    2662563
41,    3191564,     25.0,     25.0,     25.0,     76.0,  9, 10, 11,  9,    2662571,    2662571,    2662571,    2662571
41,    3191586,     19.0,     19.0,     19.0,     58.0,  9, 10, 11,  9,    2662577,    2662577,    2662577,    2662577
41,    3191610,     19.0,     19.0,     19.0,     58.0,  9, 10, 11,  9,    2662587,    2662587,    2662587,    2662587
41,    3191685,     26.0,     25.0,     26.0,     77.0,  9, 12, 11,  9,    2662602,    2662602,    2662602,    2662602
41,    3191706,     19.0,     19.0,     19.0,     57.0,  9, 10, 11, 10,    2662608,    2662608,    2662608,    2662608
41,    3191744,     19.0,     19.0,     19.0,     57.0,  9, 10, 11, 10,    2662618,    2662618,    2662618,    2662618
41,    3191738,     19.0,     19.0,     19.0,     58.0,  9, 10, 11,  9,    2662617,    2662617,    2662617,    2662617
41,    3191755,     25.0,     25.0,     25.0,     76.0,  9, 10, 11,  9,    2662628,    2662628,    2662628,    2662628
41,    3194140,     26.0,     26.0,     26.0,     77.0,  9, 10, 11,  9,    2663207,    2663207,    2663207,    2663207
41,    3280980,     26.0,     26.0,     26.0,     77.0,  9, 10, 11, 10,    2687841,    2687841,    2687841,    2687841
41,    3446393,     25.0,     25.0,     25.0,     76.0,  9, 10, 11,  9,    2742763,    2742763,    2742763,    2742763
41,    3579600,     71.0,     67.0,     67.0,    229.0, 12, 12, 12, 10,      80093,      80093,      80093,      80093
41,    3622002,     51.0,     55.0,     52.0,    162.0, 12, 10, 12,  9,    2201249,    2855783,    2201249,    2855783
41,    4075278,     50.0,     54.0,     51.0,    166.0, 12, 12, 12,  9,    2201249,    2201249,    2201249,    2201249
41,    4075353,     50.0,     54.0,     51.0,    160.0, 12, 12, 12,  9,    2201249,    2201249,    2201249,    2944141
42,      44255,     19.0,     19.0,     19.0,     58.0,  9, 10, 11,  9,      80015,      80015,      80015,      80015
42,    2573776,     53.0,     53.0,     53.0,    156.0,  9, 10, 11,  9,      80010,      80010,      80010,      80010
42,    2573791,     53.0,     53.0,     53.0,    156.0,  9, 10, 11,  9,      80010,      80010,      80010,      80010
42,    2573831,     53.0,     53.0,     53.0,    156.0,  9, 10, 11,  9,      80010,      80010,      80010,      80010
42,    2573943,     54.0,     54.0,     54.0,    157.0,  9, 10, 11,  9,      80010,      80010,      80010,      80010
42,    2614720,     54.0,     54.0,     54.0,    158.0,  9, 10, 11,  9,      80010,      80010,      80010,      80010
42,    2574035,     54.0,     54.0,     54.0,    158.0,  9, 10, 11,  9,      80010,      80010,      80010,      80010
42,    2574144,     54.0,     54.0,     54.0,    158.0,  9, 10, 11,  9,      80010,      80010,      80010,      80010
42,    2574617,     55.0,     55.0,     55.0,    158.0,  9, 10, 11, 11,      80010,      80010,      80010,      80010
42,    3194731,     26.0,     26.0,     26.0,     78.0,  9, 10, 11,  9,    2663390,    2663390,    2663390,    2663390
42,    3194751,     26.0,     26.0,     26.0,     78.0,  9, 10, 11,  9,    2663397,    2663397,    2663397,    2663397
42,    3194737,     27.0,     27.0,     27.0,     78.0,  9, 10, 11,  9,    2401769,    2401769,    2401769,    2401769
42,    3194626,     26.0,     26.0,     26.0,     77.0,  9, 10, 11, 10,    2663364,    2663364,    2663364,    2663364
42,    3194097,     19.0,     19.0,     19.0,     58.0,  9, 10, 11,  9,    2372116,    2372116,    2372116,    2372116
42,    3194110,     19.0,     19.0,     19.0,     58.0,  9, 10, 11,  9,    2663201,    2663201,    2663201,    2663201
42,    3194050,     26.0,     26.0,     26.0,     77.0,  9, 10, 11,  9,    2663181,    2663181,    2663181,    2663181
42,    3194071,     20.0,     20.0,     20.0,     59.0,  9, 10, 11,  9,      80086,      80086,      80086,      80086
42,     933929,     56.0,     56.0,     57.0,    167.0, 12, 12, 12,  9,    1211140,    1211140,    1211140,    1211140
42,     933924,     59.0,     56.0,     54.0,    167.0, 12, 12, 12, 10,    1211137,    1211137,    1211137,    1211137
42,    3194526,     26.0,     26.0,     26.0,     77.0,  9, 10, 11, 10,    2663347,    2663347,    2663347,    2663347
42,    3194541,     26.0,     26.0,     26.0,     77.0,  9, 10, 11, 10,    2663354,    2663354,    2663354,    2663354
42,      44304,     26.0,     26.0,     26.0,     78.0,  9, 10, 11,  9,      80125,      80125,      80125,      80125
42,    3194638,     54.0,     57.0,     54.0,    157.0, 12,  5, 12,  4,    2201249,    3194638,    2201249,    3194638
42,      43457,     53.0,     52.0,     56.0,    161.0, 12, 12, 12,  9,    2401788,    2403033,      78207,      78211
42,    2576524,     52.0,     50.0,     52.0,    156.0, 12, 12, 12,  9,      78207,    2403033,    2402599,    2402599
42,    1406046,     48.0,     50.0,     48.0,    137.0,  4,  5,  6,  4,    1406046,    1406046,    1406046,    1406046
42,    3419144,     20.0,     20.0,     18.0,     59.0,  9, 10, 12, 11,    1211181,    1211181,    1211181,    1211181
42,    3194448,     26.0,     26.0,     26.0,     77.0,  9, 10, 11,  9,    2663323,    2663323,    2663323,    2663323
42,    3195024,     55.0,     55.0,     55.0,    159.0,  9, 10, 11,  9,      80010,      80010,      80010,      80010
42,    1405960,     26.0,     26.0,     26.0,     78.0,  9, 10, 11,  9,    1523921,    1523921,    1523921,    1523921
42,    3194851,     55.0,     55.0,     55.0,    159.0,  9, 10, 11,  9,      80010,      80010,      80010,      80010
42,    2614721,     54.0,     54.0,     54.0,    157.0,  9, 10, 11,  9,      80010,      80010,      80010,      80010
42,     649581,     51.0,     53.0,     51.0,    145.0,  4,  5,  6,  4,     649581,     649567,     649581,     649581
42,    3194708,     26.0,     26.0,     26.0,     77.0,  9, 10, 11, 10,    2663385,    2663385,    2663385,    2663385
42,    2579329,     73.0,     69.0,     69.0,    236.0, 12, 12, 12, 10,      80093,      80093,      80093,      80093
42,    2538885,     54.0,     52.0,     53.0,    158.0,  9, 12, 12,  9,    2201241,      80037,    2879852,    2201241
42,    1203904,     54.0,     58.0,     54.0,    161.0, 12, 12, 12,  4,    2201249,    2201249,    2201249,    1203904
42,    3194458,     26.0,     26.0,     26.0,     78.0,  9, 10, 11,  9,    2663325,    2663325,    2663325,    2663325
42,    2239329,     26.0,     26.0,     26.0,     77.0,  9, 10, 11,  9,      80125,      80125,      80125,      80125
42,    2524843,     55.0,     49.0,     52.0,    157.0, 12, 12, 12, 11,      80037,    2371971,      80037,    2371971
42,    2524851,     54.0,     49.0,     52.0,    159.0, 12, 12, 12, 11,    2371976,    2371975,      80037,    2371975
42,    3194467,     26.0,     26.0,     26.0,     77.0,  9, 10, 11,  9,    2663327,    2663327,    2663327,    2663327
42,    3194502,     26.0,     26.0,     26.0,     77.0,  9, 10, 11,  9,    2663340,    2663340,    2663340,    2663340
42,    3831482,     53.0,     51.0,     52.0,    156.0, 12, 12, 12, 11,    2879851,      80037,    2879852,    2879851
42,    3831483,     52.0,     50.0,     51.0,    157.0, 12, 12, 12, 11,    2879852,      80037,    2879852,    2879852
42,    2537242,     53.0,     51.0,     54.0,    178.0, 12, 12, 12, 10,      78207,    2403033,      78207,    2381221
42,    2574775,     52.0,     51.0,     54.0,    170.0, 12, 12, 12,  9,    2401788,    2401788,      78207,    2401788
42,    2574794,     52.0,     51.0,     55.0,    162.0, 12, 12, 12,  9,    2401788,    2403033,      78207,    2401794
42,      43455,     54.0,     53.0,     56.0,    162.0, 12, 12, 12,  9,      78211,    2401788,      78207,      78211
42,      43456,     53.0,     52.0,     55.0,    158.0, 12, 12, 12,  9,      78211,    2401788,      78207,      78222
42,    2575174,     53.0,     52.0,     55.0,    161.0, 12, 12, 12,  9,    2401788,    2401788,      78207,      78211
42,    2575228,     74.0,     69.0,     69.0,    237.0, 12, 12, 12, 10,      80093,      80093,      80093,      80093
42,    2575231,     73.0,     69.0,     69.0,    237.0, 12, 12, 12, 10,      80093,      80093,      80093,      80093
42,      44293,     73.0,     69.0,     69.0,    236.0, 12, 12, 12, 10,      80093,      80093,      80093,      80093
42,    2524922,     73.0,     69.0,     69.0,    236.0, 12, 12, 12, 10,      80093,      80093,      80093,      80093
42,    2575371,     73.0,     68.0,     68.0,    235.0, 12, 12, 12, 10,      80093,      80093,      80093,      80093
42,    2575422,     71.0,     67.0,     67.0,    233.0, 12, 12, 12, 10,      80093,      80093,      80093,      80093
42,    2575448,     72.0,     68.0,     68.0,    234.0, 12, 12, 12, 10,      80093,      80093,      80093,      80093
42,    2575544,     73.0,     69.0,     69.0,    236.0, 12, 12, 12, 10,      80093,      80093,      80093,      80093
42,    2575568,     74.0,     70.0,     70.0,    237.0, 12, 12, 12, 10,      80093,      80093,      80093,      80093
42,    3191763,     25.0,     26.0,     25.0,     77.0, 12, 10, 12,  9,    2662631,    2662631,    2662631,    2662631
42,    3191784,     26.0,     25.0,     26.0,     79.0,  9, 12, 11,  9,    2662638,    2662638,    2662638,    2662638
42,    3193967,     25.0,     25.0,     26.0,     77.0, 12, 12, 11,  9,    2663149,    2663149,    2663149,    2663149
42,    3193988,     26.0,     26.0,     26.0,     78.0,  9, 10, 11,  9,    2663160,    2663160,    2663160,    2663160
42,    3191771,     26.0,     26.0,     26.0,     77.0,  9, 10, 11,  9,    2662635,    2662635,    2662635,    2662635
42,    3191776,     26.0,     26.0,     26.0,     77.0,  9, 10, 11,  9,    2662636,    2662636,    2662636,    2662636
42,    3191794,     26.0,     26.0,     26.0,     77.0,  9, 10, 11,  9,    2662640,    2662640,    2662640,    2662640
42,    3194096,     26.0,     26.0,     26.0,     77.0,  9, 10, 11,  9,    2663196,    2663196,    2663196,    2663196
42,    3194145,     26.0,     26.0,     26.0,     77.0,  9, 10, 11,  9,    2663208,    2663208,    2663208,    2663208
42,    3194443,     26.0,     26.0,     26.0,     77.0,  9, 10, 11,  9,    2663321,    2663321,    2663321,    2663321
42,    2577330,     52.0,     51.0,     52.0,    154.0,  9, 12, 11,  9,      80010,      80010,      80010,      80010
42,    2525031,     19.0,     19.0,     19.0,     57.0,  9, 10, 11,  9,    2372196,    2372196,    2372196,    2372196
42,    2577380,     52.0,     52.0,     52.0,    154.0,  9, 10, 11,  9,      80010,      80010,      80010,      80010
42,      44300,     26.0,     26.0,     26.0,     77.0,  9, 10, 11,  9,      80125,      80125,      80125,      80125
42,    3195095,     26.0,     26.0,     26.0,     77.0,  9, 10, 11,  9,      80125,      80125,      80125,      80125
42,    2525046,     19.0,     19.0,     19.0,     58.0,  9, 10, 11,  9,    2372220,    2372220,    2372220,    2372220
42,      43451,     52.0,     50.0,     52.0,    154.0, 12, 12, 11,  9,      78207,    2403033,      78208,      78208
42,    2577532,     52.0,     50.0,     53.0,    177.0, 12, 12, 12, 10,    2403033,    2403033,    2403033,    2403033
42,    2577530,     52.0,     50.0,     53.0,    177.0, 12, 12, 12, 10,    2403034,    2403034,    2403034,    2403034
42,    2577535,     52.0,     50.0,     53.0,    181.0, 12, 12, 12,  9,    2403046,    2403046,    2403046,    2403046
42,    1119992,     69.0,     67.0,     69.0,    203.0, 12, 12, 11, 11,    1344976,    1344976,    1344979,    1344979
42,    2525133,     25.0,     25.0,     25.0,     76.0,  9, 10, 11,  9,    2372261,    2372261,    2372261,    2372261
42,    1120085,     71.0,     71.0,     71.0,    207.0,  9, 10, 11,  9,    1345020,    1345020,    1345020,    1345020
42,    2537247,     21.0,     19.0,     17.0,     60.0, 12, 12, 12, 11,    2381222,    2381222,    2381222,    2381222
42,    3194006,     19.0,     19.0,     19.0,     58.0,  9, 10, 11,  9,    2663165,    2663165,    2663165,    2663165
42,    2614724,     54.0,     54.0,     54.0,    157.0,  9, 10, 11,  9,      80010,      80010,      80010,      80010
42,    3191508,     26.0,     25.0,     25.0,     77.0,  9, 10, 11, 10,    2662556,    2662556,    2662556,    2662556
42,    3191539,     19.0,     19.0,     18.0,     57.0,  9, 10, 12, 10,    2662563,    2662563,    2662563,    2662563
42,    3191564,     25.0,     26.0,     25.0,     76.0,  9, 10, 11,  9,    2662571,    2662571,    2662571,    2662571
42,    3191586,     19.0,     19.0,     19.0,     58.0,  9, 10, 11,  9,    2662577,    2662577,    2662577,    2662577
42,    3191610,     19.0,     19.0,     19.0,     58.0,  9, 10, 11,  9,    2662587,    2662587,    2662587,    2662587
42,    3191685,     26.0,     26.0,     25.0,     77.0,  9, 10, 12,  9,    2662602,    2662602,    2662602,    2662602
42,    3191706,     19.0,     19.0,     19.0,     57.0,  9, 10, 11, 10,    2662608,    2662608,    2662608,    2662608
42,    3191744,     19.0,     19.0,     19.0,     57.0,  9, 10, 11, 10,    2662618,    2662618,    2662618,    2662618
42,    3191738,     19.0,     19.0,     19.0,     58.0,  9, 10, 11,  9,    2662617,    2662617,    2662617,    2662617
42,    3191755,     25.0,     25.0,     25.0,     76.0,  9, 10, 11,  9,    2662628,    2662628,    2662628,    2662628
42,    3194140,     26.0,     26.0,     26.0,     77.0,  9, 10, 11,  9,    2663207,    2663207,    2663207,    2663207
42,    3280980,     26.0,     26.0,     26.0,     77.0,  9, 10, 11, 10,    2687841,    2687841,    2687841,    2687841
42,    3446393,     25.0,     25.0,     25.0,     76.0,  9, 10, 11,  9,    2742763,    2742763,    2742763,    2742763
42,    3579600,     71.0,     67.0,     67.0,    232.0, 12, 12, 12, 10,      80093,      80093,      80093,      80093
42,    3622002,     52.0,     56.0,     52.0,    162.0, 12, 12, 12,  9,    2201249,    2201249,    2201249,    2855783
42,    4075278,     50.0,     54.0,     50.0,    167.0, 12, 12, 12,  9,    2201249,    2201249,    2201249,    2201249
42,    4075353,     50.0,     54.0,     50.0,    160.0, 12, 12, 12,  9,    2201249,    2201249,    2201249,    2944141
43,      44255,     19.0,     19.0,     19.0,     58.0,  9, 10, 11,  9,      80015,      80015,      80015,      80015
43,    2573776,     53.0,     53.0,     53.0,    156.0,  9, 10, 11,  9,      80010,      80010,      80010,      80010
43,    2573791,     53.0,     53.0,     53.0,    156.0,  9, 10, 11,  9,      80010,      80010,      80010,      80010
43,    2573831,     53.0,     53.0,     53.0,    156.0,  9, 10, 11,  9,      80010,      80010,      80010,      80010
43,    2573943,     54.0,     54.0,     54.0,    157.0,  9, 10, 11,  9,      80010,      80010,      80010,      80010
43,    2614720,     54.0,     54.0,     54.0,    158.0,  9, 10, 11,  9,      80010,      80010,      80010,      80010
43,    2574035,     54.0,     54.0,     54.0,    158.0,  9, 10, 11,  9,      80010,      80010,      80010,      80010
43,    2574144,     54.0,     54.0,     54.0,    158.0,  9, 10, 11,  9,      80010,      80010,      80010,      80010
43,    2574617,     55.0,     55.0,     55.0,    158.0,  9, 10, 11, 11,      80010,      80010,      80010,      80010
43,    3194731,     26.0,     26.0,     26.0,     78.0,  9, 10, 11,  9,    2663390,    2663390,    2663390,    2663390
43,    3194751,     26.0,     26.0,     26.0,     78.0,  9, 10, 11,  9,    2663397,    2663397,    2663397,    2663397
43,    3194737,     27.0,     27.0,     27.0,     78.0,  9, 10, 11,  9,    2401769,    2401769,    2401769,    2401769
43,    3194626,     26.0,     26.0,     26.0,     77.0,  9, 10, 11, 10,    2663364,    2663364,    2663364,    2663364
43,    3194097,     19.0,     20.0,     19.0,     58.0,  9, 10, 11,  9,    2372116,    2372116,    2372116,    2372116
43,    3194110,     19.0,     19.0,     19.0,     58.0,  9, 10, 11,  9,    2663201,    2663201,    2663201,    2663201
43,    3194050,     26.0,     26.0,     26.0,     77.0,  9, 10, 11,  9,    2663181,    2663181,    2663181,    2663181
43,    3194071,     20.0,     20.0,     20.0,     59.0,  9, 10, 11,  9,      80086,      80086,      80086,      80086
43,     933929,     57.0,     56.0,     57.0,    167.0, 12, 12, 12,  9,    1211140,    1211140,    1211140,    1211140
43,     933924,     59.0,     56.0,     54.0,    168.0, 12, 12, 12, 11,    1211137,    1211137,    1211137,    1211137
43,    3194526,     26.0,     26.0,     26.0,     77.0,  9, 10, 11, 10,    2663347,    2663347,    2663347,    2663347
43,    3194541,     26.0,     26.0,     26.0,     78.0,  9, 10, 11,  9,    2663354,    2663354,    2663354,    2663354
43,      44304,     26.0,     26.0,     26.0,     78.0,  9, 10, 11,  9,      80125,      80125,      80125,      80125
43,    3194638,     55.0,     56.0,     55.0,    161.0, 12, 12, 12,  4,    2201249,    2201249,    2201249,    3194638
43,      43457,     54.0,     51.0,     54.0,    162.0, 12, 12, 12, 10,      78211,    2401788,      78207,      78211
43,    2576524,     52.0,     50.0,     52.0,    156.0, 12, 12, 12,  9,    2402599,    2403033,      78207,    2402599
43,    1406046,     50.0,     50.0,     50.0,    142.0,  4,  5,  6,  4,     649576,    1406046,     649576,    1406046
43,    3419144,     19.0,     20.0,     19.0,     60.0, 12, 10, 12,  9,    1211181,    1211181,    1211181,    1211181
43,    3194448,     26.0,     26.0,     26.0,     77.0,  9, 10, 11,  9,    2663323,    2663323,    2663323,    2663323
43,    3195024,     55.0,     55.0,     55.0,    159.0,  9, 10, 11,  9,      80010,      80010,      80010,      80010
43,    1405960,     26.0,     26.0,     26.0,     78.0,  9, 10, 11,  9,    1523921,    1523921,    1523921,    1523921
43,    3194851,     55.0,     55.0,     55.0,    159.0,  9, 10, 11,  9,      80010,      80010,      80010,      80010
43,    2614721,     54.0,     54.0,     54.0,    157.0,  9, 10, 11,  9,      80010,      80010,      80010,      80010
43,     649581,     52.0,     53.0,     52.0,    149.0,  4,  5,  6,  4,     649581,     649581,     649581,     649581
43,    3194708,     26.0,     26.0,     26.0,     77.0,  9, 10, 11, 10,    2663385,    2663385,    2663385,    2663385
43,    2579329,     74.0,     69.0,     68.0,    240.0, 12, 12, 12, 10,      80093,      80093,      80093,      80093
43,    2538885,     52.0,     53.0,     54.0,    158.0, 12, 12, 11,  9,    2201241,      80037,    2201241,    2201241
43,    1203904,     55.0,     56.0,     55.0,    166.0, 12, 12, 12,  4,    2201249,    2201249,    2201249,    1203904
43,    3194458,     26.0,     26.0,     26.0,     78.0,  9, 10, 11,  9,    2663325,    2663325,    2663325,    2663325
43,    2239329,     26.0,     26.0,     26.0,     77.0,  9, 10, 11,  9,      80125,      80125,      80125,      80125
43,    2524843,     53.0,     49.0,     53.0,    158.0, 12, 12, 12, 11,      80037,    2371971,      80037,    2371971
43,    2524851,     53.0,     50.0,     53.0,    160.0, 12, 12, 12, 11,      80037,    2371975,      80037,    2371975
43,    3194467,     26.0,     26.0,     26.0,     77.0,  9, 10, 11,  9,    2663327,    2663327,    2663327,    2663327
43,    3194502,     26.0,     26.0,     26.0,     77.0,  9, 10, 11,  9,    2663340,    2663340,    2663340,    2663340
43,    3831482,     51.0,     52.0,     52.0,    156.0, 12, 12, 12, 11,    2879851,      80037,    2879852,    2879851
43,    3831483,     51.0,     52.0,     52.0,    157.0, 12, 12, 12, 11,    2879852,      80037,    2879852,    2879852
43,    2537242,     55.0,     51.0,     52.0,    179.0, 12, 12, 12, 10,      78207,      78207,      78207,    2381221
43,    2574775,     53.0,     50.0,     53.0,    172.0, 12, 12, 12, 10,    2401788,    2401788,      78207,    2401788
43,    2574794,     53.0,     50.0,     53.0,    165.0, 12, 12, 12, 10,    2401788,    2401788,      78207,    2401794
43,      43455,     55.0,     52.0,     54.0,    163.0, 12, 12, 12, 10,      78211,    2401788,      78207,      78211
43,      43456,     54.0,     51.0,     53.0,    159.0, 12, 12, 12, 10,      78211,    2401788,      78207,      78222
43,    2575174,     54.0,     51.0,     54.0,    162.0, 12, 12, 12, 10,      78211,    2401788,      78207,      78211
43,    2575228,     75.0,     69.0,     68.0,    240.0, 12, 12, 12,  9,      80093,      80093,      80093,      80098
43,    2575231,     74.0,     69.0,     68.0,    239.0, 12, 12, 12,  9,      80093,      80093,      80093,      80101
43,      44293,     74.0,     69.0,     68.0,    239.0, 12, 12, 12,  9,      80093,      80093,      80093,      80102
43,    2524922,     74.0,     69.0,     68.0,    239.0, 12, 12, 12,  9,      80093,      80093,      80093,      80098
43,    2575371,     73.0,     68.0,     67.0,    238.0, 12, 12, 12,  9,      80093,      80093,      80093,      80098
43,    2575422,     72.0,     67.0,     66.0,    237.0, 12, 12, 12, 10,      80093,      80093,      80093,      80093
43,    2575448,     73.0,     68.0,     67.0,    237.0, 12, 12, 12, 10,      80093,      80093,      80093,      80093
43,    2575544,     74.0,     69.0,     68.0,    239.0, 12, 12, 12, 10,      80093,      80093,      80093,      80093
43,    2575568,     74.0,     70.0,     69.0,    241.0, 12, 12, 12, 10,      80093,      80093,      80093,      80093
43,    3191763,     26.0,     26.0,     25.0,     77.0,  9, 10, 12,  9,    2662631,    2662631,    2662631,    2662631
43,    3191784,     26.0,     25.0,     26.0,     79.0,  9, 12, 12,  9,    2662638,    2662638,    2662638,    2662638
43,    3193967,     25.0,     25.0,     26.0,     77.0, 12, 12, 11,  9,    2663149,    2663149,    2663149,    2663149
43,    3193988,     26.0,     26.0,     26.0,     78.0,  9, 10, 11,  9,    2663160,    2663160,    2663160,    2663160
43,    3191771,     26.0,     26.0,     26.0,     77.0,  9, 10, 11,  9,    2662635,    2662635,    2662635,    2662635
43,    3191776,     26.0,     26.0,     26.0,     77.0,  9, 10, 11,  9,    2662636,    2662636,    2662636,    2662636
43,    3191794,     26.0,     26.0,     26.0,     77.0,  9, 10, 11,  9,    2662640,    2662640,    2662640,    2662640
43,    3194096,     26.0,     26.0,     26.0,     77.0,  9, 10, 11,  9,    2663196,    2663196,    2663196,    2663196
43,    3194145,     26.0,     26.0,     26.0,     77.0,  9, 10, 11,  9,    2663208,    2663208,    2663208,    2663208
43,    3194443,     26.0,     26.0,     26.0,     77.0,  9, 10, 11,  9,    2663321,    2663321,    2663321,    2663321
43,    2577330,     52.0,     51.0,     52.0,    154.0,  9, 12, 11,  9,      80010,      80010,      80010,      80010
43,    2525031,     19.0,     19.0,     19.0,     57.0,  9, 10, 11,  9,    2372196,    2372196,    2372196,    2372196
43,    2577380,     52.0,     52.0,     52.0,    154.0,  9, 10, 11,  9,      80010,      80010,      80010,      80010
43,      44300,     26.0,     26.0,     26.0,     77.0,  9, 10, 11,  9,      80125,      80125,      80125,      80125
43,    3195095,     26.0,     26.0,     26.0,     77.0,  9, 10, 11,  9,      80125,      80125,      80125,      80125
43,    2525046,     19.0,     19.0,     19.0,     58.0,  9, 10, 11,  9,    2372220,    2372220,    2372220,    2372220
43,      43451,     52.0,     50.0,     51.0,    154.0,  9, 12, 12,  9,      78208,    2403033,      78207,      78208
43,    2577532,     54.0,     49.0,     51.0,    179.0, 12, 12, 12, 10,    2403033,    2403033,    2403033,    2403033
43,    2577530,     54.0,     49.0,     51.0,    179.0, 12, 12, 12, 10,    2403034,    2403034,    2403034,    2403034
43,    2577535,     54.0,     49.0,     51.0,    184.0, 12, 12, 12, 10,    2403046,    2403046,    2403046,    2403046
43,    1119992,     69.0,     66.0,     68.0,    203.0,  9, 12, 12,  9,    1344979,    1344976,    1344976,    1344979
43,    2525133,     25.0,     25.0,     25.0,     76.0,  9, 10, 11,  9,    2372261,    2372261,    2372261,    2372261
43,    1120085,     71.0,     71.0,     71.0,    207.0,  9, 10, 11,  9,    1345020,    1345020,    1345020,    1345020
43,    2537247,     21.0,     20.0,     15.0,     59.0, 12, 12, 12, 11,    2381222,    2381222,    2381222,    2381222
43,    3194006,     19.0,     19.0,     19.0,     58.0,  9, 10, 11,  9,    2663165,    2663165,    2663165,    2663165
43,    2614724,     54.0,     54.0,     54.0,    157.0,  9, 10, 11,  9,      80010,      80010,      80010,      80010
43,    3191508,     26.0,     25.0,     25.0,     76.0,  9, 10, 11, 10,    2662556,    2662556,    2662556,    2662556
43,    3191539,     20.0,     19.0,     18.0,     57.0,  9, 10, 12, 10,    2662563,    2662563,    2662563,    2662563
43,    3191564,     25.0,     25.0,     25.0,     76.0,  9, 10, 11,  9,    2662571,    2662571,    2662571,    2662571
43,    3191586,     19.0,     19.0,     19.0,     58.0,  9, 10, 11,  9,    2662577,    2662577,    2662577,    2662577
43,    3191610,     19.0,     19.0,     19.0,     58.0,  9, 10, 11,  9,    2662587,    2662587,    2662587,    2662587
43,    3191685,     26.0,     25.0,     25.0,     77.0,  9, 12, 12,  9,    2662602,    2662602,    2662602,    2662602
43,    3191706,     19.0,     19.0,     19.0,     57.0,  9, 10, 11, 10,    2662608,    2662608,    2662608,    2662608
43,    3191744,     19.0,     19.0,     19.0,     58.0,  9, 10, 11,  9,    2662618,    2662618,    2662618,    2662618
43,    3191738,     19.0,     19.0,     19.0,     58.0,  9, 10, 11,  9,    2662617,    2662617,    2662617,    2662617
43,    3191755,     25.0,     25.0,     25.0,     76.0,  9, 10, 11,  9,    2662628,    2662628,    2662628,    2662628
43,    3194140,     26.0,     26.0,     26.0,     77.0,  9, 10, 11,  9,    2663207,    2663207,    2663207,    2663207
43,    3280980,     26.0,     26.0,     26.0,     77.0,  9, 10, 11,  9,    2687841,    2687841,    2687841,    2687841
43,    3446393,     25.0,     25.0,     25.0,     76.0,  9, 10, 11,  9,    2742763,    2742763,    2742763,    2742763
43,    3579600,     72.0,     67.0,     66.0,    236.0, 12, 12, 12, 10,      80093,      80093,      80093,      80093
43,    3622002,     53.0,     54.0,     52.0,    162.0, 12, 12, 12,  9,    2201249,    2201249,    2201249,    2855783
43,    4075278,     51.0,     52.0,     51.0,    172.0, 12, 12, 12,  9,    2201249,    2201249,    2201249,    2201249
43,    4075353,     51.0,     52.0,     51.0,    160.0, 12, 12, 12,  9,    2201249,    2201249,    2201249,    2944141
44,      44255,     19.0,     19.0,     19.0,     58.0,  9, 10, 11,  9,      80015,      80015,      80015,      80015
44,    2573776,     53.0,     53.0,     53.0,    156.0,  9, 10, 11,  9,      80010,      80010,      80010,      80010
44,    2573791,     53.0,     53.0,     53.0,    156.0,  9, 10, 11,  9,      80010,      80010,      80010,      80010
44,    2573831,     53.0,     53.0,     53.0,    156.0,  9, 10, 11,  9,      80010,      80010,      80010,      80010
44,    2573943,     54.0,     54.0,     54.0,    157.0,  9, 10, 11,  9,      80010,      80010,      80010,      80010
44,    2614720,     54.0,     54.0,     54.0,    158.0,  9, 10, 11,  9,      80010,      80010,      80010,      80010
44,    2574035,     54.0,     54.0,     54.0,    158.0,  9, 10, 11,  9,      80010,      80010,      80010,      80010
44,    2574144,     54.0,     54.0,     54.0,    158.0,  9, 10, 11,  9,      80010,      80010,      80010,      80010
44,    2574617,     55.0,     55.0,     55.0,    158.0,  9, 10, 11, 11,      80010,      80010,      80010,      80010
44,    3194731,     26.0,     26.0,     26.0,     77.0,  9, 10, 11, 10,    2663390,    2663390,    2663390,    2663390
44,    3194751,     26.0,     26.0,     26.0,     77.0,  9, 10, 11, 10,    2663397,    2663397,    2663397,    2663397
44,    3194737,     27.0,     27.0,     27.0,     78.0,  9, 10, 11,  9,    2401769,    2401769,    2401769,    2401769
44,    3194626,     26.0,     26.0,     26.0,     77.0,  9, 10, 11,  9,    2663364,    2663364,    2663364,    2663364
44,    3194097,     19.0,     20.0,     19.0,     58.0,  9, 10, 11,  9,    2372116,    2372116,    2372116,    2372116
44,    3194110,     19.0,     19.0,     19.0,     58.0,  9, 10, 11,  9,    2663201,    2663201,    2663201,    2663201
44,    3194050,     26.0,     26.0,     26.0,     77.0,  9, 10, 11,  9,    2663181,    2663181,    2663181,    2663181
44,    3194071,     20.0,     20.0,     20.0,     59.0,  9, 10, 11,  9,      80086,      80086,      80086,      80086
44,     933929,     56.0,     56.0,     57.0,    167.0, 12, 12, 12,  9,    1211140,    1211140,    1211140,    1211140
44,     933924,     59.0,     56.0,     54.0,    168.0, 12, 12, 12, 10,    1211137,    1211137,    1211137,    1211137
44,    3194526,     26.0,     26.0,     26.0,     77.0,  9, 10, 11,  9,    2663347,    2663347,    2663347,    2663347
44,    3194541,     26.0,     26.0,     26.0,     77.0,  9, 10, 11, 10,    2663354,    2663354,    2663354,    2663354
44,      44304,     26.0,     26.0,     26.0,     78.0,  9, 10, 11,  9,      80125,      80125,      80125,      80125
44,    3194638,     55.0,     57.0,     54.0,    160.0, 12, 12, 12,  6,    2201249,    2201249,    2201249,    3194638
44,      43457,     55.0,     52.0,     53.0,    165.0, 12, 12, 12, 10,      78211,    2401788,      78207,      78211
44,    2576524,     52.0,     50.0,     51.0,    156.0, 12, 12, 12,  9,    2402599,    2403033,      78207,    2402599
44,    1406046,     50.0,     52.0,     49.0,    140.0,  4,  5,  6,  6,    1406046,     649576,    1406046,    1406046
44,    3419144,     19.0,     20.0,     18.0,     61.0, 12, 10, 12,  9,    1211181,    1211181,    1211181,    1211181
44,    3194448,     26.0,     26.0,     26.0,     77.0,  9, 10, 11,  9,    2663323,    2663323,    2663323,    2663323
44,    3195024,     55.0,     55.0,     55.0,    159.0,  9, 10, 11,  9,      80010,      80010,      80010,      80010
44,    1405960,     26.0,     26.0,     26.0,     78.0,  9, 10, 11,  9,    1523921,    1523921,    1523921,    1523921
44,    3194851,     55.0,     55.0,     55.0,    159.0,  9, 10, 11,  9,      80010,      80010,      80010,      80010
44,    2614721,     54.0,     54.0,     54.0,    157.0,  9, 10, 11,  9,      80010,      80010,      80010,      80010
44,     649581,     53.0,     54.0,     52.0,    148.0,  4,  5,  6,  6,     649581,     649581,     649581,     649581
44,    3194708,     26.0,     26.0,     26.0,     77.0,  9, 10, 11, 10,    2663385,    2663385,    2663385,    2663385
44,    2579329,     73.0,     69.0,     69.0,    247.0, 12, 12, 12, 10,      80093,      80093,      80093,      80093
44,    2538885,     53.0,     52.0,     54.0,    158.0, 12, 12, 12,  9,    2201241,      80037,      80037,    2201241
44,    1203904,     55.0,     57.0,     54.0,    165.0, 12, 12, 12,  6,    2201249,    2201249,    2201249,    1203904
44,    3194458,     26.0,     26.0,     26.0,     78.0,  9, 10, 11,  9,    2663325,    2663325,    2663325,    2663325
44,    2239329,     26.0,     26.0,     26.0,     77.0,  9, 10, 11,  9,      80125,      80125,      80125,      80125
44,    2524843,     55.0,     49.0,     53.0,    157.0, 12, 12, 12, 11,      80037,    2371971,      80037,    2371971
44,    2524851,     54.0,     49.0,     53.0,    159.0, 12, 12, 12, 11,      80037,    2371975,      80037,    2371975
44,    3194467,     26.0,     26.0,     26.0,     77.0,  9, 10, 11,  9,    2663327,    2663327,    2663327,    2663327
44,    3194502,     26.0,     26.0,     26.0,     77.0,  9, 10, 11,  9,    2663340,    2663340,    2663340,    2663340
44,    3831482,     52.0,     51.0,     52.0,    157.0, 12, 12, 12,  9,    2879851,      80037,    2879852,    2879851
44,    3831483,     51.0,     51.0,     52.0,    157.0, 12, 12, 12, 11,    2879852,      80037,      80037,    2879852
44,    2537242,     55.0,     51.0,     52.0,    182.0, 12, 12, 12, 10,      78207,      78207,      78207,    2381221
44,    2574775,     54.0,     51.0,     52.0,    177.0, 12, 12, 12,  9,    2401788,    2401788,      78207,    2401788
44,    2574794,     54.0,     51.0,     52.0,    168.0, 12, 12, 12, 10,    2401788,    2401788,      78207,    2401794
44,      43455,     55.0,     52.0,     54.0,    166.0, 12, 12, 12, 10,      78211,    2401788,      78207,      78211
44,      43456,     54.0,     52.0,     53.0,    159.0, 12, 12, 12, 10,      78211,      78211,      78207,      78222
44,    2575174,     55.0,     52.0,     53.0,    165.0, 12, 12, 12, 10,      78211,      78211,      78207,      78211
44,    2575228,     74.0,     69.0,     69.0,    240.0, 12, 12, 12,  9,      80093,      80093,      80093,      80098
44,    2575231,     73.0,     69.0,     69.0,    239.0, 12, 12, 12,  9,      80093,      80093,      80093,      80098
44,      44293,     73.0,     69.0,     69.0,    239.0, 12, 12, 12,  9,      80093,      80093,      80093,      80098
44,    2524922,     73.0,     69.0,     69.0,    239.0, 12, 12, 12,  9,      80093,      80093,      80093,      80098
44,    2575371,     72.0,     68.0,     68.0,    238.0, 12, 12, 12,  9,      80093,      80093,      80093,      80098
44,    2575422,     71.0,     67.0,     67.0,    244.0, 12, 12, 12, 10,      80093,      80093,      80093,      80093
44,    2575448,     72.0,     68.0,     67.0,    245.0, 12, 12, 12, 10,      80093,      80093,      80093,      80093
44,    2575544,     73.0,     69.0,     68.0,    247.0, 12, 12, 12, 10,      80093,      80093,      80093,      80093
44,    2575568,     73.0,     70.0,     69.0,    248.0, 12, 12, 12, 10,      80093,      80093,      80093,      80093
44,    3191763,     26.0,     26.0,     25.0,     76.0,  9, 10, 12, 11,    2662631,    2662631,    2662631,    2662631
44,    3191784,     26.0,     25.0,     26.0,     79.0,  9, 12, 12,  9,    2662638,    2662638,    2662638,    2662638
44,    3193967,     25.0,     25.0,     27.0,     77.0, 12, 12, 11,  9,    2663149,    2663149,    2663149,    2663149
44,    3193988,     26.0,     26.0,     26.0,     77.0,  9, 10, 11, 11,    2663160,    2663160,    2663160,    2663160
44,    3191771,     26.0,     26.0,     26.0,     77.0,  9, 10, 11,  9,    2662635,    2662635,    2662635,    2662635
44,    3191776,     26.0,     26.0,     26.0,     77.0,  9, 10, 11,  9,    2662636,    2662636,    2662636,    2662636
44,    3191794,     26.0,     26.0,     26.0,     77.0,  9, 10, 11,  9,    2662640,    2662640,    2662640,    2662640
44,    3194096,     26.0,     26.0,     26.0,     77.0,  9, 10, 11,  9,    2663196,    2663196,    2663196,    2663196
44,    3194145,     26.0,     26.0,     26.0,     77.0,  9, 10, 11,  9,    2663208,    2663208,    2663208,    2663208
44,    3194443,     26.0,     26.0,     26.0,     77.0,  9, 10, 11,  9,    2663321,    2663321,    2663321,    2663321
44,    2577330,     52.0,     51.0,     52.0,    154.0,  9, 12, 11,  9,      80010,      80010,      80010,      80010
44,    2525031,     19.0,     19.0,     19.0,     57.0,  9, 10, 11,  9,    2372196,    2372196,    2372196,    2372196
44,    2577380,     52.0,     52.0,     52.0,    154.0,  9, 10, 11,  9,      80010,      80010,      80010,      80010
44,      44300,     26.0,     26.0,     26.0,     77.0,  9, 10, 11,  9,      80125,      80125,      80125,      80125
44,    3195095,     26.0,     26.0,     26.0,     77.0,  9, 10, 11,  9,      80125,      80125,      80125,      80125
44,    2525046,     19.0,     19.0,     19.0,     58.0,  9, 10, 11,  9,    2372220,    2372220,    2372220,    2372220
44,      43451,     52.0,     50.0,     51.0,    154.0,  9, 12, 12,  9,      78208,    2403033,      78207,      78208
44,    2577532,     54.0,     50.0,     51.0,    181.0, 12, 12, 12, 10,    2403033,    2403033,    2403033,    2403033
44,    2577530,     54.0,     50.0,     51.0,    181.0, 12, 12, 12, 10,    2403034,    2403034,    2403034,    2403034
44,    2577535,     54.0,     50.0,     51.0,    190.0, 12, 12, 12, 10,    2403046,    2403046,    2403046,    2403046
44,    1119992,     69.0,     67.0,     68.0,    203.0,  9, 12, 12,  9,    1344979,    1344976,    1344976,    1344979
44,    2525133,     25.0,     25.0,     25.0,     76.0,  9, 10, 11,  9,    2372261,    2372261,    2372261,    2372261
44,    1120085,     71.0,     71.0,     71.0,    207.0,  9, 10, 11,  9,    1345020,    1345020,    1345020,    1345020
44,    2537247,     21.0,     20.0,     16.0,     59.0,  9, 12, 12, 11,    2381222,    2381222,    2381222,    2381222
44,    3194006,     19.0,     19.0,     19.0,     58.0,  9, 10, 11,  9,    2663165,    2663165,    2663165,    2663165
44,    2614724,     54.0,     54.0,     54.0,    157.0,  9, 10, 11,  9,      80010,      80010,      80010,      80010
44,    3191508,     26.0,     25.0,     25.0,     76.0,  9, 10, 11, 10,    2662556,    2662556,    2662556,    2662556
44,    3191539,     19.0,     19.0,     18.0,     57.0,  9, 10, 12, 10,    2662563,    2662563,    2662563,    2662563
44,    3191564,     25.0,     25.0,     25.0,     76.0,  9, 10, 11,  9,    2662571,    2662571,    2662571,    2662571
44,    3191586,     19.0,     19.0,     19.0,     58.0,  9, 10, 11,  9,    2662577,    2662577,    2662577,    2662577
44,    3191610,     19.0,     19.0,     19.0,     57.0,  9, 10, 11, 10,    2662587,    2662587,    2662587,    2662587
44,    3191685,     26.0,     26.0,     25.0,     77.0,  9, 10, 12, 10,    2662602,    2662602,    2662602,    2662602
44,    3191706,     19.0,     19.0,     19.0,     57.0,  9, 10, 11, 10,    2662608,    2662608,    2662608,    2662608
44,    3191744,     19.0,     19.0,     19.0,     57.0,  9, 10, 11,  9,    2662618,    2662618,    2662618,    2662618
44,    3191738,     19.0,     19.0,     19.0,     58.0,  9, 10, 11,  9,    2662617,    2662617,    2662617,    2662617
44,    3191755,     25.0,     25.0,     25.0,     76.0,  9, 10, 11,  9,    2662628,    2662628,    2662628,    2662628
44,    3194140,     26.0,     26.0,     26.0,     77.0,  9, 10, 11,  9,    2663207,    2663207,    2663207,    2663207
44,    3280980,     26.0,     26.0,     26.0,     77.0,  9, 10, 11,  9,    2687841,    2687841,    2687841,    2687841
44,    3446393,     25.0,     25.0,     25.0,     76.0,  9, 10, 11,  9,    2742763,    2742763,    2742763,    2742763
44,    3579600,     71.0,     67.0,     67.0,    243.0, 12, 12, 12, 10,      80093,      80093,      80093,      80093
44,    3622002,     53.0,     55.0,     51.0,    162.0, 12, 12, 12,  9,    2201249,    2201249,    2201249,    2855783
44,    4075278,     51.0,     53.0,     50.0,    171.0, 12, 12, 12, 11,    2201249,    2201249,    2201249,    2201249
44,    4075353,     51.0,     53.0,     50.0,    160.0, 12, 12, 12,  9,    2201249,    2201249,    2201249,    2944141
45,      44255,     19.0,     19.0,     19.0,     58.0,  9, 10, 11,  9,      80015,      80015,      80015,      80015
45,    2573776,     53.0,     53.0,     53.0,    156.0,  9, 10, 11,  9,      80010,      80010,      80010,      80010
45,    2573791,     53.0,     53.0,     53.0,    156.0,  9, 10, 11,  9,      80010,      80010,      80010,      80010
45,    2573831,     53.0,     53.0,     53.0,    156.0,  9, 10, 11,  9,      80010,      80010,      80010,      80010
45,    2573943,     54.0,     54.0,     54.0,    157.0,  9, 10, 11,  9,      80010,      80010,      80010,      80010
45,    2614720,     54.0,     54.0,     54.0,    158.0,  9, 10, 11,  9,      80010,      80010,      80010,      80010
45,    2574035,     54.0,     54.0,     54.0,    158.0,  9, 10, 11,  9,      80010,      80010,      80010,      80010
45,    2574144,     54.0,     54.0,     54.0,    158.0,  9, 10, 11,  9,      80010,      80010,      80010,      80010
45,    2574617,     55.0,     55.0,     55.0,    158.0,  9, 10, 11, 11,      80010,      80010,      80010,      80010
45,    3194731,     26.0,     26.0,     26.0,     77.0,  9, 10, 11,  9,    2663390,    2663390,    2663390,    2663390
45,    3194751,     26.0,     26.0,     26.0,     77.0,  9, 10, 11,  9,    2663397,    2663397,    2663397,    2663397
45,    3194737,     26.0,     27.0,     27.0,     78.0,  9, 10, 11,  9,    2401769,    2401769,    2401769,    2401769
45,    3194626,     26.0,     26.0,     26.0,     77.0,  9, 10, 11,  9,    2663364,    2663364,    2663364,    2663364
45,    3194097,     19.0,     19.0,     19.0,     57.0,  9, 10, 11,  9,    2372116,    2372116,    2372116,    2372116
45,    3194110,     19.0,     19.0,     19.0,     58.0,  9, 10, 11,  9,    2663201,    2663201,    2663201,    2663201
45,    3194050,     26.0,     26.0,     26.0,     77.0,  9, 10, 11,  9,    2663181,    2663181,    2663181,    2663181
45,    3194071,     20.0,     20.0,     20.0,     59.0,  9, 10, 11,  9,      80086,      80086,      80086,      80086
45,     933929,     56.0,     56.0,     57.0,    167.0, 12, 12, 12,  9,    1211140,    1211140,    1211140,    1211140
45,     933924,     58.0,     57.0,     54.0,    168.0, 12, 12, 12, 10,    1211137,    1211137,    1211137,    1211137
45,    3194526,     26.0,     26.0,     26.0,     77.0,  9, 10, 11,  9,    2663347,    2663347,    2663347,    2663347
45,    3194541,     26.0,     26.0,     26.0,     77.0,  9, 10, 11,  9,    2663354,    2663354,    2663354,    2663354
45,      44304,     26.0,     26.0,     26.0,     78.0,  9, 10, 11,  9,      80125,      80125,      80125,      80125
45,    3194638,     57.0,     57.0,     52.0,    159.0, 12, 12, 12,  6,    2201249,    2201249,    2201249,    3194638
45,      43457,     55.0,     53.0,     53.0,    163.0, 12, 12, 12, 10,      78211,    2401788,      78207,      78211
45,    2576524,     52.0,     51.0,     51.0,    156.0, 12, 12, 12,  9,    2402599,      78207,      78207,    2402599
45,    1406046,     52.0,     51.0,     49.0,    139.0,  4,  5,  6,  6,    1406046,    1406046,    1406046,    1406046
45,    3419144,     20.0,     20.0,     17.0,     60.0, 12, 12, 12, 11,    1211181,    1211181,    1211181,    1211181
45,    3194448,     26.0,     26.0,     26.0,     77.0,  9, 10, 11,  9,    2663323,    2663323,    2663323,    2663323
45,    3195024,     55.0,     55.0,     55.0,    159.0,  9, 10, 11,  9,      80010,      80010,      80010,      80010
45,    1405960,     26.0,     26.0,     26.0,     78.0,  9, 10, 11,  9,    1523921,    1523921,    1523921,    1523921
45,    3194851,     55.0,     55.0,     55.0,    159.0,  9, 10, 11,  9,      80010,      80010,      80010,      80010
45,    2614721,     54.0,     54.0,     54.0,    157.0,  9, 10, 11,  9,      80010,      80010,      80010,      80010
45,     649581,     55.0,     54.0,     52.0,    147.0,  4,  5,  6,  6,     649581,     649581,     649567,     649581
45,    3194708,     26.0,     26.0,     26.0,     77.0,  9, 10, 11,  9,    2663385,    2663385,    2663385,    2663385
45,    2579329,     72.0,     72.0,     67.0,    251.0, 12, 12, 12, 11,      80093,      80093,      80093,      80093
45,    2538885,     54.0,     52.0,     53.0,    158.0,  9, 12, 12,  9,    2201241,      80037,    2879852,    2201241
45,    1203904,     57.0,     56.0,     52.0,    163.0, 12, 12, 12,  6,    2201249,    2201249,    2201249,    1203904
45,    3194458,     26.0,     26.0,     26.0,     78.0,  9, 10, 11,  9,    2663325,    2663325,    2663325,    2663325
45,    2239329,     26.0,     26.0,     26.0,     77.0,  9, 10, 11,  9,      80125,      80125,      80125,      80125
45,    2524843,     54.0,     50.0,     53.0,    157.0, 12, 12, 12, 11,    2371971,    2371971,      80037,    2371971
45,    2524851,     54.0,     50.0,     53.0,    158.0, 12, 12, 12, 11,      80037,    2371975,      80037,    2371975
45,    3194467,     26.0,     26.0,     26.0,     77.0,  9, 10, 11,  9,    2663327,    2663327,    2663327,    2663327
45,    3194502,     26.0,     26.0,     26.0,     77.0,  9, 10, 11,  9,    2663340,    2663340,    2663340,    2663340
45,    3831482,     53.0,     51.0,     52.0,    157.0,  9, 12, 12,  9,    2879851,      80037,    2879852,    2879851
45,    3831483,     52.0,     51.0,     51.0,    157.0, 12, 12, 12, 11,    2879852,      80037,    2879852,    2879852
45,    2537242,     55.0,     51.0,     51.0,    178.0, 12, 12, 12, 10,      78207,    2403033,      78207,    2381221
45,    2574775,     54.0,     52.0,     52.0,    173.0, 12, 12, 12, 10,    2401788,      78207,      78207,    2401788
45,    2574794,     54.0,     52.0,     52.0,    166.0, 12, 12, 12, 10,    2401788,    2401788,      78207,    2401794
45,      43455,     55.0,     53.0,     53.0,    164.0, 12, 12, 12, 10,      78211,    2401788,      78207,      78211
45,      43456,     54.0,     52.0,     53.0,    159.0, 12, 12, 12,  9,      78211,    2401788,      78207,      78222
45,    2575174,     55.0,     53.0,     53.0,    162.0, 12, 12, 12, 10,      78211,      78207,      78207,      78211
45,    2575228,     72.0,     72.0,     68.0,    240.0, 12, 12, 12,  9,      80093,      80093,      80093,      80098
45,    2575231,     72.0,     72.0,     67.0,    239.0, 12, 12, 12,  9,      80093,      80093,      80093,      80098
45,      44293,     72.0,     72.0,     67.0,    239.0, 12, 12, 12,  9,      80093,      80093,      80093,      80098
45,    2524922,     72.0,     72.0,     67.0,    239.0, 12, 12, 12,  9,      80093,      80093,      80093,      80098
45,    2575371,     71.0,     71.0,     67.0,    238.0, 12, 12, 12,  9,      80093,      80093,      80093,      80098
45,    2575422,     70.0,     70.0,     66.0,    247.0, 12, 12, 12, 11,      80093,      80093,      80093,      80093
45,    2575448,     70.0,     70.0,     66.0,    248.0, 12, 12, 12, 11,      80093,      80093,      80093,      80093
45,    2575544,     71.0,     71.0,     67.0,    250.0, 12, 12, 12, 11,      80093,      80093,      80093,      80093
45,    2575568,     72.0,     72.0,     68.0,    252.0, 12, 12, 12, 11,      80093,      80093,      80093,      80093
45,    3191763,     26.0,     26.0,     25.0,     77.0,  9, 10, 12,  9,    2662631,    2662631,    2662631,    2662631
45,    3191784,     26.0,     25.0,     26.0,     78.0,  9, 12, 11,  9,    2662638,    2662638,    2662638,    2662638
45,    3193967,     25.0,     25.0,     27.0,     77.0, 12, 12, 11,  9,    2663149,    2663149,    2663149,    2663149
45,    3193988,     26.0,     26.0,     26.0,     77.0,  9, 10, 11,  9,    2663160,    2663160,    2663160,    2663160
45,    3191771,     26.0,     26.0,     26.0,     76.0,  9, 10, 11,  9,    2662635,    2662635,    2662635,    2662635
45,    3191776,     26.0,     26.0,     26.0,     76.0,  9, 10, 11,  9,    2662636,    2662636,    2662636,    2662636
45,    3191794,     26.0,     26.0,     26.0,     77.0,  9, 10, 11,  9,    2662640,    2662640,    2662640,    2662640
45,    3194096,     26.0,     26.0,     26.0,     77.0,  9, 10, 11,  9,    2663196,    2663196,    2663196,    2663196
45,    3194145,     26.0,     26.0,     26.0,     77.0,  9, 10, 11,  9,    2663208,    2663208,    2663208,    2663208
45,    3194443,     26.0,     26.0,     26.0,     77.0,  9, 10, 11,  9,    2663321,    2663321,    2663321,    2663321
45,    2577330,     52.0,     51.0,     52.0,    154.0,  9, 12, 11,  9,      80010,      80010,      80010,      80010
45,    2525031,     19.0,     19.0,     19.0,     57.0,  9, 10, 11,  9,    2372196,    2372196,    2372196,    2372196
45,    2577380,     52.0,     52.0,     52.0,    154.0,  9, 10, 11,  9,      80010,      80010,      80010,      80010
45,      44300,     26.0,     26.0,     26.0,     77.0,  9, 10, 11,  9,      80125,      80125,      80125,      80125
45,    3195095,     26.0,     26.0,     26.0,     77.0,  9, 10, 11,  9,      80125,      80125,      80125,      80125
45,    2525046,     19.0,     19.0,     19.0,     58.0,  9, 10, 11,  9,    2372220,    2372220,    2372220,    2372220
45,      43451,     52.0,     51.0,     51.0,    154.0,  9, 12, 12,  9,      78208,      78207,      78207,      78208
45,    2577532,     54.0,     50.0,     51.0,    177.0, 12, 12, 12, 10,    2403033,    2403033,    2403033,    2403033
45,    2577530,     54.0,     50.0,     51.0,    177.0, 12, 12, 12, 10,    2403034,    2403034,    2403034,    2403034
45,    2577535,     54.0,     50.0,     51.0,    185.0, 12, 12, 12, 10,    2403046,    2403046,    2403046,    2403046
45,    1119992,     69.0,     67.0,     67.0,    203.0,  9, 12, 12,  9,    1344979,    1344976,    1344976,    1344979
45,    2525133,     25.0,     25.0,     25.0,     76.0,  9, 10, 11,  9,    2372261,    2372261,    2372261,    2372261
45,    1120085,     71.0,     71.0,     71.0,    207.0,  9, 10, 11,  9,    1345020,    1345020,    1345020,    1345020
45,    2537247,     20.0,     20.0,     17.0,     59.0, 12, 10, 12, 11,    2381222,    2381222,    2381222,    2381222
45,    3194006,     19.0,     19.0,     19.0,     58.0,  9, 10, 11,  9,    2663165,    2663165,    2663165,    2663165
45,    2614724,     54.0,     54.0,     54.0,    157.0,  9, 10, 11,  9,      80010,      80010,      80010,      80010
45,    3191508,     26.0,     25.0,     25.0,     76.0,  9, 10, 11, 10,    2662556,    2662556,    2662556,    2662556
45,    3191539,     19.0,     19.0,     18.0,     57.0,  9, 10, 12, 10,    2662563,    2662563,    2662563,    2662563
45,    3191564,     25.0,     25.0,     25.0,     76.0,  9, 10, 11,  9,    2662571,    2662571,    2662571,    2662571
45,    3191586,     19.0,     19.0,     19.0,     58.0,  9, 10, 11,  9,    2662577,    2662577,    2662577,    2662577
45,    3191610,     19.0,     19.0,     19.0,     57.0,  9, 10, 11,  9,    2662587,    2662587,    2662587,    2662587
45,    3191685,     26.0,     25.0,     25.0,     77.0,  9, 12, 12,  9,    2662602,    2662602,    2662602,    2662602
45,    3191706,     19.0,     19.0,     19.0,     57.0,  9, 10, 11, 10,    2662608,    2662608,    2662608,    2662608
45,    3191744,     19.0,     19.0,     19.0,     57.0,  9, 10, 11,  9,    2662618,    2662618,    2662618,    2662618
45,    3191738,     19.0,     19.0,     19.0,     58.0,  9, 10, 11,  9,    2662617,    2662617,    2662617,    2662617
45,    3191755,     25.0,     25.0,     25.0,     76.0,  9, 10, 11,  9,    2662628,    2662628,    2662628,    2662628
45,    3194140,     26.0,     26.0,     26.0,     77.0,  9, 10, 11,  9,    2663207,    2663207,    2663207,    2663207
45,    3280980,     26.0,     26.0,     26.0,     78.0,  9, 10, 11,  9,    2687841,    2687841,    2687841,    2687841
45,    3446393,     25.0,     25.0,     25.0,     76.0,  9, 10, 11,  9,    2742763,    2742763,    2742763,    2742763
45,    3579600,     70.0,     69.0,     65.0,    246.0, 12, 12, 12, 11,      80093,      80093,      80093,      80093
45,    3622002,     55.0,     54.0,     50.0,    162.0, 12, 12, 12,  9,    2201249,    2201249,    2201249,    2855783
45,    4075278,     53.0,     53.0,     49.0,    171.0, 12, 12, 12, 11,    2201249,    2201249,    2201249,    2201249
45,    4075353,     53.0,     53.0,     49.0,    160.0, 12, 12, 12,  9,    2201249,    2201249,    2201249,    2944141
46,      44255,     19.0,     19.0,     19.0,     58.0,  9, 10, 11,  9,      80015,      80015,      80015,      80015
46,    2573776,     53.0,     53.0,     53.0,    156.0,  9, 10, 11,  9,      80010,      80010,      80010,      80010
46,    2573791,     53.0,     53.0,     53.0,    156.0,  9, 10, 11,  9,      80010,      80010,      80010,      80010
46,    2573831,     53.0,     53.0,     53.0,    156.0,  9, 10, 11,  9,      80010,      80010,      80010,      80010
46,    2573943,     54.0,     54.0,     54.0,    157.0,  9, 10, 11,  9,      80010,      80010,      80010,      80010
46,    2614720,     54.0,     54.0,     54.0,    158.0,  9, 10, 11,  9,      80010,      80010,      80010,      80010
46,    2574035,     54.0,     54.0,     54.0,    158.0,  9, 10, 11,  9,      80010,      80010,      80010,      80010
46,    2574144,     54.0,     54.0,     54.0,    158.0,  9, 10, 11,  9,      80010,      80010,      80010,      80010
46,    2574617,     55.0,     55.0,     55.0,    158.0,  9, 10, 11, 11,      80010,      80010,      80010,      80010
46,    3194731,     26.0,     26.0,     26.0,     77.0,  9, 10, 11, 10,    2663390,    2663390,    2663390,    2663390
46,    3194751,     26.0,     26.0,     26.0,     77.0,  9, 10, 11, 10,    2663397,    2663397,    2663397,    2663397
46,    3194737,     27.0,     27.0,     27.0,     78.0,  9, 10, 11,  9,    2401769,    2401769,    2401769,    2401769
46,    3194626,     26.0,     26.0,     26.0,     77.0,  9, 10, 11, 10,    2663364,    2663364,    2663364,    2663364
46,    3194097,     19.0,     19.0,     19.0,     58.0,  9, 10, 11,  9,    2372116,    2372116,    2372116,    2372116
46,    3194110,     19.0,     19.0,     19.0,     58.0,  9, 10, 11,  9,    2663201,    2663201,    2663201,    2663201
46,    3194050,     26.0,     26.0,     26.0,     77.0,  9, 10, 11,  9,    2663181,    2663181,    2663181,    2663181
46,    3194071,     20.0,     20.0,     20.0,     59.0,  9, 10, 11,  9,      80086,      80086,      80086,      80086
46,     933929,     56.0,     56.0,     57.0,    168.0, 12, 12, 12,  9,    1211140,    1211140,    1211140,    1211140
46,     933924,     58.0,     57.0,     55.0,    167.0, 12, 12, 12, 11,    1211137,    1211137,    1211137,    1211137
46,    3194526,     26.0,     26.0,     26.0,     77.0,  9, 10, 11, 10,    2663347,    2663347,    2663347,    2663347
46,    3194541,     26.0,     26.0,     26.0,     77.0,  9, 10, 11, 10,    2663354,    2663354,    2663354,    2663354
46,      44304,     26.0,     26.0,     26.0,     78.0,  9, 10, 11,  9,      80125,      80125,      80125,      80125
46,    3194638,     54.0,     58.0,     54.0,    157.0, 12,  5, 12,  6,    2201249,    3194638,    2201249,    3194638
46,      43457,     55.0,     53.0,     53.0,    161.0, 12, 12, 12,  9,      78211,    2401788,      78207,      78211
46,    2576524,     52.0,     51.0,     51.0,    156.0, 12, 12, 12,  9,    2402599,    2403033,      78207,    2402599
46,    1406046,     49.0,     51.0,     48.0,    137.0,  4,  5,  6,  6,    1406046,    1406046,    1406046,    1406046
46,    3419144,     19.0,     20.0,     18.0,     60.0, 12, 12, 12, 11,    1211181,    1211181,    1211181,    1211181
46,    3194448,     26.0,     26.0,     26.0,     77.0,  9, 10, 11,  9,    2663323,    2663323,    2663323,    2663323
46,    3195024,     55.0,     55.0,     55.0,    159.0,  9, 10, 11,  9,      80010,      80010,      80010,      80010
46,    1405960,     26.0,     26.0,     26.0,     78.0,  9, 10, 11,  9,    1523921,    1523921,    1523921,    1523921
46,    3194851,     55.0,     55.0,     55.0,    159.0,  9, 10, 11,  9,      80010,      80010,      80010,      80010
46,    2614721,     54.0,     54.0,     54.0,    157.0,  9, 10, 11,  9,      80010,      80010,      80010,      80010
46,     649581,     52.0,     54.0,     51.0,    145.0,  4,  5,  6,  6,     649567,     649567,     649581,     649581
46,    3194708,     26.0,     26.0,     26.0,     77.0,  9, 10, 11, 10,    2663385,    2663385,    2663385,    2663385
46,    2579329,     72.0,     70.0,     69.0,    241.0, 12, 12, 12, 10,      80093,      80093,      80093,      80093
46,    2538885,     54.0,     52.0,     53.0,    158.0,  9, 12, 12,  9,    2201241,      80037,    2879852,    2201241
46,    1203904,     54.0,     58.0,     54.0,    161.0, 12, 12, 12,  6,    2201249,    2201249,    2201249,    1203904
46,    3194458,     26.0,     26.0,     26.0,     78.0,  9, 10, 11,  9,    2663325,    2663325,    2663325,    2663325
46,    2239329,     26.0,     26.0,     26.0,     77.0,  9, 10, 11,  9,      80125,      80125,      80125,      80125
46,    2524843,     54.0,     50.0,     53.0,    157.0,  9, 12, 12, 11,    2371971,      80037,      80037,    2371971
46,    2524851,     54.0,     49.0,     53.0,    159.0, 12, 12, 12, 11,    2371975,    2371975,      80037,    2371975
46,    3194467,     26.0,     26.0,     26.0,     77.0,  9, 10, 11,  9,    2663327,    2663327,    2663327,    2663327
46,    3194502,     26.0,     26.0,     26.0,     77.0,  9, 10, 11,  9,    2663340,    2663340,    2663340,    2663340
46,    3831482,     53.0,     50.0,     51.0,    156.0,  9, 12, 12,  9,    2879851,      80037,    2879852,    2879851
46,    3831483,     53.0,     50.0,     51.0,    157.0, 12, 12, 12, 11,    2879852,      80037,    2879852,    2879852
46,    2537242,     55.0,     52.0,     51.0,    176.0, 12, 12, 12, 11,      78207,      78207,      78207,    2381221
46,    2574775,     54.0,     52.0,     52.0,    171.0, 12, 12, 12,  9,    2401788,    2401788,      78207,    2401788
46,    2574794,     54.0,     52.0,     52.0,    164.0, 12, 12, 12,  9,    2401788,    2401788,      78207,    2401794
46,      43455,     55.0,     54.0,     53.0,    162.0, 12, 12, 12,  9,      78211,      78211,      78207,      78211
46,      43456,     54.0,     53.0,     52.0,    159.0, 12, 12, 12,  9,      78211,      78211,      78207,      78222
46,    2575174,     54.0,     53.0,     53.0,    161.0, 12, 12, 12,  9,      78211,      78211,      78207,      78211
46,    2575228,     73.0,     71.0,     69.0,    240.0, 12, 12, 12,  9,      80093,      80093,      80093,      80098
46,    2575231,     72.0,     70.0,     69.0,    240.0, 12, 12, 12,  9,      80093,      80093,      80093,      80098
46,      44293,     72.0,     70.0,     69.0,    240.0, 12, 12, 12,  9,      80093,      80093,      80093,      80098
46,    2524922,     72.0,     70.0,     69.0,    239.0, 12, 12, 12,  9,      80093,      80093,      80093,      80102
46,    2575371,     72.0,     70.0,     68.0,    238.0, 12, 12, 12,  9,      80093,      80093,      80093,      80098
46,    2575422,     70.0,     69.0,     67.0,    238.0, 12, 12, 12, 10,      80093,      80093,      80093,      80093
46,    2575448,     71.0,     69.0,     68.0,    239.0, 12, 12, 12, 10,      80093,      80093,      80093,      80093
46,    2575544,     72.0,     70.0,     68.0,    241.0, 12, 12, 12, 10,      80093,      80093,      80093,      80093
46,    2575568,     73.0,     71.0,     69.0,    242.0, 12, 12, 12, 10,      80093,      80093,      80093,      80093
46,    3191763,     26.0,     26.0,     25.0,     77.0,  9, 10, 12,  9,    2662631,    2662631,    2662631,    2662631
46,    3191784,     26.0,     25.0,     26.0,     77.0,  9, 12, 11, 10,    2662638,    2662638,    2662638,    2662638
46,    3193967,     25.0,     25.0,     26.0,     77.0, 12, 12, 11,  9,    2663149,    2663149,    2663149,    2663149
46,    3193988,     26.0,     26.0,     26.0,     78.0,  9, 10, 11,  9,    2663160,    2663160,    2663160,    2663160
46,    3191771,     26.0,     26.0,     26.0,     77.0,  9, 10, 11,  9,    2662635,    2662635,    2662635,    2662635
46,    3191776,     26.0,     26.0,     26.0,     77.0,  9, 10, 11,  9,    2662636,    2662636,    2662636,    2662636
46,    3191794,     26.0,     26.0,     26.0,     77.0,  9, 10, 11,  9,    2662640,    2662640,    2662640,    2662640
46,    3194096,     26.0,     26.0,     26.0,     77.0,  9, 10, 11,  9,    2663196,    2663196,    2663196,    2663196
46,    3194145,     26.0,     26.0,     26.0,     77.0,  9, 10, 11,  9,    2663208,    2663208,    2663208,    2663208
46,    3194443,     26.0,     26.0,     26.0,     77.0,  9, 10, 11,  9,    2663321,    2663321,    2663321,    2663321
46,    2577330,     52.0,     51.0,     52.0,    154.0,  9, 12, 11,  9,      80010,      80010,      80010,      80010
46,    2525031,     19.0,     19.0,     19.0,     57.0,  9, 10, 11,  9,    2372196,    2372196,    2372196,    2372196
46,    2577380,     52.0,     52.0,     52.0,    154.0,  9, 10, 11,  9,      80010,      80010,      80010,      80010
46,      44300,     26.0,     26.0,     26.0,     77.0,  9, 10, 11,  9,      80125,      80125,      80125,      80125
46,    3195095,     26.0,     26.0,     26.0,     77.0,  9, 10, 11,  9,      80125,      80125,      80125,      80125
46,    2525046,     19.0,     19.0,     19.0,     58.0,  9, 10, 11,  9,    2372220,    2372220,    2372220,    2372220
46,      43451,     52.0,     51.0,     51.0,    154.0,  9, 12, 12,  9,      78208,    2403033,      78207,      78208
46,    2577532,     54.0,     51.0,     50.0,    176.0, 12, 12, 12, 10,    2403033,    2403033,    2403033,    2403033
46,    2577530,     54.0,     51.0,     50.0,    176.0, 12, 12, 12, 10,    2403034,    2403034,    2403034,    2403034
46,    2577535,     54.0,     51.0,     50.0,    182.0, 12, 12, 12, 10,    2403046,    2403046,    2403046,    2403046
46,    1119992,     69.0,     68.0,     67.0,    203.0,  9, 12, 12,  9,    1344979,    1344976,    1344976,    1344979
46,    2525133,     25.0,     25.0,     25.0,     76.0,  9, 10, 11,  9,    2372261,    2372261,    2372261,    2372261
46,    1120085,     71.0,     71.0,     71.0,    207.0,  9, 10, 11,  9,    1345020,    1345020,    1345020,    1345020
46,    2537247,     21.0,     20.0,     17.0,     60.0, 12, 12, 12, 11,    2381222,    2381222,    2381222,    2381222
46,    3194006,     19.0,     19.0,     19.0,     58.0,  9, 10, 11,  9,    2663165,    2663165,    2663165,    2663165
46,    2614724,     54.0,     54.0,     54.0,    157.0,  9, 10, 11,  9,      80010,      80010,      80010,      80010
46,    3191508,     26.0,     25.0,     25.0,     76.0,  9, 10, 11, 10,    2662556,    2662556,    2662556,    2662556
46,    3191539,     19.0,     19.0,     18.0,     57.0,  9, 10, 12, 10,    2662563,    2662563,    2662563,    2662563
46,    3191564,     25.0,     25.0,     25.0,     76.0,  9, 10, 11,  9,    2662571,    2662571,    2662571,    2662571
46,    3191586,     19.0,     19.0,     19.0,     58.0,  9, 10, 11,  9,    2662577,    2662577,    2662577,    2662577
46,    3191610,     19.0,     19.0,     19.0,     58.0,  9, 10, 11,  9,    2662587,    2662587,    2662587,    2662587
46,    3191685,     26.0,     25.0,     25.0,     77.0,  9, 12, 12, 10,    2662602,    2662602,    2662602,    2662602
46,    3191706,     19.0,     19.0,     19.0,     57.0,  9, 10, 11, 10,    2662608,    2662608,    2662608,    2662608
46,    3191744,     19.0,     19.0,     19.0,     57.0,  9, 10, 11, 10,    2662618,    2662618,    2662618,    2662618
46,    3191738,     19.0,     19.0,     19.0,     58.0,  9, 10, 11,  9,    2662617,    2662617,    2662617,    2662617
46,    3191755,     25.0,     25.0,     25.0,     76.0,  9, 10, 11,  9,    2662628,    2662628,    2662628,    2662628
46,    3194140,     26.0,     26.0,     26.0,     77.0,  9, 10, 11,  9,    2663207,    2663207,    2663207,    2663207
46,    3280980,     26.0,     26.0,     26.0,     78.0,  9, 10, 12,  9,    2687841,    2687841,    2687841,    2687841
46,    3446393,     25.0,     25.0,     25.0,     76.0,  9, 10, 11,  9,    2742763,    2742763,    2742763,    2742763
46,    3579600,     70.0,     68.0,     67.0,    237.0, 12, 12, 12, 10,      80093,      80093,      80093,      80093
46,    3622002,     52.0,     55.0,     51.0,    162.0, 12, 10, 12,  9,    2201249,    2855783,    2201249,    2855783
46,    4075278,     50.0,     54.0,     50.0,    167.0, 12, 12, 12, 11,    2201249,    2201249,    2201249,    2201249
46,    4075353,     50.0,     54.0,     50.0,    160.0, 12, 12, 12,  9,    2201249,    2201249,    2201249,    2944141
47,      44255,     19.0,     19.0,     19.0,     58.0,  9, 10, 11,  9,      80015,      80015,      80015,      80015
47,    2573776,     53.0,     53.0,     53.0,    156.0,  9, 10, 11,  9,      80010,      80010,      80010,      80010
47,    2573791,     53.0,     53.0,     53.0,    156.0,  9, 10, 11,  9,      80010,      80010,      80010,      80010
47,    2573831,     53.0,     53.0,     53.0,    156.0,  9, 10, 11,  9,      80010,      80010,      80010,      80010
47,    2573943,     54.0,     54.0,     54.0,    157.0,  9, 10, 11,  9,      80010,      80010,      80010,      80010
47,    2614720,     54.0,     54.0,     54.0,    158.0,  9, 10, 11,  9,      80010,      80010,      80010,      80010
47,    2574035,     54.0,     54.0,     54.0,    158.0,  9, 10, 11,  9,      80010,      80010,      80010,      80010
47,    2574144,     54.0,     54.0,     54.0,    158.0,  9, 10, 11,  9,      80010,      80010,      80010,      80010
47,    2574617,     55.0,     55.0,     55.0,    159.0,  9, 10, 11,  9,      80010,      80010,      80010,      80010
47,    3194731,     26.0,     26.0,     26.0,     78.0,  9, 10, 11,  9,    2663390,    2663390,    2663390,    2663390
47,    3194751,     26.0,     26.0,     26.0,     78.0,  9, 10, 11,  9,    2663397,    2663397,    2663397,    2663397
47,    3194737,     27.0,     27.0,     27.0,     78.0,  9, 10, 11,  9,    2401769,    2401769,    2401769,    2401769
47,    3194626,     26.0,     26.0,     26.0,     77.0,  9, 10, 11, 10,    2663364,    2663364,    2663364,    2663364
47,    3194097,     19.0,     19.0,     19.0,     58.0,  9, 10, 11,  9,    2372116,    2372116,    2372116,    2372116
47,    3194110,     19.0,     19.0,     19.0,     58.0,  9, 10, 11,  9,    2663201,    2663201,    2663201,    2663201
47,    3194050,     26.0,     26.0,     26.0,     77.0,  9, 10, 11,  9,    2663181,    2663181,    2663181,    2663181
47,    3194071,     20.0,     20.0,     20.0,     59.0,  9, 10, 11,  9,      80086,      80086,      80086,      80086
47,     933929,     56.0,     56.0,     57.0,    168.0, 12, 12, 12,  9,    1211140,    1211140,    1211140,    1211140
47,     933924,     58.0,     57.0,     55.0,    166.0, 12, 12, 12, 11,    1211137,    1211137,    1211137,    1211137
47,    3194526,     26.0,     26.0,     26.0,     77.0,  9, 10, 11, 10,    2663347,    2663347,    2663347,    2663347
47,    3194541,     26.0,     26.0,     26.0,     78.0,  9, 10, 11,  9,    2663354,    2663354,    2663354,    2663354
47,      44304,     26.0,     26.0,     26.0,     78.0,  9, 10, 11,  9,      80125,      80125,      80125,      80125
47,    3194638,     54.0,     56.0,     55.0,    155.0,  4,  5,  6,  4,    3194638,    3194638,    3194638,    3194638
47,      43457,     54.0,     53.0,     53.0,    160.0, 12, 12, 12,  9,      78211,      78207,      78207,      78211
47,    2576524,     52.0,     50.0,     51.0,    156.0, 12, 12, 12,  9,    2402599,    2403033,      78207,    2402599
47,    1406046,     48.0,     49.0,     48.0,    136.0,  4,  5,  6,  4,     649576,    1406046,    1406046,    1406046
47,    3419144,     19.0,     20.0,     18.0,     59.0, 12, 12, 12, 11,    1211181,    1211181,    1211181,    1211181
47,    3194448,     26.0,     26.0,     26.0,     77.0,  9, 10, 11,  9,    2663323,    2663323,    2663323,    2663323
47,    3195024,     55.0,     55.0,     55.0,    159.0,  9, 10, 11,  9,      80010,      80010,      80010,      80010
47,    1405960,     26.0,     26.0,     26.0,     78.0,  9, 10, 11,  9,    1523921,    1523921,    1523921,    1523921
47,    3194851,     55.0,     55.0,     55.0,    159.0,  9, 10, 11,  9,      80010,      80010,      80010,      80010
47,    2614721,     54.0,     54.0,     54.0,    157.0,  9, 10, 11,  9,      80010,      80010,      80010,      80010
47,     649581,     50.0,     52.0,     51.0,    143.0,  4,  5,  6,  4,     649581,     649581,     649567,     649581
47,    3194708,     26.0,     26.0,     26.0,     77.0,  9, 10, 11, 10,    2663385,    2663385,    2663385,    2663385
47,    2579329,     72.0,     71.0,     69.0,    233.0, 12, 12, 12, 10,      80093,      80093,      80093,      80093
47,    2538885,     54.0,     53.0,     52.0,    158.0,  9, 12, 12,  9,    2201241,      80037,    2879852,    2201241
47,    1203904,     54.0,     57.0,     56.0,    160.0, 12, 12, 12,  4,    2201249,    2201249,    2201249,    1203904
47,    3194458,     26.0,     26.0,     26.0,     78.0,  9, 10, 11,  9,    2663325,    2663325,    2663325,    2663325
47,    2239329,     26.0,     26.0,     26.0,     77.0,  9, 10, 11,  9,      80125,      80125,      80125,      80125
47,    2524843,     54.0,     50.0,     53.0,    156.0, 12, 12, 12, 11,      80037,    2371971,      80037,    2371971
47,    2524851,     53.0,     49.0,     53.0,    158.0, 12, 12, 12, 11,    2371975,    2371975,      80037,    2371975
47,    3194467,     26.0,     26.0,     26.0,     77.0,  9, 10, 11,  9,    2663327,    2663327,    2663327,    2663327
47,    3194502,     26.0,     26.0,     26.0,     77.0,  9, 10, 11, 11,    2663340,    2663340,    2663340,    2663340
47,    3831482,     53.0,     51.0,     51.0,    156.0,  9, 12, 12, 11,    2879851,      80037,    2879852,    2879851
47,    3831483,     53.0,     51.0,     51.0,    157.0, 12, 12, 12, 11,    2879852,      80037,    2879852,    2879852
47,    2537242,     56.0,     51.0,     51.0,    174.0, 12, 12, 12, 10,      78207,      78207,    2381221,    2381221
47,    2574775,     55.0,     51.0,     52.0,    171.0, 12, 12, 12, 10,    2401788,    2403033,      78207,    2401788
47,    2574794,     55.0,     52.0,     52.0,    163.0, 12, 12, 12, 10,    2401788,      78207,      78207,    2401794
47,      43455,     55.0,     53.0,     53.0,    161.0, 12, 12, 12,  9,      78211,    2401788,    2381221,      78211
47,      43456,     54.0,     52.0,     52.0,    158.0, 12, 12, 12,  9,      78211,    2403033,    2381221,      78222
47,    2575174,     54.0,     52.0,     53.0,    160.0, 12, 12, 12,  9,      78211,    2403033,      78207,      78211
47,    2575228,     72.0,     71.0,     69.0,    234.0, 12, 12, 12, 10,      80093,      80093,      80093,      80093
47,    2575231,     72.0,     71.0,     69.0,    233.0, 12, 12, 12, 10,      80093,      80093,      80093,      80093
47,      44293,     72.0,     71.0,     69.0,    233.0, 12, 12, 12, 10,      80093,      80093,      80093,      80093
47,    2524922,     72.0,     71.0,     69.0,    233.0, 12, 12, 12, 10,      80093,      80093,      80093,      80093
47,    2575371,     71.0,     70.0,     68.0,    232.0, 12, 12, 12, 10,      80093,      80093,      80093,      80093
47,    2575422,     70.0,     69.0,     67.0,    230.0, 12, 12, 12, 10,      80093,      80093,      80093,      80093
47,    2575448,     71.0,     69.0,     68.0,    231.0, 12, 12, 12, 10,      80093,      80093,      80093,      80093
47,    2575544,     72.0,     70.0,     69.0,    232.0, 12, 12, 12, 10,      80093,      80093,      80093,      80093
47,    2575568,     72.0,     71.0,     69.0,    234.0, 12, 12, 12, 10,      80093,      80093,      80093,      80093
47,    3191763,     26.0,     26.0,     25.0,     77.0,  9, 10, 12,  9,    2662631,    2662631,    2662631,    2662631
47,    3191784,     26.0,     25.0,     26.0,     77.0,  9, 12, 11, 10,    2662638,    2662638,    2662638,    2662638
47,    3193967,     25.0,     25.0,     27.0,     77.0, 12, 12, 11,  9,    2663149,    2663149,    2663149,    2663149
47,    3193988,     26.0,     26.0,     26.0,     78.0,  9, 10, 11,  9,    2663160,    2663160,    2663160,    2663160
47,    3191771,     26.0,     26.0,     26.0,     77.0,  9, 10, 11,  9,    2662635,    2662635,    2662635,    2662635
47,    3191776,     26.0,     26.0,     26.0,     77.0,  9, 10, 11,  9,    2662636,    2662636,    2662636,    2662636
47,    3191794,     26.0,     26.0,     26.0,     77.0,  9, 10, 11,  9,    2662640,    2662640,    2662640,    2662640
47,    3194096,     26.0,     26.0,     26.0,     77.0,  9, 10, 11,  9,    2663196,    2663196,    2663196,    2663196
47,    3194145,     26.0,     26.0,     26.0,     77.0,  9, 10, 11,  9,    2663208,    2663208,    2663208,    2663208
47,    3194443,     26.0,     26.0,     26.0,     77.0,  9, 10, 11, 10,    2663321,    2663321,    2663321,    2663321
47,    2577330,     52.0,     51.0,     52.0,    154.0,  9, 12, 11,  9,      80010,      80010,      80010,      80010
47,    2525031,     19.0,     19.0,     19.0,     57.0,  9, 10, 11,  9,    2372196,    2372196,    2372196,    2372196
47,    2577380,     52.0,     52.0,     52.0,    154.0,  9, 10, 11,  9,      80010,      80010,      80010,      80010
47,      44300,     26.0,     26.0,     26.0,     77.0,  9, 10, 11,  9,      80125,      80125,      80125,      80125
47,    3195095,     26.0,     26.0,     26.0,     77.0,  9, 10, 11,  9,      80125,      80125,      80125,      80125
47,    2525046,     19.0,     19.0,     19.0,     58.0,  9, 10, 11,  9,    2372220,    2372220,    2372220,    2372220
47,      43451,     52.0,     50.0,     51.0,    154.0,  9, 12, 12,  9,      78208,    2403033,      78207,      78208
47,    2577532,     54.0,     50.0,     51.0,    173.0, 12, 12, 12, 10,    2403033,    2403033,    2403033,    2403033
47,    2577530,     54.0,     50.0,     51.0,    173.0, 12, 12, 12, 10,    2403034,    2403034,    2403034,    2403034
47,    2577535,     54.0,     50.0,     51.0,    176.0, 12, 12, 12, 10,    2403046,    2403046,    2403046,    2403046
47,    1119992,     69.0,     67.0,     68.0,    203.0,  9, 12, 12,  9,    1344979,    1344976,    1344976,    1344979
47,    2525133,     25.0,     25.0,     25.0,     76.0,  9, 10, 11,  9,    2372261,    2372261,    2372261,    2372261
47,    1120085,     71.0,     71.0,     71.0,    207.0,  9, 10, 11,  9,    1345020,    1345020,    1345020,    1345020
47,    2537247,     21.0,     19.0,     17.0,     60.0, 12, 12, 12, 10,    2381222,    2381222,    2381222,    2381222
47,    3194006,     19.0,     19.0,     19.0,     58.0,  9, 10, 11,  9,    2663165,    2663165,    2663165,    2663165
47,    2614724,     54.0,     54.0,     54.0,    157.0,  9, 10, 11,  9,      80010,      80010,      80010,      80010
47,    3191508,     26.0,     25.0,     25.0,     77.0,  9, 10, 11, 10,    2662556,    2662556,    2662556,    2662556
47,    3191539,     20.0,     19.0,     18.0,     57.0,  9, 10, 12, 10,    2662563,    2662563,    2662563,    2662563
47,    3191564,     25.0,     25.0,     25.0,     76.0,  9, 10, 11,  9,    2662571,    2662571,    2662571,    2662571
47,    3191586,     19.0,     19.0,     19.0,     58.0,  9, 10, 11,  9,    2662577,    2662577,    2662577,    2662577
47,    3191610,     19.0,     19.0,     19.0,     58.0,  9, 10, 11,  9,    2662587,    2662587,    2662587,    2662587
47,    3191685,     26.0,     26.0,     25.0,     77.0,  9, 10, 12, 10,    2662602,    2662602,    2662602,    2662602
47,    3191706,     19.0,     19.0,     19.0,     57.0,  9, 10, 11, 10,    2662608,    2662608,    2662608,    2662608
47,    3191744,     19.0,     19.0,     19.0,     58.0,  9, 10, 11,  9,    2662618,    2662618,    2662618,    2662618
47,    3191738,     19.0,     19.0,     19.0,     58.0,  9, 10, 11,  9,    2662617,    2662617,    2662617,    2662617
47,    3191755,     25.0,     25.0,     25.0,     76.0,  9, 10, 11,  9,    2662628,    2662628,    2662628,    2662628
47,    3194140,     26.0,     26.0,     26.0,     77.0,  9, 10, 11,  9,    2663207,    2663207,    2663207,    2663207
47,    3280980,     26.0,     26.0,     26.0,     78.0, 12, 10, 11,  9,    2687841,    2687841,    2687841,    2687841
47,    3446393,     25.0,     25.0,     25.0,     76.0,  9, 10, 11,  9,    2742763,    2742763,    2742763,    2742763
47,    3579600,     70.0,     68.0,     67.0,    229.0, 12, 12, 12, 10,      80093,      80093,      80093,      80093
47,    3622002,     51.0,     55.0,     53.0,    162.0, 12, 12, 12, 11,    2201249,    2201249,    2201249,    2855783
47,    4075278,     50.0,     53.0,     52.0,    167.0, 12, 12, 12,  9,    2201249,    2201249,    2201249,    2201249
47,    4075353,     50.0,     53.0,     52.0,    160.0, 12, 12, 12,  9,    2201249,    2201249,    2201249,    2944141
