 F,      BusId,       PA,       PB,       PC,       P3, XA, XB, XC, X3,       id_A,       id_B,       id_C,       id_3
 0,    1327284,     48.0,     48.0,     48.0,    151.0,  9, 10, 11,  9,    1454550,    1454550,    1454550,    1454550
 0,    1476197,     23.0,     23.0,     23.0,     73.0,  9, 10, 11,  9,    1598853,    1598853,    1598853,    1598853
 0,    1272511,     18.0,     18.0,     18.0,     59.0,  1,  2,  3,  2,    1272511,    1272511,    1272511,    1272511
 0,     455239,     45.0,     45.0,     45.0,    143.0,  9, 10, 11, 10,     892789,     892789,     892789,     892789
 0,     231563,     48.0,     47.0,     48.0,    149.0,  9, 10, 11, 10,    1044648,    1044648,    1044648,    1044648
 0,    1118829,     50.0,     50.0,     50.0,    153.0,  9, 10, 11,  9,    1344569,    1344569,    1344569,    1344569
 0,    1118839,     50.0,     50.0,     50.0,    153.0,  9, 10, 11, 10,    1344570,    1344570,    1344570,    1344570
 0,     525317,     48.0,     48.0,     48.0,    150.0,  9, 10, 11, 11,    1049719,    1049719,    1049719,    1049719
 0,    1486648,     51.0,     51.0,     51.0,    161.0,  9, 10, 11, 11,    1606187,    1606187,    1606187,    1606187
 0,    2579513,     38.0,     38.0,     38.0,    122.0,  1,  2,  3,  1,      41532,      41532,      41532,      41532
 0,    1272360,     24.0,     26.0,     24.0,     77.0,  1,  2,  3,  1,    1272003,    1272360,    1272360,    1272360
 0,    1272532,     18.0,     18.0,     18.0,     58.0,  1,  2,  3,  3,    1272532,    1272532,    1272532,    1272532
 0,    1272537,     16.0,     16.0,     16.0,     53.0,  1,  2,  3,  1,    1272537,    1272537,    1272537,    1272537
 0,    1272551,     10.0,     10.0,     10.0,     32.0,  1,  2,  3,  1,    1272551,    1272551,    1272551,    1272551
 0,    1272556,      8.0,      8.0,      8.0,     28.0,  1,  2,  3,  1,    1272556,    1272556,    1272556,    1272556
 0,    1415793,     47.0,     47.0,     48.0,    149.0,  9, 10, 11,  9,    1533786,    1533786,    1533786,    1533786
 0,    1476151,     45.0,     45.0,     45.0,    143.0,  9, 10, 11,  9,    1598831,    1598831,    1598831,    1598831
 0,    1486643,     50.0,     50.0,     50.0,    153.0,  9, 10, 11,  9,    1606185,    1606185,    1606185,    1606185
 0,    2528541,     24.0,     24.0,     24.0,     74.0,  9, 10, 11,  9,    2375072,    2375072,    2375072,    2375072
 0,    2528505,     50.0,     53.0,     51.0,    152.0,  9, 10, 11,  9,     904855,     904855,     904855,     904855
 0,    2528500,     49.0,     53.0,     50.0,    151.0,  9, 10, 11,  9,     904855,     904855,     904855,     904855
 0,    2528536,     48.0,     50.0,     50.0,    150.0,  9, 10, 11,  9,     904855,    2375071,     904855,     904855
 0,    2528552,     47.0,     48.0,     47.0,    146.0,  9, 10, 11,  9,     904855,    2375078,    2375078,    2375078
 0,    2528560,     46.0,     48.0,     47.0,    146.0,  9, 10, 11,  9,     904855,    2375083,     904855,     904855
 0,    2528579,     45.0,     47.0,     46.0,    144.0,  9, 10, 11,  9,     904855,    2375092,     904855,     904855
 0,    2528595,     44.0,     47.0,     45.0,    143.0,  1, 10,  3,  1,    1272003,      74327,    1272003,    1272360
 0,    2537109,     25.0,     28.0,     26.0,     82.0,  1,  2,  3,  1,    1272003,    1272003,    1272003,    1272360
 0,    2537117,     28.0,     31.0,     29.0,     91.0,  1,  2,  3,  1,    1272003,    1272003,    1272003,    1272360
 0,    2537125,     29.0,     33.0,     30.0,     96.0,  1,  2,  3,  1,    1272360,    1272003,    1272003,    1272003
 0,    2537134,     31.0,     35.0,     32.0,    102.0,  1,  2,  3,  1,    1272360,    1272003,    1272003,    1272360
 0,    2537142,     32.0,     36.0,     33.0,    105.0,  1,  2,  3,  1,    1272003,    1272003,    1272003,    1272003
 0,    2537151,     35.0,     39.0,     36.0,    114.0,  1,  2,  3,  1,    1272003,    1272003,    1272003,    1272003
 0,    2537159,     37.0,     41.0,     38.0,    120.0,  1,  2,  3,  1,    1272003,    1272003,    1272003,    1272360
 0,    2538969,     17.0,     17.0,     17.0,     54.0,  9, 10, 11,  9,    2382148,    2382148,    2382148,    2382148
 0,    2539108,     22.0,     22.0,     22.0,     72.0,  9, 10, 11,  9,    2382245,    2382245,    2382245,    2382245
 0,    2597348,     23.0,     23.0,     23.0,     75.0,  1,  2,  3,  1,    1272527,    1272527,    1272527,    1272527
 0,    3988692,     10.0,     10.0,     10.0,     34.0,  1,  2,  3,  3,    3988692,    3988692,    3988692,    3988692
 1,    1327284,     48.0,     48.0,     48.0,    151.0,  9, 10, 11,  9,    1454550,    1454550,    1454550,    1454550
 1,    1476197,     23.0,     23.0,     23.0,     73.0,  9, 10, 11,  9,    1598853,    1598853,    1598853,    1598853
 1,    1272511,     18.0,     18.0,     18.0,     59.0,  1,  2,  3,  1,    1272511,    1272511,    1272511,    1272511
 1,     455239,     45.0,     45.0,     45.0,    143.0,  9, 10, 11,  9,     892789,     892789,     892789,     892789
 1,     231563,     48.0,     47.0,     47.0,    149.0,  9, 10, 11,  9,    1044648,    1044648,    1044648,    1044648
 1,    1118829,     50.0,     50.0,     50.0,    153.0,  9, 10, 11,  9,    1344569,    1344569,    1344569,    1344569
 1,    1118839,     50.0,     50.0,     49.0,    153.0,  9, 10, 11,  9,    1344570,    1344570,    1344570,    1344570
 1,     525317,     48.0,     46.0,     48.0,    145.0,  9, 10, 11, 10,    1049719,    1049719,    1049719,    1049719
 1,    1486648,     52.0,     51.0,     51.0,    162.0,  9, 10, 11,  9,    1606187,    1606187,    1606187,    1606187
 1,    2579513,     38.0,     38.0,     38.0,    122.0,  1,  2,  3,  1,      41532,      41532,      41532,      41532
 1,    1272360,     25.0,     26.0,     26.0,     80.0,  1,  2,  3,  1,    1272003,    1272360,    1272003,    1272360
 1,    1272532,     18.0,     18.0,     18.0,     58.0,  1,  2,  3,  3,    1272532,    1272532,    1272532,    1272532
 1,    1272537,     16.0,     16.0,     16.0,     53.0,  1,  2,  3,  1,    1272537,    1272537,    1272537,    1272537
 1,    1272551,     10.0,     10.0,     10.0,     32.0,  1,  2,  3,  1,    1272551,    1272551,    1272551,    1272551
 1,    1272556,      8.0,      8.0,      8.0,     28.0,  1,  2,  3,  1,    1272556,    1272556,    1272556,    1272556
 1,    1415793,     47.0,     48.0,     48.0,    149.0,  9, 10, 11,  9,    1533786,    1533786,    1533786,    1533786
 1,    1476151,     45.0,     45.0,     45.0,    143.0,  9, 10, 11,  9,    1598831,    1598831,    1598831,    1598831
 1,    1486643,     49.0,     50.0,     50.0,    152.0,  9, 10, 11,  9,    1606185,    1606185,    1606185,    1606185
 1,    2528541,     24.0,     24.0,     24.0,     74.0,  9, 10, 11,  9,    2375072,    2375072,    2375072,    2375072
 1,    2528505,     52.0,     54.0,     53.0,    158.0,  9, 10, 11,  9,     904855,     904855,     904855,     904855
 1,    2528500,     51.0,     54.0,     53.0,    157.0,  9, 10, 11,  9,     904855,     904855,     904855,     904855
 1,    2528536,     50.0,     50.0,     50.0,    153.0,  9, 10, 11,  9,    2375071,    2375071,    2375071,    2375071
 1,    2528552,     48.0,     48.0,     48.0,    149.0,  9, 10, 11,  9,    2375078,    2375078,    2375078,    2375078
 1,    2528560,     48.0,     48.0,     48.0,    150.0,  9, 10, 11,  9,     904855,    2375083,    2375083,    2375083
 1,    2528579,     46.0,     46.0,     46.0,    147.0,  9, 10, 11,  9,    2375092,    2375092,    2375092,    2375092
 1,    2528595,     45.0,     47.0,     47.0,    148.0,  1, 10, 11,  1,    1272360,      74327,      74327,    1272360
 1,    2537109,     26.0,     28.0,     28.0,     86.0,  1,  2,  3,  1,    1272003,    1272003,    1272003,    1272003
 1,    2537117,     29.0,     31.0,     31.0,     95.0,  1,  2,  3,  1,    1272003,    1272360,    1272003,    1272003
 1,    2537125,     31.0,     33.0,     32.0,     99.0,  1,  2,  3,  1,    1272003,    1272003,    1272003,    1272360
 1,    2537134,     33.0,     35.0,     34.0,    106.0,  1,  2,  3,  1,    1272003,    1272003,    1272003,    1272003
 1,    2537142,     33.0,     36.0,     35.0,    109.0,  1,  2,  3,  1,    1272360,    1272003,    1272003,    1272003
 1,    2537151,     36.0,     39.0,     38.0,    118.0,  1,  2,  3,  1,    1272003,    1272003,    1272003,    1272003
 1,    2537159,     38.0,     41.0,     40.0,    125.0,  1,  2,  3,  1,    1272003,    1272003,    1272003,    1272003
 1,    2538969,     17.0,     17.0,     17.0,     54.0,  9, 10, 11,  9,    2382148,    2382148,    2382148,    2382148
 1,    2539108,     22.0,     22.0,     22.0,     72.0,  9, 10, 11,  9,    2382245,    2382245,    2382245,    2382245
 1,    2597348,     23.0,     23.0,     23.0,     75.0,  1,  2,  3,  1,    1272527,    1272527,    1272527,    1272527
 1,    3988692,     10.0,     10.0,     10.0,     34.0,  1,  2,  3,  3,    3988692,    3988692,    3988692,    3988692
 2,    1327284,     48.0,     48.0,     48.0,    151.0,  9, 10, 11,  9,    1454550,    1454550,    1454550,    1454550
 2,    1476197,     23.0,     23.0,     23.0,     73.0,  9, 10, 11,  9,    1598853,    1598853,    1598853,    1598853
 2,    1272511,     18.0,     18.0,     18.0,     59.0,  1,  2,  3,  2,    1272511,    1272511,    1272511,    1272511
 2,     455239,     45.0,     45.0,     45.0,    143.0,  9, 10, 11, 10,     892789,     892789,     892789,     892789
 2,     231563,     48.0,     47.0,     48.0,    149.0,  9, 10, 11, 10,    1044648,    1044648,    1044648,    1044648
 2,    1118829,     50.0,     50.0,     50.0,    153.0,  9, 10, 11,  9,    1344569,    1344569,    1344569,    1344569
 2,    1118839,     50.0,     50.0,     50.0,    154.0,  9, 10, 11,  9,    1344570,    1344570,    1344570,    1344570
 2,     525317,     48.0,     48.0,     47.0,    148.0,  9, 10, 11, 11,    1049719,    1049719,    1049719,    1049719
 2,    1486648,     52.0,     51.0,     51.0,    162.0,  9, 10, 11,  9,    1606187,    1606187,    1606187,    1606187
 2,    2579513,     38.0,     38.0,     38.0,    122.0,  1,  2,  3,  2,      41532,      41532,      41532,    1272511
 2,    1272360,     25.0,     27.0,     26.0,     80.0,  1,  2,  3,  1,    1272003,    1272360,    1272360,    1272360
 2,    1272532,     18.0,     18.0,     18.0,     59.0,  1,  2,  3,  1,    1272532,    1272532,    1272532,    1272532
 2,    1272537,     16.0,     16.0,     16.0,     53.0,  1,  2,  3,  1,    1272537,    1272537,    1272537,    1272537
 2,    1272551,     10.0,     10.0,     10.0,     32.0,  1,  2,  3,  1,    1272551,    1272551,    1272551,    1272551
 2,    1272556,      8.0,      8.0,      8.0,     28.0,  1,  2,  3,  1,    1272556,    1272556,    1272556,    1272556
 2,    1415793,     47.0,     48.0,     48.0,    149.0,  9, 10, 11,  9,    1533786,    1533786,    1533786,    1533786
 2,    1476151,     45.0,     46.0,     45.0,    143.0,  9, 10, 11, 11,    1598831,    1598831,    1598831,    1598831
 2,    1486643,     50.0,     50.0,     50.0,    153.0,  9, 10, 11,  9,    1606185,    1606185,    1606185,    1606185
 2,    2528541,     24.0,     24.0,     24.0,     74.0,  9, 10, 11,  9,    2375072,    2375072,    2375072,    2375072
 2,    2528505,     52.0,     55.0,     54.0,    159.0,  9, 10, 11,  9,     904855,     904855,     904855,     904855
 2,    2528500,     52.0,     54.0,     53.0,    158.0,  9, 10, 11,  9,     904855,     904855,     904855,     904855
 2,    2528536,     50.0,     50.0,     50.0,    152.0,  9, 10, 11,  9,    2375071,    2375071,    2375071,    2375071
 2,    2528552,     48.0,     48.0,     48.0,    149.0,  9, 10, 11,  9,    2375078,    2375078,    2375078,    2375078
 2,    2528560,     48.0,     48.0,     48.0,    150.0,  9, 10, 11,  9,     904855,    2375083,    2375083,    2375083
 2,    2528579,     46.0,     47.0,     46.0,    147.0,  9, 10, 11,  9,    2375092,    2375092,    2375092,    2375092
 2,    2528595,     46.0,     47.0,     47.0,    148.0,  1, 10, 11,  9,    1272003,      74327,      74327,      74327
 2,    2537109,     26.0,     29.0,     28.0,     86.0,  1,  2,  3,  1,    1272360,    1272003,    1272003,    1272003
 2,    2537117,     29.0,     32.0,     31.0,     95.0,  1,  2,  3,  1,    1272003,    1272003,    1272360,    1272360
 2,    2537125,     31.0,     34.0,     33.0,    100.0,  1,  2,  3,  1,    1272003,    1272003,    1272003,    1272003
 2,    2537134,     33.0,     36.0,     35.0,    106.0,  1,  2,  3,  1,    1272003,    1272003,    1272003,    1272360
 2,    2537142,     34.0,     37.0,     36.0,    109.0,  1,  2,  3,  1,    1272003,    1272003,    1272003,    1272360
 2,    2537151,     36.0,     40.0,     39.0,    118.0,  1,  2,  3,  1,    1272360,    1272003,    1272003,    1272360
 2,    2537159,     39.0,     42.0,     41.0,    125.0,  1,  2,  3,  1,    1272003,    1272003,    1272360,    1272360
 2,    2538969,     17.0,     17.0,     17.0,     54.0,  9, 10, 11,  9,    2382148,    2382148,    2382148,    2382148
 2,    2539108,     22.0,     22.0,     22.0,     72.0,  9, 10, 11,  9,    2382245,    2382245,    2382245,    2382245
 2,    2597348,     23.0,     23.0,     23.0,     75.0,  1,  2,  3,  1,    1272527,    1272527,    1272527,    1272527
 2,    3988692,     10.0,     10.0,     10.0,     35.0,  1,  2,  3,  1,    3988692,    3988692,    3988692,    3988692
 3,    1327284,     48.0,     48.0,     48.0,    151.0,  9, 10, 11,  9,    1454550,    1454550,    1454550,    1454550
 3,    1476197,     23.0,     23.0,     23.0,     73.0,  9, 10, 11,  9,    1598853,    1598853,    1598853,    1598853
 3,    1272511,     18.0,     18.0,     18.0,     59.0,  1,  2,  3,  2,    1272511,    1272511,    1272511,    1272511
 3,     455239,     45.0,     45.0,     45.0,    143.0,  9, 10, 11, 10,     892789,     892789,     892789,     892789
 3,     231563,     48.0,     47.0,     47.0,    149.0,  9, 10, 11, 10,    1044648,    1044648,    1044648,    1044648
 3,    1118829,     50.0,     50.0,     50.0,    153.0,  9, 10, 11,  9,    1344569,    1344569,    1344569,    1344569
 3,    1118839,     50.0,     50.0,     50.0,    154.0,  9, 10, 11,  9,    1344570,    1344570,    1344570,    1344570
 3,     525317,     48.0,     48.0,     48.0,    150.0,  9, 10, 11, 11,    1049719,    1049719,    1049719,    1049719
 3,    1486648,     52.0,     51.0,     51.0,    162.0,  9, 10, 11,  9,    1606187,    1606187,    1606187,    1606187
 3,    2579513,     38.0,     38.0,     38.0,    122.0,  1,  2,  3,  2,      41532,      41532,      41532,    1272511
 3,    1272360,     25.0,     27.0,     26.0,     82.0,  1,  2,  3,  1,    1272360,    1272360,    1272360,    1272360
 3,    1272532,     18.0,     18.0,     18.0,     59.0,  1,  2,  3,  1,    1272532,    1272532,    1272532,    1272532
 3,    1272537,     16.0,     16.0,     16.0,     53.0,  1,  2,  3,  1,    1272537,    1272537,    1272537,    1272537
 3,    1272551,     10.0,     10.0,     10.0,     32.0,  1,  2,  3,  1,    1272551,    1272551,    1272551,    1272551
 3,    1272556,      8.0,      8.0,      8.0,     28.0,  1,  2,  3,  1,    1272556,    1272556,    1272556,    1272556
 3,    1415793,     47.0,     48.0,     48.0,    148.0,  9, 10, 11,  9,    1533786,    1533786,    1533786,    1533786
 3,    1476151,     45.0,     45.0,     45.0,    144.0,  9, 10, 11,  9,    1598831,    1598831,    1598831,    1598831
 3,    1486643,     50.0,     50.0,     50.0,    153.0,  9, 10, 11,  9,    1606185,    1606185,    1606185,    1606185
 3,    2528541,     24.0,     24.0,     24.0,     74.0,  9, 10, 11,  9,    2375072,    2375072,    2375072,    2375072
 3,    2528505,     53.0,     55.0,     54.0,    162.0,  9, 10, 11,  9,     904855,     904855,     904855,     904855
 3,    2528500,     53.0,     55.0,     54.0,    161.0,  9, 10, 11,  9,     904855,     904855,     904855,     904855
 3,    2528536,     50.0,     50.0,     50.0,    153.0,  9, 10, 11,  9,    2375071,    2375071,    2375071,    2375071
 3,    2528552,     48.0,     48.0,     48.0,    150.0,  9, 10, 11,  9,    2375078,    2375078,    2375078,    2375078
 3,    2528560,     48.0,     48.0,     48.0,    150.0,  9, 10, 11,  9,    2375083,    2375083,    2375083,    2375083
 3,    2528579,     46.0,     47.0,     46.0,    148.0,  9, 10, 11,  9,    2375092,    2375092,    2375092,    2375092
 3,    2528595,     46.0,     47.0,     47.0,    148.0,  9, 10, 11,  9,      74327,      74327,      74327,      74327
 3,    2537109,     27.0,     29.0,     28.0,     88.0,  1,  2,  3,  1,    1272003,    1272003,    1272003,    1272003
 3,    2537117,     30.0,     32.0,     31.0,     97.0,  1,  2,  3,  1,    1272003,    1272003,    1272003,    1272360
 3,    2537125,     31.0,     34.0,     33.0,    102.0,  1,  2,  3,  1,    1272003,    1272003,    1272003,    1272003
 3,    2537134,     33.0,     36.0,     35.0,    109.0,  1,  2,  3,  1,    1272003,    1272003,    1272003,    1272003
 3,    2537142,     34.0,     37.0,     36.0,    111.0,  1,  2,  3,  1,    1272003,    1272003,    1272003,    1272360
 3,    2537151,     37.0,     40.0,     39.0,    121.0,  1,  2,  3,  1,    1272003,    1272003,    1272003,    1272003
 3,    2537159,     39.0,     42.0,     41.0,    128.0,  1,  2,  3,  1,    1272003,    1272003,    1272003,    1272003
 3,    2538969,     17.0,     17.0,     17.0,     54.0,  9, 10, 11,  9,    2382148,    2382148,    2382148,    2382148
 3,    2539108,     22.0,     22.0,     22.0,     72.0,  9, 10, 11,  9,    2382245,    2382245,    2382245,    2382245
 3,    2597348,     23.0,     23.0,     23.0,     75.0,  1,  2,  3,  1,    1272527,    1272527,    1272527,    1272527
 3,    3988692,     10.0,     10.0,     10.0,     35.0,  1,  2,  3,  1,    3988692,    3988692,    3988692,    3988692
 4,    1327284,     48.0,     48.0,     48.0,    151.0,  9, 10, 11,  9,    1454550,    1454550,    1454550,    1454550
 4,    1476197,     23.0,     23.0,     23.0,     73.0,  9, 10, 11,  9,    1598853,    1598853,    1598853,    1598853
 4,    1272511,     18.0,     18.0,     18.0,     60.0,  1,  2,  3,  1,    1272511,    1272511,    1272511,    1272511
 4,     455239,     45.0,     45.0,     45.0,    143.0,  9, 10, 11,  9,     892789,     892789,     892789,     892789
 4,     231563,     48.0,     47.0,     48.0,    149.0,  9, 10, 11,  9,    1044648,    1044648,    1044648,    1044648
 4,    1118829,     50.0,     50.0,     50.0,    153.0,  9, 10, 11,  9,    1344569,    1344569,    1344569,    1344569
 4,    1118839,     50.0,     50.0,     50.0,    154.0,  9, 10, 11,  9,    1344570,    1344570,    1344570,    1344570
 4,     525317,     48.0,     48.0,     48.0,    150.0,  9, 10, 11, 11,    1049719,    1049719,    1049719,    1049719
 4,    1486648,     52.0,     51.0,     51.0,    162.0,  9, 10, 11,  9,    1606187,    1606187,    1606187,    1606187
 4,    2579513,     38.0,     38.0,     38.0,    122.0,  1,  2,  3,  3,      41532,      41532,      41532,      41532
 4,    1272360,     25.0,     27.0,     26.0,     81.0,  1,  2,  3,  1,    1272003,    1272360,    1272360,    1272360
 4,    1272532,     18.0,     18.0,     18.0,     59.0,  1,  2,  3,  1,    1272532,    1272532,    1272532,    1272532
 4,    1272537,     16.0,     16.0,     16.0,     53.0,  1,  2,  3,  1,    1272537,    1272537,    1272537,    1272537
 4,    1272551,     10.0,     10.0,     10.0,     32.0,  1,  2,  3,  1,    1272551,    1272551,    1272551,    1272551
 4,    1272556,      8.0,      8.0,      8.0,     28.0,  1,  2,  3,  1,    1272556,    1272556,    1272556,    1272556
 4,    1415793,     47.0,     48.0,     48.0,    148.0,  9, 10, 11,  9,    1533786,    1533786,    1533786,    1533786
 4,    1476151,     45.0,     45.0,     45.0,    144.0,  9, 10, 11,  9,    1598831,    1598831,    1598831,    1598831
 4,    1486643,     50.0,     50.0,     50.0,    153.0,  9, 10, 11,  9,    1606185,    1606185,    1606185,    1606185
 4,    2528541,     24.0,     24.0,     24.0,     74.0,  9, 10, 11,  9,    2375072,    2375072,    2375072,    2375072
 4,    2528505,     52.0,     55.0,     54.0,    160.0,  9, 10, 11,  9,     904855,     904855,     904855,     904855
 4,    2528500,     52.0,     55.0,     54.0,    160.0,  9, 10, 11,  9,     904855,     904855,     904855,     904855
 4,    2528536,     50.0,     50.0,     50.0,    153.0,  9, 10, 11,  9,    2375071,    2375071,    2375071,    2375071
 4,    2528552,     48.0,     48.0,     48.0,    150.0,  9, 10, 11,  9,    2375078,    2375078,    2375078,    2375078
 4,    2528560,     48.0,     48.0,     48.0,    150.0,  9, 10, 11,  9,    2375083,    2375083,    2375083,    2375083
 4,    2528579,     46.0,     47.0,     46.0,    147.0,  9, 10, 11,  9,    2375092,    2375092,    2375092,    2375092
 4,    2528595,     46.0,     47.0,     47.0,    148.0,  1, 10, 11,  9,    1272003,      74327,      74327,      74327
 4,    2537109,     27.0,     29.0,     28.0,     87.0,  1,  2,  3,  1,    1272003,    1272003,    1272003,    1272003
 4,    2537117,     29.0,     32.0,     31.0,     96.0,  1,  2,  3,  1,    1272360,    1272003,    1272003,    1272003
 4,    2537125,     31.0,     34.0,     33.0,    101.0,  1,  2,  3,  1,    1272003,    1272003,    1272003,    1272003
 4,    2537134,     33.0,     36.0,     35.0,    107.0,  1,  2,  3,  1,    1272003,    1272003,    1272003,    1272360
 4,    2537142,     34.0,     37.0,     36.0,    110.0,  1,  2,  3,  1,    1272003,    1272003,    1272003,    1272360
 4,    2537151,     37.0,     40.0,     39.0,    119.0,  1,  2,  3,  1,    1272003,    1272003,    1272003,    1272360
 4,    2537159,     39.0,     42.0,     41.0,    126.0,  1,  2,  3,  1,    1272003,    1272360,    1272003,    1272360
 4,    2538969,     17.0,     17.0,     17.0,     54.0,  9, 10, 11,  9,    2382148,    2382148,    2382148,    2382148
 4,    2539108,     22.0,     22.0,     22.0,     72.0,  9, 10, 11,  9,    2382245,    2382245,    2382245,    2382245
 4,    2597348,     23.0,     23.0,     23.0,     75.0,  1,  2,  3,  1,    1272527,    1272527,    1272527,    1272527
 4,    3988692,     10.0,     10.0,     10.0,     35.0,  1,  2,  3,  1,    3988692,    3988692,    3988692,    3988692
 5,    1327284,     48.0,     48.0,     48.0,    151.0,  9, 10, 11,  9,    1454550,    1454550,    1454550,    1454550
 5,    1476197,     23.0,     23.0,     23.0,     73.0,  9, 10, 11,  9,    1598853,    1598853,    1598853,    1598853
 5,    1272511,     18.0,     18.0,     18.0,     60.0,  1,  2,  3,  1,    1272511,    1272511,    1272511,    1272511
 5,     455239,     45.0,     45.0,     45.0,    143.0,  9, 10, 11,  9,     892789,     892789,     892789,     892789
 5,     231563,     48.0,     47.0,     48.0,    149.0,  9, 10, 11, 10,    1044648,    1044648,    1044648,    1044648
 5,    1118829,     50.0,     50.0,     50.0,    153.0,  9, 10, 11,  9,    1344569,    1344569,    1344569,    1344569
 5,    1118839,     50.0,     50.0,     50.0,    153.0,  9, 10, 11,  9,    1344570,    1344570,    1344570,    1344570
 5,     525317,     48.0,     48.0,     47.0,    149.0,  9, 10, 11, 11,    1049719,    1049719,    1049719,    1049719
 5,    1486648,     52.0,     52.0,     52.0,    163.0,  9, 10, 11, 10,    1606187,    1606187,    1606187,    1606187
 5,    2579513,     38.0,     38.0,     38.0,    123.0,  1,  2,  3,  3,      41532,      41532,      41532,      41532
 5,    1272360,     27.0,     28.0,     28.0,     87.0,  1,  2,  3,  1,    1272003,    1272003,    1272360,    1272360
 5,    1272532,     18.0,     18.0,     18.0,     59.0,  1,  2,  3,  1,    1272532,    1272532,    1272532,    1272532
 5,    1272537,     16.0,     16.0,     16.0,     53.0,  1,  2,  3,  3,    1272537,    1272537,    1272537,    1272537
 5,    1272551,     10.0,     10.0,     10.0,     33.0,  1,  2,  3,  1,    1272551,    1272551,    1272551,    1272551
 5,    1272556,      8.0,      8.0,      8.0,     28.0,  1,  2,  3,  1,    1272556,    1272556,    1272556,    1272556
 5,    1415793,     47.0,     46.0,     48.0,    146.0,  9, 10, 11, 10,    1533786,    1533786,    1533786,    1533786
 5,    1476151,     45.0,     45.0,     45.0,    144.0,  9, 10, 11,  9,    1598831,    1598831,    1598831,    1598831
 5,    1486643,     50.0,     50.0,     50.0,    153.0,  9, 10, 11,  9,    1606185,    1606185,    1606185,    1606185
 5,    2528541,     24.0,     24.0,     24.0,     74.0,  9, 10, 11,  9,    2375072,    2375072,    2375072,    2375072
 5,    2528505,     54.0,     55.0,     56.0,    166.0,  9, 10, 11,  9,     904855,     904855,     904855,     904855
 5,    2528500,     54.0,     55.0,     56.0,    165.0,  9, 10, 11,  9,     904855,     904855,     904855,     904855
 5,    2528536,     50.0,     50.0,     50.0,    153.0,  9, 10, 11,  9,    2375071,    2375071,    2375071,    2375071
 5,    2528552,     48.0,     48.0,     48.0,    149.0,  9, 10, 11,  9,    2375078,    2375078,    2375078,    2375078
 5,    2528560,     48.0,     48.0,     48.0,    150.0,  9, 10, 11,  9,    2375083,    2375083,    2375083,    2375083
 5,    2528579,     46.0,     46.0,     47.0,    145.0,  9, 10, 11, 10,    2375092,    2375092,    2375092,    2375092
 5,    2528595,     47.0,     47.0,     47.0,    148.0,  9, 10, 11,  9,      74327,      74327,      74327,      74327
 5,    2537109,     29.0,     30.0,     30.0,     93.0,  1,  2,  3,  1,    1272003,    1272003,    1272003,    1272360
 5,    2537117,     32.0,     33.0,     33.0,    104.0,  1,  2,  3,  1,    1272003,    1272003,    1272003,    1272003
 5,    2537125,     33.0,     35.0,     35.0,    109.0,  1,  2,  3,  1,    1272003,    1272003,    1272003,    1272003
 5,    2537134,     36.0,     37.0,     37.0,    116.0,  1,  2,  3,  1,    1272003,    1272003,    1272003,    1272003
 5,    2537142,     37.0,     38.0,     38.0,    119.0,  1,  2,  3,  1,    1272003,    1272003,    1272003,    1272003
 5,    2537151,     40.0,     41.0,     42.0,    129.0,  1,  2,  3,  1,    1272003,    1272003,    1272003,    1272003
 5,    2537159,     42.0,     43.0,     44.0,    136.0,  1,  2,  3,  1,    1272003,    1272003,    1272003,    1272003
 5,    2538969,     17.0,     17.0,     17.0,     54.0,  9, 10, 11,  9,    2382148,    2382148,    2382148,    2382148
 5,    2539108,     22.0,     22.0,     22.0,     72.0,  9, 10, 11,  9,    2382245,    2382245,    2382245,    2382245
 5,    2597348,     23.0,     23.0,     23.0,     76.0,  1,  2,  3,  1,    1272527,    1272527,    1272527,    1272527
 5,    3988692,     11.0,     11.0,     10.0,     35.0,  1,  2,  3,  1,    1272556,    1272556,    3988692,    3988692
 6,    1327284,     48.0,     48.0,     48.0,    151.0,  9, 10, 11,  9,    1454550,    1454550,    1454550,    1454550
 6,    1476197,     23.0,     23.0,     23.0,     73.0,  9, 10, 11,  9,    1598853,    1598853,    1598853,    1598853
 6,    1272511,     19.0,     19.0,     19.0,     61.0,  1,  2,  3,  1,    1272511,    1272511,    1272511,    1272511
 6,     455239,     45.0,     45.0,     45.0,    143.0,  9, 10, 11,  9,     892789,     892789,     892789,     892789
 6,     231563,     48.0,     47.0,     47.0,    149.0,  9, 10, 11, 10,    1044648,    1044648,    1044648,    1044648
 6,    1118829,     50.0,     50.0,     50.0,    153.0,  9, 10, 11,  9,    1344569,    1344569,    1344569,    1344569
 6,    1118839,     50.0,     50.0,     50.0,    154.0,  9, 10, 11,  9,    1344570,    1344570,    1344570,    1344570
 6,     525317,     48.0,     48.0,     48.0,    150.0,  9, 10, 11, 10,    1049719,    1049719,    1049719,    1049719
 6,    1486648,     53.0,     53.0,     53.0,    167.0,  9, 10, 11, 10,    1606187,    1606187,    1606187,    1606187
 6,    2579513,     39.0,     39.0,     39.0,    125.0,  1,  2,  3,  2,      41532,      41532,      41532,    1272511
 6,    1272360,     29.0,     31.0,     31.0,     95.0,  1,  2,  3,  1,    1272360,    1272003,    1272003,    1272360
 6,    1272532,     18.0,     18.0,     18.0,     60.0,  1,  2,  3,  1,    1272532,    1272532,    1272532,    1272532
 6,    1272537,     17.0,     17.0,     17.0,     54.0,  1,  2,  3,  3,    1272537,    1272537,    1272537,    1272537
 6,    1272551,     10.0,     10.0,     10.0,     33.0,  1,  2,  3,  1,    1272551,    1272551,    1272551,    1272551
 6,    1272556,      9.0,      8.0,      8.0,     28.0,  1,  2,  3,  1,    1272556,    1272556,    1272556,    1272556
 6,    1415793,     47.0,     46.0,     48.0,    146.0,  9, 10, 11, 10,    1533786,    1533786,    1533786,    1533786
 6,    1476151,     45.0,     45.0,     45.0,    143.0,  9, 10, 11, 10,    1598831,    1598831,    1598831,    1598831
 6,    1486643,     50.0,     50.0,     50.0,    153.0,  9, 10, 11,  9,    1606185,    1606185,    1606185,    1606185
 6,    2528541,     24.0,     24.0,     24.0,     74.0,  9, 10, 11,  9,    2375072,    2375072,    2375072,    2375072
 6,    2528505,     56.0,     58.0,     58.0,    172.0,  9, 10, 11,  9,     904855,     904855,     904855,     904855
 6,    2528500,     56.0,     58.0,     58.0,    171.0,  9, 10, 11,  9,     904855,     904855,     904855,     904855
 6,    2528536,     50.0,     50.0,     50.0,    153.0,  9, 10, 11,  9,    2375071,    2375071,    2375071,    2375071
 6,    2528552,     47.0,     48.0,     48.0,    147.0,  9, 10, 11,  9,    2375078,    2375078,    2375078,    2375078
 6,    2528560,     48.0,     48.0,     48.0,    150.0,  9, 10, 11,  9,    2375083,    2375083,    2375083,    2375083
 6,    2528579,     47.0,     46.0,     47.0,    147.0,  9, 10, 11, 10,    2375092,    2375092,    2375092,    2375092
 6,    2528595,     47.0,     47.0,     47.0,    149.0,  9, 10, 11,  9,      74327,      74327,      74327,      74327
 6,    2537109,     31.0,     33.0,     32.0,    101.0,  1,  2,  3,  1,    1272003,    1272003,    2537109,    2537109
 6,    2537117,     34.0,     36.0,     36.0,    111.0,  1,  2,  3,  1,    2537117,    1272003,    1272003,    2537117
 6,    2537125,     36.0,     38.0,     38.0,    117.0,  1,  2,  3,  1,    1272003,    1272003,    1272003,    2537125
 6,    2537134,     38.0,     40.0,     40.0,    124.0,  1,  2,  3,  1,    2537134,    2537134,    1272003,    2537134
 6,    2537142,     39.0,     42.0,     41.0,    128.0,  1,  2,  3,  1,    2537142,    1272003,    2537142,    2537142
 6,    2537151,     43.0,     45.0,     45.0,    138.0,  1,  2,  3,  1,    1272003,    1272003,    1272003,    2537151
 6,    2537159,     44.0,     46.0,     46.0,    140.0,  9, 10, 11,  9,    2381190,    2381190,    2381190,    2381190
 6,    2538969,     17.0,     17.0,     17.0,     54.0,  9, 10, 11,  9,    2382148,    2382148,    2382148,    2382148
 6,    2539108,     22.0,     22.0,     22.0,     72.0,  9, 10, 11,  9,    2382245,    2382245,    2382245,    2382245
 6,    2597348,     24.0,     24.0,     24.0,     77.0,  1,  2,  3,  1,    1272527,    1272527,    1272527,    1272527
 6,    3988692,     11.0,     11.0,     11.0,     35.0,  1,  2,  3,  3,    1272556,    1272556,    1272556,    3988692
 7,    1327284,     48.0,     48.0,     48.0,    151.0,  9, 10, 11,  9,    1454550,    1454550,    1454550,    1454550
 7,    1476197,     23.0,     23.0,     23.0,     73.0,  9, 10, 11,  9,    1598853,    1598853,    1598853,    1598853
 7,    1272511,     19.0,     19.0,     19.0,     61.0,  1,  2,  3,  1,    1272511,    1272511,    1272511,    1272511
 7,     455239,     45.0,     45.0,     45.0,    142.0,  9, 10, 11,  9,     892789,     892789,     892789,     892789
 7,     231563,     48.0,     47.0,     48.0,    149.0,  9, 10, 11, 10,    1044648,    1044648,    1044648,    1044648
 7,    1118829,     50.0,     50.0,     48.0,    148.0,  9, 10, 11, 11,    1344569,    1344569,    1344569,    1344569
 7,    1118839,     50.0,     49.0,     50.0,    153.0,  9, 10, 11,  9,    1344570,    1344570,    1344570,    1344570
 7,     525317,     48.0,     48.0,     47.0,    148.0,  9, 10, 11, 11,    1049719,    1049719,    1049719,    1049719
 7,    1486648,     53.0,     53.0,     53.0,    167.0,  9, 10, 11, 10,    1606187,    1606187,    1606187,    1606187
 7,    2579513,     39.0,     39.0,     39.0,    125.0,  1,  2,  3,  2,      41532,      41532,      41532,    1272511
 7,    1272360,     28.0,     30.0,     29.0,     90.0,  1,  2,  3,  1,    1272003,    1272360,    1272360,    1272360
 7,    1272532,     18.0,     18.0,     18.0,     60.0,  1,  2,  3,  1,    1272532,    1272532,    1272532,    1272532
 7,    1272537,     17.0,     17.0,     17.0,     54.0,  1,  2,  3,  1,    1272537,    1272537,    1272537,    1272537
 7,    1272551,     10.0,     10.0,     10.0,     33.0,  1,  2,  3,  1,    1272551,    1272551,    1272551,    1272551
 7,    1272556,      8.0,      8.0,      9.0,     28.0,  1,  2,  3,  1,    1272556,    1272556,    1272556,    1272556
 7,    1415793,     47.0,     48.0,     48.0,    149.0,  9, 10, 11,  9,    1533786,    1533786,    1533786,    1533786
 7,    1476151,     45.0,     45.0,     45.0,    142.0,  9, 10, 11,  9,    1598831,    1598831,    1598831,    1598831
 7,    1486643,     50.0,     50.0,     50.0,    153.0,  9, 10, 11,  9,    1606185,    1606185,    1606185,    1606185
 7,    2528541,     24.0,     24.0,     24.0,     74.0,  9, 10, 11,  9,    2375072,    2375072,    2375072,    2375072
 7,    2528505,     55.0,     58.0,     56.0,    168.0,  9, 10, 11,  9,     904855,     904855,     904855,     904855
 7,    2528500,     55.0,     57.0,     56.0,    168.0,  9, 10, 11,  9,     904855,     904855,     904855,     904855
 7,    2528536,     50.0,     50.0,     50.0,    153.0,  9, 10, 11,  9,    2375071,    2375071,    2375071,    2375071
 7,    2528552,     47.0,     48.0,     48.0,    148.0,  9, 10, 11,  9,    2375078,    2375078,    2375078,    2375078
 7,    2528560,     48.0,     48.0,     48.0,    150.0,  9, 10, 11,  9,    2375083,    2375083,    2375083,    2375083
 7,    2528579,     47.0,     46.0,     46.0,    147.0,  9, 10, 11, 10,    2375092,    2375092,    2375092,    2375092
 7,    2528595,     47.0,     47.0,     47.0,    148.0,  9, 10, 11,  9,      74327,      74327,      74327,      74327
 7,    2537109,     29.0,     32.0,     31.0,     96.0,  1,  2,  3,  1,    2537109,    1272003,    1272003,    1272360
 7,    2537117,     33.0,     36.0,     34.0,    106.0,  1,  2,  3,  1,    1272003,    1272003,    1272003,    2537117
 7,    2537125,     34.0,     37.0,     36.0,    112.0,  1,  2,  3,  1,    1272003,    2537125,    1272003,    1272003
 7,    2537134,     37.0,     40.0,     38.0,    119.0,  1,  2,  3,  1,    1272003,    1272003,    1272003,    1272003
 7,    2537142,     38.0,     41.0,     39.0,    123.0,  1,  2,  3,  1,    1272003,    1272003,    1272003,    1272003
 7,    2537151,     41.0,     44.0,     43.0,    133.0,  1,  2,  3,  1,    1272003,    1272003,    1272003,    1272003
 7,    2537159,     43.0,     46.0,     45.0,    140.0,  1, 10,  3,  1,    1272003,    2381190,    1272003,    1272003
 7,    2538969,     17.0,     17.0,     17.0,     54.0,  9, 10, 11,  9,    2382148,    2382148,    2382148,    2382148
 7,    2539108,     22.0,     22.0,     22.0,     72.0,  9, 10, 11,  9,    2382245,    2382245,    2382245,    2382245
 7,    2597348,     24.0,     24.0,     24.0,     77.0,  1,  2,  3,  1,    1272527,    1272527,    1272527,    1272527
 7,    3988692,     11.0,     11.0,     11.0,     35.0,  1,  2,  3,  1,    1272556,    1272556,    1272556,    3988692
 8,    1327284,     48.0,     48.0,     48.0,    151.0,  9, 10, 11,  9,    1454550,    1454550,    1454550,    1454550
 8,    1476197,     23.0,     23.0,     23.0,     72.0,  9, 10, 11,  9,    1598853,    1598853,    1598853,    1598853
 8,    1272511,     19.0,     18.0,     18.0,     60.0,  1,  2,  3,  2,    1272511,    1272511,    1272511,    1272511
 8,     455239,     45.0,     45.0,     45.0,    143.0,  9, 10, 11,  9,     892789,     892789,     892789,     892789
 8,     231563,     47.0,     47.0,     47.0,    148.0,  9, 10, 11, 10,    1044648,    1044648,    1044648,    1044648
 8,    1118829,     49.0,     49.0,     49.0,    151.0,  9, 10, 11, 10,    1344569,    1344569,    1344569,    1344569
 8,    1118839,     50.0,     49.0,     50.0,    150.0,  9, 10, 11, 10,    1344570,    1344570,    1344570,    1344570
 8,     525317,     48.0,     47.0,     47.0,    147.0,  9, 10, 11, 10,    1049719,    1049719,    1049719,    1049719
 8,    1486648,     53.0,     53.0,     53.0,    167.0,  9, 10, 11, 10,    1606187,    1606187,    1606187,    1606187
 8,    2579513,     38.0,     38.0,     38.0,    123.0,  1,  2,  3,  2,      41532,      41532,      41532,    1272511
 8,    1272360,     23.0,     26.0,     25.0,     74.0,  1,  2,  3,  1,    1272360,    1272360,    1272360,    1272360
 8,    1272532,     18.0,     18.0,     18.0,     59.0,  1,  2,  3,  2,    1272532,    1272532,    1272532,    1272532
 8,    1272537,     16.0,     16.0,     16.0,     54.0,  1,  2,  3,  1,    1272537,    1272537,    1272537,    1272537
 8,    1272551,     10.0,     10.0,     10.0,     33.0,  1,  2,  3,  1,    1272551,    1272551,    1272551,    1272551
 8,    1272556,      8.0,      8.0,      8.0,     28.0,  1,  2,  3,  1,    1272556,    1272556,    1272556,    1272556
 8,    1415793,     47.0,     48.0,     47.0,    149.0,  9, 10, 11,  9,    1533786,    1533786,    1533786,    1533786
 8,    1476151,     45.0,     45.0,     45.0,    143.0,  9, 10, 11, 10,    1598831,    1598831,    1598831,    1598831
 8,    1486643,     50.0,     49.0,     50.0,    153.0,  9, 10, 11,  9,    1606185,    1606185,    1606185,    1606185
 8,    2528541,     24.0,     24.0,     24.0,     74.0,  9, 10, 11,  9,    2375072,    2375072,    2375072,    2375072
 8,    2528505,     49.0,     53.0,     52.0,    150.0,  9, 10, 11,  9,     904855,     904855,     904855,     904855
 8,    2528500,     49.0,     53.0,     52.0,    149.0,  9, 10, 11,  9,     904855,     904855,     904855,     904855
 8,    2528536,     48.0,     49.0,     50.0,    148.0,  9, 10, 11,  9,     904855,    2375071,    2375071,     904855
 8,    2528552,     46.0,     47.0,     48.0,    145.0,  9, 10, 11,  9,     904855,    2375078,    2375078,     904855
 8,    2528560,     45.0,     48.0,     48.0,    144.0,  9, 10, 11,  9,     904855,    2375083,     904855,     904855
 8,    2528579,     44.0,     46.0,     46.0,    141.0,  9, 10, 11,  9,     904855,    2375092,    2375092,     904855
 8,    2528595,     42.0,     47.0,     46.0,    138.0,  1, 10,  3,  1,    1272003,      74327,    1272003,    1272003
 8,    2537109,     24.0,     28.0,     27.0,     79.0,  1,  2,  3,  1,    2537109,    1272003,    1272003,    2537109
 8,    2537117,     27.0,     31.0,     30.0,     88.0,  1,  2,  3,  1,    1272003,    1272003,    1272003,    1272360
 8,    2537125,     28.0,     32.0,     31.0,     93.0,  1,  2,  3,  1,    1272360,    1272360,    1272003,    1272003
 8,    2537134,     30.0,     35.0,     33.0,     99.0,  1,  2,  3,  1,    1272003,    1272003,    1272003,    1272003
 8,    2537142,     31.0,     35.0,     34.0,    101.0,  1,  2,  3,  1,    1272003,    1272360,    1272003,    1272360
 8,    2537151,     34.0,     38.0,     37.0,    109.0,  1,  2,  3,  1,    1272003,    1272360,    1272003,    1272360
 8,    2537159,     36.0,     41.0,     39.0,    116.0,  1,  2,  3,  1,    1272003,    1272003,    1272003,    1272003
 8,    2538969,     17.0,     17.0,     17.0,     54.0,  9, 10, 11,  9,    2382148,    2382148,    2382148,    2382148
 8,    2539108,     22.0,     22.0,     22.0,     72.0,  9, 10, 11,  9,    2382245,    2382245,    2382245,    2382245
 8,    2597348,     23.0,     23.0,     23.0,     76.0,  1,  2,  3,  1,    1272527,    1272527,    1272527,    1272527
 8,    3988692,     11.0,     11.0,     11.0,     35.0,  1,  2,  3,  1,    1272556,    1272556,    1272556,    3988692
 9,    1327284,     47.0,     48.0,     48.0,    150.0,  9, 10, 11,  9,    1454550,    1454550,    1454550,    1454550
 9,    1476197,     23.0,     23.0,     23.0,     72.0,  9, 10, 11,  9,    1598853,    1598853,    1598853,    1598853
 9,    1272511,     18.0,     18.0,     18.0,     60.0,  1,  2,  3,  1,    1272511,    1272511,    1272511,    1272511
 9,     455239,     44.0,     45.0,     45.0,    141.0,  9, 10, 11,  9,     892789,     892789,     892789,     892789
 9,     231563,     44.0,     47.0,     47.0,    140.0,  9, 10, 11,  9,    1044648,    1044648,    1044648,    1044648
 9,    1118829,     49.0,     49.0,     49.0,    152.0,  9, 10, 11, 10,    1344569,    1344569,    1344569,    1344569
 9,    1118839,     49.0,     49.0,     50.0,    151.0,  9, 10, 11,  9,    1344570,    1344570,    1344570,    1344570
 9,     525317,     48.0,     46.0,     48.0,    146.0,  9, 10, 11, 10,    1049719,    1049719,    1049719,    1049719
 9,    1486648,     53.0,     53.0,     53.0,    167.0,  9, 10, 11, 10,    1606187,    1606187,    1606187,    1606187
 9,    2579513,     38.0,     38.0,     38.0,    123.0,  1,  2,  3,  2,      41532,      41532,      41532,      41532
 9,    1272360,     22.0,     25.0,     24.0,     72.0,  1,  2,  3,  1,    1272360,    1272003,    1272360,    1272360
 9,    1272532,     18.0,     18.0,     18.0,     59.0,  1,  2,  3,  1,    1272532,    1272532,    1272532,    1272532
 9,    1272537,     16.0,     16.0,     16.0,     53.0,  1,  2,  3,  2,    1272537,    1272537,    1272537,    1272537
 9,    1272551,     10.0,     10.0,     10.0,     32.0,  1,  2,  3,  3,    1272551,    1272551,    1272551,    1272551
 9,    1272556,      8.0,      8.0,      8.0,     28.0,  1,  2,  3,  1,    1272556,    1272556,    1272556,    1272556
 9,    1415793,     46.0,     47.0,     46.0,    146.0,  9, 10, 11,  9,    1533786,    1533786,    1533786,    1533786
 9,    1476151,     45.0,     45.0,     45.0,    142.0,  9, 10, 11,  9,    1598831,    1598831,    1598831,    1598831
 9,    1486643,     50.0,     50.0,     49.0,    153.0,  9, 10, 11,  9,    1606185,    1606185,    1606185,    1606185
 9,    2528541,     24.0,     24.0,     24.0,     74.0,  9, 10, 11,  9,    2375072,    2375072,    2375072,    2375072
 9,    2528505,     48.0,     50.0,     50.0,    146.0,  9, 10, 11,  9,     904855,     904855,     904855,     904855
 9,    2528500,     47.0,     49.0,     50.0,    145.0,  9, 10, 11,  9,     904855,     904855,     904855,     904855
 9,    2528536,     46.0,     48.0,     49.0,    144.0,  9, 10, 11,  9,     904855,     904855,     904855,     904855
 9,    2528552,     45.0,     47.0,     47.0,    141.0,  9, 10, 11,  9,     904855,     904855,     904855,     904855
 9,    2528560,     44.0,     46.0,     47.0,    140.0,  9, 10, 11,  9,     904855,     904855,     904855,     904855
 9,    2528579,     43.0,     44.0,     45.0,    138.0,  9, 10, 11,  9,     904855,    2375092,     904855,     904855
 9,    2528595,     41.0,     45.0,     45.0,    134.0,  1,  2,  3,  1,    1272003,    1272003,    1272003,    1272003
 9,    2537109,     24.0,     26.0,     26.0,     77.0,  1,  2,  3,  1,    1272003,    1272003,    1272003,    1272360
 9,    2537117,     26.0,     29.0,     29.0,     86.0,  1,  2,  3,  1,    1272003,    1272003,    1272003,    1272003
 9,    2537125,     28.0,     31.0,     30.0,     90.0,  1,  2,  3,  1,    1272003,    1272003,    1272360,    1272003
 9,    2537134,     29.0,     32.0,     32.0,     96.0,  1,  2,  3,  1,    1272360,    1272360,    1272003,    1272003
 9,    2537142,     30.0,     33.0,     33.0,     98.0,  1,  2,  3,  1,    1272003,    1272003,    1272003,    1272360
 9,    2537151,     33.0,     36.0,     36.0,    106.0,  1,  2,  3,  1,    1272003,    1272003,    1272003,    1272360
 9,    2537159,     35.0,     38.0,     38.0,    112.0,  1,  2,  3,  1,    1272003,    1272003,    1272003,    1272360
 9,    2538969,     17.0,     17.0,     17.0,     54.0,  9, 10, 11,  9,    2382148,    2382148,    2382148,    2382148
 9,    2539108,     22.0,     22.0,     22.0,     72.0,  9, 10, 11,  9,    2382245,    2382245,    2382245,    2382245
 9,    2597348,     23.0,     23.0,     23.0,     75.0,  1,  2,  3,  3,    1272527,    1272527,    1272527,    1272527
 9,    3988692,     11.0,     10.0,     10.0,     35.0,  1,  2,  3,  1,    1272556,    3988692,    3988692,    3988692
10,    1327284,     48.0,     48.0,     48.0,    150.0,  9, 10, 11,  9,    1454550,    1454550,    1454550,    1454550
10,    1476197,     23.0,     23.0,     23.0,     72.0,  9, 10, 11,  9,    1598853,    1598853,    1598853,    1598853
10,    1272511,     18.0,     18.0,     18.0,     60.0,  1,  2,  3,  1,    1272511,    1272511,    1272511,    1272511
10,     455239,     44.0,     45.0,     44.0,    141.0,  9, 10, 11,  9,     892789,     892789,     892789,     892789
10,     231563,     46.0,     47.0,     47.0,    146.0,  9, 10, 11,  9,    1044648,    1044648,    1044648,    1044648
10,    1118829,     49.0,     50.0,     50.0,    153.0,  9, 10, 11,  9,    1344569,    1344569,    1344569,    1344569
10,    1118839,     49.0,     49.0,     50.0,    152.0,  9, 10, 11,  9,    1344570,    1344570,    1344570,    1344570
10,     525317,     48.0,     48.0,     47.0,    148.0,  9, 10, 11, 11,    1049719,    1049719,    1049719,    1049719
10,    1486648,     53.0,     53.0,     53.0,    167.0,  9, 10, 11, 10,    1606187,    1606187,    1606187,    1606187
10,    2579513,     38.0,     38.0,     38.0,    123.0,  1,  2,  3,  3,      41532,      41532,      41532,      41532
10,    1272360,     23.0,     24.0,     24.0,     75.0,  1,  2,  3,  1,    1272360,    1272003,    1272360,    1272360
10,    1272532,     18.0,     18.0,     18.0,     59.0,  1,  2,  3,  1,    1272532,    1272532,    1272532,    1272532
10,    1272537,     16.0,     16.0,     16.0,     53.0,  1,  2,  3,  3,    1272537,    1272537,    1272537,    1272537
10,    1272551,     10.0,     10.0,     10.0,     33.0,  1,  2,  3,  1,    1272551,    1272551,    1272551,    1272551
10,    1272556,      8.0,      8.0,      8.0,     28.0,  1,  2,  3,  1,    1272556,    1272556,    1272556,    1272556
10,    1415793,     46.0,     47.0,     47.0,    146.0,  9, 10, 11,  9,    1533786,    1533786,    1533786,    1533786
10,    1476151,     45.0,     44.0,     45.0,    141.0,  9, 10, 11, 10,    1598831,    1598831,    1598831,    1598831
10,    1486643,     50.0,     50.0,     50.0,    153.0,  9, 10, 11,  9,    1606185,    1606185,    1606185,    1606185
10,    2528541,     24.0,     24.0,     24.0,     74.0,  9, 10, 11,  9,    2375072,    2375072,    2375072,    2375072
10,    2528505,     47.0,     48.0,     50.0,    145.0,  9, 10, 11,  9,     904855,     904855,     904855,     904855
10,    2528500,     47.0,     48.0,     49.0,    144.0,  9, 10, 11,  9,     904855,     904855,     904855,     904855
10,    2528536,     46.0,     47.0,     49.0,    143.0,  9, 10, 11,  9,     904855,     904855,     904855,     904855
10,    2528552,     45.0,     46.0,     46.0,    141.0,  9, 10, 11,  9,     904855,     904855,    2375078,     904855
10,    2528560,     44.0,     45.0,     46.0,    139.0,  9, 10, 11,  9,     904855,     904855,     904855,     904855
10,    2528579,     43.0,     43.0,     45.0,    137.0,  9, 10, 11,  9,     904855,     904855,     904855,     904855
10,    2528595,     43.0,     43.0,     45.0,    137.0,  1, 10,  3,  9,    1272003,     904855,    1272003,     904855
10,    2537109,     25.0,     25.0,     26.0,     80.0,  1,  2,  3,  1,    1272003,    1272003,    1272003,    1272003
10,    2537117,     27.0,     28.0,     29.0,     89.0,  1,  2,  3,  1,    1272003,    1272003,    1272003,    1272003
10,    2537125,     29.0,     29.0,     30.0,     93.0,  1,  2,  3,  1,    1272003,    1272360,    1272003,    1272003
10,    2537134,     31.0,     31.0,     32.0,     99.0,  1,  2,  3,  1,    1272003,    1272003,    1272003,    1272003
10,    2537142,     31.0,     32.0,     33.0,    102.0,  1,  2,  3,  1,    1272003,    1272003,    1272003,    1272003
10,    2537151,     34.0,     35.0,     36.0,    110.0,  1,  2,  3,  1,    1272003,    1272003,    1272003,    1272360
10,    2537159,     36.0,     37.0,     38.0,    116.0,  1,  2,  3,  1,    1272003,    1272003,    1272003,    1272360
10,    2538969,     17.0,     17.0,     17.0,     54.0,  9, 10, 11,  9,    2382148,    2382148,    2382148,    2382148
10,    2539108,     22.0,     22.0,     22.0,     72.0,  9, 10, 11,  9,    2382245,    2382245,    2382245,    2382245
10,    2597348,     23.0,     23.0,     23.0,     75.0,  1,  2,  3,  3,    1272527,    1272527,    1272527,    1272527
10,    3988692,     11.0,     11.0,     10.0,     35.0,  1,  2,  3,  1,    1272556,    1272556,    3988692,    3988692
11,    1327284,     47.0,     48.0,     48.0,    150.0,  9, 10, 11,  9,    1454550,    1454550,    1454550,    1454550
11,    1476197,     23.0,     23.0,     23.0,     72.0,  9, 10, 11,  9,    1598853,    1598853,    1598853,    1598853
11,    1272511,     18.0,     18.0,     18.0,     59.0,  1,  2,  3,  3,    1272511,    1272511,    1272511,    1272511
11,     455239,     44.0,     45.0,     45.0,    141.0,  9, 10, 11,  9,     892789,     892789,     892789,     892789
11,     231563,     45.0,     47.0,     47.0,    142.0,  9, 10, 11,  9,    1044648,    1044648,    1044648,    1044648
11,    1118829,     49.0,     50.0,     50.0,    153.0,  9, 10, 11,  9,    1344569,    1344569,    1344569,    1344569
11,    1118839,     49.0,     50.0,     49.0,    152.0,  9, 10, 11,  9,    1344570,    1344570,    1344570,    1344570
11,     525317,     48.0,     47.0,     47.0,    149.0,  9, 10, 11, 10,    1049719,    1049719,    1049719,    1049719
11,    1486648,     53.0,     53.0,     53.0,    166.0,  9, 10, 11, 11,    1606187,    1606187,    1606187,    1606187
11,    2579513,     38.0,     38.0,     38.0,    122.0,  1,  2,  3,  3,      41532,      41532,      41532,      41532
11,    1272360,     22.0,     25.0,     24.0,     72.0,  1,  2,  3,  1,    1272360,    1272003,    1272360,    1272360
11,    1272532,     18.0,     18.0,     18.0,     58.0,  1,  2,  3,  3,    1272532,    1272532,    1272532,    1272532
11,    1272537,     16.0,     16.0,     16.0,     53.0,  1,  2,  3,  3,    1272537,    1272537,    1272537,    1272537
11,    1272551,     10.0,     10.0,     10.0,     32.0,  1,  2,  3,  3,    1272551,    1272551,    1272551,    1272551
11,    1272556,      8.0,      8.0,      8.0,     28.0,  1,  2,  3,  1,    1272556,    1272556,    1272556,    1272556
11,    1415793,     47.0,     47.0,     48.0,    146.0,  9, 10, 11,  9,    1533786,    1533786,    1533786,    1533786
11,    1476151,     45.0,     45.0,     45.0,    143.0,  9, 10, 11,  9,    1598831,    1598831,    1598831,    1598831
11,    1486643,     50.0,     50.0,     50.0,    153.0,  9, 10, 11,  9,    1606185,    1606185,    1606185,    1606185
11,    2528541,     24.0,     24.0,     24.0,     74.0,  9, 10, 11,  9,    2375072,    2375072,    2375072,    2375072
11,    2528505,     48.0,     50.0,     50.0,    146.0,  9, 10, 11,  9,     904855,     904855,     904855,     904855
11,    2528500,     47.0,     50.0,     50.0,    145.0,  9, 10, 11,  9,     904855,     904855,     904855,     904855
11,    2528536,     46.0,     49.0,     49.0,    144.0,  9, 10, 11,  9,     904855,     904855,     904855,     904855
11,    2528552,     45.0,     47.0,     47.0,    141.0,  9, 10, 11,  9,     904855,    2375078,    2375078,     904855
11,    2528560,     44.0,     47.0,     47.0,    140.0,  9, 10, 11,  9,     904855,     904855,     904855,     904855
11,    2528579,     43.0,     45.0,     46.0,    137.0,  9, 10, 11,  9,     904855,    2375092,     904855,     904855
11,    2528595,     41.0,     45.0,     45.0,    133.0,  1,  2,  3,  1,    1272003,    1272360,    1272003,    1272360
11,    2537109,     24.0,     26.0,     26.0,     77.0,  1,  2,  3,  1,    1272003,    1272003,    1272003,    1272003
11,    2537117,     26.0,     29.0,     29.0,     85.0,  1,  2,  3,  1,    1272003,    1272003,    1272003,    1272360
11,    2537125,     28.0,     31.0,     30.0,     89.0,  1,  2,  3,  1,    1272003,    1272003,    1272003,    1272360
11,    2537134,     29.0,     33.0,     32.0,     95.0,  1,  2,  3,  1,    1272003,    1272003,    1272003,    1272003
11,    2537142,     30.0,     34.0,     33.0,     98.0,  1,  2,  3,  1,    1272003,    1272003,    1272003,    1272003
11,    2537151,     33.0,     36.0,     36.0,    106.0,  1,  2,  3,  1,    1272003,    1272003,    1272003,    1272003
11,    2537159,     34.0,     38.0,     38.0,    112.0,  1,  2,  3,  1,    1272360,    1272360,    1272003,    1272003
11,    2538969,     17.0,     17.0,     17.0,     54.0,  9, 10, 11,  9,    2382148,    2382148,    2382148,    2382148
11,    2539108,     22.0,     22.0,     22.0,     72.0,  9, 10, 11,  9,    2382245,    2382245,    2382245,    2382245
11,    2597348,     23.0,     23.0,     23.0,     75.0,  1,  2,  3,  3,    1272527,    1272527,    1272527,    1272527
11,    3988692,     11.0,     11.0,     10.0,     35.0,  1,  2,  3,  1,    1272556,    1272556,    3988692,    3988692
12,    1327284,     48.0,     48.0,     48.0,    151.0,  9, 10, 11,  9,    1454550,    1454550,    1454550,    1454550
12,    1476197,     23.0,     23.0,     23.0,     72.0,  9, 10, 11,  9,    1598853,    1598853,    1598853,    1598853
12,    1272511,     18.0,     18.0,     18.0,     59.0,  1,  2,  3,  2,    1272511,    1272511,    1272511,    1272511
12,     455239,     45.0,     45.0,     45.0,    142.0,  9, 10, 11,  9,     892789,     892789,     892789,     892789
12,     231563,     46.0,     47.0,     47.0,    145.0,  9, 10, 11,  9,    1044648,    1044648,    1044648,    1044648
12,    1118829,     50.0,     49.0,     49.0,    150.0,  9, 10, 11, 10,    1344569,    1344569,    1344569,    1344569
12,    1118839,     49.0,     50.0,     49.0,    152.0,  9, 10, 11, 11,    1344570,    1344570,    1344570,    1344570
12,     525317,     48.0,     48.0,     48.0,    150.0,  9, 10, 11, 10,    1049719,    1049719,    1049719,    1049719
12,    1486648,     53.0,     53.0,     53.0,    166.0,  9, 10, 11, 11,    1606187,    1606187,    1606187,    1606187
12,    2579513,     38.0,     38.0,     38.0,    122.0,  1,  2,  3,  3,      41532,      41532,      41532,      41532
12,    1272360,     24.0,     25.0,     24.0,     77.0,  1,  2,  3,  1,    1272003,    1272360,    1272003,    1272360
12,    1272532,     18.0,     18.0,     18.0,     58.0,  1,  2,  3,  3,    1272532,    1272532,    1272532,    1272532
12,    1272537,     16.0,     16.0,     16.0,     53.0,  1,  2,  3,  2,    1272537,    1272537,    1272537,    1272537
12,    1272551,     10.0,     10.0,     10.0,     32.0,  1,  2,  3,  2,    1272551,    1272551,    1272551,    1272551
12,    1272556,      8.0,      8.0,      8.0,     27.0,  1,  2,  3,  3,    1272556,    1272556,    1272556,    1272556
12,    1415793,     46.0,     47.0,     48.0,    144.0,  9, 10, 11,  9,    1533786,    1533786,    1533786,    1533786
12,    1476151,     44.0,     45.0,     45.0,    139.0,  9, 10, 11,  9,    1598831,    1598831,    1598831,    1598831
12,    1486643,     50.0,     49.0,     49.0,    150.0,  9, 10, 11, 10,    1606185,    1606185,    1606185,    1606185
12,    2528541,     24.0,     24.0,     24.0,     74.0,  9, 10, 11,  9,    2375072,    2375072,    2375072,    2375072
12,    2528505,     50.0,     51.0,     50.0,    153.0,  9, 10, 11,  9,     904855,     904855,     904855,     904855
12,    2528500,     50.0,     51.0,     50.0,    152.0,  9, 10, 11,  9,     904855,     904855,     904855,     904855
12,    2528536,     49.0,     49.0,     49.0,    149.0,  9, 10, 11, 10,     904855,    2375071,     904855,    2375071
12,    2528552,     47.0,     48.0,     47.0,    148.0,  9, 10, 11, 11,     904855,     904855,     904855,     904855
12,    2528560,     47.0,     47.0,     47.0,    147.0,  9, 10, 11,  9,     904855,    2375083,     904855,     904855
12,    2528579,     45.0,     45.0,     45.0,    145.0,  9, 10, 11,  9,     904855,    2375092,     904855,     904855
12,    2528595,     44.0,     46.0,     44.0,    142.0,  1, 10,  3,  3,    1272003,     904855,    1272003,    1272003
12,    2537109,     25.0,     27.0,     25.0,     82.0,  1,  2,  3,  3,    1272003,    1272003,    1272003,    1272003
12,    2537117,     28.0,     30.0,     28.0,     91.0,  1,  2,  3,  1,    1272003,    1272003,    1272003,    1272003
12,    2537125,     29.0,     32.0,     29.0,     95.0,  1,  2,  3,  3,    1272360,    1272003,    1272003,    1272360
12,    2537134,     31.0,     34.0,     31.0,    101.0,  1,  2,  3,  3,    1272003,    1272003,    1272003,    1272360
12,    2537142,     32.0,     35.0,     32.0,    104.0,  1,  2,  3,  3,    1272003,    1272003,    1272003,    1272360
12,    2537151,     35.0,     38.0,     35.0,    113.0,  1,  2,  3,  3,    1272003,    1272003,    1272003,    1272003
12,    2537159,     37.0,     40.0,     37.0,    119.0,  1,  2,  3,  3,    1272003,    1272003,    1272003,    1272360
12,    2538969,     17.0,     17.0,     17.0,     54.0,  9, 10, 11,  9,    2382148,    2382148,    2382148,    2382148
12,    2539108,     22.0,     22.0,     22.0,     72.0,  9, 10, 11,  9,    2382245,    2382245,    2382245,    2382245
12,    2597348,     23.0,     23.0,     23.0,     75.0,  1,  2,  3,  2,    1272527,    1272527,    1272527,    1272527
12,    3988692,     11.0,     10.0,     10.0,     34.0,  1,  2,  3,  3,    1272556,    3988692,    3988692,    3988692
13,    1327284,     48.0,     48.0,     48.0,    150.0,  9, 10, 11,  9,    1454550,    1454550,    1454550,    1454550
13,    1476197,     23.0,     23.0,     23.0,     73.0,  9, 10, 11,  9,    1598853,    1598853,    1598853,    1598853
13,    1272511,     18.0,     18.0,     18.0,     59.0,  1,  2,  3,  3,    1272511,    1272511,    1272511,    1272511
13,     455239,     45.0,     45.0,     45.0,    142.0,  9, 10, 11,  9,     892789,     892789,     892789,     892789
13,     231563,     46.0,     47.0,     47.0,    144.0,  9, 10, 11,  9,    1044648,    1044648,    1044648,    1044648
13,    1118829,     49.0,     49.0,     49.0,    150.0,  9, 10, 11, 11,    1344569,    1344569,    1344569,    1344569
13,    1118839,     50.0,     50.0,     50.0,    153.0,  9, 10, 11,  9,    1344570,    1344570,    1344570,    1344570
13,     525317,     48.0,     47.0,     48.0,    149.0,  9, 10, 11, 10,    1049719,    1049719,    1049719,    1049719
13,    1486648,     53.0,     53.0,     52.0,    164.0,  9, 10, 11, 11,    1606187,    1606187,    1606187,    1606187
13,    2579513,     38.0,     38.0,     37.0,    121.0,  1,  2,  3,  3,      41532,      41532,      41532,      41532
13,    1272360,     25.0,     26.0,     24.0,     79.0,  1,  2,  3,  3,    1272003,    1272003,    1272360,    1272360
13,    1272532,     18.0,     18.0,     18.0,     58.0,  1,  2,  3,  3,    1272532,    1272532,    1272532,    1272532
13,    1272537,     16.0,     16.0,     16.0,     52.0,  1,  2,  3,  3,    1272537,    1272537,    1272537,    1272537
13,    1272551,     10.0,     10.0,     10.0,     32.0,  1,  2,  3,  3,    1272551,    1272551,    1272551,    1272551
13,    1272556,      8.0,      8.0,      8.0,     27.0,  1,  2,  3,  3,    1272556,    1272556,    1272556,    1272556
13,    1415793,     46.0,     48.0,     47.0,    144.0,  9, 10, 11,  9,    1533786,    1533786,    1533786,    1533786
13,    1476151,     44.0,     45.0,     45.0,    141.0,  9, 10, 11,  9,    1598831,    1598831,    1598831,    1598831
13,    1486643,     49.0,     49.0,     50.0,    152.0,  9, 10, 11,  9,    1606185,    1606185,    1606185,    1606185
13,    2528541,     24.0,     24.0,     24.0,     74.0,  9, 10, 11,  9,    2375072,    2375072,    2375072,    2375072
13,    2528505,     52.0,     52.0,     50.0,    154.0,  9, 10, 11, 11,     904855,     904855,     904855,     904855
13,    2528500,     51.0,     52.0,     50.0,    153.0,  9, 10, 11, 11,     904855,     904855,     904855,     904855
13,    2528536,     49.0,     49.0,     49.0,    151.0,  9, 10, 11, 11,    2375071,    2375071,     904855,    2375071
13,    2528552,     47.0,     48.0,     48.0,    148.0,  9, 10, 11,  9,    2375078,    2375078,     904855,    2375078
13,    2528560,     48.0,     47.0,     47.0,    148.0,  9, 10, 11, 11,     904855,    2375083,     904855,     904855
13,    2528579,     46.0,     46.0,     45.0,    145.0,  9, 10, 11, 11,    2375092,    2375092,     904855,    2375092
13,    2528595,     45.0,     47.0,     45.0,    146.0,  1, 10,  3,  3,    1272360,      74327,    1272003,    1272360
13,    2537109,     26.0,     28.0,     26.0,     84.0,  1,  2,  3,  3,    1272003,    1272003,    1272003,    2537109
13,    2537117,     29.0,     31.0,     29.0,     94.0,  1,  2,  3,  3,    1272003,    1272003,    1272003,    1272003
13,    2537125,     31.0,     32.0,     30.0,     98.0,  1,  2,  3,  3,    1272003,    1272003,    1272003,    1272360
13,    2537134,     33.0,     34.0,     32.0,    105.0,  1,  2,  3,  3,    1272003,    1272003,    1272003,    1272003
13,    2537142,     33.0,     35.0,     33.0,    107.0,  1,  2,  3,  3,    1272360,    1272003,    1272003,    1272360
13,    2537151,     36.0,     38.0,     36.0,    116.0,  1,  2,  3,  3,    1272003,    1272003,    1272003,    1272360
13,    2537159,     38.0,     40.0,     38.0,    123.0,  1,  2,  3,  3,    1272003,    1272003,    1272003,    1272003
13,    2538969,     17.0,     17.0,     17.0,     54.0,  9, 10, 11,  9,    2382148,    2382148,    2382148,    2382148
13,    2539108,     22.0,     22.0,     22.0,     71.0,  9, 10, 11, 11,    2382245,    2382245,    2382245,    2382245
13,    2597348,     23.0,     23.0,     23.0,     74.0,  1,  2,  3,  3,    1272527,    1272527,    1272527,    1272527
13,    3988692,     11.0,     11.0,     10.0,     34.0,  1,  2,  3,  3,    1272556,    1272556,    3988692,    3988692
14,    1327284,     47.0,     48.0,     48.0,    150.0,  9, 10, 11,  9,    1454550,    1454550,    1454550,    1454550
14,    1476197,     23.0,     23.0,     23.0,     73.0,  9, 10, 11,  9,    1598853,    1598853,    1598853,    1598853
14,    1272511,     18.0,     18.0,     18.0,     60.0,  1,  2,  3,  1,    1272511,    1272511,    1272511,    1272511
14,     455239,     45.0,     45.0,     45.0,    142.0,  9, 10, 11,  9,     892789,     892789,     892789,     892789
14,     231563,     45.0,     47.0,     47.0,    142.0,  9, 10, 11,  9,    1044648,    1044648,    1044648,    1044648
14,    1118829,     50.0,     50.0,     49.0,    152.0,  9, 10, 11, 11,    1344569,    1344569,    1344569,    1344569
14,    1118839,     49.0,     50.0,     50.0,    152.0,  9, 10, 11,  9,    1344570,    1344570,    1344570,    1344570
14,     525317,     48.0,     47.0,     47.0,    147.0,  9, 10, 11, 11,    1049719,    1049719,    1049719,    1049719
14,    1486648,     53.0,     53.0,     53.0,    166.0,  9, 10, 11, 11,    1606187,    1606187,    1606187,    1606187
14,    2579513,     38.0,     38.0,     38.0,    123.0,  1,  2,  3,  3,      41532,      41532,      41532,      41532
14,    1272360,     25.0,     24.0,     25.0,     79.0,  1,  2,  3,  2,    1272003,    1272360,    1272360,    1272360
14,    1272532,     18.0,     18.0,     18.0,     59.0,  1,  2,  3,  2,    1272532,    1272532,    1272532,    1272532
14,    1272537,     16.0,     16.0,     16.0,     53.0,  1,  2,  3,  3,    1272537,    1272537,    1272537,    1272537
14,    1272551,     10.0,     10.0,     10.0,     32.0,  1,  2,  3,  3,    1272551,    1272551,    1272551,    1272551
14,    1272556,      8.0,      8.0,      8.0,     28.0,  1,  2,  3,  1,    1272556,    1272556,    1272556,    1272556
14,    1415793,     46.0,     48.0,     48.0,    144.0,  9, 10, 11,  9,    1533786,    1533786,    1533786,    1533786
14,    1476151,     45.0,     45.0,     44.0,    141.0,  9, 10, 11, 11,    1598831,    1598831,    1598831,    1598831
14,    1486643,     50.0,     50.0,     49.0,    153.0,  9, 10, 11,  9,    1606185,    1606185,    1606185,    1606185
14,    2528541,     24.0,     24.0,     24.0,     74.0,  9, 10, 11,  9,    2375072,    2375072,    2375072,    2375072
14,    2528505,     51.0,     49.0,     51.0,    151.0,  9, 10, 11, 10,     904855,     904855,     904855,     904855
14,    2528500,     50.0,     49.0,     51.0,    150.0,  9, 10, 11, 10,     904855,     904855,     904855,     904855
14,    2528536,     49.0,     48.0,     49.0,    149.0,  9, 10, 11, 10,    2375071,     904855,    2375071,     904855
14,    2528552,     47.0,     46.0,     47.0,    144.0,  9, 10, 11, 10,    2375078,    2375078,    2375078,    2375078
14,    2528560,     47.0,     46.0,     48.0,    145.0,  9, 10, 11, 10,     904855,     904855,     904855,     904855
14,    2528579,     46.0,     44.0,     46.0,    142.0,  9, 10, 11, 10,     904855,     904855,     904855,    2375092
14,    2528595,     45.0,     44.0,     46.0,    142.0,  1, 10,  3, 10,    1272360,     904855,    1272003,     904855
14,    2537109,     26.0,     26.0,     27.0,     84.0,  1,  2,  3,  2,    1272003,    1272003,    1272003,    2537109
14,    2537117,     29.0,     29.0,     30.0,     94.0,  1,  2,  3,  2,    1272003,    1272003,    1272003,    1272003
14,    2537125,     31.0,     30.0,     31.0,     98.0,  1,  2,  3,  2,    1272003,    1272003,    1272003,    1272360
14,    2537134,     33.0,     32.0,     33.0,    105.0,  1,  2,  3,  2,    1272003,    1272003,    1272003,    1272003
14,    2537142,     33.0,     33.0,     34.0,    108.0,  1,  2,  3,  2,    1272360,    1272003,    1272003,    1272003
14,    2537151,     36.0,     36.0,     37.0,    116.0,  1,  2,  3,  2,    1272003,    1272003,    1272003,    1272360
14,    2537159,     38.0,     38.0,     39.0,    123.0,  1,  2,  3,  2,    1272003,    1272003,    1272003,    1272003
14,    2538969,     17.0,     17.0,     17.0,     54.0,  9, 10, 11,  9,    2382148,    2382148,    2382148,    2382148
14,    2539108,     22.0,     22.0,     22.0,     72.0,  9, 10, 11,  9,    2382245,    2382245,    2382245,    2382245
14,    2597348,     23.0,     23.0,     23.0,     75.0,  1,  2,  3,  3,    1272527,    1272527,    1272527,    1272527
14,    3988692,     11.0,     11.0,     10.0,     35.0,  1,  2,  3,  1,    1272556,    1272556,    3988692,    3988692
15,    1327284,     48.0,     48.0,     48.0,    151.0,  9, 10, 11,  9,    1454550,    1454550,    1454550,    1454550
15,    1476197,     23.0,     23.0,     23.0,     73.0,  9, 10, 11,  9,    1598853,    1598853,    1598853,    1598853
15,    1272511,     19.0,     18.0,     18.0,     60.0,  1,  2,  3,  2,    1272511,    1272511,    1272511,    1272511
15,     455239,     45.0,     45.0,     45.0,    142.0,  9, 10, 11,  9,     892789,     892789,     892789,     892789
15,     231563,     46.0,     46.0,     47.0,    144.0,  9, 10, 11,  9,    1044648,    1044648,    1044648,    1044648
15,    1118829,     50.0,     50.0,     50.0,    153.0,  9, 10, 11,  9,    1344569,    1344569,    1344569,    1344569
15,    1118839,     50.0,     50.0,     50.0,    153.0,  9, 10, 11,  9,    1344570,    1344570,    1344570,    1344570
15,     525317,     48.0,     48.0,     48.0,    150.0,  9, 10, 11, 10,    1049719,    1049719,    1049719,    1049719
15,    1486648,     53.0,     53.0,     53.0,    167.0,  9, 10, 11, 10,    1606187,    1606187,    1606187,    1606187
15,    2579513,     38.0,     38.0,     38.0,    124.0,  1,  2,  3,  3,      41532,      41532,      41532,      41532
15,    1272360,     25.0,     26.0,     26.0,     82.0,  1,  2,  3,  1,    1272360,    1272360,    1272360,    1272360
15,    1272532,     18.0,     18.0,     18.0,     59.0,  1,  2,  3,  3,    1272532,    1272532,    1272532,    1272532
15,    1272537,     16.0,     16.0,     16.0,     54.0,  1,  2,  3,  1,    1272537,    1272537,    1272537,    1272537
15,    1272551,     10.0,     10.0,     10.0,     33.0,  1,  2,  3,  1,    1272551,    1272551,    1272551,    1272551
15,    1272556,      8.0,      8.0,      8.0,     28.0,  1,  2,  3,  1,    1272556,    1272556,    1272556,    1272556
15,    1415793,     47.0,     48.0,     48.0,    147.0,  9, 10, 11,  9,    1533786,    1533786,    1533786,    1533786
15,    1476151,     45.0,     45.0,     45.0,    143.0,  9, 10, 11,  9,    1598831,    1598831,    1598831,    1598831
15,    1486643,     50.0,     50.0,     49.0,    152.0,  9, 10, 11, 11,    1606185,    1606185,    1606185,    1606185
15,    2528541,     24.0,     24.0,     24.0,     74.0,  9, 10, 11,  9,    2375072,    2375072,    2375072,    2375072
15,    2528505,     52.0,     53.0,     53.0,    159.0,  9, 10, 11,  9,     904855,     904855,     904855,     904855
15,    2528500,     52.0,     53.0,     53.0,    158.0,  9, 10, 11,  9,     904855,     904855,     904855,     904855
15,    2528536,     49.0,     50.0,     50.0,    152.0,  9, 10, 11,  9,    2375071,    2375071,    2375071,    2375071
15,    2528552,     47.0,     48.0,     47.0,    146.0,  9, 10, 11,  9,    2375078,    2375078,    2375078,    2375078
15,    2528560,     48.0,     47.0,     48.0,    148.0,  9, 10, 11, 10,     904855,    2375083,    2375083,    2375083
15,    2528579,     46.0,     46.0,     46.0,    145.0,  9, 10, 11, 10,    2375092,    2375092,    2375092,    2375092
15,    2528595,     46.0,     47.0,     47.0,    148.0,  1, 10, 11,  9,    1272360,      74327,      74327,      74327
15,    2537109,     27.0,     28.0,     28.0,     87.0,  1,  2,  3,  1,    1272003,    1272003,    1272003,    1272360
15,    2537117,     30.0,     31.0,     31.0,     97.0,  1,  2,  3,  1,    1272003,    1272003,    1272003,    1272003
15,    2537125,     31.0,     33.0,     32.0,    101.0,  1,  2,  3,  1,    1272003,    1272003,    1272003,    1272360
15,    2537134,     33.0,     35.0,     34.0,    108.0,  1,  2,  3,  1,    1272003,    1272003,    1272003,    1272003
15,    2537142,     34.0,     36.0,     35.0,    111.0,  1,  2,  3,  1,    1272003,    1272003,    1272003,    1272003
15,    2537151,     37.0,     39.0,     38.0,    120.0,  1,  2,  3,  1,    1272003,    1272003,    1272003,    1272360
15,    2537159,     39.0,     41.0,     40.0,    127.0,  1,  2,  3,  1,    1272003,    1272003,    1272003,    1272003
15,    2538969,     17.0,     17.0,     17.0,     54.0,  9, 10, 11,  9,    2382148,    2382148,    2382148,    2382148
15,    2539108,     22.0,     22.0,     22.0,     72.0,  9, 10, 11,  9,    2382245,    2382245,    2382245,    2382245
15,    2597348,     23.0,     23.0,     23.0,     76.0,  1,  2,  3,  1,    1272527,    1272527,    1272527,    1272527
15,    3988692,     11.0,     11.0,     11.0,     35.0,  1,  2,  3,  1,    1272556,    1272556,    1272556,    3988692
16,    1327284,     48.0,     48.0,     48.0,    151.0,  9, 10, 11,  9,    1454550,    1454550,    1454550,    1454550
16,    1476197,     23.0,     23.0,     23.0,     73.0,  9, 10, 11,  9,    1598853,    1598853,    1598853,    1598853
16,    1272511,     18.0,     18.0,     18.0,     60.0,  1,  2,  3,  1,    1272511,    1272511,    1272511,    1272511
16,     455239,     45.0,     45.0,     45.0,    143.0,  9, 10, 11,  9,     892789,     892789,     892789,     892789
16,     231563,     46.0,     47.0,     47.0,    146.0,  9, 10, 11,  9,    1044648,    1044648,    1044648,    1044648
16,    1118829,     50.0,     50.0,     49.0,    153.0,  9, 10, 11,  9,    1344569,    1344569,    1344569,    1344569
16,    1118839,     50.0,     50.0,     50.0,    153.0,  9, 10, 11,  9,    1344570,    1344570,    1344570,    1344570
16,     525317,     48.0,     47.0,     47.0,    149.0,  9, 10, 11, 10,    1049719,    1049719,    1049719,    1049719
16,    1486648,     53.0,     53.0,     53.0,    167.0,  9, 10, 11, 10,    1606187,    1606187,    1606187,    1606187
16,    2579513,     38.0,     38.0,     38.0,    123.0,  1,  2,  3,  2,      41532,      41532,      41532,    1272511
16,    1272360,     25.0,     26.0,     26.0,     82.0,  1,  2,  3,  1,    1272360,    1272360,    1272360,    1272360
16,    1272532,     18.0,     18.0,     18.0,     59.0,  1,  2,  3,  2,    1272532,    1272532,    1272532,    1272532
16,    1272537,     16.0,     16.0,     16.0,     54.0,  1,  2,  3,  1,    1272537,    1272537,    1272537,    1272537
16,    1272551,     10.0,     10.0,     10.0,     33.0,  1,  2,  3,  1,    1272551,    1272551,    1272551,    1272551
16,    1272556,      8.0,      8.0,      8.0,     28.0,  1,  2,  3,  1,    1272556,    1272556,    1272556,    1272556
16,    1415793,     47.0,     48.0,     48.0,    148.0,  9, 10, 11,  9,    1533786,    1533786,    1533786,    1533786
16,    1476151,     45.0,     45.0,     45.0,    143.0,  9, 10, 11,  9,    1598831,    1598831,    1598831,    1598831
16,    1486643,     50.0,     50.0,     49.0,    152.0,  9, 10, 11, 11,    1606185,    1606185,    1606185,    1606185
16,    2528541,     24.0,     24.0,     24.0,     74.0,  9, 10, 11,  9,    2375072,    2375072,    2375072,    2375072
16,    2528505,     53.0,     54.0,     53.0,    161.0,  9, 10, 11,  9,     904855,     904855,     904855,     904855
16,    2528500,     52.0,     53.0,     53.0,    161.0,  9, 10, 11,  9,     904855,     904855,     904855,     904855
16,    2528536,     49.0,     50.0,     50.0,    152.0,  9, 10, 11,  9,    2375071,    2375071,    2375071,    2375071
16,    2528552,     48.0,     48.0,     47.0,    148.0,  9, 10, 11, 11,    2375078,    2375078,    2375078,    2375078
16,    2528560,     48.0,     47.0,     48.0,    148.0,  9, 10, 11, 10,    2375083,    2375083,    2375083,    2375083
16,    2528579,     46.0,     46.0,     46.0,    146.0,  9, 10, 11, 10,    2375092,    2375092,    2375092,    2375092
16,    2528595,     46.0,     47.0,     47.0,    148.0,  9, 10, 11,  9,      74327,      74327,      74327,      74327
16,    2537109,     27.0,     28.0,     28.0,     88.0,  1,  2,  3,  1,    1272003,    1272003,    1272003,    1272003
16,    2537117,     30.0,     31.0,     31.0,     98.0,  1,  2,  3,  1,    1272003,    1272003,    1272003,    1272003
16,    2537125,     31.0,     33.0,     32.0,    102.0,  1,  2,  3,  1,    1272360,    1272003,    1272003,    1272360
16,    2537134,     34.0,     35.0,     34.0,    109.0,  1,  2,  3,  1,    1272003,    1272003,    1272003,    1272003
16,    2537142,     34.0,     36.0,     35.0,    112.0,  1,  2,  3,  1,    1272360,    1272003,    1272003,    1272003
16,    2537151,     37.0,     39.0,     38.0,    121.0,  1,  2,  3,  1,    1272003,    1272003,    1272003,    1272003
16,    2537159,     39.0,     41.0,     40.0,    128.0,  1,  2,  3,  1,    1272360,    1272003,    1272360,    1272003
16,    2538969,     17.0,     17.0,     17.0,     54.0,  9, 10, 11,  9,    2382148,    2382148,    2382148,    2382148
16,    2539108,     22.0,     22.0,     22.0,     72.0,  9, 10, 11,  9,    2382245,    2382245,    2382245,    2382245
16,    2597348,     23.0,     23.0,     23.0,     76.0,  1,  2,  3,  1,    1272527,    1272527,    1272527,    1272527
16,    3988692,     11.0,     11.0,     11.0,     35.0,  1,  2,  3,  1,    1272556,    1272556,    1272556,    3988692
17,    1327284,     48.0,     48.0,     48.0,    151.0,  9, 10, 11,  9,    1454550,    1454550,    1454550,    1454550
17,    1476197,     23.0,     23.0,     23.0,     73.0,  9, 10, 11,  9,    1598853,    1598853,    1598853,    1598853
17,    1272511,     18.0,     18.0,     18.0,     60.0,  1,  2,  3,  1,    1272511,    1272511,    1272511,    1272511
17,     455239,     45.0,     44.0,     45.0,    142.0,  9, 10, 11,  9,     892789,     892789,     892789,     892789
17,     231563,     47.0,     47.0,     47.0,    147.0,  9, 10, 11,  9,    1044648,    1044648,    1044648,    1044648
17,    1118829,     50.0,     50.0,     50.0,    153.0,  9, 10, 11,  9,    1344569,    1344569,    1344569,    1344569
17,    1118839,     50.0,     50.0,     50.0,    153.0,  9, 10, 11,  9,    1344570,    1344570,    1344570,    1344570
17,     525317,     48.0,     47.0,     45.0,    141.0,  9, 10, 11, 11,    1049719,    1049719,    1049719,    1049719
17,    1486648,     53.0,     53.0,     53.0,    167.0,  9, 10, 11, 10,    1606187,    1606187,    1606187,    1606187
17,    2579513,     38.0,     38.0,     38.0,    123.0,  1,  2,  3,  3,      41532,      41532,      41532,      41532
17,    1272360,     24.0,     27.0,     25.0,     79.0,  1,  2,  3,  1,    1272360,    1272003,    1272360,    1272360
17,    1272532,     18.0,     18.0,     18.0,     59.0,  1,  2,  3,  1,    1272532,    1272532,    1272532,    1272532
17,    1272537,     16.0,     16.0,     16.0,     54.0,  1,  2,  3,  1,    1272537,    1272537,    1272537,    1272537
17,    1272551,     10.0,     10.0,     10.0,     33.0,  1,  2,  3,  1,    1272551,    1272551,    1272551,    1272551
17,    1272556,      8.0,      8.0,      8.0,     28.0,  1,  2,  3,  1,    1272556,    1272556,    1272556,    1272556
17,    1415793,     47.0,     48.0,     48.0,    148.0,  9, 10, 11,  9,    1533786,    1533786,    1533786,    1533786
17,    1476151,     45.0,     45.0,     45.0,    143.0,  9, 10, 11,  9,    1598831,    1598831,    1598831,    1598831
17,    1486643,     50.0,     50.0,     49.0,    153.0,  9, 10, 11,  9,    1606185,    1606185,    1606185,    1606185
17,    2528541,     24.0,     24.0,     24.0,     74.0,  9, 10, 11,  9,    2375072,    2375072,    2375072,    2375072
17,    2528505,     51.0,     54.0,     52.0,    157.0,  9, 10, 11,  9,     904855,     904855,     904855,     904855
17,    2528500,     51.0,     54.0,     51.0,    156.0,  9, 10, 11,  9,     904855,     904855,     904855,     904855
17,    2528536,     49.0,     50.0,     50.0,    152.0,  9, 10, 11,  9,    2375071,    2375071,    2375071,    2375071
17,    2528552,     48.0,     48.0,     47.0,    147.0,  9, 10, 11, 11,    2375078,    2375078,    2375078,    2375078
17,    2528560,     48.0,     47.0,     48.0,    148.0,  9, 10, 11, 10,     904855,    2375083,     904855,    2375083
17,    2528579,     46.0,     46.0,     46.0,    146.0,  9, 10, 11,  9,     904855,    2375092,    2375092,    2375092
17,    2528595,     45.0,     47.0,     46.0,    146.0,  1, 10,  3,  1,    1272003,      74327,    1272003,    1272003
17,    2537109,     26.0,     28.0,     27.0,     84.0,  1,  2,  3,  1,    1272003,    1272003,    1272003,    1272360
17,    2537117,     29.0,     31.0,     30.0,     93.0,  1,  2,  3,  1,    1272003,    1272360,    1272003,    1272360
17,    2537125,     30.0,     33.0,     31.0,     98.0,  1,  2,  3,  1,    1272003,    1272003,    1272003,    1272003
17,    2537134,     32.0,     35.0,     33.0,    104.0,  1,  2,  3,  1,    1272003,    1272003,    1272003,    1272360
17,    2537142,     33.0,     36.0,     34.0,    107.0,  1,  2,  3,  1,    1272003,    1272003,    1272003,    1272360
17,    2537151,     36.0,     39.0,     37.0,    116.0,  1,  2,  3,  1,    1272003,    1272003,    1272003,    1272003
17,    2537159,     38.0,     41.0,     39.0,    123.0,  1,  2,  3,  1,    1272003,    1272003,    1272003,    1272003
17,    2538969,     17.0,     17.0,     17.0,     54.0,  9, 10, 11,  9,    2382148,    2382148,    2382148,    2382148
17,    2539108,     22.0,     22.0,     22.0,     72.0,  9, 10, 11,  9,    2382245,    2382245,    2382245,    2382245
17,    2597348,     23.0,     23.0,     23.0,     76.0,  1,  2,  3,  1,    1272527,    1272527,    1272527,    1272527
17,    3988692,     11.0,     11.0,     11.0,     35.0,  1,  2,  3,  1,    1272556,    1272556,    1272556,    3988692
18,    1327284,     48.0,     48.0,     48.0,    150.0,  9, 10, 11,  9,    1454550,    1454550,    1454550,    1454550
18,    1476197,     23.0,     23.0,     23.0,     73.0,  9, 10, 11,  9,    1598853,    1598853,    1598853,    1598853
18,    1272511,     18.0,     18.0,     18.0,     60.0,  1,  2,  3,  1,    1272511,    1272511,    1272511,    1272511
18,     455239,     44.0,     45.0,     45.0,    140.0,  9, 10, 11,  9,     892789,     892789,     892789,     892789
18,     231563,     46.0,     47.0,     47.0,    146.0,  9, 10, 11,  9,    1044648,    1044648,    1044648,    1044648
18,    1118829,     49.0,     50.0,     49.0,    152.0,  9, 10, 11,  9,    1344569,    1344569,    1344569,    1344569
18,    1118839,     50.0,     50.0,     50.0,    153.0,  9, 10, 11,  9,    1344570,    1344570,    1344570,    1344570
18,     525317,     48.0,     48.0,     45.0,    143.0,  9, 10, 11, 11,    1049719,    1049719,    1049719,    1049719
18,    1486648,     53.0,     53.0,     53.0,    167.0,  9, 10, 11, 10,    1606187,    1606187,    1606187,    1606187
18,    2579513,     38.0,     38.0,     38.0,    123.0,  1,  2,  3,  3,      41532,      41532,      41532,      41532
18,    1272360,     24.0,     26.0,     25.0,     78.0,  1,  2,  3,  1,    1272360,    1272360,    1272003,    1272360
18,    1272532,     18.0,     18.0,     18.0,     59.0,  1,  2,  3,  1,    1272532,    1272532,    1272532,    1272532
18,    1272537,     16.0,     16.0,     16.0,     53.0,  1,  2,  3,  3,    1272537,    1272537,    1272537,    1272537
18,    1272551,     10.0,     10.0,     10.0,     32.0,  1,  2,  3,  3,    1272551,    1272551,    1272551,    1272551
18,    1272556,      8.0,      8.0,      8.0,     28.0,  1,  2,  3,  1,    1272556,    1272556,    1272556,    1272556
18,    1415793,     47.0,     47.0,     47.0,    148.0,  9, 10, 11,  9,    1533786,    1533786,    1533786,    1533786
18,    1476151,     45.0,     44.0,     45.0,    140.0,  9, 10, 11, 10,    1598831,    1598831,    1598831,    1598831
18,    1486643,     50.0,     50.0,     49.0,    151.0,  9, 10, 11, 11,    1606185,    1606185,    1606185,    1606185
18,    2528541,     24.0,     24.0,     24.0,     74.0,  9, 10, 11,  9,    2375072,    2375072,    2375072,    2375072
18,    2528505,     50.0,     53.0,     51.0,    153.0,  9, 10, 11,  9,     904855,     904855,     904855,     904855
18,    2528500,     50.0,     53.0,     51.0,    153.0,  9, 10, 11,  9,     904855,     904855,     904855,     904855
18,    2528536,     49.0,     50.0,     50.0,    151.0,  9, 10, 11,  9,     904855,    2375071,     904855,     904855
18,    2528552,     47.0,     48.0,     47.0,    145.0,  9, 10, 11,  9,     904855,    2375078,    2375078,    2375078
18,    2528560,     47.0,     47.0,     48.0,    147.0,  9, 10, 11,  9,     904855,    2375083,     904855,     904855
18,    2528579,     45.0,     46.0,     45.0,    144.0,  9, 10, 11, 11,     904855,    2375092,    2375092,    2375092
18,    2528595,     44.0,     47.0,     46.0,    145.0,  1, 10,  3,  1,    1272360,      74327,    1272003,    1272003
18,    2537109,     26.0,     28.0,     26.0,     84.0,  1,  2,  3,  1,    1272003,    1272003,    1272360,    1272003
18,    2537117,     29.0,     31.0,     29.0,     93.0,  1,  2,  3,  1,    1272003,    1272003,    1272003,    1272003
18,    2537125,     30.0,     33.0,     31.0,     97.0,  1,  2,  3,  1,    1272003,    1272003,    1272003,    1272360
18,    2537134,     32.0,     35.0,     33.0,    104.0,  1,  2,  3,  1,    1272003,    1272003,    1272003,    1272003
18,    2537142,     33.0,     36.0,     34.0,    106.0,  1,  2,  3,  1,    1272003,    1272003,    1272003,    1272360
18,    2537151,     35.0,     39.0,     36.0,    115.0,  1,  2,  3,  1,    1272360,    1272003,    1272360,    1272360
18,    2537159,     38.0,     41.0,     39.0,    122.0,  1,  2,  3,  1,    1272003,    1272003,    1272003,    1272003
18,    2538969,     17.0,     17.0,     17.0,     54.0,  9, 10, 11,  9,    2382148,    2382148,    2382148,    2382148
18,    2539108,     22.0,     22.0,     22.0,     72.0,  9, 10, 11,  9,    2382245,    2382245,    2382245,    2382245
18,    2597348,     23.0,     23.0,     23.0,     75.0,  1,  2,  3,  3,    1272527,    1272527,    1272527,    1272527
18,    3988692,     11.0,     11.0,     10.0,     35.0,  1,  2,  3,  1,    1272556,    1272556,    3988692,    3988692
19,    1327284,     48.0,     48.0,     48.0,    151.0,  9, 10, 11,  9,    1454550,    1454550,    1454550,    1454550
19,    1476197,     23.0,     23.0,     23.0,     73.0,  9, 10, 11,  9,    1598853,    1598853,    1598853,    1598853
19,    1272511,     18.0,     18.0,     18.0,     60.0,  1,  2,  3,  1,    1272511,    1272511,    1272511,    1272511
19,     455239,     45.0,     45.0,     44.0,    141.0,  9, 10, 11, 11,     892789,     892789,     892789,     892789
19,     231563,     47.0,     47.0,     47.0,    146.0,  9, 10, 11,  9,    1044648,    1044648,    1044648,    1044648
19,    1118829,     49.0,     49.0,     50.0,    151.0,  9, 10, 11,  9,    1344569,    1344569,    1344569,    1344569
19,    1118839,     49.0,     50.0,     49.0,    152.0,  9, 10, 11,  9,    1344570,    1344570,    1344570,    1344570
19,     525317,     48.0,     48.0,     47.0,    149.0,  9, 10, 11, 11,    1049719,    1049719,    1049719,    1049719
19,    1486648,     53.0,     53.0,     53.0,    167.0,  9, 10, 11, 10,    1606187,    1606187,    1606187,    1606187
19,    2579513,     38.0,     38.0,     38.0,    123.0,  1,  2,  3,  2,      41532,      41532,      41532,      41532
19,    1272360,     24.0,     24.0,     24.0,     77.0,  1,  2,  3,  1,    1272003,    1272360,    1272360,    1272360
19,    1272532,     18.0,     18.0,     18.0,     59.0,  1,  2,  3,  1,    1272532,    1272532,    1272532,    1272532
19,    1272537,     16.0,     16.0,     16.0,     53.0,  1,  2,  3,  2,    1272537,    1272537,    1272537,    1272537
19,    1272551,     10.0,     10.0,     10.0,     33.0,  1,  2,  3,  1,    1272551,    1272551,    1272551,    1272551
19,    1272556,      8.0,      8.0,      8.0,     28.0,  1,  2,  3,  1,    1272556,    1272556,    1272556,    1272556
19,    1415793,     47.0,     47.0,     47.0,    147.0,  9, 10, 11,  9,    1533786,    1533786,    1533786,    1533786
19,    1476151,     45.0,     44.0,     45.0,    141.0,  9, 10, 11, 10,    1598831,    1598831,    1598831,    1598831
19,    1486643,     50.0,     49.0,     50.0,    153.0,  9, 10, 11,  9,    1606185,    1606185,    1606185,    1606185
19,    2528541,     24.0,     24.0,     24.0,     74.0,  9, 10, 11,  9,    2375072,    2375072,    2375072,    2375072
19,    2528505,     49.0,     50.0,     50.0,    150.0,  9, 10, 11,  9,     904855,     904855,     904855,     904855
19,    2528500,     49.0,     49.0,     50.0,    149.0,  9, 10, 11,  9,     904855,     904855,     904855,     904855
19,    2528536,     48.0,     49.0,     49.0,    148.0,  9, 10, 11,  9,     904855,     904855,     904855,     904855
19,    2528552,     46.0,     47.0,     47.0,    145.0,  9, 10, 11,  9,     904855,     904855,    2375078,    2375078
19,    2528560,     46.0,     46.0,     47.0,    144.0,  9, 10, 11, 10,     904855,     904855,     904855,    2375083
19,    2528579,     44.0,     45.0,     45.0,    142.0,  9, 10, 11,  9,     904855,     904855,     904855,     904855
19,    2528595,     44.0,     44.0,     45.0,    142.0,  1,  2,  3,  1,    1272003,    1272360,    1272003,    1272003
19,    2537109,     25.0,     26.0,     26.0,     82.0,  1,  2,  3,  1,    1272003,    1272003,    1272003,    1272003
19,    2537117,     28.0,     29.0,     29.0,     91.0,  1,  2,  3,  1,    1272003,    1272003,    1272003,    1272003
19,    2537125,     29.0,     30.0,     30.0,     95.0,  1,  2,  3,  1,    1272003,    1272003,    1272003,    1272360
19,    2537134,     31.0,     32.0,     32.0,    101.0,  1,  2,  3,  1,    1272003,    1272003,    1272003,    1272360
19,    2537142,     32.0,     33.0,     33.0,    104.0,  1,  2,  3,  1,    1272003,    1272003,    1272003,    1272003
19,    2537151,     35.0,     35.0,     36.0,    113.0,  1,  2,  3,  1,    1272003,    1272360,    1272003,    1272003
19,    2537159,     37.0,     37.0,     38.0,    119.0,  1,  2,  3,  1,    1272003,    1272360,    1272003,    1272360
19,    2538969,     17.0,     17.0,     17.0,     54.0,  9, 10, 11,  9,    2382148,    2382148,    2382148,    2382148
19,    2539108,     22.0,     22.0,     22.0,     72.0,  9, 10, 11,  9,    2382245,    2382245,    2382245,    2382245
19,    2597348,     23.0,     23.0,     23.0,     76.0,  1,  2,  3,  1,    1272527,    1272527,    1272527,    1272527
19,    3988692,     11.0,     10.0,     11.0,     35.0,  1,  2,  3,  1,    1272556,    3988692,    1272556,    3988692
20,    1327284,     47.0,     48.0,     48.0,    150.0,  9, 10, 11,  9,    1454550,    1454550,    1454550,    1454550
20,    1476197,     23.0,     23.0,     23.0,     72.0,  9, 10, 11, 11,    1598853,    1598853,    1598853,    1598853
20,    1272511,     18.0,     18.0,     18.0,     59.0,  1,  2,  3,  2,    1272511,    1272511,    1272511,    1272511
20,     455239,     45.0,     45.0,     45.0,    142.0,  9, 10, 11,  9,     892789,     892789,     892789,     892789
20,     231563,     45.0,     47.0,     47.0,    142.0,  9, 10, 11,  9,    1044648,    1044648,    1044648,    1044648
20,    1118829,     49.0,     50.0,     49.0,    152.0,  9, 10, 11,  9,    1344569,    1344569,    1344569,    1344569
20,    1118839,     49.0,     48.0,     49.0,    149.0,  9, 10, 11, 10,    1344570,    1344570,    1344570,    1344570
20,     525317,     48.0,     48.0,     48.0,    150.0,  9, 10, 11, 10,    1049719,    1049719,    1049719,    1049719
20,    1486648,     53.0,     53.0,     53.0,    166.0,  9, 10, 11, 11,    1606187,    1606187,    1606187,    1606187
20,    2579513,     38.0,     38.0,     38.0,    123.0,  1,  2,  3,  1,      41532,      41532,      41532,      41532
20,    1272360,     23.0,     25.0,     22.0,     72.0,  1,  2,  3,  3,    1272360,    1272003,    1272360,    1272360
20,    1272532,     18.0,     18.0,     18.0,     59.0,  1,  2,  3,  1,    1272532,    1272532,    1272532,    1272532
20,    1272537,     16.0,     16.0,     16.0,     53.0,  1,  2,  3,  2,    1272537,    1272537,    1272537,    1272537
20,    1272551,     10.0,     10.0,     10.0,     32.0,  1,  2,  3,  2,    1272551,    1272551,    1272551,    1272551
20,    1272556,      8.0,      8.0,      8.0,     28.0,  1,  2,  3,  1,    1272556,    1272556,    1272556,    1272556
20,    1415793,     45.0,     47.0,     47.0,    143.0,  9, 10, 11,  9,    1533786,    1533786,    1533786,    1533786
20,    1476151,     44.0,     45.0,     45.0,    141.0,  9, 10, 11,  9,    1598831,    1598831,    1598831,    1598831
20,    1486643,     49.0,     49.0,     50.0,    151.0,  9, 10, 11, 10,    1606185,    1606185,    1606185,    1606185
20,    2528541,     24.0,     24.0,     24.0,     74.0,  9, 10, 11,  9,    2375072,    2375072,    2375072,    2375072
20,    2528505,     49.0,     51.0,     46.0,    142.0,  9, 10, 11, 11,     904855,     904855,     904855,     904855
20,    2528500,     48.0,     50.0,     46.0,    141.0,  9, 10, 11, 11,     904855,     904855,     904855,     904855
20,    2528536,     47.0,     49.0,     45.0,    140.0,  9, 10, 11, 11,     904855,     904855,     904855,     904855
20,    2528552,     46.0,     48.0,     44.0,    137.0,  9, 10, 11, 11,     904855,     904855,     904855,     904855
20,    2528560,     45.0,     46.0,     43.0,    136.0,  9, 10, 11, 11,     904855,    2375083,     904855,     904855
20,    2528579,     44.0,     46.0,     42.0,    134.0,  9, 10, 11, 11,     904855,     904855,     904855,     904855
20,    2528595,     42.0,     46.0,     41.0,    133.0,  1,  2,  3, 11,    1272003,    1272003,    1272003,     904855
20,    2537109,     25.0,     26.0,     24.0,     77.0,  1,  2,  3,  3,    1272003,    1272360,    1272003,    1272360
20,    2537117,     27.0,     29.0,     26.0,     86.0,  1,  2,  3,  3,    1272003,    1272003,    1272360,    1272003
20,    2537125,     29.0,     31.0,     28.0,     90.0,  1,  2,  3,  3,    1272003,    1272003,    1272003,    1272003
20,    2537134,     30.0,     33.0,     29.0,     96.0,  1,  2,  3,  3,    1272003,    1272003,    1272360,    1272003
20,    2537142,     31.0,     34.0,     30.0,     98.0,  1,  2,  3,  3,    1272003,    1272003,    1272003,    1272360
20,    2537151,     34.0,     36.0,     33.0,    107.0,  1,  2,  3,  3,    1272003,    1272360,    1272003,    1272003
20,    2537159,     36.0,     39.0,     35.0,    113.0,  1,  2,  3,  3,    1272003,    1272003,    1272003,    1272003
20,    2538969,     17.0,     17.0,     17.0,     54.0,  9, 10, 11,  9,    2382148,    2382148,    2382148,    2382148
20,    2539108,     22.0,     22.0,     22.0,     72.0,  9, 10, 11,  9,    2382245,    2382245,    2382245,    2382245
20,    2597348,     23.0,     23.0,     23.0,     75.0,  1,  2,  3,  2,    1272527,    1272527,    1272527,    1272527
20,    3988692,     11.0,     10.0,     10.0,     35.0,  1,  2,  3,  1,    1272556,    3988692,    3988692,    3988692
21,    1327284,     48.0,     48.0,     47.0,    150.0,  9, 10, 11, 11,    1454550,    1454550,    1454550,    1454550
21,    1476197,     23.0,     23.0,     23.0,     72.0,  9, 10, 11,  9,    1598853,    1598853,    1598853,    1598853
21,    1272511,     18.0,     18.0,     18.0,     58.0,  1,  2,  3,  1,    1272511,    1272511,    1272511,    1272511
21,     455239,     45.0,     45.0,     43.0,    137.0,  9, 10, 11, 11,     892789,     892789,     892789,     892789
21,     231563,     46.0,     47.0,     47.0,    145.0,  9, 10, 11,  9,    1044648,    1044648,    1044648,    1044648
21,    1118829,     49.0,     50.0,     49.0,    152.0,  9, 10, 11,  9,    1344569,    1344569,    1344569,    1344569
21,    1118839,     49.0,     49.0,     50.0,    151.0,  9, 10, 11, 10,    1344570,    1344570,    1344570,    1344570
21,     525317,     48.0,     48.0,     48.0,    150.0,  9, 10, 11, 10,    1049719,    1049719,    1049719,    1049719
21,    1486648,     51.0,     51.0,     51.0,    160.0,  9, 10, 11, 11,    1606187,    1606187,    1606187,    1606187
21,    2579513,     37.0,     37.0,     37.0,    119.0,  1,  2,  3,  3,      41532,      41532,      41532,      41532
21,    1272360,     18.0,     22.0,     21.0,     60.0,  1,  2,  3,  1,    1272360,    1272003,    1272003,    1272360
21,    1272532,     18.0,     18.0,     17.0,     57.0,  1,  2,  3,  1,    1272532,    1272532,    1272532,    1272532
21,    1272537,     16.0,     16.0,     16.0,     52.0,  1,  2,  3,  1,    1272537,    1272537,    1272537,    1272537
21,    1272551,     10.0,     10.0,      9.0,     31.0,  1,  2,  3,  3,    1272551,    1272551,    1272551,    1272551
21,    1272556,      8.0,      8.0,      8.0,     27.0,  1,  2,  3,  1,    1272556,    1272556,    1272556,    1272556
21,    1415793,     47.0,     47.0,     47.0,    148.0,  9, 10, 11,  9,    1533786,    1533786,    1533786,    1533786
21,    1476151,     45.0,     45.0,     45.0,    142.0,  9, 10, 11, 11,    1598831,    1598831,    1598831,    1598831
21,    1486643,     49.0,     49.0,     49.0,    150.0,  9, 10, 11, 10,    1606185,    1606185,    1606185,    1606185
21,    2528541,     24.0,     24.0,     24.0,     74.0,  9, 10, 11,  9,    2375072,    2375072,    2375072,    2375072
21,    2528505,     42.0,     48.0,     44.0,    129.0,  9, 10, 11,  9,     904855,     904855,     904855,     904855
21,    2528500,     42.0,     47.0,     44.0,    129.0,  9, 10, 11,  9,     904855,     904855,     904855,     904855
21,    2528536,     41.0,     47.0,     43.0,    127.0,  9, 10, 11,  9,     904855,     904855,     904855,     904855
21,    2528552,     40.0,     45.0,     42.0,    125.0,  9, 10, 11,  9,     904855,     904855,     904855,     904855
21,    2528560,     39.0,     44.0,     41.0,    124.0,  9, 10, 11,  9,     904855,     904855,     904855,     904855
21,    2528579,     38.0,     43.0,     40.0,    122.0,  1, 10, 11,  9,    1272003,     904855,     904855,     904855
21,    2528595,     34.0,     40.0,     38.0,    111.0,  1,  2,  3,  1,    1272003,    1272360,    1272003,    1272360
21,    2537109,     20.0,     23.0,     22.0,     64.0,  1,  2,  3,  1,    1272003,    1272003,    1272003,    1272360
21,    2537117,     22.0,     26.0,     24.0,     71.0,  1,  2,  3,  1,    1272003,    1272003,    1272360,    1272360
21,    2537125,     23.0,     27.0,     26.0,     74.0,  1,  2,  3,  1,    1272003,    1272003,    1272003,    1272360
21,    2537134,     24.0,     29.0,     27.0,     79.0,  1,  2,  3,  1,    1272360,    1272003,    1272003,    1272360
21,    2537142,     25.0,     30.0,     28.0,     81.0,  1,  2,  3,  1,    1272003,    1272003,    1272003,    1272360
21,    2537151,     27.0,     32.0,     30.0,     88.0,  1,  2,  3,  1,    1272003,    1272003,    1272360,    1272360
21,    2537159,     29.0,     34.0,     32.0,     93.0,  1,  2,  3,  1,    1272003,    1272003,    1272003,    1272360
21,    2538969,     17.0,     17.0,     17.0,     54.0,  9, 10, 11,  9,    2382148,    2382148,    2382148,    2382148
21,    2539108,     22.0,     22.0,     22.0,     71.0,  9, 10, 11, 10,    2382245,    2382245,    2382245,    2382245
21,    2597348,     23.0,     23.0,     22.0,     73.0,  1,  2,  3,  3,    1272527,    1272527,    1272527,    1272527
21,    3988692,     10.0,     10.0,     10.0,     34.0,  1,  2,  3,  1,    3988692,    3988692,    3988692,    3988692
22,    1327284,     48.0,     48.0,     48.0,    151.0,  9, 10, 11,  9,    1454550,    1454550,    1454550,    1454550
22,    1476197,     23.0,     23.0,     23.0,     72.0,  9, 10, 11,  9,    1598853,    1598853,    1598853,    1598853
22,    1272511,     18.0,     18.0,     18.0,     58.0,  1,  2,  3,  3,    1272511,    1272511,    1272511,    1272511
22,     455239,     45.0,     45.0,     44.0,    142.0,  9, 10, 11, 11,     892789,     892789,     892789,     892789
22,     231563,     47.0,     47.0,     47.0,    148.0,  9, 10, 11, 10,    1044648,    1044648,    1044648,    1044648
22,    1118829,     49.0,     50.0,     50.0,    152.0,  9, 10, 11,  9,    1344569,    1344569,    1344569,    1344569
22,    1118839,     50.0,     49.0,     50.0,    153.0,  9, 10, 11,  9,    1344570,    1344570,    1344570,    1344570
22,     525317,     48.0,     47.0,     47.0,    147.0,  9, 10, 11, 10,    1049719,    1049719,    1049719,    1049719
22,    1486648,     51.0,     51.0,     51.0,    161.0,  9, 10, 11, 10,    1606187,    1606187,    1606187,    1606187
22,    2579513,     37.0,     37.0,     37.0,    120.0,  1,  2,  3,  3,      41532,      41532,      41532,      41532
22,    1272360,     21.0,     23.0,     23.0,     68.0,  1,  2,  3,  1,    1272360,    1272360,    1272003,    1272360
22,    1272532,     18.0,     18.0,     18.0,     57.0,  1,  2,  3,  3,    1272532,    1272532,    1272532,    1272532
22,    1272537,     16.0,     16.0,     16.0,     52.0,  1,  2,  3,  3,    1272537,    1272537,    1272537,    1272537
22,    1272551,     10.0,     10.0,     10.0,     32.0,  1,  2,  3,  1,    1272551,    1272551,    1272551,    1272551
22,    1272556,      8.0,      8.0,      8.0,     27.0,  1,  2,  3,  1,    1272556,    1272556,    1272556,    1272556
22,    1415793,     47.0,     47.0,     48.0,    149.0,  9, 10, 11,  9,    1533786,    1533786,    1533786,    1533786
22,    1476151,     44.0,     45.0,     45.0,    140.0,  9, 10, 11,  9,    1598831,    1598831,    1598831,    1598831
22,    1486643,     50.0,     49.0,     49.0,    151.0,  9, 10, 11, 10,    1606185,    1606185,    1606185,    1606185
22,    2528541,     24.0,     24.0,     24.0,     74.0,  9, 10, 11,  9,    2375072,    2375072,    2375072,    2375072
22,    2528505,     46.0,     49.0,     47.0,    140.0,  9, 10, 11,  9,     904855,     904855,     904855,     904855
22,    2528500,     45.0,     48.0,     47.0,    139.0,  9, 10, 11,  9,     904855,     904855,     904855,     904855
22,    2528536,     45.0,     48.0,     46.0,    138.0,  9, 10, 11,  9,     904855,     904855,     904855,     904855
22,    2528552,     43.0,     46.0,     44.0,    135.0,  9, 10, 11,  9,     904855,     904855,     904855,     904855
22,    2528560,     42.0,     46.0,     44.0,    134.0,  9, 10, 11,  9,     904855,     904855,     904855,     904855
22,    2528579,     41.0,     44.0,     42.0,    132.0,  9, 10, 11,  9,     904855,     904855,     904855,     904855
22,    2528595,     39.0,     43.0,     42.0,    127.0,  1,  2,  3,  1,    1272003,    1272360,    1272003,    1272360
22,    2537109,     22.0,     25.0,     24.0,     73.0,  1,  2,  3,  1,    1272360,    1272003,    1272003,    1272003
22,    2537117,     25.0,     28.0,     27.0,     81.0,  1,  2,  3,  1,    1272003,    1272003,    1272003,    1272003
22,    2537125,     26.0,     29.0,     28.0,     85.0,  1,  2,  3,  1,    1272003,    1272003,    1272003,    1272003
22,    2537134,     28.0,     31.0,     30.0,     90.0,  1,  2,  3,  1,    1272003,    1272003,    1272003,    1272360
22,    2537142,     29.0,     32.0,     31.0,     93.0,  1,  2,  3,  1,    1272003,    1272003,    1272003,    1272003
22,    2537151,     31.0,     35.0,     33.0,    101.0,  1,  2,  3,  1,    1272003,    1272003,    1272360,    1272003
22,    2537159,     33.0,     37.0,     35.0,    106.0,  1,  2,  3,  1,    1272003,    1272003,    1272360,    1272360
22,    2538969,     17.0,     17.0,     17.0,     54.0,  9, 10, 11,  9,    2382148,    2382148,    2382148,    2382148
22,    2539108,     22.0,     22.0,     22.0,     71.0,  9, 10, 11, 11,    2382245,    2382245,    2382245,    2382245
22,    2597348,     23.0,     23.0,     23.0,     73.0,  1,  2,  3,  3,    1272527,    1272527,    1272527,    1272527
22,    3988692,     10.0,     10.0,     10.0,     34.0,  1,  2,  3,  1,    3988692,    3988692,    3988692,    3988692
23,    1327284,     48.0,     48.0,     48.0,    151.0,  9, 10, 11,  9,    1454550,    1454550,    1454550,    1454550
23,    1476197,     23.0,     23.0,     23.0,     73.0,  9, 10, 11,  9,    1598853,    1598853,    1598853,    1598853
23,    1272511,     18.0,     18.0,     18.0,     59.0,  1,  2,  3,  2,    1272511,    1272511,    1272511,    1272511
23,     455239,     45.0,     45.0,     44.0,    142.0,  9, 10, 11, 11,     892789,     892789,     892789,     892789
23,     231563,     47.0,     47.0,     47.0,    148.0,  9, 10, 11, 10,    1044648,    1044648,    1044648,    1044648
23,    1118829,     49.0,     50.0,     50.0,    151.0,  9, 10, 11,  9,    1344569,    1344569,    1344569,    1344569
23,    1118839,     50.0,     50.0,     50.0,    153.0,  9, 10, 11,  9,    1344570,    1344570,    1344570,    1344570
23,     525317,     48.0,     48.0,     47.0,    148.0,  9, 10, 11, 11,    1049719,    1049719,    1049719,    1049719
23,    1486648,     51.0,     51.0,     51.0,    161.0,  9, 10, 11, 11,    1606187,    1606187,    1606187,    1606187
23,    2579513,     38.0,     37.0,     37.0,    121.0,  1,  2,  3,  3,      41532,    1272511,      41532,      41532
23,    1272360,     24.0,     26.0,     25.0,     78.0,  1,  2,  3,  1,    1272360,    1272003,    1272003,    1272360
23,    1272532,     18.0,     18.0,     18.0,     58.0,  1,  2,  3,  2,    1272532,    1272532,    1272532,    1272532
23,    1272537,     16.0,     16.0,     16.0,     53.0,  1,  2,  3,  1,    1272537,    1272537,    1272537,    1272537
23,    1272551,     10.0,     10.0,     10.0,     32.0,  1,  2,  3,  1,    1272551,    1272551,    1272551,    1272551
23,    1272556,      8.0,      8.0,      8.0,     27.0,  1,  2,  3,  3,    1272556,    1272556,    1272556,    1272556
23,    1415793,     47.0,     47.0,     48.0,    149.0,  9, 10, 11,  9,    1533786,    1533786,    1533786,    1533786
23,    1476151,     44.0,     45.0,     45.0,    141.0,  9, 10, 11,  9,    1598831,    1598831,    1598831,    1598831
23,    1486643,     50.0,     49.0,     50.0,    153.0,  9, 10, 11,  9,    1606185,    1606185,    1606185,    1606185
23,    2528541,     24.0,     24.0,     24.0,     74.0,  9, 10, 11,  9,    2375072,    2375072,    2375072,    2375072
23,    2528505,     50.0,     52.0,     51.0,    152.0,  9, 10, 11,  9,     904855,     904855,     904855,     904855
23,    2528500,     49.0,     52.0,     50.0,    151.0,  9, 10, 11,  9,     904855,     904855,     904855,     904855
23,    2528536,     49.0,     50.0,     50.0,    150.0,  9, 10, 11,  9,     904855,    2375071,     904855,     904855
23,    2528552,     47.0,     47.0,     47.0,    146.0,  9, 10, 11, 11,     904855,    2375078,    2375078,    2375078
23,    2528560,     46.0,     48.0,     47.0,    146.0,  9, 10, 11,  9,     904855,    2375083,     904855,     904855
23,    2528579,     45.0,     46.0,     46.0,    144.0,  9, 10, 11,  9,     904855,    2375092,     904855,     904855
23,    2528595,     44.0,     47.0,     46.0,    144.0,  1,  2,  3,  1,    1272003,    1272360,    1272003,    1272360
23,    2537109,     26.0,     27.0,     26.0,     83.0,  1,  2,  3,  1,    1272003,    1272360,    1272360,    1272360
23,    2537117,     28.0,     30.0,     29.0,     92.0,  1,  2,  3,  1,    1272003,    1272360,    1272003,    1272360
23,    2537125,     30.0,     32.0,     31.0,     97.0,  1,  2,  3,  1,    1272003,    1272003,    1272003,    1272003
23,    2537134,     32.0,     34.0,     33.0,    103.0,  1,  2,  3,  1,    1272003,    1272003,    1272003,    1272003
23,    2537142,     33.0,     35.0,     34.0,    106.0,  1,  2,  3,  1,    1272003,    1272003,    1272003,    1272003
23,    2537151,     35.0,     38.0,     36.0,    115.0,  1,  2,  3,  1,    1272003,    1272003,    1272360,    1272003
23,    2537159,     37.0,     40.0,     39.0,    121.0,  1,  2,  3,  1,    1272003,    1272003,    1272003,    1272360
23,    2538969,     17.0,     17.0,     17.0,     54.0,  9, 10, 11,  9,    2382148,    2382148,    2382148,    2382148
23,    2539108,     22.0,     22.0,     22.0,     72.0,  9, 10, 11,  9,    2382245,    2382245,    2382245,    2382245
23,    2597348,     23.0,     23.0,     23.0,     74.0,  1,  2,  3,  3,    1272527,    1272527,    1272527,    1272527
23,    3988692,     10.0,     10.0,     10.0,     34.0,  1,  2,  3,  2,    3988692,    3988692,    3988692,    3988692
24,    1327284,     57.0,     57.0,     57.0,    164.0,  9, 10, 11, 10,    1454550,    1454550,    1454550,    1454550
24,    1476197,     26.0,     26.0,     26.0,     77.0,  9, 10, 11,  9,    1598853,    1598853,    1598853,    1598853
24,    1272511,     21.0,     21.0,     21.0,     61.0,  4,  5,  6,  4,    1272511,    1272511,    1272511,    1272511
24,     455239,     55.0,     55.0,     55.0,    160.0,  9, 10, 11,  9,     892789,     892789,     892789,     892789
24,     231563,     56.0,     56.0,     57.0,    166.0, 12, 12, 11,  9,    1044648,    1044648,    1044648,    1044648
24,    1118829,     55.0,     55.0,     55.0,    162.0,  9, 10, 11,  9,    1344569,    1344569,    1344569,    1344569
24,    1118839,     55.0,     55.0,     54.0,    162.0,  9, 10, 12,  9,    1344570,    1344570,    1344570,    1344570
24,     525317,     56.0,     56.0,     56.0,    165.0, 12, 12, 12,  9,    1049719,    1049719,    1049719,    1049719
24,    1486648,     62.0,     62.0,     63.0,    187.0, 12, 12, 12,  9,    1606187,    1606187,    1606187,    1606187
24,    2579513,     44.0,     44.0,     44.0,    125.0,  4,  5,  6,  4,      41532,      41532,      41532,      41532
24,    1272360,     48.0,     45.0,     48.0,    130.0,  4,  7,  6,  5,    1272360,    1272360,    1272360,    1272360
24,    1272532,     21.0,     21.0,     21.0,     60.0,  4,  5,  6,  4,    1272532,    1272532,    1272532,    1272532
24,    1272537,     19.0,     19.0,     19.0,     54.0,  4,  5,  6,  4,    1272537,    1272537,    1272537,    1272537
24,    1272551,     11.0,     11.0,     11.0,     33.0,  4,  5,  6,  4,    1272551,    1272551,    1272551,    1272551
24,    1272556,     10.0,     10.0,     10.0,     28.0,  4,  5,  6,  4,    1272556,    1272556,    1272556,    1272556
24,    1415793,     57.0,     56.0,     56.0,    166.0,  9, 12, 12, 11,    1533786,    1533786,    1533786,    1533786
24,    1476151,     55.0,     54.0,     55.0,    159.0,  9, 12, 12, 10,    1598831,    1598831,    1598831,    1598831
24,    1486643,     55.0,     55.0,     54.0,    162.0,  9, 10, 12,  9,    1606185,    1606185,    1606185,    1606185
24,    2528541,     25.0,     25.0,     25.0,     76.0,  9, 10, 11,  9,    2375072,    2375072,    2375072,    2375072
24,    2528505,     68.0,     65.0,     68.0,    203.0,  9, 12, 12,  9,    2375057,     904855,     904855,    2375057
24,    2528500,     68.0,     65.0,     68.0,    204.0, 12, 12, 12,  9,    2375055,     904855,     904855,    2375055
24,    2528536,     54.0,     54.0,     54.0,    162.0, 12, 12, 11,  9,    2375071,    2375071,    2375071,    2375071
24,    2528552,     56.0,     54.0,     55.0,    165.0, 12, 12, 12, 10,    2375078,    2375078,    2375078,    2375078
24,    2528560,     56.0,     56.0,     55.0,    163.0,  9, 12, 12,  9,    2375083,    2375083,    2375083,    2375083
24,    2528579,     56.0,     56.0,     57.0,    165.0, 12, 12, 11,  9,    2375092,    2375092,    2375092,    2375092
24,    2528595,     57.0,     57.0,     57.0,    164.0,  9, 10, 11,  9,      74327,      74327,      74327,      74327
24,    2537109,     51.0,     48.0,     50.0,    137.0,  4,  7,  6,  5,    2537104,    1272360,    2537109,    2537109
24,    2537117,     56.0,     53.0,     55.0,    150.0,  4,  7,  6,  5,    2537112,    1272003,    2537117,    2537117
24,    2537125,     58.0,     55.0,     57.0,    156.0,  4,  5,  6,  5,    2537125,    2537125,    2537125,    2537125
24,    2537134,     58.0,     58.0,     58.0,    165.0, 12,  5, 12,  5,    2381181,    2537134,    2381181,    2537134
24,    2537142,     57.0,     59.0,     58.0,    166.0, 12, 10, 11,  9,    2381184,    2381184,    2381184,    2381184
24,    2537151,     59.0,     57.0,     57.0,    166.0,  9, 12, 12, 10,    2381187,    2381187,    2381187,    2381187
24,    2537159,     58.0,     58.0,     56.0,    168.0, 12, 12, 12, 10,    2381190,    2381190,    2381190,    2381190
24,    2538969,     20.0,     20.0,     20.0,     59.0,  9, 10, 11,  9,    2382148,    2382148,    2382148,    2382148
24,    2539108,     27.0,     27.0,     27.0,     79.0,  9, 10, 11,  9,    2382245,    2382245,    2382245,    2382245
24,    2597348,     27.0,     27.0,     27.0,     77.0,  4,  5,  6,  4,    1272527,    1272527,    1272527,    1272527
24,    3988692,     12.0,     12.0,     12.0,     35.0,  4,  5,  6,  4,    3988692,    3988692,    3988692,    3988692
25,    1327284,     57.0,     57.0,     57.0,    164.0,  9, 10, 11, 10,    1454550,    1454550,    1454550,    1454550
25,    1476197,     26.0,     26.0,     26.0,     77.0,  9, 10, 11,  9,    1598853,    1598853,    1598853,    1598853
25,    1272511,     21.0,     21.0,     21.0,     61.0,  4,  5,  6,  4,    1272511,    1272511,    1272511,    1272511
25,     455239,     55.0,     55.0,     55.0,    160.0,  9, 10, 11,  9,     892789,     892789,     892789,     892789
25,     231563,     56.0,     56.0,     56.0,    166.0, 12, 12, 12,  9,    1044648,    1044648,    1044648,    1044648
25,    1118829,     54.0,     55.0,     55.0,    162.0, 12, 10, 11,  9,    1344569,    1344569,    1344569,    1344569
25,    1118839,     54.0,     54.0,     55.0,    162.0, 12, 12, 11,  9,    1344570,    1344570,    1344570,    1344570
25,     525317,     55.0,     58.0,     56.0,    164.0, 12, 10, 12,  9,    1049719,    1049719,    1049719,    1049719
25,    1486648,     62.0,     62.0,     62.0,    187.0, 12, 12, 12,  9,    1606187,    1606187,    1606187,    1606187
25,    2579513,     44.0,     44.0,     44.0,    125.0,  4,  5,  6,  5,      41532,      41532,      41532,      41532
25,    1272360,     47.0,     45.0,     46.0,    129.0,  4,  5,  6,  5,    1272360,    1272360,    1272360,    1272360
25,    1272532,     21.0,     21.0,     21.0,     60.0,  4,  5,  6,  4,    1272532,    1272532,    1272532,    1272532
25,    1272537,     19.0,     19.0,     19.0,     54.0,  4,  5,  6,  4,    1272537,    1272537,    1272537,    1272537
25,    1272551,     11.0,     11.0,     11.0,     33.0,  4,  5,  6,  4,    1272551,    1272551,    1272551,    1272551
25,    1272556,     10.0,     10.0,     10.0,     28.0,  4,  5,  6,  4,    1272556,    1272556,    1272556,    1272556
25,    1415793,     57.0,     56.0,     56.0,    166.0,  9, 12, 12, 10,    1533786,    1533786,    1533786,    1533786
25,    1476151,     55.0,     55.0,     55.0,    159.0,  9, 10, 11, 10,    1598831,    1598831,    1598831,    1598831
25,    1486643,     55.0,     54.0,     54.0,    162.0,  9, 12, 12, 10,    1606185,    1606185,    1606185,    1606185
25,    2528541,     25.0,     25.0,     25.0,     76.0,  9, 10, 11,  9,    2375072,    2375072,    2375072,    2375072
25,    2528505,     68.0,     67.0,     67.0,    203.0,  9, 12, 12,  9,    2375057,     904855,     904855,    2375057
25,    2528500,     68.0,     67.0,     67.0,    204.0, 12, 12, 12,  9,    2375055,     904855,     904855,    2375055
25,    2528536,     54.0,     54.0,     54.0,    161.0,  9, 12, 11, 11,    2375071,    2375071,    2375071,    2375071
25,    2528552,     55.0,     55.0,     55.0,    165.0, 12, 12, 12,  9,    2375078,    2375078,    2375078,    2375078
25,    2528560,     56.0,     55.0,     55.0,    163.0,  9, 12, 12,  9,    2375083,    2375083,    2375083,    2375083
25,    2528579,     56.0,     56.0,     57.0,    165.0, 12, 12, 12,  9,    2375092,    2375092,    2375092,    2375092
25,    2528595,     57.0,     57.0,     57.0,    164.0,  9, 10, 11,  9,      74327,      74327,      74327,      74327
25,    2537109,     50.0,     47.0,     48.0,    135.0,  4,  5,  6,  5,    2537104,    2537109,    2537109,    2537109
25,    2537117,     54.0,     52.0,     53.0,    148.0,  4,  5,  6,  5,    2537117,    2537117,    2537117,    2537117
25,    2537125,     57.0,     54.0,     55.0,    155.0,  4,  5,  6,  5,    2537125,    2537125,    2537125,    2537125
25,    2537134,     58.0,     57.0,     58.0,    164.0, 12,  5, 12,  5,    2381181,    2537134,    2381181,    2537134
25,    2537142,     58.0,     58.0,     58.0,    166.0,  9, 10, 11,  9,    2381184,    2381184,    2381184,    2381184
25,    2537151,     58.0,     57.0,     57.0,    166.0,  9, 12, 12,  9,    2381187,    2381187,    2381187,    2381187
25,    2537159,     59.0,     58.0,     55.0,    168.0, 12, 10, 12, 10,    2381190,    2381190,    2381190,    2381190
25,    2538969,     20.0,     20.0,     20.0,     59.0,  9, 10, 11,  9,    2382148,    2382148,    2382148,    2382148
25,    2539108,     27.0,     27.0,     27.0,     79.0,  9, 10, 11,  9,    2382245,    2382245,    2382245,    2382245
25,    2597348,     27.0,     27.0,     27.0,     77.0,  4,  5,  6,  4,    1272527,    1272527,    1272527,    1272527
25,    3988692,     12.0,     12.0,     12.0,     35.0,  4,  5,  6,  4,    3988692,    3988692,    3988692,    3988692
26,    1327284,     57.0,     57.0,     57.0,    164.0,  9, 10, 11, 10,    1454550,    1454550,    1454550,    1454550
26,    1476197,     26.0,     26.0,     26.0,     77.0,  9, 10, 11,  9,    1598853,    1598853,    1598853,    1598853
26,    1272511,     21.0,     21.0,     21.0,     60.0,  4,  5,  6,  4,    1272511,    1272511,    1272511,    1272511
26,     455239,     55.0,     55.0,     55.0,    160.0,  9, 10, 11,  9,     892789,     892789,     892789,     892789
26,     231563,     56.0,     56.0,     57.0,    166.0, 12, 12, 11,  9,    1044648,    1044648,    1044648,    1044648
26,    1118829,     55.0,     55.0,     55.0,    162.0,  9, 10, 11,  9,    1344569,    1344569,    1344569,    1344569
26,    1118839,     55.0,     55.0,     54.0,    162.0,  9, 10, 12,  9,    1344570,    1344570,    1344570,    1344570
26,     525317,     56.0,     56.0,     57.0,    165.0, 12, 12, 11,  9,    1049719,    1049719,    1049719,    1049719
26,    1486648,     62.0,     62.0,     62.0,    187.0, 12, 12, 12,  9,    1606187,    1606187,    1606187,    1606187
26,    2579513,     44.0,     44.0,     44.0,    125.0,  4,  5,  6,  4,      41532,      41532,      41532,      41532
26,    1272360,     47.0,     44.0,     45.0,    127.0,  4,  5,  6,  5,    1272360,    1272360,    1272360,    1272360
26,    1272532,     21.0,     21.0,     21.0,     60.0,  4,  5,  6,  4,    1272532,    1272532,    1272532,    1272532
26,    1272537,     19.0,     19.0,     19.0,     54.0,  4,  5,  6,  4,    1272537,    1272537,    1272537,    1272537
26,    1272551,     11.0,     11.0,     11.0,     33.0,  4,  5,  6,  4,    1272551,    1272551,    1272551,    1272551
26,    1272556,     10.0,     10.0,     10.0,     28.0,  4,  5,  6,  4,    1272556,    1272556,    1272556,    1272556
26,    1415793,     57.0,     56.0,     56.0,    165.0,  9, 12, 12, 10,    1533786,    1533786,    1533786,    1533786
26,    1476151,     55.0,     54.0,     55.0,    159.0,  9, 12, 11,  9,    1598831,    1598831,    1598831,    1598831
26,    1486643,     55.0,     54.0,     54.0,    162.0,  9, 12, 12,  9,    1606185,    1606185,    1606185,    1606185
26,    2528541,     25.0,     25.0,     25.0,     76.0,  9, 10, 11,  9,    2375072,    2375072,    2375072,    2375072
26,    2528505,     68.0,     67.0,     66.0,    203.0,  9, 12, 12,  9,    2375057,     904855,     904855,    2375057
26,    2528500,     68.0,     68.0,     66.0,    205.0, 12, 12, 12,  9,    2375055,     904855,     904855,    2375055
26,    2528536,     54.0,     54.0,     54.0,    161.0, 12, 10, 11, 10,    2375071,    2375071,    2375071,    2375071
26,    2528552,     55.0,     55.0,     56.0,    164.0, 12, 12, 11,  9,    2375078,    2375078,    2375078,    2375078
26,    2528560,     56.0,     56.0,     55.0,    163.0,  9, 10, 12,  9,    2375083,    2375083,    2375083,    2375083
26,    2528579,     56.0,     56.0,     57.0,    165.0, 12, 12, 11,  9,    2375092,    2375092,    2375092,    2375092
26,    2528595,     57.0,     57.0,     57.0,    164.0,  9, 10, 11,  9,      74327,      74327,      74327,      74327
26,    2537109,     49.0,     47.0,     48.0,    133.0,  4,  5,  6,  5,    2537109,    2537104,    1272003,    2537109
26,    2537117,     54.0,     51.0,     52.0,    146.0,  4,  5,  6,  5,    2537117,    2537117,    2537117,    2537117
26,    2537125,     57.0,     53.0,     54.0,    152.0,  4,  5,  6,  5,    2537120,    2537125,    2537125,    2537125
26,    2537134,     58.0,     57.0,     58.0,    161.0, 12,  5,  6,  5,    2381181,    2537129,    2537129,    2537134
26,    2537142,     58.0,     58.0,     58.0,    166.0,  9,  5, 11,  5,    2381184,    2537142,    2381184,    2537142
26,    2537151,     58.0,     57.0,     57.0,    166.0,  9, 12, 12,  9,    2381187,    2381187,    2381187,    2381187
26,    2537159,     59.0,     58.0,     55.0,    167.0, 12, 10, 12, 10,    2381190,    2381190,    2381190,    2381190
26,    2538969,     20.0,     20.0,     20.0,     59.0,  9, 10, 11,  9,    2382148,    2382148,    2382148,    2382148
26,    2539108,     27.0,     27.0,     27.0,     79.0,  9, 10, 11,  9,    2382245,    2382245,    2382245,    2382245
26,    2597348,     27.0,     27.0,     27.0,     76.0,  4,  5,  6,  4,    1272527,    1272527,    1272527,    1272527
26,    3988692,     12.0,     12.0,     12.0,     35.0,  4,  5,  6,  4,    3988692,    3988692,    3988692,    3988692
27,    1327284,     57.0,     57.0,     57.0,    164.0,  9, 10, 11, 10,    1454550,    1454550,    1454550,    1454550
27,    1476197,     26.0,     26.0,     26.0,     77.0,  9, 10, 11,  9,    1598853,    1598853,    1598853,    1598853
27,    1272511,     21.0,     21.0,     21.0,     60.0,  4,  5,  6,  4,    1272511,    1272511,    1272511,    1272511
27,     455239,     55.0,     55.0,     55.0,    160.0,  9, 10, 11,  9,     892789,     892789,     892789,     892789
27,     231563,     56.0,     56.0,     57.0,    166.0, 12, 12, 11,  9,    1044648,    1044648,    1044648,    1044648
27,    1118829,     55.0,     55.0,     54.0,    162.0,  9, 10, 12, 10,    1344569,    1344569,    1344569,    1344569
27,    1118839,     55.0,     55.0,     54.0,    162.0,  9, 10, 12,  9,    1344570,    1344570,    1344570,    1344570
27,     525317,     56.0,     56.0,     56.0,    165.0, 12, 12, 12,  9,    1049719,    1049719,    1049719,    1049719
27,    1486648,     62.0,     62.0,     62.0,    187.0, 12, 12, 12,  9,    1606187,    1606187,    1606187,    1606187
27,    2579513,     44.0,     44.0,     44.0,    125.0,  4,  5,  6,  4,      41532,      41532,      41532,      41532
27,    1272360,     46.0,     44.0,     45.0,    127.0,  4,  5,  6,  5,    1272360,    1272360,    1272360,    1272360
27,    1272532,     21.0,     21.0,     21.0,     60.0,  4,  5,  6,  4,    1272532,    1272532,    1272532,    1272532
27,    1272537,     19.0,     19.0,     19.0,     54.0,  4,  5,  6,  4,    1272537,    1272537,    1272537,    1272537
27,    1272551,     11.0,     11.0,     11.0,     33.0,  4,  5,  6,  4,    1272551,    1272551,    1272551,    1272551
27,    1272556,     10.0,     10.0,     10.0,     28.0,  4,  5,  6,  4,    1272556,    1272556,    1272556,    1272556
27,    1415793,     57.0,     56.0,     56.0,    166.0,  9, 12, 12, 10,    1533786,    1533786,    1533786,    1533786
27,    1476151,     55.0,     55.0,     55.0,    160.0,  9, 10, 11,  9,    1598831,    1598831,    1598831,    1598831
27,    1486643,     55.0,     55.0,     54.0,    162.0,  9, 10, 12,  9,    1606185,    1606185,    1606185,    1606185
27,    2528541,     25.0,     25.0,     25.0,     76.0,  9, 10, 11,  9,    2375072,    2375072,    2375072,    2375072
27,    2528505,     68.0,     67.0,     67.0,    203.0,  9, 12, 12,  9,    2375057,     904855,     904855,    2375057
27,    2528500,     68.0,     67.0,     67.0,    204.0, 12, 12, 12,  9,    2375055,     904855,     904855,    2375055
27,    2528536,     54.0,     54.0,     54.0,    161.0,  9, 10, 11,  9,    2375071,    2375071,    2375071,    2375071
27,    2528552,     55.0,     55.0,     55.0,    164.0, 12, 12, 12,  9,    2375078,    2375078,    2375078,    2375078
27,    2528560,     56.0,     56.0,     55.0,    163.0,  9, 10, 12,  9,    2375083,    2375083,    2375083,    2375083
27,    2528579,     56.0,     56.0,     57.0,    165.0, 12, 12, 11,  9,    2375092,    2375092,    2375092,    2375092
27,    2528595,     57.0,     57.0,     57.0,    164.0,  9, 10, 11,  9,      74327,      74327,      74327,      74327
27,    2537109,     49.0,     47.0,     48.0,    133.0,  4,  5,  6,  5,    2537109,    1272003,    2537104,    2537109
27,    2537117,     54.0,     51.0,     52.0,    146.0,  4,  5,  6,  5,    2537112,    2537117,    2537117,    2537117
27,    2537125,     56.0,     53.0,     55.0,    152.0,  4,  5,  6,  5,    2537125,    2537125,    2537120,    2537125
27,    2537134,     58.0,     57.0,     58.0,    161.0, 12,  5,  6,  5,    2381181,    2537129,    2537134,    2537134
27,    2537142,     57.0,     58.0,     58.0,    165.0, 12,  5, 11,  5,    2381184,    2537142,    2381184,    2537142
27,    2537151,     58.0,     57.0,     57.0,    166.0,  9, 12, 12,  9,    2381187,    2381187,    2381187,    2381187
27,    2537159,     59.0,     58.0,     55.0,    167.0,  9, 10, 12, 10,    2381190,    2381190,    2381190,    2381190
27,    2538969,     20.0,     20.0,     20.0,     59.0,  9, 10, 11,  9,    2382148,    2382148,    2382148,    2382148
27,    2539108,     27.0,     27.0,     27.0,     79.0,  9, 10, 11,  9,    2382245,    2382245,    2382245,    2382245
27,    2597348,     27.0,     27.0,     27.0,     76.0,  4,  5,  6,  5,    1272527,    1272527,    1272527,    1272527
27,    3988692,     12.0,     12.0,     12.0,     35.0,  4,  5,  6,  4,    3988692,    3988692,    3988692,    3988692
28,    1327284,     57.0,     57.0,     57.0,    164.0,  9, 10, 11, 10,    1454550,    1454550,    1454550,    1454550
28,    1476197,     26.0,     26.0,     26.0,     77.0,  9, 10, 11,  9,    1598853,    1598853,    1598853,    1598853
28,    1272511,     21.0,     21.0,     21.0,     60.0,  4,  5,  6,  5,    1272511,    1272511,    1272511,    1272511
28,     455239,     55.0,     55.0,     55.0,    160.0, 12, 10, 11,  9,     892789,     892789,     892789,     892789
28,     231563,     56.0,     56.0,     57.0,    166.0, 12, 12, 11,  9,    1044648,    1044648,    1044648,    1044648
28,    1118829,     54.0,     55.0,     55.0,    162.0, 12, 10, 11,  9,    1344569,    1344569,    1344569,    1344569
28,    1118839,     55.0,     55.0,     54.0,    162.0,  9, 10, 12,  9,    1344570,    1344570,    1344570,    1344570
28,     525317,     56.0,     56.0,     56.0,    165.0, 12, 12, 12,  9,    1049719,    1049719,    1049719,    1049719
28,    1486648,     62.0,     62.0,     62.0,    187.0, 12, 12, 12,  9,    1606187,    1606187,    1606187,    1606187
28,    2579513,     44.0,     44.0,     44.0,    125.0,  4,  5,  6,  4,      41532,      41532,      41532,      41532
28,    1272360,     47.0,     44.0,     45.0,    126.0,  4,  5,  6,  5,    1272360,    1272360,    1272360,    1272360
28,    1272532,     21.0,     21.0,     21.0,     60.0,  4,  5,  6,  4,    1272532,    1272532,    1272532,    1272532
28,    1272537,     19.0,     19.0,     19.0,     54.0,  4,  5,  6,  4,    1272537,    1272537,    1272537,    1272537
28,    1272551,     11.0,     11.0,     11.0,     33.0,  4,  5,  6,  4,    1272551,    1272551,    1272551,    1272551
28,    1272556,     10.0,     10.0,     10.0,     28.0,  4,  5,  6,  4,    1272556,    1272556,    1272556,    1272556
28,    1415793,     57.0,     56.0,     56.0,    165.0, 12, 12, 12, 10,    1533786,    1533786,    1533786,    1533786
28,    1476151,     55.0,     55.0,     55.0,    159.0,  9, 10, 11,  9,    1598831,    1598831,    1598831,    1598831
28,    1486643,     55.0,     55.0,     54.0,    162.0,  9, 10, 12,  9,    1606185,    1606185,    1606185,    1606185
28,    2528541,     25.0,     25.0,     25.0,     76.0,  9, 10, 11,  9,    2375072,    2375072,    2375072,    2375072
28,    2528505,     68.0,     67.0,     66.0,    203.0,  9, 12, 12,  9,    2375057,     904855,     904855,    2375057
28,    2528500,     68.0,     67.0,     66.0,    204.0, 12, 12, 12,  9,    2375055,     904855,     904855,    2375055
28,    2528536,     54.0,     54.0,     54.0,    161.0,  9, 10, 11, 11,    2375071,    2375071,    2375071,    2375071
28,    2528552,     55.0,     55.0,     56.0,    164.0, 12, 12, 11,  9,    2375078,    2375078,    2375078,    2375078
28,    2528560,     56.0,     55.0,     55.0,    163.0,  9, 12, 12,  9,    2375083,    2375083,    2375083,    2375083
28,    2528579,     57.0,     56.0,     57.0,    165.0,  9, 12, 11,  9,    2375092,    2375092,    2375092,    2375092
28,    2528595,     57.0,     57.0,     57.0,    164.0,  9, 10, 11,  9,      74327,      74327,      74327,      74327
28,    2537109,     49.0,     47.0,     48.0,    133.0,  4,  5,  6,  5,    2537109,    1272003,    2537104,    2537109
28,    2537117,     54.0,     51.0,     52.0,    146.0,  4,  5,  6,  5,    2537117,    2537117,    2537117,    2537117
28,    2537125,     56.0,     53.0,     55.0,    152.0,  4,  5,  6,  5,    2537125,    2537125,    2537125,    2537125
28,    2537134,     58.0,     56.0,     58.0,    161.0, 12,  5,  6,  5,    2381181,    2537134,    2537134,    2537134
28,    2537142,     58.0,     58.0,     58.0,    165.0,  9,  5, 11,  5,    2381184,    2537142,    2381184,    2537142
28,    2537151,     58.0,     57.0,     58.0,    166.0,  9, 12, 11,  9,    2381187,    2381187,    2381187,    2381187
28,    2537159,     59.0,     58.0,     55.0,    168.0, 12, 10, 12, 10,    2381190,    2381190,    2381190,    2381190
28,    2538969,     20.0,     20.0,     20.0,     59.0,  9, 10, 11,  9,    2382148,    2382148,    2382148,    2382148
28,    2539108,     27.0,     27.0,     27.0,     79.0,  9, 10, 11,  9,    2382245,    2382245,    2382245,    2382245
28,    2597348,     27.0,     27.0,     27.0,     76.0,  4,  5,  6,  5,    1272527,    1272527,    1272527,    1272527
28,    3988692,     12.0,     12.0,     12.0,     35.0,  4,  5,  6,  4,    3988692,    3988692,    3988692,    3988692
29,    1327284,     57.0,     57.0,     57.0,    164.0,  9, 10, 11, 10,    1454550,    1454550,    1454550,    1454550
29,    1476197,     26.0,     26.0,     26.0,     77.0,  9, 10, 11,  9,    1598853,    1598853,    1598853,    1598853
29,    1272511,     21.0,     21.0,     21.0,     60.0,  4,  5,  6,  4,    1272511,    1272511,    1272511,    1272511
29,     455239,     55.0,     55.0,     55.0,    160.0,  9, 10, 11,  9,     892789,     892789,     892789,     892789
29,     231563,     56.0,     56.0,     56.0,    166.0, 12, 12, 12,  9,    1044648,    1044648,    1044648,    1044648
29,    1118829,     55.0,     55.0,     54.0,    162.0,  9, 10, 12,  9,    1344569,    1344569,    1344569,    1344569
29,    1118839,     55.0,     54.0,     54.0,    162.0,  9, 12, 12,  9,    1344570,    1344570,    1344570,    1344570
29,     525317,     56.0,     56.0,     57.0,    165.0, 12, 12, 11,  9,    1049719,    1049719,    1049719,    1049719
29,    1486648,     62.0,     62.0,     62.0,    185.0, 12, 12, 12,  9,    1606187,    1606187,    1606187,    1606187
29,    2579513,     43.0,     43.0,     43.0,    124.0,  4,  5,  6,  4,      41532,      41532,      41532,      41532
29,    1272360,     45.0,     43.0,     43.0,    124.0,  4,  5,  6,  5,    1272360,    1272360,    1272360,    1272360
29,    1272532,     20.0,     21.0,     21.0,     59.0,  4,  5,  6,  4,    1272532,    1272532,    1272532,    1272532
29,    1272537,     19.0,     19.0,     19.0,     54.0,  4,  5,  6,  4,    1272537,    1272537,    1272537,    1272537
29,    1272551,     11.0,     11.0,     11.0,     33.0,  4,  5,  6,  4,    1272551,    1272551,    1272551,    1272551
29,    1272556,      9.0,      9.0,     10.0,     28.0,  4,  5,  6,  4,    1272556,    1272556,    1272556,    1272556
29,    1415793,     57.0,     57.0,     55.0,    165.0, 12, 12, 12, 11,    1533786,    1533786,    1533786,    1533786
29,    1476151,     55.0,     54.0,     55.0,    159.0,  9, 12, 11,  9,    1598831,    1598831,    1598831,    1598831
29,    1486643,     55.0,     54.0,     54.0,    162.0,  9, 12, 12,  9,    1606185,    1606185,    1606185,    1606185
29,    2528541,     25.0,     25.0,     26.0,     76.0,  9, 10, 11,  9,    2375072,    2375072,    2375072,    2375072
29,    2528505,     68.0,     68.0,     66.0,    203.0,  9, 10, 12,  9,    2375057,    2375057,     904855,    2375057
29,    2528500,     68.0,     68.0,     66.0,    205.0, 12, 12, 12,  9,    2375055,    2375055,     904855,    2375055
29,    2528536,     53.0,     54.0,     54.0,    161.0, 12, 10, 11,  9,    2375071,    2375071,    2375071,    2375071
29,    2528552,     55.0,     55.0,     56.0,    165.0, 12, 12, 11,  9,    2375078,    2375078,    2375078,    2375078
29,    2528560,     56.0,     55.0,     55.0,    164.0,  9, 12, 12,  9,    2375083,    2375083,    2375083,    2375083
29,    2528579,     56.0,     57.0,     57.0,    166.0, 12, 12, 12,  9,    2375092,    2375092,    2375092,    2375092
29,    2528595,     57.0,     57.0,     57.0,    164.0,  9, 10, 11,  9,      74327,      74327,      74327,      74327
29,    2537109,     47.0,     46.0,     46.0,    130.0,  4,  5,  6,  6,    2537109,    2537104,    1272003,    2537109
29,    2537117,     52.0,     51.0,     50.0,    144.0,  4,  5,  6,  5,    2537117,    2537112,    2537117,    2537117
29,    2537125,     54.0,     53.0,     53.0,    150.0,  4,  5,  6,  6,    2537125,    2537125,    2537120,    2537125
29,    2537134,     58.0,     56.0,     56.0,    159.0,  4,  5,  6,  6,    2537129,    2537134,    2537134,    2537134
29,    2537142,     58.0,     58.0,     57.0,    163.0,  9,  5,  6,  6,    2381184,    2537129,    2537142,    2537142
29,    2537151,     58.0,     58.0,     58.0,    166.0,  9, 12, 12,  9,    2381187,    2381187,    2381187,    2381187
29,    2537159,     59.0,     58.0,     55.0,    167.0, 12, 10, 12, 10,    2381190,    2381190,    2381190,    2381190
29,    2538969,     20.0,     20.0,     20.0,     59.0,  9, 10, 11,  9,    2382148,    2382148,    2382148,    2382148
29,    2539108,     27.0,     27.0,     27.0,     79.0,  9, 10, 11, 11,    2382245,    2382245,    2382245,    2382245
29,    2597348,     26.0,     26.0,     26.0,     76.0,  4,  5,  6,  4,    1272527,    1272527,    1272527,    1272527
29,    3988692,     12.0,     12.0,     12.0,     35.0,  4,  5,  6,  4,    3988692,    3988692,    3988692,    3988692
30,    1327284,     57.0,     57.0,     57.0,    164.0,  9, 10, 11, 10,    1454550,    1454550,    1454550,    1454550
30,    1476197,     26.0,     26.0,     26.0,     77.0,  9, 10, 11,  9,    1598853,    1598853,    1598853,    1598853
30,    1272511,     20.0,     20.0,     20.0,     59.0,  4,  5,  6,  4,    1272511,    1272511,    1272511,    1272511
30,     455239,     55.0,     55.0,     55.0,    160.0, 12, 10, 11, 10,     892789,     892789,     892789,     892789
30,     231563,     55.0,     56.0,     57.0,    166.0, 12, 12, 11,  9,    1044648,    1044648,    1044648,    1044648
30,    1118829,     54.0,     55.0,     54.0,    162.0, 12, 10, 12, 10,    1344569,    1344569,    1344569,    1344569
30,    1118839,     55.0,     54.0,     54.0,    162.0,  9, 12, 12,  9,    1344570,    1344570,    1344570,    1344570
30,     525317,     56.0,     56.0,     56.0,    164.0,  9, 12, 12,  9,    1049719,    1049719,    1049719,    1049719
30,    1486648,     62.0,     62.0,     63.0,    181.0,  9, 12, 11,  9,    1606187,    1606187,    1606187,    1606187
30,    2579513,     42.0,     42.0,     43.0,    122.0,  4,  5,  6,  4,      41532,      41532,      41532,      41532
30,    1272360,     42.0,     40.0,     41.0,    114.0,  4,  5,  6,  5,    1272360,    1272360,    1272360,    1272360
30,    1272532,     20.0,     20.0,     20.0,     58.0,  4,  5,  6,  4,    1272532,    1272532,    1272532,    1272532
30,    1272537,     18.0,     18.0,     18.0,     52.0,  4,  5,  6,  4,    1272537,    1272537,    1272537,    1272537
30,    1272551,     11.0,     11.0,     11.0,     32.0,  4,  5,  6,  4,    1272551,    1272551,    1272551,    1272551
30,    1272556,      9.0,      9.0,      9.0,     27.0,  4,  5,  6,  4,    1272556,    1272556,    1272556,    1272556
30,    1415793,     56.0,     57.0,     55.0,    165.0, 12, 12, 12, 11,    1533786,    1533786,    1533786,    1533786
30,    1476151,     55.0,     55.0,     55.0,    160.0,  9, 10, 11,  9,    1598831,    1598831,    1598831,    1598831
30,    1486643,     55.0,     55.0,     54.0,    162.0,  9, 10, 12,  9,    1606185,    1606185,    1606185,    1606185
30,    2528541,     25.0,     25.0,     26.0,     76.0,  9, 10, 11,  9,    2375072,    2375072,    2375072,    2375072
30,    2528505,     68.0,     68.0,     65.0,    203.0,  9, 12, 12,  9,    2375057,     904855,     904855,    2375057
30,    2528500,     68.0,     68.0,     66.0,    205.0, 12, 12, 12,  9,    2375055,     904855,     904855,    2375055
30,    2528536,     54.0,     54.0,     54.0,    161.0, 12, 10, 11, 11,    2375071,    2375071,    2375071,    2375071
30,    2528552,     56.0,     54.0,     55.0,    165.0, 12, 12, 12, 10,    2375078,    2375078,    2375078,    2375078
30,    2528560,     56.0,     55.0,     56.0,    163.0,  9, 12, 11,  9,    2375083,    2375083,    2375083,    2375083
30,    2528579,     56.0,     57.0,     57.0,    165.0, 12, 12, 12,  9,    2375092,    2375092,    2375092,    2375092
30,    2528595,     57.0,     57.0,     57.0,    164.0,  9, 10, 11,  9,      74327,      74327,      74327,      74327
30,    2537109,     44.0,     42.0,     43.0,    121.0,  4,  5,  6,  5,    2537109,    2537109,    1272003,    2537109
30,    2537117,     49.0,     47.0,     48.0,    134.0,  4,  5,  6,  5,    2537117,    2537117,    1272003,    2537117
30,    2537125,     52.0,     49.0,     50.0,    141.0,  4,  5,  6,  5,    1272003,    2537125,    2537125,    2537125
30,    2537134,     55.0,     52.0,     53.0,    150.0,  4,  5,  6,  5,    2537134,    2537134,    2537134,    2537134
30,    2537142,     56.0,     54.0,     55.0,    154.0,  4,  5,  6,  5,    2537142,    2537142,    1272003,    2537142
30,    2537151,     58.0,     58.0,     58.0,    166.0,  9,  5, 12,  5,    2381187,    2537151,    2381187,    2537151
30,    2537159,     60.0,     58.0,     55.0,    168.0,  9, 10, 12, 10,    2381190,    2381190,    2381190,    2381190
30,    2538969,     20.0,     20.0,     20.0,     59.0,  9, 10, 11,  9,    2382148,    2382148,    2382148,    2382148
30,    2539108,     27.0,     27.0,     27.0,     78.0,  4,  5,  6,  4,    2539108,    2539108,    2539108,    2539108
30,    2597348,     26.0,     26.0,     26.0,     74.0,  4,  5,  6,  4,    1272527,    1272527,    1272527,    1272527
30,    3988692,     12.0,     12.0,     12.0,     34.0,  4,  5,  6,  4,    3988692,    3988692,    3988692,    3988692
31,    1327284,     57.0,     57.0,     57.0,    164.0,  9, 10, 11,  9,    1454550,    1454550,    1454550,    1454550
31,    1476197,     26.0,     26.0,     26.0,     77.0,  9, 10, 11,  9,    1598853,    1598853,    1598853,    1598853
31,    1272511,     20.0,     20.0,     20.0,     59.0,  4,  5,  6,  4,    1272511,    1272511,    1272511,    1272511
31,     455239,     55.0,     55.0,     55.0,    160.0, 12, 10, 11, 10,     892789,     892789,     892789,     892789
31,     231563,     56.0,     56.0,     56.0,    166.0, 12, 12, 12,  9,    1044648,    1044648,    1044648,    1044648
31,    1118829,     54.0,     54.0,     56.0,    162.0, 12, 12, 12, 10,    1344569,    1344569,    1344569,    1344569
31,    1118839,     55.0,     55.0,     54.0,    162.0,  9, 10, 12, 11,    1344570,    1344570,    1344570,    1344570
31,     525317,     56.0,     56.0,     57.0,    165.0, 12, 12, 12,  9,    1049719,    1049719,    1049719,    1049719
31,    1486648,     62.0,     63.0,     62.0,    181.0,  9, 10, 12,  9,    1606187,    1606187,    1606187,    1606187
31,    2579513,     43.0,     43.0,     42.0,    122.0,  4,  5,  6,  4,      41532,      41532,      41532,      41532
31,    1272360,     44.0,     41.0,     42.0,    117.0,  4,  5,  6,  5,    1272360,    1272360,    1272360,    1272360
31,    1272532,     20.0,     20.0,     20.0,     58.0,  4,  5,  6,  4,    1272532,    1272532,    1272532,    1272532
31,    1272537,     18.0,     18.0,     18.0,     52.0,  4,  5,  6,  6,    1272537,    1272537,    1272537,    1272537
31,    1272551,     11.0,     11.0,     11.0,     32.0,  4,  5,  6,  4,    1272551,    1272551,    1272551,    1272551
31,    1272556,      9.0,      9.0,      9.0,     27.0,  4,  5,  6,  4,    1272556,    1272556,    1272556,    1272556
31,    1415793,     57.0,     56.0,     56.0,    165.0,  9, 12, 12, 10,    1533786,    1533786,    1533786,    1533786
31,    1476151,     55.0,     55.0,     54.0,    160.0,  9, 10, 12, 10,    1598831,    1598831,    1598831,    1598831
31,    1486643,     55.0,     55.0,     54.0,    162.0,  9, 10, 12, 11,    1606185,    1606185,    1606185,    1606185
31,    2528541,     25.0,     25.0,     25.0,     76.0,  9, 10, 11,  9,    2375072,    2375072,    2375072,    2375072
31,    2528505,     68.0,     67.0,     67.0,    203.0,  9, 12, 12,  9,    2375057,     904855,     904855,    2375057
31,    2528500,     68.0,     67.0,     67.0,    205.0, 12, 12, 12,  9,    2375055,     904855,     904855,    2375055
31,    2528536,     54.0,     54.0,     54.0,    161.0,  9, 12, 11,  9,    2375071,    2375071,    2375071,    2375071
31,    2528552,     55.0,     55.0,     55.0,    166.0, 12, 12, 12,  9,    2375078,    2375078,    2375078,    2375078
31,    2528560,     56.0,     56.0,     55.0,    164.0,  9, 10, 12,  9,    2375083,    2375083,    2375083,    2375083
31,    2528579,     56.0,     57.0,     57.0,    165.0, 12, 12, 12,  9,    2375092,    2375092,    2375092,    2375092
31,    2528595,     57.0,     57.0,     57.0,    164.0,  9, 10, 11,  9,      74327,      74327,      74327,      74327
31,    2537109,     46.0,     43.0,     45.0,    124.0,  4,  5,  6,  5,    2537109,    2537109,    1272003,    2537109
31,    2537117,     51.0,     48.0,     50.0,    137.0,  4,  5,  6,  5,    2537117,    2537117,    1272003,    2537117
31,    2537125,     53.0,     50.0,     52.0,    143.0,  4,  5,  6,  5,    2537125,    2537125,    2537125,    2537125
31,    2537134,     57.0,     53.0,     55.0,    152.0,  4,  5,  6,  5,    2537134,    2537134,    2537134,    2537134
31,    2537142,     58.0,     55.0,     57.0,    156.0,  4,  5,  6,  5,    2537142,    2537142,    2537129,    2537142
31,    2537151,     58.0,     58.0,     57.0,    167.0,  9, 10, 12,  9,    2381187,    2381187,    2381187,    2381187
31,    2537159,     59.0,     58.0,     55.0,    168.0, 12, 12, 12, 10,    2381190,    2381190,    2381190,    2381190
31,    2538969,     20.0,     20.0,     20.0,     59.0,  9, 10, 11,  9,    2382148,    2382148,    2382148,    2382148
31,    2539108,     27.0,     27.0,     27.0,     78.0,  4,  5,  6,  5,    2539108,    2539108,    2539108,    2539108
31,    2597348,     26.0,     26.0,     26.0,     74.0,  4,  5,  6,  6,    1272527,    1272527,    1272527,    1272527
31,    3988692,     12.0,     12.0,     12.0,     34.0,  4,  5,  6,  4,    3988692,    3988692,    3988692,    3988692
32,    1327284,     57.0,     57.0,     57.0,    164.0,  9, 10, 11, 10,    1454550,    1454550,    1454550,    1454550
32,    1476197,     26.0,     26.0,     26.0,     77.0,  9, 10, 11,  9,    1598853,    1598853,    1598853,    1598853
32,    1272511,     21.0,     21.0,     21.0,     59.0,  4,  5,  6,  4,    1272511,    1272511,    1272511,    1272511
32,     455239,     55.0,     55.0,     55.0,    160.0,  9, 10, 11,  9,     892789,     892789,     892789,     892789
32,     231563,     55.0,     56.0,     57.0,    166.0, 12, 12, 11,  9,    1044648,    1044648,    1044648,    1044648
32,    1118829,     54.0,     54.0,     55.0,    163.0, 12, 12, 12,  9,    1344569,    1344569,    1344569,    1344569
32,    1118839,     54.0,     55.0,     54.0,    162.0, 12, 12, 12, 11,    1344570,    1344570,    1344570,    1344570
32,     525317,     55.0,     57.0,     56.0,    165.0, 12, 12, 12,  9,    1049719,    1049719,    1049719,    1049719
32,    1486648,     62.0,     62.0,     63.0,    181.0,  9, 12, 11,  9,    1606187,    1606187,    1606187,    1606187
32,    2579513,     43.0,     43.0,     43.0,    123.0,  4,  5,  6,  4,      41532,      41532,      41532,      41532
32,    1272360,     49.0,     45.0,     47.0,    131.0,  4,  7,  6,  5,    1272360,    1272360,    1272360,    1272360
32,    1272532,     20.0,     20.0,     20.0,     59.0,  4,  5,  6,  4,    1272532,    1272532,    1272532,    1272532
32,    1272537,     18.0,     19.0,     18.0,     53.0,  4,  5,  6,  4,    1272537,    1272537,    1272537,    1272537
32,    1272551,     11.0,     11.0,     11.0,     32.0,  4,  5,  6,  4,    1272551,    1272551,    1272551,    1272551
32,    1272556,      9.0,      9.0,      9.0,     28.0,  4,  5,  6,  4,    1272556,    1272556,    1272556,    1272556
32,    1415793,     57.0,     56.0,     56.0,    165.0,  9, 12, 12, 10,    1533786,    1533786,    1533786,    1533786
32,    1476151,     55.0,     54.0,     55.0,    159.0,  9, 12, 11,  9,    1598831,    1598831,    1598831,    1598831
32,    1486643,     54.0,     55.0,     55.0,    162.0, 12, 10, 11, 11,    1606185,    1606185,    1606185,    1606185
32,    2528541,     25.0,     25.0,     25.0,     76.0,  9, 10, 11,  9,    2375072,    2375072,    2375072,    2375072
32,    2528505,     68.0,     66.0,     67.0,    203.0,  9, 12, 12, 10,    2375057,     904855,     904855,    2375057
32,    2528500,     68.0,     66.0,     67.0,    204.0, 12, 12, 12,  9,    2375055,     904855,     904855,    2375055
32,    2528536,     53.0,     55.0,     54.0,    161.0, 12, 10, 11,  9,    2375071,    2375071,    2375071,    2375071
32,    2528552,     55.0,     55.0,     55.0,    165.0, 12, 12, 12, 11,    2375078,    2375078,    2375078,    2375078
32,    2528560,     56.0,     55.0,     55.0,    163.0,  9, 12, 12,  9,    2375083,    2375083,    2375083,    2375083
32,    2528579,     56.0,     56.0,     57.0,    166.0, 12, 12, 12,  9,    2375092,    2375092,    2375092,    2375092
32,    2528595,     57.0,     57.0,     57.0,    163.0,  9, 10, 11,  9,      74327,      74327,      74327,      74327
32,    2537109,     52.0,     48.0,     50.0,    138.0,  4,  7,  6,  5,    2537109,    2537109,    2537109,    2537109
32,    2537117,     57.0,     53.0,     55.0,    152.0,  4,  7,  6,  5,    2537117,    1272003,    2537117,    2537117
32,    2537125,     58.0,     55.0,     57.0,    159.0, 12,  7,  6,  5,    2381178,    2537125,    2537125,    2537125
32,    2537134,     57.0,     59.0,     58.0,    167.0, 12,  7, 12,  9,    2381181,    1272003,    2381181,    2381181
32,    2537142,     58.0,     58.0,     58.0,    166.0,  9, 10, 11,  9,    2381184,    2381184,    2381184,    2381184
32,    2537151,     61.0,     56.0,     55.0,    166.0,  9, 12, 12, 10,    2381187,    2381187,    2381187,    2381187
32,    2537159,     58.0,     57.0,     56.0,    168.0, 12, 12, 12, 10,    2381190,    2381190,    2381190,    2381190
32,    2538969,     20.0,     20.0,     20.0,     59.0,  9, 10, 11,  9,    2382148,    2382148,    2382148,    2382148
32,    2539108,     27.0,     27.0,     27.0,     79.0,  4, 10, 11,  4,    2539108,    2382245,    2382245,    2539108
32,    2597348,     26.0,     26.0,     26.0,     75.0,  4,  5,  6,  4,    1272527,    1272527,    1272527,    1272527
32,    3988692,     12.0,     12.0,     12.0,     35.0,  4,  5,  6,  4,    3988692,    3988692,    3988692,    3988692
33,    1327284,     57.0,     57.0,     57.0,    164.0,  9, 10, 11,  9,    1454550,    1454550,    1454550,    1454550
33,    1476197,     26.0,     26.0,     26.0,     76.0,  9, 10, 11,  9,    1598853,    1598853,    1598853,    1598853
33,    1272511,     21.0,     21.0,     21.0,     60.0,  4,  5,  6,  4,    1272511,    1272511,    1272511,    1272511
33,     455239,     55.0,     55.0,     55.0,    160.0, 12, 12, 12, 10,     892789,     892789,     892789,     892789
33,     231563,     58.0,     55.0,     55.0,    168.0, 12, 12, 12, 10,    1044648,    1044648,    1044648,    1044648
33,    1118829,     54.0,     55.0,     55.0,    163.0, 12, 10, 11,  9,    1344569,    1344569,    1344569,    1344569
33,    1118839,     55.0,     55.0,     54.0,    162.0,  9, 10, 12, 11,    1344570,    1344570,    1344570,    1344570
33,     525317,     55.0,     58.0,     56.0,    164.0, 12, 10, 12,  9,    1049719,    1049719,    1049719,    1049719
33,    1486648,     62.0,     62.0,     63.0,    181.0,  9, 12, 11,  9,    1606187,    1606187,    1606187,    1606187
33,    2579513,     43.0,     44.0,     44.0,    124.0,  4,  5,  6,  4,      41532,      41532,      41532,      41532
33,    1272360,     50.0,     46.0,     48.0,    136.0,  4,  7,  6,  5,    1272360,    1272360,    1272360,    1272360
33,    1272532,     20.0,     21.0,     21.0,     59.0,  4,  5,  6,  4,    1272532,    1272532,    1272532,    1272532
33,    1272537,     19.0,     19.0,     19.0,     54.0,  4,  5,  6,  4,    1272537,    1272537,    1272537,    1272537
33,    1272551,     11.0,     11.0,     11.0,     33.0,  4,  5,  6,  4,    1272551,    1272551,    1272551,    1272551
33,    1272556,      9.0,     10.0,     10.0,     28.0,  4,  5,  6,  4,    1272556,    1272556,    1272556,    1272556
33,    1415793,     57.0,     55.0,     56.0,    167.0, 12, 12, 12, 10,    1533786,    1533786,    1533786,    1533786
33,    1476151,     55.0,     55.0,     54.0,    159.0,  9, 10, 12, 10,    1598831,    1598831,    1598831,    1598831
33,    1486643,     55.0,     54.0,     55.0,    162.0,  9, 12, 11,  9,    1606185,    1606185,    1606185,    1606185
33,    2528541,     25.0,     25.0,     25.0,     76.0,  9, 10, 11,  9,    2375072,    2375072,    2375072,    2375072
33,    2528505,     68.0,     67.0,     66.0,    203.0,  9, 12, 12,  9,    2375057,    2375057,     904855,    2375057
33,    2528500,     69.0,     68.0,     66.0,    205.0, 12, 12, 12, 10,     904855,    2375055,     904855,    2375055
33,    2528536,     53.0,     55.0,     54.0,    162.0, 12, 10, 12,  9,    2375071,    2375071,    2375071,    2375071
33,    2528552,     53.0,     55.0,     56.0,    165.0, 12, 12, 12,  9,    2375078,    2375078,    2375078,    2375078
33,    2528560,     55.0,     56.0,     55.0,    163.0, 12, 12, 12,  9,    2375083,    2375083,    2375083,    2375083
33,    2528579,     55.0,     58.0,     57.0,    167.0, 12, 12, 12,  9,    2375092,    2375092,    2375092,    2375092
33,    2528595,     57.0,     57.0,     57.0,    163.0,  9, 10, 11,  9,      74327,      74327,      74327,      74327
33,    2537109,     53.0,     49.0,     51.0,    144.0,  4,  7,  7,  5,    2537109,    2537109,    1272003,    2537109
33,    2537117,     58.0,     54.0,     56.0,    158.0,  4,  7,  7,  5,    2537117,    2537117,    1272003,    2537117
33,    2537125,     59.0,     56.0,     58.0,    165.0,  9,  7,  6,  5,    2381178,    2537125,    2537125,    2537125
33,    2537134,     57.0,     59.0,     58.0,    166.0, 12, 10, 12,  9,    2381181,    2381181,    2381181,    2381181
33,    2537142,     57.0,     58.0,     58.0,    165.0, 12, 10, 12,  9,    2381184,    2381184,    2381184,    2381184
33,    2537151,     60.0,     56.0,     56.0,    166.0,  9, 12, 12, 10,    2381187,    2381187,    2381187,    2381187
33,    2537159,     59.0,     57.0,     55.0,    168.0, 12, 12, 12, 10,    2381190,    2381190,    2381190,    2381190
33,    2538969,     20.0,     20.0,     20.0,     59.0,  9, 10, 11,  9,    2382148,    2382148,    2382148,    2382148
33,    2539108,     27.0,     27.0,     27.0,     79.0,  9, 10, 11, 11,    2382245,    2382245,    2382245,    2382245
33,    2597348,     26.0,     26.0,     27.0,     76.0,  4,  5,  6,  4,    1272527,    1272527,    1272527,    1272527
33,    3988692,     12.0,     12.0,     12.0,     35.0,  4,  5,  6,  4,    3988692,    3988692,    3988692,    3988692
34,    1327284,     57.0,     57.0,     57.0,    164.0,  9, 10, 11,  9,    1454550,    1454550,    1454550,    1454550
34,    1476197,     26.0,     26.0,     26.0,     77.0,  9, 10, 11,  9,    1598853,    1598853,    1598853,    1598853
34,    1272511,     21.0,     21.0,     21.0,     60.0,  4,  5,  6,  4,    1272511,    1272511,    1272511,    1272511
34,     455239,     55.0,     55.0,     55.0,    160.0, 12, 10, 12, 10,     892789,     892789,     892789,     892789
34,     231563,     56.0,     56.0,     56.0,    168.0, 12, 12, 12, 11,    1044648,    1044648,    1044648,    1044648
34,    1118829,     54.0,     54.0,     55.0,    162.0, 12, 12, 11, 10,    1344569,    1344569,    1344569,    1344569
34,    1118839,     55.0,     54.0,     54.0,    162.0,  9, 12, 12, 11,    1344570,    1344570,    1344570,    1344570
34,     525317,     56.0,     56.0,     57.0,    164.0,  9, 12, 12,  9,    1049719,    1049719,    1049719,    1049719
34,    1486648,     62.0,     62.0,     63.0,    181.0,  9, 12, 11,  9,    1606187,    1606187,    1606187,    1606187
34,    2579513,     43.0,     43.0,     44.0,    124.0,  4,  5,  6,  4,      41532,      41532,      41532,      41532
34,    1272360,     50.0,     48.0,     48.0,    137.0,  4,  7,  6,  6,    1272360,    1272360,    1272360,    1272360
34,    1272532,     20.0,     20.0,     21.0,     59.0,  4,  5,  6,  4,    1272532,    1272532,    1272532,    1272532
34,    1272537,     18.0,     18.0,     19.0,     54.0,  4,  5,  6,  4,    1272537,    1272537,    1272537,    1272537
34,    1272551,     11.0,     11.0,     11.0,     33.0,  4,  5,  6,  4,    1272551,    1272551,    1272551,    1272551
34,    1272556,      9.0,      9.0,     10.0,     28.0,  4,  5,  6,  4,    1272556,    1272556,    1272556,    1272556
34,    1415793,     57.0,     56.0,     55.0,    166.0, 12, 12, 12, 11,    1533786,    1533786,    1533786,    1533786
34,    1476151,     54.0,     55.0,     55.0,    160.0, 12, 12, 12,  9,    1598831,    1598831,    1598831,    1598831
34,    1486643,     55.0,     54.0,     54.0,    162.0,  9, 12, 12,  9,    1606185,    1606185,    1606185,    1606185
34,    2528541,     25.0,     25.0,     25.0,     76.0,  9, 10, 11,  9,    2375072,    2375072,    2375072,    2375072
34,    2528505,     68.0,     68.0,     66.0,    203.0, 12, 10, 12,  9,     904855,    2375057,     904855,    2375057
34,    2528500,     68.0,     69.0,     66.0,    205.0, 12, 12, 12, 11,    2375055,     904855,     904855,    2375055
34,    2528536,     54.0,     55.0,     53.0,    161.0, 12, 10, 12, 11,    2375071,    2375071,    2375071,    2375071
34,    2528552,     55.0,     53.0,     56.0,    166.0, 12, 12, 12, 10,    2375078,    2375078,    2375078,    2375078
34,    2528560,     56.0,     55.0,     55.0,    164.0, 12, 12, 12, 10,    2375083,    2375083,    2375083,    2375083
34,    2528579,     55.0,     57.0,     57.0,    167.0, 12, 12, 12,  9,    2375092,    2375092,    2375092,    2375092
34,    2528595,     56.0,     58.0,     56.0,    164.0, 12, 10, 12,  9,      74327,      74327,      74327,      74327
34,    2537109,     52.0,     51.0,     51.0,    144.0,  4,  7,  7,  6,    2537109,    1272003,    1272003,    2537109
34,    2537117,     58.0,     56.0,     56.0,    159.0,  4,  7,  7,  6,    2537112,    1272003,    1272003,    2537117
34,    2537125,     59.0,     57.0,     58.0,    166.0,  9, 12,  6,  6,    2381178,    2381178,    2537125,    2537125
34,    2537134,     58.0,     58.0,     58.0,    167.0, 12, 12, 12,  9,    2381181,    2381181,    2381181,    2381181
34,    2537142,     57.0,     58.0,     58.0,    165.0, 12, 10, 11,  9,    2381184,    2381184,    2381184,    2381184
34,    2537151,     58.0,     57.0,     57.0,    166.0,  9, 12, 12, 10,    2381187,    2381187,    2381187,    2381187
34,    2537159,     58.0,     58.0,     55.0,    172.0, 12, 12, 12, 10,    2381190,    2381190,    2381190,    2381190
34,    2538969,     20.0,     20.0,     20.0,     59.0,  9, 10, 11,  9,    2382148,    2382148,    2382148,    2382148
34,    2539108,     27.0,     27.0,     27.0,     79.0,  9, 10, 11, 11,    2382245,    2382245,    2382245,    2382245
34,    2597348,     26.0,     26.0,     27.0,     76.0,  4,  5,  6,  4,    1272527,    1272527,    1272527,    1272527
34,    3988692,     12.0,     12.0,     12.0,     35.0,  4,  5,  6,  4,    3988692,    3988692,    3988692,    3988692
35,    1327284,     57.0,     57.0,     57.0,    164.0,  9, 10, 11,  9,    1454550,    1454550,    1454550,    1454550
35,    1476197,     26.0,     26.0,     26.0,     76.0,  9, 10, 11,  9,    1598853,    1598853,    1598853,    1598853
35,    1272511,     21.0,     21.0,     21.0,     60.0,  4,  5,  6,  4,    1272511,    1272511,    1272511,    1272511
35,     455239,     55.0,     55.0,     55.0,    161.0, 12, 12, 12,  9,     892789,     892789,     892789,     892789
35,     231563,     57.0,     55.0,     55.0,    169.0, 12, 12, 12, 10,    1044648,    1044648,    1044648,    1044648
35,    1118829,     55.0,     55.0,     54.0,    162.0,  9, 10, 12, 10,    1344569,    1344569,    1344569,    1344569
35,    1118839,     55.0,     54.0,     54.0,    163.0,  9, 12, 12,  9,    1344570,    1344570,    1344570,    1344570
35,     525317,     56.0,     56.0,     56.0,    165.0, 12, 12, 12,  9,    1049719,    1049719,    1049719,    1049719
35,    1486648,     62.0,     62.0,     63.0,    181.0,  9, 12, 11,  9,    1606187,    1606187,    1606187,    1606187
35,    2579513,     44.0,     43.0,     44.0,    124.0,  4,  5,  6,  4,      41532,      41532,      41532,      41532
35,    1272360,     51.0,     46.0,     48.0,    136.0,  4,  7,  6,  5,    1272360,    1272360,    1272360,    1272360
35,    1272532,     21.0,     21.0,     21.0,     59.0,  4,  5,  6,  4,    1272532,    1272532,    1272532,    1272532
35,    1272537,     19.0,     19.0,     19.0,     54.0,  4,  5,  6,  4,    1272537,    1272537,    1272537,    1272537
35,    1272551,     11.0,     11.0,     11.0,     33.0,  4,  5,  6,  4,    1272551,    1272551,    1272551,    1272551
35,    1272556,     10.0,      9.0,     10.0,     28.0,  4,  5,  6,  4,    1272556,    1272556,    1272556,    1272556
35,    1415793,     57.0,     56.0,     55.0,    166.0, 12, 12, 12, 10,    1533786,    1533786,    1533786,    1533786
35,    1476151,     55.0,     54.0,     55.0,    160.0,  9, 12, 11,  9,    1598831,    1598831,    1598831,    1598831
35,    1486643,     55.0,     54.0,     54.0,    162.0,  9, 12, 12, 10,    1606185,    1606185,    1606185,    1606185
35,    2528541,     25.0,     25.0,     25.0,     76.0,  9, 10, 11,  9,    2375072,    2375072,    2375072,    2375072
35,    2528505,     68.0,     67.0,     66.0,    203.0,  9, 12, 12,  9,    2375057,     904855,     904855,    2375057
35,    2528500,     68.0,     67.0,     66.0,    204.0, 12, 12, 12,  9,    2375055,     904855,     904855,    2375055
35,    2528536,     53.0,     55.0,     53.0,    161.0, 12, 10, 12, 11,    2375071,    2375071,    2375071,    2375071
35,    2528552,     55.0,     54.0,     56.0,    166.0, 12, 12, 12,  9,    2375078,    2375078,    2375078,    2375078
35,    2528560,     56.0,     55.0,     55.0,    164.0,  9, 12, 12,  9,    2375083,    2375083,    2375083,    2375083
35,    2528579,     56.0,     57.0,     56.0,    167.0, 12, 12, 12, 11,    2375092,    2375092,    2375092,    2375092
35,    2528595,     55.0,     58.0,     56.0,    163.0, 12, 12, 12,  9,      74327,      74327,      74327,      74327
35,    2537109,     53.0,     49.0,     51.0,    143.0,  4,  7,  7,  5,    2537109,    1272360,    1272003,    2537109
35,    2537117,     59.0,     54.0,     56.0,    157.0,  4,  7,  7,  5,    2537112,    1272003,    1272360,    2537117
35,    2537125,     59.0,     56.0,     58.0,    164.0,  9,  7, 12,  5,    2381178,    2537125,    2381178,    2537125
35,    2537134,     58.0,     58.0,     58.0,    166.0,  9, 12, 12,  9,    2381181,    2381181,    2381181,    2381181
35,    2537142,     58.0,     58.0,     57.0,    166.0,  9, 10, 12,  9,    2381184,    2381184,    2381184,    2381184
35,    2537151,     58.0,     57.0,     57.0,    166.0, 12, 12, 12, 10,    2381187,    2381187,    2381187,    2381187
35,    2537159,     59.0,     56.0,     56.0,    169.0, 12, 12, 12, 10,    2381190,    2381190,    2381190,    2381190
35,    2538969,     20.0,     20.0,     20.0,     59.0,  9, 10, 11,  9,    2382148,    2382148,    2382148,    2382148
35,    2539108,     27.0,     27.0,     27.0,     79.0,  9, 10, 11, 11,    2382245,    2382245,    2382245,    2382245
35,    2597348,     26.0,     26.0,     27.0,     76.0,  4,  5,  6,  4,    1272527,    1272527,    1272527,    1272527
35,    3988692,     12.0,     12.0,     12.0,     35.0,  4,  5,  6,  4,    3988692,    3988692,    3988692,    3988692
36,    1327284,     57.0,     57.0,     57.0,    164.0,  9, 10, 11,  9,    1454550,    1454550,    1454550,    1454550
36,    1476197,     26.0,     26.0,     26.0,     77.0,  9, 10, 11,  9,    1598853,    1598853,    1598853,    1598853
36,    1272511,     21.0,     21.0,     21.0,     60.0,  4,  5,  6,  4,    1272511,    1272511,    1272511,    1272511
36,     455239,     55.0,     55.0,     55.0,    160.0,  9, 10, 11,  9,     892789,     892789,     892789,     892789
36,     231563,     56.0,     56.0,     56.0,    168.0, 12, 12, 12, 10,    1044648,    1044648,    1044648,    1044648
36,    1118829,     54.0,     55.0,     55.0,    163.0, 12, 12, 11,  9,    1344569,    1344569,    1344569,    1344569
36,    1118839,     55.0,     54.0,     55.0,    162.0,  9, 12, 11, 10,    1344570,    1344570,    1344570,    1344570
36,     525317,     56.0,     56.0,     56.0,    165.0, 12, 12, 12,  9,    1049719,    1049719,    1049719,    1049719
36,    1486648,     62.0,     62.0,     63.0,    181.0,  9, 12, 11,  9,    1606187,    1606187,    1606187,    1606187
36,    2579513,     43.0,     44.0,     44.0,    124.0,  4,  5,  6,  4,      41532,      41532,      41532,      41532
36,    1272360,     48.0,     47.0,     49.0,    133.0,  7,  5,  6,  5,    1272360,    1272360,    1272360,    1272360
36,    1272532,     20.0,     21.0,     21.0,     59.0,  4,  5,  6,  4,    1272532,    1272532,    1272532,    1272532
36,    1272537,     19.0,     19.0,     19.0,     54.0,  4,  5,  6,  4,    1272537,    1272537,    1272537,    1272537
36,    1272551,     11.0,     11.0,     11.0,     33.0,  4,  5,  6,  4,    1272551,    1272551,    1272551,    1272551
36,    1272556,      9.0,     10.0,     10.0,     28.0,  4,  5,  6,  4,    1272556,    1272556,    1272556,    1272556
36,    1415793,     58.0,     56.0,     55.0,    166.0,  9, 12, 12, 10,    1533786,    1533786,    1533786,    1533786
36,    1476151,     56.0,     54.0,     54.0,    160.0,  9, 12, 12, 10,    1598831,    1598831,    1598831,    1598831
36,    1486643,     54.0,     55.0,     54.0,    162.0, 12, 12, 12,  9,    1606185,    1606185,    1606185,    1606185
36,    2528541,     25.0,     25.0,     25.0,     76.0,  9, 10, 11,  9,    2375072,    2375072,    2375072,    2375072
36,    2528505,     68.0,     67.0,     66.0,    203.0,  9, 12, 12,  9,    2375057,     904855,     904855,    2375057
36,    2528500,     69.0,     68.0,     67.0,    205.0, 12, 12, 12, 10,    2375055,     904855,     904855,    2375055
36,    2528536,     53.0,     56.0,     52.0,    161.0, 12, 10, 12, 11,    2375071,    2375071,    2375071,    2375071
36,    2528552,     54.0,     55.0,     56.0,    164.0, 12, 12, 11,  9,    2375078,    2375078,    2375078,    2375078
36,    2528560,     55.0,     55.0,     56.0,    163.0, 12, 12, 12,  9,    2375083,    2375083,    2375083,    2375083
36,    2528579,     56.0,     57.0,     56.0,    166.0, 12, 12, 12,  9,    2375092,    2375092,    2375092,    2375092
36,    2528595,     57.0,     56.0,     57.0,    164.0,  9, 12, 11,  9,      74327,      74327,      74327,      74327
36,    2537109,     51.0,     49.0,     52.0,    140.0,  7,  5,  6,  5,    1272003,    2537109,    2537104,    2537109
36,    2537117,     56.0,     54.0,     57.0,    154.0,  7,  5,  6,  5,    1272003,    2537117,    2537117,    2537117
36,    2537125,     58.0,     57.0,     59.0,    161.0,  7,  5, 11,  5,    2537125,    2537125,    2381178,    2537125
36,    2537134,     58.0,     59.0,     58.0,    167.0, 12, 10, 12,  9,    2381181,    2381181,    2381181,    2381181
36,    2537142,     58.0,     58.0,     58.0,    166.0,  9, 10, 12,  9,    2381184,    2381184,    2381184,    2381184
36,    2537151,     58.0,     57.0,     57.0,    167.0, 12, 12, 12, 10,    2381187,    2381187,    2381187,    2381187
36,    2537159,     60.0,     57.0,     55.0,    169.0, 12, 12, 12, 10,    2381190,    2381190,    2381190,    2381190
36,    2538969,     20.0,     20.0,     20.0,     59.0,  9, 10, 11,  9,    2382148,    2382148,    2382148,    2382148
36,    2539108,     27.0,     27.0,     27.0,     79.0,  9, 10, 11, 10,    2382245,    2382245,    2382245,    2382245
36,    2597348,     26.0,     27.0,     27.0,     76.0,  4,  5,  6,  4,    1272527,    1272527,    1272527,    1272527
36,    3988692,     12.0,     12.0,     12.0,     35.0,  4,  5,  6,  4,    3988692,    3988692,    3988692,    3988692
37,    1327284,     57.0,     57.0,     57.0,    164.0,  9, 10, 11,  9,    1454550,    1454550,    1454550,    1454550
37,    1476197,     26.0,     26.0,     26.0,     77.0,  9, 10, 11,  9,    1598853,    1598853,    1598853,    1598853
37,    1272511,     21.0,     21.0,     21.0,     60.0,  4,  5,  6,  4,    1272511,    1272511,    1272511,    1272511
37,     455239,     55.0,     55.0,     55.0,    160.0, 12, 10, 11, 10,     892789,     892789,     892789,     892789
37,     231563,     57.0,     55.0,     56.0,    168.0, 12, 12, 12, 10,    1044648,    1044648,    1044648,    1044648
37,    1118829,     54.0,     54.0,     55.0,    163.0, 12, 12, 12,  9,    1344569,    1344569,    1344569,    1344569
37,    1118839,     55.0,     54.0,     54.0,    162.0,  9, 12, 12,  9,    1344570,    1344570,    1344570,    1344570
37,     525317,     56.0,     57.0,     56.0,    165.0, 12, 10, 12,  9,    1049719,    1049719,    1049719,    1049719
37,    1486648,     62.0,     62.0,     63.0,    181.0,  9, 12, 11,  9,    1606187,    1606187,    1606187,    1606187
37,    2579513,     43.0,     43.0,     44.0,    124.0,  4,  5,  6,  4,      41532,      41532,      41532,      41532
37,    1272360,     48.0,     46.0,     48.0,    132.0,  4,  5,  6,  5,    1272360,    1272360,    1272360,    1272360
37,    1272532,     21.0,     20.0,     21.0,     59.0,  4,  5,  6,  4,    1272532,    1272532,    1272532,    1272532
37,    1272537,     19.0,     18.0,     19.0,     53.0,  4,  5,  6,  5,    1272537,    1272537,    1272537,    1272537
37,    1272551,     11.0,     11.0,     11.0,     33.0,  4,  5,  6,  4,    1272551,    1272551,    1272551,    1272551
37,    1272556,      9.0,      9.0,     10.0,     28.0,  4,  5,  6,  4,    1272556,    1272556,    1272556,    1272556
37,    1415793,     58.0,     55.0,     55.0,    166.0, 12, 12, 12, 10,    1533786,    1533786,    1533786,    1533786
37,    1476151,     55.0,     55.0,     54.0,    161.0, 12, 12, 12,  9,    1598831,    1598831,    1598831,    1598831
37,    1486643,     55.0,     55.0,     54.0,    162.0,  9, 10, 12, 11,    1606185,    1606185,    1606185,    1606185
37,    2528541,     25.0,     25.0,     25.0,     76.0,  9, 10, 11,  9,    2375072,    2375072,    2375072,    2375072
37,    2528505,     68.0,     68.0,     67.0,    203.0,  9, 12, 12,  9,    2375057,     904855,     904855,    2375057
37,    2528500,     68.0,     68.0,     67.0,    205.0, 12, 12, 12,  9,    2375055,     904855,    2375053,    2375055
37,    2528536,     53.0,     54.0,     54.0,    162.0, 12, 12, 12,  9,    2375071,    2375071,    2375071,    2375071
37,    2528552,     55.0,     55.0,     55.0,    165.0, 12, 12, 12, 11,    2375078,    2375078,    2375078,    2375078
37,    2528560,     55.0,     56.0,     55.0,    163.0, 12, 12, 12,  9,    2375083,    2375083,    2375083,    2375083
37,    2528579,     56.0,     56.0,     58.0,    166.0, 12, 12, 11,  9,    2375092,    2375092,    2375092,    2375092
37,    2528595,     57.0,     56.0,     57.0,    164.0,  9, 12, 11,  9,      74327,      74327,      74327,      74327
37,    2537109,     50.0,     49.0,     51.0,    139.0,  4,  5,  6,  5,    2537109,    2537104,    2537104,    2537109
37,    2537117,     55.0,     54.0,     56.0,    152.0,  4,  5,  6,  5,    2537117,    2537112,    2537117,    2537117
37,    2537125,     58.0,     56.0,     58.0,    159.0,  4,  5,  6,  5,    2537125,    2537125,    2537125,    2537125
37,    2537134,     58.0,     58.0,     58.0,    167.0, 12, 12, 11,  9,    2381181,    2381181,    2381181,    2381181
37,    2537142,     57.0,     59.0,     58.0,    166.0, 12, 12, 12,  9,    2381184,    2381184,    2381184,    2381184
37,    2537151,     58.0,     57.0,     57.0,    167.0,  9, 12, 12,  9,    2381187,    2381187,    2381187,    2381187
37,    2537159,     59.0,     57.0,     56.0,    168.0, 12, 12, 12, 10,    2381190,    2381190,    2381190,    2381190
37,    2538969,     20.0,     20.0,     20.0,     59.0,  9, 10, 11,  9,    2382148,    2382148,    2382148,    2382148
37,    2539108,     27.0,     27.0,     27.0,     79.0,  9, 10, 11, 11,    2382245,    2382245,    2382245,    2382245
37,    2597348,     26.0,     26.0,     27.0,     76.0,  4,  5,  6,  4,    1272527,    1272527,    1272527,    1272527
37,    3988692,     12.0,     12.0,     12.0,     35.0,  4,  5,  6,  4,    3988692,    3988692,    3988692,    3988692
38,    1327284,     57.0,     57.0,     57.0,    164.0,  9, 10, 11,  9,    1454550,    1454550,    1454550,    1454550
38,    1476197,     26.0,     26.0,     26.0,     77.0,  9, 10, 11,  9,    1598853,    1598853,    1598853,    1598853
38,    1272511,     21.0,     21.0,     21.0,     60.0,  4,  5,  6,  4,    1272511,    1272511,    1272511,    1272511
38,     455239,     55.0,     55.0,     55.0,    160.0,  9, 10, 12,  9,     892789,     892789,     892789,     892789
38,     231563,     58.0,     55.0,     55.0,    167.0, 12, 12, 12, 11,    1044648,    1044648,    1044648,    1044648
38,    1118829,     54.0,     54.0,     55.0,    162.0, 12, 12, 11,  9,    1344569,    1344569,    1344569,    1344569
38,    1118839,     55.0,     54.0,     54.0,    162.0,  9, 12, 12, 10,    1344570,    1344570,    1344570,    1344570
38,     525317,     55.0,     56.0,     57.0,    165.0, 12, 12, 12,  9,    1049719,    1049719,    1049719,    1049719
38,    1486648,     62.0,     62.0,     63.0,    181.0,  9, 12, 11,  9,    1606187,    1606187,    1606187,    1606187
38,    2579513,     43.0,     43.0,     44.0,    123.0,  4,  5,  6,  4,      41532,      41532,      41532,      41532
38,    1272360,     48.0,     48.0,     47.0,    134.0,  4,  5,  6,  6,    1272360,    1272360,    1272360,    1272360
38,    1272532,     20.0,     20.0,     21.0,     59.0,  4,  5,  6,  4,    1272532,    1272532,    1272532,    1272532
38,    1272537,     18.0,     18.0,     19.0,     53.0,  4,  5,  6,  4,    1272537,    1272537,    1272537,    1272537
38,    1272551,     11.0,     11.0,     11.0,     32.0,  4,  5,  6,  4,    1272551,    1272551,    1272551,    1272551
38,    1272556,      9.0,      9.0,     10.0,     28.0,  4,  5,  6,  4,    1272556,    1272556,    1272556,    1272556
38,    1415793,     58.0,     55.0,     55.0,    165.0, 12, 12, 12, 11,    1533786,    1533786,    1533786,    1533786
38,    1476151,     54.0,     54.0,     55.0,    160.0, 12, 12, 12,  9,    1598831,    1598831,    1598831,    1598831
38,    1486643,     54.0,     54.0,     55.0,    162.0, 12, 12, 11,  9,    1606185,    1606185,    1606185,    1606185
38,    2528541,     25.0,     25.0,     25.0,     76.0,  9, 10, 11,  9,    2375072,    2375072,    2375072,    2375072
38,    2528505,     67.0,     68.0,     66.0,    203.0, 12, 10, 12,  9,     904855,    2375057,     904855,    2375057
38,    2528500,     67.0,     68.0,     66.0,    205.0, 12, 12, 12, 10,     904855,    2375055,    2375053,    2375055
38,    2528536,     53.0,     54.0,     54.0,    162.0, 12, 12, 12,  9,    2375071,    2375071,    2375071,    2375071
38,    2528552,     54.0,     55.0,     56.0,    169.0, 12, 12, 12,  9,    2375078,    2375078,    2375078,    2375078
38,    2528560,     55.0,     56.0,     55.0,    163.0, 12, 12, 12,  9,    2375083,    2375083,    2375083,    2375083
38,    2528579,     55.0,     58.0,     56.0,    166.0, 12, 12, 12,  9,    2375092,    2375092,    2375092,    2375092
38,    2528595,     57.0,     56.0,     57.0,    164.0,  9, 12, 11,  9,      74327,      74327,      74327,      74327
38,    2537109,     50.0,     51.0,     50.0,    142.0,  4,  5,  6,  6,    2537109,    1272003,    2537104,    2537109
38,    2537117,     55.0,     56.0,     55.0,    156.0,  4,  5,  6,  6,    2537117,    2537112,    2537117,    2537117
38,    2537125,     58.0,     58.0,     57.0,    163.0,  4,  5,  6,  6,    2537125,    2537125,    2537125,    2537125
38,    2537134,     58.0,     58.0,     59.0,    167.0, 12, 12, 11,  9,    2381181,    2381181,    2381181,    2381181
38,    2537142,     57.0,     59.0,     58.0,    166.0, 12, 10, 12,  9,    2381184,    2381184,    2381184,    2381184
38,    2537151,     58.0,     57.0,     57.0,    166.0,  9, 12, 12,  9,    2381187,    2381187,    2381187,    2381187
38,    2537159,     60.0,     57.0,     54.0,    167.0, 12, 12, 12, 10,    2381190,    2381190,    2381190,    2381190
38,    2538969,     20.0,     20.0,     20.0,     59.0,  9, 10, 11,  9,    2382148,    2382148,    2382148,    2382148
38,    2539108,     27.0,     27.0,     27.0,     79.0,  9, 10, 11,  4,    2382245,    2382245,    2382245,    2539108
38,    2597348,     26.0,     26.0,     27.0,     76.0,  4,  5,  6,  4,    1272527,    1272527,    1272527,    1272527
38,    3988692,     12.0,     12.0,     12.0,     35.0,  4,  5,  6,  4,    3988692,    3988692,    3988692,    3988692
39,    1327284,     57.0,     57.0,     57.0,    164.0,  9, 10, 11,  9,    1454550,    1454550,    1454550,    1454550
39,    1476197,     26.0,     26.0,     26.0,     77.0,  9, 10, 11,  9,    1598853,    1598853,    1598853,    1598853
39,    1272511,     21.0,     21.0,     21.0,     60.0,  4,  5,  6,  4,    1272511,    1272511,    1272511,    1272511
39,     455239,     55.0,     55.0,     55.0,    160.0, 12, 10, 12,  9,     892789,     892789,     892789,     892789
39,     231563,     56.0,     56.0,     56.0,    169.0, 12, 12, 12, 10,    1044648,    1044648,    1044648,    1044648
39,    1118829,     54.0,     55.0,     55.0,    162.0, 12, 10, 11,  9,    1344569,    1344569,    1344569,    1344569
39,    1118839,     55.0,     54.0,     54.0,    162.0,  9, 12, 12, 10,    1344570,    1344570,    1344570,    1344570
39,     525317,     56.0,     56.0,     56.0,    164.0,  9, 12, 12,  9,    1049719,    1049719,    1049719,    1049719
39,    1486648,     62.0,     62.0,     63.0,    181.0,  9, 12, 11,  9,    1606187,    1606187,    1606187,    1606187
39,    2579513,     43.0,     43.0,     43.0,    123.0,  4,  5,  6,  4,      41532,      41532,      41532,      41532
39,    1272360,     47.0,     46.0,     46.0,    130.0,  4,  5,  6,  5,    1272360,    1272360,    1272360,    1272360
39,    1272532,     20.0,     20.0,     20.0,     59.0,  4,  5,  6,  4,    1272532,    1272532,    1272532,    1272532
39,    1272537,     18.0,     18.0,     18.0,     53.0,  4,  5,  6,  4,    1272537,    1272537,    1272537,    1272537
39,    1272551,     11.0,     11.0,     11.0,     32.0,  4,  5,  6,  4,    1272551,    1272551,    1272551,    1272551
39,    1272556,      9.0,      9.0,      9.0,     28.0,  4,  5,  6,  4,    1272556,    1272556,    1272556,    1272556
39,    1415793,     57.0,     56.0,     55.0,    165.0, 12, 12, 12, 11,    1533786,    1533786,    1533786,    1533786
39,    1476151,     55.0,     55.0,     55.0,    160.0,  9, 10, 11,  9,    1598831,    1598831,    1598831,    1598831
39,    1486643,     55.0,     54.0,     55.0,    162.0,  9, 12, 11,  9,    1606185,    1606185,    1606185,    1606185
39,    2528541,     25.0,     25.0,     25.0,     76.0,  9, 10, 11,  9,    2375072,    2375072,    2375072,    2375072
39,    2528505,     68.0,     68.0,     66.0,    203.0,  9, 12, 12,  9,    2375057,     904855,     904855,    2375057
39,    2528500,     68.0,     68.0,     66.0,    205.0, 12, 12, 12,  9,    2375055,     904855,    2375053,    2375055
39,    2528536,     54.0,     54.0,     54.0,    162.0, 12, 10, 12,  9,    2375071,    2375071,    2375071,    2375071
39,    2528552,     56.0,     54.0,     55.0,    165.0, 12, 12, 12, 10,    2375078,    2375078,    2375078,    2375078
39,    2528560,     55.0,     56.0,     55.0,    163.0, 12, 12, 12,  9,    2375083,    2375083,    2375083,    2375083
39,    2528579,     56.0,     57.0,     57.0,    165.0, 12, 12, 11,  9,    2375092,    2375092,    2375092,    2375092
39,    2528595,     57.0,     57.0,     57.0,    164.0,  9, 10, 11,  9,      74327,      74327,      74327,      74327
39,    2537109,     50.0,     48.0,     49.0,    137.0,  4,  5,  6,  5,    1272003,    2537109,    1272003,    2537109
39,    2537117,     54.0,     53.0,     54.0,    150.0,  4,  5,  6,  5,    2537117,    2537112,    2537112,    2537117
39,    2537125,     57.0,     55.0,     56.0,    157.0,  4,  5,  6,  5,    2537125,    2537125,    2537125,    2537125
39,    2537134,     58.0,     57.0,     59.0,    166.0, 12, 12,  6,  5,    2381181,    2381181,    2537134,    2537134
39,    2537142,     57.0,     58.0,     58.0,    166.0, 12, 12, 12,  9,    2381184,    2381184,    2381184,    2381184
39,    2537151,     58.0,     57.0,     57.0,    166.0,  9, 12, 12,  9,    2381187,    2381187,    2381187,    2381187
39,    2537159,     59.0,     59.0,     54.0,    168.0, 12, 10, 12, 11,    2381190,    2381190,    2381190,    2381190
39,    2538969,     20.0,     20.0,     20.0,     59.0,  9, 10, 11,  9,    2382148,    2382148,    2382148,    2382148
39,    2539108,     27.0,     27.0,     27.0,     79.0,  9, 10, 11,  4,    2382245,    2382245,    2382245,    2539108
39,    2597348,     26.0,     26.0,     26.0,     75.0,  4,  5,  6,  4,    1272527,    1272527,    1272527,    1272527
39,    3988692,     12.0,     12.0,     12.0,     35.0,  4,  5,  6,  4,    3988692,    3988692,    3988692,    3988692
40,    1327284,     57.0,     57.0,     57.0,    164.0,  9, 10, 11,  9,    1454550,    1454550,    1454550,    1454550
40,    1476197,     26.0,     26.0,     26.0,     77.0,  9, 10, 11,  9,    1598853,    1598853,    1598853,    1598853
40,    1272511,     21.0,     21.0,     21.0,     60.0,  4,  5,  6,  4,    1272511,    1272511,    1272511,    1272511
40,     455239,     55.0,     55.0,     55.0,    160.0,  9, 10, 11,  9,     892789,     892789,     892789,     892789
40,     231563,     56.0,     56.0,     56.0,    168.0, 12, 12, 12, 11,    1044648,    1044648,    1044648,    1044648
40,    1118829,     54.0,     54.0,     55.0,    162.0, 12, 12, 11,  9,    1344569,    1344569,    1344569,    1344569
40,    1118839,     55.0,     54.0,     55.0,    162.0,  9, 12, 11,  9,    1344570,    1344570,    1344570,    1344570
40,     525317,     56.0,     56.0,     56.0,    165.0, 12, 12, 12,  9,    1049719,    1049719,    1049719,    1049719
40,    1486648,     62.0,     62.0,     62.0,    181.0,  9, 12, 12,  9,    1606187,    1606187,    1606187,    1606187
40,    2579513,     43.0,     43.0,     43.0,    123.0,  4,  5,  6,  4,      41532,      41532,      41532,      41532
40,    1272360,     47.0,     46.0,     46.0,    130.0,  4,  5,  6,  5,    1272360,    1272360,    1272360,    1272360
40,    1272532,     20.0,     20.0,     20.0,     59.0,  4,  5,  6,  4,    1272532,    1272532,    1272532,    1272532
40,    1272537,     18.0,     18.0,     19.0,     53.0,  4,  5,  6,  4,    1272537,    1272537,    1272537,    1272537
40,    1272551,     11.0,     11.0,     11.0,     32.0,  4,  5,  6,  4,    1272551,    1272551,    1272551,    1272551
40,    1272556,      9.0,      9.0,      9.0,     28.0,  4,  5,  6,  4,    1272556,    1272556,    1272556,    1272556
40,    1415793,     57.0,     56.0,     56.0,    166.0, 12, 12, 12, 10,    1533786,    1533786,    1533786,    1533786
40,    1476151,     55.0,     54.0,     55.0,    159.0,  9, 12, 11, 10,    1598831,    1598831,    1598831,    1598831
40,    1486643,     55.0,     54.0,     55.0,    163.0,  9, 12, 11,  9,    1606185,    1606185,    1606185,    1606185
40,    2528541,     25.0,     25.0,     25.0,     76.0,  9, 10, 11,  9,    2375072,    2375072,    2375072,    2375072
40,    2528505,     68.0,     68.0,     67.0,    203.0,  9, 12, 12,  9,    2375057,     904855,     904855,    2375057
40,    2528500,     68.0,     68.0,     67.0,    205.0, 12, 12, 12,  9,    2375055,     904855,     904855,    2375055
40,    2528536,     54.0,     54.0,     54.0,    162.0, 12, 12, 11,  9,    2375071,    2375071,    2375071,    2375071
40,    2528552,     54.0,     55.0,     56.0,    165.0, 12, 12, 12,  9,    2375078,    2375078,    2375078,    2375078
40,    2528560,     56.0,     56.0,     55.0,    164.0,  9, 12, 12,  9,    2375083,    2375083,    2375083,    2375083
40,    2528579,     56.0,     57.0,     57.0,    166.0, 12, 12, 12,  9,    2375092,    2375092,    2375092,    2375092
40,    2528595,     57.0,     57.0,     57.0,    164.0,  9, 10, 11,  9,      74327,      74327,      74327,      74327
40,    2537109,     49.0,     48.0,     49.0,    137.0,  4,  5,  6,  5,    2537109,    2537109,    1272003,    2537109
40,    2537117,     54.0,     53.0,     54.0,    150.0,  4,  5,  6,  5,    2537117,    2537112,    2537112,    2537117
40,    2537125,     57.0,     55.0,     56.0,    157.0,  4,  5,  6,  5,    2537120,    2537125,    2537125,    2537125
40,    2537134,     58.0,     58.0,     58.0,    166.0, 12,  5, 12,  5,    2381181,    2537134,    2381181,    2537134
40,    2537142,     57.0,     58.0,     58.0,    166.0, 12, 12, 12,  9,    2381184,    2381184,    2381184,    2381184
40,    2537151,     58.0,     57.0,     57.0,    166.0,  9, 12, 12,  9,    2381187,    2381187,    2381187,    2381187
40,    2537159,     59.0,     58.0,     54.0,    168.0, 12, 12, 12, 11,    2381190,    2381190,    2381190,    2381190
40,    2538969,     20.0,     20.0,     20.0,     59.0,  9, 10, 11,  9,    2382148,    2382148,    2382148,    2382148
40,    2539108,     27.0,     27.0,     27.0,     79.0,  9, 10, 11,  4,    2382245,    2382245,    2382245,    2539108
40,    2597348,     26.0,     26.0,     26.0,     75.0,  4,  5,  6,  4,    1272527,    1272527,    1272527,    1272527
40,    3988692,     12.0,     12.0,     12.0,     35.0,  4,  5,  6,  4,    3988692,    3988692,    3988692,    3988692
41,    1327284,     57.0,     57.0,     57.0,    164.0,  9, 10, 11,  9,    1454550,    1454550,    1454550,    1454550
41,    1476197,     26.0,     26.0,     26.0,     77.0,  9, 10, 11,  9,    1598853,    1598853,    1598853,    1598853
41,    1272511,     21.0,     21.0,     21.0,     60.0,  4,  5,  6,  4,    1272511,    1272511,    1272511,    1272511
41,     455239,     55.0,     55.0,     55.0,    160.0, 12, 12, 12, 11,     892789,     892789,     892789,     892789
41,     231563,     56.0,     56.0,     56.0,    168.0, 12, 12, 12, 10,    1044648,    1044648,    1044648,    1044648
41,    1118829,     54.0,     55.0,     55.0,    162.0, 12, 10, 11,  9,    1344569,    1344569,    1344569,    1344569
41,    1118839,     55.0,     54.0,     54.0,    162.0,  9, 12, 12, 10,    1344570,    1344570,    1344570,    1344570
41,     525317,     55.0,     55.0,     59.0,    165.0, 12, 12, 12,  9,    1049719,    1049719,    1049719,    1049719
41,    1486648,     62.0,     62.0,     62.0,    181.0,  9, 12, 12,  9,    1606187,    1606187,    1606187,    1606187
41,    2579513,     43.0,     43.0,     43.0,    123.0,  4,  5,  6,  5,      41532,      41532,      41532,      41532
41,    1272360,     48.0,     45.0,     47.0,    129.0,  4,  5,  6,  5,    1272360,    1272360,    1272360,    1272360
41,    1272532,     20.0,     20.0,     21.0,     59.0,  4,  5,  6,  4,    1272532,    1272532,    1272532,    1272532
41,    1272537,     18.0,     18.0,     19.0,     53.0,  4,  5,  6,  4,    1272537,    1272537,    1272537,    1272537
41,    1272551,     11.0,     11.0,     11.0,     32.0,  4,  5,  6,  4,    1272551,    1272551,    1272551,    1272551
41,    1272556,      9.0,      9.0,      9.0,     28.0,  4,  5,  6,  4,    1272556,    1272556,    1272556,    1272556
41,    1415793,     57.0,     56.0,     56.0,    166.0, 12, 12, 12, 10,    1533786,    1533786,    1533786,    1533786
41,    1476151,     55.0,     55.0,     55.0,    160.0,  9, 10, 11,  9,    1598831,    1598831,    1598831,    1598831
41,    1486643,     55.0,     54.0,     54.0,    162.0,  9, 12, 12,  9,    1606185,    1606185,    1606185,    1606185
41,    2528541,     25.0,     25.0,     25.0,     76.0,  9, 10, 11,  9,    2375072,    2375072,    2375072,    2375072
41,    2528505,     68.0,     67.0,     67.0,    203.0,  9, 12, 12,  9,    2375057,     904855,     904855,    2375057
41,    2528500,     68.0,     67.0,     67.0,    204.0, 12, 12, 12, 11,    2375055,     904855,     904855,    2375055
41,    2528536,     54.0,     54.0,     53.0,    161.0, 12, 10, 12, 10,    2375071,    2375071,    2375071,    2375071
41,    2528552,     54.0,     55.0,     56.0,    165.0, 12, 12, 12,  9,    2375078,    2375078,    2375078,    2375078
41,    2528560,     55.0,     56.0,     55.0,    163.0, 12, 12, 12,  9,    2375083,    2375083,    2375083,    2375083
41,    2528579,     56.0,     57.0,     57.0,    166.0, 12, 12, 12,  9,    2375092,    2375092,    2375092,    2375092
41,    2528595,     57.0,     56.0,     57.0,    164.0,  9, 12, 11,  9,      74327,      74327,      74327,      74327
41,    2537109,     51.0,     48.0,     50.0,    136.0,  4,  5,  6,  5,    1272003,    2537104,    2537109,    2537109
41,    2537117,     56.0,     53.0,     55.0,    150.0,  4,  5,  6,  5,    2537112,    2537112,    2537117,    2537117
41,    2537125,     58.0,     55.0,     57.0,    156.0,  4,  5,  6,  5,    2537125,    2537125,    2537125,    2537125
41,    2537134,     58.0,     58.0,     58.0,    165.0, 12,  5, 12,  5,    2381181,    2537134,    2381181,    2537134
41,    2537142,     57.0,     58.0,     58.0,    166.0, 12, 12, 12,  9,    2381184,    2381184,    2381184,    2381184
41,    2537151,     59.0,     56.0,     57.0,    167.0,  9, 12, 12, 10,    2381187,    2381187,    2381187,    2381187
41,    2537159,     59.0,     58.0,     54.0,    168.0, 12, 12, 12, 11,    2381190,    2381190,    2381190,    2381190
41,    2538969,     20.0,     20.0,     20.0,     59.0,  9, 10, 11,  9,    2382148,    2382148,    2382148,    2382148
41,    2539108,     27.0,     27.0,     27.0,     79.0,  9,  5, 11,  5,    2382245,    2539108,    2382245,    2539108
41,    2597348,     26.0,     26.0,     26.0,     75.0,  4,  5,  6,  5,    1272527,    1272527,    1272527,    1272527
41,    3988692,     12.0,     12.0,     12.0,     35.0,  4,  5,  6,  4,    3988692,    3988692,    3988692,    3988692
42,    1327284,     57.0,     57.0,     57.0,    164.0,  9, 10, 11,  9,    1454550,    1454550,    1454550,    1454550
42,    1476197,     26.0,     26.0,     26.0,     77.0,  9, 10, 11,  9,    1598853,    1598853,    1598853,    1598853
42,    1272511,     21.0,     21.0,     21.0,     60.0,  4,  5,  6,  4,    1272511,    1272511,    1272511,    1272511
42,     455239,     55.0,     55.0,     54.0,    160.0, 12, 10, 12, 10,     892789,     892789,     892789,     892789
42,     231563,     56.0,     56.0,     56.0,    168.0, 12, 12, 12, 11,    1044648,    1044648,    1044648,    1044648
42,    1118829,     54.0,     54.0,     55.0,    162.0, 12, 12, 11, 10,    1344569,    1344569,    1344569,    1344569
42,    1118839,     55.0,     54.0,     55.0,    162.0,  9, 12, 11,  9,    1344570,    1344570,    1344570,    1344570
42,     525317,     56.0,     54.0,     58.0,    165.0, 12, 12, 12,  9,    1049719,    1049719,    1049719,    1049719
42,    1486648,     62.0,     62.0,     62.0,    181.0,  9, 12, 12,  9,    1606187,    1606187,    1606187,    1606187
42,    2579513,     43.0,     43.0,     44.0,    123.0,  4,  5,  6,  5,      41532,      41532,      41532,    2579513
42,    1272360,     48.0,     46.0,     48.0,    131.0,  4,  5,  6,  5,    1272360,    1272360,    1272360,    1272360
42,    1272532,     20.0,     20.0,     21.0,     59.0,  4,  5,  6,  4,    1272532,    1272532,    1272532,    1272532
42,    1272537,     18.0,     18.0,     19.0,     53.0,  4,  5,  6,  4,    1272537,    1272537,    1272537,    1272537
42,    1272551,     11.0,     11.0,     11.0,     32.0,  4,  5,  6,  4,    1272551,    1272551,    1272551,    1272551
42,    1272556,      9.0,      9.0,     10.0,     28.0,  4,  5,  6,  4,    1272556,    1272556,    1272556,    1272556
42,    1415793,     57.0,     56.0,     56.0,    166.0, 12, 12, 12, 10,    1533786,    1533786,    1533786,    1533786
42,    1476151,     54.0,     55.0,     55.0,    160.0, 12, 12, 11,  9,    1598831,    1598831,    1598831,    1598831
42,    1486643,     54.0,     54.0,     55.0,    162.0, 12, 12, 12, 10,    1606185,    1606185,    1606185,    1606185
42,    2528541,     25.0,     25.0,     25.0,     76.0,  9, 10, 11,  9,    2375072,    2375072,    2375072,    2375072
42,    2528505,     68.0,     67.0,     66.0,    204.0,  9, 12, 12,  9,    2375057,     904855,     904855,    2375057
42,    2528500,     68.0,     67.0,     67.0,    204.0, 12, 12, 12,  9,    2375055,     904855,     904855,    2375055
42,    2528536,     54.0,     54.0,     54.0,    161.0, 12, 10, 11, 10,    2375071,    2375071,    2375071,    2375071
42,    2528552,     56.0,     55.0,     54.0,    166.0, 12, 12, 12, 10,    2375078,    2375078,    2375078,    2375078
42,    2528560,     55.0,     56.0,     55.0,    164.0, 12, 12, 12,  9,    2375083,    2375083,    2375083,    2375083
42,    2528579,     56.0,     56.0,     58.0,    166.0, 12, 12, 11,  9,    2375092,    2375092,    2375092,    2375092
42,    2528595,     57.0,     57.0,     57.0,    164.0,  9, 10, 11,  9,      74327,      74327,      74327,      74327
42,    2537109,     51.0,     48.0,     50.0,    138.0,  4,  5,  6,  5,    2537104,    2537109,    2537109,    2537109
42,    2537117,     56.0,     53.0,     55.0,    151.0,  4,  5,  6,  5,    2537117,    2537117,    2537117,    2537117
42,    2537125,     58.0,     56.0,     58.0,    158.0,  4,  5,  6,  5,    2537125,    2537120,    2537125,    2537125
42,    2537134,     58.0,     58.0,     59.0,    167.0, 12, 12, 12,  5,    2381181,    2381181,    2381181,    2537134
42,    2537142,     57.0,     59.0,     58.0,    166.0, 12, 10, 11,  9,    2381184,    2381184,    2381184,    2381184
42,    2537151,     59.0,     57.0,     57.0,    166.0,  9, 12, 12, 10,    2381187,    2381187,    2381187,    2381187
42,    2537159,     59.0,     58.0,     55.0,    168.0, 12, 10, 12, 10,    2381190,    2381190,    2381190,    2381190
42,    2538969,     20.0,     20.0,     20.0,     59.0,  9, 10, 11,  9,    2382148,    2382148,    2382148,    2382148
42,    2539108,     27.0,     27.0,     27.0,     79.0,  9, 10, 11, 11,    2382245,    2382245,    2382245,    2382245
42,    2597348,     26.0,     26.0,     27.0,     76.0,  4,  5,  6,  4,    1272527,    1272527,    1272527,    1272527
42,    3988692,     12.0,     12.0,     12.0,     35.0,  4,  5,  6,  4,    3988692,    3988692,    3988692,    3988692
43,    1327284,     57.0,     57.0,     57.0,    164.0,  9, 10, 11,  9,    1454550,    1454550,    1454550,    1454550
43,    1476197,     26.0,     26.0,     26.0,     77.0,  9, 10, 11,  9,    1598853,    1598853,    1598853,    1598853
43,    1272511,     21.0,     21.0,     21.0,     60.0,  4,  5,  6,  4,    1272511,    1272511,    1272511,    1272511
43,     455239,     55.0,     54.0,     55.0,    160.0, 12, 12, 12, 10,     892789,     892789,     892789,     892789
43,     231563,     56.0,     56.0,     56.0,    168.0, 12, 12, 12, 11,    1044648,    1044648,    1044648,    1044648
43,    1118829,     55.0,     55.0,     54.0,    163.0, 12, 10, 12, 10,    1344569,    1344569,    1344569,    1344569
43,    1118839,     55.0,     54.0,     54.0,    162.0,  9, 12, 12, 10,    1344570,    1344570,    1344570,    1344570
43,     525317,     56.0,     56.0,     57.0,    164.0,  9, 12, 11,  9,    1049719,    1049719,    1049719,    1049719
43,    1486648,     62.0,     62.0,     63.0,    181.0,  9, 12, 11,  9,    1606187,    1606187,    1606187,    1606187
43,    2579513,     43.0,     43.0,     43.0,    124.0,  4,  5,  6,  4,      41532,    2579513,      41532,      41532
43,    1272360,     49.0,     47.0,     48.0,    137.0,  4,  7,  6,  5,    1272360,    1272360,    1272360,    1272360
43,    1272532,     20.0,     21.0,     20.0,     59.0,  4,  5,  6,  4,    1272532,    1272532,    1272532,    1272532
43,    1272537,     19.0,     19.0,     18.0,     53.0,  4,  5,  6,  6,    1272537,    1272537,    1272537,    1272537
43,    1272551,     11.0,     11.0,     11.0,     33.0,  4,  5,  6,  4,    1272551,    1272551,    1272551,    1272551
43,    1272556,      9.0,     10.0,      9.0,     28.0,  4,  5,  6,  4,    1272556,    1272556,    1272556,    1272556
43,    1415793,     57.0,     56.0,     55.0,    166.0, 12, 12, 12, 10,    1533786,    1533786,    1533786,    1533786
43,    1476151,     54.0,     55.0,     55.0,    160.0, 12, 12, 11,  9,    1598831,    1598831,    1598831,    1598831
43,    1486643,     55.0,     55.0,     54.0,    162.0,  9, 10, 12, 11,    1606185,    1606185,    1606185,    1606185
43,    2528541,     25.0,     25.0,     25.0,     76.0,  9, 10, 11,  9,    2375072,    2375072,    2375072,    2375072
43,    2528505,     68.0,     68.0,     66.0,    203.0, 12, 10, 12, 10,     904855,    2375057,     904855,    2375057
43,    2528500,     68.0,     68.0,     67.0,    204.0, 12, 12, 12, 10,     904855,    2375055,     904855,    2375055
43,    2528536,     54.0,     54.0,     53.0,    161.0, 12, 10, 12, 11,    2375071,    2375071,    2375071,    2375071
43,    2528552,     55.0,     54.0,     55.0,    167.0, 12, 12, 12, 10,    2375078,    2375078,    2375078,    2375078
43,    2528560,     54.0,     57.0,     55.0,    163.0, 12, 12, 12,  9,    2375083,    2375083,    2375083,    2375083
43,    2528579,     55.0,     57.0,     57.0,    167.0, 12, 12, 12,  9,    2375092,    2375092,    2375092,    2375092
43,    2528595,     57.0,     56.0,     56.0,    164.0,  9, 12, 12, 10,      74327,      74327,      74327,      74327
43,    2537109,     52.0,     50.0,     51.0,    144.0,  4,  7,  6,  6,    2537104,    1272003,    2537104,    2537109
43,    2537117,     57.0,     55.0,     56.0,    159.0,  4,  7,  6,  5,    2537117,    2537117,    2537117,    2537117
43,    2537125,     59.0,     57.0,     58.0,    166.0,  4,  7,  6,  5,    2537125,    2537125,    2537125,    2537125
43,    2537134,     57.0,     58.0,     59.0,    167.0, 12, 12, 12,  9,    2381181,    2381181,    2381181,    2381181
43,    2537142,     57.0,     59.0,     58.0,    166.0, 12, 10, 11,  9,    2381184,    2381184,    2381184,    2381184
43,    2537151,     58.0,     57.0,     57.0,    168.0, 12, 12, 12,  9,    2381187,    2381187,    2381187,    2381187
43,    2537159,     58.0,     57.0,     56.0,    167.0, 12, 12, 12, 10,    2381190,    2381190,    2381190,    2381190
43,    2538969,     20.0,     20.0,     20.0,     59.0,  9, 10, 11,  9,    2382148,    2382148,    2382148,    2382148
43,    2539108,     27.0,     27.0,     27.0,     79.0,  9, 10, 11, 10,    2382245,    2382245,    2382245,    2382245
43,    2597348,     26.0,     26.0,     26.0,     76.0,  4,  5,  6,  4,    1272527,    1272527,    1272527,    1272527
43,    3988692,     12.0,     12.0,     12.0,     35.0,  4,  5,  6,  4,    3988692,    3988692,    3988692,    3988692
44,    1327284,     57.0,     57.0,     57.0,    164.0,  9, 10, 11,  9,    1454550,    1454550,    1454550,    1454550
44,    1476197,     26.0,     26.0,     26.0,     77.0,  9, 10, 11,  9,    1598853,    1598853,    1598853,    1598853
44,    1272511,     21.0,     21.0,     21.0,     60.0,  4,  5,  6,  4,    1272511,    1272511,    1272511,    1272511
44,     455239,     55.0,     55.0,     55.0,    160.0, 12, 12, 12,  9,     892789,     892789,     892789,     892789
44,     231563,     57.0,     55.0,     55.0,    167.0, 12, 12, 12, 11,    1044648,    1044648,    1044648,    1044648
44,    1118829,     55.0,     55.0,     54.0,    162.0,  9, 10, 12, 10,    1344569,    1344569,    1344569,    1344569
44,    1118839,     54.0,     55.0,     54.0,    163.0, 12, 12, 12,  9,    1344570,    1344570,    1344570,    1344570
44,     525317,     56.0,     57.0,     56.0,    165.0, 12, 10, 12,  9,    1049719,    1049719,    1049719,    1049719
44,    1486648,     62.0,     62.0,     63.0,    182.0,  9, 12, 11,  9,    1606187,    1606187,    1606187,    1606187
44,    2579513,     44.0,     44.0,     44.0,    125.0,  4,  5,  6,  4,      41532,      41532,      41532,      41532
44,    1272360,     49.0,     45.0,     50.0,    136.0,  7,  7,  6,  5,    1272360,    1272360,    1272360,    1272360
44,    1272532,     21.0,     21.0,     21.0,     59.0,  4,  5,  6,  4,    1272532,    1272532,    1272532,    1272532
44,    1272537,     19.0,     19.0,     19.0,     54.0,  4,  5,  6,  4,    1272537,    1272537,    1272537,    1272537
44,    1272551,     11.0,     11.0,     11.0,     33.0,  4,  5,  6,  4,    1272551,    1272551,    1272551,    1272551
44,    1272556,     10.0,     10.0,     10.0,     28.0,  4,  5,  6,  4,    1272556,    1272556,    1272556,    1272556
44,    1415793,     58.0,     55.0,     55.0,    166.0, 12, 12, 12, 10,    1533786,    1533786,    1533786,    1533786
44,    1476151,     55.0,     54.0,     54.0,    160.0, 12, 12, 12, 10,    1598831,    1598831,    1598831,    1598831
44,    1486643,     54.0,     55.0,     54.0,    162.0, 12, 12, 12, 11,    1606185,    1606185,    1606185,    1606185
44,    2528541,     25.0,     25.0,     25.0,     76.0,  9, 10, 11,  9,    2375072,    2375072,    2375072,    2375072
44,    2528505,     67.0,     66.0,     69.0,    203.0, 12, 12, 11,  9,     904855,     904855,    2375057,    2375057
44,    2528500,     68.0,     66.0,     68.0,    204.0, 12, 12, 12, 11,     904855,     904855,    2375055,    2375055
44,    2528536,     54.0,     54.0,     53.0,    161.0, 12, 12, 12, 11,    2375071,    2375071,    2375071,    2375071
44,    2528552,     55.0,     53.0,     57.0,    165.0, 12, 12, 12, 10,    2375078,    2375078,    2375078,    2375078
44,    2528560,     55.0,     57.0,     55.0,    163.0, 12, 12, 12,  9,    2375083,    2375083,    2375083,    2375083
44,    2528579,     56.0,     56.0,     57.0,    167.0, 12, 12, 12,  9,    2375092,    2375092,    2375092,    2375092
44,    2528595,     57.0,     57.0,     56.0,    163.0,  9, 10, 12, 11,      74327,      74327,      74327,      74327
44,    2537109,     52.0,     48.0,     53.0,    143.0,  7,  7,  6,  5,    1272003,    1272003,    2537109,    2537109
44,    2537117,     57.0,     52.0,     58.0,    157.0,  7,  7,  6,  5,    1272003,    2537117,    2537117,    2537117
44,    2537125,     59.0,     55.0,     59.0,    164.0,  7,  7, 11,  5,    2537125,    1272003,    2381178,    2537125
44,    2537134,     57.0,     58.0,     58.0,    167.0, 12,  7, 12,  9,    2381181,    2537134,    2381181,    2381181
44,    2537142,     57.0,     58.0,     59.0,    166.0, 12, 12, 11,  9,    2381184,    2381184,    2381184,    2381184
44,    2537151,     59.0,     56.0,     57.0,    166.0,  9, 12, 12, 10,    2381187,    2381187,    2381187,    2381187
44,    2537159,     58.0,     58.0,     56.0,    170.0, 12, 12, 12, 10,    2381190,    2381190,    2381190,    2381190
44,    2538969,     20.0,     20.0,     20.0,     59.0,  9, 10, 11,  9,    2382148,    2382148,    2382148,    2382148
44,    2539108,     27.0,     27.0,     27.0,     79.0,  9, 10, 11, 10,    2382245,    2382245,    2382245,    2382245
44,    2597348,     26.0,     27.0,     27.0,     76.0,  4,  5,  6,  4,    1272527,    1272527,    1272527,    1272527
44,    3988692,     12.0,     12.0,     12.0,     35.0,  4,  5,  6,  4,    3988692,    3988692,    3988692,    3988692
45,    1327284,     57.0,     57.0,     57.0,    164.0,  9, 10, 11,  9,    1454550,    1454550,    1454550,    1454550
45,    1476197,     26.0,     26.0,     26.0,     76.0,  9, 10, 11,  9,    1598853,    1598853,    1598853,    1598853
45,    1272511,     21.0,     21.0,     22.0,     62.0,  4,  5,  6,  4,    1272511,    1272511,    1272511,    1272511
45,     455239,     54.0,     54.0,     57.0,    161.0, 12, 12, 11,  9,     892789,     892789,     892789,     892789
45,     231563,     57.0,     56.0,     56.0,    167.0, 12, 12, 12, 11,    1044648,    1044648,    1044648,    1044648
45,    1118829,     55.0,     54.0,     55.0,    162.0,  9, 12, 11, 10,    1344569,    1344569,    1344569,    1344569
45,    1118839,     55.0,     55.0,     54.0,    162.0,  9, 12, 12, 11,    1344570,    1344570,    1344570,    1344570
45,     525317,     56.0,     57.0,     56.0,    165.0, 12, 10, 12,  9,    1049719,    1049719,    1049719,    1049719
45,    1486648,     62.0,     62.0,     63.0,    187.0, 12, 12, 12,  9,    1606187,    1606187,    1606187,    1606187
45,    2579513,     45.0,     45.0,     45.0,    128.0,  4,  5,  6,  4,      41532,      41532,      41532,      41532
45,    1272360,     49.0,     43.0,     47.0,    145.0,  7,  7,  8,  5,    1272360,    1272360,    1272360,    1272360
45,    1272532,     21.0,     21.0,     21.0,     61.0,  4,  5,  6,  4,    1272532,    1272532,    1272532,    1272532
45,    1272537,     19.0,     19.0,     19.0,     55.0,  4,  5,  6,  4,    1272537,    1272537,    1272537,    1272537
45,    1272551,     12.0,     11.0,     12.0,     34.0,  4,  5,  6,  4,    1272551,    1272551,    1272551,    1272551
45,    1272556,     10.0,     10.0,     10.0,     29.0,  4,  5,  6,  4,    1272556,    1272556,    1272556,    1272556
45,    1415793,     57.0,     56.0,     56.0,    167.0, 12, 12, 12,  9,    1533786,    1533786,    1533786,    1533786
45,    1476151,     55.0,     54.0,     55.0,    160.0,  9, 12, 11,  9,    1598831,    1598831,    1598831,    1598831
45,    1486643,     54.0,     55.0,     54.0,    163.0, 12, 12, 12,  9,    1606185,    1606185,    1606185,    1606185
45,    2528541,     25.0,     25.0,     25.0,     76.0,  9, 10, 11,  9,    2375072,    2375072,    2375072,    2375072
45,    2528505,     68.0,     65.0,     66.0,    204.0,  9, 12, 12,  9,    2375057,     904855,     904855,    2375057
45,    2528500,     68.0,     65.0,     65.0,    204.0, 12, 12, 12,  9,    2375055,     904855,    2375053,    2375055
45,    2528536,     54.0,     54.0,     53.0,    162.0, 12, 12, 12, 10,    2375071,    2375071,    2375071,    2375071
45,    2528552,     55.0,     53.0,     56.0,    166.0, 12, 12, 12, 10,    2375078,    2375078,    2375078,    2375078
45,    2528560,     55.0,     57.0,     54.0,    164.0, 12, 12, 12,  9,    2375083,    2375083,    2375083,    2375083
45,    2528579,     56.0,     56.0,     57.0,    167.0, 12, 12, 12,  9,    2375092,    2375092,    2375092,    2375092
45,    2528595,     57.0,     56.0,     56.0,    164.0,  9, 12, 12, 10,      74327,      74327,      74327,      74327
45,    2537109,     52.0,     45.0,     50.0,    152.0,  7,  7,  8,  5,    2537109,    2537109,    2537109,    2537109
45,    2537117,     58.0,     50.0,     55.0,    165.0,  7,  7,  8,  9,    1272003,    1272003,    2537117,    2381175
45,    2537125,     59.0,     52.0,     58.0,    166.0,  9,  7,  8, 10,    2381178,    2537125,    1272003,    2381178
45,    2537134,     57.0,     56.0,     58.0,    166.0, 12,  7, 12,  9,    2381181,    1272003,    2381181,    2381181
45,    2537142,     56.0,     57.0,     58.0,    165.0, 12,  7, 12,  9,    2381184,    1272003,    2381184,    2381184
45,    2537151,     58.0,     57.0,     56.0,    166.0,  9, 12, 12, 10,    2381187,    2381187,    2381187,    2381187
45,    2537159,     58.0,     58.0,     54.0,    169.0, 12, 12, 12, 11,    2381190,    2381190,    2381190,    2381190
45,    2538969,     20.0,     20.0,     20.0,     59.0,  9, 10, 11,  9,    2382148,    2382148,    2382148,    2382148
45,    2539108,     27.0,     27.0,     27.0,     79.0,  9, 10, 11,  9,    2382245,    2382245,    2382245,    2382245
45,    2597348,     27.0,     27.0,     28.0,     78.0,  4,  5,  6,  5,    1272527,    1272527,    1272527,    1272527
45,    3988692,     12.0,     12.0,     12.0,     36.0,  4,  5,  6,  4,    3988692,    3988692,    3988692,    3988692
46,    1327284,     57.0,     57.0,     57.0,    164.0,  9, 10, 11,  9,    1454550,    1454550,    1454550,    1454550
46,    1476197,     26.0,     26.0,     26.0,     76.0,  9, 10, 11,  9,    1598853,    1598853,    1598853,    1598853
46,    1272511,     21.0,     21.0,     21.0,     61.0,  4,  5,  6,  4,    1272511,    1272511,    1272511,    1272511
46,     455239,     55.0,     55.0,     55.0,    160.0, 12, 10, 12, 10,     892789,     892789,     892789,     892789
46,     231563,     56.0,     56.0,     56.0,    166.0, 12, 12, 12, 11,    1044648,    1044648,    1044648,    1044648
46,    1118829,     55.0,     54.0,     55.0,    162.0,  9, 12, 11, 10,    1344569,    1344569,    1344569,    1344569
46,    1118839,     55.0,     55.0,     54.0,    162.0,  9, 10, 12,  9,    1344570,    1344570,    1344570,    1344570
46,     525317,     55.0,     56.0,     57.0,    164.0, 12, 12, 12,  9,    1049719,    1049719,    1049719,    1049719
46,    1486648,     62.0,     62.0,     63.0,    187.0, 12, 12, 12,  9,    1606187,    1606187,    1606187,    1606187
46,    2579513,     44.0,     44.0,     45.0,    126.0,  4,  5,  6,  4,      41532,      41532,      41532,      41532
46,    1272360,     49.0,     44.0,     48.0,    139.0,  7,  7,  8,  5,    1272360,    1272360,    1272360,    1272360
46,    1272532,     21.0,     21.0,     21.0,     60.0,  4,  5,  6,  4,    1272532,    1272532,    1272532,    1272532
46,    1272537,     19.0,     19.0,     19.0,     55.0,  4,  5,  6,  4,    1272537,    1272537,    1272537,    1272537
46,    1272551,     11.0,     11.0,     11.0,     33.0,  4,  5,  6,  4,    1272551,    1272551,    1272551,    1272551
46,    1272556,     10.0,     10.0,     10.0,     28.0,  4,  5,  6,  4,    1272556,    1272556,    1272556,    1272556
46,    1415793,     56.0,     57.0,     56.0,    166.0, 12, 10, 12,  9,    1533786,    1533786,    1533786,    1533786
46,    1476151,     55.0,     54.0,     54.0,    160.0, 12, 12, 12, 10,    1598831,    1598831,    1598831,    1598831
46,    1486643,     54.0,     55.0,     55.0,    162.0, 12, 10, 12,  9,    1606185,    1606185,    1606185,    1606185
46,    2528541,     25.0,     25.0,     25.0,     76.0,  9, 10, 11,  9,    2375072,    2375072,    2375072,    2375072
46,    2528505,     68.0,     67.0,     66.0,    203.0,  9, 12, 12,  9,    2375057,     904855,     904855,    2375057
46,    2528500,     68.0,     67.0,     66.0,    204.0, 12, 12, 12,  9,    2375055,     904855,     904855,    2375055
46,    2528536,     53.0,     54.0,     54.0,    162.0, 12, 12, 12,  9,    2375071,    2375071,    2375071,    2375071
46,    2528552,     55.0,     53.0,     56.0,    167.0, 12, 12, 12, 10,    2375078,    2375078,    2375078,    2375078
46,    2528560,     55.0,     56.0,     54.0,    164.0, 12, 12, 12,  9,    2375083,    2375083,    2375083,    2375083
46,    2528579,     56.0,     56.0,     57.0,    167.0, 12, 12, 12,  9,    2375092,    2375092,    2375092,    2375092
46,    2528595,     57.0,     57.0,     56.0,    164.0,  9, 10, 12,  9,      74327,      74327,      74327,      74327
46,    2537109,     52.0,     47.0,     51.0,    146.0,  7,  7,  8,  5,    1272003,    1272003,    1272003,    2537109
46,    2537117,     57.0,     52.0,     56.0,    160.0,  7,  7,  8,  5,    2537117,    1272003,    1272003,    2537117
46,    2537125,     58.0,     54.0,     58.0,    166.0, 12,  7,  8,  5,    2381178,    1272003,    2537125,    2537125
46,    2537134,     58.0,     57.0,     58.0,    166.0,  9,  7, 12,  9,    2381181,    1272360,    2381181,    2381181
46,    2537142,     57.0,     58.0,     58.0,    165.0, 12, 10, 11,  9,    2381184,    2381184,    2381184,    2381184
46,    2537151,     59.0,     57.0,     57.0,    165.0,  9, 12, 12, 10,    2381187,    2381187,    2381187,    2381187
46,    2537159,     59.0,     59.0,     54.0,    169.0, 12, 10, 12, 11,    2381190,    2381190,    2381190,    2381190
46,    2538969,     20.0,     20.0,     20.0,     59.0,  9, 10, 11,  9,    2382148,    2382148,    2382148,    2382148
46,    2539108,     27.0,     27.0,     27.0,     79.0,  9, 10, 11,  9,    2382245,    2382245,    2382245,    2382245
46,    2597348,     27.0,     27.0,     27.0,     77.0,  4,  5,  6,  4,    1272527,    1272527,    1272527,    1272527
46,    3988692,     12.0,     12.0,     12.0,     36.0,  4,  5,  6,  4,    3988692,    3988692,    3988692,    3988692
47,    1327284,     57.0,     57.0,     57.0,    164.0,  9, 10, 11, 10,    1454550,    1454550,    1454550,    1454550
47,    1476197,     26.0,     26.0,     26.0,     77.0,  9, 10, 11,  9,    1598853,    1598853,    1598853,    1598853
47,    1272511,     21.0,     21.0,     21.0,     61.0,  4,  5,  6,  4,    1272511,    1272511,    1272511,    1272511
47,     455239,     55.0,     55.0,     56.0,    160.0,  9, 10, 11,  9,     892789,     892789,     892789,     892789
47,     231563,     55.0,     56.0,     56.0,    167.0, 12, 12, 12,  9,    1044648,    1044648,    1044648,    1044648
47,    1118829,     55.0,     54.0,     54.0,    162.0, 12, 12, 12, 10,    1344569,    1344569,    1344569,    1344569
47,    1118839,     55.0,     54.0,     55.0,    162.0,  9, 12, 11,  9,    1344570,    1344570,    1344570,    1344570
47,     525317,     56.0,     56.0,     57.0,    165.0, 12, 12, 12,  9,    1049719,    1049719,    1049719,    1049719
47,    1486648,     62.0,     62.0,     63.0,    187.0, 12, 12, 12,  9,    1606187,    1606187,    1606187,    1606187
47,    2579513,     44.0,     44.0,     44.0,    125.0,  4,  5,  6,  4,      41532,      41532,      41532,      41532
47,    1272360,     48.0,     46.0,     47.0,    132.0,  4,  5,  6,  5,    1272360,    1272360,    1272360,    1272360
47,    1272532,     21.0,     21.0,     21.0,     60.0,  4,  5,  6,  4,    1272532,    1272532,    1272532,    1272532
47,    1272537,     19.0,     19.0,     19.0,     54.0,  4,  5,  6,  4,    1272537,    1272537,    1272537,    1272537
47,    1272551,     11.0,     11.0,     11.0,     33.0,  4,  5,  6,  4,    1272551,    1272551,    1272551,    1272551
47,    1272556,     10.0,     10.0,     10.0,     28.0,  4,  5,  6,  4,    1272556,    1272556,    1272556,    1272556
47,    1415793,     56.0,     57.0,     56.0,    166.0, 12, 10, 12,  9,    1533786,    1533786,    1533786,    1533786
47,    1476151,     55.0,     54.0,     55.0,    160.0, 12, 12, 12, 10,    1598831,    1598831,    1598831,    1598831
47,    1486643,     54.0,     55.0,     54.0,    162.0, 12, 10, 12,  9,    1606185,    1606185,    1606185,    1606185
47,    2528541,     25.0,     25.0,     25.0,     76.0,  9, 10, 11,  9,    2375072,    2375072,    2375072,    2375072
47,    2528505,     68.0,     67.0,     68.0,    204.0,  9, 12, 12,  9,    2375057,     904855,     904855,    2375057
47,    2528500,     68.0,     67.0,     68.0,    205.0, 12, 12, 12,  9,    2375055,     904855,     904855,    2375055
47,    2528536,     54.0,     54.0,     54.0,    162.0, 12, 12, 11,  9,    2375071,    2375071,    2375071,    2375071
47,    2528552,     55.0,     54.0,     56.0,    166.0, 12, 12, 12,  9,    2375078,    2375078,    2375078,    2375078
47,    2528560,     55.0,     56.0,     55.0,    164.0, 12, 10, 12,  9,    2375083,    2375083,    2375083,    2375083
47,    2528579,     56.0,     57.0,     57.0,    166.0, 12, 12, 12,  9,    2375092,    2375092,    2375092,    2375092
47,    2528595,     57.0,     57.0,     57.0,    164.0,  9, 10, 11,  9,      74327,      74327,      74327,      74327
47,    2537109,     51.0,     48.0,     50.0,    138.0,  4,  7,  6,  5,    2537104,    2537109,    2537104,    2537109
47,    2537117,     56.0,     53.0,     55.0,    152.0,  4,  5,  6,  5,    2537112,    2537117,    2537112,    2537117
47,    2537125,     58.0,     55.0,     57.0,    158.0,  4,  5,  6,  5,    2537125,    2537125,    2537125,    2537125
47,    2537134,     58.0,     58.0,     59.0,    167.0, 12, 12, 11,  5,    2381181,    2381181,    2381181,    2537134
47,    2537142,     57.0,     59.0,     58.0,    166.0, 12, 10, 11,  9,    2381184,    2381184,    2381184,    2381184
47,    2537151,     59.0,     57.0,     57.0,    166.0,  9, 12, 12, 10,    2381187,    2381187,    2381187,    2381187
47,    2537159,     59.0,     58.0,     55.0,    168.0, 12, 10, 12, 10,    2381190,    2381190,    2381190,    2381190
47,    2538969,     20.0,     20.0,     20.0,     59.0,  9, 10, 11,  9,    2382148,    2382148,    2382148,    2382148
47,    2539108,     27.0,     27.0,     27.0,     79.0,  9, 10, 11,  9,    2382245,    2382245,    2382245,    2382245
47,    2597348,     27.0,     27.0,     27.0,     77.0,  4,  5,  6,  4,    1272527,    1272527,    1272527,    1272527
47,    3988692,     12.0,     12.0,     12.0,     35.0,  4,  5,  6,  4,    3988692,    3988692,    3988692,    3988692
