 F,      BusId,       PA,       PB,       PC,       P3, XA, XB, XC, X3,       id_A,       id_B,       id_C,       id_3
 0,    2579489,     43.0,     41.0,     44.0,    133.0,  1,  2,  3,  2,      41634,      41634,      41634,      41634
 0,    2579503,     46.0,     44.0,     46.0,    142.0,  1,  2,  3,  2,      41634,      41634,      41634,      41634
 0,     689554,     22.0,     22.0,     23.0,     71.0,  9, 10, 11,  9,    2776117,    2776117,    2776117,    2776117
 0,     689549,     22.0,     22.0,     22.0,     71.0,  9, 10, 11,  9,    2776117,    2776117,    2776117,    2776117
 0,     954350,     50.0,     50.0,     50.0,    160.0,  1,  2,  3,  9,     954350,     954350,     954350,    2181484
 0,    1570656,     23.0,     23.0,     23.0,     73.0,  9, 10, 11,  9,    1673020,    1673020,    1673020,    1673020
 0,    1812368,     65.0,     65.0,     65.0,    198.0,  9, 10, 11,  9,    1866140,    1866140,    1866140,    1866140
 0,    1812388,     24.0,     24.0,     24.0,     74.0,  9, 10, 11,  9,    1866154,    1866154,    1866154,    1866154
 0,    1812393,     61.0,     61.0,     61.0,    189.0,  9, 10, 11, 10,    1866152,    1866152,    1866152,    1866152
 0,    1812408,     60.0,     60.0,     60.0,    188.0,  9, 10, 11,  9,    1866152,    1866152,    1866152,    1866152
 0,    1812432,     61.0,     61.0,     62.0,    192.0,  9, 10, 11,  9,    1866178,    1866178,    1866178,    1866178
 0,    1812442,     61.0,     61.0,     61.0,    190.0,  9, 10, 11, 11,    1866181,    1866181,    1866181,    1866181
 0,    1812462,     65.0,     65.0,     65.0,    197.0,  9, 10, 11,  9,    1866186,    1866186,    1866186,    1866186
 0,    1812457,     64.0,     64.0,     65.0,    194.0,  9, 10, 11, 10,    1866185,    1866185,    1866185,    1866185
 0,    1819188,     64.0,     65.0,     65.0,    195.0,  9, 10, 11,  9,    1874094,    1874094,    1874094,    1874094
 0,    1856564,     23.0,     23.0,     22.0,     70.0,  9, 10, 11, 11,    1902084,    1902084,    1902084,    1902084
 0,    2578336,     41.0,     41.0,     42.0,    135.0,  1,  2,  3,  1,    1903608,    1903608,    1903608,    1903608
 0,    1903608,     31.0,     31.0,     31.0,    101.0,  1,  2,  3,  1,    1903608,    1903608,    1903608,    1903608
 0,    1903623,     29.0,     30.0,     30.0,     96.0,  1,  2,  3,  1,    1903623,    1903623,    1903623,    1903623
 0,    2578477,     27.0,     27.0,     27.0,     88.0,  1,  2,  3,  1,    1903633,    1903633,    1903633,    1903633
 0,    2578485,     27.0,     27.0,     27.0,     87.0,  1,  2,  3,  1,    1903633,    1903633,    1903633,    1903633
 0,    2578493,     26.0,     26.0,     27.0,     86.0,  1,  2,  3,  1,    1903633,    1903633,    1903633,    1903633
 0,    2034847,     16.0,     16.0,     17.0,     50.0,  9, 10, 11, 10,    2034294,    2034294,    2034294,    2034294
 0,    2231890,     62.0,     62.0,     62.0,    193.0,  9, 10, 11,  9,    2181175,    2181175,    2181175,    2181175
 0,    2341888,     23.0,     23.0,     23.0,     72.0,  9, 10, 11,  9,    2249963,    2249963,    2249963,    2249963
 0,    2577928,     50.0,     51.0,     51.0,    161.0,  9, 10, 11,  9,    2181484,    2181484,    2181484,    2181484
 0,    3358535,     51.0,     51.0,     51.0,    161.0,  9, 10, 11,  9,    2181484,    2181484,    2181484,    2181484
 0,    3358612,     40.0,     40.0,     40.0,    129.0,  1,  2,  3,  1,    3324480,    3324480,    3324480,    3324480
 0,    3358605,     41.0,     42.0,     42.0,    135.0,  1,  2,  3,  1,    3324480,    3324480,    3324480,    3324480
 0,    2524749,     18.0,     18.0,     18.0,     55.0,  9, 10, 11,  9,    2371885,    2371885,    2371885,    2371885
 0,    3514572,     26.0,     24.0,     26.0,     80.0,  1,  2,  3,  2,      41634,    3514572,      41634,      41634
 0,    3514577,     24.0,     23.0,     25.0,     76.0,  1,  2,  3,  2,      41634,      41634,      41634,      41634
 0,      41634,     22.0,     21.0,     23.0,     69.0,  1,  2,  3,  2,      41634,      41634,      41634,      41634
 0,    3379042,     51.0,     51.0,     51.0,    162.0,  9, 10, 11,  9,    2181484,    2181484,    2181484,    2181484
 0,    3602109,     22.0,     22.0,     22.0,     70.0,  9, 10, 11,  9,    2839690,    2839690,    2839690,    2839690
 1,    2579489,     43.0,     41.0,     43.0,    134.0,  1,  2,  3,  2,      41634,      41634,      41634,      41634
 1,    2579503,     46.0,     44.0,     46.0,    143.0,  1,  2,  3,  2,      41634,      41634,      41634,      41634
 1,     689554,     22.0,     22.0,     22.0,     71.0,  9, 10, 11, 10,    2776117,    2776117,    2776117,    2776117
 1,     689549,     22.0,     22.0,     22.0,     71.0,  9, 10, 11,  9,    2776117,    2776117,    2776117,    2776117
 1,     954350,     51.0,     52.0,     52.0,    165.0,  1,  2,  3,  1,     954350,     954350,     954350,     954350
 1,    1570656,     23.0,     23.0,     23.0,     73.0,  9, 10, 11,  9,    1673020,    1673020,    1673020,    1673020
 1,    1812368,     65.0,     65.0,     65.0,    198.0,  9, 10, 11,  9,    1866140,    1866140,    1866140,    1866140
 1,    1812388,     24.0,     24.0,     24.0,     74.0,  9, 10, 11,  9,    1866154,    1866154,    1866154,    1866154
 1,    1812393,     61.0,     61.0,     61.0,    190.0,  9, 10, 11, 11,    1866152,    1866152,    1866152,    1866152
 1,    1812408,     60.0,     60.0,     60.0,    189.0,  9, 10, 11,  9,    1866152,    1866152,    1866152,    1866152
 1,    1812432,     62.0,     61.0,     62.0,    192.0,  9, 10, 11,  9,    1866178,    1866178,    1866178,    1866178
 1,    1812442,     61.0,     61.0,     60.0,    189.0,  9, 10, 11, 11,    1866181,    1866181,    1866181,    1866181
 1,    1812462,     65.0,     65.0,     65.0,    197.0,  9, 10, 11,  9,    1866186,    1866186,    1866186,    1866186
 1,    1812457,     64.0,     64.0,     65.0,    193.0,  9, 10, 11, 10,    1866185,    1866185,    1866185,    1866185
 1,    1819188,     65.0,     65.0,     65.0,    195.0,  9, 10, 11,  9,    1874094,    1874094,    1874094,    1874094
 1,    1856564,     23.0,     23.0,     22.0,     71.0,  9, 10, 11, 11,    1902084,    1902084,    1902084,    1902084
 1,    2578336,     41.0,     41.0,     41.0,    134.0,  1,  2,  3,  3,    1903608,    1903608,    1903608,    1903608
 1,    1903608,     31.0,     31.0,     31.0,    101.0,  1,  2,  3,  1,    1903608,    1903608,    1903608,    1903608
 1,    1903623,     30.0,     29.0,     29.0,     96.0,  1,  2,  3,  3,    1903623,    1903623,    1903623,    1903623
 1,    2578477,     27.0,     27.0,     27.0,     88.0,  1,  2,  3,  1,    1903633,    1903633,    1903633,    1903633
 1,    2578485,     27.0,     27.0,     27.0,     87.0,  1,  2,  3,  2,    1903633,    1903633,    1903633,    1903633
 1,    2578493,     26.0,     26.0,     26.0,     86.0,  1,  2,  3,  3,    1903633,    1903633,    1903633,    1903633
 1,    2034847,     17.0,     16.0,     17.0,     50.0,  9, 10, 11, 10,    2034294,    2034294,    2034294,    2034294
 1,    2231890,     62.0,     63.0,     62.0,    193.0,  9, 10, 11,  9,    2181175,    2181175,    2181175,    2181175
 1,    2341888,     23.0,     23.0,     23.0,     72.0,  9, 10, 11,  9,    2249963,    2249963,    2249963,    2249963
 1,    2577928,     53.0,     54.0,     54.0,    169.0,  9, 10, 11,  9,    2181484,    2181484,    2181484,    2181484
 1,    3358535,     53.0,     54.0,     54.0,    169.0,  9, 10, 11,  9,    2181484,    2181484,    2181484,    2181484
 1,    3358612,     42.0,     42.0,     43.0,    137.0,  1,  2,  3,  1,    3324480,    3324480,    3324480,    3324480
 1,    3358605,     44.0,     44.0,     45.0,    143.0,  1,  2,  3,  1,    3324480,    3324480,    3324480,    3324480
 1,    2524749,     18.0,     18.0,     18.0,     55.0,  9, 10, 11,  9,    2371885,    2371885,    2371885,    2371885
 1,    3514572,     26.0,     25.0,     26.0,     81.0,  1,  2,  3,  2,      41634,      41634,      41634,      41634
 1,    3514577,     24.0,     23.0,     25.0,     76.0,  1,  2,  3,  2,      41634,      41634,      41634,      41634
 1,      41634,     22.0,     21.0,     23.0,     70.0,  1,  2,  3,  2,      41634,      41634,      41634,      41634
 1,    3379042,     53.0,     54.0,     54.0,    169.0,  9, 10, 11,  9,    2181484,    2181484,    2181484,    2181484
 1,    3602109,     22.0,     22.0,     22.0,     70.0,  9, 10, 11,  9,    2839690,    2839690,    2839690,    2839690
 2,    2579489,     43.0,     42.0,     44.0,    136.0,  1,  2,  3,  2,      41634,      41634,      41634,      41634
 2,    2579503,     46.0,     44.0,     47.0,    145.0,  1,  2,  3,  2,      41634,      41634,      41634,      41634
 2,     689554,     23.0,     22.0,     23.0,     71.0,  9, 10, 11, 10,    2776117,    2776117,    2776117,    2776117
 2,     689549,     22.0,     22.0,     22.0,     71.0,  9, 10, 11,  9,    2776117,    2776117,    2776117,    2776117
 2,     954350,     52.0,     52.0,     53.0,    169.0,  1,  2,  3,  1,     954350,     954350,     954350,     954350
 2,    1570656,     23.0,     23.0,     23.0,     73.0,  9, 10, 11,  9,    1673020,    1673020,    1673020,    1673020
 2,    1812368,     65.0,     65.0,     65.0,    198.0,  9, 10, 11,  9,    1866140,    1866140,    1866140,    1866140
 2,    1812388,     24.0,     24.0,     24.0,     74.0,  9, 10, 11,  9,    1866154,    1866154,    1866154,    1866154
 2,    1812393,     61.0,     61.0,     61.0,    191.0,  9, 10, 11,  9,    1866152,    1866152,    1866152,    1866152
 2,    1812408,     60.0,     60.0,     60.0,    189.0,  9, 10, 11,  9,    1866152,    1866152,    1866152,    1866152
 2,    1812432,     62.0,     62.0,     62.0,    192.0,  9, 10, 11,  9,    1866178,    1866178,    1866178,    1866178
 2,    1812442,     61.0,     61.0,     61.0,    191.0,  9, 10, 11,  9,    1866181,    1866181,    1866181,    1866181
 2,    1812462,     65.0,     65.0,     65.0,    197.0,  9, 10, 11,  9,    1866186,    1866186,    1866186,    1866186
 2,    1812457,     64.0,     64.0,     65.0,    194.0,  9, 10, 11, 10,    1866185,    1866185,    1866185,    1866185
 2,    1819188,     65.0,     65.0,     65.0,    196.0,  9, 10, 11,  9,    1874094,    1874094,    1874094,    1874094
 2,    1856564,     23.0,     23.0,     23.0,     72.0,  9, 10, 11,  9,    1902084,    1902084,    1902084,    1902084
 2,    2578336,     41.0,     42.0,     42.0,    134.0,  1,  2,  3,  1,    1903608,    1903608,    1903608,    1903608
 2,    1903608,     31.0,     31.0,     31.0,    101.0,  1,  2,  3,  1,    1903608,    1903608,    1903608,    1903608
 2,    1903623,     29.0,     30.0,     30.0,     96.0,  1,  2,  3,  1,    1903623,    1903623,    1903623,    1903623
 2,    2578477,     27.0,     27.0,     27.0,     88.0,  1,  2,  3,  1,    1903633,    1903633,    1903633,    1903633
 2,    2578485,     27.0,     27.0,     27.0,     87.0,  1,  2,  3,  1,    1903633,    1903633,    1903633,    1903633
 2,    2578493,     26.0,     27.0,     27.0,     86.0,  1,  2,  3,  1,    1903633,    1903633,    1903633,    1903633
 2,    2034847,     16.0,     16.0,     17.0,     51.0,  9, 10, 11,  9,    2034294,    2034294,    2034294,    2034294
 2,    2231890,     62.0,     63.0,     62.0,    193.0,  9, 10, 11, 11,    2181175,    2181175,    2181175,    2181175
 2,    2341888,     23.0,     23.0,     23.0,     72.0,  9, 10, 11,  9,    2249963,    2249963,    2249963,    2249963
 2,    2577928,     55.0,     55.0,     55.0,    174.0,  9, 10, 11,  9,    2181484,    2181484,    2181484,    2181484
 2,    3358535,     55.0,     55.0,     55.0,    175.0,  9, 10, 11,  9,    2181484,    2181484,    2181484,    2181484
 2,    3358612,     44.0,     44.0,     44.0,    143.0,  1,  2,  3,  1,    3324480,    3324480,    3324480,    3324480
 2,    3358605,     46.0,     46.0,     46.0,    149.0,  1,  2,  3,  1,    3324480,    3324480,    3324480,    3324480
 2,    2524749,     18.0,     18.0,     18.0,     55.0,  9, 10, 11,  9,    2371885,    2371885,    2371885,    2371885
 2,    3514572,     26.0,     25.0,     26.0,     82.0,  1,  2,  3,  2,      41634,      41634,      41634,      41634
 2,    3514577,     25.0,     24.0,     25.0,     77.0,  1,  2,  3,  2,      41634,      41634,      41634,      41634
 2,      41634,     23.0,     22.0,     23.0,     71.0,  1,  2,  3,  2,      41634,      41634,      41634,      41634
 2,    3379042,     55.0,     55.0,     56.0,    175.0,  9, 10, 11,  9,    2181484,    2181484,    2181484,    2181484
 2,    3602109,     22.0,     22.0,     22.0,     70.0,  9, 10, 11,  9,    2839690,    2839690,    2839690,    2839690
 3,    2579489,     43.0,     42.0,     44.0,    136.0,  1,  2,  3,  2,      41634,      41634,      41634,      41634
 3,    2579503,     46.0,     45.0,     47.0,    145.0,  1,  2,  3,  2,      41634,      41634,      41634,      41634
 3,     689554,     23.0,     22.0,     23.0,     71.0,  9, 10, 11, 10,    2776117,    2776117,    2776117,    2776117
 3,     689549,     22.0,     22.0,     22.0,     71.0,  9, 10, 11,  9,    2776117,    2776117,    2776117,    2776117
 3,     954350,     51.0,     51.0,     52.0,    166.0,  1,  2,  3,  1,     954350,     954350,     954350,     954350
 3,    1570656,     23.0,     23.0,     23.0,     73.0,  9, 10, 11,  9,    1673020,    1673020,    1673020,    1673020
 3,    1812368,     65.0,     65.0,     65.0,    198.0,  9, 10, 11,  9,    1866140,    1866140,    1866140,    1866140
 3,    1812388,     24.0,     24.0,     24.0,     74.0,  9, 10, 11,  9,    1866154,    1866154,    1866154,    1866154
 3,    1812393,     62.0,     62.0,     61.0,    191.0,  9, 10, 11,  9,    1866152,    1866152,    1866152,    1866152
 3,    1812408,     60.0,     60.0,     60.0,    189.0,  9, 10, 11, 10,    1866152,    1866152,    1866152,    1866152
 3,    1812432,     62.0,     62.0,     62.0,    192.0,  9, 10, 11,  9,    1866178,    1866178,    1866178,    1866178
 3,    1812442,     61.0,     61.0,     61.0,    191.0,  9, 10, 11,  9,    1866181,    1866181,    1866181,    1866181
 3,    1812462,     65.0,     65.0,     65.0,    197.0,  9, 10, 11, 10,    1866186,    1866186,    1866186,    1866186
 3,    1812457,     65.0,     64.0,     65.0,    194.0,  9, 10, 11, 10,    1866185,    1866185,    1866185,    1866185
 3,    1819188,     65.0,     65.0,     65.0,    196.0,  9, 10, 11,  9,    1874094,    1874094,    1874094,    1874094
 3,    1856564,     23.0,     23.0,     23.0,     72.0,  9, 10, 11,  9,    1902084,    1902084,    1902084,    1902084
 3,    2578336,     42.0,     42.0,     42.0,    136.0,  1,  2,  3,  1,    1903608,    1903608,    1903608,    1903608
 3,    1903608,     31.0,     31.0,     32.0,    102.0,  1,  2,  3,  1,    1903608,    1903608,    1903608,    1903608
 3,    1903623,     30.0,     30.0,     30.0,     97.0,  1,  2,  3,  1,    1903623,    1903623,    1903623,    1903623
 3,    2578477,     27.0,     27.0,     28.0,     89.0,  1,  2,  3,  1,    1903633,    1903633,    1903633,    1903633
 3,    2578485,     27.0,     27.0,     27.0,     88.0,  1,  2,  3,  1,    1903633,    1903633,    1903633,    1903633
 3,    2578493,     27.0,     27.0,     27.0,     87.0,  1,  2,  3,  1,    1903633,    1903633,    1903633,    1903633
 3,    2034847,     16.0,     16.0,     17.0,     51.0,  9, 10, 11,  9,    2034294,    2034294,    2034294,    2034294
 3,    2231890,     62.0,     63.0,     62.0,    193.0,  9, 10, 11, 11,    2181175,    2181175,    2181175,    2181175
 3,    2341888,     23.0,     23.0,     23.0,     72.0,  9, 10, 11,  9,    2249963,    2249963,    2249963,    2249963
 3,    2577928,     53.0,     53.0,     53.0,    169.0,  9, 10, 11,  9,    2181484,    2181484,    2181484,    2181484
 3,    3358535,     53.0,     54.0,     54.0,    169.0,  9, 10, 11,  9,    2181484,    2181484,    2181484,    2181484
 3,    3358612,     42.0,     42.0,     43.0,    137.0,  1,  2,  3,  1,    3324480,    3324480,    3324480,    3324480
 3,    3358605,     44.0,     44.0,     45.0,    143.0,  1,  2,  3,  1,    3324480,    3324480,    3324480,    3324480
 3,    2524749,     18.0,     18.0,     18.0,     55.0,  9, 10, 11,  9,    2371885,    2371885,    2371885,    2371885
 3,    3514572,     26.0,     25.0,     26.0,     82.0,  1,  2,  3,  2,      41634,      41634,      41634,      41634
 3,    3514577,     25.0,     24.0,     25.0,     78.0,  1,  2,  3,  2,      41634,      41634,      41634,      41634
 3,      41634,     22.0,     22.0,     23.0,     71.0,  1,  2,  3,  2,      41634,      41634,      41634,      41634
 3,    3379042,     53.0,     54.0,     54.0,    170.0,  9, 10, 11,  9,    2181484,    2181484,    2181484,    2181484
 3,    3602109,     22.0,     22.0,     22.0,     70.0,  9, 10, 11,  9,    2839690,    2839690,    2839690,    2839690
 4,    2579489,     43.0,     42.0,     44.0,    137.0,  1,  2,  3,  2,      41634,      41634,      41634,      41634
 4,    2579503,     46.0,     45.0,     47.0,    146.0,  1,  2,  3,  2,      41634,      41634,      41634,      41634
 4,     689554,     23.0,     22.0,     23.0,     71.0,  9, 10, 11, 10,    2776117,    2776117,    2776117,    2776117
 4,     689549,     22.0,     22.0,     22.0,     71.0,  9, 10, 11,  9,    2776117,    2776117,    2776117,    2776117
 4,     954350,     51.0,     51.0,     52.0,    166.0,  1,  2,  3,  1,     954350,     954350,     954350,     954350
 4,    1570656,     23.0,     23.0,     23.0,     72.0,  9, 10, 11,  9,    1673020,    1673020,    1673020,    1673020
 4,    1812368,     65.0,     65.0,     65.0,    197.0,  9, 10, 11, 10,    1866140,    1866140,    1866140,    1866140
 4,    1812388,     24.0,     24.0,     24.0,     74.0,  9, 10, 11,  9,    1866154,    1866154,    1866154,    1866154
 4,    1812393,     62.0,     61.0,     62.0,    191.0,  9, 10, 11,  9,    1866152,    1866152,    1866152,    1866152
 4,    1812408,     60.0,     60.0,     60.0,    189.0,  9, 10, 11, 10,    1866152,    1866152,    1866152,    1866152
 4,    1812432,     62.0,     62.0,     62.0,    192.0,  9, 10, 11,  9,    1866178,    1866178,    1866178,    1866178
 4,    1812442,     61.0,     61.0,     61.0,    191.0,  9, 10, 11, 10,    1866181,    1866181,    1866181,    1866181
 4,    1812462,     65.0,     65.0,     65.0,    197.0,  9, 10, 11,  9,    1866186,    1866186,    1866186,    1866186
 4,    1812457,     65.0,     64.0,     65.0,    195.0,  9, 10, 11, 10,    1866185,    1866185,    1866185,    1866185
 4,    1819188,     65.0,     65.0,     65.0,    195.0,  9, 10, 11,  9,    1874094,    1874094,    1874094,    1874094
 4,    1856564,     23.0,     23.0,     23.0,     72.0,  9, 10, 11,  9,    1902084,    1902084,    1902084,    1902084
 4,    2578336,     42.0,     42.0,     42.0,    136.0,  1,  2,  3,  1,    1903608,    1903608,    1903608,    1903608
 4,    1903608,     31.0,     31.0,     32.0,    102.0,  1,  2,  3,  1,    1903608,    1903608,    1903608,    1903608
 4,    1903623,     30.0,     30.0,     30.0,     97.0,  1,  2,  3,  1,    1903623,    1903623,    1903623,    1903623
 4,    2578477,     27.0,     27.0,     27.0,     89.0,  1,  2,  3,  1,    1903633,    1903633,    1903633,    1903633
 4,    2578485,     27.0,     27.0,     27.0,     88.0,  1,  2,  3,  1,    1903633,    1903633,    1903633,    1903633
 4,    2578493,     27.0,     27.0,     27.0,     87.0,  1,  2,  3,  1,    1903633,    1903633,    1903633,    1903633
 4,    2034847,     17.0,     16.0,     17.0,     52.0,  9, 10, 11,  9,    2034294,    2034294,    2034294,    2034294
 4,    2231890,     63.0,     63.0,     62.0,    193.0,  9, 10, 11, 11,    2181175,    2181175,    2181175,    2181175
 4,    2341888,     23.0,     23.0,     23.0,     72.0,  9, 10, 11,  9,    2249963,    2249963,    2249963,    2249963
 4,    2577928,     53.0,     53.0,     54.0,    169.0,  9, 10, 11,  9,    2181484,    2181484,    2181484,    2181484
 4,    3358535,     53.0,     53.0,     54.0,    170.0,  9, 10, 11,  9,    2181484,    2181484,    2181484,    2181484
 4,    3358612,     42.0,     42.0,     43.0,    137.0,  1,  2,  3,  2,    3324480,    3324480,    3324480,    3324480
 4,    3358605,     44.0,     44.0,     45.0,    144.0,  1,  2,  3,  1,    3324480,    3324480,    3324480,    3324480
 4,    2524749,     18.0,     18.0,     18.0,     55.0,  9, 10, 11,  9,    2371885,    2371885,    2371885,    2371885
 4,    3514572,     26.0,     25.0,     26.0,     82.0,  1,  2,  3,  2,      41634,      41634,      41634,    3514572
 4,    3514577,     25.0,     24.0,     25.0,     78.0,  1,  2,  3,  2,      41634,      41634,      41634,      41634
 4,      41634,     22.0,     22.0,     23.0,     71.0,  1,  2,  3,  2,      41634,      41634,      41634,      41634
 4,    3379042,     54.0,     54.0,     54.0,    170.0,  9, 10, 11,  9,    2181484,    2181484,    2181484,    2181484
 4,    3602109,     22.0,     22.0,     22.0,     70.0,  9, 10, 11,  9,    2839690,    2839690,    2839690,    2839690
 5,    2579489,     43.0,     42.0,     44.0,    138.0,  1,  2,  3,  2,      41634,      41634,      41634,      41634
 5,    2579503,     46.0,     45.0,     47.0,    147.0,  1,  2,  3,  2,      41634,      41634,      41634,      41634
 5,     689554,     23.0,     22.0,     23.0,     71.0,  9, 10, 11, 10,    2776117,    2776117,    2776117,    2776117
 5,     689549,     22.0,     22.0,     22.0,     71.0,  9, 10, 11,  9,    2776117,    2776117,    2776117,    2776117
 5,     954350,     51.0,     51.0,     51.0,    165.0,  1,  2,  3,  1,     954350,     954350,     954350,     954350
 5,    1570656,     23.0,     23.0,     23.0,     72.0,  9, 10, 11,  9,    1673020,    1673020,    1673020,    1673020
 5,    1812368,     65.0,     65.0,     66.0,    197.0,  9, 10, 11, 10,    1866140,    1866140,    1866140,    1866140
 5,    1812388,     24.0,     24.0,     24.0,     74.0,  9, 10, 11,  9,    1866154,    1866154,    1866154,    1866154
 5,    1812393,     61.0,     61.0,     61.0,    191.0,  9, 10, 11,  9,    1866152,    1866152,    1866152,    1866152
 5,    1812408,     60.0,     60.0,     60.0,    189.0,  9, 10, 11,  9,    1866152,    1866152,    1866152,    1866152
 5,    1812432,     62.0,     62.0,     62.0,    192.0,  9, 10, 11,  9,    1866178,    1866178,    1866178,    1866178
 5,    1812442,     61.0,     61.0,     61.0,    191.0,  9, 10, 11, 11,    1866181,    1866181,    1866181,    1866181
 5,    1812462,     65.0,     65.0,     65.0,    197.0,  9, 10, 11,  9,    1866186,    1866186,    1866186,    1866186
 5,    1812457,     65.0,     64.0,     65.0,    194.0,  9, 10, 11, 10,    1866185,    1866185,    1866185,    1866185
 5,    1819188,     65.0,     65.0,     65.0,    196.0,  9, 10, 11,  9,    1874094,    1874094,    1874094,    1874094
 5,    1856564,     23.0,     23.0,     23.0,     72.0,  9, 10, 11,  9,    1902084,    1902084,    1902084,    1902084
 5,    2578336,     42.0,     42.0,     42.0,    136.0,  1,  2,  3,  1,    1903608,    1903608,    1903608,    1903608
 5,    1903608,     31.0,     31.0,     31.0,    102.0,  1,  2,  3,  1,    1903608,    1903608,    1903608,    1903608
 5,    1903623,     30.0,     30.0,     30.0,     98.0,  1,  2,  3,  1,    1903623,    1903623,    1903623,    1903623
 5,    2578477,     27.0,     27.0,     27.0,     89.0,  1,  2,  3,  1,    1903633,    1903633,    1903633,    1903633
 5,    2578485,     27.0,     27.0,     27.0,     88.0,  1,  2,  3,  1,    1903633,    1903633,    1903633,    1903633
 5,    2578493,     27.0,     27.0,     27.0,     87.0,  1,  2,  3,  1,    1903633,    1903633,    1903633,    1903633
 5,    2034847,     17.0,     16.0,     17.0,     51.0,  9, 10, 11, 10,    2034294,    2034294,    2034294,    2034294
 5,    2231890,     62.0,     63.0,     62.0,    193.0,  9, 10, 11,  9,    2181175,    2181175,    2181175,    2181175
 5,    2341888,     23.0,     23.0,     23.0,     72.0,  9, 10, 11,  9,    2249963,    2249963,    2249963,    2249963
 5,    2577928,     52.0,     52.0,     53.0,    167.0,  9, 10, 11,  9,    2181484,    2181484,    2181484,    2181484
 5,    3358535,     53.0,     53.0,     53.0,    167.0,  9, 10, 11,  9,    2181484,    2181484,    2181484,    2181484
 5,    3358612,     41.0,     41.0,     42.0,    134.0,  1,  2,  3,  2,    3324480,    3324480,    3324480,    3324480
 5,    3358605,     43.0,     43.0,     44.0,    140.0,  1,  2,  3,  2,    3324480,    3324480,    3324480,    3324480
 5,    2524749,     18.0,     18.0,     18.0,     55.0,  9, 10, 11,  9,    2371885,    2371885,    2371885,    2371885
 5,    3514572,     26.0,     25.0,     26.0,     83.0,  1,  2,  3,  2,      41634,      41634,    3514572,      41634
 5,    3514577,     25.0,     24.0,     25.0,     78.0,  1,  2,  3,  2,      41634,      41634,      41634,      41634
 5,      41634,     23.0,     22.0,     23.0,     72.0,  1,  2,  3,  2,      41634,      41634,      41634,      41634
 5,    3379042,     53.0,     53.0,     53.0,    167.0,  9, 10, 11,  9,    2181484,    2181484,    2181484,    2181484
 5,    3602109,     22.0,     22.0,     22.0,     71.0,  9, 10, 11,  9,    2839690,    2839690,    2839690,    2839690
 6,    2579489,     44.0,     42.0,     44.0,    138.0,  1,  2,  3,  2,      41634,      41634,      41634,      41634
 6,    2579503,     47.0,     45.0,     47.0,    147.0,  1,  2,  3,  2,      41634,      41634,      41634,      41634
 6,     689554,     23.0,     22.0,     22.0,     71.0,  9, 10, 11, 10,    2776117,    2776117,    2776117,    2776117
 6,     689549,     22.0,     22.0,     22.0,     70.0,  9, 10, 11, 10,    2776117,    2776117,    2776117,    2776117
 6,     954350,     50.0,     51.0,     51.0,    163.0,  1,  2,  3,  1,     954350,     954350,     954350,     954350
 6,    1570656,     23.0,     23.0,     23.0,     73.0,  9, 10, 11,  9,    1673020,    1673020,    1673020,    1673020
 6,    1812368,     65.0,     65.0,     65.0,    197.0,  9, 10, 11, 10,    1866140,    1866140,    1866140,    1866140
 6,    1812388,     24.0,     24.0,     24.0,     75.0,  9, 10, 11,  9,    1866154,    1866154,    1866154,    1866154
 6,    1812393,     61.0,     61.0,     62.0,    190.0,  9, 10, 11,  9,    1866152,    1866152,    1866152,    1866152
 6,    1812408,     60.0,     60.0,     60.0,    188.0,  9, 10, 11,  9,    1866152,    1866152,    1866152,    1866152
 6,    1812432,     61.0,     62.0,     62.0,    192.0,  9, 10, 11,  9,    1866178,    1866178,    1866178,    1866178
 6,    1812442,     61.0,     61.0,     61.0,    190.0,  9, 10, 11,  9,    1866181,    1866181,    1866181,    1866181
 6,    1812462,     65.0,     65.0,     65.0,    197.0,  9, 10, 11, 10,    1866186,    1866186,    1866186,    1866186
 6,    1812457,     64.0,     64.0,     65.0,    193.0,  9, 10, 11, 10,    1866185,    1866185,    1866185,    1866185
 6,    1819188,     64.0,     65.0,     65.0,    195.0,  9, 10, 11,  9,    1874094,    1874094,    1874094,    1874094
 6,    1856564,     23.0,     23.0,     23.0,     72.0,  9, 10, 11,  9,    1902084,    1902084,    1902084,    1902084
 6,    2578336,     41.0,     41.0,     42.0,    134.0,  1,  2,  3,  1,    1903608,    1903608,    1903608,    1903608
 6,    1903608,     31.0,     31.0,     31.0,    101.0,  1,  2,  3,  1,    1903608,    1903608,    1903608,    1903608
 6,    1903623,     29.0,     30.0,     30.0,     96.0,  1,  2,  3,  1,    1903623,    1903623,    1903623,    1903623
 6,    2578477,     27.0,     27.0,     27.0,     88.0,  1,  2,  3,  1,    1903633,    1903633,    1903633,    1903633
 6,    2578485,     27.0,     27.0,     27.0,     87.0,  1,  2,  3,  1,    1903633,    1903633,    1903633,    1903633
 6,    2578493,     26.0,     27.0,     27.0,     86.0,  1,  2,  3,  1,    1903633,    1903633,    1903633,    1903633
 6,    2034847,     17.0,     16.0,     17.0,     51.0,  9, 10, 11, 10,    2034294,    2034294,    2034294,    2034294
 6,    2231890,     62.0,     63.0,     62.0,    193.0,  9, 10, 11,  9,    2181175,    2181175,    2181175,    2181175
 6,    2341888,     23.0,     23.0,     23.0,     72.0,  9, 10, 11,  9,    2249963,    2249963,    2249963,    2249963
 6,    2577928,     52.0,     52.0,     52.0,    166.0,  9, 10, 11,  9,    2181484,    2181484,    2181484,    2181484
 6,    3358535,     52.0,     53.0,     53.0,    166.0,  9, 10, 11,  9,    2181484,    2181484,    2181484,    2181484
 6,    3358612,     41.0,     41.0,     42.0,    133.0,  1,  2,  3,  1,    3324480,    3324480,    3324480,    3324480
 6,    3358605,     43.0,     43.0,     43.0,    139.0,  1,  2,  3,  1,    3324480,    3324480,    3324480,    3324480
 6,    2524749,     18.0,     18.0,     18.0,     55.0,  9, 10, 11,  9,    2371885,    2371885,    2371885,    2371885
 6,    3514572,     26.0,     25.0,     26.0,     83.0,  1,  2,  3,  2,      41634,    3514572,    3514572,      41634
 6,    3514577,     25.0,     24.0,     25.0,     79.0,  1,  2,  3,  2,      41634,      41634,      41634,      41634
 6,      41634,     23.0,     22.0,     23.0,     72.0,  1,  2,  3,  2,      41634,      41634,      41634,      41634
 6,    3379042,     52.0,     53.0,     53.0,    166.0,  9, 10, 11,  9,    2181484,    2181484,    2181484,    2181484
 6,    3602109,     23.0,     23.0,     23.0,     73.0,  9, 10, 11,  9,    2839690,    2839690,    2839690,    2839690
 7,    2579489,     43.0,     42.0,     43.0,    137.0,  1,  2,  3,  2,      41634,      41634,      41634,      41634
 7,    2579503,     46.0,     45.0,     46.0,    146.0,  1,  2,  3,  2,      41634,      41634,      41634,      41634
 7,     689554,     23.0,     22.0,     22.0,     71.0,  9, 10, 11, 10,    2776117,    2776117,    2776117,    2776117
 7,     689549,     22.0,     22.0,     22.0,     71.0,  9, 10, 11,  9,    2776117,    2776117,    2776117,    2776117
 7,     954350,     50.0,     50.0,     50.0,    162.0,  1,  2,  3,  1,     954350,     954350,     954350,     954350
 7,    1570656,     23.0,     23.0,     23.0,     73.0,  9, 10, 11,  9,    1673020,    1673020,    1673020,    1673020
 7,    1812368,     65.0,     65.0,     65.0,    196.0,  9, 10, 11, 10,    1866140,    1866140,    1866140,    1866140
 7,    1812388,     24.0,     24.0,     24.0,     75.0,  9, 10, 11,  9,    1866154,    1866154,    1866154,    1866154
 7,    1812393,     59.0,     61.0,     60.0,    185.0,  9, 10, 11,  9,    1866152,    1866152,    1866152,    1866152
 7,    1812408,     58.0,     60.0,     59.0,    183.0,  9, 10, 11,  9,    1866152,    1866152,    1866152,    1866152
 7,    1812432,     61.0,     61.0,     61.0,    189.0,  9, 10, 11,  9,    1866178,    1866178,    1866178,    1866178
 7,    1812442,     60.0,     61.0,     61.0,    189.0,  9, 10, 11,  9,    1866181,    1866181,    1866181,    1866181
 7,    1812462,     65.0,     65.0,     65.0,    197.0,  9, 10, 11,  9,    1866186,    1866186,    1866186,    1866186
 7,    1812457,     64.0,     63.0,     65.0,    192.0,  9, 10, 11, 10,    1866185,    1866185,    1866185,    1866185
 7,    1819188,     64.0,     65.0,     65.0,    195.0,  9, 10, 11,  9,    1874094,    1874094,    1874094,    1874094
 7,    1856564,     23.0,     23.0,     23.0,     72.0,  9, 10, 11,  9,    1902084,    1902084,    1902084,    1902084
 7,    2578336,     40.0,     41.0,     41.0,    129.0,  1,  2,  3,  1,    1903608,    1903608,    1903608,    1903608
 7,    1903608,     30.0,     31.0,     31.0,     97.0,  1,  2,  3,  1,    1903608,    1903608,    1903608,    1903608
 7,    1903623,     28.0,     29.0,     29.0,     93.0,  1,  2,  3,  1,    1903623,    1903623,    1903623,    1903623
 7,    2578477,     26.0,     27.0,     27.0,     85.0,  1,  2,  3,  1,    1903633,    1903633,    1903633,    1903633
 7,    2578485,     26.0,     26.0,     27.0,     84.0,  1,  2,  3,  1,    1903633,    1903633,    1903633,    1903633
 7,    2578493,     25.0,     26.0,     26.0,     83.0,  1,  2,  3,  1,    1903633,    1903633,    1903633,    1903633
 7,    2034847,     16.0,     16.0,     16.0,     50.0,  9, 10, 11, 10,    2034294,    2034294,    2034294,    2034294
 7,    2231890,     62.0,     62.0,     62.0,    192.0,  9, 10, 11,  9,    2181175,    2181175,    2181175,    2181175
 7,    2341888,     23.0,     23.0,     23.0,     72.0,  9, 10, 11,  9,    2249963,    2249963,    2249963,    2249963
 7,    2577928,     52.0,     51.0,     52.0,    164.0,  9, 10, 11,  9,    2181484,    2181484,    2181484,    2181484
 7,    3358535,     52.0,     52.0,     52.0,    165.0,  9, 10, 11,  9,    2181484,    2181484,    2181484,    2181484
 7,    3358612,     40.0,     40.0,     41.0,    131.0,  1,  2,  3,  2,    3324480,    3324480,    3324480,    3324480
 7,    3358605,     42.0,     42.0,     42.0,    137.0,  1,  2,  3,  2,    3324480,    3324480,    3324480,    3324480
 7,    2524749,     18.0,     18.0,     18.0,     55.0,  9, 10, 11,  9,    2371885,    2371885,    2371885,    2371885
 7,    3514572,     26.0,     25.0,     26.0,     82.0,  1,  2,  3,  2,      41634,      41634,      41634,    3514572
 7,    3514577,     24.0,     24.0,     25.0,     78.0,  1,  2,  3,  2,      41634,      41634,      41634,      41634
 7,      41634,     22.0,     22.0,     23.0,     71.0,  1,  2,  3,  2,      41634,      41634,      41634,      41634
 7,    3379042,     52.0,     52.0,     52.0,    165.0,  9, 10, 11,  9,    2181484,    2181484,    2181484,    2181484
 7,    3602109,     23.0,     23.0,     23.0,     73.0,  9, 10, 11,  9,    2839690,    2839690,    2839690,    2839690
 8,    2579489,     42.0,     40.0,     44.0,    129.0,  1,  2,  3,  2,      41634,      41634,      41634,      41634
 8,    2579503,     45.0,     42.0,     46.0,    137.0,  1,  2,  3,  2,      41634,      41634,     689554,      41634
 8,     689554,     22.0,     22.0,     22.0,     70.0,  9, 10, 11, 10,    2776117,    2776117,    2776117,    2776117
 8,     689549,     22.0,     22.0,     22.0,     70.0,  9, 10, 11, 10,    2776117,    2776117,    2776117,    2776117
 8,     954350,     49.0,     50.0,     50.0,    160.0,  1,  2,  3,  1,     954350,     954350,     954350,     954350
 8,    1570656,     23.0,     23.0,     23.0,     73.0,  9, 10, 11,  9,    1673020,    1673020,    1673020,    1673020
 8,    1812368,     65.0,     65.0,     65.0,    196.0,  9, 10, 11, 10,    1866140,    1866140,    1866140,    1866140
 8,    1812388,     24.0,     24.0,     24.0,     75.0,  9, 10, 11,  9,    1866154,    1866154,    1866154,    1866154
 8,    1812393,     60.0,     60.0,     60.0,    185.0,  9, 10, 11, 10,    1866152,    1866152,    1866152,    1866152
 8,    1812408,     59.0,     59.0,     59.0,    184.0,  9, 10, 11, 10,    1866152,    1866152,    1866152,    1866152
 8,    1812432,     61.0,     61.0,     61.0,    189.0,  9, 10, 11, 11,    1866178,    1866178,    1866178,    1866178
 8,    1812442,     60.0,     61.0,     60.0,    189.0,  9, 10, 11,  9,    1866181,    1866181,    1866181,    1866181
 8,    1812462,     64.0,     65.0,     65.0,    194.0,  9, 10, 11,  9,    1866186,    1866186,    1866186,    1866186
 8,    1812457,     64.0,     63.0,     65.0,    192.0,  9, 10, 11, 10,    1866185,    1866185,    1866185,    1866185
 8,    1819188,     63.0,     65.0,     65.0,    192.0,  9, 10, 11,  9,    1874094,    1874094,    1874094,    1874094
 8,    1856564,     23.0,     23.0,     23.0,     72.0,  9, 10, 11,  9,    1902084,    1902084,    1902084,    1902084
 8,    2578336,     39.0,     40.0,     38.0,    124.0,  1,  2,  3,  3,    1903608,    1903608,    1903608,    1903608
 8,    1903608,     30.0,     30.0,     28.0,     93.0,  1,  2,  3,  3,    1903608,    1903608,    1903608,    1903608
 8,    1903623,     28.0,     29.0,     27.0,     89.0,  1,  2,  3,  3,    1903623,    1903623,    1903623,    1903623
 8,    2578477,     26.0,     26.0,     25.0,     81.0,  1,  2,  3,  3,    1903633,    1903633,    1903633,    1903633
 8,    2578485,     26.0,     26.0,     25.0,     80.0,  1,  2,  3,  3,    1903633,    1903633,    1903633,    1903633
 8,    2578493,     25.0,     26.0,     24.0,     80.0,  1,  2,  3,  3,    1903633,    1903633,    1903633,    1903633
 8,    2034847,     16.0,     16.0,     16.0,     50.0,  9, 10, 11,  9,    2034294,    2034294,    2034294,    2034294
 8,    2231890,     62.0,     62.0,     62.0,    191.0,  9, 10, 11,  9,    2181175,    2181175,    2181175,    2181175
 8,    2341888,     23.0,     23.0,     23.0,     72.0,  9, 10, 11,  9,    2249963,    2249963,    2249963,    2249963
 8,    2577928,     51.0,     51.0,     52.0,    163.0,  9, 10, 11,  9,    2181484,    2181484,    2181484,    2181484
 8,    3358535,     51.0,     51.0,     52.0,    163.0,  9, 10, 11,  9,    2181484,    2181484,    2181484,    2181484
 8,    3358612,     40.0,     40.0,     41.0,    130.0,  1,  2,  3,  1,    3324480,    3324480,    3324480,    3324480
 8,    3358605,     42.0,     42.0,     42.0,    136.0,  1,  2,  3,  1,    3324480,    3324480,    3324480,    3324480
 8,    2524749,     18.0,     18.0,     18.0,     55.0,  9, 10, 11,  9,    2371885,    2371885,    2371885,    2371885
 8,    3514572,     25.0,     24.0,     26.0,     77.0,  1,  2,  3,  2,    3514572,      41634,      41634,    3514572
 8,    3514577,     24.0,     22.0,     25.0,     73.0,  1,  2,  3,  2,      41634,      41634,      41634,      41634
 8,      41634,     22.0,     20.0,     23.0,     67.0,  1,  2,  3,  2,      41634,      41634,      41634,      41634
 8,    3379042,     51.0,     52.0,     52.0,    163.0,  9, 10, 11,  9,    2181484,    2181484,    2181484,    2181484
 8,    3602109,     23.0,     23.0,     23.0,     72.0,  9, 10, 11, 10,    2839690,    2839690,    2839690,    2839690
 9,    2579489,     39.0,     39.0,     44.0,    127.0,  1,  2,  3,  1,      41634,      41634,      41634,      41634
 9,    2579503,     42.0,     42.0,     46.0,    135.0,  1,  2,  3,  1,      41634,      41634,      41634,      41634
 9,     689554,     22.0,     22.0,     23.0,     70.0,  9, 10, 11,  9,    2776117,    2776117,    2776117,    2776117
 9,     689549,     22.0,     22.0,     22.0,     69.0,  9, 10, 11, 10,    2776117,    2776117,    2776117,    2776117
 9,     954350,     49.0,     49.0,     49.0,    157.0,  1,  2,  3,  1,     954350,     954350,     954350,     954350
 9,    1570656,     23.0,     23.0,     23.0,     72.0,  9, 10, 11,  9,    1673020,    1673020,    1673020,    1673020
 9,    1812368,     65.0,     65.0,     64.0,    195.0,  9, 10, 11, 11,    1866140,    1866140,    1866140,    1866140
 9,    1812388,     24.0,     24.0,     24.0,     75.0,  9, 10, 11,  9,    1866154,    1866154,    1866154,    1866154
 9,    1812393,     60.0,     60.0,     58.0,    181.0,  9, 10, 11, 11,    1866152,    1866152,    1866152,    1866152
 9,    1812408,     59.0,     59.0,     57.0,    179.0,  9, 10, 11, 11,    1866152,    1866152,    1866152,    1866152
 9,    1812432,     61.0,     60.0,     60.0,    187.0,  9, 10, 11, 10,    1866178,    1866178,    1866178,    1866178
 9,    1812442,     60.0,     61.0,     58.0,    183.0,  9, 10, 11, 11,    1866181,    1866181,    1866181,    1866181
 9,    1812462,     65.0,     64.0,     65.0,    195.0,  9, 10, 11, 10,    1866186,    1866186,    1866186,    1866186
 9,    1812457,     64.0,     64.0,     64.0,    193.0,  9, 10, 11, 10,    1866185,    1866185,    1866185,    1866185
 9,    1819188,     64.0,     65.0,     65.0,    194.0,  9, 10, 11,  9,    1874094,    1874094,    1874094,    1874094
 9,    1856564,     23.0,     23.0,     22.0,     71.0,  9, 10, 11, 11,    1902084,    1902084,    1902084,    1902084
 9,    2578336,     38.0,     39.0,     37.0,    121.0,  1,  2,  3,  3,    1903608,    1903608,    1903608,    1903608
 9,    1903608,     28.0,     29.0,     28.0,     91.0,  1,  2,  3,  3,    1903608,    1903608,    1903608,    1903608
 9,    1903623,     27.0,     28.0,     27.0,     87.0,  1,  2,  3,  3,    1903623,    1903623,    1903623,    1903623
 9,    2578477,     25.0,     26.0,     24.0,     79.0,  1,  2,  3,  3,    1903633,    1903633,    1903633,    1903633
 9,    2578485,     25.0,     25.0,     24.0,     78.0,  1,  2,  3,  3,    1903633,    1903633,    1903633,    1903633
 9,    2578493,     24.0,     25.0,     24.0,     78.0,  1,  2,  3,  3,    1903633,    1903633,    1903633,    1903633
 9,    2034847,     16.0,     15.0,     16.0,     46.0,  9, 10, 11, 10,    2034294,    2034294,    2034294,    2034294
 9,    2231890,     62.0,     62.0,     62.0,    191.0,  9, 10, 11, 11,    2181175,    2181175,    2181175,    2181175
 9,    2341888,     23.0,     23.0,     23.0,     72.0,  9, 10, 11,  9,    2249963,    2249963,    2249963,    2249963
 9,    2577928,     50.0,     51.0,     51.0,    160.0,  9, 10, 11,  9,    2181484,    2181484,    2181484,    2181484
 9,    3358535,     50.0,     51.0,     51.0,    160.0,  9, 10, 11,  9,    2181484,    2181484,    2181484,    2181484
 9,    3358612,     39.0,     39.0,     39.0,    126.0,  1,  2,  3,  1,    3324480,    3324480,    3324480,    3324480
 9,    3358605,     40.0,     41.0,     41.0,    132.0,  1,  2,  3,  1,    3324480,    3324480,    3324480,    3324480
 9,    2524749,     18.0,     18.0,     18.0,     55.0,  9, 10, 11,  9,    2371885,    2371885,    2371885,    2371885
 9,    3514572,     23.0,     24.0,     26.0,     76.0,  1,  2,  3,  1,      41634,      41634,      41634,    3514572
 9,    3514577,     22.0,     22.0,     25.0,     72.0,  1,  2,  3,  1,      41634,      41634,      41634,      41634
 9,      41634,     20.0,     20.0,     23.0,     66.0,  1,  2,  3,  1,      41634,      41634,      41634,      41634
 9,    3379042,     51.0,     51.0,     51.0,    160.0,  9, 10, 11,  9,    2181484,    2181484,    2181484,    2181484
 9,    3602109,     23.0,     23.0,     23.0,     72.0,  9, 10, 11,  9,    2839690,    2839690,    2839690,    2839690
10,    2579489,     39.0,     39.0,     44.0,    127.0,  1,  2,  3,  2,      41634,      41634,      41634,      41634
10,    2579503,     42.0,     42.0,     47.0,    136.0,  1,  2,  3,  2,      41634,      41634,      41634,      41634
10,     689554,     21.0,     22.0,     22.0,     66.0,  9, 10, 11,  9,    2776117,    2776117,    2776117,    2776117
10,     689549,     21.0,     21.0,     22.0,     66.0,  9, 10, 11,  9,    2776117,    2776117,    2776117,    2776117
10,     954350,     49.0,     49.0,     49.0,    159.0,  1,  2,  3,  1,     954350,     954350,     954350,     954350
10,    1570656,     23.0,     23.0,     23.0,     73.0,  9, 10, 11,  9,    1673020,    1673020,    1673020,    1673020
10,    1812368,     65.0,     64.0,     65.0,    196.0,  9, 10, 11, 10,    1866140,    1866140,    1866140,    1866140
10,    1812388,     24.0,     24.0,     24.0,     75.0,  9, 10, 11,  9,    1866154,    1866154,    1866154,    1866154
10,    1812393,     61.0,     61.0,     59.0,    183.0,  9, 10, 11, 11,    1866152,    1866152,    1866152,    1866152
10,    1812408,     60.0,     60.0,     58.0,    182.0,  9, 10, 11, 11,    1866152,    1866152,    1866152,    1866152
10,    1812432,     61.0,     61.0,     61.0,    190.0,  9, 10, 11, 11,    1866178,    1866178,    1866178,    1866178
10,    1812442,     60.0,     60.0,     59.0,    185.0,  9, 10, 11, 11,    1866181,    1866181,    1866181,    1866181
10,    1812462,     64.0,     64.0,     65.0,    194.0,  9, 10, 11,  9,    1866186,    1866186,    1866186,    1866186
10,    1812457,     63.0,     63.0,     64.0,    190.0,  9, 10, 11, 10,    1866185,    1866185,    1866185,    1866185
10,    1819188,     64.0,     65.0,     63.0,    192.0,  9, 10, 11, 11,    1874094,    1874094,    1874094,    1874094
10,    1856564,     23.0,     23.0,     22.0,     72.0,  9, 10, 11,  9,    1902084,    1902084,    1902084,    1902084
10,    2578336,     37.0,     40.0,     36.0,    117.0,  1,  2,  3,  3,    1903608,    1903608,    1903608,    1903608
10,    1903608,     27.0,     30.0,     27.0,     88.0,  1,  2,  3,  3,    1903608,    1903608,    1903608,    1903608
10,    1903623,     26.0,     28.0,     26.0,     84.0,  1,  2,  3,  3,    1903623,    1903623,    1903623,    1903623
10,    2578477,     24.0,     26.0,     23.0,     77.0,  1,  2,  3,  3,    1903633,    1903633,    1903633,    1903633
10,    2578485,     24.0,     26.0,     23.0,     76.0,  1,  2,  3,  3,    1903633,    1903633,    1903633,    1903633
10,    2578493,     24.0,     25.0,     23.0,     75.0,  1,  2,  3,  3,    1903633,    1903633,    1903633,    1903633
10,    2034847,     15.0,     15.0,     16.0,     47.0,  9, 10, 11, 10,    2034294,    2034294,    2034294,    2034294
10,    2231890,     62.0,     62.0,     61.0,    189.0,  9, 10, 11, 11,    2181175,    2181175,    2181175,    2181175
10,    2341888,     23.0,     23.0,     23.0,     72.0,  9, 10, 11,  9,    2249963,    2249963,    2249963,    2249963
10,    2577928,     51.0,     51.0,     51.0,    162.0,  9, 10, 11, 11,    2181484,    2181484,    2181484,    2181484
10,    3358535,     51.0,     51.0,     51.0,    163.0,  9, 10, 11,  9,    2181484,    2181484,    2181484,    2181484
10,    3358612,     40.0,     40.0,     40.0,    129.0,  1,  2,  3,  1,    3324480,    3324480,    3324480,    3324480
10,    3358605,     41.0,     41.0,     41.0,    135.0,  1,  2,  3,  1,    3324480,    3324480,    3324480,    3324480
10,    2524749,     18.0,     18.0,     18.0,     55.0,  9, 10, 11,  9,    2371885,    2371885,    2371885,    2371885
10,    3514572,     24.0,     23.0,     26.0,     77.0,  1,  2,  3,  2,      41634,      41634,    3514572,      41634
10,    3514577,     22.0,     22.0,     25.0,     72.0,  1,  2,  3,  2,      41634,      41634,      41634,      41634
10,      41634,     20.0,     20.0,     23.0,     66.0,  1,  2,  3,  2,      41634,      41634,      41634,      41634
10,    3379042,     51.0,     51.0,     51.0,    163.0,  9, 10, 11,  9,    2181484,    2181484,    2181484,    2181484
10,    3602109,     23.0,     23.0,     23.0,     72.0,  9, 10, 11,  9,    2839690,    2839690,    2839690,    2839690
11,    2579489,     39.0,     39.0,     44.0,    126.0,  1,  2,  3,  1,      41634,      41634,      41634,      41634
11,    2579503,     41.0,     42.0,     47.0,    135.0,  1,  2,  3,  1,      41634,      41634,      41634,      41634
11,     689554,     20.0,     21.0,     23.0,     65.0,  9, 10, 11,  9,    2776117,    2776117,    2776117,    2776117
11,     689549,     20.0,     21.0,     22.0,     65.0,  9, 10, 11,  9,    2776117,    2776117,    2776117,    2776117
11,     954350,     49.0,     50.0,     49.0,    160.0,  1,  2,  3,  1,     954350,     954350,     954350,     954350
11,    1570656,     23.0,     23.0,     23.0,     72.0,  9, 10, 11, 11,    1673020,    1673020,    1673020,    1673020
11,    1812368,     65.0,     65.0,     65.0,    197.0,  9, 10, 11,  9,    1866140,    1866140,    1866140,    1866140
11,    1812388,     24.0,     24.0,     24.0,     75.0,  9, 10, 11,  9,    1866154,    1866154,    1866154,    1866154
11,    1812393,     60.0,     61.0,     61.0,    188.0,  9, 10, 11,  9,    1866152,    1866152,    1866152,    1866152
11,    1812408,     59.0,     60.0,     60.0,    186.0,  9, 10, 11,  9,    1866152,    1866152,    1866152,    1866152
11,    1812432,     61.0,     61.0,     61.0,    190.0,  9, 10, 11,  9,    1866178,    1866178,    1866178,    1866178
11,    1812442,     60.0,     60.0,     60.0,    187.0,  9, 10, 11, 11,    1866181,    1866181,    1866181,    1866181
11,    1812462,     65.0,     65.0,     64.0,    196.0,  9, 10, 11,  9,    1866186,    1866186,    1866186,    1866186
11,    1812457,     64.0,     62.0,     63.0,    189.0,  9, 10, 11, 10,    1866185,    1866185,    1866185,    1866185
11,    1819188,     63.0,     65.0,     64.0,    192.0,  9, 10, 11,  9,    1874094,    1874094,    1874094,    1874094
11,    1856564,     23.0,     23.0,     22.0,     71.0,  9, 10, 11, 11,    1902084,    1902084,    1902084,    1902084
11,    2578336,     39.0,     38.0,     37.0,    121.0,  1,  2,  3,  3,    1903608,    1903608,    1903608,    1903608
11,    1903608,     29.0,     29.0,     28.0,     91.0,  1,  2,  3,  3,    1903608,    1903608,    1903608,    1903608
11,    1903623,     28.0,     28.0,     27.0,     87.0,  1,  2,  3,  3,    1903623,    1903623,    1903623,    1903623
11,    2578477,     25.0,     25.0,     24.0,     79.0,  1,  2,  3,  3,    1903633,    1903633,    1903633,    1903633
11,    2578485,     25.0,     25.0,     24.0,     79.0,  1,  2,  3,  3,    1903633,    1903633,    1903633,    1903633
11,    2578493,     25.0,     25.0,     24.0,     78.0,  1,  2,  3,  3,    1903633,    1903633,    1903633,    1903633
11,    2034847,     16.0,     15.0,     15.0,     47.0,  9, 10, 11, 10,    2034294,    2034294,    2034294,    2034294
11,    2231890,     62.0,     62.0,     61.0,    190.0,  9, 10, 11, 11,    2181175,    2181175,    2181175,    2181175
11,    2341888,     23.0,     23.0,     23.0,     72.0,  9, 10, 11,  9,    2249963,    2249963,    2249963,    2249963
11,    2577928,     51.0,     51.0,     51.0,    163.0,  9, 10, 11, 11,    2181484,    2181484,    2181484,    2181484
11,    3358535,     52.0,     52.0,     51.0,    163.0,  9, 10, 11, 11,    2181484,    2181484,    2181484,    2181484
11,    3358612,     40.0,     40.0,     40.0,    129.0,  1,  2,  3,  3,    3324480,    3324480,    3324480,    3324480
11,    3358605,     42.0,     42.0,     42.0,    135.0,  1,  2,  3,  3,    3324480,    3324480,    3324480,    3324480
11,    2524749,     18.0,     18.0,     18.0,     55.0,  9, 10, 11,  9,    2371885,    2371885,    2371885,    2371885
11,    3514572,     23.0,     24.0,     26.0,     76.0,  1,  2,  3,  1,      41634,      41634,    3514572,      41634
11,    3514577,     22.0,     22.0,     25.0,     72.0,  1,  2,  3,  1,      41634,      41634,      41634,      41634
11,      41634,     20.0,     20.0,     23.0,     66.0,  1,  2,  3,  1,      41634,      41634,      41634,      41634
11,    3379042,     52.0,     52.0,     51.0,    163.0,  9, 10, 11, 11,    2181484,    2181484,    2181484,    2181484
11,    3602109,     23.0,     23.0,     23.0,     72.0,  9, 10, 11,  9,    2839690,    2839690,    2839690,    2839690
12,    2579489,     42.0,     42.0,     43.0,    136.0,  1,  2,  3,  1,      41634,      41634,      41634,      41634
12,    2579503,     44.0,     45.0,     46.0,    144.0,  1,  2,  3,  1,      41634,      41634,      41634,      41634
12,     689554,     22.0,     22.0,     22.0,     70.0,  9, 10, 11, 11,    2776117,    2776117,    2776117,    2776117
12,     689549,     22.0,     22.0,     22.0,     70.0,  9, 10, 11,  9,    2776117,    2776117,    2776117,    2776117
12,     954350,     49.0,     50.0,     49.0,    159.0,  1,  2,  3,  1,     954350,     954350,     954350,     954350
12,    1570656,     23.0,     23.0,     23.0,     73.0,  9, 10, 11,  9,    1673020,    1673020,    1673020,    1673020
12,    1812368,     65.0,     65.0,     65.0,    196.0,  9, 10, 11, 11,    1866140,    1866140,    1866140,    1866140
12,    1812388,     24.0,     24.0,     24.0,     75.0,  9, 10, 11,  9,    1866154,    1866154,    1866154,    1866154
12,    1812393,     60.0,     60.0,     61.0,    187.0,  9, 10, 11,  9,    1866152,    1866152,    1866152,    1866152
12,    1812408,     59.0,     59.0,     60.0,    185.0,  9, 10, 11,  9,    1866152,    1866152,    1866152,    1866152
12,    1812432,     61.0,     61.0,     60.0,    189.0,  9, 10, 11,  9,    1866178,    1866178,    1866178,    1866178
12,    1812442,     59.0,     61.0,     60.0,    186.0,  9, 10, 11,  9,    1866181,    1866181,    1866181,    1866181
12,    1812462,     64.0,     64.0,     65.0,    194.0,  9, 10, 11, 10,    1866186,    1866186,    1866186,    1866186
12,    1812457,     64.0,     62.0,     64.0,    189.0,  9, 10, 11, 10,    1866185,    1866185,    1866185,    1866185
12,    1819188,     64.0,     64.0,     65.0,    193.0,  9, 10, 11,  9,    1874094,    1874094,    1874094,    1874094
12,    1856564,     23.0,     23.0,     22.0,     71.0,  9, 10, 11, 11,    1902084,    1902084,    1902084,    1902084
12,    2578336,     37.0,     40.0,     38.0,    120.0,  1,  2,  3,  1,    1903608,    1903608,    1903608,    1903608
12,    1903608,     28.0,     30.0,     29.0,     90.0,  1,  2,  3,  1,    1903608,    1903608,    1903608,    1903608
12,    1903623,     26.0,     28.0,     28.0,     86.0,  1,  2,  3,  1,    1903623,    1903623,    1903623,    1903623
12,    2578477,     24.0,     26.0,     25.0,     78.0,  1,  2,  3,  1,    1903633,    1903633,    1903633,    1903633
12,    2578485,     24.0,     26.0,     25.0,     78.0,  1,  2,  3,  1,    1903633,    1903633,    1903633,    1903633
12,    2578493,     24.0,     25.0,     25.0,     77.0,  1,  2,  3,  1,    1903633,    1903633,    1903633,    1903633
12,    2034847,     14.0,     15.0,     16.0,     45.0,  9, 10, 11,  9,    2034294,    2034294,    2034294,    2034294
12,    2231890,     62.0,     62.0,     61.0,    189.0,  9, 10, 11, 11,    2181175,    2181175,    2181175,    2181175
12,    2341888,     23.0,     23.0,     23.0,     72.0,  9, 10, 11,  9,    2249963,    2249963,    2249963,    2249963
12,    2577928,     51.0,     51.0,     51.0,    162.0,  9, 10, 11, 11,    2181484,    2181484,    2181484,    2181484
12,    3358535,     51.0,     51.0,     51.0,    163.0,  9, 10, 11, 10,    2181484,    2181484,    2181484,    2181484
12,    3358612,     40.0,     40.0,     40.0,    129.0,  1,  2,  3,  1,    3324480,    3324480,    3324480,    3324480
12,    3358605,     42.0,     41.0,     41.0,    135.0,  1,  2,  3,  1,    3324480,    3324480,    3324480,    3324480
12,    2524749,     18.0,     18.0,     18.0,     55.0,  9, 10, 11,  9,    2371885,    2371885,    2371885,    2371885
12,    3514572,     25.0,     25.0,     26.0,     81.0,  1,  2,  3,  1,      41634,      41634,      41634,    3514572
12,    3514577,     24.0,     24.0,     25.0,     77.0,  1,  2,  3,  1,      41634,      41634,      41634,      41634
12,      41634,     22.0,     22.0,     23.0,     71.0,  1,  2,  3,  1,      41634,      41634,      41634,      41634
12,    3379042,     52.0,     52.0,     51.0,    163.0,  9, 10, 11, 11,    2181484,    2181484,    2181484,    2181484
12,    3602109,     23.0,     23.0,     23.0,     73.0,  9, 10, 11,  9,    2839690,    2839690,    2839690,    2839690
13,    2579489,     41.0,     42.0,     44.0,    134.0,  1,  2,  3,  1,      41634,      41634,      41634,      41634
13,    2579503,     44.0,     45.0,     47.0,    143.0,  1,  2,  3,  1,      41634,      41634,      41634,      41634
13,     689554,     22.0,     22.0,     23.0,     69.0,  9, 10, 11,  9,    2776117,    2776117,    2776117,    2776117
13,     689549,     22.0,     22.0,     22.0,     69.0,  9, 10, 11,  9,    2776117,    2776117,    2776117,    2776117
13,     954350,     46.0,     49.0,     49.0,    149.0,  1,  2,  3,  1,     954350,     954350,     954350,     954350
13,    1570656,     23.0,     23.0,     23.0,     72.0,  9, 10, 11,  9,    1673020,    1673020,    1673020,    1673020
13,    1812368,     65.0,     65.0,     65.0,    196.0,  9, 10, 11,  9,    1866140,    1866140,    1866140,    1866140
13,    1812388,     24.0,     24.0,     24.0,     75.0,  9, 10, 11,  9,    1866154,    1866154,    1866154,    1866154
13,    1812393,     61.0,     61.0,     61.0,    191.0,  9, 10, 11,  9,    1866152,    1866152,    1866152,    1866152
13,    1812408,     60.0,     60.0,     60.0,    189.0,  9, 10, 11,  9,    1866152,    1866152,    1866152,    1866152
13,    1812432,     61.0,     61.0,     61.0,    191.0,  9, 10, 11,  9,    1866178,    1866178,    1866178,    1866178
13,    1812442,     60.0,     61.0,     60.0,    188.0,  9, 10, 11,  9,    1866181,    1866181,    1866181,    1866181
13,    1812462,     65.0,     64.0,     65.0,    196.0,  9, 10, 11, 10,    1866186,    1866186,    1866186,    1866186
13,    1812457,     63.0,     64.0,     64.0,    191.0,  9, 10, 11,  9,    1866185,    1866185,    1866185,    1866185
13,    1819188,     64.0,     65.0,     65.0,    193.0,  9, 10, 11,  9,    1874094,    1874094,    1874094,    1874094
13,    1856564,     22.0,     23.0,     22.0,     72.0,  9, 10, 11,  9,    1902084,    1902084,    1902084,    1902084
13,    2578336,     39.0,     41.0,     39.0,    126.0,  1,  2,  3,  3,    1903608,    1903608,    1903608,    1903608
13,    1903608,     29.0,     31.0,     29.0,     95.0,  1,  2,  3,  3,    1903608,    1903608,    1903608,    1903608
13,    1903623,     28.0,     29.0,     28.0,     91.0,  1,  2,  3,  3,    1903623,    1903623,    1903623,    1903623
13,    2578477,     26.0,     27.0,     25.0,     83.0,  1,  2,  3,  3,    1903633,    1903633,    1903633,    1903633
13,    2578485,     25.0,     27.0,     25.0,     82.0,  1,  2,  3,  3,    1903633,    1903633,    1903633,    1903633
13,    2578493,     25.0,     26.0,     25.0,     81.0,  1,  2,  3,  3,    1903633,    1903633,    1903633,    1903633
13,    2034847,     15.0,     16.0,     16.0,     47.0,  9, 10, 11,  9,    2034294,    2034294,    2034294,    2034294
13,    2231890,     62.0,     63.0,     61.0,    191.0,  9, 10, 11, 11,    2181175,    2181175,    2181175,    2181175
13,    2341888,     22.0,     23.0,     23.0,     72.0,  9, 10, 11,  9,    2249963,    2249963,    2249963,    2249963
13,    2577928,     47.0,     50.0,     50.0,    151.0,  9, 10, 11,  9,    2181484,    2181484,    2181484,    2181484
13,    3358535,     48.0,     50.0,     51.0,    151.0,  9, 10, 11,  9,    2181484,    2181484,    2181484,    2181484
13,    3358612,     37.0,     39.0,     40.0,    121.0,  1,  2,  3,  1,    3324480,    3324480,    3324480,    3324480
13,    3358605,     39.0,     41.0,     41.0,    127.0,  1,  2,  3,  1,    3324480,    3324480,    3324480,    3324480
13,    2524749,     18.0,     18.0,     18.0,     55.0,  9, 10, 11,  9,    2371885,    2371885,    2371885,    2371885
13,    3514572,     25.0,     25.0,     27.0,     80.0,  1,  2,  3,  1,      41634,      41634,      41634,    3514572
13,    3514577,     23.0,     24.0,     25.0,     76.0,  1,  2,  3,  1,      41634,      41634,      41634,      41634
13,      41634,     21.0,     22.0,     23.0,     70.0,  1,  2,  3,  1,      41634,      41634,      41634,      41634
13,    3379042,     48.0,     50.0,     51.0,    151.0,  9, 10, 11,  9,    2181484,    2181484,    2181484,    2181484
13,    3602109,     23.0,     23.0,     23.0,     72.0,  9, 10, 11,  9,    2839690,    2839690,    2839690,    2839690
14,    2579489,     41.0,     42.0,     44.0,    134.0,  1,  2,  3,  1,      41634,      41634,      41634,     686259
14,    2579503,     44.0,     45.0,     47.0,    143.0,  1,  2,  3,  1,      41634,      41634,      41634,     686259
14,     689554,     21.0,     22.0,     22.0,     67.0,  9, 10, 11,  9,    2776117,    2776117,    2776117,    2776117
14,     689549,     21.0,     22.0,     22.0,     67.0,  9, 10, 11,  9,    2776117,    2776117,    2776117,    2776117
14,     954350,     48.0,     50.0,     50.0,    156.0,  1,  2,  3,  1,     954350,     954350,     954350,     954350
14,    1570656,     23.0,     23.0,     23.0,     72.0,  9, 10, 11,  9,    1673020,    1673020,    1673020,    1673020
14,    1812368,     65.0,     65.0,     65.0,    196.0,  9, 10, 11,  9,    1866140,    1866140,    1866140,    1866140
14,    1812388,     24.0,     24.0,     24.0,     75.0,  9, 10, 11,  9,    1866154,    1866154,    1866154,    1866154
14,    1812393,     61.0,     62.0,     60.0,    188.0,  9, 10, 11, 11,    1866152,    1866152,    1866152,    1866152
14,    1812408,     60.0,     60.0,     59.0,    186.0,  9, 10, 11, 11,    1866152,    1866152,    1866152,    1866152
14,    1812432,     61.0,     61.0,     61.0,    190.0,  9, 10, 11, 10,    1866178,    1866178,    1866178,    1866178
14,    1812442,     61.0,     61.0,     60.0,    187.0,  9, 10, 11, 11,    1866181,    1866181,    1866181,    1866181
14,    1812462,     65.0,     65.0,     64.0,    196.0,  9, 10, 11, 10,    1866186,    1866186,    1866186,    1866186
14,    1812457,     64.0,     64.0,     65.0,    194.0,  9, 10, 11, 10,    1866185,    1866185,    1866185,    1866185
14,    1819188,     64.0,     65.0,     65.0,    194.0,  9, 10, 11,  9,    1874094,    1874094,    1874094,    1874094
14,    1856564,     23.0,     23.0,     22.0,     72.0,  9, 10, 11,  9,    1902084,    1902084,    1902084,    1902084
14,    2578336,     39.0,     41.0,     39.0,    127.0,  1,  2,  3,  3,    1903608,    1903608,    1903608,    1903608
14,    1903608,     30.0,     31.0,     29.0,     95.0,  1,  2,  3,  3,    1903608,    1903608,    1903608,    1903608
14,    1903623,     28.0,     29.0,     28.0,     91.0,  1,  2,  3,  3,    1903623,    1903623,    1903623,    1903623
14,    2578477,     26.0,     27.0,     25.0,     83.0,  1,  2,  3,  3,    1903633,    1903633,    1903633,    1903633
14,    2578485,     26.0,     27.0,     25.0,     82.0,  1,  2,  3,  3,    1903633,    1903633,    1903633,    1903633
14,    2578493,     25.0,     26.0,     25.0,     81.0,  1,  2,  3,  3,    1903633,    1903633,    1903633,    1903633
14,    2034847,     16.0,     16.0,     16.0,     49.0,  9, 10, 11, 10,    2034294,    2034294,    2034294,    2034294
14,    2231890,     62.0,     63.0,     62.0,    191.0,  9, 10, 11,  9,    2181175,    2181175,    2181175,    2181175
14,    2341888,     23.0,     23.0,     23.0,     72.0,  9, 10, 11,  9,    2249963,    2249963,    2249963,    2249963
14,    2577928,     49.0,     51.0,     51.0,    157.0,  9, 10, 11,  9,    2181484,    2181484,    2181484,    2181484
14,    3358535,     50.0,     51.0,     51.0,    158.0,  9, 10, 11,  9,    2181484,    2181484,    2181484,    2181484
14,    3358612,     39.0,     40.0,     40.0,    125.0,  1,  2,  3,  1,    3324480,    3324480,    3324480,    3324480
14,    3358605,     40.0,     41.0,     42.0,    131.0,  1,  2,  3,  1,    3324480,    3324480,    3324480,    3324480
14,    2524749,     18.0,     18.0,     18.0,     55.0,  9, 10, 11,  9,    2371885,    2371885,    2371885,    2371885
14,    3514572,     25.0,     25.0,     26.0,     81.0,  1,  2,  3,  1,      41634,      41634,    3514572,    3514572
14,    3514577,     24.0,     24.0,     25.0,     77.0,  1,  2,  3,  1,      41634,      41634,      41634,      41634
14,      41634,     22.0,     22.0,     23.0,     70.0,  1,  2,  3,  1,      41634,      41634,      41634,      41634
14,    3379042,     50.0,     51.0,     51.0,    158.0,  9, 10, 11,  9,    2181484,    2181484,    2181484,    2181484
14,    3602109,     23.0,     23.0,     23.0,     72.0,  9, 10, 11,  9,    2839690,    2839690,    2839690,    2839690
15,    2579489,     43.0,     42.0,     44.0,    136.0,  1,  2,  3,  2,      41634,      41634,      41634,      41634
15,    2579503,     45.0,     45.0,     47.0,    145.0,  1,  2,  3,  2,      41634,      41634,      41634,      41634
15,     689554,     22.0,     22.0,     23.0,     70.0,  9, 10, 11, 10,    2776117,    2776117,    2776117,    2776117
15,     689549,     22.0,     22.0,     22.0,     70.0,  9, 10, 11,  9,    2776117,    2776117,    2776117,    2776117
15,     954350,     50.0,     50.0,     50.0,    161.0,  1,  2,  3,  2,     954350,     954350,     954350,     954350
15,    1570656,     23.0,     23.0,     23.0,     73.0,  9, 10, 11,  9,    1673020,    1673020,    1673020,    1673020
15,    1812368,     65.0,     65.0,     65.0,    197.0,  9, 10, 11, 10,    1866140,    1866140,    1866140,    1866140
15,    1812388,     24.0,     24.0,     24.0,     75.0,  9, 10, 11,  9,    1866154,    1866154,    1866154,    1866154
15,    1812393,     61.0,     62.0,     61.0,    189.0,  9, 10, 11, 11,    1866152,    1866152,    1866152,    1866152
15,    1812408,     60.0,     60.0,     60.0,    187.0,  9, 10, 11, 11,    1866152,    1866152,    1866152,    1866152
15,    1812432,     61.0,     61.0,     61.0,    191.0,  9, 10, 11,  9,    1866178,    1866178,    1866178,    1866178
15,    1812442,     61.0,     61.0,     60.0,    188.0,  9, 10, 11, 11,    1866181,    1866181,    1866181,    1866181
15,    1812462,     65.0,     65.0,     65.0,    197.0,  9, 10, 11,  9,    1866186,    1866186,    1866186,    1866186
15,    1812457,     64.0,     64.0,     64.0,    194.0,  9, 10, 11,  9,    1866185,    1866185,    1866185,    1866185
15,    1819188,     64.0,     64.0,     65.0,    193.0,  9, 10, 11, 10,    1874094,    1874094,    1874094,    1874094
15,    1856564,     23.0,     23.0,     22.0,     72.0,  9, 10, 11,  9,    1902084,    1902084,    1902084,    1902084
15,    2578336,     40.0,     41.0,     40.0,    131.0,  1,  2,  3,  1,    1903608,    1903608,    1903608,    1903608
15,    1903608,     30.0,     31.0,     30.0,     99.0,  1,  2,  3,  1,    1903608,    1903608,    1903608,    1903608
15,    1903623,     29.0,     29.0,     29.0,     94.0,  1,  2,  3,  1,    1903623,    1903623,    1903623,    1903623
15,    2578477,     26.0,     27.0,     26.0,     86.0,  1,  2,  3,  1,    1903633,    1903633,    1903633,    1903633
15,    2578485,     26.0,     27.0,     26.0,     85.0,  1,  2,  3,  1,    1903633,    1903633,    1903633,    1903633
15,    2578493,     26.0,     26.0,     26.0,     84.0,  1,  2,  3,  1,    1903633,    1903633,    1903633,    1903633
15,    2034847,     16.0,     16.0,     16.0,     49.0,  9, 10, 11, 10,    2034294,    2034294,    2034294,    2034294
15,    2231890,     62.0,     63.0,     62.0,    192.0,  9, 10, 11, 11,    2181175,    2181175,    2181175,    2181175
15,    2341888,     23.0,     23.0,     23.0,     72.0,  9, 10, 11,  9,    2249963,    2249963,    2249963,    2249963
15,    2577928,     51.0,     51.0,     52.0,    163.0,  9, 10, 11,  9,    2181484,    2181484,    2181484,    2181484
15,    3358535,     51.0,     52.0,     52.0,    164.0,  9, 10, 11,  9,    2181484,    2181484,    2181484,    2181484
15,    3358612,     40.0,     40.0,     41.0,    131.0,  1,  2,  3,  1,    3324480,    3324480,    3324480,    3324480
15,    3358605,     42.0,     42.0,     42.0,    136.0,  1,  2,  3,  2,    3324480,    3324480,    3324480,    3324480
15,    2524749,     18.0,     18.0,     18.0,     55.0,  9, 10, 11,  9,    2371885,    2371885,    2371885,    2371885
15,    3514572,     26.0,     25.0,     27.0,     82.0,  1,  2,  3,  2,      41634,      41634,      41634,      41634
15,    3514577,     24.0,     24.0,     25.0,     78.0,  1,  2,  3,  2,      41634,      41634,      41634,      41634
15,      41634,     22.0,     22.0,     23.0,     71.0,  1,  2,  3,  2,      41634,      41634,      41634,      41634
15,    3379042,     52.0,     52.0,     52.0,    164.0,  9, 10, 11,  9,    2181484,    2181484,    2181484,    2181484
15,    3602109,     23.0,     23.0,     23.0,     73.0,  9, 10, 11,  9,    2839690,    2839690,    2839690,    2839690
16,    2579489,     42.0,     42.0,     44.0,    137.0,  1,  2,  3,  2,      41634,      41634,      41634,      41634
16,    2579503,     45.0,     45.0,     47.0,    146.0,  1,  2,  3,  2,      41634,      41634,      41634,      41634
16,     689554,     22.0,     22.0,     23.0,     70.0,  9, 10, 11,  9,    2776117,    2776117,    2776117,    2776117
16,     689549,     22.0,     22.0,     22.0,     70.0,  9, 10, 11,  9,    2776117,    2776117,    2776117,    2776117
16,     954350,     50.0,     50.0,     51.0,    161.0,  1,  2,  3,  2,     954350,     954350,     954350,     954350
16,    1570656,     23.0,     23.0,     23.0,     73.0,  9, 10, 11,  9,    1673020,    1673020,    1673020,    1673020
16,    1812368,     65.0,     65.0,     65.0,    197.0,  9, 10, 11, 10,    1866140,    1866140,    1866140,    1866140
16,    1812388,     24.0,     24.0,     24.0,     75.0,  9, 10, 11,  9,    1866154,    1866154,    1866154,    1866154
16,    1812393,     61.0,     61.0,     61.0,    188.0,  9, 10, 11,  9,    1866152,    1866152,    1866152,    1866152
16,    1812408,     60.0,     60.0,     60.0,    187.0,  9, 10, 11,  9,    1866152,    1866152,    1866152,    1866152
16,    1812432,     61.0,     61.0,     61.0,    191.0,  9, 10, 11,  9,    1866178,    1866178,    1866178,    1866178
16,    1812442,     61.0,     61.0,     60.0,    188.0,  9, 10, 11, 11,    1866181,    1866181,    1866181,    1866181
16,    1812462,     65.0,     65.0,     65.0,    196.0,  9, 10, 11, 10,    1866186,    1866186,    1866186,    1866186
16,    1812457,     64.0,     64.0,     65.0,    194.0,  9, 10, 11, 10,    1866185,    1866185,    1866185,    1866185
16,    1819188,     64.0,     64.0,     65.0,    193.0,  9, 10, 11,  9,    1874094,    1874094,    1874094,    1874094
16,    1856564,     23.0,     23.0,     22.0,     71.0,  9, 10, 11, 11,    1902084,    1902084,    1902084,    1902084
16,    2578336,     41.0,     40.0,     41.0,    132.0,  1,  2,  3,  2,    1903608,    1903608,    1903608,    1903608
16,    1903608,     30.0,     30.0,     31.0,     99.0,  1,  2,  3,  2,    1903608,    1903608,    1903608,    1903608
16,    1903623,     29.0,     29.0,     29.0,     95.0,  1,  2,  3,  1,    1903623,    1903623,    1903623,    1903623
16,    2578477,     27.0,     26.0,     27.0,     86.0,  1,  2,  3,  2,    1903633,    1903633,    1903633,    1903633
16,    2578485,     26.0,     26.0,     26.0,     86.0,  1,  2,  3,  1,    1903633,    1903633,    1903633,    1903633
16,    2578493,     26.0,     26.0,     26.0,     85.0,  1,  2,  3,  1,    1903633,    1903633,    1903633,    1903633
16,    2034847,     16.0,     16.0,     16.0,     51.0,  9, 10, 11,  9,    2034294,    2034294,    2034294,    2034294
16,    2231890,     62.0,     63.0,     62.0,    192.0,  9, 10, 11, 11,    2181175,    2181175,    2181175,    2181175
16,    2341888,     23.0,     23.0,     23.0,     72.0,  9, 10, 11,  9,    2249963,    2249963,    2249963,    2249963
16,    2577928,     52.0,     51.0,     52.0,    163.0,  9, 10, 11, 10,    2181484,    2181484,    2181484,    2181484
16,    3358535,     52.0,     51.0,     52.0,    163.0,  9, 10, 11, 10,    2181484,    2181484,    2181484,    2181484
16,    3358612,     41.0,     40.0,     41.0,    131.0,  1,  2,  3,  2,    3324480,    3324480,    3324480,    3324480
16,    3358605,     43.0,     42.0,     43.0,    137.0,  1,  2,  3,  2,    3324480,    3324480,    3324480,    3324480
16,    2524749,     18.0,     18.0,     18.0,     55.0,  9, 10, 11,  9,    2371885,    2371885,    2371885,    2371885
16,    3514572,     25.0,     25.0,     27.0,     82.0,  1,  2,  3,  2,    3514572,      41634,      41634,    3514572
16,    3514577,     24.0,     24.0,     25.0,     78.0,  1,  2,  3,  2,      41634,      41634,      41634,      41634
16,      41634,     22.0,     22.0,     23.0,     71.0,  1,  2,  3,  2,      41634,      41634,      41634,      41634
16,    3379042,     52.0,     52.0,     52.0,    164.0,  9, 10, 11, 10,    2181484,    2181484,    2181484,    2181484
16,    3602109,     23.0,     23.0,     23.0,     73.0,  9, 10, 11,  9,    2839690,    2839690,    2839690,    2839690
17,    2579489,     42.0,     42.0,     44.0,    137.0,  1,  2,  3,  1,      41634,      41634,      41634,      41634
17,    2579503,     45.0,     45.0,     47.0,    146.0,  1,  2,  3,  1,      41634,      41634,      41634,      41634
17,     689554,     22.0,     22.0,     23.0,     69.0,  9, 10, 11,  9,    2776117,    2776117,    2776117,    2776117
17,     689549,     22.0,     22.0,     22.0,     69.0,  9, 10, 11,  9,    2776117,    2776117,    2776117,    2776117
17,     954350,     50.0,     50.0,     50.0,    161.0,  1,  2,  3,  3,     954350,     954350,     954350,     954350
17,    1570656,     23.0,     23.0,     23.0,     73.0,  9, 10, 11,  9,    1673020,    1673020,    1673020,    1673020
17,    1812368,     65.0,     65.0,     65.0,    197.0,  9, 10, 11, 10,    1866140,    1866140,    1866140,    1866140
17,    1812388,     24.0,     24.0,     24.0,     75.0,  9, 10, 11,  9,    1866154,    1866154,    1866154,    1866154
17,    1812393,     60.0,     61.0,     61.0,    188.0,  9, 10, 11,  9,    1866152,    1866152,    1866152,    1866152
17,    1812408,     59.0,     60.0,     60.0,    186.0,  9, 10, 11,  9,    1866152,    1866152,    1866152,    1866152
17,    1812432,     60.0,     61.0,     61.0,    189.0,  9, 10, 11,  9,    1866178,    1866178,    1866178,    1866178
17,    1812442,     61.0,     61.0,     60.0,    189.0,  9, 10, 11, 11,    1866181,    1866181,    1866181,    1866181
17,    1812462,     65.0,     65.0,     65.0,    196.0,  9, 10, 11, 10,    1866186,    1866186,    1866186,    1866186
17,    1812457,     64.0,     64.0,     64.0,    193.0,  9, 10, 11,  9,    1866185,    1866185,    1866185,    1866185
17,    1819188,     64.0,     63.0,     65.0,    191.0,  9, 10, 11, 10,    1874094,    1874094,    1874094,    1874094
17,    1856564,     23.0,     23.0,     22.0,     71.0,  9, 10, 11, 11,    1902084,    1902084,    1902084,    1902084
17,    2578336,     40.0,     40.0,     40.0,    130.0,  1,  2,  3,  2,    1903608,    1903608,    1903608,    1903608
17,    1903608,     30.0,     30.0,     30.0,     98.0,  1,  2,  3,  1,    1903608,    1903608,    1903608,    1903608
17,    1903623,     29.0,     29.0,     29.0,     93.0,  1,  2,  3,  2,    1903623,    1903623,    1903623,    1903623
17,    2578477,     26.0,     26.0,     26.0,     85.0,  1,  2,  3,  2,    1903633,    1903633,    1903633,    1903633
17,    2578485,     26.0,     26.0,     26.0,     84.0,  1,  2,  3,  2,    1903633,    1903633,    1903633,    1903633
17,    2578493,     26.0,     26.0,     26.0,     84.0,  1,  2,  3,  1,    1903633,    1903633,    1903633,    1903633
17,    2034847,     16.0,     14.0,     16.0,     45.0,  9, 10, 11, 10,    2034294,    2034294,    2034294,    2034294
17,    2231890,     62.0,     62.0,     62.0,    192.0,  9, 10, 11, 10,    2181175,    2181175,    2181175,    2181175
17,    2341888,     23.0,     23.0,     23.0,     72.0,  9, 10, 11,  9,    2249963,    2249963,    2249963,    2249963
17,    2577928,     52.0,     52.0,     51.0,    163.0,  9, 10, 11, 11,    2181484,    2181484,    2181484,    2181484
17,    3358535,     52.0,     52.0,     51.0,    163.0,  9, 10, 11, 11,    2181484,    2181484,    2181484,    2181484
17,    3358612,     41.0,     40.0,     40.0,    131.0,  1,  2,  3,  2,    3324480,    3324480,    3324480,    3324480
17,    3358605,     42.0,     42.0,     42.0,    137.0,  1,  2,  3,  2,    3324480,    3324480,    3324480,    3324480
17,    2524749,     18.0,     18.0,     18.0,     55.0,  9, 10, 11,  9,    2371885,    2371885,    2371885,    2371885
17,    3514572,     25.0,     25.0,     27.0,     82.0,  1,  2,  3,  2,      41634,      41634,      41634,    3514572
17,    3514577,     24.0,     24.0,     25.0,     78.0,  1,  2,  3,  1,      41634,      41634,      41634,      41634
17,      41634,     22.0,     22.0,     23.0,     72.0,  1,  2,  3,  1,      41634,      41634,      41634,      41634
17,    3379042,     52.0,     52.0,     52.0,    164.0,  9, 10, 11, 11,    2181484,    2181484,    2181484,    2181484
17,    3602109,     23.0,     23.0,     23.0,     73.0,  9, 10, 11,  9,    2839690,    2839690,    2839690,    2839690
18,    2579489,     43.0,     42.0,     44.0,    137.0,  1,  2,  3,  2,      41634,      41634,      41634,      41634
18,    2579503,     45.0,     45.0,     47.0,    145.0,  1,  2,  3,  2,      41634,      41634,      41634,      41634
18,     689554,     22.0,     22.0,     23.0,     71.0,  9, 10, 11,  9,    2776117,    2776117,    2776117,    2776117
18,     689549,     22.0,     22.0,     22.0,     70.0,  9, 10, 11,  9,    2776117,    2776117,    2776117,    2776117
18,     954350,     49.0,     49.0,     50.0,    159.0,  1,  2,  3,  1,     954350,     954350,     954350,     954350
18,    1570656,     23.0,     23.0,     23.0,     73.0,  9, 10, 11,  9,    1673020,    1673020,    1673020,    1673020
18,    1812368,     65.0,     65.0,     65.0,    198.0,  9, 10, 11,  9,    1866140,    1866140,    1866140,    1866140
18,    1812388,     24.0,     24.0,     24.0,     75.0,  9, 10, 11,  9,    1866154,    1866154,    1866154,    1866154
18,    1812393,     61.0,     61.0,     61.0,    189.0,  9, 10, 11, 11,    1866152,    1866152,    1866152,    1866152
18,    1812408,     60.0,     60.0,     60.0,    188.0,  9, 10, 11,  9,    1866152,    1866152,    1866152,    1866152
18,    1812432,     61.0,     61.0,     62.0,    190.0,  9, 10, 11,  9,    1866178,    1866178,    1866178,    1866178
18,    1812442,     60.0,     61.0,     60.0,    188.0,  9, 10, 11, 11,    1866181,    1866181,    1866181,    1866181
18,    1812462,     65.0,     65.0,     65.0,    196.0,  9, 10, 11,  9,    1866186,    1866186,    1866186,    1866186
18,    1812457,     64.0,     64.0,     64.0,    193.0,  9, 10, 11, 10,    1866185,    1866185,    1866185,    1866185
18,    1819188,     64.0,     64.0,     65.0,    193.0,  9, 10, 11,  9,    1874094,    1874094,    1874094,    1874094
18,    1856564,     23.0,     23.0,     22.0,     71.0,  9, 10, 11, 11,    1902084,    1902084,    1902084,    1902084
18,    2578336,     38.0,     40.0,     41.0,    124.0,  1,  2,  3,  1,    1903608,    1903608,    1903608,    1903608
18,    1903608,     29.0,     30.0,     31.0,     93.0,  1,  2,  3,  1,    1903608,    1903608,    1903608,    1903608
18,    1903623,     27.0,     29.0,     29.0,     89.0,  1,  2,  3,  1,    1903623,    1903623,    1903623,    1903623
18,    2578477,     25.0,     26.0,     27.0,     81.0,  1,  2,  3,  1,    1903633,    1903633,    1903633,    1903633
18,    2578485,     25.0,     26.0,     26.0,     80.0,  1,  2,  3,  1,    1903633,    1903633,    1903633,    1903633
18,    2578493,     24.0,     26.0,     26.0,     80.0,  1,  2,  3,  1,    1903633,    1903633,    1903633,    1903633
18,    2034847,     13.0,     16.0,     15.0,     41.0,  9, 10, 11,  9,    2034294,    2034294,    2034294,    2034294
18,    2231890,     61.0,     62.0,     62.0,    190.0,  9, 10, 11,  9,    2181175,    2181175,    2181175,    2181175
18,    2341888,     23.0,     23.0,     23.0,     72.0,  9, 10, 11,  9,    2249963,    2249963,    2249963,    2249963
18,    2577928,     51.0,     51.0,     51.0,    161.0,  9, 10, 11,  9,    2181484,    2181484,    2181484,    2181484
18,    3358535,     51.0,     51.0,     51.0,    162.0,  9, 10, 11,  9,    2181484,    2181484,    2181484,    2181484
18,    3358612,     39.0,     40.0,     40.0,    128.0,  1,  2,  3,  1,    3324480,    3324480,    3324480,    3324480
18,    3358605,     41.0,     41.0,     42.0,    134.0,  1,  2,  3,  1,    3324480,    3324480,    3324480,    3324480
18,    2524749,     18.0,     18.0,     18.0,     55.0,  9, 10, 11,  9,    2371885,    2371885,    2371885,    2371885
18,    3514572,     25.0,     25.0,     26.0,     82.0,  1,  2,  3,  2,    3514572,      41634,    3514572,    3514572
18,    3514577,     24.0,     24.0,     25.0,     78.0,  1,  2,  3,  2,      41634,      41634,      41634,      41634
18,      41634,     22.0,     22.0,     23.0,     71.0,  1,  2,  3,  2,      41634,      41634,      41634,      41634
18,    3379042,     51.0,     51.0,     52.0,    162.0,  9, 10, 11,  9,    2181484,    2181484,    2181484,    2181484
18,    3602109,     23.0,     23.0,     23.0,     73.0,  9, 10, 11,  9,    2839690,    2839690,    2839690,    2839690
19,    2579489,     41.0,     40.0,     44.0,    130.0,  1,  2,  3,  2,      41634,      41634,      41634,      41634
19,    2579503,     44.0,     43.0,     47.0,    139.0,  1,  2,  3,  2,      41634,      41634,      41634,      41634
19,     689554,     22.0,     22.0,     22.0,     70.0,  9, 10, 11,  9,    2776117,    2776117,    2776117,    2776117
19,     689549,     22.0,     22.0,     22.0,     69.0,  9, 10, 11, 10,    2776117,    2776117,    2776117,    2776117
19,     954350,     48.0,     48.0,     49.0,    154.0,  1,  2,  3, 10,     954350,     954350,     954350,    2181484
19,    1570656,     23.0,     23.0,     23.0,     72.0,  9, 10, 11,  9,    1673020,    1673020,    1673020,    1673020
19,    1812368,     65.0,     65.0,     65.0,    198.0,  9, 10, 11,  9,    1866140,    1866140,    1866140,    1866140
19,    1812388,     24.0,     24.0,     24.0,     75.0,  9, 10, 11,  9,    1866154,    1866154,    1866154,    1866154
19,    1812393,     60.0,     61.0,     60.0,    187.0,  9, 10, 11,  9,    1866152,    1866152,    1866152,    1866152
19,    1812408,     59.0,     60.0,     59.0,    185.0,  9, 10, 11,  9,    1866152,    1866152,    1866152,    1866152
19,    1812432,     61.0,     61.0,     61.0,    189.0,  9, 10, 11, 10,    1866178,    1866178,    1866178,    1866178
19,    1812442,     61.0,     60.0,     59.0,    184.0,  9, 10, 11, 11,    1866181,    1866181,    1866181,    1866181
19,    1812462,     64.0,     63.0,     65.0,    191.0,  9, 10, 11, 10,    1866186,    1866186,    1866186,    1866186
19,    1812457,     64.0,     61.0,     64.0,    186.0,  9, 10, 11, 10,    1866185,    1866185,    1866185,    1866185
19,    1819188,     64.0,     64.0,     65.0,    193.0,  9, 10, 11,  9,    1874094,    1874094,    1874094,    1874094
19,    1856564,     23.0,     23.0,     22.0,     71.0,  9, 10, 11, 11,    1902084,    1902084,    1902084,    1902084
19,    2578336,     39.0,     40.0,     39.0,    127.0,  1,  2,  3,  3,    1903608,    1903608,    1903608,    1903608
19,    1903608,     30.0,     30.0,     29.0,     95.0,  1,  2,  3,  3,    1903608,    1903608,    1903608,    1903608
19,    1903623,     28.0,     29.0,     28.0,     91.0,  1,  2,  3,  3,    1903623,    1903623,    1903623,    1903623
19,    2578477,     26.0,     26.0,     25.0,     83.0,  1,  2,  3,  3,    1903633,    1903633,    1903633,    1903633
19,    2578485,     26.0,     26.0,     25.0,     82.0,  1,  2,  3,  3,    1903633,    1903633,    1903633,    1903633
19,    2578493,     25.0,     26.0,     25.0,     81.0,  1,  2,  3,  3,    1903633,    1903633,    1903633,    1903633
19,    2034847,     16.0,     16.0,     16.0,     49.0,  9, 10, 11, 10,    2034294,    2034294,    2034294,    2034294
19,    2231890,     62.0,     62.0,     61.0,    191.0,  9, 10, 11,  9,    2181175,    2181175,    2181175,    2181175
19,    2341888,     23.0,     23.0,     23.0,     72.0,  9, 10, 11,  9,    2249963,    2249963,    2249963,    2249963
19,    2577928,     49.0,     49.0,     50.0,    155.0,  9, 10, 11, 10,    2181484,    2181484,    2181484,    2181484
19,    3358535,     49.0,     49.0,     50.0,    156.0,  9, 10, 11, 10,    2181484,    2181484,    2181484,    2181484
19,    3358612,     38.0,     38.0,     38.0,    123.0,  1,  2,  3,  2,    3324480,    3324480,    3324480,    3324480
19,    3358605,     40.0,     39.0,     40.0,    128.0,  1,  2,  3,  2,    3324480,    3324480,    3324480,    3324480
19,    2524749,     17.0,     18.0,     18.0,     55.0,  9, 10, 11,  9,    2371885,    2371885,    2371885,    2371885
19,    3514572,     25.0,     24.0,     26.0,     78.0,  1,  2,  3,  2,      41634,      41634,      41634,    3514572
19,    3514577,     23.0,     23.0,     25.0,     74.0,  1,  2,  3,  2,      41634,      41634,      41634,      41634
19,      41634,     21.0,     21.0,     23.0,     68.0,  1,  2,  3,  2,      41634,      41634,      41634,      41634
19,    3379042,     50.0,     49.0,     50.0,    156.0,  9, 10, 11, 10,    2181484,    2181484,    2181484,    2181484
19,    3602109,     23.0,     23.0,     23.0,     72.0,  9, 10, 11,  9,    2839690,    2839690,    2839690,    2839690
20,    2579489,     40.0,     40.0,     43.0,    129.0,  1,  2,  3,  2,      41634,      41634,      41634,      41634
20,    2579503,     43.0,     42.0,     46.0,    138.0,  1,  2,  3,  2,      41634,      41634,      41634,      41634
20,     689554,     22.0,     22.0,     22.0,     69.0,  9, 10, 11,  9,    2776117,    2776117,    2776117,    2776117
20,     689549,     21.0,     22.0,     22.0,     68.0,  9, 10, 11,  9,    2776117,    2776117,    2776117,    2776117
20,     954350,     46.0,     49.0,     48.0,    148.0,  1,  2,  3,  1,     954350,     954350,     954350,     954350
20,    1570656,     23.0,     23.0,     23.0,     72.0,  9, 10, 11,  9,    1673020,    1673020,    1673020,    1673020
20,    1812368,     65.0,     64.0,     65.0,    195.0,  9, 10, 11, 10,    1866140,    1866140,    1866140,    1866140
20,    1812388,     24.0,     24.0,     24.0,     74.0,  9, 10, 11, 11,    1866154,    1866154,    1866154,    1866154
20,    1812393,     59.0,     61.0,     59.0,    184.0,  9, 10, 11,  9,    1866152,    1866152,    1866152,    1866152
20,    1812408,     58.0,     60.0,     58.0,    182.0,  9, 10, 11,  9,    1866152,    1866152,    1866152,    1866152
20,    1812432,     61.0,     61.0,     61.0,    190.0,  9, 10, 11, 11,    1866178,    1866178,    1866178,    1866178
20,    1812442,     60.0,     60.0,     59.0,    185.0,  9, 10, 11, 11,    1866181,    1866181,    1866181,    1866181
20,    1812462,     63.0,     62.0,     65.0,    189.0,  9, 10, 11, 10,    1866186,    1866186,    1866186,    1866186
20,    1812457,     63.0,     63.0,     63.0,    191.0,  9, 10, 11,  9,    1866185,    1866185,    1866185,    1866185
20,    1819188,     62.0,     65.0,     65.0,    189.0,  9, 10, 11,  9,    1874094,    1874094,    1874094,    1874094
20,    1856564,     22.0,     23.0,     22.0,     71.0,  9, 10, 11, 11,    1902084,    1902084,    1902084,    1902084
20,    2578336,     37.0,     40.0,     36.0,    118.0,  1,  2,  3,  3,    1903608,    1903608,    1903608,    1903608
20,    1903608,     28.0,     30.0,     27.0,     88.0,  1,  2,  3,  3,    1903608,    1903608,    1903608,    1903608
20,    1903623,     27.0,     29.0,     26.0,     84.0,  1,  2,  3,  3,    1903623,    1903623,    1903623,    1903623
20,    2578477,     24.0,     26.0,     24.0,     77.0,  1,  2,  3,  3,    1903633,    1903633,    1903633,    1903633
20,    2578485,     24.0,     26.0,     23.0,     77.0,  1,  2,  3,  3,    1903633,    1903633,    1903633,    1903633
20,    2578493,     24.0,     26.0,     23.0,     76.0,  1,  2,  3,  3,    1903633,    1903633,    1903633,    1903633
20,    2034847,     15.0,     15.0,     15.0,     48.0,  9, 10, 11,  9,    2034294,    2034294,    2034294,    2034294
20,    2231890,     62.0,     62.0,     58.0,    180.0,  9, 10, 11, 11,    2181175,    2181175,    2181175,    2181175
20,    2341888,     22.0,     23.0,     23.0,     72.0,  9, 10, 11,  9,    2249963,    2249963,    2249963,    2249963
20,    2577928,     47.0,     50.0,     49.0,    149.0,  9, 10, 11,  9,    2181484,    2181484,    2181484,    2181484
20,    3358535,     47.0,     50.0,     49.0,    149.0,  9, 10, 11,  9,    2181484,    2181484,    2181484,    2181484
20,    3358612,     36.0,     38.0,     38.0,    118.0,  1,  2,  3,  1,    3324480,    3324480,    3324480,    3324480
20,    3358605,     38.0,     40.0,     39.0,    123.0,  1,  2,  3,  1,    3324480,    3324480,    3324480,    3324480
20,    2524749,     17.0,     18.0,     18.0,     54.0,  9, 10, 11,  9,    2371885,    2371885,    2371885,    2371885
20,    3514572,     24.0,     24.0,     26.0,     77.0,  1,  2,  3,  2,      41634,      41634,      41634,    3514572
20,    3514577,     23.0,     22.0,     24.0,     73.0,  1,  2,  3,  2,      41634,      41634,      41634,      41634
20,      41634,     21.0,     21.0,     22.0,     67.0,  1,  2,  3,  2,      41634,      41634,      41634,      41634
20,    3379042,     47.0,     50.0,     49.0,    149.0,  9, 10, 11,  9,    2181484,    2181484,    2181484,    2181484
20,    3602109,     23.0,     23.0,     23.0,     72.0,  9, 10, 11,  9,    2839690,    2839690,    2839690,    2839690
21,    2579489,     40.0,     41.0,     42.0,    132.0,  1,  2,  3,  1,      41634,      41634,      41634,      41634
21,    2579503,     43.0,     43.0,     45.0,    140.0,  1,  2,  3,  1,      41634,      41634,      41634,      41634
21,     689554,     22.0,     22.0,     22.0,     69.0,  9, 10, 11,  9,    2776117,    2776117,    2776117,    2776117
21,     689549,     21.0,     22.0,     22.0,     69.0,  9, 10, 11,  9,    2776117,    2776117,    2776117,    2776117
21,     954350,     47.0,     48.0,     48.0,    151.0,  1,  2,  3,  9,     954350,     954350,     954350,    2181484
21,    1570656,     23.0,     23.0,     23.0,     72.0,  9, 10, 11,  9,    1673020,    1673020,    1673020,    1673020
21,    1812368,     64.0,     64.0,     65.0,    195.0,  9, 10, 11, 10,    1866140,    1866140,    1866140,    1866140
21,    1812388,     24.0,     24.0,     24.0,     74.0,  9, 10, 11,  9,    1866154,    1866154,    1866154,    1866154
21,    1812393,     59.0,     61.0,     58.0,    179.0,  9, 10, 11, 11,    1866152,    1866152,    1866152,    1866152
21,    1812408,     58.0,     59.0,     56.0,    177.0,  9, 10, 11, 11,    1866152,    1866152,    1866152,    1866152
21,    1812432,     61.0,     61.0,     60.0,    189.0,  9, 10, 11, 11,    1866178,    1866178,    1866178,    1866178
21,    1812442,     61.0,     61.0,     59.0,    186.0,  9, 10, 11, 11,    1866181,    1866181,    1866181,    1866181
21,    1812462,     63.0,     63.0,     64.0,    190.0,  9, 10, 11, 10,    1866186,    1866186,    1866186,    1866186
21,    1812457,     64.0,     62.0,     63.0,    189.0,  9, 10, 11, 10,    1866185,    1866185,    1866185,    1866185
21,    1819188,     63.0,     65.0,     64.0,    191.0,  9, 10, 11,  9,    1874094,    1874094,    1874094,    1874094
21,    1856564,     23.0,     23.0,     22.0,     71.0,  9, 10, 11, 11,    1902084,    1902084,    1902084,    1902084
21,    2578336,     37.0,     40.0,     38.0,    121.0,  1,  2,  3,  1,    1903608,    1903608,    1903608,    1903608
21,    1903608,     28.0,     30.0,     29.0,     91.0,  1,  2,  3,  1,    1903608,    1903608,    1903608,    1903608
21,    1903623,     27.0,     28.0,     27.0,     87.0,  1,  2,  3,  1,    1903623,    1903623,    1903623,    1903623
21,    2578477,     24.0,     26.0,     25.0,     79.0,  1,  2,  3,  1,    1903633,    1903633,    1903633,    1903633
21,    2578485,     24.0,     26.0,     25.0,     78.0,  1,  2,  3,  1,    1903633,    1903633,    1903633,    1903633
21,    2578493,     24.0,     25.0,     25.0,     78.0,  1,  2,  3,  1,    1903633,    1903633,    1903633,    1903633
21,    2034847,     14.0,     15.0,     15.0,     44.0,  9, 10, 11,  9,    2034294,    2034294,    2034294,    2034294
21,    2231890,     62.0,     62.0,     61.0,    188.0,  9, 10, 11, 11,    2181175,    2181175,    2181175,    2181175
21,    2341888,     23.0,     23.0,     23.0,     72.0,  9, 10, 11,  9,    2249963,    2249963,    2249963,    2249963
21,    2577928,     48.0,     49.0,     49.0,    152.0,  9, 10, 11,  9,    2181484,    2181484,    2181484,    2181484
21,    3358535,     48.0,     50.0,     49.0,    153.0,  9, 10, 11,  9,    2181484,    2181484,    2181484,    2181484
21,    3358612,     37.0,     38.0,     38.0,    119.0,  1,  2,  3,  1,    3324480,    3324480,    3324480,    3324480
21,    3358605,     38.0,     40.0,     40.0,    125.0,  1,  2,  3,  1,    3324480,    3324480,    3324480,    3324480
21,    2524749,     17.0,     18.0,     18.0,     54.0,  9, 10, 11,  9,    2371885,    2371885,    2371885,    2371885
21,    3514572,     24.0,     24.0,     25.0,     79.0,  1,  2,  3,  1,      41634,      41634,    3514572,    3514572
21,    3514577,     23.0,     23.0,     24.0,     75.0,  1,  2,  3,  1,      41634,      41634,      41634,      41634
21,      41634,     21.0,     21.0,     22.0,     69.0,  1,  2,  3,  1,      41634,      41634,      41634,      41634
21,    3379042,     48.0,     50.0,     50.0,    153.0,  9, 10, 11,  9,    2181484,    2181484,    2181484,    2181484
21,    3602109,     22.0,     22.0,     22.0,     71.0,  9, 10, 11,  9,    2839690,    2839690,    2839690,    2839690
22,    2579489,     42.0,     41.0,     43.0,    134.0,  1,  2,  3,  2,      41634,      41634,      41634,      41634
22,    2579503,     45.0,     44.0,     45.0,    143.0,  1,  2,  3,  2,      41634,      41634,      41634,      41634
22,     689554,     22.0,     22.0,     22.0,     70.0,  9, 10, 11, 11,    2776117,    2776117,    2776117,    2776117
22,     689549,     22.0,     22.0,     22.0,     70.0,  9, 10, 11, 10,    2776117,    2776117,    2776117,    2776117
22,     954350,     48.0,     49.0,     50.0,    157.0,  1,  2,  3,  1,     954350,     954350,     954350,     954350
22,    1570656,     23.0,     23.0,     23.0,     72.0,  9, 10, 11,  9,    1673020,    1673020,    1673020,    1673020
22,    1812368,     65.0,     65.0,     65.0,    196.0,  9, 10, 11, 10,    1866140,    1866140,    1866140,    1866140
22,    1812388,     24.0,     24.0,     24.0,     74.0,  9, 10, 11,  9,    1866154,    1866154,    1866154,    1866154
22,    1812393,     60.0,     61.0,     59.0,    185.0,  9, 10, 11, 11,    1866152,    1866152,    1866152,    1866152
22,    1812408,     59.0,     59.0,     58.0,    183.0,  9, 10, 11, 11,    1866152,    1866152,    1866152,    1866152
22,    1812432,     61.0,     61.0,     61.0,    190.0,  9, 10, 11, 11,    1866178,    1866178,    1866178,    1866178
22,    1812442,     61.0,     61.0,     60.0,    188.0,  9, 10, 11, 11,    1866181,    1866181,    1866181,    1866181
22,    1812462,     64.0,     64.0,     65.0,    194.0,  9, 10, 11, 10,    1866186,    1866186,    1866186,    1866186
22,    1812457,     64.0,     63.0,     64.0,    192.0,  9, 10, 11, 10,    1866185,    1866185,    1866185,    1866185
22,    1819188,     63.0,     65.0,     64.0,    192.0,  9, 10, 11,  9,    1874094,    1874094,    1874094,    1874094
22,    1856564,     23.0,     23.0,     22.0,     71.0,  9, 10, 11, 11,    1902084,    1902084,    1902084,    1902084
22,    2578336,     39.0,     41.0,     40.0,    128.0,  1,  2,  3,  1,    1903608,    1903608,    1903608,    1903608
22,    1903608,     29.0,     31.0,     30.0,     96.0,  1,  2,  3,  1,    1903608,    1903608,    1903608,    1903608
22,    1903623,     28.0,     29.0,     29.0,     92.0,  1,  2,  3,  1,    1903623,    1903623,    1903623,    1903623
22,    2578477,     26.0,     27.0,     26.0,     84.0,  1,  2,  3,  1,    1903633,    1903633,    1903633,    1903633
22,    2578485,     25.0,     26.0,     26.0,     83.0,  1,  2,  3,  1,    1903633,    1903633,    1903633,    1903633
22,    2578493,     25.0,     26.0,     26.0,     82.0,  1,  2,  3,  1,    1903633,    1903633,    1903633,    1903633
22,    2034847,     16.0,     16.0,     15.0,     48.0,  9, 10, 11, 11,    2034294,    2034294,    2034294,    2034294
22,    2231890,     62.0,     62.0,     62.0,    191.0,  9, 10, 11, 11,    2181175,    2181175,    2181175,    2181175
22,    2341888,     23.0,     23.0,     23.0,     72.0,  9, 10, 11,  9,    2249963,    2249963,    2249963,    2249963
22,    2577928,     49.0,     50.0,     51.0,    158.0,  9, 10, 11,  9,    2181484,    2181484,    2181484,    2181484
22,    3358535,     50.0,     50.0,     51.0,    158.0,  9, 10, 11,  9,    2181484,    2181484,    2181484,    2181484
22,    3358612,     39.0,     39.0,     40.0,    126.0,  1,  2,  3,  1,    3324480,    3324480,    3324480,    3324480
22,    3358605,     41.0,     40.0,     42.0,    131.0,  1,  2,  3,  2,    3324480,    3324480,    3324480,    3324480
22,    2524749,     18.0,     18.0,     18.0,     55.0,  9, 10, 11,  9,    2371885,    2371885,    2371885,    2371885
22,    3514572,     25.0,     25.0,     26.0,     80.0,  1,  2,  3,  2,      41634,      41634,      41634,    3514572
22,    3514577,     24.0,     23.0,     24.0,     76.0,  1,  2,  3,  2,      41634,      41634,      41634,      41634
22,      41634,     22.0,     21.0,     22.0,     70.0,  1,  2,  3,  2,      41634,      41634,      41634,      41634
22,    3379042,     50.0,     50.0,     51.0,    159.0,  9, 10, 11,  9,    2181484,    2181484,    2181484,    2181484
22,    3602109,     22.0,     22.0,     22.0,     70.0,  9, 10, 11,  9,    2839690,    2839690,    2839690,    2839690
23,    2579489,     42.0,     41.0,     43.0,    132.0,  1,  2,  3,  2,      41634,      41634,      41634,      41634
23,    2579503,     45.0,     43.0,     46.0,    141.0,  1,  2,  3,  2,      41634,      41634,      41634,      41634
23,     689554,     22.0,     22.0,     22.0,     71.0,  9, 10, 11,  9,    2776117,    2776117,    2776117,    2776117
23,     689549,     22.0,     22.0,     22.0,     70.0,  9, 10, 11, 11,    2776117,    2776117,    2776117,    2776117
23,     954350,     50.0,     51.0,     50.0,    161.0,  1,  2,  3,  1,     954350,     954350,     954350,     954350
23,    1570656,     23.0,     23.0,     23.0,     73.0,  9, 10, 11,  9,    1673020,    1673020,    1673020,    1673020
23,    1812368,     65.0,     65.0,     65.0,    196.0,  9, 10, 11,  9,    1866140,    1866140,    1866140,    1866140
23,    1812388,     24.0,     24.0,     24.0,     74.0,  9, 10, 11,  9,    1866154,    1866154,    1866154,    1866154
23,    1812393,     61.0,     61.0,     61.0,    188.0,  9, 10, 11,  9,    1866152,    1866152,    1866152,    1866152
23,    1812408,     60.0,     60.0,     60.0,    187.0,  9, 10, 11,  9,    1866152,    1866152,    1866152,    1866152
23,    1812432,     61.0,     62.0,     61.0,    190.0,  9, 10, 11, 11,    1866178,    1866178,    1866178,    1866178
23,    1812442,     61.0,     61.0,     60.0,    189.0,  9, 10, 11, 11,    1866181,    1866181,    1866181,    1866181
23,    1812462,     65.0,     64.0,     65.0,    195.0,  9, 10, 11, 10,    1866186,    1866186,    1866186,    1866186
23,    1812457,     64.0,     64.0,     65.0,    194.0,  9, 10, 11, 10,    1866185,    1866185,    1866185,    1866185
23,    1819188,     64.0,     65.0,     65.0,    194.0,  9, 10, 11,  9,    1874094,    1874094,    1874094,    1874094
23,    1856564,     23.0,     23.0,     22.0,     70.0,  9, 10, 11, 11,    1902084,    1902084,    1902084,    1902084
23,    2578336,     41.0,     42.0,     40.0,    129.0,  1,  2,  3,  3,    1903608,    1903608,    1903608,    1903608
23,    1903608,     31.0,     31.0,     30.0,     97.0,  1,  2,  3,  3,    1903608,    1903608,    1903608,    1903608
23,    1903623,     29.0,     30.0,     28.0,     93.0,  1,  2,  3,  3,    1903623,    1903623,    1903623,    1903623
23,    2578477,     27.0,     27.0,     26.0,     85.0,  1,  2,  3,  3,    1903633,    1903633,    1903633,    1903633
23,    2578485,     26.0,     27.0,     26.0,     84.0,  1,  2,  3,  3,    1903633,    1903633,    1903633,    1903633
23,    2578493,     26.0,     27.0,     25.0,     83.0,  1,  2,  3,  3,    1903633,    1903633,    1903633,    1903633
23,    2034847,     16.0,     16.0,     16.0,     50.0,  9, 10, 11,  9,    2034294,    2034294,    2034294,    2034294
23,    2231890,     62.0,     62.0,     61.0,    190.0,  9, 10, 11, 11,    2181175,    2181175,    2181175,    2181175
23,    2341888,     23.0,     23.0,     23.0,     72.0,  9, 10, 11,  9,    2249963,    2249963,    2249963,    2249963
23,    2577928,     51.0,     52.0,     51.0,    163.0,  9, 10, 11,  9,    2181484,    2181484,    2181484,    2181484
23,    3358535,     51.0,     52.0,     51.0,    163.0,  9, 10, 11, 11,    2181484,    2181484,    2181484,    2181484
23,    3358612,     40.0,     41.0,     40.0,    132.0,  1,  2,  3,  1,    3324480,    3324480,    3324480,    3324480
23,    3358605,     42.0,     43.0,     42.0,    137.0,  1,  2,  3,  1,    3324480,    3324480,    3324480,    3324480
23,    2524749,     18.0,     18.0,     18.0,     55.0,  9, 10, 11,  9,    2371885,    2371885,    2371885,    2371885
23,    3514572,     25.0,     24.0,     26.0,     79.0,  1,  2,  3,  2,    3514572,      41634,      41634,    3514572
23,    3514577,     24.0,     23.0,     24.0,     75.0,  1,  2,  3,  2,      41634,      41634,      41634,      41634
23,      41634,     22.0,     21.0,     22.0,     69.0,  1,  2,  3,  2,      41634,      41634,      41634,      41634
23,    3379042,     52.0,     52.0,     51.0,    163.0,  9, 10, 11, 11,    2181484,    2181484,    2181484,    2181484
23,    3602109,     22.0,     22.0,     22.0,     70.0,  9, 10, 11,  9,    2839690,    2839690,    2839690,    2839690
24,    2579489,     51.0,     53.0,     51.0,    145.0,  4,  5,  6,  6,    2579489,     686259,      41634,    2579489
24,    2579503,     55.0,     56.0,     54.0,    154.0,  4,  5,  6,  6,      41634,     686259,      41634,    2579503
24,     689554,     27.0,     27.0,     27.0,     79.0,  9, 10, 11, 10,    2776117,    2776117,    2776117,    2776117
24,     689549,     27.0,     27.0,     27.0,     80.0,  9, 10, 11,  9,    2776117,    2776117,    2776117,    2776117
24,     954350,     67.0,     67.0,     67.0,    191.0,  4,  5,  6,  5,     954350,     954350,     954350,     954350
24,    1570656,     26.0,     26.0,     26.0,     78.0,  9, 10, 11,  9,    1673020,    1673020,    1673020,    1673020
24,    1812368,     67.0,     67.0,     68.0,    203.0, 12, 12, 11,  9,    1866140,    1866140,    1866140,    1866140
24,    1812388,     25.0,     25.0,     25.0,     77.0, 12, 12, 12,  9,    1866154,    1866154,    1866154,    1866154
24,    1812393,     70.0,     70.0,     70.0,    207.0, 12, 12, 12,  9,    1866152,    1866152,    1866152,    1866162
24,    1812408,     71.0,     71.0,     71.0,    211.0, 12, 12, 12,  9,    1866152,    1866152,    1866152,    1866169
24,    1812432,     71.0,     71.0,     70.0,    208.0,  9, 10, 12, 10,    1866178,    1866178,    1866178,    1866178
24,    1812442,     71.0,     71.0,     72.0,    209.0, 12, 12, 11,  9,    1866181,    1866181,    1866181,    1866181
24,    1812462,     68.0,     67.0,     67.0,    203.0,  9, 12, 12, 11,    1866186,    1866186,    1866186,    1866186
24,    1812457,     67.0,     68.0,     67.0,    205.0, 12, 12, 12, 11,    1866185,    1866185,    1866185,    1866185
24,    1819188,     68.0,     67.0,     66.0,    204.0, 12, 12, 12, 11,    1874094,    1874094,    1874094,    1874094
24,    1856564,     27.0,     26.0,     28.0,     78.0,  9, 12, 11,  9,    1902084,    1902084,    1902084,    1902084
24,    2578336,     50.0,     50.0,     49.0,    140.0,  4,  5,  6,  5,    1903608,    1903608,    1903608,    1903608
24,    1903608,     37.0,     37.0,     37.0,    104.0,  4,  5,  6,  6,    1903608,    1903608,    1903608,    1903608
24,    1903623,     35.0,     35.0,     35.0,    100.0,  4,  5,  6,  5,    1903623,    1903623,    1903623,    1903623
24,    2578477,     32.0,     32.0,     32.0,     91.0,  4,  5,  6,  5,    1903633,    1903633,    1903633,    1903633
24,    2578485,     32.0,     32.0,     32.0,     90.0,  4,  5,  6,  5,    1903633,    1903633,    1903633,    1903633
24,    2578493,     32.0,     31.0,     31.0,     89.0,  4,  5,  6,  6,    1903633,    1903633,    1903633,    1903633
24,    2034847,     19.0,     20.0,     18.0,     61.0, 12, 12, 12, 11,    2034294,    2034294,    2034294,    2034294
24,    2231890,     70.0,     70.0,     70.0,    207.0, 12, 10, 12,  9,    2181175,    2181175,    2181175,    2181175
24,    2341888,     27.0,     27.0,     27.0,     78.0,  9, 10, 11,  9,    2249963,    2249963,    2249963,    2249963
24,    2577928,     73.0,     72.0,     71.0,    235.0, 12, 12, 12, 11,    2181484,    2181484,    2714504,    2714503
24,    3358535,     72.0,     72.0,     71.0,    235.0, 12, 12, 12, 11,    2714503,    2181484,    2714503,    2714503
24,    3358612,     63.0,     63.0,     63.0,    178.0,  4,  5,  6,  6,    3324480,    3324480,    3324480,    3324480
24,    3358605,     66.0,     66.0,     65.0,    186.0,  4,  5,  6,  6,    3324480,    3324480,    3324480,    3324480
24,    2524749,     19.0,     19.0,     19.0,     57.0,  9, 10, 11,  9,    2371885,    2371885,    2371885,    2371885
24,    3514572,     31.0,     32.0,     30.0,     87.0,  4,  5,  6,  6,      41634,    3514572,    3514572,    3514572
24,    3514577,     29.0,     31.0,     29.0,     83.0,  4,  5,  6,  6,      41634,      41634,      41634,      41634
24,      41634,     27.0,     28.0,     26.0,     76.0,  4,  5,  6,  6,      41634,      41634,      41634,      41634
24,    3379042,     72.0,     72.0,     71.0,    209.0, 12, 12, 12,  9,    2714504,    2181484,    2714504,    2714505
24,    3602109,     27.0,     27.0,     27.0,     81.0, 12, 12, 12,  9,    2839690,    2839690,    2839690,    2839690
25,    2579489,     51.0,     52.0,     51.0,    145.0,  4,  5,  6,  6,    2579489,    2579489,      41634,    2579489
25,    2579503,     55.0,     56.0,     54.0,    155.0,  4,  5,  6,  6,     686259,     686259,     686259,     686259
25,     689554,     27.0,     27.0,     27.0,     79.0,  9, 10, 11, 10,    2776117,    2776117,    2776117,    2776117
25,     689549,     27.0,     27.0,     27.0,     80.0,  9, 10, 12,  9,    2776117,    2776117,    2776117,    2776117
25,     954350,     66.0,     65.0,     65.0,    185.0,  4,  5,  6,  5,     954350,     954350,     954350,     954350
25,    1570656,     26.0,     26.0,     26.0,     78.0,  9, 10, 11,  9,    1673020,    1673020,    1673020,    1673020
25,    1812368,     67.0,     67.0,     67.0,    203.0, 12, 12, 12, 10,    1866140,    1866140,    1866140,    1866140
25,    1812388,     25.0,     25.0,     25.0,     77.0, 12, 12, 12,  9,    1866154,    1866154,    1866154,    1866154
25,    1812393,     70.0,     70.0,     70.0,    207.0, 12, 12, 12,  9,    1866152,    1866152,    1866152,    1866162
25,    1812408,     71.0,     71.0,     71.0,    210.0, 12, 12, 12,  9,    1866152,    1866152,    1866169,    1866169
25,    1812432,     71.0,     71.0,     70.0,    208.0,  9, 10, 12, 11,    1866178,    1866178,    1866178,    1866178
25,    1812442,     70.0,     71.0,     72.0,    209.0, 12, 12, 12,  9,    1866181,    1866181,    1866181,    1866181
25,    1812462,     68.0,     67.0,     67.0,    204.0,  9, 12, 12,  9,    1866186,    1866186,    1866186,    1866186
25,    1812457,     67.0,     68.0,     67.0,    205.0, 12, 12, 12, 11,    1866185,    1866185,    1866185,    1866185
25,    1819188,     67.0,     67.0,     67.0,    204.0, 12, 12, 12, 10,    1874094,    1874094,    1874094,    1874094
25,    1856564,     27.0,     27.0,     27.0,     78.0,  9, 10, 11,  9,    1902084,    1902084,    1902084,    1902084
25,    2578336,     50.0,     50.0,     50.0,    141.0,  4,  5,  6,  4,    1903608,    1903608,    1903608,    1903608
25,    1903608,     37.0,     37.0,     37.0,    105.0,  4,  5,  6,  4,    1903608,    1903608,    1903608,    1903608
25,    1903623,     35.0,     35.0,     35.0,    100.0,  4,  5,  6,  4,    1903623,    1903623,    1903623,    1903623
25,    2578477,     32.0,     32.0,     32.0,     92.0,  4,  5,  6,  4,    1903633,    1903633,    1903633,    1903633
25,    2578485,     32.0,     32.0,     32.0,     91.0,  4,  5,  6,  4,    1903633,    1903633,    1903633,    1903633
25,    2578493,     32.0,     32.0,     32.0,     90.0,  4,  5,  6,  4,    1903633,    1903633,    1903633,    1903633
25,    2034847,     19.0,     20.0,     19.0,     61.0, 12, 12, 12,  9,    2034294,    2034294,    2034294,    2034294
25,    2231890,     70.0,     70.0,     70.0,    207.0,  9, 10, 12,  9,    2181175,    2181175,    2181175,    2181175
25,    2341888,     27.0,     27.0,     27.0,     78.0,  9, 10, 11,  9,    2249963,    2249963,    2249963,    2249963
25,    2577928,     73.0,     73.0,     72.0,    228.0, 12, 12, 12, 10,    2181484,    2181484,    2181484,    2714503
25,    3358535,     72.0,     72.0,     72.0,    228.0, 12, 12, 12, 10,    2714503,    2181484,    2181484,    2714503
25,    3358612,     61.0,     60.0,     60.0,    170.0,  4,  5,  6,  6,    3324480,    3324480,    3324480,    3324480
25,    3358605,     63.0,     63.0,     62.0,    177.0,  4,  5,  6,  6,    3324480,    3324480,    3324480,    3358605
25,    2524749,     19.0,     19.0,     19.0,     57.0,  9, 10, 11,  9,    2371885,    2371885,    2371885,    2371885
25,    3514572,     31.0,     32.0,     31.0,     88.0,  4,  5,  6,  6,      41634,      41634,      41634,    3514549
25,    3514577,     29.0,     30.0,     29.0,     83.0,  4,  5,  6,  6,      41634,      41634,      41634,      41634
25,      41634,     27.0,     28.0,     26.0,     76.0,  4,  5,  6,  6,      41634,      41634,      41634,      41634
25,    3379042,     72.0,     72.0,     71.0,    209.0, 12, 12, 12,  9,    2714504,    2181484,    2714504,    2714505
25,    3602109,     27.0,     27.0,     27.0,     81.0, 12, 12, 12,  9,    2839690,    2839690,    2839690,    2839690
26,    2579489,     51.0,     52.0,     51.0,    144.0,  4,  5,  6,  6,      41634,     686259,      41634,    2579489
26,    2579503,     54.0,     55.0,     54.0,    154.0,  4,  5,  6,  6,    2579489,    2579489,      41634,     686259
26,     689554,     27.0,     27.0,     27.0,     79.0,  9, 10, 11, 10,    2776117,    2776117,    2776117,    2776117
26,     689549,     27.0,     27.0,     27.0,     80.0,  9, 10, 11,  9,    2776117,    2776117,    2776117,    2776117
26,     954350,     64.0,     64.0,     64.0,    181.0,  4,  5,  6,  6,     954350,     954350,     954350,     954350
26,    1570656,     26.0,     26.0,     26.0,     78.0,  9, 10, 11,  9,    1673020,    1673020,    1673020,    1673020
26,    1812368,     67.0,     67.0,     68.0,    203.0, 12, 12, 11,  9,    1866140,    1866140,    1866140,    1866140
26,    1812388,     25.0,     25.0,     25.0,     77.0, 12, 12, 12,  9,    1866154,    1866154,    1866154,    1866154
26,    1812393,     70.0,     70.0,     70.0,    207.0, 12, 12, 12,  9,    1866152,    1866152,    1866152,    1866162
26,    1812408,     71.0,     71.0,     71.0,    210.0, 12, 12, 12,  9,    1866152,    1866152,    1866152,    1866169
26,    1812432,     70.0,     71.0,     71.0,    208.0, 12, 10, 11,  9,    1866178,    1866178,    1866178,    1866178
26,    1812442,     71.0,     71.0,     71.0,    209.0, 12, 12, 12,  9,    1866181,    1866181,    1866181,    1866181
26,    1812462,     68.0,     68.0,     67.0,    203.0,  9, 10, 12, 11,    1866186,    1866186,    1866186,    1866186
26,    1812457,     67.0,     68.0,     67.0,    205.0, 12, 12, 12, 11,    1866185,    1866185,    1866185,    1866185
26,    1819188,     68.0,     67.0,     66.0,    204.0,  9, 12, 12, 10,    1874094,    1874094,    1874094,    1874094
26,    1856564,     27.0,     27.0,     27.0,     79.0,  9, 10, 11,  9,    1902084,    1902084,    1902084,    1902084
26,    2578336,     50.0,     49.0,     49.0,    139.0,  4,  5,  6,  5,    1903608,    1903608,    1903608,    1903608
26,    1903608,     37.0,     36.0,     37.0,    104.0,  4,  5,  6,  5,    1903608,    1903608,    1903608,    1903608
26,    1903623,     35.0,     35.0,     35.0,     99.0,  4,  5,  6,  5,    1903623,    1903623,    1903623,    1903623
26,    2578477,     32.0,     32.0,     32.0,     91.0,  4,  5,  6,  5,    1903633,    1903633,    1903633,    1903633
26,    2578485,     32.0,     31.0,     32.0,     90.0,  4,  5,  6,  5,    1903633,    1903633,    1903633,    1903633
26,    2578493,     32.0,     31.0,     31.0,     89.0,  4,  5,  6,  5,    1903633,    1903633,    1903633,    1903633
26,    2034847,     20.0,     19.0,     19.0,     61.0, 12, 12, 12, 11,    2034294,    2034294,    2034294,    2034294
26,    2231890,     70.0,     70.0,     70.0,    207.0,  9, 10, 12,  9,    2181175,    2181175,    2181175,    2181175
26,    2341888,     27.0,     27.0,     27.0,     79.0,  9, 10, 11,  9,    2249963,    2249963,    2249963,    2249963
26,    2577928,     73.0,     73.0,     72.0,    224.0, 12, 12, 12,  9,    2181484,    2181484,    2181484,    2714503
26,    3358535,     72.0,     72.0,     72.0,    224.0, 12, 12, 12,  9,    2714503,    2181484,    2181484,    2714503
26,    3358612,     59.0,     59.0,     58.0,    165.0,  4,  5,  6,  6,    3324480,    3324480,    3324480,    3324480
26,    3358605,     61.0,     61.0,     60.0,    172.0,  4,  5,  6,  6,    3324480,    3324480,    3358605,    3358605
26,    2524749,     19.0,     19.0,     19.0,     57.0,  9, 10, 11, 10,    2371885,    2371885,    2371885,    2371885
26,    3514572,     31.0,     32.0,     30.0,     87.0,  4,  5,  6,  6,      41634,      41634,    3514572,    3514572
26,    3514577,     29.0,     30.0,     29.0,     83.0,  4,  5,  6,  6,      41634,      41634,      41634,      41634
26,      41634,     27.0,     27.0,     26.0,     76.0,  4,  5,  6,  4,      41634,      41634,      41634,      41634
26,    3379042,     72.0,     72.0,     72.0,    210.0, 12, 12, 12,  9,    2714504,    2181484,    2181484,    2714505
26,    3602109,     27.0,     27.0,     27.0,     81.0, 12, 12, 12,  9,    2839690,    2839690,    2839690,    2839690
27,    2579489,     51.0,     52.0,     50.0,    144.0,  4,  5,  6,  6,     686259,     686259,    2579489,    2579489
27,    2579503,     54.0,     55.0,     54.0,    154.0,  4,  5,  6,  6,    2579503,    2579489,      41634,     686259
27,     689554,     26.0,     27.0,     27.0,     79.0, 12, 10, 11,  9,    2776117,    2776117,    2776117,    2776117
27,     689549,     27.0,     27.0,     27.0,     80.0,  9, 12, 11,  9,    2776117,    2776117,    2776117,    2776117
27,     954350,     65.0,     65.0,     65.0,    184.0,  4,  5,  6,  6,     954350,     954350,     954350,     954350
27,    1570656,     26.0,     26.0,     26.0,     78.0,  9, 10, 11,  9,    1673020,    1673020,    1673020,    1673020
27,    1812368,     67.0,     67.0,     67.0,    203.0, 12, 12, 12,  9,    1866140,    1866140,    1866140,    1866140
27,    1812388,     25.0,     25.0,     25.0,     77.0, 12, 12, 12,  9,    1866154,    1866154,    1866154,    1866154
27,    1812393,     70.0,     70.0,     70.0,    207.0, 12, 12, 12,  9,    1866152,    1866152,    1866152,    1866162
27,    1812408,     71.0,     71.0,     71.0,    210.0, 12, 12, 12,  9,    1866152,    1866152,    1866152,    1866169
27,    1812432,     71.0,     71.0,     70.0,    208.0,  9, 10, 12, 10,    1866178,    1866178,    1866178,    1866178
27,    1812442,     71.0,     71.0,     71.0,    209.0, 12, 12, 12,  9,    1866181,    1866181,    1866181,    1866181
27,    1812462,     68.0,     67.0,     67.0,    203.0,  9, 12, 12, 11,    1866186,    1866186,    1866186,    1866186
27,    1812457,     67.0,     68.0,     67.0,    204.0, 12, 12, 12, 11,    1866185,    1866185,    1866185,    1866185
27,    1819188,     68.0,     67.0,     66.0,    204.0,  9, 12, 12, 10,    1874094,    1874094,    1874094,    1874094
27,    1856564,     27.0,     27.0,     27.0,     78.0,  9, 10, 11,  9,    1902084,    1902084,    1902084,    1902084
27,    2578336,     49.0,     49.0,     48.0,    137.0,  4,  5,  6,  6,    1903608,    1903608,    1903608,    1903608
27,    1903608,     37.0,     37.0,     36.0,    102.0,  4,  5,  6,  6,    1903608,    1903608,    1903608,    1903608
27,    1903623,     35.0,     35.0,     34.0,     98.0,  4,  5,  6,  6,    1903623,    1903623,    1903623,    1903623
27,    2578477,     32.0,     32.0,     31.0,     89.0,  4,  5,  6,  6,    1903633,    1903633,    1903633,    1903633
27,    2578485,     32.0,     31.0,     31.0,     88.0,  4,  5,  6,  6,    1903633,    1903633,    1903633,    1903633
27,    2578493,     31.0,     31.0,     31.0,     88.0,  4,  5,  6,  6,    1903633,    1903633,    1903633,    1903633
27,    2034847,     20.0,     19.0,     19.0,     61.0, 12, 12, 12, 11,    2034294,    2034294,    2034294,    2034294
27,    2231890,     70.0,     70.0,     70.0,    207.0,  9, 10, 12,  9,    2181175,    2181175,    2181175,    2181175
27,    2341888,     27.0,     27.0,     27.0,     79.0,  9, 10, 11,  9,    2249963,    2249963,    2249963,    2249963
27,    2577928,     73.0,     73.0,     72.0,    229.0, 12, 12, 12,  9,    2181484,    2181484,    2181484,    2714503
27,    3358535,     72.0,     72.0,     72.0,    229.0, 12, 12, 12,  9,    2714503,    2181484,    2181484,    2714503
27,    3358612,     60.0,     60.0,     60.0,    171.0,  4,  5,  6,  6,    3324480,    3324480,    3324480,    3324480
27,    3358605,     63.0,     63.0,     62.0,    178.0,  4,  5,  6,  6,    3324480,    3324480,    3358605,    3324480
27,    2524749,     19.0,     19.0,     19.0,     57.0,  9, 10, 11, 10,    2371885,    2371885,    2371885,    2371885
27,    3514572,     31.0,     32.0,     30.0,     87.0,  4,  5,  6,  6,      41634,      41634,    3514572,    3514572
27,    3514577,     29.0,     30.0,     29.0,     83.0,  4,  5,  6,  6,      41634,      41634,      41634,      41634
27,      41634,     27.0,     27.0,     26.0,     75.0,  4,  5,  6,  6,      41634,      41634,      41634,      41634
27,    3379042,     72.0,     72.0,     72.0,    209.0, 12, 12, 12,  9,    2714504,    2181484,    2181484,    2714505
27,    3602109,     27.0,     27.0,     27.0,     81.0, 12, 12, 12,  9,    2839690,    2839690,    2839690,    2839690
28,    2579489,     51.0,     52.0,     51.0,    144.0,  4,  5,  6,  6,     686259,     686259,      41634,    2579489
28,    2579503,     54.0,     55.0,     54.0,    154.0,  4,  5,  6,  6,    2579503,    2579489,      41634,     686259
28,     689554,     26.0,     27.0,     27.0,     79.0, 12, 10, 11, 11,    2776117,    2776117,    2776117,    2776117
28,     689549,     27.0,     27.0,     27.0,     80.0,  9, 10, 11,  9,    2776117,    2776117,    2776117,    2776117
28,     954350,     66.0,     65.0,     64.0,    183.0,  4,  5,  6,  6,     954350,     954350,     954350,     954350
28,    1570656,     26.0,     26.0,     26.0,     78.0, 12, 12, 12,  9,    1673020,    1673020,    1673020,    1673020
28,    1812368,     67.0,     68.0,     67.0,    203.0, 12, 10, 12,  9,    1866140,    1866140,    1866140,    1866140
28,    1812388,     25.0,     25.0,     25.0,     77.0, 12, 12, 12,  9,    1866154,    1866154,    1866154,    1866154
28,    1812393,     70.0,     70.0,     70.0,    207.0, 12, 12, 12,  9,    1866152,    1866152,    1866152,    1866162
28,    1812408,     71.0,     71.0,     71.0,    210.0, 12, 12, 12,  9,    1866152,    1866152,    1866152,    1866169
28,    1812432,     71.0,     71.0,     70.0,    208.0,  9, 10, 12, 10,    1866178,    1866178,    1866178,    1866178
28,    1812442,     71.0,     71.0,     71.0,    209.0, 12, 12, 12,  9,    1866181,    1866181,    1866181,    1866181
28,    1812462,     68.0,     67.0,     67.0,    203.0,  9, 12, 12, 11,    1866186,    1866186,    1866186,    1866186
28,    1812457,     67.0,     67.0,     68.0,    205.0, 12, 12, 11,  9,    1866185,    1866185,    1866185,    1866185
28,    1819188,     68.0,     67.0,     66.0,    204.0, 12, 12, 12, 10,    1874094,    1874094,    1874094,    1874094
28,    1856564,     27.0,     27.0,     27.0,     78.0,  9, 10, 11,  9,    1902084,    1902084,    1902084,    1902084
28,    2578336,     49.0,     49.0,     48.0,    138.0,  4,  5,  6,  6,    1903608,    1903608,    1903608,    1903608
28,    1903608,     37.0,     37.0,     36.0,    103.0,  4,  5,  6,  6,    1903608,    1903608,    1903608,    1903608
28,    1903623,     35.0,     35.0,     34.0,     98.0,  4,  5,  6,  6,    1903623,    1903623,    1903623,    1903623
28,    2578477,     32.0,     32.0,     31.0,     90.0,  4,  5,  6,  6,    1903633,    1903633,    1903633,    1903633
28,    2578485,     32.0,     32.0,     31.0,     89.0,  4,  5,  6,  6,    1903633,    1903633,    1903633,    1903633
28,    2578493,     31.0,     31.0,     31.0,     88.0,  4,  5,  6,  6,    1903633,    1903633,    1903633,    1903633
28,    2034847,     19.0,     19.0,     19.0,     61.0, 12, 12, 12,  9,    2034294,    2034294,    2034294,    2034294
28,    2231890,     70.0,     70.0,     70.0,    207.0,  9, 10, 12,  9,    2181175,    2181175,    2181175,    2181175
28,    2341888,     27.0,     27.0,     27.0,     79.0,  9, 10, 11,  9,    2249963,    2249963,    2249963,    2249963
28,    2577928,     72.0,     73.0,     72.0,    227.0, 12, 12, 12, 11,    2181484,    2181484,    2181484,    2714503
28,    3358535,     72.0,     73.0,     72.0,    227.0, 12, 12, 12, 10,    2181484,    2181484,    2181484,    2714503
28,    3358612,     60.0,     60.0,     59.0,    168.0,  4,  5,  6,  6,    3324480,    3324480,    3324480,    3324480
28,    3358605,     63.0,     63.0,     62.0,    176.0,  4,  5,  6,  6,    3324480,    3324480,    3324480,    3324480
28,    2524749,     19.0,     19.0,     19.0,     57.0,  9, 10, 11, 10,    2371885,    2371885,    2371885,    2371885
28,    3514572,     31.0,     31.0,     30.0,     87.0,  4,  5,  6,  6,      41634,    3514572,    3514572,    3514572
28,    3514577,     29.0,     30.0,     29.0,     83.0,  4,  5,  6,  6,      41634,      41634,      41634,      41634
28,      41634,     27.0,     27.0,     26.0,     76.0,  4,  5,  6,  6,      41634,      41634,      41634,      41634
28,    3379042,     72.0,     73.0,     72.0,    210.0, 12, 12, 12,  9,    2181484,    2181484,    2181484,    2714505
28,    3602109,     27.0,     27.0,     27.0,     81.0, 12, 12, 12,  9,    2839690,    2839690,    2839690,    2839690
29,    2579489,     51.0,     52.0,     50.0,    144.0,  4,  5,  6,  6,      41634,     686259,      41634,      41634
29,    2579503,     54.0,     55.0,     54.0,    153.0,  4,  5,  6,  6,     686259,     686259,      41634,     686259
29,     689554,     26.0,     27.0,     27.0,     79.0, 12, 10, 11, 11,    2776117,    2776117,    2776117,    2776117
29,     689549,     27.0,     27.0,     27.0,     80.0,  9, 10, 11,  9,    2776117,    2776117,    2776117,    2776117
29,     954350,     66.0,     66.0,     66.0,    187.0,  4,  5,  6,  4,     954350,     954350,     954350,     954350
29,    1570656,     26.0,     26.0,     26.0,     78.0, 12, 12, 12,  9,    1673020,    1673020,    1673020,    1673020
29,    1812368,     67.0,     68.0,     67.0,    203.0, 12, 10, 12,  9,    1866140,    1866140,    1866140,    1866140
29,    1812388,     25.0,     25.0,     25.0,     77.0, 12, 12, 12,  9,    1866154,    1866154,    1866154,    1866154
29,    1812393,     70.0,     70.0,     70.0,    207.0, 12, 12, 12,  9,    1866152,    1866152,    1866152,    1866162
29,    1812408,     71.0,     71.0,     71.0,    210.0, 12, 12, 12,  9,    1866152,    1866152,    1866152,    1866169
29,    1812432,     71.0,     71.0,     70.0,    208.0,  9, 10, 12, 11,    1866178,    1866178,    1866178,    1866178
29,    1812442,     71.0,     71.0,     71.0,    209.0, 12, 12, 12,  9,    1866181,    1866181,    1866181,    1866181
29,    1812462,     68.0,     67.0,     67.0,    203.0,  9, 12, 12, 11,    1866186,    1866186,    1866186,    1866186
29,    1812457,     67.0,     68.0,     67.0,    205.0, 12, 12, 12, 11,    1866185,    1866185,    1866185,    1866185
29,    1819188,     68.0,     67.0,     67.0,    204.0,  9, 12, 12, 10,    1874094,    1874094,    1874094,    1874094
29,    1856564,     27.0,     27.0,     27.0,     78.0,  9, 10, 11,  9,    1902084,    1902084,    1902084,    1902084
29,    2578336,     49.0,     49.0,     49.0,    139.0,  4,  5,  6,  4,    1903608,    1903608,    1903608,    1903608
29,    1903608,     37.0,     36.0,     36.0,    104.0,  4,  5,  6,  4,    1903608,    1903608,    1903608,    1903608
29,    1903623,     35.0,     35.0,     35.0,     99.0,  4,  5,  6,  4,    1903623,    1903623,    1903623,    1903623
29,    2578477,     32.0,     32.0,     32.0,     90.0,  4,  5,  6,  5,    1903633,    1903633,    1903633,    1903633
29,    2578485,     31.0,     31.0,     31.0,     89.0,  4,  5,  6,  5,    1903633,    1903633,    1903633,    1903633
29,    2578493,     31.0,     31.0,     31.0,     89.0,  4,  5,  6,  4,    1903633,    1903633,    1903633,    1903633
29,    2034847,     19.0,     20.0,     19.0,     61.0, 12, 12, 12,  9,    2034294,    2034294,    2034294,    2034294
29,    2231890,     70.0,     70.0,     70.0,    207.0, 12, 10, 12, 10,    2181175,    2181175,    2181175,    2181175
29,    2341888,     27.0,     27.0,     27.0,     78.0,  9, 10, 11,  9,    2249963,    2249963,    2249963,    2249963
29,    2577928,     72.0,     73.0,     72.0,    232.0, 12, 12, 12,  9,    2181484,    2181484,    2181484,    2714503
29,    3358535,     72.0,     72.0,     72.0,    231.0, 12, 12, 12, 10,    2181484,    2714503,    2181484,    2714503
29,    3358612,     61.0,     61.0,     61.0,    173.0,  4,  5,  6,  6,    3324480,    3324480,    3324480,    3324480
29,    3358605,     64.0,     64.0,     63.0,    180.0,  4,  5,  6,  6,    3324480,    3324480,    3358605,    3358605
29,    2524749,     19.0,     19.0,     19.0,     57.0,  9, 10, 11, 10,    2371885,    2371885,    2371885,    2371885
29,    3514572,     31.0,     31.0,     30.0,     86.0,  4,  5,  6,  6,      41634,    3514572,      41634,    3514572
29,    3514577,     29.0,     30.0,     29.0,     82.0,  4,  5,  6,  6,      41634,      41634,      41634,      41634
29,      41634,     26.0,     27.0,     26.0,     75.0,  4,  5,  6,  6,      41634,      41634,      41634,      41634
29,    3379042,     72.0,     72.0,     72.0,    209.0, 12, 12, 12, 11,    2181484,    2181484,    2181484,    2714505
29,    3602109,     27.0,     27.0,     27.0,     80.0,  9, 10, 11,  9,    2839690,    2839690,    2839690,    2839690
30,    2579489,     51.0,     51.0,     50.0,    144.0,  4,  5,  6,  6,      41634,    2579489,    2579489,      41634
30,    2579503,     54.0,     55.0,     54.0,    153.0,  4,  5,  6,  6,     686259,     686259,      41634,    2579489
30,     689554,     26.0,     27.0,     27.0,     80.0, 12, 10, 11,  9,    2776117,    2776117,    2776117,    2776117
30,     689549,     27.0,     27.0,     27.0,     80.0,  9, 12, 12,  9,    2776117,    2776117,    2776117,    2776117
30,     954350,     66.0,     66.0,     66.0,    188.0,  4,  5,  6,  5,     954350,     954350,     954350,     954350
30,    1570656,     26.0,     26.0,     26.0,     78.0,  9, 10, 11,  9,    1673020,    1673020,    1673020,    1673020
30,    1812368,     67.0,     67.0,     68.0,    203.0, 12, 12, 11,  9,    1866140,    1866140,    1866140,    1866140
30,    1812388,     25.0,     25.0,     25.0,     76.0,  9, 10, 11,  9,    1866154,    1866154,    1866154,    1866154
30,    1812393,     70.0,     70.0,     70.0,    207.0, 12, 12, 12, 10,    1866152,    1866152,    1866152,    1866162
30,    1812408,     71.0,     71.0,     71.0,    210.0, 12, 12, 12, 10,    1866152,    1866152,    1866152,    1866169
30,    1812432,     71.0,     71.0,     70.0,    208.0,  9, 10, 12, 10,    1866178,    1866178,    1866178,    1866178
30,    1812442,     71.0,     71.0,     71.0,    209.0, 12, 12, 12, 10,    1866181,    1866181,    1866181,    1866181
30,    1812462,     68.0,     67.0,     68.0,    204.0,  9, 12, 11,  9,    1866186,    1866186,    1866186,    1866186
30,    1812457,     67.0,     68.0,     67.0,    205.0, 12, 12, 12, 11,    1866185,    1866185,    1866185,    1866185
30,    1819188,     68.0,     67.0,     66.0,    204.0, 12, 12, 12, 10,    1874094,    1874094,    1874094,    1874094
30,    1856564,     27.0,     27.0,     27.0,     78.0,  9, 10, 11,  9,    1902084,    1902084,    1902084,    1902084
30,    2578336,     50.0,     50.0,     49.0,    139.0,  4,  5,  6,  6,    1903608,    1903608,    1903608,    1903608
30,    1903608,     37.0,     37.0,     36.0,    104.0,  4,  5,  6,  6,    1903608,    1903608,    1903608,    1903608
30,    1903623,     35.0,     35.0,     35.0,     99.0,  4,  5,  6,  6,    1903623,    1903623,    1903623,    1903623
30,    2578477,     32.0,     32.0,     32.0,     90.0,  4,  5,  6,  6,    1903633,    1903633,    1903633,    1903633
30,    2578485,     32.0,     32.0,     31.0,     89.0,  4,  5,  6,  6,    1903633,    1903633,    1903633,    1903633
30,    2578493,     32.0,     31.0,     31.0,     89.0,  4,  5,  6,  6,    1903633,    1903633,    1903633,    1903633
30,    2034847,     19.0,     20.0,     19.0,     61.0, 12, 12, 12,  9,    2034294,    2034294,    2034294,    2034294
30,    2231890,     70.0,     70.0,     70.0,    207.0, 12, 10, 12,  9,    2181175,    2181175,    2181175,    2181175
30,    2341888,     27.0,     27.0,     27.0,     78.0,  9, 10, 11,  9,    2249963,    2249963,    2249963,    2249963
30,    2577928,     73.0,     72.0,     72.0,    232.0, 12, 12, 12, 10,    2181484,    2181484,    2181484,    2714503
30,    3358535,     73.0,     72.0,     72.0,    231.0, 12, 12, 12, 10,    2181484,    2181484,    2181484,    2714503
30,    3358612,     62.0,     62.0,     61.0,    174.0,  4,  5,  6,  6,    3324480,    3324480,    3324480,    3324480
30,    3358605,     64.0,     64.0,     64.0,    182.0,  4,  5,  6,  6,    3358605,    3324480,    3324480,    3324480
30,    2524749,     19.0,     19.0,     19.0,     57.0,  9, 10, 11,  9,    2371885,    2371885,    2371885,    2371885
30,    3514572,     30.0,     31.0,     30.0,     86.0,  4,  5,  6,  6,    3514572,    3514572,      41634,    3514572
30,    3514577,     29.0,     30.0,     29.0,     82.0,  4,  5,  6,  6,      41634,      41634,      41634,      41634
30,      41634,     26.0,     27.0,     26.0,     75.0,  4,  5,  6,  6,      41634,      41634,      41634,      41634
30,    3379042,     72.0,     72.0,     72.0,    209.0, 12, 12, 12, 11,    2714504,    2181484,    2181484,    2714505
30,    3602109,     27.0,     27.0,     27.0,     78.0,  9, 10, 11,  9,    2839690,    2839690,    2839690,    2839690
31,    2579489,     51.0,     52.0,     51.0,    146.0,  4,  5,  6,  6,     686259,     686259,      41634,      41634
31,    2579503,     54.0,     55.0,     55.0,    155.0,  4,  5,  6,  4,    2579503,    2579489,      41634,    2579503
31,     689554,     26.0,     27.0,     27.0,     79.0, 12, 10, 11,  9,    2776117,    2776117,    2776117,    2776117
31,     689549,     26.0,     27.0,     28.0,     80.0, 12, 12, 11,  9,    2776117,    2776117,    2776117,    2776117
31,     954350,     67.0,     67.0,     67.0,    190.0,  4,  5,  6,  5,     954350,     954350,     954350,     954350
31,    1570656,     26.0,     26.0,     26.0,     78.0,  9, 10, 11,  9,    1673020,    1673020,    1673020,    1673020
31,    1812368,     67.0,     68.0,     67.0,    203.0, 12, 10, 12,  9,    1866140,    1866140,    1866140,    1866140
31,    1812388,     25.0,     25.0,     25.0,     76.0,  9, 10, 11,  9,    1866154,    1866154,    1866154,    1866154
31,    1812393,     70.0,     69.0,     70.0,    207.0, 12, 12, 12, 10,    1866162,    1866152,    1866152,    1866162
31,    1812408,     72.0,     70.0,     71.0,    212.0, 12, 12, 12, 10,    1866152,    1866152,    1866152,    1866169
31,    1812432,     71.0,     71.0,     70.0,    209.0, 12, 12, 12, 10,    1866178,    1866178,    1866178,    1866178
31,    1812442,     71.0,     71.0,     71.0,    209.0, 12, 12, 12, 10,    1866181,    1866181,    1866181,    1866181
31,    1812462,     68.0,     67.0,     67.0,    204.0,  9, 12, 12,  9,    1866186,    1866186,    1866186,    1866186
31,    1812457,     67.0,     68.0,     67.0,    205.0, 12, 12, 12, 11,    1866185,    1866185,    1866185,    1866185
31,    1819188,     68.0,     67.0,     66.0,    204.0, 12, 12, 12, 10,    1874094,    1874094,    1874094,    1874094
31,    1856564,     27.0,     27.0,     27.0,     78.0,  9, 10, 11,  9,    1902084,    1902084,    1902084,    1902084
31,    2578336,     52.0,     50.0,     50.0,    141.0,  4,  5,  6,  6,    1903608,    1903608,    1903608,    1903608
31,    1903608,     39.0,     37.0,     37.0,    106.0,  4,  5,  6,  6,    1903608,    1903608,    1903608,    1903608
31,    1903623,     37.0,     36.0,     35.0,    101.0,  4,  5,  6,  6,    1903623,    1903623,    1903623,    1903623
31,    2578477,     34.0,     33.0,     32.0,     92.0,  4,  5,  6,  6,    1903633,    1903633,    1903633,    1903633
31,    2578485,     33.0,     32.0,     32.0,     91.0,  4,  5,  6,  6,    1903633,    1903633,    1903633,    1903633
31,    2578493,     33.0,     32.0,     32.0,     90.0,  4,  5,  6,  6,    1903633,    1903633,    1903633,    1903633
31,    2034847,     19.0,     20.0,     19.0,     62.0, 12, 12, 12,  9,    2034294,    2034294,    2034294,    2034294
31,    2231890,     69.0,     70.0,     70.0,    207.0, 12, 10, 12,  9,    2181175,    2181175,    2181175,    2181175
31,    2341888,     27.0,     27.0,     27.0,     78.0,  9, 10, 11,  9,    2249963,    2249963,    2249963,    2249963
31,    2577928,     72.0,     72.0,     72.0,    233.0, 12, 12, 12, 10,    2181484,    2714503,    2181484,    2714503
31,    3358535,     72.0,     72.0,     72.0,    232.0, 12, 12, 12, 10,    2181484,    2181484,    2181484,    2714503
31,    3358612,     63.0,     63.0,     62.0,    177.0,  4,  5,  6,  6,    3324480,    3324480,    3324480,    3324480
31,    3358605,     65.0,     65.0,     65.0,    184.0,  4,  5,  6,  6,    3324480,    3358605,    3324480,    3358605
31,    2524749,     19.0,     19.0,     19.0,     57.0,  9, 10, 11,  9,    2371885,    2371885,    2371885,    2371885
31,    3514572,     31.0,     32.0,     31.0,     88.0,  4,  5,  6,  4,      41634,      41634,      41634,    3514572
31,    3514577,     29.0,     30.0,     29.0,     83.0,  4,  5,  6,  6,      41634,      41634,      41634,      41634
31,      41634,     27.0,     27.0,     27.0,     76.0,  4,  5,  6,  6,      41634,      41634,      41634,      41634
31,    3379042,     72.0,     72.0,     72.0,    209.0, 12, 12, 12,  9,    2181484,    2181484,    2181484,    2714505
31,    3602109,     27.0,     27.0,     27.0,     78.0,  9, 10, 11,  9,    2839690,    2839690,    2839690,    2839690
32,    2579489,     52.0,     53.0,     51.0,    146.0,  4,  5,  6,  6,     686259,    2579489,      41634,      41634
32,    2579503,     56.0,     57.0,     54.0,    155.0,  4,  5,  6,  6,      41634,     686259,    2579489,    2579489
32,     689554,     26.0,     27.0,     27.0,     80.0, 12, 10, 12,  9,    2776117,    2776117,    2776117,    2776117
32,     689549,     27.0,     28.0,     27.0,     80.0, 12, 10, 12, 10,    2776117,    2776117,    2776117,    2776117
32,     954350,     68.0,     67.0,     67.0,    190.0,  4,  5,  6,  6,     954350,     954350,     954350,     954350
32,    1570656,     26.0,     26.0,     26.0,     78.0,  9, 10, 11,  9,    1673020,    1673020,    1673020,    1673020
32,    1812368,     67.0,     68.0,     67.0,    203.0, 12, 10, 12,  9,    1866140,    1866140,    1866140,    1866140
32,    1812388,     25.0,     25.0,     25.0,     76.0,  9, 10, 11,  9,    1866154,    1866154,    1866154,    1866154
32,    1812393,     70.0,     69.0,     70.0,    207.0, 12, 12, 12, 10,    1866152,    1866162,    1866152,    1866162
32,    1812408,     71.0,     71.0,     71.0,    213.0, 12, 12, 12,  9,    1866152,    1866152,    1866152,    1866169
32,    1812432,     70.0,     71.0,     71.0,    209.0, 12, 12, 12,  9,    1866178,    1866178,    1866178,    1866178
32,    1812442,     71.0,     71.0,     71.0,    209.0, 12, 12, 12, 10,    1866181,    1866181,    1866181,    1866181
32,    1812462,     68.0,     67.0,     67.0,    205.0, 12, 12, 12, 10,    1866186,    1866186,    1866186,    1866186
32,    1812457,     67.0,     68.0,     67.0,    205.0, 12, 12, 12, 11,    1866185,    1866185,    1866185,    1866185
32,    1819188,     68.0,     67.0,     66.0,    205.0, 12, 12, 12, 10,    1874094,    1874094,    1874094,    1874094
32,    1856564,     27.0,     27.0,     27.0,     78.0,  9, 10, 11,  9,    1902084,    1902084,    1902084,    1902084
32,    2578336,     52.0,     51.0,     53.0,    145.0,  4,  5,  6,  5,    1903608,    1903608,    1903608,    1903608
32,    1903608,     39.0,     38.0,     40.0,    109.0,  4,  5,  6,  5,    1903608,    1903608,    1903608,    1903608
32,    1903623,     37.0,     37.0,     38.0,    104.0,  4,  5,  6,  5,    1903623,    1903623,    1903623,    1903623
32,    2578477,     34.0,     33.0,     35.0,     95.0,  4,  5,  6,  5,    1903633,    1903633,    1903633,    1903633
32,    2578485,     33.0,     33.0,     34.0,     94.0,  4,  5,  6,  5,    1903633,    1903633,    1903633,    1903633
32,    2578493,     33.0,     33.0,     34.0,     93.0,  4,  5,  6,  5,    1903633,    1903633,    1903633,    1903633
32,    2034847,     19.0,     20.0,     19.0,     62.0, 12, 12, 12, 11,    2034294,    2034294,    2034294,    2034294
32,    2231890,     70.0,     70.0,     69.0,    207.0, 12, 10, 12, 10,    2181175,    2181175,    2181175,    2181175
32,    2341888,     27.0,     27.0,     27.0,     78.0,  9, 10, 11,  9,    2249963,    2249963,    2249963,    2249963
32,    2577928,     72.0,     73.0,     72.0,    233.0, 12, 12, 12,  9,    2181484,    2181484,    2181484,    2714503
32,    3358535,     72.0,     72.0,     71.0,    233.0, 12, 12, 12,  9,    2181484,    2714503,    2181484,    2714503
32,    3358612,     63.0,     63.0,     62.0,    177.0,  4,  5,  6,  6,    3324480,    3324480,    3324480,    3324480
32,    3358605,     66.0,     66.0,     65.0,    184.0,  4,  5,  6,  6,    3324480,    3324480,    3324480,    3358605
32,    2524749,     19.0,     19.0,     19.0,     57.0,  9, 10, 11,  9,    2371885,    2371885,    2371885,    2371885
32,    3514572,     32.0,     33.0,     31.0,     88.0,  4,  5,  6,  6,      41634,      41634,      41634,      41634
32,    3514577,     30.0,     31.0,     29.0,     83.0,  4,  5,  6,  6,      41634,      41634,      41634,      41634
32,      41634,     27.0,     29.0,     26.0,     76.0,  4,  5,  6,  6,      41634,      41634,      41634,      41634
32,    3379042,     72.0,     73.0,     71.0,    209.0, 12, 12, 12, 11,    2181484,    2181484,    2181484,    2714505
32,    3602109,     27.0,     27.0,     27.0,     78.0,  9, 10, 11,  9,    2839690,    2839690,    2839690,    2839690
33,    2579489,     55.0,     54.0,     51.0,    146.0,  4,  5,  6,  6,     686259,     686259,     686259,    2579489
33,    2579503,     58.0,     57.0,     55.0,    156.0,  4,  5,  6,  6,    2579489,    2579489,      41634,     686259
33,     689554,     26.0,     27.0,     27.0,     80.0, 12, 12, 11,  9,    2776117,    2776117,    2776117,    2776117
33,     689549,     26.0,     28.0,     27.0,     80.0, 12, 10, 12,  9,    2776117,    2776117,    2776117,    2776117
33,     954350,     69.0,     68.0,     68.0,    193.0,  4,  5,  6,  5,     954350,     954350,     954350,     954350
33,    1570656,     26.0,     26.0,     26.0,     78.0,  9, 10, 11,  9,    1673020,    1673020,    1673020,    1673020
33,    1812368,     66.0,     67.0,     68.0,    203.0, 12, 12, 11,  9,    1866140,    1866140,    1866140,    1866140
33,    1812388,     25.0,     25.0,     25.0,     76.0,  9, 10, 11,  9,    1866154,    1866154,    1866154,    1866154
33,    1812393,     70.0,     68.0,     71.0,    207.0, 12, 12, 11, 10,    1866152,    1866152,    1866162,    1866162
33,    1812408,     71.0,     69.0,     72.0,    213.0, 12, 12, 12,  9,    1866152,    1866152,    1866169,    1866169
33,    1812432,     70.0,     72.0,     70.0,    209.0, 12, 12, 12,  9,    1866178,    1866178,    1866178,    1866178
33,    1812442,     71.0,     70.0,     72.0,    209.0, 12, 12, 12, 10,    1866181,    1866181,    1866181,    1866181
33,    1812462,     67.0,     68.0,     67.0,    203.0, 12, 12, 12, 11,    1866186,    1866186,    1866186,    1866186
33,    1812457,     67.0,     68.0,     67.0,    207.0, 12, 12, 12,  9,    1866185,    1866185,    1866185,    1866185
33,    1819188,     67.0,     67.0,     66.0,    205.0, 12, 12, 12, 10,    1874094,    1874094,    1874094,    1874094
33,    1856564,     27.0,     27.0,     27.0,     78.0,  9, 10, 11,  9,    1902084,    1902084,    1902084,    1902084
33,    2578336,     54.0,     53.0,     55.0,    149.0,  4,  5,  6,  5,    1903608,    1903608,    1903608,    1903608
33,    1903608,     40.0,     39.0,     41.0,    111.0,  4,  5,  6,  5,    1903608,    1903608,    1903608,    1903608
33,    1903623,     38.0,     37.0,     39.0,    106.0,  4,  5,  6,  5,    1903623,    1903623,    1903623,    1903623
33,    2578477,     35.0,     34.0,     36.0,     97.0,  4,  5,  6,  5,    1903633,    1903633,    1903633,    1903633
33,    2578485,     35.0,     34.0,     35.0,     96.0,  4,  5,  6,  5,    1903633,    1903633,    1903633,    1903633
33,    2578493,     34.0,     34.0,     35.0,     95.0,  4,  5,  6,  5,    1903633,    1903633,    1903633,    1903633
33,    2034847,     18.0,     21.0,     19.0,     62.0, 12, 12, 12, 11,    2034294,    2034294,    2034294,    2034294
33,    2231890,     70.0,     70.0,     69.0,    207.0, 12, 10, 12, 10,    2181175,    2181175,    2181175,    2181175
33,    2341888,     27.0,     27.0,     27.0,     78.0,  9, 10, 11,  9,    2249963,    2249963,    2249963,    2249963
33,    2577928,     72.0,     72.0,     72.0,    236.0, 12, 12, 12, 10,    2714503,    2181484,    2181484,    2714503
33,    3358535,     72.0,     72.0,     72.0,    236.0, 12, 12, 12, 10,    2714503,    2181484,    2181484,    2714503
33,    3358612,     65.0,     64.0,     64.0,    181.0,  4,  5,  6,  5,    3324480,    3324480,    3324480,    3324480
33,    3358605,     67.0,     66.0,     66.0,    189.0,  4,  5,  6,  5,    3358605,    3358605,    3358605,    3358605
33,    2524749,     19.0,     19.0,     19.0,     57.0,  9, 10, 11,  9,    2371885,    2371885,    2371885,    2371885
33,    3514572,     34.0,     33.0,     31.0,     88.0,  4,  5,  6,  6,      41634,    3514572,      41634,    3514572
33,    3514577,     32.0,     32.0,     29.0,     84.0,  4,  5,  6,  6,      41634,      41634,      41634,      41634
33,      41634,     29.0,     29.0,     27.0,     77.0,  4,  5,  6,  6,      41634,      41634,      41634,      41634
33,    3379042,     72.0,     72.0,     72.0,    209.0, 12, 12, 12, 11,    2181484,    2181484,    2181484,    2714505
33,    3602109,     27.0,     27.0,     27.0,     78.0,  9, 10, 11,  9,    2839690,    2839690,    2839690,    2839690
34,    2579489,     55.0,     54.0,     51.0,    146.0,  4,  5,  6,  6,    2579489,    2579489,      41634,      41634
34,    2579503,     58.0,     57.0,     54.0,    155.0,  4,  5,  6,  6,    2579503,    2579503,    2579503,    2579489
34,     689554,     27.0,     27.0,     26.0,     80.0, 12, 12, 12, 11,    2776117,    2776117,    2776117,    2776117
34,     689549,     27.0,     28.0,     26.0,     81.0, 12, 10, 12, 11,    2776117,    2776117,    2776117,    2776117
34,     954350,     68.0,     68.0,     68.0,    192.0,  4,  5,  6,  5,     954350,     954350,     954350,     954350
34,    1570656,     26.0,     26.0,     26.0,     78.0,  9, 10, 11,  9,    1673020,    1673020,    1673020,    1673020
34,    1812368,     67.0,     68.0,     68.0,    203.0, 12, 10, 11,  9,    1866140,    1866140,    1866140,    1866140
34,    1812388,     25.0,     25.0,     25.0,     76.0,  9, 10, 11,  9,    1866154,    1866154,    1866154,    1866154
34,    1812393,     69.0,     68.0,     71.0,    207.0, 12, 12, 11,  9,    1866152,    1866152,    1866162,    1866162
34,    1812408,     71.0,     69.0,     72.0,    211.0, 12, 12, 12,  9,    1866152,    1866152,    1866169,    1866169
34,    1812432,     70.0,     71.0,     70.0,    208.0, 12, 12, 12, 11,    1866178,    1866178,    1866178,    1866178
34,    1812442,     71.0,     70.0,     71.0,    211.0, 12, 12, 12, 10,    1866181,    1866181,    1866181,    1866181
34,    1812462,     68.0,     67.0,     67.0,    205.0, 12, 12, 12, 10,    1866186,    1866186,    1866186,    1866186
34,    1812457,     67.0,     68.0,     66.0,    206.0, 12, 12, 12, 11,    1866185,    1866185,    1866185,    1866185
34,    1819188,     67.0,     66.0,     67.0,    205.0, 12, 12, 12, 10,    1874094,    1874094,    1874094,    1874094
34,    1856564,     27.0,     27.0,     27.0,     78.0,  9, 10, 11,  9,    1902084,    1902084,    1902084,    1902084
34,    2578336,     55.0,     52.0,     56.0,    148.0,  4,  5,  6,  5,    1903608,    1903608,    1903608,    1903608
34,    1903608,     41.0,     39.0,     42.0,    110.0,  4,  5,  6,  5,    1903608,    1903608,    1903608,    1903608
34,    1903623,     39.0,     37.0,     40.0,    105.0,  4,  5,  6,  5,    1903623,    1903623,    1903623,    1903623
34,    2578477,     36.0,     34.0,     36.0,     96.0,  4,  5,  6,  5,    1903633,    1903633,    1903633,    1903633
34,    2578485,     36.0,     33.0,     36.0,     95.0,  4,  5,  6,  5,    1903633,    1903633,    1903633,    1903633
34,    2578493,     35.0,     33.0,     36.0,     94.0,  4,  5,  6,  5,    1903633,    1903633,    1903633,    1903633
34,    2034847,     19.0,     20.0,     18.0,     64.0, 12, 12, 12, 11,    2034294,    2034294,    2034294,    2034294
34,    2231890,     70.0,     69.0,     70.0,    207.0, 12, 12, 12, 10,    2181175,    2181175,    2181175,    2181175
34,    2341888,     27.0,     27.0,     27.0,     78.0,  9, 10, 11,  9,    2249963,    2249963,    2249963,    2249963
34,    2577928,     72.0,     72.0,     72.0,    235.0, 12, 12, 12,  9,    2181484,    2714503,    2181484,    2714503
34,    3358535,     72.0,     72.0,     72.0,    234.0, 12, 12, 12, 10,    2181484,    2181484,    2181484,    2714503
34,    3358612,     64.0,     64.0,     63.0,    180.0,  4,  5,  6,  6,    3324480,    3324480,    3324480,    3324480
34,    3358605,     66.0,     66.0,     66.0,    188.0,  4,  5,  6,  4,    3358605,    3324480,    3324480,    3358605
34,    2524749,     19.0,     19.0,     19.0,     57.0,  9, 10, 11,  9,    2371885,    2371885,    2371885,    2371885
34,    3514572,     33.0,     33.0,     31.0,     88.0,  4,  5,  6,  6,    3514572,    3514572,      41634,    3514572
34,    3514577,     32.0,     32.0,     29.0,     83.0,  4,  5,  6,  6,      41634,      41634,      41634,      41634
34,      41634,     29.0,     29.0,     27.0,     76.0,  4,  5,  6,  6,      41634,      41634,      41634,      41634
34,    3379042,     71.0,     72.0,     72.0,    209.0, 12, 12, 12,  9,    2714504,    2181484,    2181484,    2714505
34,    3602109,     27.0,     27.0,     27.0,     78.0,  9, 10, 11,  9,    2839690,    2839690,    2839690,    2839690
35,    2579489,     55.0,     54.0,     51.0,    146.0,  4,  5,  6,  6,    2579489,    2579489,      41634,      41634
35,    2579503,     59.0,     58.0,     54.0,    155.0,  4,  5,  6,  6,    2579489,    2232461,    2579489,    2579489
35,     689554,     27.0,     28.0,     25.0,     80.0, 12, 12, 12, 11,    2776117,    2776117,    2776117,    2776117
35,     689549,     27.0,     28.0,     25.0,     80.0, 12, 12, 12, 11,    2776117,    2776117,    2776117,    2776117
35,     954350,     68.0,     68.0,     68.0,    192.0,  4,  5,  6,  4,     954350,     954350,     954350,     954350
35,    1570656,     26.0,     26.0,     26.0,     78.0,  9, 10, 11,  9,    1673020,    1673020,    1673020,    1673020
35,    1812368,     67.0,     67.0,     67.0,    203.0, 12, 12, 12,  9,    1866140,    1866140,    1866140,    1866140
35,    1812388,     25.0,     25.0,     25.0,     76.0,  9, 10, 11,  9,    1866154,    1866154,    1866154,    1866154
35,    1812393,     70.0,     69.0,     70.0,    207.0, 12, 12, 12, 10,    1866152,    1866152,    1866152,    1866162
35,    1812408,     71.0,     70.0,     72.0,    211.0, 12, 12, 12, 10,    1866152,    1866152,    1866152,    1866169
35,    1812432,     71.0,     70.0,     70.0,    208.0, 12, 12, 12, 10,    1866178,    1866178,    1866178,    1866178
35,    1812442,     71.0,     71.0,     71.0,    211.0, 12, 12, 12, 10,    1866181,    1866181,    1866181,    1866181
35,    1812462,     68.0,     67.0,     68.0,    205.0,  9, 12, 12,  9,    1866186,    1866186,    1866186,    1866186
35,    1812457,     66.0,     68.0,     67.0,    207.0, 12, 12, 12,  9,    1866185,    1866185,    1866185,    1866185
35,    1819188,     69.0,     66.0,     66.0,    204.0, 12, 12, 12, 10,    1874094,    1874094,    1874094,    1874094
35,    1856564,     27.0,     27.0,     27.0,     78.0,  9, 10, 11,  9,    1902084,    1902084,    1902084,    1902084
35,    2578336,     53.0,     53.0,     54.0,    151.0,  4,  5,  6,  4,    1903608,    1903608,    1903608,    1903608
35,    1903608,     40.0,     40.0,     41.0,    113.0,  4,  5,  6,  4,    1903608,    1903608,    1903608,    1903608
35,    1903623,     38.0,     38.0,     39.0,    107.0,  4,  5,  6,  4,    1903623,    1903623,    1903623,    1903623
35,    2578477,     35.0,     35.0,     35.0,     98.0,  4,  5,  6,  4,    1903633,    1903633,    1903633,    1903633
35,    2578485,     34.0,     34.0,     35.0,     97.0,  4,  5,  6,  4,    1903633,    1903633,    1903633,    1903633
35,    2578493,     34.0,     34.0,     35.0,     96.0,  4,  5,  6,  4,    1903633,    1903633,    1903633,    1903633
35,    2034847,     19.0,     19.0,     19.0,     64.0, 12, 12, 12,  9,    2034294,    2034294,    2034294,    2034294
35,    2231890,     70.0,     69.0,     70.0,    206.0, 12, 12, 12, 10,    2181175,    2181175,    2181175,    2181175
35,    2341888,     27.0,     27.0,     27.0,     78.0,  9, 10, 11,  9,    2249963,    2249963,    2249963,    2249963
35,    2577928,     72.0,     72.0,     73.0,    234.0, 12, 12, 12,  9,    2181484,    2181484,    2181484,    2714503
35,    3358535,     72.0,     72.0,     72.0,    234.0, 12, 12, 12,  9,    2181484,    2181484,    2714504,    2714503
35,    3358612,     63.0,     63.0,     63.0,    180.0,  4,  5,  6,  4,    3324480,    3324480,    3324480,    3324480
35,    3358605,     66.0,     66.0,     66.0,    187.0,  4,  5,  6,  4,    3324480,    3324480,    3324480,    3358605
35,    2524749,     19.0,     19.0,     19.0,     57.0,  9, 10, 11,  9,    2371885,    2371885,    2371885,    2371885
35,    3514572,     34.0,     33.0,     31.0,     88.0,  4,  5,  6,  6,      41634,    3514572,      41634,    2578453
35,    3514577,     32.0,     32.0,     29.0,     83.0,  4,  5,  6,  6,      41634,      41634,      41634,      41634
35,      41634,     29.0,     29.0,     26.0,     76.0,  4,  5,  6,  6,      41634,      41634,      41634,      41634
35,    3379042,     72.0,     72.0,     72.0,    209.0, 12, 12, 12,  9,    2181484,    2181484,    2181484,    2714505
35,    3602109,     26.0,     27.0,     27.0,     78.0,  9, 10, 11,  9,    2839690,    2839690,    2839690,    2839690
36,    2579489,     53.0,     52.0,     51.0,    146.0,  4,  5,  6,  6,     686259,     686259,      41634,    2579489
36,    2579503,     56.0,     55.0,     55.0,    156.0,  4,  5,  6,  6,     686259,    2579489,      41634,      41634
36,     689554,     26.0,     27.0,     27.0,     80.0, 12, 10, 12,  9,    2776117,    2776117,    2776117,    2776117
36,     689549,     27.0,     27.0,     27.0,     81.0, 12, 12, 12,  9,    2776117,    2776117,    2776117,    2776117
36,     954350,     68.0,     68.0,     68.0,    192.0,  4,  5,  6,  5,     954350,     954350,     954350,     954350
36,    1570656,     26.0,     26.0,     26.0,     78.0,  9, 10, 11,  9,    1673020,    1673020,    1673020,    1673020
36,    1812368,     67.0,     67.0,     68.0,    203.0, 12, 12, 11,  9,    1866140,    1866140,    1866140,    1866140
36,    1812388,     25.0,     25.0,     25.0,     76.0,  9, 10, 11,  9,    1866154,    1866154,    1866154,    1866154
36,    1812393,     70.0,     70.0,     70.0,    207.0, 12, 12, 12,  9,    1866152,    1866152,    1866152,    1866162
36,    1812408,     71.0,     71.0,     71.0,    212.0, 12, 12, 12, 11,    1866152,    1866152,    1866152,    1866169
36,    1812432,     70.0,     71.0,     70.0,    209.0, 12, 12, 12,  9,    1866178,    1866178,    1866178,    1866178
36,    1812442,     71.0,     71.0,     70.0,    210.0, 12, 12, 12, 10,    1866181,    1866181,    1866181,    1866181
36,    1812462,     67.0,     68.0,     67.0,    205.0, 12, 12, 12,  9,    1866186,    1866186,    1866186,    1866186
36,    1812457,     66.0,     69.0,     67.0,    207.0, 12, 12, 12,  9,    1866185,    1866185,    1866185,    1866185
36,    1819188,     68.0,     67.0,     66.0,    206.0, 12, 12, 12, 11,    1874094,    1874094,    1874094,    1874094
36,    1856564,     27.0,     27.0,     27.0,     78.0,  9, 10, 11,  9,    1902084,    1902084,    1902084,    1902084
36,    2578336,     55.0,     52.0,     53.0,    147.0,  4,  5,  6,  5,    1903608,    1903608,    1903608,    1903608
36,    1903608,     41.0,     39.0,     40.0,    110.0,  4,  5,  6,  5,    1903608,    1903608,    1903608,    1903608
36,    1903623,     39.0,     37.0,     38.0,    105.0,  4,  5,  6,  5,    1903623,    1903623,    1903623,    1903623
36,    2578477,     36.0,     34.0,     35.0,     96.0,  4,  5,  6,  5,    1903633,    1903633,    1903633,    1903633
36,    2578485,     35.0,     33.0,     34.0,     95.0,  4,  5,  6,  5,    1903633,    1903633,    1903633,    1903633
36,    2578493,     35.0,     33.0,     34.0,     94.0,  4,  5,  6,  5,    1903633,    1903633,    1903633,    1903633
36,    2034847,     20.0,     19.0,     18.0,     64.0, 12, 12, 12, 11,    2034294,    2034294,    2034294,    2034294
36,    2231890,     69.0,     69.0,     70.0,    207.0, 12, 12, 12,  9,    2181175,    2181175,    2181175,    2181175
36,    2341888,     27.0,     27.0,     27.0,     78.0,  9, 10, 11,  9,    2249963,    2249963,    2249963,    2249963
36,    2577928,     71.0,     72.0,     73.0,    234.0, 12, 12, 12,  9,    2714503,    2181484,    2181484,    2714503
36,    3358535,     71.0,     72.0,     72.0,    233.0, 12, 12, 12,  9,    2714503,    2181484,    2181484,    2714503
36,    3358612,     64.0,     64.0,     63.0,    180.0,  4,  5,  6,  6,    3324480,    3324480,    3324480,    3324480
36,    3358605,     66.0,     66.0,     66.0,    188.0,  4,  5,  6,  4,    3324480,    3358605,    3324480,    3358605
36,    2524749,     19.0,     19.0,     19.0,     57.0,  9, 10, 11,  9,    2371885,    2371885,    2371885,    2371885
36,    3514572,     32.0,     32.0,     31.0,     88.0,  4,  5,  6,  6,      41634,      41634,      41634,    3514572
36,    3514577,     30.0,     30.0,     29.0,     84.0,  4,  5,  6,  6,      41634,      41634,      41634,      41634
36,      41634,     28.0,     27.0,     27.0,     76.0,  4,  5,  6,  6,      41634,      41634,      41634,      41634
36,    3379042,     71.0,     72.0,     72.0,    209.0, 12, 12, 12,  9,    2714504,    2181484,    2181484,    2714505
36,    3602109,     27.0,     27.0,     27.0,     78.0,  9, 10, 11,  9,    2839690,    2839690,    2839690,    2839690
37,    2579489,     53.0,     52.0,     50.0,    144.0,  4,  5,  6,  6,    2579489,     686259,    2579489,      41634
37,    2579503,     57.0,     55.0,     54.0,    153.0,  4,  5,  6,  6,     686259,    2579489,      41634,    2579489
37,     689554,     27.0,     27.0,     26.0,     80.0, 12, 12, 12, 11,    2776117,    2776117,    2776117,    2776117
37,     689549,     27.0,     28.0,     27.0,     80.0, 12, 10, 12, 11,    2776117,    2776117,    2776117,    2776117
37,     954350,     71.0,     69.0,     68.0,    193.0,  4,  5,  6,  6,     954350,     954350,     954350,     954350
37,    1570656,     26.0,     26.0,     26.0,     77.0,  9, 10, 11,  9,    1673020,    1673020,    1673020,    1673020
37,    1812368,     68.0,     67.0,     67.0,    203.0,  9, 12, 12, 10,    1866140,    1866140,    1866140,    1866140
37,    1812388,     25.0,     25.0,     25.0,     76.0,  9, 10, 11,  9,    1866154,    1866154,    1866154,    1866154
37,    1812393,     70.0,     70.0,     70.0,    206.0, 12, 12, 12, 11,    1866152,    1866152,    1866152,    1866162
37,    1812408,     71.0,     71.0,     71.0,    210.0, 12, 12, 12,  9,    1866152,    1866152,    1866152,    1866169
37,    1812432,     70.0,     71.0,     70.0,    208.0, 12, 12, 12, 11,    1866178,    1866178,    1866178,    1866178
37,    1812442,     71.0,     71.0,     71.0,    210.0, 12, 12, 12, 10,    1866181,    1866181,    1866181,    1866181
37,    1812462,     67.0,     68.0,     67.0,    204.0, 12, 12, 12,  9,    1866186,    1866186,    1866186,    1866186
37,    1812457,     68.0,     67.0,     67.0,    207.0, 12, 12, 12, 11,    1866185,    1866185,    1866185,    1866185
37,    1819188,     68.0,     67.0,     66.0,    204.0, 12, 12, 12, 11,    1874094,    1874094,    1874094,    1874094
37,    1856564,     27.0,     27.0,     27.0,     78.0,  9, 10, 11,  9,    1902084,    1902084,    1902084,    1902084
37,    2578336,     52.0,     50.0,     53.0,    142.0,  4,  5,  6,  5,    1903608,    1903608,    1903608,    1903608
37,    1903608,     39.0,     37.0,     39.0,    106.0,  4,  5,  6,  5,    1903608,    1903608,    1903608,    1903608
37,    1903623,     37.0,     36.0,     37.0,    101.0,  4,  5,  6,  5,    1903623,    1903623,    1903623,    1903623
37,    2578477,     34.0,     33.0,     34.0,     93.0,  4,  5,  6,  5,    1903633,    1903633,    1903633,    1903633
37,    2578485,     33.0,     32.0,     34.0,     92.0,  4,  5,  6,  5,    1903633,    1903633,    1903633,    1903633
37,    2578493,     33.0,     32.0,     33.0,     91.0,  4,  5,  6,  5,    1903633,    1903633,    1903633,    1903633
37,    2034847,     20.0,     19.0,     18.0,     63.0, 12, 12, 12, 11,    2034294,    2034294,    2034294,    2034294
37,    2231890,     69.0,     70.0,     70.0,    207.0, 12, 10, 12,  9,    2181175,    2181175,    2181175,    2181175
37,    2341888,     27.0,     27.0,     27.0,     78.0,  9, 10, 11,  9,    2249963,    2249963,    2249963,    2249963
37,    2577928,     72.0,     71.0,     71.0,    238.0, 12, 12, 12,  9,    2714503,    2181484,    2181484,    2714503
37,    3358535,     71.0,     71.0,     70.0,    237.0, 12, 12, 12, 11,    2714503,    2181484,    2181484,    2714503
37,    3358612,     66.0,     65.0,     64.0,    181.0,  4,  5,  6,  6,    3324480,    3324480,    3324480,    3324480
37,    3358605,     69.0,     67.0,     66.0,    189.0,  4,  5,  6,  6,    3324480,    3358605,    3358605,    3324480
37,    2524749,     19.0,     19.0,     19.0,     57.0,  9, 10, 11,  9,    2371885,    2371885,    2371885,    2371885
37,    3514572,     32.0,     32.0,     30.0,     86.0,  4,  5,  6,  6,    3514572,      41634,      41634,    3514572
37,    3514577,     31.0,     30.0,     29.0,     82.0,  4,  5,  6,  6,      41634,      41634,      41634,      41634
37,      41634,     28.0,     27.0,     26.0,     75.0,  4,  5,  6,  6,      41634,      41634,      41634,      41634
37,    3379042,     71.0,     71.0,     70.0,    208.0, 12, 12, 12,  9,    2714504,    2181484,    2181484,    2714505
37,    3602109,     27.0,     27.0,     27.0,     78.0,  9, 10, 11,  9,    2839690,    2839690,    2839690,    2839690
38,    2579489,     53.0,     52.0,     51.0,    145.0,  4,  5,  6,  6,    2579489,     686259,      41634,      41634
38,    2579503,     56.0,     55.0,     54.0,    154.0,  4,  5,  6,  6,    2579503,     686259,      41634,    2579489
38,     689554,     28.0,     27.0,     26.0,     80.0, 12, 12, 12, 11,    2776117,    2776117,    2776117,    2776117
38,     689549,     28.0,     27.0,     26.0,     80.0, 12, 12, 12, 11,    2776117,    2776117,    2776117,    2776117
38,     954350,     69.0,     68.0,     67.0,    192.0,  4,  5,  6,  5,     954350,     954350,     954350,     954350
38,    1570656,     26.0,     26.0,     26.0,     78.0,  9, 10, 11,  9,    1673020,    1673020,    1673020,    1673020
38,    1812368,     68.0,     68.0,     67.0,    203.0,  9, 10, 12, 11,    1866140,    1866140,    1866140,    1866140
38,    1812388,     25.0,     25.0,     25.0,     76.0,  9, 10, 11,  9,    1866154,    1866154,    1866154,    1866154
38,    1812393,     70.0,     69.0,     70.0,    207.0, 12, 12, 12,  9,    1866152,    1866152,    1866162,    1866162
38,    1812408,     71.0,     70.0,     72.0,    210.0, 12, 12, 12, 10,    1866152,    1866152,    1866152,    1866169
38,    1812432,     70.0,     72.0,     70.0,    208.0, 12, 10, 12, 11,    1866178,    1866178,    1866178,    1866178
38,    1812442,     70.0,     71.0,     71.0,    210.0, 12, 12, 12,  9,    1866181,    1866181,    1866181,    1866181
38,    1812462,     67.0,     67.0,     68.0,    204.0, 12, 12, 12,  9,    1866186,    1866186,    1866186,    1866186
38,    1812457,     67.0,     67.0,     67.0,    205.0, 12, 12, 12, 11,    1866185,    1866185,    1866185,    1866185
38,    1819188,     68.0,     67.0,     66.0,    205.0, 12, 12, 12, 10,    1874094,    1874094,    1874094,    1874094
38,    1856564,     27.0,     27.0,     27.0,     78.0,  9, 10, 11,  9,    1902084,    1902084,    1902084,    1902084
38,    2578336,     52.0,     50.0,     53.0,    142.0,  4,  5,  6,  5,    1903608,    1903608,    1903608,    1903608
38,    1903608,     39.0,     37.0,     39.0,    106.0,  4,  5,  6,  5,    1903608,    1903608,    1903608,    1903608
38,    1903623,     37.0,     35.0,     37.0,    101.0,  4,  5,  6,  5,    1903623,    1903623,    1903623,    1903623
38,    2578477,     34.0,     32.0,     34.0,     92.0,  4,  5,  6,  5,    1903633,    1903633,    1903633,    1903633
38,    2578485,     33.0,     32.0,     34.0,     91.0,  4,  5,  6,  5,    1903633,    1903633,    1903633,    1903633
38,    2578493,     33.0,     32.0,     33.0,     90.0,  4,  5,  6,  5,    1903633,    1903633,    1903633,    1903633
38,    2034847,     19.0,     20.0,     19.0,     62.0, 12, 12, 12,  9,    2034294,    2034294,    2034294,    2034294
38,    2231890,     70.0,     69.0,     70.0,    207.0, 12, 12, 12, 10,    2181175,    2181175,    2181175,    2181175
38,    2341888,     27.0,     27.0,     27.0,     78.0,  9, 10, 11,  9,    2249963,    2249963,    2249963,    2249963
38,    2577928,     72.0,     72.0,     71.0,    237.0, 12, 12, 12, 11,    2714503,    2181484,    2181484,    2714503
38,    3358535,     72.0,     72.0,     71.0,    237.0, 12, 12, 12,  9,    2714503,    2181484,    2181484,    2714503
38,    3358612,     65.0,     64.0,     63.0,    180.0,  4,  5,  6,  6,    3324480,    3324480,    3324480,    3324480
38,    3358605,     67.0,     66.0,     66.0,    188.0,  4,  5,  6,  6,    3358605,    3358605,    3324480,    3358605
38,    2524749,     19.0,     19.0,     19.0,     57.0,  9, 10, 11,  9,    2371885,    2371885,    2371885,    2371885
38,    3514572,     32.0,     31.0,     30.0,     87.0,  4,  5,  6,  6,      41634,    3514572,    3514572,    3514572
38,    3514577,     30.0,     30.0,     29.0,     83.0,  4,  5,  6,  6,      41634,      41634,      41634,      41634
38,      41634,     28.0,     27.0,     26.0,     76.0,  4,  5,  6,  6,      41634,      41634,      41634,      41634
38,    3379042,     72.0,     72.0,     71.0,    209.0, 12, 12, 12,  9,    2714504,    2181484,    2181484,    2714505
38,    3602109,     27.0,     27.0,     27.0,     78.0,  9, 10, 11,  9,    2839690,    2839690,    2839690,    2839690
39,    2579489,     52.0,     52.0,     50.0,    143.0,  4,  5,  6,  6,      41634,     686259,      41634,    2579489
39,    2579503,     55.0,     55.0,     54.0,    153.0,  4,  5,  6,  6,     686259,    2579489,      41634,      41634
39,     689554,     26.0,     27.0,     27.0,     80.0, 12, 12, 11,  9,    2776117,    2776117,    2776117,    2776117
39,     689549,     27.0,     28.0,     27.0,     80.0, 12, 10, 12, 11,    2776117,    2776117,    2776117,    2776117
39,     954350,     67.0,     67.0,     67.0,    190.0,  4,  5,  6,  6,     954350,     954350,     954350,     954350
39,    1570656,     26.0,     26.0,     26.0,     78.0,  9, 10, 11,  9,    1673020,    1673020,    1673020,    1673020
39,    1812368,     67.0,     67.0,     67.0,    203.0, 12, 12, 12, 11,    1866140,    1866140,    1866140,    1866140
39,    1812388,     25.0,     25.0,     25.0,     76.0,  9, 10, 11,  9,    1866154,    1866154,    1866154,    1866154
39,    1812393,     70.0,     69.0,     70.0,    207.0, 12, 12, 11,  9,    1866152,    1866152,    1866162,    1866162
39,    1812408,     71.0,     70.0,     72.0,    210.0, 12, 12, 12, 10,    1866152,    1866152,    1866152,    1866169
39,    1812432,     71.0,     71.0,     70.0,    209.0,  9, 10, 12,  9,    1866178,    1866178,    1866178,    1866178
39,    1812442,     71.0,     71.0,     72.0,    209.0, 12, 12, 12, 10,    1866181,    1866181,    1866181,    1866181
39,    1812462,     68.0,     67.0,     67.0,    204.0,  9, 12, 12,  9,    1866186,    1866186,    1866186,    1866186
39,    1812457,     67.0,     67.0,     67.0,    206.0, 12, 12, 12, 11,    1866185,    1866185,    1866185,    1866185
39,    1819188,     67.0,     67.0,     66.0,    205.0, 12, 12, 12, 11,    1874094,    1874094,    1874094,    1874094
39,    1856564,     27.0,     27.0,     27.0,     78.0,  9, 10, 11,  9,    1902084,    1902084,    1902084,    1902084
39,    2578336,     51.0,     50.0,     51.0,    142.0,  4,  5,  6,  5,    1903608,    1903608,    1903608,    1903608
39,    1903608,     38.0,     37.0,     38.0,    106.0,  4,  5,  6,  5,    1903608,    1903608,    1903608,    1903608
39,    1903623,     36.0,     35.0,     36.0,    101.0,  4,  5,  6,  5,    1903623,    1903623,    1903623,    1903623
39,    2578477,     33.0,     32.0,     33.0,     92.0,  4,  5,  6,  5,    1903633,    1903633,    1903633,    1903633
39,    2578485,     33.0,     32.0,     32.0,     91.0,  4,  5,  6,  5,    1903633,    1903633,    1903633,    1903633
39,    2578493,     32.0,     32.0,     32.0,     90.0,  4,  5,  6,  5,    1903633,    1903633,    1903633,    1903633
39,    2034847,     19.0,     20.0,     19.0,     62.0, 12, 12, 12,  9,    2034294,    2034294,    2034294,    2034294
39,    2231890,     70.0,     70.0,     70.0,    207.0,  9, 10, 12,  9,    2181175,    2181175,    2181175,    2181175
39,    2341888,     27.0,     27.0,     27.0,     78.0,  9, 10, 11,  9,    2249963,    2249963,    2249963,    2249963
39,    2577928,     72.0,     72.0,     72.0,    234.0, 12, 12, 12, 10,    2181484,    2714503,    2181484,    2714503
39,    3358535,     72.0,     72.0,     72.0,    234.0, 12, 12, 12,  9,    2181484,    2714503,    2181484,    2714503
39,    3358612,     63.0,     63.0,     62.0,    178.0,  4,  5,  6,  6,    3324480,    3324480,    3324480,    3324480
39,    3358605,     65.0,     66.0,     65.0,    185.0,  4,  5,  6,  6,    3358605,    3324480,    3324480,    3358605
39,    2524749,     19.0,     19.0,     19.0,     57.0,  9, 10, 11,  9,    2371885,    2371885,    2371885,    2371885
39,    3514572,     31.0,     32.0,     30.0,     86.0,  4,  5,  6,  6,      41634,      41634,      41634,    3514572
39,    3514577,     30.0,     30.0,     28.0,     82.0,  4,  5,  6,  6,      41634,      41634,      41634,      41634
39,      41634,     27.0,     27.0,     26.0,     75.0,  4,  5,  6,  6,      41634,      41634,      41634,      41634
39,    3379042,     72.0,     72.0,     72.0,    209.0, 12, 12, 12,  9,    2181484,    2714504,    2181484,    2714505
39,    3602109,     27.0,     27.0,     27.0,     78.0,  9, 10, 11,  9,    2839690,    2839690,    2839690,    2839690
40,    2579489,     52.0,     52.0,     50.0,    143.0,  4,  5,  6,  6,     686259,     686259,      41634,    2579489
40,    2579503,     55.0,     55.0,     53.0,    153.0,  4,  5,  6,  6,    2579489,    2579489,    2579503,      41634
40,     689554,     27.0,     28.0,     26.0,     80.0, 12, 10, 12, 11,    2776117,    2776117,    2776117,    2776117
40,     689549,     27.0,     28.0,     27.0,     80.0, 12, 10, 12, 11,    2776117,    2776117,    2776117,    2776117
40,     954350,     67.0,     67.0,     66.0,    189.0,  4,  5,  6,  6,     954350,     954350,     954350,     954350
40,    1570656,     26.0,     26.0,     26.0,     78.0,  9, 10, 11,  9,    1673020,    1673020,    1673020,    1673020
40,    1812368,     67.0,     68.0,     67.0,    203.0, 12, 10, 12,  9,    1866140,    1866140,    1866140,    1866140
40,    1812388,     25.0,     25.0,     25.0,     76.0,  9, 10, 11,  9,    1866154,    1866154,    1866154,    1866154
40,    1812393,     71.0,     70.0,     69.0,    207.0, 12, 12, 12, 10,    1866152,    1866152,    1866162,    1866162
40,    1812408,     71.0,     71.0,     71.0,    211.0, 12, 12, 12,  9,    1866169,    1866152,    1866152,    1866169
40,    1812432,     71.0,     71.0,     70.0,    209.0,  9, 10, 12,  9,    1866178,    1866178,    1866178,    1866178
40,    1812442,     70.0,     71.0,     72.0,    209.0, 12, 12, 12, 10,    1866181,    1866181,    1866181,    1866181
40,    1812462,     67.0,     67.0,     67.0,    204.0, 12, 12, 12,  9,    1866186,    1866186,    1866186,    1866186
40,    1812457,     67.0,     67.0,     67.0,    206.0, 12, 12, 12, 11,    1866185,    1866185,    1866185,    1866185
40,    1819188,     68.0,     67.0,     66.0,    204.0, 12, 12, 12, 11,    1874094,    1874094,    1874094,    1874094
40,    1856564,     27.0,     27.0,     27.0,     78.0,  9, 10, 11,  9,    1902084,    1902084,    1902084,    1902084
40,    2578336,     51.0,     51.0,     50.0,    143.0,  4,  5,  6,  4,    1903608,    1903608,    1903608,    1903608
40,    1903608,     38.0,     38.0,     37.0,    107.0,  4,  5,  6,  4,    1903608,    1903608,    1903608,    1903608
40,    1903623,     36.0,     36.0,     36.0,    102.0,  4,  5,  6,  4,    1903623,    1903623,    1903623,    1903623
40,    2578477,     33.0,     33.0,     33.0,     93.0,  4,  5,  6,  4,    1903633,    1903633,    1903633,    1903633
40,    2578485,     32.0,     32.0,     32.0,     92.0,  4,  5,  6,  4,    1903633,    1903633,    1903633,    1903633
40,    2578493,     32.0,     32.0,     32.0,     91.0,  4,  5,  6,  6,    1903633,    1903633,    1903633,    1903633
40,    2034847,     19.0,     19.0,     19.0,     62.0, 12, 12, 12,  9,    2034294,    2034294,    2034294,    2034294
40,    2231890,     69.0,     69.0,     70.0,    207.0, 12, 12, 12,  9,    2181175,    2181175,    2181175,    2181175
40,    2341888,     27.0,     27.0,     27.0,     78.0,  9, 10, 11,  9,    2249963,    2249963,    2249963,    2249963
40,    2577928,     72.0,     73.0,     72.0,    233.0, 12, 12, 12,  9,    2181484,    2714503,    2181484,    2714503
40,    3358535,     72.0,     73.0,     72.0,    233.0, 12, 12, 12,  9,    2181484,    2181484,    2181484,    2714503
40,    3358612,     62.0,     63.0,     62.0,    176.0,  4,  5,  6,  6,    3324480,    3324480,    3324480,    3324480
40,    3358605,     65.0,     65.0,     64.0,    183.0,  4,  5,  6,  6,    3324480,    3358605,    3324480,    3358605
40,    2524749,     19.0,     19.0,     19.0,     57.0,  9, 10, 11,  9,    2371885,    2371885,    2371885,    2371885
40,    3514572,     31.0,     31.0,     30.0,     86.0,  4,  5,  6,  6,    3514572,    3514572,      41634,    3514572
40,    3514577,     30.0,     30.0,     28.0,     82.0,  4,  5,  6,  6,      41634,      41634,      41634,      41634
40,      41634,     27.0,     27.0,     26.0,     75.0,  4,  5,  6,  6,      41634,      41634,      41634,      41634
40,    3379042,     71.0,     72.0,     71.0,    209.0, 12, 12, 12, 10,    2181484,    2714505,    2181484,    2714505
40,    3602109,     27.0,     27.0,     27.0,     78.0,  9, 10, 11,  9,    2839690,    2839690,    2839690,    2839690
41,    2579489,     52.0,     52.0,     50.0,    144.0,  4,  5,  6,  6,    2579489,     686259,      41634,      41634
41,    2579503,     56.0,     55.0,     54.0,    153.0,  4,  5,  6,  6,      41634,     686259,      41634,    2579489
41,     689554,     27.0,     27.0,     26.0,     80.0, 12, 10, 12, 10,    2776117,    2776117,    2776117,    2776117
41,     689549,     27.0,     27.0,     27.0,     80.0, 12, 12, 12, 10,    2776117,    2776117,    2776117,    2776117
41,     954350,     67.0,     67.0,     67.0,    191.0,  4,  5,  6,  4,     954350,     954350,     954350,     954350
41,    1570656,     26.0,     26.0,     26.0,     78.0,  9, 10, 11,  9,    1673020,    1673020,    1673020,    1673020
41,    1812368,     67.0,     67.0,     67.0,    203.0, 12, 12, 12,  9,    1866140,    1866140,    1866140,    1866140
41,    1812388,     25.0,     25.0,     25.0,     76.0,  9, 10, 11,  9,    1866154,    1866154,    1866154,    1866154
41,    1812393,     70.0,     69.0,     69.0,    207.0, 12, 12, 12, 10,    1866152,    1866152,    1866162,    1866162
41,    1812408,     70.0,     70.0,     71.0,    211.0, 12, 12, 12,  9,    1866169,    1866152,    1866152,    1866169
41,    1812432,     71.0,     71.0,     70.0,    209.0, 12, 10, 12, 10,    1866178,    1866178,    1866178,    1866178
41,    1812442,     71.0,     71.0,     72.0,    208.0, 12, 10, 11, 10,    1866181,    1866181,    1866181,    1866181
41,    1812462,     68.0,     67.0,     67.0,    204.0,  9, 12, 12,  9,    1866186,    1866186,    1866186,    1866186
41,    1812457,     67.0,     67.0,     68.0,    207.0, 12, 12, 12, 10,    1866185,    1866185,    1866185,    1866185
41,    1819188,     67.0,     68.0,     66.0,    205.0, 12, 12, 12, 11,    1874094,    1874094,    1874094,    1874094
41,    1856564,     27.0,     27.0,     27.0,     78.0,  9, 10, 11,  9,    1902084,    1902084,    1902084,    1902084
41,    2578336,     51.0,     51.0,     51.0,    144.0,  4,  5,  6,  6,    1903608,    1903608,    1903608,    1903608
41,    1903608,     38.0,     38.0,     38.0,    108.0,  4,  5,  6,  4,    1903608,    1903608,    1903608,    1903608
41,    1903623,     36.0,     36.0,     36.0,    103.0,  4,  5,  6,  4,    1903623,    1903623,    1903623,    1903623
41,    2578477,     33.0,     33.0,     33.0,     94.0,  4,  5,  6,  4,    1903633,    1903633,    1903633,    1903633
41,    2578485,     33.0,     33.0,     33.0,     93.0,  4,  5,  6,  6,    1903633,    1903633,    1903633,    1903633
41,    2578493,     33.0,     33.0,     32.0,     92.0,  4,  5,  6,  6,    1903633,    1903633,    1903633,    1903633
41,    2034847,     18.0,     21.0,     19.0,     63.0, 12, 12, 12,  9,    2034294,    2034294,    2034294,    2034294
41,    2231890,     69.0,     70.0,     70.0,    207.0, 12, 12, 12,  9,    2181175,    2181175,    2181175,    2181175
41,    2341888,     27.0,     27.0,     27.0,     78.0,  9, 10, 11,  9,    2249963,    2249963,    2249963,    2249963
41,    2577928,     72.0,     72.0,     73.0,    233.0, 12, 12, 12,  9,    2181484,    2181484,    2181484,    2714503
41,    3358535,     72.0,     72.0,     72.0,    233.0, 12, 12, 12,  9,    2181484,    2181484,    2714504,    2714503
41,    3358612,     62.0,     63.0,     63.0,    178.0,  4,  5,  6,  4,    3324480,    3324480,    3324480,    3324480
41,    3358605,     65.0,     65.0,     65.0,    185.0,  4,  5,  6,  4,    3324480,    3358605,    3358605,    3358605
41,    2524749,     19.0,     19.0,     19.0,     57.0,  9, 10, 11,  9,    2371885,    2371885,    2371885,    2371885
41,    3514572,     31.0,     31.0,     30.0,     86.0,  4,  5,  6,  6,    3514572,    3514572,      41634,    3514572
41,    3514577,     30.0,     30.0,     29.0,     82.0,  4,  5,  6,  6,      41634,      41634,      41634,      41634
41,      41634,     27.0,     27.0,     26.0,     75.0,  4,  5,  6,  6,      41634,      41634,      41634,      41634
41,    3379042,     72.0,     72.0,     72.0,    209.0, 12, 12, 12, 11,    2181484,    2181484,    2714504,    2714505
41,    3602109,     27.0,     27.0,     27.0,     78.0,  9, 10, 11,  9,    2839690,    2839690,    2839690,    2839690
42,    2579489,     52.0,     52.0,     51.0,    145.0,  4,  5,  6,  6,      41634,     686259,      41634,      41634
42,    2579503,     55.0,     55.0,     54.0,    154.0,  4,  5,  6,  6,    2579489,    2579489,      41634,      41634
42,     689554,     27.0,     27.0,     27.0,     80.0, 12, 10, 11,  9,    2776117,    2776117,    2776117,    2776117
42,     689549,     27.0,     27.0,     27.0,     80.0, 12, 12, 11, 10,    2776117,    2776117,    2776117,    2776117
42,     954350,     68.0,     68.0,     67.0,    192.0,  4,  5,  6,  6,     954350,     954350,     954350,     954350
42,    1570656,     26.0,     26.0,     26.0,     78.0,  9, 10, 11,  9,    1673020,    1673020,    1673020,    1673020
42,    1812368,     67.0,     67.0,     67.0,    203.0, 12, 12, 12,  9,    1866140,    1866140,    1866140,    1866140
42,    1812388,     25.0,     25.0,     25.0,     76.0,  9, 10, 11,  9,    1866154,    1866154,    1866154,    1866154
42,    1812393,     70.0,     70.0,     70.0,    207.0, 12, 12, 12,  9,    1866152,    1866152,    1866152,    1866162
42,    1812408,     71.0,     71.0,     71.0,    210.0, 12, 12, 12,  9,    1866152,    1866152,    1866152,    1866169
42,    1812432,     70.0,     71.0,     70.0,    208.0, 12, 10, 12, 11,    1866178,    1866178,    1866178,    1866178
42,    1812442,     70.0,     71.0,     72.0,    209.0, 12, 12, 12,  9,    1866181,    1866181,    1866181,    1866181
42,    1812462,     68.0,     68.0,     67.0,    204.0,  9, 10, 12, 11,    1866186,    1866186,    1866186,    1866186
42,    1812457,     67.0,     67.0,     68.0,    206.0, 12, 12, 12,  9,    1866185,    1866185,    1866185,    1866185
42,    1819188,     68.0,     68.0,     66.0,    204.0, 12, 12, 12, 11,    1874094,    1874094,    1874094,    1874094
42,    1856564,     27.0,     27.0,     27.0,     78.0,  9, 10, 11,  9,    1902084,    1902084,    1902084,    1902084
42,    2578336,     54.0,     51.0,     51.0,    143.0,  4,  5,  6,  6,    1903608,    1903608,    1903608,    1903608
42,    1903608,     40.0,     38.0,     38.0,    107.0,  4,  5,  6,  6,    1903608,    1903608,    1903608,    1903608
42,    1903623,     38.0,     36.0,     36.0,    102.0,  4,  5,  6,  6,    1903623,    1903623,    1903623,    1903623
42,    2578477,     35.0,     33.0,     33.0,     93.0,  4,  5,  6,  6,    1903633,    1903633,    1903633,    1903633
42,    2578485,     34.0,     33.0,     32.0,     92.0,  4,  5,  6,  6,    1903633,    1903633,    1903633,    1903633
42,    2578493,     34.0,     33.0,     32.0,     92.0,  4,  5,  6,  6,    1903633,    1903633,    1903633,    1903633
42,    2034847,     22.0,     18.0,     17.0,     64.0, 12, 12, 12, 10,    2034294,    2034294,    2034294,    2034294
42,    2231890,     69.0,     70.0,     70.0,    208.0, 12, 12, 12,  9,    2181175,    2181175,    2181175,    2181175
42,    2341888,     27.0,     27.0,     27.0,     78.0,  9, 10, 11,  9,    2249963,    2249963,    2249963,    2249963
42,    2577928,     73.0,     72.0,     71.0,    235.0, 12, 12, 12, 10,    2181484,    2714503,    2714504,    2714503
42,    3358535,     72.0,     72.0,     71.0,    234.0, 12, 12, 12, 10,    2181484,    2181484,    2714504,    2714503
42,    3358612,     64.0,     64.0,     63.0,    179.0,  4,  5,  6,  6,    3324480,    3324480,    3324480,    3324480
42,    3358605,     67.0,     66.0,     66.0,    187.0,  4,  5,  6,  6,    3324480,    3358605,    3324480,    3324480
42,    2524749,     19.0,     19.0,     19.0,     57.0,  9, 10, 11,  9,    2371885,    2371885,    2371885,    2371885
42,    3514572,     31.0,     32.0,     30.0,     87.0,  4,  5,  6,  6,    3514572,      41634,    3514572,    3514572
42,    3514577,     30.0,     30.0,     29.0,     82.0,  4,  5,  6,  6,      41634,      41634,      41634,      41634
42,      41634,     27.0,     27.0,     26.0,     75.0,  4,  5,  6,  6,      41634,      41634,      41634,      41634
42,    3379042,     72.0,     72.0,     71.0,    209.0, 12, 12, 12, 11,    2181484,    2181484,    2181484,    2714505
42,    3602109,     27.0,     27.0,     27.0,     78.0,  9, 10, 11,  9,    2839690,    2839690,    2839690,    2839690
43,    2579489,     53.0,     53.0,     51.0,    146.0,  4,  5,  6,  6,     686259,    2579489,      41634,      41634
43,    2579503,     56.0,     57.0,     54.0,    155.0,  4,  5,  6,  6,    2579489,     686259,    2579489,    2579489
43,     689554,     27.0,     27.0,     27.0,     80.0, 12, 12, 11, 11,    2776117,    2776117,    2776117,    2776117
43,     689549,     27.0,     27.0,     27.0,     80.0, 12, 12, 12, 11,    2776117,    2776117,    2776117,    2776117
43,     954350,     70.0,     70.0,     69.0,    196.0,  4,  5,  6,  6,     954350,     954350,     954350,     954350
43,    1570656,     26.0,     26.0,     26.0,     78.0,  9, 10, 11,  9,    1673020,    1673020,    1673020,    1673020
43,    1812368,     67.0,     67.0,     67.0,    203.0, 12, 12, 12,  9,    1866140,    1866140,    1866140,    1866140
43,    1812388,     25.0,     25.0,     25.0,     76.0,  9, 10, 11,  9,    1866154,    1866154,    1866154,    1866154
43,    1812393,     71.0,     69.0,     70.0,    207.0, 12, 12, 12,  9,    1866152,    1866152,    1866152,    1866162
43,    1812408,     71.0,     70.0,     71.0,    212.0, 12, 12, 12, 10,    1866169,    1866152,    1866152,    1866169
43,    1812432,     70.0,     71.0,     70.0,    209.0, 12, 12, 12,  9,    1866178,    1866178,    1866178,    1866178
43,    1812442,     69.0,     71.0,     73.0,    210.0, 12, 12, 12,  9,    1866181,    1866181,    1866181,    1866181
43,    1812462,     67.0,     68.0,     66.0,    205.0, 12, 12, 12, 11,    1866186,    1866186,    1866186,    1866186
43,    1812457,     65.0,     69.0,     67.0,    208.0, 12, 12, 12,  9,    1866185,    1866185,    1866185,    1866185
43,    1819188,     68.0,     68.0,     65.0,    205.0, 12, 12, 12, 11,    1874094,    1874094,    1874094,    1874094
43,    1856564,     26.0,     27.0,     27.0,     78.0, 12, 10, 11,  9,    1902084,    1902084,    1902084,    1902084
43,    2578336,     52.0,     52.0,     53.0,    146.0,  4,  5,  6,  5,    1903608,    1903608,    1903608,    1903608
43,    1903608,     39.0,     38.0,     39.0,    109.0,  4,  5,  6,  5,    1903608,    1903608,    1903608,    1903608
43,    1903623,     37.0,     37.0,     38.0,    104.0,  4,  5,  6,  5,    1903623,    1903623,    1903623,    1903623
43,    2578477,     34.0,     33.0,     34.0,     95.0,  4,  5,  6,  5,    1903633,    1903633,    1903633,    1903633
43,    2578485,     33.0,     33.0,     34.0,     94.0,  4,  5,  6,  5,    1903633,    1903633,    1903633,    1903633
43,    2578493,     33.0,     33.0,     34.0,     93.0,  4,  5,  6,  5,    1903633,    1903633,    1903633,    1903633
43,    2034847,     19.0,     20.0,     19.0,     63.0, 12, 12, 12,  9,    2034294,    2034294,    2034294,    2034294
43,    2231890,     69.0,     70.0,     70.0,    209.0, 12, 12, 12,  9,    2181175,    2181175,    2181175,    2181175
43,    2341888,     27.0,     27.0,     27.0,     78.0,  9, 10, 11,  9,    2249963,    2249963,    2249963,    2249963
43,    2577928,     72.0,     72.0,     71.0,    240.0, 12, 12, 12,  9,    2181484,    2714503,    2181484,    2714503
43,    3358535,     72.0,     72.0,     71.0,    239.0, 12, 12, 12,  9,    2181484,    2714503,    2181484,    2714503
43,    3358612,     66.0,     66.0,     65.0,    185.0,  4,  5,  6,  6,    3324480,    3324480,    3324480,    3324480
43,    3358605,     68.0,     68.0,     68.0,    192.0,  4,  5,  6,  6,    3358605,    3358605,    3324480,    3358605
43,    2524749,     19.0,     19.0,     19.0,     57.0,  9, 10, 11,  9,    2371885,    2371885,    2371885,    2371885
43,    3514572,     32.0,     33.0,     31.0,     88.0,  4,  5,  6,  6,      41634,      41634,      41634,    2578453
43,    3514577,     31.0,     31.0,     29.0,     83.0,  4,  5,  6,  6,      41634,      41634,      41634,      41634
43,      41634,     28.0,     28.0,     26.0,     76.0,  4,  5,  6,  6,      41634,      41634,      41634,      41634
43,    3379042,     72.0,     73.0,     71.0,    209.0, 12, 12, 12,  9,    2181484,    2181484,    2181484,    2714505
43,    3602109,     27.0,     27.0,     27.0,     78.0,  9, 10, 11,  9,    2839690,    2839690,    2839690,    2839690
44,    2579489,     54.0,     54.0,     52.0,    149.0,  4,  5,  6,  6,    2579489,     686259,      41634,      41634
44,    2579503,     58.0,     57.0,     55.0,    158.0,  4,  5,  6,  6,     686259,    2579489,    2579503,    2579489
44,     689554,     27.0,     26.0,     27.0,     81.0, 12, 12, 12, 10,    2776117,    2776117,    2776117,    2776117
44,     689549,     28.0,     26.0,     27.0,     81.0,  9, 12, 12, 10,    2776117,    2776117,    2776117,    2776117
44,     954350,     72.0,     69.0,     70.0,    196.0,  4,  5,  6,  5,     954350,     954350,     954350,     954350
44,    1570656,     26.0,     26.0,     26.0,     77.0,  9, 10, 11,  9,    1673020,    1673020,    1673020,    1673020
44,    1812368,     67.0,     68.0,     67.0,    204.0, 12, 12, 12,  9,    1866140,    1866140,    1866140,    1866140
44,    1812388,     25.0,     25.0,     25.0,     76.0,  9, 10, 11,  9,    1866154,    1866154,    1866154,    1866154
44,    1812393,     71.0,     68.0,     70.0,    207.0, 12, 12, 12, 10,    1866152,    1866152,    1866152,    1866162
44,    1812408,     71.0,     69.0,     71.0,    213.0, 12, 12, 12, 10,    1866169,    1866152,    1866152,    1866169
44,    1812432,     70.0,     71.0,     70.0,    208.0, 12, 12, 12, 11,    1866178,    1866178,    1866178,    1866178
44,    1812442,     70.0,     71.0,     71.0,    211.0, 12, 12, 12,  9,    1866181,    1866181,    1866181,    1866181
44,    1812462,     67.0,     69.0,     65.0,    204.0, 12, 12, 12, 11,    1866186,    1866186,    1866186,    1866186
44,    1812457,     68.0,     67.0,     67.0,    209.0, 12, 12, 12, 10,    1866185,    1866185,    1866185,    1866185
44,    1819188,     69.0,     66.0,     65.0,    205.0, 12, 12, 12, 10,    1874094,    1874094,    1874094,    1874094
44,    1856564,     27.0,     27.0,     27.0,     78.0,  9, 10, 11,  9,    1902084,    1902084,    1902084,    1902084
44,    2578336,     55.0,     52.0,     56.0,    146.0,  4,  5,  6,  5,    1903608,    1903608,    1903608,    1903608
44,    1903608,     41.0,     38.0,     42.0,    109.0,  4,  5,  6,  5,    1903608,    1903608,    1903608,    1903608
44,    1903623,     39.0,     37.0,     40.0,    104.0,  4,  5,  6,  5,    1903623,    1903623,    1903623,    1903623
44,    2578477,     36.0,     33.0,     36.0,     95.0,  4,  5,  6,  5,    1903633,    1903633,    1903633,    1903633
44,    2578485,     35.0,     33.0,     36.0,     94.0,  4,  5,  6,  5,    1903633,    1903633,    1903633,    1903633
44,    2578493,     35.0,     33.0,     36.0,     93.0,  4,  5,  6,  5,    1903633,    1903633,    1903633,    1903633
44,    2034847,     20.0,     19.0,     19.0,     64.0, 12, 12, 12, 11,    2034294,    2034294,    2034294,    2034294
44,    2231890,     68.0,     68.0,     73.0,    208.0, 12, 12, 12, 10,    2181175,    2181175,    2181175,    2181175
44,    2341888,     27.0,     27.0,     27.0,     78.0,  9, 10, 11,  9,    2249963,    2249963,    2249963,    2249963
44,    2577928,     72.0,     70.0,     71.0,    240.0, 12, 12, 12,  9,    2714503,    2181484,    2181484,    2714503
44,    3358535,     72.0,     70.0,     70.0,    239.0, 12, 12, 12, 10,    2714503,    2181484,    2181484,    2714503
44,    3358612,     67.0,     65.0,     66.0,    186.0,  4,  5,  6,  5,    3324480,    3324480,    3324480,    3324480
44,    3358605,     70.0,     68.0,     69.0,    194.0,  4,  5,  6,  5,    3324480,    3324480,    3324480,    3324480
44,    2524749,     19.0,     19.0,     19.0,     57.0,  9, 10, 11,  9,    2371885,    2371885,    2371885,    2371885
44,    3514572,     33.0,     33.0,     31.0,     89.0,  4,  5,  6,  6,      41634,    3514549,    3514572,    3514572
44,    3514577,     31.0,     32.0,     30.0,     85.0,  4,  5,  6,  6,      41634,      41634,      41634,      41634
44,      41634,     29.0,     29.0,     27.0,     78.0,  4,  5,  6,  6,      41634,      41634,      41634,      41634
44,    3379042,     73.0,     70.0,     70.0,    209.0, 12, 12, 12, 11,    2714504,    2181484,    2181484,    2714505
44,    3602109,     27.0,     27.0,     27.0,     78.0,  9, 10, 11,  9,    2839690,    2839690,    2839690,    2839690
45,    2579489,     54.0,     53.0,     53.0,    150.0,  4,  5,  6,  6,     686259,    2579489,      41634,    2579489
45,    2579503,     57.0,     57.0,     56.0,    159.0,  4,  5,  6,  6,    2579503,     686259,      41634,    2579503
45,     689554,     27.0,     26.0,     27.0,     81.0, 12, 12, 12, 10,    2776117,    2776117,    2776117,    2776117
45,     689549,     28.0,     26.0,     27.0,     81.0,  9, 12, 12, 10,    2776117,    2776117,    2776117,    2776117
45,     954350,     71.0,     69.0,     69.0,    196.0,  4,  5,  6,  5,     954350,     954350,     954350,     954350
45,    1570656,     26.0,     26.0,     26.0,     78.0,  9, 10, 11,  9,    1673020,    1673020,    1673020,    1673020
45,    1812368,     67.0,     68.0,     66.0,    203.0, 12, 12, 12, 11,    1866140,    1866140,    1866140,    1866140
45,    1812388,     25.0,     25.0,     25.0,     77.0, 12, 12, 11,  9,    1866154,    1866154,    1866154,    1866154
45,    1812393,     70.0,     67.0,     70.0,    208.0, 12, 12, 12,  9,    1866152,    1866152,    1866162,    1866162
45,    1812408,     71.0,     68.0,     73.0,    211.0, 12, 12, 12, 10,    1866152,    1866152,    1866152,    1866169
45,    1812432,     70.0,     71.0,     70.0,    208.0, 12, 12, 12,  9,    1866178,    1866178,    1866178,    1866178
45,    1812442,     70.0,     71.0,     72.0,    209.0, 12, 12, 12,  9,    1866181,    1866181,    1866181,    1866181
45,    1812462,     68.0,     69.0,     65.0,    205.0, 12, 12, 12, 11,    1866186,    1866186,    1866186,    1866186
45,    1812457,     66.0,     68.0,     67.0,    208.0, 12, 12, 12,  9,    1866185,    1866185,    1866185,    1866185
45,    1819188,     69.0,     66.0,     66.0,    205.0, 12, 12, 12, 10,    1874094,    1874094,    1874094,    1874094
45,    1856564,     27.0,     26.0,     27.0,     78.0,  9, 12, 11,  9,    1902084,    1902084,    1902084,    1902084
45,    2578336,     55.0,     52.0,     54.0,    147.0,  4,  5,  6,  5,    1903608,    1903608,    1903608,    1903608
45,    1903608,     41.0,     39.0,     40.0,    110.0,  4,  5,  6,  5,    1903608,    1903608,    1903608,    1903608
45,    1903623,     39.0,     37.0,     38.0,    105.0,  4,  5,  6,  5,    1903623,    1903623,    1903623,    1903623
45,    2578477,     36.0,     34.0,     35.0,     96.0,  4,  5,  6,  5,    1903633,    1903633,    1903633,    1903633
45,    2578485,     35.0,     33.0,     34.0,     95.0,  4,  5,  6,  5,    1903633,    1903633,    1903633,    1903633
45,    2578493,     35.0,     33.0,     34.0,     94.0,  4,  5,  6,  5,    1903633,    1903633,    1903633,    1903633
45,    2034847,     20.0,     18.0,     19.0,     65.0, 12, 12, 12, 10,    2034294,    2034294,    2034294,    2034294
45,    2231890,     69.0,     69.0,     70.0,    207.0, 12, 12, 12,  9,    2181175,    2181175,    2181175,    2181175
45,    2341888,     27.0,     27.0,     27.0,     78.0,  9, 10, 11,  9,    2249963,    2249963,    2249963,    2249963
45,    2577928,     72.0,     71.0,     71.0,    240.0, 12, 12, 12, 10,    2714503,    2181484,    2181484,    2714503
45,    3358535,     72.0,     71.0,     71.0,    240.0, 12, 12, 12, 10,    2714503,    2181484,    2181484,    2714503
45,    3358612,     67.0,     66.0,     66.0,    187.0,  4,  5,  6,  5,    3324480,    3324480,    3324480,    3324480
45,    3358605,     70.0,     68.0,     68.0,    194.0,  4,  5,  6,  5,    3324480,    3358605,    3358605,    3358605
45,    2524749,     19.0,     19.0,     19.0,     57.0,  9, 10, 11,  9,    2371885,    2371885,    2371885,    2371885
45,    3514572,     33.0,     33.0,     31.0,     90.0,  4,  5,  6,  6,      41634,      41634,    3514572,    3514572
45,    3514577,     31.0,     31.0,     30.0,     86.0,  4,  5,  6,  6,      41634,      41634,      41634,      41634
45,      41634,     28.0,     28.0,     27.0,     78.0,  4,  5,  6,  6,      41634,      41634,      41634,      41634
45,    3379042,     73.0,     71.0,     71.0,    209.0, 12, 12, 12, 11,    2181484,    2181484,    2181484,    2714505
45,    3602109,     27.0,     27.0,     27.0,     80.0,  9, 10, 11,  9,    2839690,    2839690,    2839690,    2839690
46,    2579489,     53.0,     53.0,     52.0,    148.0,  4,  5,  6,  6,      41634,     686259,      41634,    2579489
46,    2579503,     56.0,     56.0,     55.0,    158.0,  4,  5,  6,  6,     686259,    2579489,    2579489,    2579489
46,     689554,     27.0,     26.0,     27.0,     80.0,  9, 12, 12,  9,    2776117,    2776117,    2776117,    2776117
46,     689549,     27.0,     26.0,     28.0,     80.0, 12, 12, 11,  9,    2776117,    2776117,    2776117,    2776117
46,     954350,     69.0,     68.0,     67.0,    192.0,  4,  5,  6,  6,     954350,     954350,     954350,     954350
46,    1570656,     26.0,     26.0,     26.0,     78.0,  9, 10, 11,  9,    1673020,    1673020,    1673020,    1673020
46,    1812368,     67.0,     68.0,     67.0,    204.0, 12, 10, 12,  9,    1866140,    1866140,    1866140,    1866140
46,    1812388,     25.0,     25.0,     25.0,     77.0, 12, 12, 12,  9,    1866154,    1866154,    1866154,    1866154
46,    1812393,     70.0,     69.0,     70.0,    207.0, 12, 12, 11, 11,    1866152,    1866152,    1866162,    1866162
46,    1812408,     70.0,     70.0,     72.0,    211.0, 12, 12, 12, 10,    1866169,    1866152,    1866152,    1866169
46,    1812432,     70.0,     71.0,     71.0,    208.0, 12, 10, 12, 10,    1866178,    1866178,    1866178,    1866178
46,    1812442,     70.0,     71.0,     72.0,    209.0, 12, 12, 12,  9,    1866181,    1866181,    1866181,    1866181
46,    1812462,     67.0,     68.0,     67.0,    204.0, 12, 12, 12, 11,    1866186,    1866186,    1866186,    1866186
46,    1812457,     67.0,     68.0,     67.0,    206.0, 12, 12, 12, 11,    1866185,    1866185,    1866185,    1866185
46,    1819188,     68.0,     67.0,     66.0,    206.0, 12, 12, 12, 10,    1874094,    1874094,    1874094,    1874094
46,    1856564,     27.0,     27.0,     27.0,     78.0,  9, 10, 11,  9,    1902084,    1902084,    1902084,    1902084
46,    2578336,     52.0,     50.0,     51.0,    142.0,  4,  5,  6,  5,    1903608,    1903608,    1903608,    1903608
46,    1903608,     39.0,     37.0,     38.0,    106.0,  4,  5,  6,  5,    1903608,    1903608,    1903608,    1903608
46,    1903623,     37.0,     36.0,     36.0,    101.0,  4,  5,  6,  5,    1903623,    1903623,    1903623,    1903623
46,    2578477,     34.0,     32.0,     33.0,     93.0,  4,  5,  6,  5,    1903633,    1903633,    1903633,    1903633
46,    2578485,     33.0,     32.0,     33.0,     92.0,  4,  5,  6,  5,    1903633,    1903633,    1903633,    1903633
46,    2578493,     33.0,     32.0,     32.0,     91.0,  4,  5,  6,  5,    1903633,    1903633,    1903633,    1903633
46,    2034847,     19.0,     19.0,     20.0,     64.0, 12, 12, 12,  9,    2034294,    2034294,    2034294,    2034294
46,    2231890,     70.0,     70.0,     69.0,    207.0, 12, 12, 12, 10,    2181175,    2181175,    2181175,    2181175
46,    2341888,     27.0,     27.0,     27.0,     78.0,  9, 10, 11,  9,    2249963,    2249963,    2249963,    2249963
46,    2577928,     71.0,     73.0,     71.0,    237.0, 12, 12, 12,  9,    2714503,    2181484,    2181484,    2714503
46,    3358535,     71.0,     72.0,     71.0,    237.0, 12, 12, 12,  9,    2714503,    2181484,    2181484,    2714503
46,    3358612,     65.0,     65.0,     63.0,    180.0,  4,  5,  6,  6,    3324480,    3324480,    3324480,    3324480
46,    3358605,     67.0,     67.0,     66.0,    188.0,  4,  5,  6,  6,    3358605,    3358605,    3324480,    3324480
46,    2524749,     19.0,     19.0,     19.0,     57.0,  9, 10, 11,  9,    2371885,    2371885,    2371885,    2371885
46,    3514572,     32.0,     32.0,     31.0,     89.0,  4,  5,  6,  6,      41634,    3514549,      41634,    3514572
46,    3514577,     30.0,     31.0,     30.0,     85.0,  4,  5,  6,  6,      41634,      41634,      41634,      41634
46,      41634,     28.0,     28.0,     27.0,     78.0,  4,  5,  6,  6,      41634,      41634,      41634,      41634
46,    3379042,     72.0,     72.0,     71.0,    209.0, 12, 12, 12, 11,    2181484,    2181484,    2181484,    2714505
46,    3602109,     27.0,     27.0,     27.0,     81.0, 12, 12, 12,  9,    2839690,    2839690,    2839690,    2839690
47,    2579489,     52.0,     53.0,     52.0,    147.0,  4,  5,  6,  6,     686259,     686259,      41634,    2579489
47,    2579503,     55.0,     56.0,     55.0,    157.0,  4,  5,  6,  6,    2579489,    2579489,      41634,    2579489
47,     689554,     27.0,     26.0,     27.0,     80.0,  9, 12, 12,  9,    2776117,    2776117,    2776117,    2776117
47,     689549,     27.0,     26.0,     27.0,     80.0,  9, 12, 12,  9,    2776117,    2776117,    2776117,    2776117
47,     954350,     67.0,     66.0,     67.0,    189.0,  4,  5,  6,  5,     954350,     954350,     954350,     954350
47,    1570656,     26.0,     26.0,     26.0,     78.0,  9, 10, 11,  9,    1673020,    1673020,    1673020,    1673020
47,    1812368,     68.0,     67.0,     67.0,    203.0,  9, 12, 12, 10,    1866140,    1866140,    1866140,    1866140
47,    1812388,     25.0,     25.0,     25.0,     77.0, 12, 12, 12,  9,    1866154,    1866154,    1866154,    1866154
47,    1812393,     70.0,     70.0,     69.0,    207.0, 12, 12, 12, 10,    1866152,    1866152,    1866162,    1866162
47,    1812408,     71.0,     71.0,     71.0,    211.0, 12, 12, 12,  9,    1866152,    1866152,    1866152,    1866169
47,    1812432,     70.0,     70.0,     71.0,    208.0, 12, 12, 12, 10,    1866178,    1866178,    1866178,    1866178
47,    1812442,     70.0,     71.0,     72.0,    209.0, 12, 12, 11,  9,    1866181,    1866181,    1866181,    1866181
47,    1812462,     67.0,     68.0,     67.0,    204.0, 12, 12, 12,  9,    1866186,    1866186,    1866186,    1866186
47,    1812457,     67.0,     68.0,     67.0,    206.0, 12, 12, 12,  9,    1866185,    1866185,    1866185,    1866185
47,    1819188,     68.0,     67.0,     66.0,    205.0, 12, 12, 12, 10,    1874094,    1874094,    1874094,    1874094
47,    1856564,     27.0,     26.0,     28.0,     78.0,  9, 12, 11,  9,    1902084,    1902084,    1902084,    1902084
47,    2578336,     50.0,     49.0,     51.0,    139.0,  4,  5,  6,  5,    1903608,    1903608,    1903608,    1903608
47,    1903608,     38.0,     36.0,     38.0,    104.0,  4,  5,  6,  5,    1903608,    1903608,    1903608,    1903608
47,    1903623,     36.0,     35.0,     37.0,     99.0,  4,  5,  6,  5,    1903623,    1903623,    1903623,    1903623
47,    2578477,     33.0,     32.0,     33.0,     90.0,  4,  5,  6,  5,    1903633,    1903633,    1903633,    1903633
47,    2578485,     32.0,     31.0,     33.0,     89.0,  4,  5,  6,  5,    1903633,    1903633,    1903633,    1903633
47,    2578493,     32.0,     31.0,     33.0,     89.0,  4,  5,  6,  5,    1903633,    1903633,    1903633,    1903633
47,    2034847,     19.0,     20.0,     19.0,     62.0, 12, 12, 12, 11,    2034294,    2034294,    2034294,    2034294
47,    2231890,     70.0,     70.0,     70.0,    207.0, 12, 10, 12, 10,    2181175,    2181175,    2181175,    2181175
47,    2341888,     27.0,     27.0,     27.0,     78.0,  9, 10, 11,  9,    2249963,    2249963,    2249963,    2249963
47,    2577928,     72.0,     72.0,     72.0,    234.0, 12, 12, 12,  9,    2714503,    2181484,    2181484,    2714503
47,    3358535,     72.0,     72.0,     72.0,    234.0, 12, 12, 12,  9,    2714503,    2181484,    2181484,    2714503
47,    3358612,     63.0,     62.0,     62.0,    177.0,  4,  5,  6,  5,    3324480,    3324480,    3324480,    3324480
47,    3358605,     65.0,     65.0,     65.0,    184.0,  4,  5,  6,  5,    3324480,    3324480,    3324480,    3358605
47,    2524749,     19.0,     19.0,     19.0,     57.0,  9, 10, 11,  9,    2371885,    2371885,    2371885,    2371885
47,    3514572,     31.0,     32.0,     31.0,     89.0,  4,  5,  6,  6,    3514572,    3514572,      41634,    3514572
47,    3514577,     30.0,     31.0,     29.0,     84.0,  4,  5,  6,  6,      41634,      41634,      41634,      41634
47,      41634,     27.0,     28.0,     27.0,     77.0,  4,  5,  6,  6,      41634,      41634,      41634,      41634
47,    3379042,     72.0,     72.0,     72.0,    209.0, 12, 12, 12,  9,    2181484,    2181484,    2181484,    2714505
47,    3602109,     27.0,     27.0,     27.0,     81.0, 12, 12, 12,  9,    2839690,    2839690,    2839690,    2839690
