 F,      BusId,       PA,       PB,       PC,       P3, XA, XB, XC, X3,       id_A,       id_B,       id_C,       id_3
 0,      46626,     44.0,     42.0,     44.0,    138.0,  9,  2, 11,  2,      84612,      46626,      84612,      46626
 0,      46663,     30.0,     29.0,     30.0,     93.0,  1,  2,  3,  2,      46663,      46663,      46663,      46663
 0,    2381944,     25.0,     24.0,     25.0,     78.0,  1,  2,  3,  2,    2381941,    2381941,    2381941,    2381941
 0,    3746327,     26.0,     25.0,     26.0,     81.0,  1,  2,  3,  2,    2381941,    2381941,    2381941,    2381941
 0,    2381927,     34.0,     33.0,     33.0,    105.0,  9, 10, 11, 11,      84701,      84701,      84701,      84701
 0,    2509288,     17.0,     17.0,     17.0,     54.0,  9, 10, 11,  9,    2277072,    2277072,    2277072,    2277072
 0,    2509293,     17.0,     17.0,     17.0,     54.0,  9, 10, 11, 10,    2360204,    2360204,    2360204,    2360204
 0,      46660,     50.0,     48.0,     51.0,    154.0,  9, 10, 11, 10,    1085684,    1085684,    1085684,    1085684
 0,    2580958,     51.0,     49.0,     51.0,    155.0,  9, 10, 11, 10,    1085684,    1085684,    1085684,    1085684
 0,     586707,      7.0,      7.0,      7.0,     23.0,  1,  2,  3,  1,     586707,     586707,     586707,     586707
 0,     586697,     17.0,     18.0,     18.0,     56.0,  1,  2,  3,  1,     586697,     586697,     586697,     586697
 0,     653237,     24.0,     24.0,     25.0,     75.0,  9, 10, 11,  9,    1085689,    1085689,    1085689,    1085689
 0,    2509353,     16.0,     15.0,     16.0,     50.0,  1,  2,  3,  2,     656714,     656714,    2509353,    2509353
 0,    2509333,     14.0,     13.0,     14.0,     43.0,  1,  2,  3,  2,     941766,     941766,     941766,    2509333
 0,    2509362,     13.0,     12.0,     13.0,     41.0,  1,  2,  3,  2,    2509362,    2509362,    2509362,    2509362
 0,    2509338,     15.0,     14.0,     15.0,     47.0,  1,  2,  3,  2,     941766,     941766,     941766,     941766
 0,    2509342,     20.0,     19.0,     20.0,     62.0,  1,  2,  3,  2,     656704,     656704,     656704,     656704
 0,    2509347,     20.0,     19.0,     20.0,     62.0,  1,  2,  3,  2,     656704,     656704,    2509347,    2509347
 0,    2509351,     19.0,     18.0,     19.0,     58.0,  1,  2,  3,  2,     656714,     656714,    2509351,    2509351
 0,    2509352,     17.0,     17.0,     18.0,     54.0,  1,  2,  3,  2,    2509352,     656714,     656714,    2509352
 0,    2509357,     15.0,     15.0,     16.0,     48.0,  1,  2,  3,  2,    2509357,     656714,     941771,    2509357
 0,    2509276,     20.0,     20.0,     20.0,     62.0,  9, 10, 11,  9,    1986388,    1986388,    1986388,    1986388
 0,    2509337,     15.0,     14.0,     15.0,     46.0,  1,  2,  3,  2,     941766,     941766,     941766,    2509337
 0,    2509340,     19.0,     18.0,     20.0,     60.0,  1,  2,  3,  2,     656704,    2509340,     656704,    2509340
 0,    2509339,     17.0,     16.0,     17.0,     52.0,  1,  2,  3,  2,     656704,     656704,     656704,    2509339
 0,    2575625,     24.0,     23.0,     24.0,     74.0,  1,  2,  3,  2,    2381941,    2381941,    2381941,    2381941
 0,    2402032,     14.0,     13.0,     14.0,     44.0,  1,  2,  3,  2,     941771,    2402032,    2402032,    2402032
 0,    2509167,     34.0,     34.0,     34.0,    108.0,  9, 10, 11,  9,      84583,      84583,      84583,      84583
 0,    2576531,     18.0,     17.0,     18.0,     55.0,  9, 10, 11,  9,    2360156,    2360156,    2360156,    2360156
 0,    2509154,     34.0,     34.0,     34.0,    108.0,  9, 10, 11,  9,      84583,      84583,      84583,      84583
 0,    2577052,     57.0,     52.0,     58.0,    162.0,  9, 10, 11, 10,      84582,      84582,      84582,      84582
 0,    3795218,     56.0,     51.0,     58.0,    161.0,  9, 10, 11, 10,      84582,      84582,      84582,      84582
 0,    2577107,     56.0,     51.0,     58.0,    161.0,  9, 10, 11, 10,      84582,      84582,      84582,      84582
 0,    2577117,     56.0,     51.0,     57.0,    161.0,  9, 10, 11, 10,      84582,      84582,      84582,      84582
 0,    2577127,     55.0,     50.0,     56.0,    159.0,  9, 10, 11, 10,      84582,      84582,      84582,      84582
 0,    2577137,     54.0,     50.0,     56.0,    159.0,  9, 10, 11, 10,      84582,      84582,      84582,      84582
 0,    2509239,     33.0,     33.0,     34.0,    104.0,  9, 10, 11, 10,    2360177,    2360177,    2360177,    2360177
 0,    2509251,     54.0,     52.0,     55.0,    160.0,  9, 10, 11, 10,    1085684,    1085684,    1085684,    1085684
 0,    2509246,     54.0,     52.0,     55.0,    161.0,  9, 10, 11, 10,    1085684,    1085684,    1085684,    1085684
 0,    2577231,     54.0,     52.0,     55.0,    160.0,  9, 10, 11, 10,    1085684,    1085684,    1085684,    1085684
 0,    2577241,     53.0,     51.0,     54.0,    159.0,  9, 10, 11, 10,    1085684,    1085684,    1085684,    1085684
 0,    2509264,     53.0,     51.0,     54.0,    158.0,  9, 10, 11, 10,    1085684,    1085684,    1085684,    1085684
 0,    2577340,     52.0,     50.0,     53.0,    156.0,  9, 10, 11, 10,    1085684,    1085684,    1085684,    1085684
 0,    2577351,     51.0,     50.0,     52.0,    156.0,  9, 10, 11, 10,    1085684,    1085684,    1085684,    1085684
 0,    2577360,     51.0,     49.0,     52.0,    155.0,  9, 10, 11, 10,    1085684,    1085684,    1085684,    1085684
 0,     993831,     23.0,     23.0,     23.0,     73.0,  9, 10, 11,  9,    1239481,    1239481,    1239481,    1239481
 0,    2577390,     31.0,     31.0,     32.0,     98.0,  9, 10, 11, 10,    2360200,    2360200,    2360200,    2360200
 0,    2509281,     31.0,     30.0,     31.0,     98.0,  9, 10, 11, 10,    2360200,    2360200,    2360200,    2360200
 0,    2577401,     23.0,     22.0,     23.0,     71.0,  1,  2,  3,  2,    2381941,    2381941,    2381941,    2381966
 0,    2509309,     13.0,     13.0,     14.0,     42.0,  1,  2,  3,  2,    2509309,    2381966,    2381966,    2509309
 0,    2381966,     12.0,     11.0,     12.0,     38.0,  1,  2,  3,  2,    2381966,    2381966,    2381966,    2381966
 0,    2577420,     50.0,     48.0,     50.0,    153.0,  9,  2, 11, 10,    1085684,     656698,    1085684,    1085684
 0,    2577438,     33.0,     32.0,     34.0,    103.0,  1,  2,  3,  2,     656698,     656698,     656698,     656698
 0,    2509318,     17.0,     17.0,     17.0,     53.0,  9, 10, 11, 10,    2360219,    2360219,    2360219,    2360219
 0,     656698,     23.0,     22.0,     24.0,     73.0,  1,  2,  3,  2,     656698,     656698,     656698,     656698
 0,    2509326,     21.0,     20.0,     21.0,     65.0,  1,  2,  3,  2,     656703,     656703,     656703,     656703
 0,    2509332,     17.0,     16.0,     17.0,     53.0,  1,  2,  3,  2,    2509332,    2509332,    2509332,    2509332
 0,    2076943,     10.0,     10.0,     11.0,     32.0,  1,  2,  3,  2,    2076943,    2076943,    2076943,    2076943
 0,    2509375,     18.0,     18.0,     18.0,     55.0,  9, 10, 11, 10,    2360283,    2360283,    2360283,    2360283
 0,    2509370,     55.0,     55.0,     55.0,    168.0,  9, 10, 11,  9,      84686,      84686,      84686,      84686
 0,    2509380,     18.0,     18.0,     18.0,     56.0,  9, 10, 11,  9,    2360285,    2360285,    2360285,    2360285
 0,    2509381,     18.0,     18.0,     18.0,     55.0,  9, 10, 11, 11,    2360281,    2360281,    2360281,    2360281
 0,    2509386,     53.0,     53.0,     53.0,    165.0,  9, 10, 11,  9,      84686,      84686,      84686,      84686
 0,    2509396,     18.0,     18.0,     18.0,     56.0,  9, 10, 11,  9,    2360296,    2360296,    2360296,    2360296
 0,    2579046,     17.0,     17.0,     17.0,     54.0,  9, 10, 11,  9,    2360300,    2360300,    2360300,    2360300
 0,    2509401,     51.0,     51.0,     51.0,    161.0,  9, 10, 11,  9,      84686,      84686,      84686,      84686
 0,    2509417,     17.0,     17.0,     17.0,     54.0,  9, 10, 11,  9,    2360304,    2360304,    2360304,    2360304
 0,    2578144,     12.0,     12.0,     12.0,     39.0,  1,  2,  3,  1,     586707,     586707,     586707,     586707
 0,    2578230,     19.0,     20.0,     20.0,     62.0,  1,  2,  3,  1,    2509420,    2509420,    2509420,    2509420
 0,    2509425,     13.0,     13.0,     13.0,     43.0,  1,  2,  3,  1,    2509425,    2509425,    2509425,    2509425
 0,    2509420,     17.0,     17.0,     17.0,     54.0,  1,  2,  3,  1,    2509420,    2509420,    2509420,    2509420
 0,    2509439,     11.0,     11.0,     11.0,     35.0,  1,  2,  3,  1,    2509434,    2509434,    2509439,    2509439
 0,    2509464,     18.0,     18.0,     18.0,     55.0,  9, 10, 11,  9,    2360333,    2360333,    2360333,    2360333
 0,    2576425,     54.0,     50.0,     56.0,    159.0,  9, 10, 11, 10,      84582,      84582,      84582,      84582
 0,    2575560,     37.0,     38.0,     39.0,    121.0,  1,  2,  3,  1,     586692,     586692,     586692,     586692
 1,      46626,     44.0,     44.0,     44.0,    140.0,  1,  2, 11, 10,      46626,      46626,      84612,      84612
 1,      46663,     30.0,     29.0,     30.0,     93.0,  1,  2,  3,  2,      46663,      46663,      46663,      46663
 1,    2381944,     25.0,     24.0,     25.0,     78.0,  1,  2,  3,  2,    2381941,    2381941,    2381941,    2381941
 1,    3746327,     26.0,     25.0,     26.0,     81.0,  1,  2,  3,  2,    2381941,    2381941,    2381941,    2381941
 1,    2381927,     34.0,     33.0,     33.0,    106.0,  9, 10, 11, 10,      84701,      84701,      84701,      84701
 1,    2509288,     17.0,     17.0,     17.0,     54.0,  9, 10, 11,  9,    2277072,    2277072,    2277072,    2277072
 1,    2509293,     17.0,     17.0,     17.0,     54.0,  9, 10, 11, 10,    2360204,    2360204,    2360204,    2360204
 1,      46660,     50.0,     49.0,     51.0,    155.0,  9, 10, 11, 10,    1085684,    1085684,    1085684,    1085684
 1,    2580958,     51.0,     49.0,     52.0,    156.0,  9, 10, 11, 10,    1085684,    1085684,    1085684,    1085684
 1,     586707,      7.0,      7.0,      7.0,     22.0,  1,  2,  3,  1,     586707,     586707,     586707,     586707
 1,     586697,     17.0,     17.0,     18.0,     55.0,  1,  2,  3,  1,     586697,     586697,     586697,     586697
 1,     653237,     24.0,     24.0,     25.0,     75.0,  9, 10, 11,  9,    1085689,    1085689,    1085689,    1085689
 1,    2509353,     16.0,     15.0,     16.0,     48.0,  1,  2,  3,  2,     656714,     656714,    2509353,    2509353
 1,    2509333,     14.0,     13.0,     14.0,     43.0,  1,  2,  3,  2,     941766,     941766,     941766,     941766
 1,    2509362,     13.0,     12.0,     14.0,     39.0,  1,  2,  3,  2,    2509362,     941771,     941771,    2509362
 1,    2509338,     15.0,     14.0,     15.0,     46.0,  1,  2,  3,  2,     941766,     941766,    2509338,    2509338
 1,    2509342,     20.0,     19.0,     20.0,     61.0,  1,  2,  3,  2,     656704,     656704,    2509342,     656704
 1,    2509347,     20.0,     19.0,     20.0,     61.0,  1,  2,  3,  2,     656704,     656704,    2509347,    2509347
 1,    2509351,     19.0,     17.0,     19.0,     57.0,  1,  2,  3,  2,     656714,     941771,    2509351,     656714
 1,    2509352,     18.0,     16.0,     18.0,     53.0,  1,  2,  3,  2,     656714,     656714,     656714,     656714
 1,    2509357,     16.0,     14.0,     16.0,     46.0,  1,  2,  3,  2,     656714,     941771,     941771,    2509357
 1,    2509276,     20.0,     20.0,     20.0,     62.0,  9, 10, 11,  9,    1986388,    1986388,    1986388,    1986388
 1,    2509337,     15.0,     14.0,     15.0,     45.0,  1,  2,  3,  2,     941766,     941766,     941766,    2509337
 1,    2509340,     19.0,     18.0,     20.0,     59.0,  1,  2,  3,  2,    2509340,     656704,     656704,    2509340
 1,    2509339,     17.0,     16.0,     17.0,     51.0,  1,  2,  3,  2,     656704,     656704,     656704,    2509339
 1,    2575625,     24.0,     23.0,     24.0,     74.0,  1,  2,  3,  2,    2381941,    2381941,    2381941,    2381941
 1,    2402032,     14.0,     13.0,     15.0,     42.0,  1,  2,  3,  2,    2402032,     941771,     941771,    2402032
 1,    2509167,     34.0,     34.0,     34.0,    108.0,  9, 10, 11,  9,      84583,      84583,      84583,      84583
 1,    2576531,     18.0,     18.0,     18.0,     55.0,  9, 10, 11,  9,    2360156,    2360156,    2360156,    2360156
 1,    2509154,     34.0,     34.0,     34.0,    108.0,  9, 10, 11,  9,      84583,      84583,      84583,      84583
 1,    2577052,     55.0,     55.0,     57.0,    172.0,  9, 10, 11, 10,      84582,      84582,      84582,      84582
 1,    3795218,     55.0,     55.0,     56.0,    172.0,  9, 10, 11,  9,      84582,      84582,      84582,      84582
 1,    2577107,     55.0,     55.0,     56.0,    172.0,  9, 10, 11,  9,      84582,      84582,      84582,      84582
 1,    2577117,     55.0,     54.0,     56.0,    171.0,  9, 10, 11, 10,      84582,      84582,      84582,      84582
 1,    2577127,     54.0,     53.0,     55.0,    170.0,  9, 10, 11,  9,      84582,      84582,      84582,      84582
 1,    2577137,     53.0,     53.0,     54.0,    169.0,  9, 10, 11,  9,      84582,      84582,      84582,      84582
 1,    2509239,     33.0,     33.0,     33.0,    104.0,  9, 10, 11, 10,    2360177,    2360177,    2360177,    2360177
 1,    2509251,     54.0,     53.0,     55.0,    162.0,  9, 10, 11, 10,    1085684,    1085684,    1085684,    1085684
 1,    2509246,     54.0,     53.0,     55.0,    162.0,  9, 10, 11, 10,    1085684,    1085684,    1085684,    1085684
 1,    2577231,     54.0,     52.0,     55.0,    161.0,  9, 10, 11, 10,    1085684,    1085684,    1085684,    1085684
 1,    2577241,     54.0,     52.0,     54.0,    160.0,  9, 10, 11, 10,    1085684,    1085684,    1085684,    1085684
 1,    2509264,     53.0,     51.0,     54.0,    160.0,  9, 10, 11, 10,    1085684,    1085684,    1085684,    1085684
 1,    2577340,     52.0,     50.0,     53.0,    158.0,  9, 10, 11, 10,    1085684,    1085684,    1085684,    1085684
 1,    2577351,     52.0,     50.0,     53.0,    157.0,  9, 10, 11, 10,    1085684,    1085684,    1085684,    1085684
 1,    2577360,     51.0,     49.0,     52.0,    157.0,  9, 10, 11, 10,    1085684,    1085684,    1085684,    1085684
 1,     993831,     23.0,     23.0,     23.0,     73.0,  9, 10, 11,  9,    1239481,    1239481,    1239481,    1239481
 1,    2577390,     31.0,     30.0,     32.0,     96.0,  9, 10, 11, 10,    2360200,    2360200,    2360200,    2360200
 1,    2509281,     31.0,     30.0,     31.0,     95.0,  9, 10, 11, 10,    2360200,    2360200,    2360200,    2360200
 1,    2577401,     23.0,     22.0,     23.0,     71.0,  1,  2,  3,  2,    2381941,    2381941,    2381941,    2381966
 1,    2509309,     14.0,     13.0,     14.0,     42.0,  1,  2,  3,  2,    2381966,    2381966,    2381966,    2509309
 1,    2381966,     12.0,     11.0,     12.0,     38.0,  1,  2,  3,  2,    2381966,    2381966,    2381966,    2381966
 1,    2577420,     50.0,     46.0,     51.0,    151.0,  9,  2, 11,  2,    1085684,    2402032,    1085684,     941771
 1,    2577438,     33.0,     30.0,     34.0,     99.0,  1,  2,  3,  2,     656698,     941771,     656698,     941771
 1,    2509318,     17.0,     17.0,     17.0,     53.0,  9, 10, 11, 10,    2360219,    2360219,    2360219,    2360219
 1,     656698,     24.0,     21.0,     24.0,     70.0,  1,  2,  3,  2,     656698,     941771,     656698,     941771
 1,    2509326,     21.0,     20.0,     21.0,     64.0,  1,  2,  3,  2,     656703,     656703,     656703,     656703
 1,    2509332,     17.0,     16.0,     18.0,     53.0,  1,  2,  3,  2,    2509332,    2509332,    2509332,    2509332
 1,    2076943,     10.0,     10.0,     11.0,     32.0,  1,  2,  3,  2,    2076943,    2076943,    2076943,    2076943
 1,    2509375,     18.0,     18.0,     18.0,     54.0,  9, 10, 11, 10,    2360283,    2360283,    2360283,    2360283
 1,    2509370,     55.0,     54.0,     55.0,    166.0,  9, 10, 11,  9,      84686,      84686,      84686,      84686
 1,    2509380,     18.0,     18.0,     18.0,     56.0,  9, 10, 11,  9,    2360285,    2360285,    2360285,    2360285
 1,    2509381,     18.0,     18.0,     18.0,     55.0,  9, 10, 11, 11,    2360281,    2360281,    2360281,    2360281
 1,    2509386,     52.0,     52.0,     53.0,    163.0,  9, 10, 11,  9,      84686,      84686,      84686,      84686
 1,    2509396,     18.0,     18.0,     18.0,     56.0,  9, 10, 11,  9,    2360296,    2360296,    2360296,    2360296
 1,    2579046,     17.0,     17.0,     17.0,     54.0,  9, 10, 11,  9,    2360300,    2360300,    2360300,    2360300
 1,    2509401,     50.0,     50.0,     50.0,    159.0,  9, 10, 11,  9,      84686,      84686,      84686,      84686
 1,    2509417,     17.0,     17.0,     17.0,     54.0,  9, 10, 11,  9,    2360304,    2360304,    2360304,    2360304
 1,    2578144,     12.0,     12.0,     12.0,     38.0,  1,  2,  3,  1,     586707,     586707,     586707,     586707
 1,    2578230,     19.0,     19.0,     19.0,     61.0,  1,  2,  3,  1,    2509420,    2509420,    2509420,    2509420
 1,    2509425,     13.0,     13.0,     13.0,     42.0,  1,  2,  3,  1,    2509425,    2509425,    2509425,    2509425
 1,    2509420,     16.0,     17.0,     17.0,     53.0,  1,  2,  3,  1,    2509420,    2509420,    2509420,    2509420
 1,    2509439,     10.0,     11.0,     11.0,     34.0,  1,  2,  3,  1,    2509439,    2509434,    2509434,    2509439
 1,    2509464,     18.0,     18.0,     18.0,     54.0,  9, 10, 11, 10,    2360333,    2360333,    2360333,    2360333
 1,    2576425,     53.0,     53.0,     54.0,    169.0,  9, 10, 11,  9,      84582,      84582,      84582,      84582
 1,    2575560,     37.0,     38.0,     38.0,    119.0,  1,  2,  3,  1,     586692,     586692,     586692,     586692
 2,      46626,     44.0,     44.0,     44.0,    140.0,  9, 10, 11, 10,      84612,      84612,      84612,      84612
 2,      46663,     31.0,     29.0,     31.0,     95.0,  1,  2,  3,  2,      46663,      46663,      46663,      46663
 2,    2381944,     26.0,     24.0,     26.0,     79.0,  1,  2,  3,  2,    2381941,    2381941,    2381941,    2381941
 2,    3746327,     27.0,     25.0,     27.0,     82.0,  1,  2,  3,  2,    2381941,    2381941,    2381941,    2381941
 2,    2381927,     34.0,     33.0,     33.0,    106.0,  9, 10, 11, 10,      84701,      84701,      84701,      84701
 2,    2509288,     17.0,     17.0,     17.0,     54.0,  9, 10, 11,  9,    2277072,    2277072,    2277072,    2277072
 2,    2509293,     17.0,     17.0,     17.0,     54.0,  9, 10, 11, 10,    2360204,    2360204,    2360204,    2360204
 2,      46660,     52.0,     49.0,     52.0,    158.0,  9, 10, 11, 10,    1085684,    1085684,    1085684,    1085684
 2,    2580958,     52.0,     50.0,     52.0,    158.0,  9, 10, 11, 10,    1085684,    1085684,    1085684,    1085684
 2,     586707,      7.0,      7.0,      7.0,     22.0,  1,  2,  3,  1,     586707,     586707,     586707,     586707
 2,     586697,     17.0,     17.0,     18.0,     55.0,  1,  2,  3,  1,     586697,     586697,     586697,     586697
 2,     653237,     24.0,     24.0,     25.0,     75.0,  9, 10, 11,  9,    1085689,    1085689,    1085689,    1085689
 2,    2509353,     17.0,     14.0,     17.0,     48.0,  1,  2,  3,  2,     656714,    2509353,     656714,     656714
 2,    2509333,     14.0,     13.0,     14.0,     43.0,  1,  2,  3,  2,     941766,     941766,    2509333,     941766
 2,    2509362,     14.0,     12.0,     14.0,     39.0,  1,  2,  3,  2,     941771,     941771,     941771,    2509362
 2,    2509338,     15.0,     14.0,     16.0,     46.0,  1,  2,  3,  2,    2509338,     941766,     941766,    2509338
 2,    2509342,     20.0,     19.0,     21.0,     61.0,  1,  2,  3,  2,    2509342,     656704,     656704,     656704
 2,    2509347,     20.0,     19.0,     21.0,     61.0,  1,  2,  3,  2,    2509347,     656704,     656704,    2509347
 2,    2509351,     19.0,     17.0,     19.0,     56.0,  1,  2,  3,  2,    2509351,     656714,    2509351,     941771
 2,    2509352,     18.0,     16.0,     18.0,     52.0,  1,  2,  3,  2,     656714,     656714,     656714,     941771
 2,    2509357,     16.0,     14.0,     16.0,     46.0,  1,  2,  3,  2,     941771,     941771,     941771,     941771
 2,    2509276,     20.0,     20.0,     20.0,     62.0,  9, 10, 11,  9,    1986388,    1986388,    1986388,    1986388
 2,    2509337,     15.0,     14.0,     15.0,     45.0,  1,  2,  3,  2,     941766,     941766,     941766,    2509337
 2,    2509340,     20.0,     18.0,     20.0,     59.0,  1,  2,  3,  2,     656704,     656704,     656704,    2509340
 2,    2509339,     17.0,     16.0,     17.0,     51.0,  1,  2,  3,  2,     656704,     656704,     656704,    2509339
 2,    2575625,     25.0,     23.0,     25.0,     75.0,  1,  2,  3,  2,    2381941,    2381941,    2381941,    2381941
 2,    2402032,     15.0,     13.0,     15.0,     41.0,  1,  2,  3,  2,     941771,     941771,     941771,    2402032
 2,    2509167,     34.0,     34.0,     34.0,    108.0,  9, 10, 11, 10,      84583,      84583,      84583,      84583
 2,    2576531,     18.0,     18.0,     18.0,     55.0,  9, 10, 11,  9,    2360156,    2360156,    2360156,    2360156
 2,    2509154,     34.0,     34.0,     34.0,    108.0,  9, 10, 11,  9,      84583,      84583,      84583,      84583
 2,    2577052,     57.0,     56.0,     57.0,    175.0,  9, 10, 11, 10,      84582,      84582,      84582,      84582
 2,    3795218,     57.0,     56.0,     57.0,    175.0,  9, 10, 11, 10,      84582,      84582,      84582,      84582
 2,    2577107,     57.0,     56.0,     57.0,    175.0,  9, 10, 11, 10,      84582,      84582,      84582,      84582
 2,    2577117,     57.0,     55.0,     57.0,    174.0,  9, 10, 11, 10,      84582,      84582,      84582,      84582
 2,    2577127,     56.0,     54.0,     56.0,    172.0,  9, 10, 11, 10,      84582,      84582,      84582,      84582
 2,    2577137,     55.0,     54.0,     55.0,    172.0,  9, 10, 11, 10,      84582,      84582,      84582,      84582
 2,    2509239,     33.0,     33.0,     34.0,    105.0,  9, 10, 11, 10,    2360177,    2360177,    2360177,    2360177
 2,    2509251,     56.0,     53.0,     56.0,    164.0,  9, 10, 11, 10,    1085684,    1085684,    1085684,    1085684
 2,    2509246,     56.0,     53.0,     56.0,    164.0,  9, 10, 11, 10,    1085684,    1085684,    1085684,    1085684
 2,    2577231,     56.0,     53.0,     55.0,    164.0,  9, 10, 11, 10,    1085684,    1085684,    1085684,    1085684
 2,    2577241,     55.0,     52.0,     55.0,    163.0,  9, 10, 11, 10,    1085684,    1085684,    1085684,    1085684
 2,    2509264,     55.0,     52.0,     54.0,    162.0,  9, 10, 11, 10,    1085684,    1085684,    1085684,    1085684
 2,    2577340,     54.0,     51.0,     53.0,    160.0,  9, 10, 11, 10,    1085684,    1085684,    1085684,    1085684
 2,    2577351,     53.0,     51.0,     53.0,    160.0,  9, 10, 11, 10,    1085684,    1085684,    1085684,    1085684
 2,    2577360,     53.0,     50.0,     53.0,    159.0,  9, 10, 11, 10,    1085684,    1085684,    1085684,    1085684
 2,     993831,     23.0,     23.0,     23.0,     73.0,  9, 10, 11,  9,    1239481,    1239481,    1239481,    1239481
 2,    2577390,     32.0,     31.0,     32.0,     98.0,  9, 10, 11, 10,    2360200,    2360200,    2360200,    2360200
 2,    2509281,     31.0,     30.0,     31.0,     97.0,  9, 10, 11, 10,    2360200,    2360200,    2360200,    2360200
 2,    2577401,     23.0,     22.0,     23.0,     72.0,  1,  2,  3,  2,    2381966,    2381941,    2381966,    2381966
 2,    2509309,     14.0,     13.0,     14.0,     43.0,  1,  2,  3,  2,    2381966,    2509309,    2381966,    2509309
 2,    2381966,     12.0,     12.0,     12.0,     38.0,  1,  2,  3,  2,    2381966,    2381966,    2381966,    2381966
 2,    2577420,     51.0,     46.0,     51.0,    149.0,  9,  2, 11,  2,    1085684,     656714,    1085684,     941771
 2,    2577438,     34.0,     30.0,     34.0,     98.0,  1,  2,  3,  2,     656698,     656714,     656698,     941771
 2,    2509318,     17.0,     17.0,     17.0,     53.0,  9, 10, 11, 10,    2360219,    2360219,    2360219,    2360219
 2,     656698,     24.0,     21.0,     24.0,     69.0,  1,  2,  3,  2,     656698,     656714,     656698,     941771
 2,    2509326,     22.0,     20.0,     22.0,     64.0,  1,  2,  3,  2,     656703,     656703,     656703,     656703
 2,    2509332,     18.0,     16.0,     18.0,     53.0,  1,  2,  3,  2,    2509332,    2509332,    2509332,    2509332
 2,    2076943,     11.0,     10.0,     11.0,     32.0,  1,  2,  3,  2,    2076943,    2076943,    2076943,    2076943
 2,    2509375,     18.0,     18.0,     18.0,     55.0,  9, 10, 11, 10,    2360283,    2360283,    2360283,    2360283
 2,    2509370,     55.0,     55.0,     55.0,    167.0,  9, 10, 11,  9,      84686,      84686,      84686,      84686
 2,    2509380,     18.0,     18.0,     18.0,     56.0,  9, 10, 11,  9,    2360285,    2360285,    2360285,    2360285
 2,    2509381,     18.0,     18.0,     18.0,     55.0,  9, 10, 11, 11,    2360281,    2360281,    2360281,    2360281
 2,    2509386,     53.0,     53.0,     53.0,    164.0,  9, 10, 11,  9,      84686,      84686,      84686,      84686
 2,    2509396,     18.0,     18.0,     18.0,     56.0,  9, 10, 11,  9,    2360296,    2360296,    2360296,    2360296
 2,    2579046,     17.0,     17.0,     17.0,     54.0,  9, 10, 11,  9,    2360300,    2360300,    2360300,    2360300
 2,    2509401,     50.0,     50.0,     51.0,    160.0,  9, 10, 11,  9,      84686,      84686,      84686,      84686
 2,    2509417,     17.0,     17.0,     17.0,     54.0,  9, 10, 11,  9,    2360304,    2360304,    2360304,    2360304
 2,    2578144,     12.0,     12.0,     12.0,     39.0,  1,  2,  3,  1,     586707,     586707,     586707,     586707
 2,    2578230,     19.0,     19.0,     20.0,     62.0,  1,  2,  3,  1,    2509420,    2509420,    2509420,    2509420
 2,    2509425,     13.0,     13.0,     13.0,     42.0,  1,  2,  3,  1,    2509425,    2509425,    2509425,    2509425
 2,    2509420,     16.0,     17.0,     17.0,     54.0,  1,  2,  3,  1,    2509420,    2509420,    2509420,    2509420
 2,    2509439,     10.0,     11.0,     11.0,     35.0,  1,  2,  3,  1,    2509439,    2509434,    2509434,    2509439
 2,    2509464,     18.0,     18.0,     18.0,     55.0,  9, 10, 11,  9,    2360333,    2360333,    2360333,    2360333
 2,    2576425,     55.0,     54.0,     55.0,    172.0,  9, 10, 11, 10,      84582,      84582,      84582,      84582
 2,    2575560,     37.0,     38.0,     39.0,    119.0,  1,  2,  3,  1,     586692,     586692,     586692,     586697
 3,      46626,     44.0,     44.0,     44.0,    141.0,  9, 10, 11,  9,      84612,      84612,      84612,      84612
 3,      46663,     30.0,     30.0,     31.0,     96.0,  1,  2,  3,  2,      46663,      46663,      46663,      46663
 3,    2381944,     25.0,     25.0,     26.0,     80.0,  1,  2,  3,  2,    2381941,    2381941,    2381941,    2381941
 3,    3746327,     26.0,     26.0,     27.0,     83.0,  1,  2,  3,  2,    2381941,    2381941,    2381941,    2381941
 3,    2381927,     34.0,     33.0,     33.0,    106.0,  9, 10, 11, 10,      84701,      84701,      84701,      84701
 3,    2509288,     17.0,     17.0,     17.0,     54.0,  9, 10, 11,  9,    2277072,    2277072,    2277072,    2277072
 3,    2509293,     17.0,     17.0,     17.0,     55.0,  9, 10, 11,  9,    2360204,    2360204,    2360204,    2360204
 3,      46660,     51.0,     50.0,     52.0,    160.0,  9, 10, 11, 10,    1085684,    1085684,    1085684,    1085684
 3,    2580958,     52.0,     50.0,     52.0,    160.0,  9, 10, 11, 10,    1085684,    1085684,    1085684,    1085684
 3,     586707,      7.0,      7.0,      7.0,     23.0,  1,  2,  3,  1,     586707,     586707,     586707,     586707
 3,     586697,     17.0,     17.0,     18.0,     55.0,  1,  2,  3,  1,     586697,     586697,     586697,     586697
 3,     653237,     24.0,     24.0,     25.0,     75.0,  9, 10, 11,  9,    1085689,    1085689,    1085689,    1085689
 3,    2509353,     16.0,     15.0,     17.0,     49.0,  1,  2,  3,  2,    2509353,     656714,     656714,    2509353
 3,    2509333,     14.0,     13.0,     14.0,     44.0,  1,  2,  3,  2,     941766,    2509333,    2509333,     941766
 3,    2509362,     13.0,     12.0,     14.0,     41.0,  1,  2,  3,  2,    2509362,    2509362,     941771,    2509362
 3,    2509338,     15.0,     14.0,     16.0,     47.0,  1,  2,  3,  2,     941766,    2509338,     941766,    2509338
 3,    2509342,     20.0,     19.0,     21.0,     62.0,  1,  2,  3,  2,     656704,     656704,     656704,    2509342
 3,    2509347,     20.0,     19.0,     21.0,     62.0,  1,  2,  3,  2,    2509347,    2509347,     656704,    2509347
 3,    2509351,     19.0,     18.0,     19.0,     58.0,  1,  2,  3,  2,     656714,     656714,    2509351,    2509351
 3,    2509352,     18.0,     17.0,     18.0,     54.0,  1,  2,  3,  2,     656714,     656714,     656714,    2402032
 3,    2509357,     16.0,     15.0,     16.0,     48.0,  1,  2,  3,  2,     656714,     656714,     941771,     941771
 3,    2509276,     20.0,     20.0,     20.0,     62.0,  9, 10, 11,  9,    1986388,    1986388,    1986388,    1986388
 3,    2509337,     15.0,     14.0,     15.0,     47.0,  1,  2,  3,  2,     941766,     941766,     941766,     941766
 3,    2509340,     20.0,     19.0,     20.0,     61.0,  1,  2,  3,  2,     656704,     656704,     656704,     656704
 3,    2509339,     17.0,     16.0,     17.0,     53.0,  1,  2,  3,  2,     656704,     656704,     656704,     656704
 3,    2575625,     24.0,     23.0,     25.0,     76.0,  1,  2,  3,  2,    2381941,    2381966,    2381941,    2381941
 3,    2402032,     14.0,     13.0,     15.0,     43.0,  1,  2,  3,  2,    2402032,    2402032,     941771,    2402032
 3,    2509167,     34.0,     34.0,     34.0,    108.0,  9, 10, 11, 10,      84583,      84583,      84583,      84583
 3,    2576531,     18.0,     18.0,     18.0,     55.0,  9, 10, 11,  9,    2360156,    2360156,    2360156,    2360156
 3,    2509154,     34.0,     34.0,     34.0,    108.0,  9, 10, 11,  9,      84583,      84583,      84583,      84583
 3,    2577052,     57.0,     56.0,     57.0,    176.0,  9, 10, 11, 10,      84582,      84582,      84582,      84582
 3,    3795218,     57.0,     56.0,     56.0,    176.0,  9, 10, 11, 10,      84582,      84582,      84582,      84582
 3,    2577107,     57.0,     56.0,     56.0,    175.0,  9, 10, 11, 10,      84582,      84582,      84582,      84582
 3,    2577117,     57.0,     56.0,     56.0,    175.0,  9, 10, 11, 10,      84582,      84582,      84582,      84582
 3,    2577127,     55.0,     55.0,     55.0,    173.0,  9, 10, 11, 10,      84582,      84582,      84582,      84582
 3,    2577137,     55.0,     54.0,     54.0,    173.0,  9, 10, 11, 10,      84582,      84582,      84582,      84582
 3,    2509239,     34.0,     33.0,     34.0,    106.0,  9, 10, 11, 10,    2360177,    2360177,    2360177,    2360177
 3,    2509251,     55.0,     54.0,     56.0,    166.0,  9, 10, 11, 10,    1085684,    1085684,    1085684,    1085684
 3,    2509246,     55.0,     54.0,     56.0,    166.0,  9, 10, 11, 10,    1085684,    1085684,    1085684,    1085684
 3,    2577231,     55.0,     54.0,     55.0,    166.0,  9, 10, 11, 10,    1085684,    1085684,    1085684,    1085684
 3,    2577241,     54.0,     53.0,     55.0,    165.0,  9, 10, 11, 10,    1085684,    1085684,    1085684,    1085684
 3,    2509264,     54.0,     53.0,     54.0,    164.0,  9, 10, 11, 10,    1085684,    1085684,    1085684,    1085684
 3,    2577340,     53.0,     51.0,     53.0,    162.0,  9, 10, 11, 10,    1085684,    1085684,    1085684,    1085684
 3,    2577351,     53.0,     51.0,     53.0,    162.0,  9, 10, 11, 10,    1085684,    1085684,    1085684,    1085684
 3,    2577360,     52.0,     51.0,     53.0,    161.0,  9, 10, 11, 10,    1085684,    1085684,    1085684,    1085684
 3,     993831,     23.0,     23.0,     23.0,     73.0,  9, 10, 11,  9,    1239481,    1239481,    1239481,    1239481
 3,    2577390,     31.0,     31.0,     32.0,     99.0,  9, 10, 11, 10,    2360200,    2360200,    2360200,    2360200
 3,    2509281,     31.0,     31.0,     32.0,     98.0,  9, 10, 11, 10,    2360200,    2360200,    2360200,    2360200
 3,    2577401,     23.0,     22.0,     23.0,     73.0,  1,  2,  3,  2,    2381941,    2381966,    2381966,    2381966
 3,    2509309,     14.0,     13.0,     14.0,     44.0,  1,  2,  3,  2,    2381966,    2509309,    2381966,    2509309
 3,    2381966,     12.0,     12.0,     12.0,     39.0,  1,  2,  3,  2,    2381966,    2381966,    2381966,    2381966
 3,    2577420,     51.0,     48.0,     51.0,    155.0,  1,  2, 11,  2,     656714,     656714,    1085684,     941771
 3,    2577438,     34.0,     31.0,     34.0,    102.0,  1,  2,  3,  2,     656698,     941771,     656698,     941771
 3,    2509318,     17.0,     17.0,     17.0,     53.0,  9, 10, 11, 10,    2360219,    2360219,    2360219,    2360219
 3,     656698,     24.0,     22.0,     24.0,     72.0,  1,  2,  3,  2,     656698,     656714,     656698,     941771
 3,    2509326,     21.0,     20.0,     22.0,     66.0,  1,  2,  3,  2,     656703,     656703,     656703,     656703
 3,    2509332,     17.0,     17.0,     18.0,     54.0,  1,  2,  3,  2,    2509332,    2509332,    2509332,    2509332
 3,    2076943,     10.0,     10.0,     11.0,     33.0,  1,  2,  3,  2,    2076943,    2076943,    2076943,    2076943
 3,    2509375,     18.0,     18.0,     18.0,     55.0,  9, 10, 11, 10,    2360283,    2360283,    2360283,    2360283
 3,    2509370,     55.0,     55.0,     55.0,    167.0,  9, 10, 11,  9,      84686,      84686,      84686,      84686
 3,    2509380,     18.0,     18.0,     18.0,     56.0,  9, 10, 11,  9,    2360285,    2360285,    2360285,    2360285
 3,    2509381,     18.0,     18.0,     18.0,     55.0,  9, 10, 11, 11,    2360281,    2360281,    2360281,    2360281
 3,    2509386,     53.0,     53.0,     53.0,    164.0,  9, 10, 11,  9,      84686,      84686,      84686,      84686
 3,    2509396,     18.0,     18.0,     18.0,     56.0,  9, 10, 11,  9,    2360296,    2360296,    2360296,    2360296
 3,    2579046,     17.0,     17.0,     17.0,     54.0,  9, 10, 11,  9,    2360300,    2360300,    2360300,    2360300
 3,    2509401,     50.0,     51.0,     51.0,    160.0,  9, 10, 11,  9,      84686,      84686,      84686,      84686
 3,    2509417,     17.0,     17.0,     17.0,     54.0,  9, 10, 11,  9,    2360304,    2360304,    2360304,    2360304
 3,    2578144,     12.0,     12.0,     12.0,     39.0,  1,  2,  3,  1,     586707,     586707,     586707,     586707
 3,    2578230,     19.0,     19.0,     19.0,     62.0,  1,  2,  3,  1,    2509420,    2509420,    2509420,    2509420
 3,    2509425,     13.0,     13.0,     13.0,     42.0,  1,  2,  3,  1,    2509425,    2509425,    2509425,    2509425
 3,    2509420,     16.0,     17.0,     17.0,     54.0,  1,  2,  3,  1,    2509420,    2509420,    2509420,    2509420
 3,    2509439,     11.0,     11.0,     11.0,     35.0,  1,  2,  3,  1,    2509434,    2509434,    2509434,    2509439
 3,    2509464,     18.0,     18.0,     18.0,     55.0,  9, 10, 11,  9,    2360333,    2360333,    2360333,    2360333
 3,    2576425,     55.0,     54.0,     54.0,    173.0,  9, 10, 11, 10,      84582,      84582,      84582,      84582
 3,    2575560,     37.0,     38.0,     38.0,    120.0,  1,  2,  3,  1,     586692,     586692,     586692,     586692
 4,      46626,     44.0,     44.0,     44.0,    141.0,  9,  2, 11, 10,      84612,      46626,      84612,      84612
 4,      46663,     31.0,     30.0,     30.0,     98.0,  1,  2,  3,  2,      46663,      46663,      46663,      46663
 4,    2381944,     25.0,     25.0,     25.0,     81.0,  1,  2,  3,  2,    2381941,    2381941,    2381941,    2381941
 4,    3746327,     26.0,     26.0,     26.0,     85.0,  1,  2,  3,  2,    2381966,    2381941,    2381941,    2381941
 4,    2381927,     34.0,     33.0,     33.0,    105.0,  9, 10, 11, 11,      84701,      84701,      84701,      84701
 4,    2509288,     17.0,     17.0,     17.0,     54.0,  9, 10, 11,  9,    2277072,    2277072,    2277072,    2277072
 4,    2509293,     17.0,     17.0,     17.0,     55.0,  9, 10, 11,  9,    2360204,    2360204,    2360204,    2360204
 4,      46660,     52.0,     51.0,     51.0,    163.0,  9, 10, 11, 10,    1085684,    1085684,    1085684,    1085684
 4,    2580958,     52.0,     51.0,     52.0,    164.0,  9, 10, 11, 10,    1085684,    1085684,    1085684,    1085684
 4,     586707,      7.0,      7.0,      7.0,     22.0,  1,  2,  3,  1,     586707,     586707,     586707,     586707
 4,     586697,     17.0,     17.0,     17.0,     55.0,  1,  2,  3,  1,     586697,     586697,     586697,     586697
 4,     653237,     24.0,     24.0,     24.0,     75.0,  9, 10, 11,  9,    1085689,    1085689,    1085689,    1085689
 4,    2509353,     16.0,     16.0,     16.0,     52.0,  1,  2,  3,  2,    2509353,     656714,    2509353,    2509353
 4,    2509333,     14.0,     14.0,     14.0,     46.0,  1,  2,  3,  2,     941766,     941766,     941766,     941766
 4,    2509362,     13.0,     13.0,     14.0,     43.0,  1,  2,  3,  2,    2509362,    2509362,     941771,    2509362
 4,    2509338,     15.0,     15.0,     15.0,     49.0,  1,  2,  3,  2,     941766,     941766,    2509338,    2509338
 4,    2509342,     20.0,     20.0,     20.0,     65.0,  1,  2,  3,  2,     656704,     656704,    2509342,    2509342
 4,    2509347,     20.0,     20.0,     20.0,     65.0,  1,  2,  3,  2,    2509347,     656704,    2509347,    2509347
 4,    2509351,     19.0,     19.0,     19.0,     61.0,  1,  2,  3,  2,    2509351,     656714,    2509351,    2509351
 4,    2509352,     18.0,     17.0,     18.0,     57.0,  1,  2,  3,  2,     656714,    2509352,     656714,    2509352
 4,    2509357,     16.0,     15.0,     16.0,     51.0,  1,  2,  3,  2,     941771,    2509357,     941771,     941771
 4,    2509276,     20.0,     20.0,     20.0,     62.0,  9, 10, 11,  9,    1986388,    1986388,    1986388,    1986388
 4,    2509337,     15.0,     15.0,     15.0,     49.0,  1,  2,  3,  2,     941766,     941766,     941766,     941766
 4,    2509340,     20.0,     19.0,     20.0,     63.0,  1,  2,  3,  2,     656704,    2509340,     656704,    2509340
 4,    2509339,     17.0,     17.0,     17.0,     55.0,  1,  2,  3,  2,     656704,     656704,     656704,     656704
 4,    2575625,     24.0,     24.0,     24.0,     78.0,  1,  2,  3,  2,    2381941,    2381941,    2381941,    2381941
 4,    2402032,     14.0,     14.0,     15.0,     46.0,  1,  2,  3,  2,    2402032,     941771,     941771,    2402032
 4,    2509167,     34.0,     34.0,     34.0,    106.0,  9, 10, 11, 11,      84583,      84583,      84583,      84583
 4,    2576531,     18.0,     17.0,     18.0,     55.0,  9, 10, 11,  9,    2360156,    2360156,    2360156,    2360156
 4,    2509154,     34.0,     34.0,     33.0,    106.0,  9, 10, 11, 11,      84583,      84583,      84583,      84583
 4,    2577052,     57.0,     55.0,     57.0,    171.0,  9, 10, 11, 10,      84582,      84582,      84582,      84582
 4,    3795218,     57.0,     54.0,     57.0,    170.0,  9, 10, 11, 10,      84582,      84582,      84582,      84582
 4,    2577107,     57.0,     54.0,     57.0,    170.0,  9, 10, 11, 10,      84582,      84582,      84582,      84582
 4,    2577117,     56.0,     54.0,     56.0,    170.0,  9, 10, 11, 10,      84582,      84582,      84582,      84582
 4,    2577127,     55.0,     53.0,     55.0,    168.0,  9, 10, 11, 10,      84582,      84582,      84582,      84582
 4,    2577137,     55.0,     52.0,     55.0,    168.0,  9, 10, 11, 10,      84582,      84582,      84582,      84582
 4,    2509239,     33.0,     33.0,     34.0,    105.0,  9, 10, 11, 10,    2360177,    2360177,    2360177,    2360177
 4,    2509251,     56.0,     55.0,     55.0,    169.0,  9, 10, 11, 10,    1085684,    1085684,    1085684,    1085684
 4,    2509246,     56.0,     55.0,     56.0,    170.0,  9, 10, 11, 10,    1085684,    1085684,    1085684,    1085684
 4,    2577231,     55.0,     55.0,     55.0,    169.0,  9, 10, 11, 10,    1085684,    1085684,    1085684,    1085684
 4,    2577241,     55.0,     54.0,     55.0,    168.0,  9, 10, 11, 10,    1085684,    1085684,    1085684,    1085684
 4,    2509264,     54.0,     54.0,     54.0,    167.0,  9, 10, 11, 10,    1085684,    1085684,    1085684,    1085684
 4,    2577340,     53.0,     53.0,     53.0,    166.0,  9, 10, 11, 10,    1085684,    1085684,    1085684,    1085684
 4,    2577351,     53.0,     52.0,     53.0,    165.0,  9, 10, 11, 10,    1085684,    1085684,    1085684,    1085684
 4,    2577360,     53.0,     52.0,     52.0,    165.0,  9, 10, 11, 10,    1085684,    1085684,    1085684,    1085684
 4,     993831,     23.0,     23.0,     23.0,     72.0,  9, 10, 11, 10,    1239481,    1239481,    1239481,    1239481
 4,    2577390,     32.0,     32.0,     32.0,    100.0,  9, 10, 11, 10,    2360200,    2360200,    2360200,    2360200
 4,    2509281,     31.0,     31.0,     31.0,     99.0,  9, 10, 11, 10,    2360200,    2360200,    2360200,    2360200
 4,    2577401,     23.0,     23.0,     23.0,     74.0,  1,  2,  3,  2,    2381966,    2381941,    2381941,    2381966
 4,    2509309,     14.0,     14.0,     14.0,     44.0,  1,  2,  3,  2,    2381966,    2381966,    2381966,    2509309
 4,    2381966,     12.0,     12.0,     12.0,     39.0,  1,  2,  3,  2,    2381966,    2381966,    2381966,    2381966
 4,    2577420,     51.0,     50.0,     51.0,    162.0,  9, 10, 11, 10,    1085684,    1085684,    1085684,    1085684
 4,    2577438,     34.0,     33.0,     34.0,    108.0,  1,  2,  3,  2,     656698,     656698,     656698,     656714
 4,    2509318,     17.0,     17.0,     17.0,     54.0,  9, 10, 11,  9,    2360219,    2360219,    2360219,    2360219
 4,     656698,     24.0,     23.0,     24.0,     76.0,  1,  2,  3,  2,     656698,     656714,     656698,     941771
 4,    2509326,     21.0,     21.0,     22.0,     68.0,  1,  2,  3,  2,     656703,     656703,     656703,     656703
 4,    2509332,     18.0,     17.0,     18.0,     56.0,  1,  2,  3,  2,    2509332,    2509332,    2509332,    2509332
 4,    2076943,     11.0,     10.0,     11.0,     34.0,  1,  2,  3,  2,    2076943,    2076943,    2076943,    2076943
 4,    2509375,     18.0,     18.0,     18.0,     55.0,  9, 10, 11, 10,    2360283,    2360283,    2360283,    2360283
 4,    2509370,     54.0,     54.0,     54.0,    165.0,  9, 10, 11,  9,      84686,      84686,      84686,      84686
 4,    2509380,     18.0,     18.0,     18.0,     56.0,  9, 10, 11,  9,    2360285,    2360285,    2360285,    2360285
 4,    2509381,     18.0,     18.0,     18.0,     55.0,  9, 10, 11, 11,    2360281,    2360281,    2360281,    2360281
 4,    2509386,     52.0,     52.0,     52.0,    162.0,  9, 10, 11,  9,      84686,      84686,      84686,      84686
 4,    2509396,     18.0,     18.0,     18.0,     56.0,  9, 10, 11,  9,    2360296,    2360296,    2360296,    2360296
 4,    2579046,     17.0,     17.0,     17.0,     54.0,  9, 10, 11,  9,    2360300,    2360300,    2360300,    2360300
 4,    2509401,     50.0,     50.0,     50.0,    158.0,  9, 10, 11,  9,      84686,      84686,      84686,      84686
 4,    2509417,     17.0,     17.0,     17.0,     54.0,  9, 10, 11,  9,    2360304,    2360304,    2360304,    2360304
 4,    2578144,     12.0,     12.0,     12.0,     38.0,  1,  2,  3,  1,     586707,     586707,     586707,     586707
 4,    2578230,     19.0,     19.0,     19.0,     61.0,  1,  2,  3,  1,    2509420,    2509420,    2509420,    2509420
 4,    2509425,     13.0,     13.0,     13.0,     42.0,  1,  2,  3,  1,    2509425,    2509425,    2509425,    2509425
 4,    2509420,     16.0,     17.0,     17.0,     53.0,  1,  2,  3,  1,    2509420,    2509420,    2509420,    2509420
 4,    2509439,     10.0,     11.0,     11.0,     34.0,  1,  2,  3,  1,    2509439,    2509434,    2509434,    2509439
 4,    2509464,     18.0,     18.0,     18.0,     55.0,  9, 10, 11,  9,    2360333,    2360333,    2360333,    2360333
 4,    2576425,     55.0,     53.0,     55.0,    168.0,  9, 10, 11, 10,      84582,      84582,      84582,      84582
 4,    2575560,     36.0,     38.0,     38.0,    118.0,  1,  2,  3,  1,     586697,     586692,     586692,     586697
 5,      46626,     44.0,     44.0,     44.0,    141.0,  9,  2, 11, 10,      84612,      46626,      84612,      84612
 5,      46663,     31.0,     30.0,     31.0,     98.0,  1,  2,  3,  2,      46663,      46663,      46663,      46663
 5,    2381944,     26.0,     25.0,     26.0,     81.0,  1,  2,  3,  2,    2381941,    2381941,    2381941,    2381941
 5,    3746327,     27.0,     26.0,     27.0,     85.0,  1,  2,  3,  2,    2381941,    2381941,    2381941,    2381941
 5,    2381927,     34.0,     33.0,     33.0,    105.0,  9, 10, 11, 11,      84701,      84701,      84701,      84701
 5,    2509288,     17.0,     17.0,     17.0,     54.0,  9, 10, 11,  9,    2277072,    2277072,    2277072,    2277072
 5,    2509293,     17.0,     17.0,     17.0,     55.0,  9, 10, 11,  9,    2360204,    2360204,    2360204,    2360204
 5,      46660,     53.0,     52.0,     53.0,    167.0,  9, 10, 11, 10,    1085684,    1085684,    1085684,    1085684
 5,    2580958,     54.0,     53.0,     53.0,    167.0,  9, 10, 11, 10,    1085684,    1085684,    1085684,    1085684
 5,     586707,      7.0,      7.0,      7.0,     22.0,  1,  2,  3,  1,     586707,     586707,     586707,     586707
 5,     586697,     17.0,     17.0,     18.0,     55.0,  1,  2,  3,  1,     586697,     586697,     586697,     586697
 5,     653237,     24.0,     24.0,     25.0,     75.0,  9, 10, 11,  9,    1085689,    1085689,    1085689,    1085689
 5,    2509353,     17.0,     16.0,     17.0,     52.0,  1,  2,  3,  2,     656714,     656714,     656714,    2509353
 5,    2509333,     14.0,     14.0,     14.0,     46.0,  1,  2,  3,  2,    2509333,     941766,    2509333,     941766
 5,    2509362,     14.0,     13.0,     14.0,     43.0,  1,  2,  3,  2,     941771,    2509362,     941771,    2509362
 5,    2509338,     16.0,     15.0,     16.0,     49.0,  1,  2,  3,  2,     941766,     941766,     941766,    2509338
 5,    2509342,     20.0,     20.0,     21.0,     65.0,  1,  2,  3,  2,    2509342,     656704,     656704,    2509342
 5,    2509347,     21.0,     20.0,     21.0,     65.0,  1,  2,  3,  2,     656704,     656704,     656704,    2509347
 5,    2509351,     19.0,     19.0,     20.0,     61.0,  1,  2,  3,  2,    2509351,     656714,     656714,    2509351
 5,    2509352,     18.0,     17.0,     18.0,     57.0,  1,  2,  3,  2,     656714,    2509352,    2509352,    2509352
 5,    2509357,     16.0,     15.0,     16.0,     51.0,  1,  2,  3,  2,     941771,    2509357,     941771,    2509357
 5,    2509276,     22.0,     22.0,     22.0,     68.0,  9, 10, 11,  9,    1986388,    1986388,    1986388,    1986388
 5,    2509337,     15.0,     15.0,     15.0,     49.0,  1,  2,  3,  2,     941766,     941766,    2509337,     941766
 5,    2509340,     20.0,     19.0,     20.0,     63.0,  1,  2,  3,  2,     656704,    2509340,     656704,    2509340
 5,    2509339,     17.0,     17.0,     17.0,     55.0,  1,  2,  3,  2,     656704,     656704,    2509339,     656704
 5,    2575625,     25.0,     24.0,     25.0,     78.0,  1,  2,  3,  2,    2381941,    2381941,    2381941,    2381941
 5,    2402032,     15.0,     14.0,     15.0,     46.0,  1,  2,  3,  2,     941771,     941771,     941771,    2402032
 5,    2509167,     34.0,     34.0,     33.0,    104.0,  9, 10, 11, 11,      84583,      84583,      84583,      84583
 5,    2576531,     18.0,     17.0,     18.0,     55.0,  9, 10, 11,  9,    2360156,    2360156,    2360156,    2360156
 5,    2509154,     34.0,     34.0,     33.0,    104.0,  9, 10, 11, 11,      84583,      84583,      84583,      84583
 5,    2577052,     56.0,     53.0,     56.0,    165.0,  9, 10, 11, 10,      84582,      84582,      84582,      84582
 5,    3795218,     55.0,     52.0,     56.0,    164.0,  9, 10, 11, 10,      84582,      84582,      84582,      84582
 5,    2577107,     55.0,     52.0,     56.0,    164.0,  9, 10, 11, 10,      84582,      84582,      84582,      84582
 5,    2577117,     55.0,     52.0,     56.0,    164.0,  9, 10, 11, 10,      84582,      84582,      84582,      84582
 5,    2577127,     54.0,     51.0,     55.0,    162.0,  9, 10, 11, 10,      84582,      84582,      84582,      84582
 5,    2577137,     53.0,     51.0,     54.0,    162.0,  9, 10, 11, 10,      84582,      84582,      84582,      84582
 5,    2509239,     33.0,     33.0,     34.0,    103.0,  9, 10, 11,  9,    2360177,    2360177,    2360177,    2360177
 5,    2509251,     57.0,     56.0,     57.0,    173.0,  9, 10, 11, 10,    1085684,    1085684,    1085684,    1085684
 5,    2509246,     57.0,     56.0,     57.0,    174.0,  9, 10, 11, 10,    1085684,    1085684,    1085684,    1085684
 5,    2577231,     57.0,     56.0,     57.0,    173.0,  9, 10, 11, 10,    1085684,    1085684,    1085684,    1085684
 5,    2577241,     56.0,     55.0,     56.0,    172.0,  9, 10, 11, 10,    1085684,    1085684,    1085684,    1085684
 5,    2509264,     56.0,     55.0,     56.0,    171.0,  9, 10, 11, 10,    1085684,    1085684,    1085684,    1085684
 5,    2577340,     55.0,     54.0,     55.0,    169.0,  9, 10, 11, 10,    1085684,    1085684,    1085684,    1085684
 5,    2577351,     55.0,     54.0,     55.0,    169.0,  9, 10, 11, 10,    1085684,    1085684,    1085684,    1085684
 5,    2577360,     54.0,     53.0,     54.0,    168.0,  9, 10, 11, 10,    1085684,    1085684,    1085684,    1085684
 5,     993831,     23.0,     23.0,     23.0,     73.0,  9, 10, 11,  9,    1239481,    1239481,    1239481,    1239481
 5,    2577390,     32.0,     31.0,     32.0,     98.0,  9, 10, 11, 10,    2360200,    2360200,    2360200,    2360200
 5,    2509281,     31.0,     31.0,     31.0,     98.0,  9, 10, 11, 10,    2360200,    2360200,    2360200,    2360200
 5,    2577401,     23.0,     23.0,     23.0,     74.0,  1,  2,  3,  2,    2381966,    2381941,    2381966,    2381966
 5,    2509309,     14.0,     14.0,     14.0,     45.0,  1,  2,  3,  2,    2381966,    2381966,    2381966,    2509309
 5,    2381966,     12.0,     12.0,     12.0,     39.0,  1,  2,  3,  2,    2381966,    2381966,    2381966,    2381966
 5,    2577420,     53.0,     51.0,     52.0,    165.0,  1,  2, 11,  2,     656698,     656698,    1085684,     656714
 5,    2577438,     34.0,     33.0,     35.0,    108.0,  1,  2,  3,  2,     656704,     656698,     656698,     656714
 5,    2509318,     17.0,     17.0,     17.0,     54.0,  9, 10, 11,  9,    2360219,    2360219,    2360219,    2360219
 5,     656698,     24.0,     23.0,     25.0,     77.0,  1,  2,  3,  2,     656698,     941771,     656698,     656698
 5,    2509326,     22.0,     21.0,     22.0,     69.0,  1,  2,  3,  2,     656703,     656703,     656703,     656703
 5,    2509332,     18.0,     17.0,     18.0,     56.0,  1,  2,  3,  2,    2509332,    2509332,    2509332,    2509332
 5,    2076943,     11.0,     10.0,     11.0,     34.0,  1,  2,  3,  2,    2076943,    2076943,    2076943,    2076943
 5,    2509375,     18.0,     18.0,     18.0,     55.0,  9, 10, 11, 10,    2360283,    2360283,    2360283,    2360283
 5,    2509370,     54.0,     54.0,     55.0,    165.0,  9, 10, 11,  9,      84686,      84686,      84686,      84686
 5,    2509380,     18.0,     18.0,     18.0,     56.0,  9, 10, 11,  9,    2360285,    2360285,    2360285,    2360285
 5,    2509381,     18.0,     18.0,     18.0,     55.0,  9, 10, 11, 11,    2360281,    2360281,    2360281,    2360281
 5,    2509386,     52.0,     52.0,     52.0,    162.0,  9, 10, 11,  9,      84686,      84686,      84686,      84686
 5,    2509396,     18.0,     18.0,     18.0,     56.0,  9, 10, 11,  9,    2360296,    2360296,    2360296,    2360296
 5,    2579046,     17.0,     17.0,     17.0,     54.0,  9, 10, 11,  9,    2360300,    2360300,    2360300,    2360300
 5,    2509401,     50.0,     50.0,     50.0,    159.0,  9, 10, 11,  9,      84686,      84686,      84686,      84686
 5,    2509417,     17.0,     17.0,     17.0,     54.0,  9, 10, 11,  9,    2360304,    2360304,    2360304,    2360304
 5,    2578144,     12.0,     12.0,     12.0,     39.0,  1,  2,  3,  1,     586707,     586707,     586707,     586707
 5,    2578230,     19.0,     19.0,     19.0,     61.0,  1,  2,  3,  1,    2509420,    2509420,    2509420,    2509420
 5,    2509425,     13.0,     13.0,     13.0,     42.0,  1,  2,  3,  1,    2509425,    2509425,    2509425,    2509425
 5,    2509420,     16.0,     17.0,     17.0,     54.0,  1,  2,  3,  1,    2509420,    2509420,    2509420,    2509420
 5,    2509439,     10.0,     11.0,     11.0,     35.0,  1,  2,  3,  1,    2509439,    2509434,    2509434,    2509439
 5,    2509464,     18.0,     18.0,     18.0,     55.0,  9, 10, 11,  9,    2360333,    2360333,    2360333,    2360333
 5,    2576425,     53.0,     51.0,     54.0,    162.0,  9, 10, 11, 10,      84582,      84582,      84582,      84582
 5,    2575560,     37.0,     38.0,     38.0,    119.0,  1,  2,  3,  1,     586692,     586692,     586692,     586697
 6,      46626,     44.0,     44.0,     44.0,    140.0,  1,  2, 11, 10,      46626,      46626,      84612,      84612
 6,      46663,     31.0,     30.0,     31.0,     99.0,  1,  2,  3,  2,      46663,      46663,      46663,      46663
 6,    2381944,     26.0,     25.0,     26.0,     82.0,  1,  2,  3,  2,    2381941,    2381941,    2381941,    2381941
 6,    3746327,     27.0,     26.0,     27.0,     85.0,  1,  2,  3,  2,    2381941,    2381941,    2381941,    2381941
 6,    2381927,     34.0,     33.0,     33.0,    106.0,  9, 10, 11, 10,      84701,      84701,      84701,      84701
 6,    2509288,     17.0,     17.0,     17.0,     54.0,  9, 10, 11,  9,    2277072,    2277072,    2277072,    2277072
 6,    2509293,     17.0,     17.0,     17.0,     55.0,  9, 10, 11,  9,    2360204,    2360204,    2360204,    2360204
 6,      46660,     54.0,     53.0,     54.0,    170.0,  9, 10, 11, 10,    1085684,    1085684,    1085684,    1085684
 6,    2580958,     55.0,     54.0,     55.0,    171.0,  9, 10, 11, 10,     257872,     257872,     257872,    1085684
 6,     586707,      7.0,      7.0,      7.0,     23.0,  1,  2,  3,  1,     586707,     586707,     586707,     586707
 6,     586697,     17.0,     17.0,     18.0,     56.0,  1,  2,  3,  1,     586697,     586697,     586697,     586697
 6,     653237,     24.0,     24.0,     25.0,     75.0,  9, 10, 11,  9,    1085689,    1085689,    1085689,    1085689
 6,    2509353,     17.0,     16.0,     17.0,     52.0,  1,  2,  3,  2,     656714,     656714,     656714,    2509353
 6,    2509333,     14.0,     14.0,     15.0,     46.0,  1,  2,  3,  2,    2509333,     941766,     941766,     941766
 6,    2509362,     14.0,     13.0,     14.0,     43.0,  1,  2,  3,  2,     941771,    2509362,     941771,    2509362
 6,    2509338,     16.0,     15.0,     16.0,     49.0,  1,  2,  3,  2,     941766,     941766,     941766,    2509338
 6,    2509342,     21.0,     20.0,     21.0,     65.0,  1,  2,  3,  2,     656704,     656704,     656704,    2509342
 6,    2509347,     21.0,     20.0,     21.0,     65.0,  1,  2,  3,  2,     656704,     656704,     656704,    2509347
 6,    2509351,     19.0,     19.0,     20.0,     61.0,  1,  2,  3,  2,    2509351,     656714,     656714,    2509351
 6,    2509352,     18.0,     17.0,     18.0,     57.0,  1,  2,  3,  2,     656714,    2509352,    2509352,    2509352
 6,    2509357,     16.0,     15.0,     16.0,     51.0,  1,  2,  3,  2,     941771,    2509357,    2509357,    2509357
 6,    2509276,     23.0,     23.0,     23.0,     73.0,  9, 10, 11,  9,    1986388,    1986388,    1986388,    1986388
 6,    2509337,     15.0,     15.0,     16.0,     49.0,  1,  2,  3,  2,     941766,     941766,     941766,     941766
 6,    2509340,     20.0,     19.0,     20.0,     63.0,  1,  2,  3,  2,     656704,    2509340,     656704,    2509340
 6,    2509339,     17.0,     17.0,     18.0,     55.0,  1,  2,  3,  2,    2509339,     656704,     656704,    2509339
 6,    2575625,     25.0,     24.0,     25.0,     78.0,  1,  2,  3,  2,    2381941,    2381941,    2381941,    2381941
 6,    2402032,     15.0,     14.0,     15.0,     46.0,  1,  2,  3,  2,     941771,     941771,     941771,    2402032
 6,    2509167,     34.0,     33.0,     34.0,    104.0,  9, 10, 11, 10,      84583,      84583,      84583,      84583
 6,    2576531,     18.0,     16.0,     18.0,     51.0,  9, 10, 11, 10,    2360156,    2360156,    2360156,    2360156
 6,    2509154,     34.0,     33.0,     34.0,    104.0,  9, 10, 11, 10,      84583,      84583,      84583,      84583
 6,    2577052,     54.0,     54.0,     58.0,    168.0,  9, 10, 11, 10,      84582,      84582,      84582,      84582
 6,    3795218,     54.0,     53.0,     57.0,    167.0,  9, 10, 11, 10,      84582,      84582,      84582,      84582
 6,    2577107,     54.0,     53.0,     57.0,    167.0,  9, 10, 11, 10,      84582,      84582,      84582,      84582
 6,    2577117,     53.0,     53.0,     57.0,    167.0,  9, 10, 11, 10,      84582,      84582,      84582,      84582
 6,    2577127,     52.0,     52.0,     56.0,    165.0,  9, 10, 11, 10,      84582,      84582,      84582,      84582
 6,    2577137,     52.0,     52.0,     55.0,    165.0,  9, 10, 11,  9,      84582,      84582,      84582,      84582
 6,    2509239,     32.0,     33.0,     34.0,    103.0,  9, 10, 11,  9,    2360177,    2360177,    2360177,    2360177
 6,    2509251,     59.0,     58.0,     59.0,    177.0,  9, 10, 11, 10,     257872,     257872,     257872,    1085684
 6,    2509246,     59.0,     58.0,     59.0,    178.0,  9, 10, 11, 10,     257872,     257872,     257872,    1085684
 6,    2577231,     59.0,     57.0,     59.0,    177.0,  9, 10, 11, 10,     257872,    1085684,     257872,    1085684
 6,    2577241,     58.0,     57.0,     58.0,    176.0,  9, 10, 11, 10,     257872,     257872,     257872,    1085684
 6,    2509264,     57.0,     56.0,     57.0,    175.0,  9, 10, 11, 10,    1085684,    1085684,    1085684,    1085684
 6,    2577340,     56.0,     55.0,     56.0,    173.0,  9, 10, 11, 10,    1085684,     257872,    1085684,    1085684
 6,    2577351,     56.0,     55.0,     56.0,    173.0,  9, 10, 11, 10,     257872,     257872,     257872,    1085684
 6,    2577360,     55.0,     54.0,     55.0,    172.0,  9, 10, 11, 10,    1085684,    1085684,    1085684,    1085684
 6,     993831,     23.0,     23.0,     23.0,     72.0,  9, 10, 11,  9,    1239481,    1239481,    1239481,    1239481
 6,    2577390,     32.0,     31.0,     32.0,     99.0,  9, 10, 11, 10,    2360200,    2360200,    2360200,    2360200
 6,    2509281,     31.0,     31.0,     31.0,     98.0,  9, 10, 11, 10,    2360200,    2360200,    2360200,    2360200
 6,    2577401,     23.0,     23.0,     24.0,     75.0,  1,  2,  3,  2,    2381966,    2381941,    2381941,    2381966
 6,    2509309,     14.0,     14.0,     14.0,     45.0,  1,  2,  3,  2,    2381966,    2381966,    2509309,    2509309
 6,    2381966,     12.0,     12.0,     12.0,     40.0,  1,  2,  3,  1,    2381966,    2381966,    2381966,    2381966
 6,    2577420,     53.0,     51.0,     53.0,    165.0,  1,  2,  3,  2,     656698,     656698,     656698,     656714
 6,    2577438,     35.0,     33.0,     35.0,    108.0,  1,  2,  3,  2,     656698,     656714,     656698,     941771
 6,    2509318,     17.0,     17.0,     17.0,     54.0,  9, 10, 11,  9,    2360219,    2360219,    2360219,    2360219
 6,     656698,     24.0,     23.0,     25.0,     77.0,  1,  2,  3,  2,     656698,     941771,     656698,     656698
 6,    2509326,     22.0,     21.0,     22.0,     69.0,  1,  2,  3,  2,     656703,     656703,     656703,     656703
 6,    2509332,     18.0,     17.0,     18.0,     56.0,  1,  2,  3,  2,    2509332,    2509332,    2509332,    2509332
 6,    2076943,     11.0,     10.0,     11.0,     34.0,  1,  2,  3,  2,    2076943,    2076943,    2076943,    2076943
 6,    2509375,     18.0,     15.0,     18.0,     47.0,  9, 10, 11, 10,    2360283,    2360283,    2360283,    2360283
 6,    2509370,     55.0,     53.0,     55.0,    161.0,  9, 10, 11, 10,      84686,      84686,      84686,      84686
 6,    2509380,     18.0,     18.0,     18.0,     56.0,  9, 10, 11,  9,    2360285,    2360285,    2360285,    2360285
 6,    2509381,     18.0,     18.0,     18.0,     55.0,  9, 10, 11, 11,    2360281,    2360281,    2360281,    2360281
 6,    2509386,     53.0,     51.0,     53.0,    158.0,  9, 10, 11, 10,      84686,      84686,      84686,      84686
 6,    2509396,     18.0,     18.0,     18.0,     56.0,  9, 10, 11,  9,    2360296,    2360296,    2360296,    2360296
 6,    2579046,     17.0,     17.0,     17.0,     54.0,  9, 10, 11,  9,    2360300,    2360300,    2360300,    2360300
 6,    2509401,     51.0,     49.0,     51.0,    155.0,  9, 10, 11, 10,      84686,      84686,      84686,      84686
 6,    2509417,     17.0,     17.0,     17.0,     54.0,  9, 10, 11,  9,    2360304,    2360304,    2360304,    2360304
 6,    2578144,     12.0,     12.0,     12.0,     39.0,  1,  2,  3,  1,     586707,     586707,     586707,     586707
 6,    2578230,     19.0,     19.0,     20.0,     62.0,  1,  2,  3,  1,    2509420,    2509420,    2509420,    2509420
 6,    2509425,     13.0,     13.0,     13.0,     42.0,  1,  2,  3,  1,    2509425,    2509425,    2509425,    2509425
 6,    2509420,     17.0,     17.0,     17.0,     54.0,  1,  2,  3,  1,    2509420,    2509420,    2509420,    2509420
 6,    2509439,     11.0,     11.0,     11.0,     35.0,  1,  2,  3,  1,    2509434,    2509434,    2509439,    2509439
 6,    2509464,     18.0,     18.0,     18.0,     56.0,  9, 10, 11,  9,    2360333,    2360333,    2360333,    2360333
 6,    2576425,     52.0,     52.0,     55.0,    165.0,  9, 10, 11,  9,      84582,      84582,      84582,      84582
 6,    2575560,     37.0,     38.0,     39.0,    120.0,  1,  2,  3,  1,     586692,     586692,     586692,     586697
 7,      46626,     43.0,     42.0,     44.0,    136.0,  1,  2, 11,  2,      46626,      46626,      84612,      46626
 7,      46663,     30.0,     30.0,     31.0,     97.0,  1,  2,  3,  2,      46663,      46663,      46663,      46663
 7,    2381944,     25.0,     25.0,     26.0,     80.0,  1,  2,  3,  2,    2381941,    2381941,    2381941,    2381941
 7,    3746327,     26.0,     26.0,     27.0,     83.0,  1,  2,  3,  1,    2381941,    2381941,    2381941,    2381966
 7,    2381927,     33.0,     33.0,     33.0,    105.0,  9, 10, 11, 11,      84701,      84701,      84701,      84701
 7,    2509288,     17.0,     17.0,     17.0,     53.0,  9, 10, 11, 11,    2277072,    2277072,    2277072,    2277072
 7,    2509293,     17.0,     17.0,     17.0,     55.0,  9, 10, 11,  9,    2360204,    2360204,    2360204,    2360204
 7,      46660,     53.0,     53.0,     54.0,    169.0,  9, 10, 11, 10,    1085684,     257872,     257872,    1085684
 7,    2580958,     54.0,     53.0,     54.0,    170.0,  9, 10, 11, 10,     257872,    1085684,    1085684,    1085684
 7,     586707,      7.0,      7.0,      7.0,     23.0,  1,  2,  3,  1,     586707,     586707,     586707,     586707
 7,     586697,     17.0,     17.0,     17.0,     56.0,  1,  2,  3,  1,     586697,     586697,     586697,     586697
 7,     653237,     24.0,     24.0,     25.0,     75.0,  9, 10, 11,  9,    1085689,    1085689,    1085689,    1085689
 7,    2509353,     16.0,     16.0,     17.0,     52.0,  1,  2,  3,  2,    2509353,     656714,     656714,     941771
 7,    2509333,     14.0,     14.0,     14.0,     45.0,  1,  2,  3,  2,     941766,     941766,    2509333,    2509333
 7,    2509362,     13.0,     13.0,     14.0,     42.0,  1,  2,  3,  2,    2509362,     941771,     941771,    2509362
 7,    2509338,     15.0,     15.0,     16.0,     49.0,  1,  2,  3,  2,     941766,     941766,     941766,     941766
 7,    2509342,     20.0,     20.0,     21.0,     64.0,  1,  2,  3,  2,     656704,     656704,     656704,    2509342
 7,    2509347,     20.0,     20.0,     21.0,     64.0,  1,  2,  3,  2,    2509347,     656704,     656704,    2509347
 7,    2509351,     19.0,     18.0,     19.0,     60.0,  1,  2,  3,  2,     656714,    2509351,    2509351,    2509351
 7,    2509352,     18.0,     17.0,     18.0,     56.0,  1,  2,  3,  2,     656714,     656714,     656714,    2509352
 7,    2509357,     16.0,     15.0,     16.0,     50.0,  1,  2,  3,  2,     941771,     941771,     941771,    2509357
 7,    2509276,     23.0,     23.0,     23.0,     73.0,  9, 10, 11,  9,    1986388,    1986388,    1986388,    1986388
 7,    2509337,     15.0,     15.0,     15.0,     48.0,  1,  2,  3,  2,     941766,     941766,     941766,     941766
 7,    2509340,     20.0,     19.0,     20.0,     62.0,  1,  2,  3,  2,     656704,     656704,     656704,    2509340
 7,    2509339,     17.0,     17.0,     17.0,     54.0,  1,  2,  3,  2,     656704,     656704,     656704,    2509339
 7,    2575625,     23.0,     24.0,     25.0,     76.0,  1,  2,  3,  1,    2381966,    2381941,    2381941,    2381966
 7,    2402032,     14.0,     14.0,     15.0,     45.0,  1,  2,  3,  2,    2402032,     941771,     941771,    2402032
 7,    2509167,     34.0,     32.0,     34.0,    100.0,  9, 10, 11, 10,      84583,      84583,      84583,      84583
 7,    2576531,     18.0,     15.0,     18.0,     47.0,  9, 10, 11, 10,    2360156,    2360156,    2360156,    2360156
 7,    2509154,     34.0,     32.0,     34.0,    100.0,  9, 10, 11, 10,      84583,      84583,      84583,      84583
 7,    2577052,     54.0,     50.0,     57.0,    156.0,  9, 10, 11, 10,      84582,      84582,      84582,      84582
 7,    3795218,     53.0,     49.0,     56.0,    155.0,  9, 10, 11, 10,      84582,      84582,      84582,      84582
 7,    2577107,     53.0,     49.0,     56.0,    155.0,  9, 10, 11, 10,      84582,      84582,      84582,      84582
 7,    2577117,     53.0,     49.0,     56.0,    155.0,  9, 10, 11, 10,      84582,      84582,      84582,      84582
 7,    2577127,     52.0,     48.0,     55.0,    153.0,  9, 10, 11, 10,      84582,      84582,      84582,      84582
 7,    2577137,     51.0,     48.0,     54.0,    153.0,  9, 10, 11, 10,      84582,      84582,      84582,      84582
 7,    2509239,     32.0,     33.0,     34.0,    102.0,  9, 10, 11,  9,    2360177,    2360177,    2360177,    2360177
 7,    2509251,     58.0,     57.0,     58.0,    176.0,  9, 10, 11, 10,     257872,    1085684,    1085684,    1085684
 7,    2509246,     58.0,     57.0,     58.0,    177.0,  9, 10, 11, 10,     257872,    1085684,    1085684,     257872
 7,    2577231,     57.0,     57.0,     58.0,    176.0,  9, 10, 11, 10,    1085684,     257872,     257872,    1085684
 7,    2577241,     57.0,     56.0,     57.0,    175.0,  9, 10, 11, 10,     257872,    1085684,    1085684,    1085684
 7,    2509264,     56.0,     56.0,     57.0,    174.0,  9, 10, 11, 10,    1085684,     257872,     257872,    1085684
 7,    2577340,     55.0,     55.0,     56.0,    172.0,  9, 10, 11, 10,     257872,     257872,     257872,    1085684
 7,    2577351,     55.0,     54.0,     55.0,    172.0,  9, 10, 11, 10,     257872,    1085684,    1085684,    1085684
 7,    2577360,     54.0,     54.0,     55.0,    171.0,  9, 10, 11, 10,    1085684,     257872,     257872,    1085684
 7,     993831,     23.0,     23.0,     23.0,     73.0,  9, 10, 11,  9,    1239481,    1239481,    1239481,    1239481
 7,    2577390,     31.0,     31.0,     32.0,     97.0,  9, 10, 11,  9,    2360200,    2360200,    2360200,    2360200
 7,    2509281,     30.0,     31.0,     31.0,     97.0,  9, 10, 11,  9,    2360200,    2360200,    2360200,    2360200
 7,    2577401,     22.0,     23.0,     23.0,     73.0,  1,  2,  3,  1,    2381966,    2381941,    2381966,    2381966
 7,    2509309,     13.0,     13.0,     14.0,     44.0,  1,  2,  3,  1,    2509309,    2509309,    2381966,    2509309
 7,    2381966,     12.0,     12.0,     12.0,     39.0,  1,  2,  3,  1,    2381966,    2381966,    2381966,    2381966
 7,    2577420,     52.0,     50.0,     53.0,    162.0,  1,  2,  3,  2,     656698,     656698,     656698,     941771
 7,    2577438,     34.0,     33.0,     35.0,    106.0,  1,  2,  3,  2,     656698,     656698,     656698,     941771
 7,    2509318,     17.0,     17.0,     17.0,     54.0,  9, 10, 11,  9,    2360219,    2360219,    2360219,    2360219
 7,     656698,     24.0,     23.0,     24.0,     75.0,  1,  2,  3,  2,     656698,     656698,     656698,     941771
 7,    2509326,     21.0,     21.0,     22.0,     68.0,  1,  2,  3,  2,     656703,     656703,     656703,     656703
 7,    2509332,     17.0,     17.0,     18.0,     56.0,  1,  2,  3,  2,    2509332,    2509332,    2509332,    2509332
 7,    2076943,     10.0,     10.0,     11.0,     34.0,  1,  2,  3,  2,    2076943,    2076943,    2076943,    2076943
 7,    2509375,     18.0,     13.0,     18.0,     40.0,  9, 10, 11, 10,    2360283,    2360283,    2360283,    2360283
 7,    2509370,     55.0,     50.0,     54.0,    153.0,  9, 10, 11, 10,      84686,      84686,      84686,      84686
 7,    2509380,     18.0,     18.0,     18.0,     56.0,  9, 10, 11,  9,    2360285,    2360285,    2360285,    2360285
 7,    2509381,     18.0,     18.0,     18.0,     55.0,  9, 10, 11, 10,    2360281,    2360281,    2360281,    2360281
 7,    2509386,     53.0,     48.0,     52.0,    150.0,  9, 10, 11, 10,      84686,      84686,      84686,      84686
 7,    2509396,     18.0,     18.0,     18.0,     56.0,  9, 10, 11,  9,    2360296,    2360296,    2360296,    2360296
 7,    2579046,     17.0,     17.0,     17.0,     54.0,  9, 10, 11,  9,    2360300,    2360300,    2360300,    2360300
 7,    2509401,     50.0,     46.0,     50.0,    147.0,  9, 10, 11, 10,      84686,      84686,      84686,      84686
 7,    2509417,     17.0,     17.0,     17.0,     54.0,  9, 10, 11,  9,    2360304,    2360304,    2360304,    2360304
 7,    2578144,     12.0,     12.0,     12.0,     39.0,  1,  2,  3,  1,     586707,     586707,     586707,     586707
 7,    2578230,     19.0,     19.0,     19.0,     61.0,  1,  2,  3,  3,    2509420,    2509420,    2509420,    2509420
 7,    2509425,     13.0,     13.0,     13.0,     42.0,  1,  2,  3,  1,    2509425,    2509425,    2509425,    2509425
 7,    2509420,     16.0,     16.0,     16.0,     53.0,  1,  2,  3,  3,    2509420,    2509420,    2509420,    2509425
 7,    2509439,     11.0,     11.0,     11.0,     35.0,  1,  2,  3,  1,    2509434,    2509434,    2509434,    2509439
 7,    2509464,     18.0,     18.0,     18.0,     56.0,  9, 10, 11,  9,    2360333,    2360333,    2360333,    2360333
 7,    2576425,     52.0,     48.0,     54.0,    153.0,  9, 10, 11, 10,      84582,      84582,      84582,      84582
 7,    2575560,     37.0,     37.0,     37.0,    119.0,  1,  2,  3,  3,     586692,     586692,     586692,    2509425
 8,      46626,     44.0,     42.0,     44.0,    137.0,  1,  2,  3,  2,      46626,      46626,      46626,      46626
 8,      46663,     30.0,     29.0,     30.0,     93.0,  1,  2,  3,  2,      46663,      46663,      46663,      46663
 8,    2381944,     25.0,     24.0,     25.0,     77.0,  1,  2,  3,  2,    2381941,    2381941,    2381941,    2381966
 8,    3746327,     26.0,     25.0,     26.0,     81.0,  1,  2,  3,  2,    2381941,    2381941,    2381941,    2381941
 8,    2381927,     34.0,     33.0,     33.0,    105.0,  9, 10, 11, 11,      84701,      84701,      84701,      84701
 8,    2509288,     17.0,     17.0,     17.0,     54.0,  9, 10, 11,  9,    2277072,    2277072,    2277072,    2277072
 8,    2509293,     17.0,     17.0,     17.0,     54.0,  9, 10, 11, 10,    2360204,    2360204,    2360204,    2360204
 8,      46660,     53.0,     50.0,     53.0,    161.0,  9, 10, 11, 10,     257872,     257872,     257872,    1085684
 8,    2580958,     54.0,     51.0,     53.0,    162.0,  9, 10, 11, 10,     257872,     257872,     257872,     257872
 8,     586707,      7.0,      7.0,      7.0,     22.0,  1,  2,  3,  1,     586707,     586707,     586707,     586707
 8,     586697,     17.0,     17.0,     18.0,     55.0,  1,  2,  3,  1,     586697,     586697,     586697,     586697
 8,     653237,     24.0,     24.0,     25.0,     75.0,  9, 10, 11,  9,    1085689,    1085689,    1085689,    1085689
 8,    2509353,     16.0,     14.0,     16.0,     46.0,  1,  2,  3,  2,     656714,     656714,    2509353,     941771
 8,    2509333,     14.0,     13.0,     14.0,     41.0,  1,  2,  3,  2,     941766,     941766,     941766,    2509333
 8,    2509362,     13.0,     11.0,     13.0,     38.0,  1,  2,  3,  2,    2509362,    2509362,    2509362,    2509362
 8,    2509338,     15.0,     14.0,     15.0,     44.0,  1,  2,  3,  2,     941766,     941766,     941766,    2509338
 8,    2509342,     20.0,     18.0,     20.0,     58.0,  1,  2,  3,  2,     656704,     656704,     656704,    2509342
 8,    2509347,     20.0,     18.0,     20.0,     58.0,  1,  2,  3,  2,     656704,     656704,     656704,    2509347
 8,    2509351,     19.0,     17.0,     19.0,     54.0,  1,  2,  3,  2,     656714,     656714,     656714,     941771
 8,    2509352,     17.0,     15.0,     18.0,     50.0,  1,  2,  3,  2,    2509352,     941771,     656714,    2402032
 8,    2509357,     16.0,     14.0,     16.0,     44.0,  1,  2,  3,  2,     656714,     656714,     656714,    2509357
 8,    2509276,     23.0,     23.0,     23.0,     73.0,  9, 10, 11,  9,    1986388,    1986388,    1986388,    1986388
 8,    2509337,     15.0,     13.0,     15.0,     44.0,  1,  2,  3,  2,     941766,     941766,     941766,     941766
 8,    2509340,     19.0,     17.0,     19.0,     57.0,  1,  2,  3,  2,     656704,    2509340,    2509340,    2509340
 8,    2509339,     17.0,     15.0,     17.0,     49.0,  1,  2,  3,  2,     656704,     656704,     656704,    2509339
 8,    2575625,     24.0,     23.0,     24.0,     74.0,  1,  2,  3,  2,    2381941,    2381941,    2381941,    2381941
 8,    2402032,     14.0,     12.0,     14.0,     40.0,  1,  2,  3,  2,    2402032,    2402032,    2402032,    2402032
 8,    2509167,     34.0,     33.0,     34.0,    106.0,  9, 10, 11, 10,      84583,      84583,      84583,      84583
 8,    2576531,     18.0,     17.0,     18.0,     52.0,  9, 10, 11, 10,    2360156,    2360156,    2360156,    2360156
 8,    2509154,     34.0,     33.0,     34.0,    105.0,  9, 10, 11, 10,      84583,      84583,      84583,      84583
 8,    2577052,     54.0,     50.0,     53.0,    156.0,  9, 10, 11, 10,      84582,      84582,      84582,      84582
 8,    3795218,     54.0,     49.0,     53.0,    155.0,  9, 10, 11, 10,      84582,      84582,      84582,      84582
 8,    2577107,     54.0,     49.0,     53.0,    155.0,  9, 10, 11, 10,      84582,      84582,      84582,      84582
 8,    2577117,     53.0,     49.0,     53.0,    155.0,  9, 10, 11, 10,      84582,      84582,      84582,      84582
 8,    2577127,     52.0,     48.0,     52.0,    154.0,  9, 10, 11, 10,      84582,      84582,      84582,      84582
 8,    2577137,     52.0,     48.0,     51.0,    153.0,  9, 10, 11, 10,      84582,      84582,      84582,      84582
 8,    2509239,     33.0,     33.0,     33.0,    105.0,  9, 10, 11,  9,    2360177,    2360177,    2360177,    2360177
 8,    2509251,     58.0,     55.0,     57.0,    169.0,  9, 10, 11, 10,     257872,     257872,     257872,     257872
 8,    2509246,     58.0,     55.0,     57.0,    169.0,  9, 10, 11, 10,     257872,     257872,     257872,     257872
 8,    2577231,     57.0,     55.0,     57.0,    168.0,  9, 10, 11, 10,    1085684,     257872,     257872,     257872
 8,    2577241,     57.0,     54.0,     56.0,    167.0,  9, 10, 11, 10,     257872,     257872,     257872,     257872
 8,    2509264,     56.0,     53.0,     56.0,    166.0,  9, 10, 11, 10,     257872,     257872,     257872,     257872
 8,    2577340,     55.0,     52.0,     55.0,    164.0,  9, 10, 11, 10,     257872,     257872,     257872,     257872
 8,    2577351,     55.0,     52.0,     54.0,    164.0,  9, 10, 11, 10,     257872,     257872,     257872,     257872
 8,    2577360,     54.0,     51.0,     54.0,    163.0,  9, 10, 11, 10,     257872,     257872,     257872,     257872
 8,     993831,     24.0,     23.0,     24.0,     73.0,  9, 10, 11,  9,    1239481,    1239481,    1239481,    1239481
 8,    2577390,     31.0,     31.0,     32.0,     97.0,  9, 10, 11, 10,    2360200,    2360200,    2360200,    2360200
 8,    2509281,     31.0,     30.0,     31.0,     96.0,  9, 10, 11, 10,    2360200,    2360200,    2360200,    2360200
 8,    2577401,     23.0,     22.0,     23.0,     71.0,  1,  2,  3,  2,    2381941,    2381941,    2381941,    2381966
 8,    2509309,     14.0,     13.0,     14.0,     42.0,  1,  2,  3,  2,    2381966,    2381966,    2381966,    2509309
 8,    2381966,     12.0,     11.0,     12.0,     38.0,  1,  2,  3,  2,    2381966,    2381966,    2381966,    2381966
 8,    2577420,     51.0,     44.0,     51.0,    144.0,  1,  2,  3,  2,     656698,     941771,     656698,    2402032
 8,    2577438,     33.0,     29.0,     33.0,     94.0,  1,  2,  3,  2,     656698,     656714,     656704,    2402032
 8,    2509318,     17.0,     17.0,     17.0,     53.0,  9, 10, 11, 10,    2360219,    2360219,    2360219,    2360219
 8,     656698,     24.0,     20.0,     24.0,     67.0,  1,  2,  3,  2,     656698,     941771,     656698,     941771
 8,    2509326,     21.0,     19.0,     21.0,     62.0,  1,  2,  3,  2,     656703,     656703,     656703,     656703
 8,    2509332,     17.0,     16.0,     17.0,     51.0,  1,  2,  3,  2,    2509332,    2509332,    2509332,    2509332
 8,    2076943,     10.0,      9.0,     10.0,     31.0,  1,  2,  3,  2,    2076943,    2076943,    2076943,    2076943
 8,    2509375,     18.0,     15.0,     18.0,     46.0,  9, 10, 11, 10,    2360283,    2360283,    2360283,    2360283
 8,    2509370,     55.0,     52.0,     55.0,    159.0,  9, 10, 11, 10,      84686,      84686,      84686,      84686
 8,    2509380,     18.0,     18.0,     18.0,     56.0,  9, 10, 11,  9,    2360285,    2360285,    2360285,    2360285
 8,    2509381,     18.0,     18.0,     18.0,     55.0,  9, 10, 11, 11,    2360281,    2360281,    2360281,    2360281
 8,    2509386,     53.0,     50.0,     53.0,    156.0,  9, 10, 11, 10,      84686,      84686,      84686,      84686
 8,    2509396,     18.0,     18.0,     18.0,     56.0,  9, 10, 11,  9,    2360296,    2360296,    2360296,    2360296
 8,    2579046,     17.0,     17.0,     17.0,     54.0,  9, 10, 11,  9,    2360300,    2360300,    2360300,    2360300
 8,    2509401,     50.0,     48.0,     51.0,    153.0,  9, 10, 11, 10,      84686,      84686,      84686,      84686
 8,    2509417,     17.0,     17.0,     17.0,     54.0,  9, 10, 11,  9,    2360304,    2360304,    2360304,    2360304
 8,    2578144,     12.0,     12.0,     12.0,     38.0,  1,  2,  3,  1,     586707,     586707,     586707,     586707
 8,    2578230,     19.0,     19.0,     20.0,     61.0,  1,  2,  3,  1,    2509420,    2509420,    2509420,    2509420
 8,    2509425,     13.0,     13.0,     13.0,     42.0,  1,  2,  3,  1,    2509425,    2509425,    2509425,    2509425
 8,    2509420,     16.0,     17.0,     17.0,     53.0,  1,  2,  3,  1,    2509420,    2509420,    2509420,    2509420
 8,    2509439,     10.0,     11.0,     11.0,     34.0,  1,  2,  3,  1,    2509439,    2509434,    2509439,    2509439
 8,    2509464,     18.0,     18.0,     18.0,     56.0,  9, 10, 11,  9,    2360333,    2360333,    2360333,    2360333
 8,    2576425,     52.0,     48.0,     51.0,    153.0,  9, 10, 11, 10,      84582,      84582,      84582,      84582
 8,    2575560,     36.0,     38.0,     39.0,    118.0,  1,  2,  3,  1,     586697,     586692,     586692,     586697
 9,      46626,     42.0,     42.0,     42.0,    136.0,  1,  2,  3,  1,      46626,      46626,      46626,      46626
 9,      46663,     30.0,     29.0,     30.0,     93.0,  1,  2,  3,  2,      46663,      46663,      46663,      46663
 9,    2381944,     24.0,     24.0,     25.0,     77.0,  1,  2,  3,  2,    2381966,    2381941,    2381941,    2381966
 9,    3746327,     25.0,     25.0,     26.0,     81.0,  1,  2,  3,  2,    2381966,    2381941,    2381941,    2381941
 9,    2381927,     33.0,     33.0,     33.0,    105.0,  9, 10, 11, 11,      84701,      84701,      84701,      84701
 9,    2509288,     17.0,     17.0,     17.0,     54.0,  9, 10, 11,  9,    2277072,    2277072,    2277072,    2277072
 9,    2509293,     17.0,     17.0,     17.0,     54.0,  9, 10, 11, 10,    2360204,    2360204,    2360204,    2360204
 9,      46660,     53.0,     50.0,     52.0,    160.0,  9, 10, 11, 10,     257872,     257872,     257872,     257872
 9,    2580958,     53.0,     50.0,     53.0,    161.0,  9, 10, 11, 10,    1085684,     257872,     257872,     257872
 9,     586707,      6.0,      7.0,      7.0,     21.0,  1,  2,  3,  1,     586707,     586707,     586707,     586707
 9,     586697,     16.0,     18.0,     18.0,     52.0,  1,  2,  3,  1,     586697,     586697,     586697,     586697
 9,     653237,     24.0,     24.0,     25.0,     74.0,  9, 10, 11,  9,    1085689,    1085689,    1085689,    1085689
 9,    2509353,     16.0,     15.0,     16.0,     48.0,  1,  2,  3,  2,    2509353,     656714,    2509353,    2509353
 9,    2509333,     14.0,     13.0,     14.0,     43.0,  1,  2,  3,  2,     941766,     941766,     941766,     941766
 9,    2509362,     13.0,     12.0,     13.0,     39.0,  1,  2,  3,  2,    2509362,     941771,    2509362,    2509362
 9,    2509338,     15.0,     14.0,     15.0,     46.0,  1,  2,  3,  2,     941766,     941766,     941766,     941766
 9,    2509342,     20.0,     18.0,     20.0,     60.0,  1,  2,  3,  2,     656704,    2509342,     656704,    2509342
 9,    2509347,     20.0,     18.0,     20.0,     60.0,  1,  2,  3,  2,     656704,    2509347,     656704,    2509347
 9,    2509351,     19.0,     17.0,     19.0,     56.0,  1,  2,  3,  2,     656714,     941771,     656714,    2509351
 9,    2509352,     18.0,     16.0,     18.0,     52.0,  1,  2,  3,  2,     656714,     656714,     656714,    2509352
 9,    2509357,     16.0,     14.0,     16.0,     46.0,  1,  2,  3,  2,     656714,     941771,     656714,    2509357
 9,    2509276,     23.0,     23.0,     23.0,     73.0,  9, 10, 11,  9,    1986388,    1986388,    1986388,    1986388
 9,    2509337,     15.0,     14.0,     15.0,     45.0,  1,  2,  3,  2,     941766,     941766,     941766,    2509337
 9,    2509340,     19.0,     18.0,     19.0,     59.0,  1,  2,  3,  2,    2509340,     656704,    2509340,     656704
 9,    2509339,     17.0,     16.0,     17.0,     51.0,  1,  2,  3,  2,     656704,     656704,     656704,    2509339
 9,    2575625,     23.0,     23.0,     24.0,     74.0,  1,  2,  3,  2,    2381966,    2381941,    2381941,    2381941
 9,    2402032,     14.0,     13.0,     14.0,     42.0,  1,  2,  3,  2,    2402032,     941771,    2402032,    2402032
 9,    2509167,     34.0,     32.0,     34.0,    102.0,  9, 10, 11, 10,      84583,      84583,      84583,      84583
 9,    2576531,     18.0,     15.0,     18.0,     48.0,  9, 10, 11, 10,    2360156,    2360156,    2360156,    2360156
 9,    2509154,     34.0,     32.0,     34.0,    102.0,  9, 10, 11, 10,      84583,      84583,      84583,      84583
 9,    2577052,     53.0,     51.0,     50.0,    157.0,  9, 10, 11, 11,      84582,      84582,      84582,      84582
 9,    3795218,     52.0,     50.0,     50.0,    157.0,  9, 10, 11, 11,      84582,      84582,      84582,      84582
 9,    2577107,     52.0,     50.0,     50.0,    157.0,  9, 10, 11, 11,      84582,      84582,      84582,      84582
 9,    2577117,     52.0,     50.0,     50.0,    156.0,  9, 10, 11, 11,      84582,      84582,      84582,      84582
 9,    2577127,     51.0,     49.0,     49.0,    155.0,  9, 10, 11, 11,      84582,      84582,      84582,      84582
 9,    2577137,     50.0,     49.0,     48.0,    154.0,  9, 10, 11, 11,      84582,      84582,      84582,      84582
 9,    2509239,     31.0,     33.0,     33.0,    100.0,  9, 10, 11,  9,    2360177,    2360177,    2360177,    2360177
 9,    2509251,     57.0,     54.0,     57.0,    167.0,  9, 10, 11, 10,     257872,     257872,     257872,    1085684
 9,    2509246,     57.0,     54.0,     57.0,    168.0,  9, 10, 11, 10,    1085684,    1085684,     257872,     257872
 9,    2577231,     57.0,     54.0,     56.0,    167.0,  9, 10, 11, 10,     257872,     257872,    1085684,     257872
 9,    2577241,     56.0,     53.0,     56.0,    166.0,  9, 10, 11, 10,     257872,     257872,     257872,     257872
 9,    2509264,     56.0,     53.0,     55.0,    165.0,  9, 10, 11, 10,     257872,     257872,     257872,     257872
 9,    2577340,     54.0,     52.0,     54.0,    163.0,  9, 10, 11, 10,    1085684,     257872,     257872,     257872
 9,    2577351,     54.0,     52.0,     54.0,    163.0,  9, 10, 11, 10,    1085684,     257872,     257872,     257872
 9,    2577360,     54.0,     51.0,     53.0,    162.0,  9, 10, 11, 10,     257872,     257872,     257872,     257872
 9,     993831,     24.0,     24.0,     24.0,     73.0,  9, 10, 11, 10,    1239481,    1239481,    1239481,    1239481
 9,    2577390,     31.0,     31.0,     31.0,     98.0,  9, 10, 11,  9,    2360200,    2360200,    2360200,    2360200
 9,    2509281,     30.0,     30.0,     30.0,     97.0,  9, 10, 11,  9,    2360200,    2360200,    2360200,    2360200
 9,    2577401,     22.0,     22.0,     23.0,     71.0,  1,  2,  3,  2,    2381966,    2381941,    2381941,    2381966
 9,    2509309,     13.0,     13.0,     14.0,     42.0,  1,  2,  3,  2,    2509309,    2381966,    2381966,    2509309
 9,    2381966,     12.0,     11.0,     12.0,     38.0,  1,  2,  3,  1,    2381966,    2381966,    2381966,    2381966
 9,    2577420,     51.0,     46.0,     51.0,    151.0,  1,  2,  3,  2,     656698,     941771,     656698,     941771
 9,    2577438,     34.0,     30.0,     34.0,     99.0,  1,  2,  3,  2,     656698,     941771,     656698,     941771
 9,    2509318,     17.0,     17.0,     17.0,     53.0,  9, 10, 11, 10,    2360219,    2360219,    2360219,    2360219
 9,     656698,     24.0,     21.0,     24.0,     70.0,  1,  2,  3,  2,     656698,     941771,     656698,     656714
 9,    2509326,     21.0,     20.0,     21.0,     64.0,  1,  2,  3,  2,     656703,     656703,     656703,     656703
 9,    2509332,     17.0,     16.0,     17.0,     52.0,  1,  2,  3,  2,    2509332,    2509332,    2509332,    2509332
 9,    2076943,     10.0,     10.0,     10.0,     32.0,  1,  2,  3,  2,    2076943,    2076943,    2076943,    2076943
 9,    2509375,     18.0,     18.0,     18.0,     54.0,  9, 10, 11, 10,    2360283,    2360283,    2360283,    2360283
 9,    2509370,     54.0,     55.0,     55.0,    164.0,  9, 10, 11,  9,      84686,      84686,      84686,      84686
 9,    2509380,     18.0,     18.0,     18.0,     56.0,  9, 10, 11,  9,    2360285,    2360285,    2360285,    2360285
 9,    2509381,     18.0,     18.0,     18.0,     55.0,  9, 10, 11, 11,    2360281,    2360281,    2360281,    2360281
 9,    2509386,     52.0,     53.0,     53.0,    161.0,  9, 10, 11,  9,      84686,      84686,      84686,      84686
 9,    2509396,     18.0,     18.0,     18.0,     56.0,  9, 10, 11,  9,    2360296,    2360296,    2360296,    2360296
 9,    2579046,     17.0,     17.0,     17.0,     54.0,  9, 10, 11,  9,    2360300,    2360300,    2360300,    2360300
 9,    2509401,     49.0,     51.0,     50.0,    157.0,  9, 10, 11,  9,      84686,      84686,      84686,      84686
 9,    2509417,     17.0,     17.0,     17.0,     54.0,  9, 10, 11,  9,    2360304,    2360304,    2360304,    2360304
 9,    2578144,     11.0,     12.0,     12.0,     36.0,  1,  2,  3,  1,     586707,     586707,     586707,     586707
 9,    2578230,     18.0,     19.0,     20.0,     58.0,  1,  2,  3,  1,    2509420,    2509420,    2509420,    2509420
 9,    2509425,     12.0,     13.0,     13.0,     40.0,  1,  2,  3,  1,    2509425,    2509425,    2509425,    2509425
 9,    2509420,     16.0,     17.0,     17.0,     51.0,  1,  2,  3,  1,    2509420,    2509420,    2509420,    2509420
 9,    2509439,     10.0,     11.0,     11.0,     32.0,  1,  2,  3,  1,    2509434,    2509434,    2509439,    2509439
 9,    2509464,     18.0,     18.0,     18.0,     56.0,  9, 10, 11,  9,    2360333,    2360333,    2360333,    2360333
 9,    2576425,     50.0,     49.0,     48.0,    154.0,  9, 10, 11, 11,      84582,      84582,      84582,      84582
 9,    2575560,     35.0,     38.0,     39.0,    112.0,  1,  2,  3,  1,     586692,     586692,     586692,     586697
10,      46626,     43.0,     43.0,     43.0,    139.0,  1,  2,  3,  2,      46626,      46626,      46626,      46626
10,      46663,     29.0,     29.0,     28.0,     92.0,  1,  2,  3,  3,      46663,      46663,      46663,      46663
10,    2381944,     24.0,     24.0,     24.0,     77.0,  1,  2,  3,  2,    2381941,    2381941,    2381941,    2381941
10,    3746327,     25.0,     25.0,     25.0,     80.0,  1,  2,  3,  3,    2381941,    2381941,    2381941,    2381941
10,    2381927,     33.0,     33.0,     33.0,    104.0,  9, 10, 11, 11,      84701,      84701,      84701,      84701
10,    2509288,     17.0,     17.0,     17.0,     54.0,  9, 10, 11,  9,    2277072,    2277072,    2277072,    2277072
10,    2509293,     17.0,     17.0,     17.0,     54.0,  9, 10, 11, 11,    2360204,    2360204,    2360204,    2360204
10,      46660,     51.0,     50.0,     49.0,    158.0,  9, 10, 11, 11,    1085684,     257872,     257872,     257872
10,    2580958,     52.0,     51.0,     50.0,    158.0,  9, 10, 11, 11,     257872,     257872,     257872,     257872
10,     586707,      7.0,      7.0,      7.0,     22.0,  1,  2,  3,  1,     586707,     586707,     586707,     586707
10,     586697,     17.0,     17.0,     18.0,     55.0,  1,  2,  3,  1,     586697,     586697,     586697,     586697
10,     653237,     24.0,     24.0,     24.0,     74.0,  9, 10, 11,  9,    1085689,    1085689,    1085689,    1085689
10,    2509353,     16.0,     14.0,     15.0,     47.0,  1,  2,  3,  2,     656714,    2509353,     656714,    2509353
10,    2509333,     13.0,     13.0,     13.0,     42.0,  1,  2,  3,  2,    2509333,     941766,     941766,     941766
10,    2509362,     13.0,     12.0,     13.0,     39.0,  1,  2,  3,  2,     941771,     941771,     941771,    2509362
10,    2509338,     15.0,     14.0,     14.0,     45.0,  1,  2,  3,  2,     941766,     941766,     941766,     941766
10,    2509342,     19.0,     18.0,     19.0,     59.0,  1,  2,  3,  2,     656704,     656704,     656704,    2509342
10,    2509347,     19.0,     18.0,     19.0,     59.0,  1,  2,  3,  2,    2509347,    2509347,     656704,    2509347
10,    2509351,     18.0,     17.0,     18.0,     56.0,  1,  2,  3,  2,    2509351,     656714,     656714,     656714
10,    2509352,     17.0,     16.0,     17.0,     52.0,  1,  2,  3,  2,     656714,     656714,     656714,     656714
10,    2509357,     15.0,     14.0,     15.0,     46.0,  1,  2,  3,  2,     941771,     941771,     656714,     941771
10,    2509276,     23.0,     23.0,     23.0,     73.0,  9, 10, 11,  9,    1986388,    1986388,    1986388,    1986388
10,    2509337,     14.0,     14.0,     14.0,     44.0,  1,  2,  3,  2,     941766,     941766,     941766,    2509337
10,    2509340,     19.0,     18.0,     18.0,     58.0,  1,  2,  3,  2,     656704,     656704,     656704,     656704
10,    2509339,     16.0,     15.0,     16.0,     50.0,  1,  2,  3,  2,     656704,     656704,     656704,     656704
10,    2575625,     23.0,     23.0,     23.0,     73.0,  1,  2,  3,  1,    2381941,    2381941,    2381941,    2381966
10,    2402032,     14.0,     13.0,     13.0,     41.0,  1,  2,  3,  2,     941771,     941771,    2402032,    2402032
10,    2509167,     34.0,     33.0,     34.0,    104.0,  9, 10, 11, 10,      84583,      84583,      84583,      84583
10,    2576531,     18.0,     16.0,     18.0,     51.0,  9, 10, 11, 10,    2360156,    2360156,    2360156,    2360156
10,    2509154,     34.0,     33.0,     34.0,    104.0,  9, 10, 11, 10,      84583,      84583,      84583,      84583
10,    2577052,     54.0,     51.0,     53.0,    159.0,  9, 10, 11, 10,      84582,      84582,      84582,      84582
10,    3795218,     54.0,     51.0,     53.0,    159.0,  9, 10, 11, 10,      84582,      84582,      84582,      84582
10,    2577107,     53.0,     51.0,     53.0,    159.0,  9, 10, 11, 10,      84582,      84582,      84582,      84582
10,    2577117,     53.0,     50.0,     53.0,    159.0,  9, 10, 11, 10,      84582,      84582,      84582,      84582
10,    2577127,     52.0,     50.0,     52.0,    157.0,  9, 10, 11, 10,      84582,      84582,      84582,      84582
10,    2577137,     52.0,     49.0,     51.0,    157.0,  9, 10, 11, 10,      84582,      84582,      84582,      84582
10,    2509239,     32.0,     33.0,     33.0,    103.0,  9, 10, 11,  9,    2360177,    2360177,    2360177,    2360177
10,    2509251,     56.0,     55.0,     54.0,    165.0,  9, 10, 11, 11,     257872,     257872,     257872,     257872
10,    2509246,     56.0,     55.0,     54.0,    165.0,  9, 10, 11, 11,     257872,     257872,     257872,     257872
10,    2577231,     56.0,     54.0,     53.0,    164.0,  9, 10, 11, 11,     257872,     257872,     257872,     257872
10,    2577241,     55.0,     54.0,     53.0,    163.0,  9, 10, 11, 11,     257872,     257872,     257872,     257872
10,    2509264,     54.0,     53.0,     52.0,    162.0,  9, 10, 11, 11,    1085684,     257872,     257872,     257872
10,    2577340,     53.0,     52.0,     51.0,    160.0,  9, 10, 11, 11,     257872,     257872,     257872,     257872
10,    2577351,     53.0,     52.0,     51.0,    160.0,  9, 10, 11, 11,     257872,     257872,     257872,     257872
10,    2577360,     52.0,     51.0,     50.0,    159.0,  9, 10, 11, 11,    1085684,     257872,     257872,     257872
10,     993831,     24.0,     24.0,     24.0,     74.0,  9, 10, 11,  9,    1239481,    1239481,    1239481,    1239481
10,    2577390,     30.0,     30.0,     31.0,     95.0,  9, 10, 11, 10,    2360200,    2360200,    2360200,    2360200
10,    2509281,     30.0,     29.0,     30.0,     94.0,  9, 10, 11, 10,    2360200,    2360200,    2360200,    2360200
10,    2577401,     21.0,     22.0,     22.0,     70.0,  1,  2,  3,  1,    2381966,    2381941,    2381941,    2381966
10,    2509309,     13.0,     13.0,     13.0,     42.0,  1,  2,  3,  1,    2381966,    2381966,    2381966,    2509309
10,    2381966,     11.0,     11.0,     11.0,     37.0,  1,  2,  3,  1,    2381966,    2381966,    2381966,    2381966
10,    2577420,     49.0,     45.0,     48.0,    148.0,  1,  2,  3,  2,     656698,    2509362,     656698,     941771
10,    2577438,     32.0,     30.0,     31.0,     97.0,  1,  2,  3,  2,     656698,     656704,     656698,     941771
10,    2509318,     17.0,     17.0,     17.0,     53.0,  9, 10, 11, 10,    2360219,    2360219,    2360219,    2360219
10,     656698,     23.0,     21.0,     22.0,     69.0,  1,  2,  3,  2,     656698,     656704,     656698,     656714
10,    2509326,     20.0,     19.0,     20.0,     63.0,  1,  2,  3,  2,     656703,     656703,     656703,     656703
10,    2509332,     17.0,     16.0,     16.0,     52.0,  1,  2,  3,  2,    2509332,    2509332,    2509332,    2509332
10,    2076943,     10.0,      9.0,     10.0,     31.0,  1,  2,  3,  2,    2076943,    2076943,    2076943,    2076943
10,    2509375,     18.0,     18.0,     18.0,     55.0,  9, 10, 11, 10,    2360283,    2360283,    2360283,    2360283
10,    2509370,     54.0,     54.0,     54.0,    166.0,  9, 10, 11,  9,      84686,      84686,      84686,      84686
10,    2509380,     18.0,     18.0,     18.0,     56.0,  9, 10, 11,  9,    2360285,    2360285,    2360285,    2360285
10,    2509381,     18.0,     18.0,     18.0,     55.0,  9, 10, 11, 11,    2360281,    2360281,    2360281,    2360281
10,    2509386,     52.0,     52.0,     52.0,    162.0,  9, 10, 11,  9,      84686,      84686,      84686,      84686
10,    2509396,     18.0,     18.0,     18.0,     56.0,  9, 10, 11,  9,    2360296,    2360296,    2360296,    2360296
10,    2579046,     17.0,     17.0,     17.0,     54.0,  9, 10, 11,  9,    2360300,    2360300,    2360300,    2360300
10,    2509401,     50.0,     50.0,     50.0,    159.0,  9, 10, 11,  9,      84686,      84686,      84686,      84686
10,    2509417,     17.0,     17.0,     17.0,     54.0,  9, 10, 11,  9,    2360304,    2360304,    2360304,    2360304
10,    2578144,     12.0,     12.0,     12.0,     38.0,  1,  2,  3,  1,     586707,     586707,     586707,     586707
10,    2578230,     19.0,     19.0,     19.0,     61.0,  1,  2,  3,  1,    2509420,    2509420,    2509420,    2509420
10,    2509425,     13.0,     13.0,     13.0,     42.0,  1,  2,  3,  1,    2509425,    2509425,    2509425,    2509425
10,    2509420,     16.0,     17.0,     17.0,     53.0,  1,  2,  3,  1,    2509420,    2509420,    2509420,    2509420
10,    2509439,     10.0,     11.0,     11.0,     34.0,  1,  2,  3,  1,    2509439,    2509434,    2509434,    2509439
10,    2509464,     18.0,     18.0,     18.0,     56.0,  9, 10, 11,  9,    2360333,    2360333,    2360333,    2360333
10,    2576425,     52.0,     49.0,     51.0,    157.0,  9, 10, 11, 10,      84582,      84582,      84582,      84582
10,    2575560,     36.0,     38.0,     38.0,    118.0,  1,  2,  3,  1,     586697,     586692,     586692,     586697
11,      46626,     41.0,     42.0,     44.0,    135.0,  1,  2,  3,  1,      46626,      46626,      46626,      46626
11,      46663,     26.0,     26.0,     27.0,     85.0,  1,  2,  3,  2,    2381966,      46663,      46663,      46663
11,    2381944,     22.0,     22.0,     23.0,     70.0,  1,  2,  3,  1,    2381941,    2381941,    2381941,    2381966
11,    3746327,     22.0,     23.0,     24.0,     73.0,  1,  2,  3,  1,    2381966,    2381941,    2381941,    2381966
11,    2381927,     32.0,     32.0,     33.0,    103.0,  1,  2,  3,  1,    2381966,      46663,      46663,    2381966
11,    2509288,     17.0,     17.0,     17.0,     53.0,  9, 10, 11, 11,    2277072,    2277072,    2277072,    2277072
11,    2509293,     17.0,     17.0,     17.0,     54.0,  9, 10, 11, 10,    2360204,    2360204,    2360204,    2360204
11,      46660,     47.0,     45.0,     46.0,    145.0,  9, 10, 11, 10,     257872,     257872,     257872,     257872
11,    2580958,     48.0,     46.0,     47.0,    146.0,  9, 10, 11, 10,     257872,     257872,     257872,     257872
11,     586707,      7.0,      7.0,      7.0,     22.0,  1,  2,  3,  1,     586707,     586707,     586707,     586707
11,     586697,     17.0,     17.0,     18.0,     55.0,  1,  2,  3,  1,     586697,     586697,     586697,     586697
11,     653237,     24.0,     24.0,     24.0,     73.0,  9, 10, 11,  9,    1085689,    1085689,    1085689,    1085689
11,    2509353,     15.0,     13.0,     15.0,     42.0,  1,  2,  3,  2,     656714,     656714,     656714,     941771
11,    2509333,     13.0,     12.0,     13.0,     38.0,  1,  2,  3,  2,     941766,     941766,     941766,     941766
11,    2509362,     12.0,     10.0,     12.0,     34.0,  1,  2,  3,  2,    2509362,    2509362,    2509362,    2509362
11,    2509338,     14.0,     12.0,     14.0,     41.0,  1,  2,  3,  2,     941766,    2509338,     941766,     941766
11,    2509342,     18.0,     16.0,     18.0,     54.0,  1,  2,  3,  2,     656704,    2509342,     656704,     656704
11,    2509347,     18.0,     16.0,     18.0,     54.0,  1,  2,  3,  2,    2509347,    2509347,     656704,    2509347
11,    2509351,     17.0,     15.0,     17.0,     49.0,  1,  2,  3,  2,    2509351,     656714,    2509351,     941771
11,    2509352,     16.0,     14.0,     16.0,     46.0,  1,  2,  3,  2,     656714,     656714,     656714,     941771
11,    2509357,     14.0,     12.0,     14.0,     40.0,  1,  2,  3,  2,    2509357,     941771,     941771,    2509357
11,    2509276,     23.0,     23.0,     23.0,     73.0,  9, 10, 11,  9,    1986388,    1986388,    1986388,    1986388
11,    2509337,     14.0,     12.0,     13.0,     40.0,  1,  2,  3,  2,     941766,     941766,    2509337,    2509337
11,    2509340,     18.0,     16.0,     18.0,     52.0,  1,  2,  3,  2,     656704,     656704,     656704,    2509340
11,    2509339,     15.0,     14.0,     15.0,     45.0,  1,  2,  3,  2,     656704,     656704,     656704,    2509339
11,    2575625,     21.0,     21.0,     22.0,     67.0,  1,  2,  3,  1,    2381941,    2381941,    2381941,    2381966
11,    2402032,     13.0,     11.0,     13.0,     37.0,  1,  2,  3,  2,     941771,     941771,     941771,     941771
11,    2509167,     34.0,     32.0,     34.0,    102.0,  9, 10, 11, 10,      84583,      84583,      84583,      84583
11,    2576531,     18.0,     16.0,     18.0,     49.0,  9, 10, 11, 10,    2360156,    2360156,    2360156,    2360156
11,    2509154,     34.0,     32.0,     34.0,    102.0,  9, 10, 11, 10,      84583,      84583,      84583,      84583
11,    2577052,     51.0,     50.0,     53.0,    157.0,  9, 10, 11, 10,      84582,      84582,      84582,      84582
11,    3795218,     51.0,     50.0,     53.0,    156.0,  9, 10, 11, 10,      84582,      84582,      84582,      84582
11,    2577107,     51.0,     50.0,     53.0,    156.0,  9, 10, 11, 10,      84582,      84582,      84582,      84582
11,    2577117,     51.0,     50.0,     52.0,    156.0,  9, 10, 11, 10,      84582,      84582,      84582,      84582
11,    2577127,     50.0,     49.0,     52.0,    154.0,  9, 10, 11, 10,      84582,      84582,      84582,      84582
11,    2577137,     49.0,     48.0,     51.0,    154.0,  9, 10, 11, 10,      84582,      84582,      84582,      84582
11,    2509239,     32.0,     33.0,     33.0,    103.0,  9, 10, 11,  9,    2360177,    2360177,    2360177,    2360177
11,    2509251,     51.0,     49.0,     50.0,    152.0,  9, 10, 11, 10,    1085684,     257872,     257872,     257872
11,    2509246,     52.0,     50.0,     51.0,    152.0,  9, 10, 11, 10,     257872,     257872,     257872,     257872
11,    2577231,     51.0,     49.0,     50.0,    152.0,  9, 10, 11, 10,     257872,     257872,     257872,     257872
11,    2577241,     51.0,     49.0,     50.0,    151.0,  9, 10, 11, 10,     257872,     257872,     257872,     257872
11,    2509264,     50.0,     48.0,     49.0,    150.0,  9, 10, 11, 10,     257872,     257872,     257872,     257872
11,    2577340,     49.0,     47.0,     48.0,    148.0,  9, 10, 11, 10,     257872,     257872,     257872,     257872
11,    2577351,     49.0,     47.0,     48.0,    148.0,  9, 10, 11, 10,     257872,     257872,     257872,     257872
11,    2577360,     48.0,     46.0,     47.0,    147.0,  9, 10, 11, 10,     257872,     257872,     257872,     257872
11,     993831,     24.0,     24.0,     24.0,     75.0,  9, 10, 11,  9,    1239481,    1239481,    1239481,    1239481
11,    2577390,     25.0,     26.0,     26.0,     81.0,  9, 10, 11,  9,    2360200,    2360200,    2360200,    2360200
11,    2509281,     25.0,     26.0,     26.0,     81.0,  9, 10, 11,  9,    2360200,    2360200,    2360200,    2360200
11,    2577401,     20.0,     20.0,     21.0,     64.0,  1,  2,  3,  1,    2381966,    2381941,    2381941,    2381966
11,    2509309,     12.0,     12.0,     12.0,     39.0,  1,  2,  3,  1,    2381966,    2381966,    2509309,    2381966
11,    2381966,     10.0,     10.0,     11.0,     34.0,  1,  2,  3,  1,    2381966,    2381966,    2381966,    2381966
11,    2577420,     46.0,     40.0,     46.0,    130.0,  1,  2,  3,  2,     656698,     941771,     656698,    2509362
11,    2577438,     31.0,     26.0,     30.0,     85.0,  1,  2,  3,  2,     656698,     941771,     656698,    2509362
11,    2509318,     17.0,     16.0,     17.0,     53.0,  1,  2,  3,  2,    2509318,    2509318,    2509318,    2509318
11,     656698,     22.0,     18.0,     21.0,     60.0,  1,  2,  3,  2,     656698,    2509362,     656698,    2509362
11,    2509326,     19.0,     17.0,     19.0,     57.0,  1,  2,  3,  2,     656703,     656703,     656703,     656703
11,    2509332,     16.0,     14.0,     16.0,     47.0,  1,  2,  3,  2,    2509332,    2509332,    2509332,    2509332
11,    2076943,      9.0,      9.0,      9.0,     28.0,  1,  2,  3,  2,    2076943,    2076943,    2076943,    2076943
11,    2509375,     18.0,     17.0,     18.0,     54.0,  9, 10, 11, 10,    2360283,    2360283,    2360283,    2360283
11,    2509370,     54.0,     54.0,     55.0,    164.0,  9, 10, 11, 10,      84686,      84686,      84686,      84686
11,    2509380,     18.0,     18.0,     18.0,     56.0,  9, 10, 11,  9,    2360285,    2360285,    2360285,    2360285
11,    2509381,     18.0,     18.0,     18.0,     55.0,  9, 10, 11, 11,    2360281,    2360281,    2360281,    2360281
11,    2509386,     52.0,     52.0,     52.0,    161.0,  9, 10, 11, 10,      84686,      84686,      84686,      84686
11,    2509396,     18.0,     18.0,     18.0,     56.0,  9, 10, 11,  9,    2360296,    2360296,    2360296,    2360296
11,    2579046,     17.0,     17.0,     17.0,     54.0,  9, 10, 11,  9,    2360300,    2360300,    2360300,    2360300
11,    2509401,     50.0,     50.0,     50.0,    158.0,  9, 10, 11, 10,      84686,      84686,      84686,      84686
11,    2509417,     17.0,     17.0,     17.0,     54.0,  9, 10, 11,  9,    2360304,    2360304,    2360304,    2360304
11,    2578144,     12.0,     12.0,     12.0,     38.0,  1,  2,  3,  1,     586707,     586707,     586707,     586707
11,    2578230,     19.0,     19.0,     19.0,     61.0,  1,  2,  3,  1,    2509420,    2509420,    2509420,    2509420
11,    2509425,     13.0,     13.0,     13.0,     42.0,  1,  2,  3,  1,    2509425,    2509425,    2509425,    2509425
11,    2509420,     16.0,     16.0,     17.0,     53.0,  1,  2,  3,  1,    2509420,    2509420,    2509420,    2509420
11,    2509439,     10.0,     10.0,     11.0,     34.0,  1,  2,  3,  1,    2509439,    2509439,    2509434,    2509439
11,    2509464,     18.0,     18.0,     18.0,     56.0,  9, 10, 11,  9,    2360333,    2360333,    2360333,    2360333
11,    2576425,     49.0,     48.0,     51.0,    154.0,  9, 10, 11, 10,      84582,      84582,      84582,      84582
11,    2575560,     36.0,     37.0,     38.0,    118.0,  1,  2,  3,  1,     586697,     586692,     586692,     586697
12,      46626,     42.0,     43.0,     44.0,    136.0,  1,  2,  3,  1,      46626,      46626,      46626,      46626
12,      46663,     28.0,     28.0,     28.0,     89.0,  1,  2,  3,  3,      46663,      46663,      46663,      46663
12,    2381944,     23.0,     23.0,     23.0,     73.0,  1,  2,  3,  1,    2381941,    2381941,    2381941,    2381966
12,    3746327,     23.0,     24.0,     24.0,     76.0,  1,  2,  3,  1,    2381966,    2381941,    2381941,    2381966
12,    2381927,     33.0,     33.0,     32.0,    103.0,  1, 10, 11, 11,    2381966,      84701,      84701,      84701
12,    2509288,     17.0,     17.0,     17.0,     53.0,  9, 10, 11, 11,    2277072,    2277072,    2277072,    2277072
12,    2509293,     17.0,     17.0,     17.0,     54.0,  9, 10, 11, 10,    2360204,    2360204,    2360204,    2360204
12,      46660,     49.0,     48.0,     47.0,    152.0,  9, 10, 11, 11,    1085684,     257872,     257872,     257872
12,    2580958,     50.0,     48.0,     48.0,    153.0,  9, 10, 11, 11,     257872,     257872,     257872,     257872
12,     586707,      7.0,      7.0,      7.0,     22.0,  1,  2,  3,  1,     586707,     586707,     586707,     586707
12,     586697,     17.0,     17.0,     18.0,     54.0,  1,  2,  3,  2,     586697,     586697,     586697,    2509434
12,     653237,     24.0,     24.0,     24.0,     73.0,  9, 10, 11,  9,    1085689,    1085689,    1085689,    1085689
12,    2509353,     15.0,     14.0,     15.0,     47.0,  1,  2,  3,  2,    2509353,    2509353,     656714,    2509353
12,    2509333,     13.0,     13.0,     13.0,     41.0,  1,  2,  3,  2,     941766,     941766,     941766,    2509333
12,    2509362,     13.0,     12.0,     12.0,     39.0,  1,  2,  3,  2,     941771,     941771,    2509362,    2509362
12,    2509338,     14.0,     14.0,     14.0,     45.0,  1,  2,  3,  2,     941766,     941766,     941766,     941766
12,    2509342,     19.0,     18.0,     18.0,     59.0,  1,  2,  3,  2,     656704,     656704,    2509342,     656704
12,    2509347,     19.0,     18.0,     19.0,     59.0,  1,  2,  3,  2,     656704,     656704,     656704,    2509347
12,    2509351,     18.0,     17.0,     18.0,     55.0,  1,  2,  3,  2,     656714,     656714,     656714,    2509351
12,    2509352,     17.0,     16.0,     16.0,     51.0,  1,  2,  3,  2,     656714,     656714,    2509352,    2509352
12,    2509357,     15.0,     14.0,     15.0,     46.0,  1,  2,  3,  2,     656714,     941771,     656714,     941771
12,    2509276,     23.0,     23.0,     23.0,     73.0,  9, 10, 11,  9,    1986388,    1986388,    1986388,    1986388
12,    2509337,     14.0,     13.0,     14.0,     44.0,  1,  2,  3,  2,     941766,    2509337,     941766,     941766
12,    2509340,     18.0,     18.0,     18.0,     57.0,  1,  2,  3,  2,    2509340,     656704,     656704,    2509340
12,    2509339,     16.0,     15.0,     16.0,     50.0,  1,  2,  3,  2,     656704,     656704,     656704,     656704
12,    2575625,     22.0,     22.0,     22.0,     70.0,  1,  2,  3,  1,    2381941,    2381941,    2381941,    2381966
12,    2402032,     13.0,     13.0,     13.0,     41.0,  1,  2,  3,  2,    2402032,     941771,    2402032,    2402032
12,    2509167,     34.0,     34.0,     33.0,    106.0,  9, 10, 11, 11,      84583,      84583,      84583,      84583
12,    2576531,     18.0,     17.0,     18.0,     55.0,  9, 10, 11,  9,    2360156,    2360156,    2360156,    2360156
12,    2509154,     34.0,     34.0,     33.0,    106.0,  9, 10, 11, 11,      84583,      84583,      84583,      84583
12,    2577052,     52.0,     53.0,     54.0,    163.0,  9, 10, 11,  9,      84582,      84582,      84582,      84582
12,    3795218,     52.0,     52.0,     54.0,    163.0,  9, 10, 11,  9,      84582,      84582,      84582,      84582
12,    2577107,     52.0,     52.0,     54.0,    162.0,  9, 10, 11,  9,      84582,      84582,      84582,      84582
12,    2577117,     51.0,     52.0,     53.0,    162.0,  9, 10, 11,  9,      84582,      84582,      84582,      84582
12,    2577127,     50.0,     51.0,     52.0,    160.0,  9, 10, 11,  9,      84582,      84582,      84582,      84582
12,    2577137,     50.0,     50.0,     52.0,    159.0,  9, 10, 11,  9,      84582,      84582,      84582,      84582
12,    2509239,     33.0,     33.0,     33.0,    105.0,  9, 10, 11,  9,    2360177,    2360177,    2360177,    2360177
12,    2509251,     54.0,     52.0,     52.0,    159.0,  9, 10, 11, 11,     257872,     257872,     257872,     257872
12,    2509246,     54.0,     52.0,     52.0,    159.0,  9, 10, 11, 11,     257872,     257872,     257872,     257872
12,    2577231,     53.0,     52.0,     51.0,    159.0,  9, 10, 11, 11,     257872,     257872,     257872,     257872
12,    2577241,     53.0,     51.0,     51.0,    157.0,  9, 10, 11, 11,     257872,     257872,     257872,     257872
12,    2509264,     52.0,     51.0,     50.0,    157.0,  9, 10, 11, 11,     257872,     257872,     257872,     257872
12,    2577340,     51.0,     49.0,     49.0,    155.0,  9, 10, 11, 11,     257872,     257872,     257872,     257872
12,    2577351,     51.0,     49.0,     49.0,    154.0,  9, 10, 11, 11,     257872,     257872,     257872,     257872
12,    2577360,     50.0,     49.0,     48.0,    153.0,  9, 10, 11, 11,     257872,     257872,     257872,     257872
12,     993831,     24.0,     24.0,     24.0,     75.0,  9, 10, 11,  9,    1239481,    1239481,    1239481,    1239481
12,    2577390,     28.0,     27.0,     28.0,     87.0,  9, 10, 11, 10,    2360200,    2360200,    2360200,    2360200
12,    2509281,     28.0,     27.0,     28.0,     86.0,  9, 10, 11, 10,    2360200,    2360200,    2360200,    2360200
12,    2577401,     21.0,     21.0,     21.0,     67.0,  1,  2,  3,  1,    2381941,    2381941,    2381941,    2381966
12,    2509309,     12.0,     12.0,     12.0,     40.0,  1,  2,  3,  1,    2509309,    2509309,    2509309,    2509309
12,    2381966,     11.0,     11.0,     11.0,     35.0,  1,  2,  3,  1,    2381966,    2381966,    2381966,    2381966
12,    2577420,     48.0,     45.0,     47.0,    148.0,  1,  2,  3,  2,     656698,     941771,     656698,     656714
12,    2577438,     32.0,     30.0,     31.0,     97.0,  1,  2,  3,  2,     656698,     656698,     656698,     941771
12,    2509318,     17.0,     17.0,     17.0,     53.0,  9,  2, 11, 10,    2360219,    2509318,    2360219,    2360219
12,     656698,     22.0,     21.0,     22.0,     69.0,  1,  2,  3,  2,     656698,     656698,     656698,     656714
12,    2509326,     20.0,     19.0,     20.0,     62.0,  1,  2,  3,  2,     656703,     656703,     656703,     656703
12,    2509332,     16.0,     16.0,     16.0,     51.0,  1,  2,  3,  2,    2509332,    2509332,    2509332,    2509332
12,    2076943,     10.0,      9.0,     10.0,     31.0,  1,  2,  3,  2,    2076943,    2076943,    2076943,    2076943
12,    2509375,     18.0,     17.0,     18.0,     52.0,  9, 10, 11, 10,    2360283,    2360283,    2360283,    2360283
12,    2509370,     55.0,     53.0,     54.0,    163.0,  9, 10, 11, 10,      84686,      84686,      84686,      84686
12,    2509380,     18.0,     18.0,     18.0,     56.0,  9, 10, 11,  9,    2360285,    2360285,    2360285,    2360285
12,    2509381,     18.0,     18.0,     17.0,     53.0,  9, 10, 11, 11,    2360281,    2360281,    2360281,    2360281
12,    2509386,     52.0,     51.0,     52.0,    160.0,  9, 10, 11, 10,      84686,      84686,      84686,      84686
12,    2509396,     18.0,     18.0,     18.0,     56.0,  9, 10, 11,  9,    2360296,    2360296,    2360296,    2360296
12,    2579046,     17.0,     17.0,     17.0,     54.0,  9, 10, 11,  9,    2360300,    2360300,    2360300,    2360300
12,    2509401,     50.0,     49.0,     50.0,    156.0,  9, 10, 11, 10,      84686,      84686,      84686,      84686
12,    2509417,     17.0,     17.0,     17.0,     54.0,  9, 10, 11,  9,    2360304,    2360304,    2360304,    2360304
12,    2578144,     12.0,     12.0,     12.0,     38.0,  1,  2,  3,  1,     586707,     586707,     586707,     586707
12,    2578230,     19.0,     19.0,     19.0,     61.0,  1,  2,  3,  1,    2509420,    2509420,    2509420,    2509420
12,    2509425,     13.0,     13.0,     13.0,     42.0,  1,  2,  3,  1,    2509425,    2509425,    2509425,    2509425
12,    2509420,     16.0,     16.0,     17.0,     53.0,  1,  2,  3,  1,    2509420,    2509420,    2509420,    2509420
12,    2509439,     10.0,     10.0,     11.0,     34.0,  1,  2,  3,  1,    2509439,    2509439,    2509434,    2509439
12,    2509464,     18.0,     18.0,     18.0,     56.0,  9, 10, 11,  9,    2360333,    2360333,    2360333,    2360333
12,    2576425,     50.0,     50.0,     52.0,    159.0,  9, 10, 11,  9,      84582,      84582,      84582,      84582
12,    2575560,     36.0,     36.0,     38.0,    117.0,  1,  2,  3,  2,     586697,    2509434,     586692,    2509434
13,      46626,     41.0,     43.0,     44.0,    134.0,  1,  2, 11,  1,      46626,      46626,      84612,      46626
13,      46663,     27.0,     28.0,     29.0,     88.0,  1,  2,  3,  1,    2381966,      46663,      46663,    2381966
13,    2381944,     22.0,     23.0,     24.0,     72.0,  1,  2,  3,  1,    2381966,    2381941,    2381941,    2381966
13,    3746327,     23.0,     24.0,     25.0,     75.0,  1,  2,  3,  1,    2381966,    2381941,    2381941,    2381966
13,    2381927,     32.0,     33.0,     33.0,    104.0,  9, 10, 11,  9,      84701,      84701,      84701,      84701
13,    2509288,     17.0,     17.0,     17.0,     54.0,  9, 10, 11,  9,    2277072,    2277072,    2277072,    2277072
13,    2509293,     17.0,     17.0,     17.0,     54.0,  9, 10, 11,  9,    2360204,    2360204,    2360204,    2360204
13,      46660,     49.0,     48.0,     50.0,    155.0,  9, 10, 11, 10,     257872,     257872,     257872,     257872
13,    2580958,     49.0,     49.0,     50.0,    155.0,  9, 10, 11, 10,     257872,     257872,     257872,     257872
13,     586707,      6.0,      7.0,      7.0,     22.0,  1,  2,  3,  1,     586707,     586707,     586707,     586707
13,     586697,     16.0,     17.0,     18.0,     54.0,  1,  2,  3,  1,     586697,     586697,     586697,     586697
13,     653237,     24.0,     24.0,     25.0,     73.0,  9, 10, 11,  9,    1085689,    1085689,    1085689,    1085689
13,    2509353,     15.0,     14.0,     16.0,     45.0,  1,  2,  3,  2,     656714,     656714,     656714,     941771
13,    2509333,     13.0,     12.0,     14.0,     41.0,  1,  2,  3,  2,     941766,    2509333,     941766,     941766
13,    2509362,     13.0,     11.0,     13.0,     36.0,  1,  2,  3,  2,     941771,    2509362,     941771,    2509362
13,    2509338,     14.0,     13.0,     15.0,     44.0,  1,  2,  3,  2,     941766,    2509338,     941766,     941766
13,    2509342,     19.0,     18.0,     19.0,     58.0,  1,  2,  3,  2,     656704,     656704,    2509342,     656704
13,    2509347,     19.0,     18.0,     19.0,     58.0,  1,  2,  3,  2,     656704,     656704,    2509347,    2509347
13,    2509351,     18.0,     16.0,     18.0,     53.0,  1,  2,  3,  2,     656714,     656714,    2509351,     941771
13,    2509352,     17.0,     15.0,     17.0,     49.0,  1,  2,  3,  2,     656714,     656714,     656714,     941771
13,    2509357,     15.0,     13.0,     15.0,     44.0,  1,  2,  3,  2,     656714,     941771,     941771,     941771
13,    2509276,     23.0,     23.0,     23.0,     73.0,  9, 10, 11,  9,    1986388,    1986388,    1986388,    1986388
13,    2509337,     14.0,     13.0,     14.0,     43.0,  1,  2,  3,  2,     941766,     941766,    2509337,    2509337
13,    2509340,     18.0,     17.0,     19.0,     56.0,  1,  2,  3,  2,     656704,     656704,     656704,    2509340
13,    2509339,     16.0,     15.0,     16.0,     49.0,  1,  2,  3,  2,     656704,     656704,     656704,     656704
13,    2575625,     21.0,     22.0,     23.0,     69.0,  1,  2,  3,  1,    2381966,    2381941,    2381941,    2381966
13,    2402032,     13.0,     12.0,     14.0,     39.0,  1,  2,  3,  2,    2402032,     941771,     941771,    2402032
13,    2509167,     34.0,     32.0,     34.0,    102.0,  9, 10, 11, 10,      84583,      84583,      84583,      84583
13,    2576531,     18.0,     16.0,     18.0,     49.0,  9, 10, 11, 10,    2360156,    2360156,    2360156,    2360156
13,    2509154,     34.0,     32.0,     34.0,    102.0,  9, 10, 11, 10,      84583,      84583,      84583,      84583
13,    2577052,     51.0,     51.0,     56.0,    160.0,  9, 10, 11,  9,      84582,      84582,      84582,      84582
13,    3795218,     51.0,     51.0,     56.0,    159.0,  9, 10, 11,  9,      84582,      84582,      84582,      84582
13,    2577107,     51.0,     51.0,     56.0,    159.0,  9, 10, 11,  9,      84582,      84582,      84582,      84582
13,    2577117,     50.0,     51.0,     55.0,    158.0,  9, 10, 11,  9,      84582,      84582,      84582,      84582
13,    2577127,     49.0,     50.0,     54.0,    157.0,  9, 10, 11,  9,      84582,      84582,      84582,      84582
13,    2577137,     49.0,     49.0,     54.0,    156.0,  9, 10, 11,  9,      84582,      84582,      84582,      84582
13,    2509239,     33.0,     33.0,     33.0,    105.0,  9, 10, 11,  9,    2360177,    2360177,    2360177,    2360177
13,    2509251,     53.0,     52.0,     54.0,    162.0,  9, 10, 11, 10,     257872,     257872,     257872,     257872
13,    2509246,     53.0,     53.0,     54.0,    162.0,  9, 10, 11, 10,     257872,     257872,     257872,     257872
13,    2577231,     53.0,     52.0,     54.0,    161.0,  9, 10, 11, 10,     257872,     257872,     257872,     257872
13,    2577241,     52.0,     51.0,     53.0,    160.0,  9, 10, 11, 10,     257872,     257872,     257872,     257872
13,    2509264,     52.0,     51.0,     53.0,    159.0,  9, 10, 11, 10,     257872,     257872,     257872,     257872
13,    2577340,     50.0,     50.0,     52.0,    157.0,  9, 10, 11, 10,     257872,     257872,     257872,     257872
13,    2577351,     50.0,     50.0,     51.0,    157.0,  9, 10, 11, 10,     257872,     257872,     257872,     257872
13,    2577360,     50.0,     49.0,     51.0,    156.0,  9, 10, 11, 10,     257872,     257872,     257872,     257872
13,     993831,     24.0,     24.0,     24.0,     76.0,  9, 10, 11,  9,    1239481,    1239481,    1239481,    1239481
13,    2577390,     29.0,     28.0,     29.0,     90.0,  9, 10, 11, 10,    2360200,    2360200,    2360200,    2360200
13,    2509281,     28.0,     28.0,     29.0,     89.0,  9, 10, 11, 10,    2360200,    2360200,    2360200,    2360200
13,    2577401,     20.0,     21.0,     22.0,     66.0,  1,  2,  3,  1,    2381966,    2381966,    2381941,    2381966
13,    2509309,     12.0,     13.0,     13.0,     40.0,  1,  2,  3,  1,    2381966,    2381966,    2509309,    2509309
13,    2381966,     11.0,     11.0,     12.0,     35.0,  1,  2,  3,  1,    2381966,    2381966,    2381966,    2381966
13,    2577420,     48.0,     43.0,     49.0,    140.0,  1,  2,  3,  2,     656698,     941771,     656698,    2509362
13,    2577438,     32.0,     28.0,     32.0,     92.0,  1,  2,  3,  2,     656698,     941771,     656704,     941771
13,    2509318,     17.0,     17.0,     17.0,     53.0,  9,  2, 11,  9,    2360219,    2509318,    2360219,    2360219
13,     656698,     22.0,     20.0,     23.0,     65.0,  1,  2,  3,  2,     656698,     656714,     656698,     941771
13,    2509326,     20.0,     19.0,     20.0,     61.0,  1,  2,  3,  2,     656703,     656703,     656703,     656703
13,    2509332,     16.0,     15.0,     17.0,     50.0,  1,  2,  3,  2,    2509332,    2509332,    2509332,    2509332
13,    2076943,     10.0,      9.0,     10.0,     30.0,  1,  2,  3,  2,    2076943,    2076943,    2076943,    2076943
13,    2509375,     18.0,     18.0,     18.0,     54.0,  9, 10, 11, 10,    2360283,    2360283,    2360283,    2360283
13,    2509370,     54.0,     54.0,     54.0,    164.0,  9, 10, 11, 11,      84686,      84686,      84686,      84686
13,    2509380,     18.0,     18.0,     18.0,     56.0,  9, 10, 11,  9,    2360285,    2360285,    2360285,    2360285
13,    2509381,     18.0,     18.0,     17.0,     54.0,  9, 10, 11, 11,    2360281,    2360281,    2360281,    2360281
13,    2509386,     52.0,     52.0,     52.0,    161.0,  9, 10, 11,  9,      84686,      84686,      84686,      84686
13,    2509396,     18.0,     18.0,     18.0,     56.0,  9, 10, 11,  9,    2360296,    2360296,    2360296,    2360296
13,    2579046,     17.0,     17.0,     17.0,     54.0,  9, 10, 11,  9,    2360300,    2360300,    2360300,    2360300
13,    2509401,     50.0,     50.0,     50.0,    158.0,  9, 10, 11,  9,      84686,      84686,      84686,      84686
13,    2509417,     17.0,     17.0,     17.0,     54.0,  9, 10, 11,  9,    2360304,    2360304,    2360304,    2360304
13,    2578144,     11.0,     12.0,     12.0,     38.0,  1,  2,  3,  1,     586707,     586707,     586707,     586707
13,    2578230,     18.0,     19.0,     19.0,     60.0,  1,  2,  3,  1,    2509420,    2509420,    2509420,    2509420
13,    2509425,     12.0,     13.0,     13.0,     41.0,  1,  2,  3,  1,    2509425,    2509425,    2509425,    2509425
13,    2509420,     16.0,     17.0,     17.0,     52.0,  1,  2,  3,  1,    2509420,    2509420,    2509420,    2509420
13,    2509439,     10.0,     11.0,     11.0,     34.0,  1,  2,  3,  1,    2509439,    2509434,    2509434,    2509439
13,    2509464,     18.0,     18.0,     18.0,     56.0,  9, 10, 11,  9,    2360333,    2360333,    2360333,    2360333
13,    2576425,     49.0,     49.0,     54.0,    156.0,  9, 10, 11,  9,      84582,      84582,      84582,      84582
13,    2575560,     36.0,     38.0,     38.0,    116.0,  1,  2,  3,  1,     586692,     586692,     586692,     586697
14,      46626,     42.0,     43.0,     44.0,    137.0,  1,  2, 11,  1,      46626,      46626,      84612,      46626
14,      46663,     27.0,     27.0,     29.0,     88.0,  1,  2,  3,  1,    2381966,      46663,      46663,    2381966
14,    2381944,     22.0,     23.0,     24.0,     72.0,  1,  2,  3,  1,    2381966,    2381941,    2381941,    2381966
14,    3746327,     23.0,     24.0,     25.0,     75.0,  1,  2,  3,  1,    2381966,    2381941,    2381941,    2381966
14,    2381927,     33.0,     33.0,     33.0,    105.0,  1, 10, 11,  9,    2381966,      84701,      84701,      84701
14,    2509288,     17.0,     17.0,     17.0,     54.0,  9, 10, 11,  9,    2277072,    2277072,    2277072,    2277072
14,    2509293,     17.0,     17.0,     17.0,     54.0,  9, 10, 11,  9,    2360204,    2360204,    2360204,    2360204
14,      46660,     48.0,     47.0,     49.0,    151.0,  9, 10, 11, 10,     257872,     257872,     257872,     257872
14,    2580958,     48.0,     48.0,     49.0,    152.0,  9, 10, 11, 10,     257872,     257872,     257872,     257872
14,     586707,      6.0,      6.0,      7.0,     22.0,  1,  2,  3,  1,     586707,     586707,     586707,     586707
14,     586697,     16.0,     16.0,     17.0,     52.0,  1,  2,  3,  2,     586697,     586697,     586697,    2509434
14,     653237,     24.0,     24.0,     25.0,     74.0,  9, 10, 11,  9,    1085689,    1085689,    1085689,    1085689
14,    2509353,     15.0,     14.0,     15.0,     45.0,  1,  2,  3,  2,     656714,     656714,    2509353,    2509353
14,    2509333,     13.0,     12.0,     13.0,     40.0,  1,  2,  3,  2,     941766,     941766,     941766,    2509333
14,    2509362,     12.0,     11.0,     13.0,     37.0,  1,  2,  3,  2,    2509362,    2509362,     941771,    2509362
14,    2509338,     14.0,     13.0,     14.0,     43.0,  1,  2,  3,  2,     941766,     941766,    2509338,    2509338
14,    2509342,     18.0,     18.0,     19.0,     57.0,  1,  2,  3,  2,    2509342,     656704,     656704,    2509342
14,    2509347,     18.0,     18.0,     19.0,     57.0,  1,  2,  3,  2,    2509347,     656704,     656704,    2509347
14,    2509351,     17.0,     16.0,     18.0,     53.0,  1,  2,  3,  2,    2509351,     941771,     656714,    2509351
14,    2509352,     16.0,     15.0,     17.0,     50.0,  1,  2,  3,  2,     656714,     656714,     656714,     656714
14,    2509357,     14.0,     13.0,     15.0,     44.0,  1,  2,  3,  2,    2509357,     941771,     941771,     941771
14,    2509276,     23.0,     23.0,     23.0,     73.0,  9, 10, 11,  9,    1986388,    1986388,    1986388,    1986388
14,    2509337,     14.0,     13.0,     14.0,     43.0,  1,  2,  3,  2,     941766,     941766,     941766,     941766
14,    2509340,     18.0,     17.0,     18.0,     56.0,  1,  2,  3,  2,     656704,     656704,    2509340,     656704
14,    2509339,     15.0,     15.0,     16.0,     48.0,  1,  2,  3,  2,    2509339,     656704,     656704,    2509339
14,    2575625,     21.0,     22.0,     23.0,     69.0,  1,  2,  3,  1,    2381966,    2381941,    2381941,    2381966
14,    2402032,     13.0,     12.0,     14.0,     40.0,  1,  2,  3,  2,     941771,     941771,     941771,    2402032
14,    2509167,     34.0,     34.0,     34.0,    108.0,  9, 10, 11,  9,      84583,      84583,      84583,      84583
14,    2576531,     18.0,     17.0,     18.0,     54.0,  9, 10, 11, 10,    2360156,    2360156,    2360156,    2360156
14,    2509154,     34.0,     34.0,     34.0,    108.0,  9, 10, 11,  9,      84583,      84583,      84583,      84583
14,    2577052,     52.0,     54.0,     56.0,    163.0,  9, 10, 11,  9,      84582,      84582,      84582,      84582
14,    3795218,     52.0,     53.0,     56.0,    163.0,  9, 10, 11,  9,      84582,      84582,      84582,      84582
14,    2577107,     52.0,     53.0,     56.0,    162.0,  9, 10, 11,  9,      84582,      84582,      84582,      84582
14,    2577117,     51.0,     53.0,     56.0,    162.0,  9, 10, 11,  9,      84582,      84582,      84582,      84582
14,    2577127,     50.0,     52.0,     54.0,    160.0,  9, 10, 11,  9,      84582,      84582,      84582,      84582
14,    2577137,     50.0,     52.0,     54.0,    160.0,  9, 10, 11,  9,      84582,      84582,      84582,      84582
14,    2509239,     33.0,     33.0,     34.0,    104.0,  9, 10, 11,  9,    2360177,    2360177,    2360177,    2360177
14,    2509251,     52.0,     51.0,     53.0,    158.0,  9, 10, 11, 10,     257872,     257872,     257872,     257872
14,    2509246,     52.0,     51.0,     53.0,    158.0,  9, 10, 11, 10,     257872,     257872,     257872,     257872
14,    2577231,     52.0,     51.0,     53.0,    158.0,  9, 10, 11, 10,     257872,     257872,     257872,     257872
14,    2577241,     51.0,     50.0,     52.0,    156.0,  9, 10, 11, 10,     257872,     257872,     257872,     257872
14,    2509264,     51.0,     50.0,     52.0,    156.0,  9, 10, 11, 10,     257872,     257872,     257872,     257872
14,    2577340,     49.0,     49.0,     50.0,    154.0,  9, 10, 11, 10,     257872,     257872,     257872,     257872
14,    2577351,     49.0,     49.0,     50.0,    153.0,  9, 10, 11, 10,     257872,     257872,     257872,     257872
14,    2577360,     49.0,     48.0,     50.0,    152.0,  9, 10, 11, 10,     257872,     257872,     257872,     257872
14,     993831,     24.0,     24.0,     24.0,     76.0,  9, 10, 11,  9,    1239481,    1239481,    1239481,    1239481
14,    2577390,     26.0,     26.0,     27.0,     83.0,  9, 10, 11,  9,    2360200,    2360200,    2360200,    2360200
14,    2509281,     26.0,     26.0,     26.0,     83.0,  9, 10, 11,  9,    2360200,    2360200,    2360200,    2360200
14,    2577401,     20.0,     21.0,     22.0,     66.0,  1,  2,  3,  1,    2381966,    2381941,    2381941,    2381966
14,    2509309,     12.0,     12.0,     13.0,     40.0,  1,  2,  3,  1,    2381966,    2509309,    2381966,    2509309
14,    2381966,     11.0,     11.0,     11.0,     35.0,  1,  2,  3,  1,    2381966,    2381966,    2381966,    2381966
14,    2577420,     47.0,     43.0,     48.0,    141.0,  1,  2,  3,  2,     656698,    2509362,     656698,    2509362
14,    2577438,     31.0,     29.0,     32.0,     93.0,  1,  2,  3,  2,     656698,     656704,     656698,     941771
14,    2509318,     17.0,     17.0,     17.0,     53.0,  9,  2, 11,  9,    2360219,    2509318,    2360219,    2360219
14,     656698,     22.0,     20.0,     23.0,     66.0,  1,  2,  3,  2,     656698,     656714,     656698,     656714
14,    2509326,     19.0,     19.0,     20.0,     60.0,  1,  2,  3,  2,     656703,     656703,     656703,     656703
14,    2509332,     16.0,     15.0,     16.0,     50.0,  1,  2,  3,  2,    2509332,    2509332,    2509332,    2509332
14,    2076943,     10.0,      9.0,     10.0,     30.0,  1,  2,  3,  2,    2076943,    2076943,    2076943,    2076943
14,    2509375,     18.0,     18.0,     18.0,     54.0,  9, 10, 11, 10,    2360283,    2360283,    2360283,    2360283
14,    2509370,     54.0,     53.0,     54.0,    162.0,  9, 10, 11, 10,      84686,      84686,      84686,      84686
14,    2509380,     18.0,     18.0,     18.0,     56.0,  9, 10, 11,  9,    2360285,    2360285,    2360285,    2360285
14,    2509381,     18.0,     18.0,     18.0,     55.0,  9, 10, 11, 11,    2360281,    2360281,    2360281,    2360281
14,    2509386,     52.0,     51.0,     52.0,    158.0,  9, 10, 11, 10,      84686,      84686,      84686,      84686
14,    2509396,     18.0,     18.0,     18.0,     56.0,  9, 10, 11,  9,    2360296,    2360296,    2360296,    2360296
14,    2579046,     17.0,     17.0,     17.0,     54.0,  9, 10, 11,  9,    2360300,    2360300,    2360300,    2360300
14,    2509401,     49.0,     49.0,     50.0,    155.0,  9, 10, 11, 10,      84686,      84686,      84686,      84686
14,    2509417,     17.0,     17.0,     17.0,     54.0,  9, 10, 11,  9,    2360304,    2360304,    2360304,    2360304
14,    2578144,     11.0,     11.0,     12.0,     37.0,  1,  2,  3,  1,     586707,     586707,     586707,     586707
14,    2578230,     18.0,     18.0,     19.0,     60.0,  1,  2,  3,  1,    2509420,    2509420,    2509420,    2509420
14,    2509425,     12.0,     12.0,     13.0,     41.0,  1,  2,  3,  1,    2509425,    2509425,    2509425,    2509425
14,    2509420,     16.0,     16.0,     17.0,     52.0,  1,  2,  3,  1,    2509420,    2509420,    2509420,    2509420
14,    2509439,     10.0,     10.0,     11.0,     33.0,  1,  2,  3,  2,    2509439,    2509434,    2509434,    2509439
14,    2509464,     18.0,     18.0,     18.0,     56.0,  9, 10, 11,  9,    2360333,    2360333,    2360333,    2360333
14,    2576425,     50.0,     52.0,     54.0,    160.0,  9, 10, 11,  9,      84582,      84582,      84582,      84582
14,    2575560,     36.0,     35.0,     37.0,    113.0,  1,  2,  3,  2,     586692,    2509434,    2509420,    2509434
15,      46626,     44.0,     43.0,     44.0,    139.0,  9,  2, 11, 10,      84612,      46626,      84612,      84612
15,      46663,     28.0,     27.0,     28.0,     88.0,  1,  2,  3,  2,      46663,      46663,      46663,      46663
15,    2381944,     23.0,     22.0,     23.0,     73.0,  1,  2,  3,  2,    2381941,    2381941,    2381941,    2381941
15,    3746327,     24.0,     23.0,     24.0,     76.0,  1,  2,  3,  2,    2381941,    2381941,    2381941,    2381941
15,    2381927,     33.0,     33.0,     33.0,    105.0,  9,  2, 11, 11,      84701,      46663,      84701,      84701
15,    2509288,     17.0,     17.0,     17.0,     54.0,  9, 10, 11,  9,    2277072,    2277072,    2277072,    2277072
15,    2509293,     17.0,     17.0,     17.0,     54.0,  9, 10, 11, 10,    2360204,    2360204,    2360204,    2360204
15,      46660,     48.0,     46.0,     48.0,    148.0,  9, 10, 11, 10,     257872,     257872,     257872,     257872
15,    2580958,     49.0,     46.0,     49.0,    148.0,  9, 10, 11, 10,     257872,     257872,     257872,     257872
15,     586707,      7.0,      7.0,      7.0,     22.0,  1,  2,  3,  1,     586707,     586707,     586707,     586707
15,     586697,     17.0,     17.0,     18.0,     55.0,  1,  2,  3,  1,     586697,     586697,     586697,     586697
15,     653237,     24.0,     24.0,     24.0,     74.0,  9, 10, 11,  9,    1085689,    1085689,    1085689,    1085689
15,    2509353,     15.0,     13.0,     15.0,     42.0,  1,  2,  3,  2,     656714,     656714,     656714,     941771
15,    2509333,     13.0,     12.0,     13.0,     38.0,  1,  2,  3,  2,     941766,     941766,     941766,    2509333
15,    2509362,     12.0,     10.0,     12.0,     34.0,  1,  2,  3,  2,    2509362,    2509362,    2509362,    2509362
15,    2509338,     14.0,     13.0,     14.0,     41.0,  1,  2,  3,  2,     941766,     941766,     941766,    2509338
15,    2509342,     18.0,     17.0,     18.0,     54.0,  1,  2,  3,  2,    2509342,     656704,    2509342,    2509342
15,    2509347,     18.0,     17.0,     18.0,     54.0,  1,  2,  3,  2,    2509347,     656704,    2509347,    2509347
15,    2509351,     17.0,     15.0,     18.0,     49.0,  1,  2,  3,  2,    2509351,     656714,     656714,    2509362
15,    2509352,     16.0,     14.0,     16.0,     46.0,  1,  2,  3,  2,    2509352,     656714,    2509352,     941771
15,    2509357,     14.0,     12.0,     15.0,     41.0,  1,  2,  3,  2,    2509357,     941771,     656714,     941771
15,    2509276,     23.0,     23.0,     23.0,     73.0,  9, 10, 11,  9,    1986388,    1986388,    1986388,    1986388
15,    2509337,     14.0,     12.0,     14.0,     41.0,  1,  2,  3,  2,     941766,     941766,     941766,     941766
15,    2509340,     18.0,     16.0,     18.0,     53.0,  1,  2,  3,  2,     656704,     656704,     656704,     656704
15,    2509339,     15.0,     14.0,     16.0,     46.0,  1,  2,  3,  2,    2509339,     656704,     656704,     656704
15,    2575625,     22.0,     21.0,     22.0,     70.0,  1,  2,  3,  2,    2381941,    2381941,    2381941,    2381941
15,    2402032,     13.0,     11.0,     13.0,     37.0,  1,  2,  3,  2,     941771,     941771,    2402032,    2402032
15,    2509167,     34.0,     34.0,     34.0,    108.0,  9, 10, 11,  9,      84583,      84583,      84583,      84583
15,    2576531,     18.0,     17.0,     18.0,     55.0,  9, 10, 11,  9,    2360156,    2360156,    2360156,    2360156
15,    2509154,     34.0,     34.0,     34.0,    108.0,  9, 10, 11,  9,      84583,      84583,      84583,      84583
15,    2577052,     55.0,     53.0,     56.0,    164.0,  9, 10, 11, 10,      84582,      84582,      84582,      84582
15,    3795218,     55.0,     52.0,     56.0,    164.0,  9, 10, 11, 10,      84582,      84582,      84582,      84582
15,    2577107,     55.0,     52.0,     56.0,    164.0,  9, 10, 11, 10,      84582,      84582,      84582,      84582
15,    2577117,     55.0,     52.0,     56.0,    163.0,  9, 10, 11, 10,      84582,      84582,      84582,      84582
15,    2577127,     54.0,     51.0,     54.0,    162.0,  9, 10, 11, 10,      84582,      84582,      84582,      84582
15,    2577137,     53.0,     50.0,     54.0,    161.0,  9, 10, 11, 10,      84582,      84582,      84582,      84582
15,    2509239,     33.0,     33.0,     34.0,    106.0,  9, 10, 11,  9,    2360177,    2360177,    2360177,    2360177
15,    2509251,     52.0,     50.0,     52.0,    154.0,  9, 10, 11, 10,     257872,     257872,     257872,     257872
15,    2509246,     52.0,     50.0,     52.0,    155.0,  9, 10, 11, 10,     257872,     257872,     257872,     257872
15,    2577231,     52.0,     50.0,     52.0,    154.0,  9, 10, 11, 10,     257872,     257872,     257872,     257872
15,    2577241,     51.0,     49.0,     51.0,    153.0,  9, 10, 11, 10,     257872,     257872,     257872,     257872
15,    2509264,     51.0,     49.0,     51.0,    152.0,  9, 10, 11, 10,     257872,     257872,     257872,     257872
15,    2577340,     50.0,     48.0,     50.0,    150.0,  9, 10, 11, 10,     257872,     257872,     257872,     257872
15,    2577351,     50.0,     47.0,     50.0,    150.0,  9, 10, 11, 10,     257872,     257872,     257872,     257872
15,    2577360,     49.0,     47.0,     49.0,    149.0,  9, 10, 11, 10,     257872,     257872,     257872,     257872
15,     993831,     24.0,     24.0,     24.0,     75.0,  9, 10, 11,  9,    1239481,    1239481,    1239481,    1239481
15,    2577390,     27.0,     27.0,     26.0,     84.0,  9, 10, 11, 11,    2360200,    2360200,    2360200,    2360200
15,    2509281,     27.0,     26.0,     26.0,     83.0,  9, 10, 11, 11,    2360200,    2360200,    2360200,    2360200
15,    2577401,     21.0,     20.0,     21.0,     66.0,  1,  2,  3,  2,    2381966,    2381966,    2381966,    2381966
15,    2509309,     13.0,     12.0,     13.0,     40.0,  1,  2,  3,  2,    2381966,    2509309,    2381966,    2509309
15,    2381966,     11.0,     11.0,     11.0,     35.0,  1,  2,  3,  2,    2381966,    2381966,    2381966,    2381966
15,    2577420,     47.0,     40.0,     47.0,    131.0,  1,  2,  3,  2,     656698,     941771,     656698,    2509362
15,    2577438,     31.0,     26.0,     31.0,     86.0,  1,  2,  3,  2,     656698,    2509362,     656698,     941771
15,    2509318,     17.0,     16.0,     17.0,     53.0,  9,  2, 11,  2,    2360219,    2509318,    2360219,    2509318
15,     656698,     22.0,     19.0,     22.0,     61.0,  1,  2,  3,  2,     656698,     656714,     656698,     941771
15,    2509326,     19.0,     18.0,     20.0,     57.0,  1,  2,  3,  2,     656703,     656703,     656703,     656703
15,    2509332,     16.0,     14.0,     16.0,     47.0,  1,  2,  3,  2,    2509332,    2509332,    2509332,    2509332
15,    2076943,     10.0,      9.0,     10.0,     29.0,  1,  2,  3,  2,    2076943,    2076943,    2076943,    2076943
15,    2509375,     18.0,     18.0,     18.0,     54.0,  9, 10, 11, 10,    2360283,    2360283,    2360283,    2360283
15,    2509370,     54.0,     54.0,     54.0,    165.0,  9, 10, 11,  9,      84686,      84686,      84686,      84686
15,    2509380,     18.0,     18.0,     18.0,     56.0,  9, 10, 11,  9,    2360285,    2360285,    2360285,    2360285
15,    2509381,     18.0,     18.0,     18.0,     55.0,  9, 10, 11, 11,    2360281,    2360281,    2360281,    2360281
15,    2509386,     52.0,     52.0,     52.0,    162.0,  9, 10, 11,  9,      84686,      84686,      84686,      84686
15,    2509396,     18.0,     18.0,     18.0,     56.0,  9, 10, 11,  9,    2360296,    2360296,    2360296,    2360296
15,    2579046,     17.0,     17.0,     17.0,     54.0,  9, 10, 11,  9,    2360300,    2360300,    2360300,    2360300
15,    2509401,     50.0,     50.0,     50.0,    159.0,  9, 10, 11,  9,      84686,      84686,      84686,      84686
15,    2509417,     17.0,     17.0,     17.0,     54.0,  9, 10, 11,  9,    2360304,    2360304,    2360304,    2360304
15,    2578144,     12.0,     12.0,     12.0,     38.0,  1,  2,  3,  1,     586707,     586707,     586707,     586707
15,    2578230,     19.0,     19.0,     19.0,     61.0,  1,  2,  3,  1,    2509420,    2509420,    2509420,    2509420
15,    2509425,     13.0,     13.0,     13.0,     42.0,  1,  2,  3,  1,    2509425,    2509425,    2509425,    2509425
15,    2509420,     16.0,     17.0,     17.0,     53.0,  1,  2,  3,  1,    2509420,    2509420,    2509420,    2509420
15,    2509439,     10.0,     11.0,     11.0,     34.0,  1,  2,  3,  1,    2509439,    2509434,    2509434,    2509439
15,    2509464,     18.0,     18.0,     18.0,     56.0,  9, 10, 11,  9,    2360333,    2360333,    2360333,    2360333
15,    2576425,     53.0,     50.0,     54.0,    161.0,  9, 10, 11, 10,      84582,      84582,      84582,      84582
15,    2575560,     36.0,     37.0,     38.0,    118.0,  1,  2,  3,  1,     586697,    2509434,     586692,     586697
16,      46626,     44.0,     43.0,     44.0,    138.0,  1,  2, 11, 10,      46626,      46626,      84612,      84612
16,      46663,     29.0,     28.0,     29.0,     90.0,  1,  2,  3,  2,      46663,      46663,      46663,      46663
16,    2381944,     24.0,     23.0,     24.0,     75.0,  1,  2,  3,  2,    2381941,    2381941,    2381941,    2381941
16,    3746327,     25.0,     24.0,     25.0,     78.0,  1,  2,  3,  2,    2381941,    2381941,    2381941,    2381941
16,    2381927,     33.0,     33.0,     33.0,    105.0,  9, 10, 11, 11,      84701,      84701,      84701,      84701
16,    2509288,     17.0,     17.0,     17.0,     54.0,  9, 10, 11,  9,    2277072,    2277072,    2277072,    2277072
16,    2509293,     17.0,     17.0,     17.0,     54.0,  9, 10, 11, 10,    2360204,    2360204,    2360204,    2360204
16,      46660,     49.0,     48.0,     50.0,    154.0,  9, 10, 11, 10,     257872,     257872,     257872,     257872
16,    2580958,     50.0,     49.0,     50.0,    155.0,  9, 10, 11, 10,     257872,     257872,     257872,     257872
16,     586707,      7.0,      7.0,      7.0,     22.0,  1,  2,  3,  1,     586707,     586707,     586707,     586707
16,     586697,     17.0,     17.0,     18.0,     55.0,  1,  2,  3,  1,     586697,     586697,     586697,     586697
16,     653237,     24.0,     24.0,     24.0,     74.0,  9, 10, 11,  9,    1085689,    1085689,    1085689,    1085689
16,    2509353,     15.0,     14.0,     15.0,     45.0,  1,  2,  3,  2,     656714,     656714,    2509353,    2509353
16,    2509333,     13.0,     12.0,     13.0,     40.0,  1,  2,  3,  2,     941766,     941766,     941766,     941766
16,    2509362,     12.0,     11.0,     13.0,     37.0,  1,  2,  3,  2,    2509362,    2509362,     941771,    2509362
16,    2509338,     14.0,     13.0,     14.0,     43.0,  1,  2,  3,  2,     941766,     941766,     941766,    2509338
16,    2509342,     18.0,     17.0,     19.0,     57.0,  1,  2,  3,  2,    2509342,    2509342,     656704,     656704
16,    2509347,     18.0,     17.0,     19.0,     57.0,  1,  2,  3,  2,    2509347,    2509347,     656704,    2509347
16,    2509351,     18.0,     16.0,     18.0,     53.0,  1,  2,  3,  2,     656714,     941771,     656714,     941771
16,    2509352,     16.0,     15.0,     17.0,     49.0,  1,  2,  3,  2,    2509352,     656714,     656714,    2509352
16,    2509357,     14.0,     13.0,     15.0,     44.0,  1,  2,  3,  2,    2509357,     941771,     941771,     941771
16,    2509276,     23.0,     23.0,     23.0,     73.0,  9, 10, 11,  9,    1986388,    1986388,    1986388,    1986388
16,    2509337,     14.0,     13.0,     14.0,     43.0,  1,  2,  3,  2,     941766,     941766,     941766,     941766
16,    2509340,     18.0,     17.0,     18.0,     55.0,  1,  2,  3,  2,     656704,     656704,     656704,    2509340
16,    2509339,     16.0,     15.0,     16.0,     48.0,  1,  2,  3,  2,     656704,     656704,     656704,    2509339
16,    2575625,     23.0,     22.0,     23.0,     72.0,  1,  2,  3,  2,    2381941,    2381941,    2381941,    2381941
16,    2402032,     13.0,     12.0,     13.0,     40.0,  1,  2,  3,  2,    2402032,     941771,    2402032,    2402032
16,    2509167,     34.0,     34.0,     34.0,    108.0,  9, 10, 11,  9,      84583,      84583,      84583,      84583
16,    2576531,     18.0,     17.0,     18.0,     55.0,  9, 10, 11,  9,    2360156,    2360156,    2360156,    2360156
16,    2509154,     34.0,     34.0,     34.0,    108.0,  9, 10, 11,  9,      84583,      84583,      84583,      84583
16,    2577052,     54.0,     52.0,     56.0,    163.0,  9, 10, 11, 10,      84582,      84582,      84582,      84582
16,    3795218,     54.0,     52.0,     55.0,    162.0,  9, 10, 11, 10,      84582,      84582,      84582,      84582
16,    2577107,     54.0,     52.0,     55.0,    162.0,  9, 10, 11, 10,      84582,      84582,      84582,      84582
16,    2577117,     54.0,     51.0,     55.0,    162.0,  9, 10, 11, 10,      84582,      84582,      84582,      84582
16,    2577127,     53.0,     50.0,     54.0,    160.0,  9, 10, 11, 10,      84582,      84582,      84582,      84582
16,    2577137,     52.0,     50.0,     53.0,    160.0,  9, 10, 11, 10,      84582,      84582,      84582,      84582
16,    2509239,     33.0,     33.0,     33.0,    105.0,  9, 10, 11, 10,    2360177,    2360177,    2360177,    2360177
16,    2509251,     53.0,     52.0,     54.0,    161.0,  9, 10, 11, 10,    1085684,     257872,     257872,     257872
16,    2509246,     53.0,     52.0,     54.0,    161.0,  9, 10, 11, 10,    1085684,     257872,     257872,     257872
16,    2577231,     53.0,     52.0,     54.0,    161.0,  9, 10, 11, 10,     257872,     257872,     257872,     257872
16,    2577241,     52.0,     51.0,     53.0,    160.0,  9, 10, 11, 10,    1085684,     257872,     257872,     257872
16,    2509264,     52.0,     51.0,     52.0,    159.0,  9, 10, 11, 10,     257872,     257872,     257872,     257872
16,    2577340,     51.0,     50.0,     51.0,    157.0,  9, 10, 11, 10,     257872,     257872,     257872,     257872
16,    2577351,     51.0,     50.0,     51.0,    157.0,  9, 10, 11, 10,     257872,     257872,     257872,     257872
16,    2577360,     50.0,     49.0,     50.0,    156.0,  9, 10, 11, 10,     257872,     257872,     257872,     257872
16,     993831,     24.0,     24.0,     24.0,     74.0,  9, 10, 11,  9,    1239481,    1239481,    1239481,    1239481
16,    2577390,     28.0,     28.0,     28.0,     88.0,  9, 10, 11, 10,    2360200,    2360200,    2360200,    2360200
16,    2509281,     28.0,     27.0,     28.0,     88.0,  9, 10, 11,  9,    2360200,    2360200,    2360200,    2360200
16,    2577401,     21.0,     21.0,     22.0,     69.0,  1,  2,  3,  2,    2381966,    2381941,    2381941,    2381966
16,    2509309,     13.0,     13.0,     13.0,     41.0,  1,  2,  3,  2,    2381966,    2381966,    2381966,    2509309
16,    2381966,     11.0,     11.0,     11.0,     36.0,  1,  2,  3,  2,    2381966,    2381966,    2381966,    2381966
16,    2577420,     47.0,     43.0,     48.0,    141.0,  1,  2,  3,  2,     656698,    2509362,     656698,    2509362
16,    2577438,     31.0,     28.0,     31.0,     93.0,  1,  2,  3,  2,     656698,    2509362,     656704,     941771
16,    2509318,     17.0,     17.0,     17.0,     53.0,  9,  2, 11,  9,    2360219,    2509318,    2360219,    2360219
16,     656698,     22.0,     20.0,     22.0,     66.0,  1,  2,  3,  2,     656698,     656714,     656698,     656714
16,    2509326,     20.0,     18.0,     20.0,     60.0,  1,  2,  3,  2,     656703,     656703,     656703,     656703
16,    2509332,     16.0,     15.0,     16.0,     50.0,  1,  2,  3,  2,    2509332,    2509332,    2509332,    2509332
16,    2076943,     10.0,      9.0,     10.0,     30.0,  1,  2,  3,  2,    2076943,    2076943,    2076943,    2076943
16,    2509375,     18.0,     18.0,     18.0,     54.0,  9, 10, 11, 10,    2360283,    2360283,    2360283,    2360283
16,    2509370,     54.0,     54.0,     55.0,    166.0,  9, 10, 11,  9,      84686,      84686,      84686,      84686
16,    2509380,     18.0,     18.0,     18.0,     56.0,  9, 10, 11,  9,    2360285,    2360285,    2360285,    2360285
16,    2509381,     18.0,     18.0,     18.0,     55.0,  9, 10, 11, 11,    2360281,    2360281,    2360281,    2360281
16,    2509386,     52.0,     52.0,     53.0,    162.0,  9, 10, 11,  9,      84686,      84686,      84686,      84686
16,    2509396,     18.0,     18.0,     18.0,     56.0,  9, 10, 11,  9,    2360296,    2360296,    2360296,    2360296
16,    2579046,     17.0,     17.0,     17.0,     54.0,  9, 10, 11,  9,    2360300,    2360300,    2360300,    2360300
16,    2509401,     50.0,     50.0,     50.0,    159.0,  9, 10, 11,  9,      84686,      84686,      84686,      84686
16,    2509417,     17.0,     17.0,     17.0,     54.0,  9, 10, 11,  9,    2360304,    2360304,    2360304,    2360304
16,    2578144,     12.0,     12.0,     12.0,     38.0,  1,  2,  3,  1,     586707,     586707,     586707,     586707
16,    2578230,     19.0,     19.0,     20.0,     61.0,  1,  2,  3,  1,    2509420,    2509420,    2509420,    2509420
16,    2509425,     13.0,     13.0,     13.0,     42.0,  1,  2,  3,  1,    2509425,    2509425,    2509425,    2509425
16,    2509420,     16.0,     17.0,     17.0,     53.0,  1,  2,  3,  1,    2509420,    2509420,    2509420,    2509420
16,    2509439,     10.0,     11.0,     11.0,     34.0,  1,  2,  3,  1,    2509439,    2509434,    2509434,    2509439
16,    2509464,     18.0,     18.0,     18.0,     56.0,  9, 10, 11,  9,    2360333,    2360333,    2360333,    2360333
16,    2576425,     52.0,     50.0,     53.0,    160.0,  9, 10, 11, 10,      84582,      84582,      84582,      84582
16,    2575560,     37.0,     38.0,     38.0,    119.0,  1,  2,  3,  1,     586692,     586692,     586692,     586692
17,      46626,     44.0,     43.0,     44.0,    139.0,  1, 10, 11, 10,      46626,      84612,      84612,      84612
17,      46663,     29.0,     29.0,     30.0,     95.0,  1,  2,  3,  2,      46663,      46663,      46663,      46663
17,    2381944,     24.0,     24.0,     25.0,     78.0,  1,  2,  3,  1,    2381941,    2381941,    2381941,    2381966
17,    3746327,     25.0,     25.0,     26.0,     81.0,  1,  2,  3,  1,    2381941,    2381941,    2381941,    2381966
17,    2381927,     33.0,     33.0,     33.0,    105.0,  9, 10, 11, 11,      84701,      84701,      84701,      84701
17,    2509288,     17.0,     17.0,     17.0,     54.0,  9, 10, 11,  9,    2277072,    2277072,    2277072,    2277072
17,    2509293,     17.0,     17.0,     17.0,     55.0,  9, 10, 11,  9,    2360204,    2360204,    2360204,    2360204
17,      46660,     50.0,     51.0,     52.0,    162.0,  9, 10, 11,  9,    1085684,     257872,     257872,    1085684
17,    2580958,     51.0,     51.0,     52.0,    162.0,  9, 10, 11,  9,     257872,     257872,     257872,    1085684
17,     586707,      7.0,      7.0,      7.0,     22.0,  1,  2,  3,  1,     586707,     586707,     586707,     586707
17,     586697,     17.0,     17.0,     17.0,     55.0,  1,  2,  3,  1,     586697,     586697,     586697,     586697
17,     653237,     24.0,     24.0,     25.0,     74.0,  9, 10, 11,  9,    1085689,    1085689,    1085689,    1085689
17,    2509353,     15.0,     15.0,     16.0,     49.0,  1,  2,  3,  2,    2509353,     656714,    2509353,     941771
17,    2509333,     13.0,     13.0,     14.0,     43.0,  1,  2,  3,  2,    2509333,     941766,     941766,    2509333
17,    2509362,     13.0,     12.0,     13.0,     40.0,  1,  2,  3,  2,     941771,    2509362,    2509362,    2509362
17,    2509338,     15.0,     14.0,     15.0,     47.0,  1,  2,  3,  2,     941766,     941766,     941766,     941766
17,    2509342,     19.0,     19.0,     20.0,     61.0,  1,  2,  3,  2,     656704,     656704,     656704,    2509342
17,    2509347,     19.0,     19.0,     20.0,     61.0,  1,  2,  3,  2,    2509347,     656704,    2509347,    2509347
17,    2509351,     18.0,     17.0,     19.0,     57.0,  1,  2,  3,  2,     656714,    2509362,     656714,     941771
17,    2509352,     17.0,     16.0,     18.0,     53.0,  1,  2,  3,  2,     656714,     656714,     656714,     941771
17,    2509357,     15.0,     14.0,     16.0,     47.0,  1,  2,  3,  2,     941771,     941771,     656714,     941771
17,    2509276,     23.0,     23.0,     23.0,     73.0,  9, 10, 11,  9,    1986388,    1986388,    1986388,    1986388
17,    2509337,     14.0,     14.0,     15.0,     46.0,  1,  2,  3,  2,     941766,     941766,     941766,     941766
17,    2509340,     19.0,     18.0,     20.0,     60.0,  1,  2,  3,  2,     656704,     656704,     656704,     656704
17,    2509339,     16.0,     16.0,     17.0,     52.0,  1,  2,  3,  2,     656704,     656704,     656704,     656704
17,    2575625,     23.0,     23.0,     24.0,     75.0,  1,  2,  3,  1,    2381941,    2381941,    2381941,    2381966
17,    2402032,     14.0,     13.0,     14.0,     43.0,  1,  2,  3,  2,     941771,     941771,    2402032,    2402032
17,    2509167,     34.0,     34.0,     34.0,    108.0,  9, 10, 11,  9,      84583,      84583,      84583,      84583
17,    2576531,     18.0,     18.0,     18.0,     55.0,  9, 10, 11,  9,    2360156,    2360156,    2360156,    2360156
17,    2509154,     34.0,     34.0,     34.0,    108.0,  9, 10, 11,  9,      84583,      84583,      84583,      84583
17,    2577052,     54.0,     54.0,     56.0,    168.0,  9, 10, 11, 10,      84582,      84582,      84582,      84582
17,    3795218,     54.0,     54.0,     56.0,    168.0,  9, 10, 11, 10,      84582,      84582,      84582,      84582
17,    2577107,     54.0,     53.0,     56.0,    168.0,  9, 10, 11, 10,      84582,      84582,      84582,      84582
17,    2577117,     54.0,     53.0,     56.0,    167.0,  9, 10, 11, 10,      84582,      84582,      84582,      84582
17,    2577127,     52.0,     52.0,     55.0,    166.0,  9, 10, 11, 10,      84582,      84582,      84582,      84582
17,    2577137,     52.0,     52.0,     54.0,    165.0,  9, 10, 11, 10,      84582,      84582,      84582,      84582
17,    2509239,     33.0,     33.0,     33.0,    105.0,  9, 10, 11, 10,    2360177,    2360177,    2360177,    2360177
17,    2509251,     55.0,     55.0,     56.0,    169.0,  9, 10, 11,  9,     257872,     257872,     257872,    1085684
17,    2509246,     55.0,     55.0,     56.0,    169.0,  9, 10, 11,  9,     257872,     257872,     257872,    1085684
17,    2577231,     55.0,     55.0,     56.0,    168.0,  9, 10, 11,  9,     257872,     257872,     257872,    1085684
17,    2577241,     54.0,     54.0,     55.0,    167.0,  9, 10, 11,  9,     257872,     257872,     257872,    1085684
17,    2509264,     53.0,     54.0,     55.0,    166.0,  9, 10, 11,  9,    1085684,     257872,     257872,    1085684
17,    2577340,     52.0,     52.0,     54.0,    164.0,  9, 10, 11,  9,     257872,     257872,     257872,    1085684
17,    2577351,     52.0,     52.0,     54.0,    164.0,  9, 10, 11,  9,     257872,     257872,     257872,    1085684
17,    2577360,     51.0,     52.0,     53.0,    163.0,  9, 10, 11,  9,    1085684,     257872,     257872,    1085684
17,     993831,     24.0,     24.0,     24.0,     74.0,  9, 10, 11,  9,    1239481,    1239481,    1239481,    1239481
17,    2577390,     29.0,     29.0,     30.0,     93.0,  9, 10, 11,  9,    2360200,    2360200,    2360200,    2360200
17,    2509281,     29.0,     29.0,     29.0,     92.0,  9, 10, 11,  9,    2360200,    2360200,    2360200,    2360200
17,    2577401,     22.0,     22.0,     23.0,     71.0,  1,  2,  3,  1,    2381966,    2381941,    2381941,    2381966
17,    2509309,     13.0,     13.0,     14.0,     43.0,  1,  2,  3,  1,    2381966,    2509309,    2381966,    2509309
17,    2381966,     12.0,     12.0,     12.0,     38.0,  1,  2,  3,  1,    2381966,    2381966,    2381966,    2381966
17,    2577420,     49.0,     47.0,     51.0,    152.0,  1,  2,  3,  2,     656698,     656714,     656698,     941771
17,    2577438,     32.0,     31.0,     34.0,    100.0,  1,  2,  3,  2,     656698,     656714,     656698,     941771
17,    2509318,     17.0,     17.0,     17.0,     53.0,  9, 10, 11, 10,    2360219,    2360219,    2360219,    2360219
17,     656698,     23.0,     22.0,     24.0,     70.0,  1,  2,  3,  2,     656698,     656698,     656698,    2509362
17,    2509326,     20.0,     20.0,     21.0,     65.0,  1,  2,  3,  2,     656703,     656703,     656703,     656703
17,    2509332,     17.0,     16.0,     17.0,     53.0,  1,  2,  3,  2,    2509332,    2509332,    2509332,    2509332
17,    2076943,     10.0,     10.0,     10.0,     32.0,  1,  2,  3,  2,    2076943,    2076943,    2076943,    2076943
17,    2509375,     18.0,     18.0,     18.0,     55.0,  9, 10, 11, 10,    2360283,    2360283,    2360283,    2360283
17,    2509370,     54.0,     54.0,     54.0,    163.0,  9, 10, 11, 11,      84686,      84686,      84686,      84686
17,    2509380,     18.0,     18.0,     18.0,     56.0,  9, 10, 11,  9,    2360285,    2360285,    2360285,    2360285
17,    2509381,     18.0,     18.0,     18.0,     55.0,  9, 10, 11, 11,    2360281,    2360281,    2360281,    2360281
17,    2509386,     52.0,     52.0,     52.0,    160.0,  9, 10, 11, 11,      84686,      84686,      84686,      84686
17,    2509396,     18.0,     18.0,     18.0,     56.0,  9, 10, 11,  9,    2360296,    2360296,    2360296,    2360296
17,    2579046,     17.0,     17.0,     17.0,     54.0,  9, 10, 11,  9,    2360300,    2360300,    2360300,    2360300
17,    2509401,     50.0,     50.0,     49.0,    157.0,  9, 10, 11, 11,      84686,      84686,      84686,      84686
17,    2509417,     17.0,     17.0,     17.0,     54.0,  9, 10, 11,  9,    2360304,    2360304,    2360304,    2360304
17,    2578144,     12.0,     12.0,     12.0,     38.0,  1,  2,  3,  1,     586707,     586707,     586707,     586707
17,    2578230,     19.0,     19.0,     19.0,     61.0,  1,  2,  3,  1,    2509420,    2509420,    2509420,    2509420
17,    2509425,     13.0,     13.0,     13.0,     42.0,  1,  2,  3,  1,    2509425,    2509425,    2509425,    2509425
17,    2509420,     16.0,     17.0,     16.0,     53.0,  1,  2,  3,  1,    2509420,    2509420,    2509420,    2509420
17,    2509439,     10.0,     11.0,     11.0,     34.0,  1,  2,  3,  1,    2509439,    2509434,    2509434,    2509439
17,    2509464,     18.0,     18.0,     18.0,     56.0,  9, 10, 11,  9,    2360333,    2360333,    2360333,    2360333
17,    2576425,     52.0,     52.0,     54.0,    165.0,  9, 10, 11, 10,      84582,      84582,      84582,      84582
17,    2575560,     37.0,     38.0,     37.0,    119.0,  1,  2,  3,  1,     586692,     586692,     586692,     586692
18,      46626,     44.0,     44.0,     43.0,    139.0,  9,  2, 11, 11,      84612,      46626,      84612,      84612
18,      46663,     30.0,     30.0,     28.0,     92.0,  1,  2,  3,  3,      46663,      46663,      46663,      46663
18,    2381944,     25.0,     25.0,     24.0,     77.0,  1,  2,  3,  3,    2381941,    2381941,    2381941,    2381941
18,    3746327,     26.0,     26.0,     25.0,     80.0,  1,  2,  3,  3,    2381941,    2381941,    2381941,    2381941
18,    2381927,     33.0,     33.0,     33.0,    104.0,  9, 10, 11, 11,      84701,      84701,      84701,      84701
18,    2509288,     17.0,     17.0,     17.0,     53.0,  9, 10, 11, 11,    2277072,    2277072,    2277072,    2277072
18,    2509293,     17.0,     17.0,     17.0,     54.0,  9, 10, 11, 11,    2360204,    2360204,    2360204,    2360204
18,      46660,     52.0,     51.0,     49.0,    157.0,  9, 10, 11, 11,     257872,     257872,     257872,     257872
18,    2580958,     52.0,     52.0,     49.0,    157.0,  9, 10, 11, 11,    1085684,     257872,     257872,    1085684
18,     586707,      7.0,      7.0,      7.0,     22.0,  1,  2,  3,  1,     586707,     586707,     586707,     586707
18,     586697,     17.0,     18.0,     18.0,     54.0,  1,  2,  3,  1,     586697,     586697,     586697,     586697
18,     653237,     24.0,     25.0,     24.0,     74.0,  9, 10, 11,  9,    1085689,    1085689,    1085689,    1085689
18,    2509353,     16.0,     15.0,     15.0,     49.0,  1,  2,  3,  2,     656714,     656714,    2509353,    2509353
18,    2509333,     14.0,     13.0,     13.0,     43.0,  1,  2,  3,  3,     941766,     941766,     941766,    2509333
18,    2509362,     13.0,     12.0,     13.0,     40.0,  1,  2,  3,  2,    2509362,    2509362,     941771,    2509362
18,    2509338,     15.0,     14.0,     14.0,     47.0,  1,  2,  3,  3,     941766,     941766,     941766,     941766
18,    2509342,     20.0,     19.0,     19.0,     61.0,  1,  2,  3,  3,     656704,     656704,     656704,    2509342
18,    2509347,     20.0,     19.0,     19.0,     61.0,  1,  2,  3,  3,     656704,     656704,     656704,    2509347
18,    2509351,     19.0,     18.0,     18.0,     58.0,  1,  2,  3,  2,     656714,     656714,     656714,     941771
18,    2509352,     17.0,     16.0,     17.0,     54.0,  1,  2,  3,  2,    2509352,    2509352,     656714,     941771
18,    2509357,     16.0,     14.0,     15.0,     48.0,  1,  2,  3,  2,     656714,    2509357,     941771,     941771
18,    2509276,     23.0,     23.0,     23.0,     73.0,  9, 10, 11,  9,    1986388,    1986388,    1986388,    1986388
18,    2509337,     15.0,     14.0,     14.0,     46.0,  1,  2,  3,  3,     941766,     941766,     941766,     941766
18,    2509340,     19.0,     18.0,     18.0,     60.0,  1,  2,  3,  3,     656704,    2509340,     656704,     656704
18,    2509339,     17.0,     16.0,     16.0,     52.0,  1,  2,  3,  3,     656704,     656704,     656704,     656704
18,    2575625,     24.0,     24.0,     23.0,     74.0,  1,  2,  3,  3,    2381941,    2381941,    2381941,    2381941
18,    2402032,     14.0,     13.0,     13.0,     43.0,  1,  2,  3,  2,    2402032,     941771,    2402032,    2402032
18,    2509167,     34.0,     34.0,     34.0,    107.0,  9, 10, 11, 10,      84583,      84583,      84583,      84583
18,    2576531,     18.0,     17.0,     18.0,     54.0,  9, 10, 11, 10,    2360156,    2360156,    2360156,    2360156
18,    2509154,     34.0,     34.0,     34.0,    107.0,  9, 10, 11, 10,      84583,      84583,      84583,      84583
18,    2577052,     55.0,     54.0,     54.0,    169.0,  9, 10, 11, 10,      84582,      84582,      84582,      84582
18,    3795218,     55.0,     54.0,     54.0,    168.0,  9, 10, 11, 11,      84582,      84582,      84582,      84582
18,    2577107,     54.0,     54.0,     54.0,    168.0,  9, 10, 11, 11,      84582,      84582,      84582,      84582
18,    2577117,     54.0,     53.0,     53.0,    168.0,  9, 10, 11, 10,      84582,      84582,      84582,      84582
18,    2577127,     53.0,     52.0,     52.0,    166.0,  9, 10, 11, 11,      84582,      84582,      84582,      84582
18,    2577137,     53.0,     52.0,     52.0,    165.0,  9, 10, 11, 11,      84582,      84582,      84582,      84582
18,    2509239,     34.0,     33.0,     32.0,    103.0,  9, 10, 11, 11,    2360177,    2360177,    2360177,    2360177
18,    2509251,     56.0,     56.0,     53.0,    164.0,  9, 10, 11, 11,     257872,     257872,     257872,     257872
18,    2509246,     56.0,     56.0,     53.0,    164.0,  9, 10, 11, 11,    1085684,     257872,     257872,     257872
18,    2577231,     56.0,     56.0,     53.0,    164.0,  9, 10, 11, 11,     257872,     257872,     257872,     257872
18,    2577241,     55.0,     55.0,     52.0,    162.0,  9, 10, 11, 11,     257872,     257872,     257872,    1085684
18,    2509264,     55.0,     54.0,     52.0,    162.0,  9, 10, 11, 11,     257872,     257872,     257872,     257872
18,    2577340,     53.0,     53.0,     51.0,    159.0,  9, 10, 11, 11,    1085684,     257872,     257872,    1085684
18,    2577351,     53.0,     53.0,     50.0,    159.0,  9, 10, 11, 11,    1085684,     257872,     257872,     257872
18,    2577360,     53.0,     52.0,     50.0,    158.0,  9, 10, 11, 11,     257872,     257872,     257872,     257872
18,     993831,     24.0,     24.0,     24.0,     73.0,  9, 10, 11, 11,    1239481,    1239481,    1239481,    1239481
18,    2577390,     29.0,     30.0,     30.0,     94.0,  9, 10, 11,  9,    2360200,    2360200,    2360200,    2360200
18,    2509281,     29.0,     29.0,     30.0,     93.0,  9, 10, 11,  9,    2360200,    2360200,    2360200,    2360200
18,    2577401,     23.0,     23.0,     22.0,     70.0,  1,  2,  3,  3,    2381941,    2381941,    2381941,    2381966
18,    2509309,     14.0,     13.0,     13.0,     42.0,  1,  2,  3,  3,    2381966,    2509309,    2381966,    2509309
18,    2381966,     12.0,     12.0,     11.0,     37.0,  1,  2,  3,  3,    2381966,    2381966,    2381966,    2381966
18,    2577420,     51.0,     47.0,     48.0,    154.0,  1,  2,  3,  2,     656698,     941771,     656698,    2509362
18,    2577438,     33.0,     31.0,     32.0,    101.0,  1,  2,  3,  2,     656698,     656714,     656698,     941771
18,    2509318,     17.0,     17.0,     17.0,     53.0,  9, 10, 11, 11,    2360219,    2360219,    2360219,    2360219
18,     656698,     24.0,     22.0,     22.0,     71.0,  1,  2,  3,  2,     656698,     656704,     656698,    2509362
18,    2509326,     21.0,     20.0,     20.0,     65.0,  1,  2,  3,  3,     656703,     656703,     656703,     656703
18,    2509332,     17.0,     16.0,     16.0,     53.0,  1,  2,  3,  3,    2509332,    2509332,    2509332,    2509332
18,    2076943,     10.0,     10.0,     10.0,     32.0,  1,  2,  3,  3,    2076943,    2076943,    2076943,    2076943
18,    2509375,     18.0,     17.0,     18.0,     54.0,  9, 10, 11, 10,    2360283,    2360283,    2360283,    2360283
18,    2509370,     54.0,     55.0,     55.0,    165.0,  9, 10, 11,  9,      84686,      84686,      84686,      84686
18,    2509380,     18.0,     18.0,     18.0,     56.0,  9, 10, 11,  9,    2360285,    2360285,    2360285,    2360285
18,    2509381,     18.0,     18.0,     18.0,     55.0,  9, 10, 11, 11,    2360281,    2360281,    2360281,    2360281
18,    2509386,     52.0,     53.0,     53.0,    162.0,  9, 10, 11,  9,      84686,      84686,      84686,      84686
18,    2509396,     18.0,     18.0,     18.0,     56.0,  9, 10, 11,  9,    2360296,    2360296,    2360296,    2360296
18,    2579046,     17.0,     17.0,     17.0,     54.0,  9, 10, 11,  9,    2360300,    2360300,    2360300,    2360300
18,    2509401,     50.0,     50.0,     50.0,    158.0,  9, 10, 11,  9,      84686,      84686,      84686,      84686
18,    2509417,     17.0,     17.0,     17.0,     54.0,  9, 10, 11,  9,    2360304,    2360304,    2360304,    2360304
18,    2578144,     12.0,     12.0,     12.0,     38.0,  1,  2,  3,  1,     586707,     586707,     586707,     586707
18,    2578230,     19.0,     20.0,     19.0,     61.0,  1,  2,  3,  1,    2509420,    2509420,    2509420,    2509420
18,    2509425,     13.0,     13.0,     13.0,     42.0,  1,  2,  3,  1,    2509425,    2509425,    2509425,    2509425
18,    2509420,     16.0,     17.0,     17.0,     53.0,  1,  2,  3,  1,    2509420,    2509420,    2509420,    2509420
18,    2509439,     10.0,     11.0,     11.0,     34.0,  1,  2,  3,  1,    2509439,    2509434,    2509434,    2509439
18,    2509464,     18.0,     18.0,     18.0,     56.0,  9, 10, 11,  9,    2360333,    2360333,    2360333,    2360333
18,    2576425,     53.0,     52.0,     52.0,    165.0,  9, 10, 11, 11,      84582,      84582,      84582,      84582
18,    2575560,     36.0,     38.0,     38.0,    117.0,  1,  2,  3,  1,     586697,     586692,     586692,     586697
19,      46626,     44.0,     43.0,     43.0,    138.0,  1,  2, 11, 11,      46626,      46626,      84612,      84612
19,      46663,     28.0,     28.0,     27.0,     89.0,  1,  2,  3,  3,      46663,      46663,      46663,      46663
19,    2381944,     23.0,     23.0,     23.0,     74.0,  1,  2,  3,  3,    2381966,    2381941,    2381941,    2381941
19,    3746327,     24.0,     24.0,     24.0,     77.0,  1,  2,  3,  3,    2381966,    2381941,    2381941,    2381941
19,    2381927,     33.0,     33.0,     33.0,    104.0,  9, 10, 11, 11,      84701,      84701,      84701,      84701
19,    2509288,     17.0,     17.0,     17.0,     53.0,  9, 10, 11, 11,    2277072,    2277072,    2277072,    2277072
19,    2509293,     17.0,     17.0,     17.0,     54.0,  9, 10, 11, 10,    2360204,    2360204,    2360204,    2360204
19,      46660,     48.0,     47.0,     47.0,    150.0,  9, 10, 11, 11,    1085684,    1085684,     257872,    1085684
19,    2580958,     49.0,     48.0,     47.0,    151.0,  9, 10, 11, 11,     257872,     257872,     257872,     257872
19,     586707,      7.0,      7.0,      7.0,     22.0,  1,  2,  3,  1,     586707,     586707,     586707,     586707
19,     586697,     17.0,     17.0,     18.0,     55.0,  1,  2,  3,  1,     586697,     586697,     586697,     586697
19,     653237,     24.0,     24.0,     24.0,     74.0,  9, 10, 11,  9,    1085689,    1085689,    1085689,    1085689
19,    2509353,     15.0,     14.0,     15.0,     45.0,  1,  2,  3,  2,     656714,     656714,     656714,     656714
19,    2509333,     13.0,     12.0,     13.0,     40.0,  1,  2,  3,  2,     941766,     941766,     941766,     941766
19,    2509362,     12.0,     11.0,     12.0,     36.0,  1,  2,  3,  2,    2509362,    2509362,    2509362,    2509362
19,    2509338,     14.0,     13.0,     14.0,     43.0,  1,  2,  3,  2,     941766,     941766,     941766,     941766
19,    2509342,     19.0,     17.0,     18.0,     56.0,  1,  2,  3,  2,     656704,     656704,     656704,    2509342
19,    2509347,     19.0,     17.0,     18.0,     56.0,  1,  2,  3,  2,     656704,    2509347,    2509347,    2509347
19,    2509351,     18.0,     16.0,     17.0,     52.0,  1,  2,  3,  2,     656714,     656714,    2509351,    2509351
19,    2509352,     16.0,     15.0,     16.0,     49.0,  1,  2,  3,  2,    2509352,     656714,     656714,     656714
19,    2509357,     15.0,     13.0,     14.0,     43.0,  1,  2,  3,  2,     656714,     941771,    2509357,    2509357
19,    2509276,     23.0,     23.0,     23.0,     73.0,  9, 10, 11,  9,    1986388,    1986388,    1986388,    1986388
19,    2509337,     14.0,     13.0,     14.0,     42.0,  1,  2,  3,  2,     941766,     941766,     941766,    2509337
19,    2509340,     18.0,     17.0,     18.0,     55.0,  1,  2,  3,  2,     656704,     656704,     656704,     656704
19,    2509339,     16.0,     15.0,     15.0,     48.0,  1,  2,  3,  2,     656704,     656704,     656704,     656704
19,    2575625,     22.0,     22.0,     22.0,     71.0,  1,  2,  3,  3,    2381966,    2381941,    2381941,    2381941
19,    2402032,     13.0,     12.0,     13.0,     39.0,  1,  2,  3,  2,    2402032,     941771,     941771,    2402032
19,    2509167,     34.0,     33.0,     34.0,    106.0,  9, 10, 11, 10,      84583,      84583,      84583,      84583
19,    2576531,     18.0,     17.0,     18.0,     52.0,  9, 10, 11, 10,    2360156,    2360156,    2360156,    2360156
19,    2509154,     34.0,     33.0,     34.0,    105.0,  9, 10, 11, 10,      84583,      84583,      84583,      84583
19,    2577052,     54.0,     52.0,     54.0,    164.0,  9, 10, 11, 10,      84582,      84582,      84582,      84582
19,    3795218,     53.0,     52.0,     54.0,    163.0,  9, 10, 11, 10,      84582,      84582,      84582,      84582
19,    2577107,     53.0,     52.0,     54.0,    163.0,  9, 10, 11, 10,      84582,      84582,      84582,      84582
19,    2577117,     53.0,     52.0,     54.0,    163.0,  9, 10, 11, 10,      84582,      84582,      84582,      84582
19,    2577127,     52.0,     51.0,     52.0,    161.0,  9, 10, 11, 10,      84582,      84582,      84582,      84582
19,    2577137,     51.0,     50.0,     52.0,    160.0,  9, 10, 11, 10,      84582,      84582,      84582,      84582
19,    2509239,     33.0,     32.0,     33.0,    103.0,  9, 10, 11, 10,    2360177,    2360177,    2360177,    2360177
19,    2509251,     52.0,     52.0,     51.0,    157.0,  9, 10, 11, 11,    1085684,     257872,     257872,    1085684
19,    2509246,     52.0,     52.0,     51.0,    157.0,  9, 10, 11, 11,    1085684,     257872,     257872,    1085684
19,    2577231,     52.0,     51.0,     51.0,    157.0,  9, 10, 11, 11,    1085684,    1085684,     257872,     257872
19,    2577241,     52.0,     51.0,     50.0,    156.0,  9, 10, 11, 11,     257872,     257872,     257872,     257872
19,    2509264,     51.0,     50.0,     50.0,    155.0,  9, 10, 11, 11,    1085684,     257872,     257872,     257872
19,    2577340,     50.0,     49.0,     48.0,    153.0,  9, 10, 11, 11,     257872,     257872,    1085684,     257872
19,    2577351,     50.0,     49.0,     48.0,    153.0,  9, 10, 11, 11,     257872,     257872,     257872,     257872
19,    2577360,     49.0,     48.0,     48.0,    152.0,  9, 10, 11, 11,    1085684,     257872,     257872,     257872
19,     993831,     23.0,     23.0,     23.0,     73.0,  9, 10, 11,  9,    1239481,    1239481,    1239481,    1239481
19,    2577390,     26.0,     27.0,     27.0,     84.0,  9, 10, 11,  9,    2360200,    2360200,    2360200,    2360200
19,    2509281,     26.0,     26.0,     27.0,     83.0,  9, 10, 11,  9,    2360200,    2360200,    2360200,    2360200
19,    2577401,     21.0,     21.0,     21.0,     68.0,  1,  2,  3,  2,    2381966,    2381941,    2381941,    2381966
19,    2509309,     13.0,     13.0,     12.0,     41.0,  1,  2,  3,  2,    2381966,    2381966,    2509309,    2509309
19,    2381966,     11.0,     11.0,     11.0,     36.0,  1,  2,  3,  2,    2381966,    2381966,    2381966,    2381966
19,    2577420,     47.0,     43.0,     46.0,    140.0,  1,  2,  3,  2,     656704,     656714,     656698,     941771
19,    2577438,     31.0,     28.0,     30.0,     92.0,  1,  2,  3,  2,     656698,     656714,     656704,     941771
19,    2509318,     17.0,     17.0,     17.0,     53.0,  9,  2,  3, 10,    2360219,    2509318,    2509318,    2360219
19,     656698,     22.0,     20.0,     22.0,     65.0,  1,  2,  3,  2,     656698,     656704,     656698,     656714
19,    2509326,     20.0,     18.0,     19.0,     60.0,  1,  2,  3,  2,     656703,     656703,     656703,     656703
19,    2509332,     16.0,     15.0,     16.0,     49.0,  1,  2,  3,  2,    2509332,    2509332,    2509332,    2509332
19,    2076943,     10.0,      9.0,      9.0,     30.0,  1,  2,  3,  2,    2076943,    2076943,    2076943,    2076943
19,    2509375,     18.0,     15.0,     18.0,     46.0,  9, 10, 11, 10,    2360283,    2360283,    2360283,    2360283
19,    2509370,     55.0,     52.0,     54.0,    159.0,  9, 10, 11, 10,      84686,      84686,      84686,      84686
19,    2509380,     18.0,     18.0,     18.0,     56.0,  9, 10, 11,  9,    2360285,    2360285,    2360285,    2360285
19,    2509381,     18.0,     18.0,     17.0,     54.0,  9, 10, 11, 11,    2360281,    2360281,    2360281,    2360281
19,    2509386,     52.0,     50.0,     52.0,    156.0,  9, 10, 11, 10,      84686,      84686,      84686,      84686
19,    2509396,     18.0,     18.0,     18.0,     56.0,  9, 10, 11,  9,    2360296,    2360296,    2360296,    2360296
19,    2579046,     17.0,     17.0,     17.0,     54.0,  9, 10, 11,  9,    2360300,    2360300,    2360300,    2360300
19,    2509401,     50.0,     48.0,     50.0,    152.0,  9, 10, 11, 10,      84686,      84686,      84686,      84686
19,    2509417,     17.0,     17.0,     17.0,     54.0,  9, 10, 11,  9,    2360304,    2360304,    2360304,    2360304
19,    2578144,     12.0,     12.0,     12.0,     39.0,  1,  2,  3,  1,     586707,     586707,     586707,     586707
19,    2578230,     19.0,     19.0,     19.0,     62.0,  1,  2,  3,  1,    2509420,    2509420,    2509420,    2509420
19,    2509425,     13.0,     13.0,     13.0,     42.0,  1,  2,  3,  1,    2509425,    2509425,    2509425,    2509425
19,    2509420,     16.0,     17.0,     17.0,     54.0,  1,  2,  3,  1,    2509420,    2509420,    2509420,    2509420
19,    2509439,     10.0,     11.0,     11.0,     35.0,  1,  2,  3,  1,    2509439,    2509434,    2509434,    2509439
19,    2509464,     18.0,     18.0,     18.0,     56.0,  9, 10, 11,  9,    2360333,    2360333,    2360333,    2360333
19,    2576425,     51.0,     50.0,     52.0,    160.0,  9, 10, 11, 10,      84582,      84582,      84582,      84582
19,    2575560,     37.0,     38.0,     38.0,    119.0,  1,  2,  3,  1,     586692,     586692,     586692,     586697
20,      46626,     42.0,     41.0,     44.0,    133.0,  1,  2,  3,  2,      46626,      46626,      46626,      46626
20,      46663,     27.0,     28.0,     28.0,     87.0,  1,  2,  3,  1,      46663,      46663,      46663,    2381966
20,    2381944,     22.0,     23.0,     24.0,     71.0,  1,  2,  3,  1,    2381941,    2381941,    2381941,    2381966
20,    3746327,     23.0,     24.0,     25.0,     74.0,  1,  2,  3,  1,    2381941,    2381941,    2381941,    2381966
20,    2381927,     32.0,     33.0,     33.0,    103.0,  1, 10, 11,  9,    2381966,      84701,      84701,      84701
20,    2509288,     17.0,     17.0,     17.0,     54.0,  9, 10, 11,  9,    2277072,    2277072,    2277072,    2277072
20,    2509293,     17.0,     17.0,     17.0,     54.0,  9, 10, 11,  9,    2360204,    2360204,    2360204,    2360204
20,      46660,     48.0,     48.0,     48.0,    152.0,  9, 10, 11,  9,     257872,     257872,     257872,    1085684
20,    2580958,     48.0,     48.0,     49.0,    153.0,  9, 10, 11,  9,     257872,     257872,     257872,    1085684
20,     586707,      6.0,      7.0,      7.0,     22.0,  1,  2,  3,  1,     586707,     586707,     586707,     586707
20,     586697,     16.0,     17.0,     18.0,     53.0,  1,  2,  3,  1,     586697,     586697,     586697,     586697
20,     653237,     24.0,     24.0,     24.0,     74.0,  9, 10, 11,  9,    1085689,    1085689,    1085689,    1085689
20,    2509353,     15.0,     14.0,     15.0,     46.0,  1,  2,  3,  2,     656714,     656714,    2509353,     941771
20,    2509333,     13.0,     12.0,     13.0,     40.0,  1,  2,  3,  2,     941766,     941766,     941766,    2509333
20,    2509362,     12.0,     11.0,     13.0,     37.0,  1,  2,  3,  2,    2509362,    2509362,     941771,    2509362
20,    2509338,     14.0,     13.0,     14.0,     44.0,  1,  2,  3,  2,     941766,     941766,     941766,     941766
20,    2509342,     18.0,     18.0,     19.0,     57.0,  1,  2,  3,  2,     656704,     656704,     656704,    2509342
20,    2509347,     18.0,     18.0,     19.0,     57.0,  1,  2,  3,  2,    2509347,     656704,     656704,    2509347
20,    2509351,     17.0,     16.0,     18.0,     53.0,  1,  2,  3,  2,    2509351,    2509351,     656714,    2509351
20,    2509352,     16.0,     15.0,     17.0,     50.0,  1,  2,  3,  2,     656714,     656714,     656714,     941771
20,    2509357,     14.0,     13.0,     15.0,     44.0,  1,  2,  3,  2,    2509357,    2509357,     656714,    2509357
20,    2509276,     23.0,     23.0,     23.0,     73.0,  9, 10, 11,  9,    1986388,    1986388,    1986388,    1986388
20,    2509337,     14.0,     13.0,     14.0,     43.0,  1,  2,  3,  2,     941766,     941766,     941766,     941766
20,    2509340,     18.0,     17.0,     18.0,     56.0,  1,  2,  3,  2,     656704,     656704,    2509340,     656704
20,    2509339,     15.0,     15.0,     16.0,     48.0,  1,  2,  3,  2,    2509339,     656704,     656704,    2509339
20,    2575625,     21.0,     22.0,     23.0,     68.0,  1,  2,  3,  1,    2381941,    2381941,    2381941,    2381966
20,    2402032,     13.0,     12.0,     13.0,     40.0,  1,  2,  3,  2,     941771,    2402032,    2402032,    2402032
20,    2509167,     34.0,     34.0,     34.0,    107.0,  9, 10, 11,  9,      84583,      84583,      84583,      84583
20,    2576531,     18.0,     17.0,     18.0,     54.0,  9, 10, 11, 10,    2360156,    2360156,    2360156,    2360156
20,    2509154,     34.0,     34.0,     34.0,    107.0,  9, 10, 11,  9,      84583,      84583,      84583,      84583
20,    2577052,     52.0,     51.0,     54.0,    160.0,  9, 10, 11, 10,      84582,      84582,      84582,      84582
20,    3795218,     51.0,     51.0,     53.0,    159.0,  9, 10, 11, 10,      84582,      84582,      84582,      84582
20,    2577107,     51.0,     51.0,     53.0,    159.0,  9, 10, 11, 10,      84582,      84582,      84582,      84582
20,    2577117,     51.0,     50.0,     53.0,    159.0,  9, 10, 11, 10,      84582,      84582,      84582,      84582
20,    2577127,     50.0,     49.0,     52.0,    157.0,  9, 10, 11, 10,      84582,      84582,      84582,      84582
20,    2577137,     50.0,     49.0,     51.0,    156.0,  9, 10, 11, 10,      84582,      84582,      84582,      84582
20,    2509239,     32.0,     32.0,     33.0,    101.0,  9, 10, 11, 10,    2360177,    2360177,    2360177,    2360177
20,    2509251,     52.0,     52.0,     52.0,    159.0,  9, 10, 11,  9,     257872,     257872,    1085684,    1085684
20,    2509246,     52.0,     52.0,     52.0,    159.0,  9, 10, 11,  9,     257872,     257872,    1085684,    1085684
20,    2577231,     51.0,     52.0,     52.0,    158.0,  9, 10, 11,  9,    1085684,     257872,     257872,    1085684
20,    2577241,     51.0,     51.0,     51.0,    157.0,  9, 10, 11,  9,     257872,     257872,    1085684,    1085684
20,    2509264,     50.0,     50.0,     51.0,    157.0,  9, 10, 11,  9,    1085684,    1085684,     257872,    1085684
20,    2577340,     49.0,     49.0,     50.0,    155.0,  9, 10, 11,  9,    1085684,     257872,     257872,    1085684
20,    2577351,     49.0,     49.0,     50.0,    154.0,  9, 10, 11,  9,     257872,     257872,     257872,    1085684
20,    2577360,     48.0,     49.0,     49.0,    154.0,  9, 10, 11,  9,    1085684,     257872,     257872,    1085684
20,     993831,     23.0,     23.0,     23.0,     73.0,  9, 10, 11,  9,    1239481,    1239481,    1239481,    1239481
20,    2577390,     27.0,     27.0,     27.0,     86.0,  9, 10, 11,  9,    2360200,    2360200,    2360200,    2360200
20,    2509281,     27.0,     27.0,     27.0,     85.0,  9, 10, 11,  9,    2360200,    2360200,    2360200,    2360200
20,    2577401,     20.0,     21.0,     22.0,     65.0,  1,  2,  3,  1,    2381966,    2381941,    2381941,    2381966
20,    2509309,     12.0,     12.0,     13.0,     39.0,  1,  2,  3,  1,    2381966,    2509309,    2381966,    2509309
20,    2381966,     11.0,     11.0,     11.0,     35.0,  1,  2,  3,  1,    2381966,    2381966,    2381966,    2381966
20,    2577420,     47.0,     44.0,     48.0,    143.0,  1,  2,  3,  2,     656698,     656714,     656698,     941771
20,    2577438,     31.0,     29.0,     32.0,     94.0,  1,  2,  3,  2,     656698,     656714,     656698,     941771
20,    2509318,     17.0,     17.0,     17.0,     53.0,  9,  2, 11,  9,    2360219,    2509318,    2360219,    2360219
20,     656698,     22.0,     20.0,     22.0,     66.0,  1,  2,  3,  2,     656698,     941771,     656698,    2509362
20,    2509326,     19.0,     19.0,     20.0,     61.0,  1,  2,  3,  2,     656703,     656703,     656703,     656703
20,    2509332,     16.0,     15.0,     16.0,     50.0,  1,  2,  3,  2,    2509332,    2509332,    2509332,    2509332
20,    2076943,      9.0,      9.0,     10.0,     30.0,  1,  2,  3,  2,    2076943,    2076943,    2076943,    2076943
20,    2509375,     18.0,     13.0,     18.0,     39.0,  9, 10, 11, 10,    2360283,    2360283,    2360283,    2360283
20,    2509370,     54.0,     50.0,     55.0,    152.0,  9, 10, 11, 10,      84686,      84686,      84686,      84686
20,    2509380,     18.0,     18.0,     18.0,     56.0,  9, 10, 11,  9,    2360285,    2360285,    2360285,    2360285
20,    2509381,     18.0,     18.0,     17.0,     54.0,  9, 10, 11, 11,    2360281,    2360281,    2360281,    2360281
20,    2509386,     52.0,     48.0,     53.0,    149.0,  9, 10, 11, 10,      84686,      84686,      84686,      84686
20,    2509396,     18.0,     18.0,     18.0,     56.0,  9, 10, 11,  9,    2360296,    2360296,    2360296,    2360296
20,    2579046,     17.0,     17.0,     17.0,     54.0,  9, 10, 11,  9,    2360300,    2360300,    2360300,    2360300
20,    2509401,     50.0,     46.0,     50.0,    146.0,  9, 10, 11, 10,      84686,      84686,      84686,      84686
20,    2509417,     17.0,     17.0,     17.0,     54.0,  9, 10, 11,  9,    2360304,    2360304,    2360304,    2360304
20,    2578144,     11.0,     12.0,     12.0,     37.0,  1,  2,  3,  1,     586707,     586707,     586707,     586707
20,    2578230,     18.0,     19.0,     20.0,     60.0,  1,  2,  3,  1,    2509420,    2509420,    2509420,    2509420
20,    2509425,     12.0,     13.0,     13.0,     41.0,  1,  2,  3,  1,    2509425,    2509425,    2509425,    2509425
20,    2509420,     16.0,     16.0,     17.0,     52.0,  1,  2,  3,  1,    2509420,    2509420,    2509420,    2509420
20,    2509439,     10.0,     11.0,     11.0,     33.0,  1,  2,  3,  1,    2509439,    2509434,    2509434,    2509439
20,    2509464,     18.0,     18.0,     18.0,     56.0,  9, 10, 11,  9,    2360333,    2360333,    2360333,    2360333
20,    2576425,     50.0,     49.0,     52.0,    156.0,  9, 10, 11, 10,      84582,      84582,      84582,      84582
20,    2575560,     35.0,     37.0,     38.0,    115.0,  1,  2,  3,  1,     586697,     586692,     586692,     586697
21,      46626,     43.0,     39.0,     44.0,    125.0,  1,  2,  3,  2,      46626,      46626,      46626,      46626
21,      46663,     27.0,     26.0,     27.0,     85.0,  1,  2,  3,  2,      46663,      46663,      46663,      46663
21,    2381944,     22.0,     22.0,     23.0,     70.0,  1,  2,  3,  2,    2381966,    2381941,    2381941,    2381966
21,    3746327,     23.0,     23.0,     24.0,     73.0,  1,  2,  3,  2,    2381966,    2381941,    2381941,    2381941
21,    2381927,     33.0,     32.0,     33.0,    104.0,  1,  2,  3,  2,      46663,      46663,      46663,      46663
21,    2509288,     17.0,     17.0,     17.0,     53.0,  9, 10, 11, 11,    2277072,    2277072,    2277072,    2277072
21,    2509293,     17.0,     17.0,     17.0,     54.0,  9, 10, 11, 10,    2360204,    2360204,    2360204,    2360204
21,      46660,     45.0,     43.0,     45.0,    138.0,  9, 10, 11, 10,    1085684,    1085684,    1085684,    1085684
21,    2580958,     45.0,     43.0,     45.0,    139.0,  9, 10, 11, 10,    1085684,    1085684,    1085684,    1085684
21,     586707,      6.0,      7.0,      7.0,     22.0,  1,  2,  3,  1,     586707,     586707,     586707,     586707
21,     586697,     16.0,     17.0,     18.0,     53.0,  1,  2,  3,  1,     586697,     586697,     586697,     586697
21,     653237,     24.0,     24.0,     24.0,     74.0,  9, 10, 11,  9,    1085689,    1085689,    1085689,    1085689
21,    2509353,     15.0,     13.0,     15.0,     42.0,  1,  2,  3,  2,     656714,     656714,     656714,     941771
21,    2509333,     13.0,     11.0,     13.0,     38.0,  1,  2,  3,  2,     941766,    2509333,     941766,     941766
21,    2509362,     12.0,     10.0,     12.0,     34.0,  1,  2,  3,  2,    2509362,    2509362,    2509362,    2509362
21,    2509338,     14.0,     12.0,     14.0,     41.0,  1,  2,  3,  2,     941766,    2509338,     941766,     941766
21,    2509342,     18.0,     16.0,     18.0,     53.0,  1,  2,  3,  2,     656704,    2509342,     656704,    2509342
21,    2509347,     18.0,     16.0,     18.0,     53.0,  1,  2,  3,  2,     656704,    2509347,     656704,    2509347
21,    2509351,     17.0,     15.0,     17.0,     49.0,  1,  2,  3,  2,     656714,     656714,    2509351,    2509351
21,    2509352,     16.0,     14.0,     16.0,     46.0,  1,  2,  3,  2,     656714,     656714,     656714,     941771
21,    2509357,     14.0,     12.0,     14.0,     41.0,  1,  2,  3,  2,     941771,     941771,     941771,     941771
21,    2509276,     21.0,     20.0,     21.0,     64.0,  9, 10, 11,  9,    1986388,    1986388,    1986388,    1986388
21,    2509337,     13.0,     12.0,     13.0,     40.0,  1,  2,  3,  2,    2509337,     941766,    2509337,     941766
21,    2509340,     18.0,     16.0,     18.0,     52.0,  1,  2,  3,  2,     656704,     656704,     656704,     656704
21,    2509339,     15.0,     14.0,     15.0,     45.0,  1,  2,  3,  2,     656704,     656704,     656704,    2509339
21,    2575625,     21.0,     21.0,     22.0,     67.0,  1,  2,  3,  2,    2381966,    2381941,    2381941,    2381966
21,    2402032,     13.0,     11.0,     13.0,     37.0,  1,  2,  3,  2,     941771,     941771,     941771,    2402032
21,    2509167,     34.0,     34.0,     34.0,    107.0,  9, 10, 11,  9,      84583,      84583,      84583,      84583
21,    2576531,     18.0,     17.0,     18.0,     54.0,  9, 10, 11, 10,    2360156,    2360156,    2360156,    2360156
21,    2509154,     34.0,     34.0,     34.0,    107.0,  9, 10, 11,  9,      84583,      84583,      84583,      84583
21,    2577052,     53.0,     48.0,     54.0,    150.0,  9, 10, 11, 10,      84582,      84582,      84582,      84582
21,    3795218,     53.0,     48.0,     54.0,    150.0,  9, 10, 11, 10,      84582,      84582,      84582,      84582
21,    2577107,     53.0,     48.0,     54.0,    149.0,  9, 10, 11, 10,      84582,      84582,      84582,      84582
21,    2577117,     52.0,     47.0,     53.0,    149.0,  9, 10, 11, 10,      84582,      84582,      84582,      84582
21,    2577127,     51.0,     46.0,     52.0,    147.0,  9, 10, 11, 10,      84582,      84582,      84582,      84582
21,    2577137,     51.0,     46.0,     52.0,    146.0,  9, 10, 11, 10,      84582,      84582,      84582,      84582
21,    2509239,     33.0,     31.0,     33.0,     99.0,  9, 10, 11, 10,    2360177,    2360177,    2360177,    2360177
21,    2509251,     49.0,     47.0,     48.0,    144.0,  9, 10, 11, 10,    1085684,    1085684,    1085684,    1085684
21,    2509246,     49.0,     47.0,     48.0,    144.0,  9, 10, 11, 10,    1085684,    1085684,    1085684,    1085684
21,    2577231,     48.0,     47.0,     48.0,    144.0,  9, 10, 11, 10,    1085684,    1085684,    1085684,    1085684
21,    2577241,     48.0,     46.0,     48.0,    143.0,  9, 10, 11, 10,    1085684,    1085684,    1085684,    1085684
21,    2509264,     47.0,     46.0,     47.0,    142.0,  9, 10, 11, 10,    1085684,    1085684,    1085684,    1085684
21,    2577340,     46.0,     45.0,     46.0,    140.0,  9, 10, 11, 10,    1085684,    1085684,    1085684,    1085684
21,    2577351,     46.0,     44.0,     46.0,    140.0,  9, 10, 11, 10,    1085684,    1085684,    1085684,    1085684
21,    2577360,     46.0,     44.0,     45.0,    139.0,  9, 10, 11, 10,    1085684,    1085684,    1085684,    1085684
21,     993831,     23.0,     23.0,     23.0,     73.0,  9, 10, 11,  9,    1239481,    1239481,    1239481,    1239481
21,    2577390,     27.0,     26.0,     28.0,     84.0,  9, 10, 11, 10,    2360200,    2360200,    2360200,    2360200
21,    2509281,     27.0,     26.0,     27.0,     84.0,  9, 10, 11, 10,    2360200,    2360200,    2360200,    2360200
21,    2577401,     20.0,     20.0,     21.0,     64.0,  1,  2,  3,  2,    2381966,    2381941,    2381941,    2381966
21,    2509309,     12.0,     12.0,     12.0,     39.0,  1,  2,  3,  2,    2381966,    2381966,    2509309,    2509309
21,    2381966,     11.0,     10.0,     11.0,     34.0,  1,  2,  3,  2,    2381966,    2381966,    2381966,    2381966
21,    2577420,     45.0,     40.0,     44.0,    131.0,  9,  2, 11,  2,    1085684,     941771,    1085684,     941771
21,    2577438,     30.0,     26.0,     30.0,     86.0,  1,  2,  3,  2,     656698,    2509362,     656698,     941771
21,    2509318,     17.0,     16.0,     17.0,     52.0,  1,  2,  3,  2,    2509318,    2509318,    2509318,    2509318
21,     656698,     21.0,     19.0,     21.0,     61.0,  1,  2,  3,  2,     656704,     656698,     656704,     941771
21,    2509326,     19.0,     17.0,     19.0,     56.0,  1,  2,  3,  2,     656703,     656703,     656703,     656703
21,    2509332,     16.0,     14.0,     16.0,     46.0,  1,  2,  3,  2,    2509332,    2509332,    2509332,    2509332
21,    2076943,      9.0,      9.0,      9.0,     28.0,  1,  2,  3,  2,    2076943,    2076943,    2076943,    2076943
21,    2509375,     18.0,     15.0,     18.0,     46.0,  9, 10, 11, 10,    2360283,    2360283,    2360283,    2360283
21,    2509370,     54.0,     52.0,     55.0,    160.0,  9, 10, 11, 10,      84686,      84686,      84686,      84686
21,    2509380,     18.0,     18.0,     18.0,     56.0,  9, 10, 11,  9,    2360285,    2360285,    2360285,    2360285
21,    2509381,     18.0,     18.0,     17.0,     54.0,  9, 10, 11, 11,    2360281,    2360281,    2360281,    2360281
21,    2509386,     52.0,     50.0,     53.0,    157.0,  9, 10, 11, 10,      84686,      84686,      84686,      84686
21,    2509396,     18.0,     18.0,     18.0,     56.0,  9, 10, 11,  9,    2360296,    2360296,    2360296,    2360296
21,    2579046,     17.0,     17.0,     17.0,     54.0,  9, 10, 11,  9,    2360300,    2360300,    2360300,    2360300
21,    2509401,     50.0,     48.0,     51.0,    153.0,  9, 10, 11, 10,      84686,      84686,      84686,      84686
21,    2509417,     17.0,     17.0,     17.0,     54.0,  9, 10, 11,  9,    2360304,    2360304,    2360304,    2360304
21,    2578144,     11.0,     12.0,     12.0,     37.0,  1,  2,  3,  1,     586707,     586707,     586707,     586707
21,    2578230,     18.0,     19.0,     20.0,     60.0,  1,  2,  3,  1,    2509420,    2509420,    2509420,    2509420
21,    2509425,     12.0,     13.0,     13.0,     41.0,  1,  2,  3,  1,    2509425,    2509425,    2509425,    2509425
21,    2509420,     16.0,     17.0,     17.0,     52.0,  1,  2,  3,  1,    2509420,    2509420,    2509420,    2509420
21,    2509439,     10.0,     11.0,     11.0,     33.0,  1,  2,  3,  1,    2509439,    2509434,    2509439,    2509439
21,    2509464,     18.0,     18.0,     18.0,     55.0,  9, 10, 11,  9,    2360333,    2360333,    2360333,    2360333
21,    2576425,     51.0,     46.0,     52.0,    146.0,  9, 10, 11, 10,      84582,      84582,      84582,      84582
21,    2575560,     35.0,     38.0,     39.0,    115.0,  1,  2,  3,  1,     586697,     586692,     586692,     586697
22,      46626,     44.0,     40.0,     43.0,    129.0,  1,  2,  3,  2,      46626,      46626,      46626,      46626
22,      46663,     25.0,     27.0,     27.0,     83.0,  1,  2,  3,  1,    2381966,      46663,      46663,    2381966
22,    2381944,     21.0,     22.0,     23.0,     68.0,  1,  2,  3,  1,    2381966,    2381941,    2381941,    2381966
22,    3746327,     22.0,     23.0,     24.0,     71.0,  1,  2,  3,  1,    2381966,    2381941,    2381941,    2381966
22,    2381927,     31.0,     32.0,     33.0,    100.0,  1,  2, 11,  1,    2381966,    2381966,      84701,    2381966
22,    2509288,     17.0,     17.0,     17.0,     53.0,  9, 10, 11, 11,    2277072,    2277072,    2277072,    2277072
22,    2509293,     17.0,     17.0,     17.0,     54.0,  9, 10, 11,  9,    2360204,    2360204,    2360204,    2360204
22,      46660,     46.0,     44.0,     45.0,    140.0,  9, 10, 11, 10,    1085684,    1085684,    1085684,    1085684
22,    2580958,     46.0,     44.0,     45.0,    140.0,  9, 10, 11, 10,    1085684,    1085684,    1085684,    1085684
22,     586707,      6.0,      7.0,      7.0,     22.0,  1,  2,  3,  1,     586707,     586707,     586707,     586707
22,     586697,     16.0,     17.0,     18.0,     54.0,  1,  2,  3,  1,     586697,     586697,     586697,     586697
22,     653237,     24.0,     24.0,     24.0,     75.0,  9, 10, 11,  9,    1085689,    1085689,    1085689,    1085689
22,    2509353,     15.0,     13.0,     15.0,     42.0,  1,  2,  3,  2,     656714,     656714,     656714,     941771
22,    2509333,     13.0,     12.0,     13.0,     38.0,  1,  2,  3,  2,     941766,     941766,     941766,     941766
22,    2509362,     12.0,     10.0,     12.0,     34.0,  1,  2,  3,  2,    2509362,    2509362,    2509362,    2509362
22,    2509338,     14.0,     12.0,     14.0,     41.0,  1,  2,  3,  2,     941766,    2509338,     941766,     941766
22,    2509342,     18.0,     16.0,     18.0,     54.0,  1,  2,  3,  2,     656704,    2509342,    2509342,     656704
22,    2509347,     18.0,     16.0,     18.0,     54.0,  1,  2,  3,  2,    2509347,    2509347,    2509347,    2509347
22,    2509351,     17.0,     15.0,     17.0,     49.0,  1,  2,  3,  2,    2509351,     656714,    2509351,     941771
22,    2509352,     16.0,     14.0,     16.0,     46.0,  1,  2,  3,  2,     656714,     656714,    2509352,     656714
22,    2509357,     14.0,     12.0,     14.0,     40.0,  1,  2,  3,  2,    2509357,     941771,    2509357,    2509357
22,    2509276,     20.0,     20.0,     20.0,     61.0,  9, 10, 11, 10,    1986388,    1986388,    1986388,    1986388
22,    2509337,     14.0,     12.0,     14.0,     40.0,  1,  2,  3,  2,     941766,     941766,     941766,    2509337
22,    2509340,     18.0,     16.0,     18.0,     52.0,  1,  2,  3,  2,     656704,     656704,     656704,    2509340
22,    2509339,     15.0,     14.0,     15.0,     45.0,  1,  2,  3,  2,    2509339,     656704,    2509339,    2509339
22,    2575625,     20.0,     21.0,     22.0,     65.0,  1,  2,  3,  1,    2381966,    2381941,    2381941,    2381966
22,    2402032,     13.0,     11.0,     13.0,     36.0,  1,  2,  3,  2,     941771,     941771,     941771,    2402032
22,    2509167,     34.0,     34.0,     34.0,    107.0,  9, 10, 11, 10,      84583,      84583,      84583,      84583
22,    2576531,     18.0,     17.0,     18.0,     54.0,  9, 10, 11, 10,    2360156,    2360156,    2360156,    2360156
22,    2509154,     34.0,     34.0,     34.0,    107.0,  9, 10, 11, 10,      84583,      84583,      84583,      84583
22,    2577052,     55.0,     49.0,     53.0,    154.0,  9, 10, 11, 10,      84582,      84582,      84582,      84582
22,    3795218,     55.0,     49.0,     53.0,    154.0,  9, 10, 11, 10,      84582,      84582,      84582,      84582
22,    2577107,     54.0,     49.0,     53.0,    153.0,  9, 10, 11, 10,      84582,      84582,      84582,      84582
22,    2577117,     54.0,     49.0,     52.0,    153.0,  9, 10, 11, 10,      84582,      84582,      84582,      84582
22,    2577127,     53.0,     48.0,     51.0,    151.0,  9, 10, 11, 10,      84582,      84582,      84582,      84582
22,    2577137,     53.0,     47.0,     51.0,    151.0,  9, 10, 11, 10,      84582,      84582,      84582,      84582
22,    2509239,     33.0,     31.0,     33.0,     99.0,  9, 10, 11, 10,    2360177,    2360177,    2360177,    2360177
22,    2509251,     49.0,     47.0,     49.0,    146.0,  9, 10, 11, 10,    1085684,    1085684,    1085684,    1085684
22,    2509246,     49.0,     47.0,     49.0,    146.0,  9, 10, 11, 10,    1085684,    1085684,    1085684,    1085684
22,    2577231,     49.0,     47.0,     49.0,    145.0,  9, 10, 11, 10,    1085684,    1085684,    1085684,    1085684
22,    2577241,     48.0,     46.0,     48.0,    144.0,  9, 10, 11, 10,    1085684,    1085684,    1085684,    1085684
22,    2509264,     48.0,     46.0,     48.0,    144.0,  9, 10, 11, 10,    1085684,    1085684,    1085684,    1085684
22,    2577340,     47.0,     45.0,     46.0,    142.0,  9, 10, 11, 10,    1085684,    1085684,    1085684,    1085684
22,    2577351,     47.0,     45.0,     46.0,    142.0,  9, 10, 11, 10,    1085684,    1085684,    1085684,    1085684
22,    2577360,     46.0,     44.0,     46.0,    141.0,  9, 10, 11, 10,    1085684,    1085684,    1085684,    1085684
22,     993831,     23.0,     23.0,     23.0,     73.0,  9, 10, 11,  9,    1239481,    1239481,    1239481,    1239481
22,    2577390,     27.0,     27.0,     28.0,     85.0,  9, 10, 11, 10,    2360200,    2360200,    2360200,    2360200
22,    2509281,     27.0,     26.0,     27.0,     84.0,  9, 10, 11, 10,    2360200,    2360200,    2360200,    2360200
22,    2577401,     19.0,     20.0,     21.0,     62.0,  1,  2,  3,  1,    2381966,    2381941,    2381941,    2381966
22,    2509309,     11.0,     12.0,     12.0,     38.0,  1,  2,  3,  1,    2509309,    2381966,    2509309,    2381966
22,    2381966,     10.0,     11.0,     11.0,     33.0,  1,  2,  3,  1,    2381966,    2381966,    2381966,    2381966
22,    2577420,     45.0,     40.0,     45.0,    130.0,  9,  2, 11,  2,    1085684,     941771,    1085684,    2509362
22,    2577438,     31.0,     26.0,     31.0,     85.0,  1,  2,  3,  2,     656698,     941771,     656698,    2509362
22,    2509318,     17.0,     16.0,     17.0,     53.0,  9,  2, 11,  2,    2360219,    2509318,    2360219,    2509318
22,     656698,     22.0,     19.0,     22.0,     60.0,  1,  2,  3,  2,     656698,     656714,     656698,     941771
22,    2509326,     19.0,     17.0,     19.0,     57.0,  1,  2,  3,  2,     656703,     656703,     656703,     656703
22,    2509332,     16.0,     14.0,     16.0,     47.0,  1,  2,  3,  2,    2509332,    2509332,    2509332,    2509332
22,    2076943,      9.0,      9.0,     10.0,     28.0,  1,  2,  3,  2,    2076943,    2076943,    2076943,    2076943
22,    2509375,     18.0,     18.0,     18.0,     54.0,  9, 10, 11, 10,    2360283,    2360283,    2360283,    2360283
22,    2509370,     54.0,     54.0,     54.0,    165.0,  9, 10, 11,  9,      84686,      84686,      84686,      84686
22,    2509380,     18.0,     18.0,     18.0,     56.0,  9, 10, 11,  9,    2360285,    2360285,    2360285,    2360285
22,    2509381,     18.0,     18.0,     18.0,     55.0,  9, 10, 11, 11,    2360281,    2360281,    2360281,    2360281
22,    2509386,     52.0,     52.0,     52.0,    162.0,  9, 10, 11,  9,      84686,      84686,      84686,      84686
22,    2509396,     18.0,     18.0,     18.0,     56.0,  9, 10, 11,  9,    2360296,    2360296,    2360296,    2360296
22,    2579046,     17.0,     17.0,     17.0,     54.0,  9, 10, 11,  9,    2360300,    2360300,    2360300,    2360300
22,    2509401,     50.0,     50.0,     50.0,    158.0,  9, 10, 11,  9,      84686,      84686,      84686,      84686
22,    2509417,     17.0,     17.0,     17.0,     54.0,  9, 10, 11,  9,    2360304,    2360304,    2360304,    2360304
22,    2578144,     11.0,     12.0,     12.0,     37.0,  1,  2,  3,  1,     586707,     586707,     586707,     586707
22,    2578230,     18.0,     19.0,     19.0,     60.0,  1,  2,  3,  1,    2509420,    2509420,    2509420,    2509420
22,    2509425,     12.0,     13.0,     13.0,     41.0,  1,  2,  3,  1,    2509425,    2509425,    2509425,    2509425
22,    2509420,     16.0,     17.0,     17.0,     52.0,  1,  2,  3,  1,    2509420,    2509420,    2509420,    2509420
22,    2509439,     10.0,     11.0,     11.0,     34.0,  1,  2,  3,  1,    2509439,    2509434,    2509434,    2509439
22,    2509464,     18.0,     18.0,     18.0,     55.0,  9, 10, 11,  9,    2360333,    2360333,    2360333,    2360333
22,    2576425,     53.0,     47.0,     51.0,    151.0,  9, 10, 11, 10,      84582,      84582,      84582,      84582
22,    2575560,     36.0,     38.0,     38.0,    116.0,  1,  2,  3,  1,     586692,     586692,     586692,     586697
23,      46626,     44.0,     42.0,     44.0,    136.0,  9,  2, 11,  2,      84612,      46626,      84612,      46626
23,      46663,     30.0,     28.0,     29.0,     90.0,  1,  2,  3,  2,      46663,      46663,      46663,      46663
23,    2381944,     25.0,     23.0,     24.0,     75.0,  1,  2,  3,  2,    2381941,    2381941,    2381941,    2381941
23,    3746327,     26.0,     24.0,     25.0,     78.0,  1,  2,  3,  2,    2381941,    2381941,    2381941,    2381941
23,    2381927,     34.0,     33.0,     33.0,    105.0,  9, 10, 11, 11,      84701,      84701,      84701,      84701
23,    2509288,     17.0,     17.0,     17.0,     54.0,  9, 10, 11,  9,    2277072,    2277072,    2277072,    2277072
23,    2509293,     17.0,     17.0,     17.0,     54.0,  9, 10, 11, 10,    2360204,    2360204,    2360204,    2360204
23,      46660,     50.0,     46.0,     49.0,    149.0,  9, 10, 11, 10,    1085684,    1085684,    1085684,    1085684
23,    2580958,     50.0,     47.0,     50.0,    149.0,  9, 10, 11, 10,    1085684,    1085684,    1085684,    1085684
23,     586707,      7.0,      7.0,      7.0,     22.0,  1,  2,  3,  1,     586707,     586707,     586707,     586707
23,     586697,     17.0,     17.0,     18.0,     55.0,  1,  2,  3,  1,     586697,     586697,     586697,     586697
23,     653237,     24.0,     24.0,     24.0,     75.0,  9, 10, 11,  9,    1085689,    1085689,    1085689,    1085689
23,    2509353,     16.0,     14.0,     16.0,     44.0,  1,  2,  3,  2,     656714,     656714,     656714,    2509353
23,    2509333,     14.0,     12.0,     14.0,     40.0,  1,  2,  3,  2,     941766,     941766,     941766,     941766
23,    2509362,     13.0,     11.0,     13.0,     36.0,  1,  2,  3,  2,    2509362,     941771,    2509362,    2509362
23,    2509338,     15.0,     13.0,     15.0,     43.0,  1,  2,  3,  2,     941766,     941766,     941766,     941766
23,    2509342,     20.0,     17.0,     19.0,     56.0,  1,  2,  3,  2,     656704,     656704,    2509342,    2509342
23,    2509347,     20.0,     17.0,     19.0,     56.0,  1,  2,  3,  2,     656704,    2509347,    2509347,    2509347
23,    2509351,     19.0,     16.0,     18.0,     52.0,  1,  2,  3,  2,     656714,     656714,    2509351,     941771
23,    2509352,     17.0,     15.0,     17.0,     48.0,  1,  2,  3,  2,    2509352,     656714,    2509352,    2509352
23,    2509357,     15.0,     13.0,     15.0,     43.0,  1,  2,  3,  2,    2509357,     941771,    2509357,     941771
23,    2509276,     20.0,     20.0,     20.0,     62.0,  9, 10, 11,  9,    1986388,    1986388,    1986388,    1986388
23,    2509337,     15.0,     13.0,     15.0,     42.0,  1,  2,  3,  2,     941766,     941766,     941766,    2509337
23,    2509340,     19.0,     17.0,     19.0,     55.0,  1,  2,  3,  2,     656704,     656704,     656704,     656704
23,    2509339,     16.0,     15.0,     16.0,     48.0,  1,  2,  3,  2,    2509339,     656704,    2509339,     656704
23,    2575625,     24.0,     22.0,     23.0,     72.0,  1,  2,  3,  2,    2381941,    2381941,    2381941,    2381941
23,    2402032,     14.0,     12.0,     14.0,     39.0,  1,  2,  3,  2,     941771,     941771,     941771,    2402032
23,    2509167,     34.0,     34.0,     34.0,    108.0,  9, 10, 11,  9,      84583,      84583,      84583,      84583
23,    2576531,     18.0,     17.0,     18.0,     55.0,  9, 10, 11,  9,    2360156,    2360156,    2360156,    2360156
23,    2509154,     34.0,     34.0,     34.0,    108.0,  9, 10, 11,  9,      84583,      84583,      84583,      84583
23,    2577052,     56.0,     53.0,     56.0,    165.0,  9, 10, 11, 10,      84582,      84582,      84582,      84582
23,    3795218,     56.0,     53.0,     55.0,    165.0,  9, 10, 11, 10,      84582,      84582,      84582,      84582
23,    2577107,     56.0,     52.0,     55.0,    164.0,  9, 10, 11, 10,      84582,      84582,      84582,      84582
23,    2577117,     55.0,     52.0,     55.0,    164.0,  9, 10, 11, 10,      84582,      84582,      84582,      84582
23,    2577127,     54.0,     51.0,     54.0,    162.0,  9, 10, 11, 10,      84582,      84582,      84582,      84582
23,    2577137,     54.0,     51.0,     53.0,    161.0,  9, 10, 11, 10,      84582,      84582,      84582,      84582
23,    2509239,     33.0,     31.0,     34.0,     99.0,  9, 10, 11, 10,    2360177,    2360177,    2360177,    2360177
23,    2509251,     54.0,     50.0,     53.0,    155.0,  9, 10, 11, 10,    1085684,    1085684,    1085684,    1085684
23,    2509246,     54.0,     50.0,     53.0,    155.0,  9, 10, 11, 10,    1085684,    1085684,    1085684,    1085684
23,    2577231,     54.0,     50.0,     53.0,    155.0,  9, 10, 11, 10,    1085684,    1085684,    1085684,    1085684
23,    2577241,     53.0,     49.0,     52.0,    153.0,  9, 10, 11, 10,    1085684,    1085684,    1085684,    1085684
23,    2509264,     53.0,     49.0,     52.0,    153.0,  9, 10, 11, 10,    1085684,    1085684,    1085684,    1085684
23,    2577340,     52.0,     48.0,     51.0,    151.0,  9, 10, 11, 10,    1085684,    1085684,    1085684,    1085684
23,    2577351,     51.0,     48.0,     51.0,    151.0,  9, 10, 11, 10,    1085684,    1085684,    1085684,    1085684
23,    2577360,     51.0,     47.0,     50.0,    150.0,  9, 10, 11, 10,    1085684,    1085684,    1085684,    1085684
23,     993831,     23.0,     23.0,     23.0,     73.0,  9, 10, 11,  9,    1239481,    1239481,    1239481,    1239481
23,    2577390,     30.0,     29.0,     31.0,     93.0,  9, 10, 11, 10,    2360200,    2360200,    2360200,    2360200
23,    2509281,     30.0,     29.0,     30.0,     92.0,  9, 10, 11, 10,    2360200,    2360200,    2360200,    2360200
23,    2577401,     22.0,     21.0,     22.0,     68.0,  1,  2,  3,  2,    2381966,    2381941,    2381966,    2381966
23,    2509309,     13.0,     13.0,     13.0,     41.0,  1,  2,  3,  2,    2509309,    2381966,    2509309,    2509309
23,    2381966,     12.0,     11.0,     12.0,     36.0,  1,  2,  3,  2,    2381966,    2381966,    2381966,    2381966
23,    2577420,     49.0,     43.0,     49.0,    139.0,  9,  2, 11,  2,    1085684,     656714,    1085684,     941771
23,    2577438,     33.0,     28.0,     33.0,     91.0,  1,  2,  3,  2,     656698,     656714,     656698,     941771
23,    2509318,     17.0,     16.0,     17.0,     53.0,  9, 10, 11, 10,    2360219,    2360219,    2360219,    2360219
23,     656698,     23.0,     20.0,     23.0,     64.0,  1,  2,  3,  2,     656698,     656704,     656698,     941771
23,    2509326,     21.0,     18.0,     21.0,     60.0,  1,  2,  3,  2,     656703,     656703,     656703,     656703
23,    2509332,     17.0,     15.0,     17.0,     49.0,  1,  2,  3,  2,    2509332,    2509332,    2509332,    2509332
23,    2076943,     10.0,      9.0,     10.0,     30.0,  1,  2,  3,  2,    2076943,    2076943,    2076943,    2076943
23,    2509375,     18.0,     18.0,     18.0,     55.0,  9, 10, 11, 10,    2360283,    2360283,    2360283,    2360283
23,    2509370,     54.0,     55.0,     55.0,    166.0,  9, 10, 11,  9,      84686,      84686,      84686,      84686
23,    2509380,     18.0,     18.0,     18.0,     56.0,  9, 10, 11,  9,    2360285,    2360285,    2360285,    2360285
23,    2509381,     18.0,     18.0,     18.0,     55.0,  9, 10, 11, 11,    2360281,    2360281,    2360281,    2360281
23,    2509386,     52.0,     53.0,     53.0,    163.0,  9, 10, 11,  9,      84686,      84686,      84686,      84686
23,    2509396,     18.0,     18.0,     18.0,     56.0,  9, 10, 11,  9,    2360296,    2360296,    2360296,    2360296
23,    2579046,     17.0,     17.0,     17.0,     54.0,  9, 10, 11,  9,    2360300,    2360300,    2360300,    2360300
23,    2509401,     50.0,     50.0,     50.0,    159.0,  9, 10, 11,  9,      84686,      84686,      84686,      84686
23,    2509417,     17.0,     17.0,     17.0,     54.0,  9, 10, 11,  9,    2360304,    2360304,    2360304,    2360304
23,    2578144,     12.0,     12.0,     12.0,     38.0,  1,  2,  3,  1,     586707,     586707,     586707,     586707
23,    2578230,     19.0,     19.0,     20.0,     61.0,  1,  2,  3,  1,    2509420,    2509420,    2509420,    2509420
23,    2509425,     13.0,     13.0,     13.0,     42.0,  1,  2,  3,  1,    2509425,    2509425,    2509425,    2509425
23,    2509420,     16.0,     17.0,     17.0,     53.0,  1,  2,  3,  1,    2509420,    2509420,    2509420,    2509420
23,    2509439,     10.0,     11.0,     11.0,     34.0,  1,  2,  3,  1,    2509439,    2509434,    2509434,    2509439
23,    2509464,     18.0,     18.0,     18.0,     55.0,  9, 10, 11,  9,    2360333,    2360333,    2360333,    2360333
23,    2576425,     54.0,     51.0,     53.0,    162.0,  9, 10, 11, 10,      84582,      84582,      84582,      84582
23,    2575560,     37.0,     38.0,     38.0,    119.0,  1,  2,  3,  1,     586692,     586692,     586692,     586692
24,      46626,     54.0,     57.0,     55.0,    161.0, 12, 10, 12,  6,      84612,      84612,      84612,      46626
24,      46663,     41.0,     41.0,     41.0,    116.0,  4, 12,  6,  6,      46663,      84701,      46663,      46663
24,    2381944,     34.0,     35.0,     34.0,     97.0,  4,  5,  6,  6,    2381941,    2381941,    2381941,    2381941
24,    3746327,     36.0,     37.0,     35.0,    101.0,  4,  5,  6,  6,    2381941,    2381941,    2381941,    2381941
24,    2381927,     41.0,     40.0,     42.0,    119.0,  9, 12, 11,  9,      84701,      84701,      84701,      84701
24,    2509288,     20.0,     19.0,     20.0,     58.0,  9, 12, 11,  9,    2277072,    2277072,    2277072,    2277072
24,    2509293,     19.0,     19.0,     19.0,     58.0,  9, 10, 11,  9,    2360204,    2360204,    2360204,    2360204
24,      46660,     71.0,     76.0,     72.0,    215.0, 12, 12, 12,  6,     257872,     257872,     257872,      46660
24,    2580958,     70.0,     76.0,     71.0,    226.0, 12, 12, 12, 11,     257872,     257872,     257872,     257872
24,     586707,      8.0,      8.0,      8.0,     23.0,  4,  5,  6,  5,     586707,     586707,     586707,     586707
24,     586697,     20.0,     20.0,     19.0,     56.0,  4,  5,  6,  6,     586697,     586697,     586697,     586697
24,     653237,     25.0,     25.0,     25.0,     76.0,  9, 10, 11,  9,    1085689,    1085689,    1085689,    1085689
24,    2509353,     22.0,     23.0,     22.0,     63.0,  4,  5,  6,  6,    2509353,    2509353,     656714,    2509353
24,    2509333,     19.0,     20.0,     19.0,     55.0,  4,  5,  6,  6,    2509333,     941766,     941766,     941766
24,    2509362,     18.0,     19.0,     18.0,     52.0,  4,  5,  6,  6,    2509362,    2509362,    2509362,    2509362
24,    2509338,     21.0,     22.0,     20.0,     59.0,  4,  5,  6,  6,     941766,     941766,    2509338,     941766
24,    2509342,     28.0,     28.0,     27.0,     77.0,  4, 10,  6,  6,     656704,    1214497,     656704,    2509342
24,    2509347,     28.0,     28.0,     27.0,     77.0,  4, 10,  6,  6,    2509347,    1214500,    2509347,    2509347
24,    2509351,     26.0,     27.0,     26.0,     73.0,  4,  5,  6,  6,    2509351,    2509351,     656714,    2509351
24,    2509352,     24.0,     25.0,     24.0,     68.0,  4,  5,  6,  6,    2509352,    2509352,     656714,    2509352
24,    2509357,     22.0,     22.0,     21.0,     61.0,  4,  5,  6,  6,     941771,    2509357,    2509357,    2509357
24,    2509276,     26.0,     26.0,     26.0,     89.0, 12, 12, 12,  9,    1986388,    1986388,    1986388,    1986388
24,    2509337,     21.0,     21.0,     20.0,     58.0,  4,  5,  6,  6,     941766,     941766,     941766,     941766
24,    2509340,     27.0,     28.0,     26.0,     75.0,  4,  5,  6,  6,     656704,     656704,    2509340,    2509340
24,    2509339,     23.0,     24.0,     23.0,     65.0,  4,  5,  6,  6,    2509339,     656704,     656704,    2509339
24,    2575625,     33.0,     34.0,     32.0,     92.0,  4,  5,  6,  6,    2381941,    2381941,    2381941,    2381941
24,    2402032,     20.0,     20.0,     19.0,     55.0,  4,  5,  6,  6,     941771,    2402032,    2402032,    2402032
24,    2509167,     41.0,     41.0,     41.0,    118.0,  9, 10, 11, 10,      84583,      84583,      84583,      84583
24,    2576531,     19.0,     19.0,     19.0,     58.0,  9, 10, 11,  9,    2360156,    2360156,    2360156,    2360156
24,    2509154,     41.0,     41.0,     41.0,    118.0,  9, 10, 11, 10,      84583,      84583,      84583,      84583
24,    2577052,     67.0,     77.0,     67.0,    221.0, 12, 12, 12, 11,      84582,      84582,      84582,      84582
24,    3795218,     67.0,     78.0,     68.0,    221.0, 12, 12, 12, 11,      84582,      84582,      84582,      84582
24,    2577107,     67.0,     78.0,     68.0,    221.0, 12, 12, 12, 11,      84582,      84582,      84582,      84582
24,    2577117,     67.0,     78.0,     68.0,    222.0, 12, 12, 12, 11,      84582,      84582,      84582,      84582
24,    2577127,     68.0,     79.0,     69.0,    224.0, 12, 12, 12, 11,      84582,      84582,      84582,      84582
24,    2577137,     69.0,     80.0,     70.0,    215.0, 12, 12, 12,  6,      84582,      84582,      84582,      43267
24,    2509239,     40.0,     41.0,     40.0,    120.0, 12, 12, 12,  9,    2360177,    2360177,    2360177,    2360177
24,    2509251,     67.0,     72.0,     67.0,    220.0, 12, 12, 12, 11,     257872,     257872,     257872,     257872
24,    2509246,     67.0,     72.0,     67.0,    220.0, 12, 12, 12, 11,     257872,     257872,     257872,     257872
24,    2577231,     67.0,     72.0,     67.0,    220.0, 12, 12, 12, 11,     257872,     257872,    1085684,     257872
24,    2577241,     68.0,     73.0,     68.0,    221.0, 12, 12, 12, 11,     257872,     257872,     257872,     257872
24,    2509264,     68.0,     73.0,     69.0,    222.0, 12, 12, 12, 11,     257872,     257872,     257872,     257872
24,    2577340,     69.0,     75.0,     70.0,    224.0, 12, 12, 12, 11,     257872,     257872,     257872,     257872
24,    2577351,     69.0,     75.0,     70.0,    224.0, 12, 12, 12, 11,     257872,     257872,     257872,     257872
24,    2577360,     70.0,     75.0,     71.0,    225.0, 12, 12, 12, 11,     257872,     257872,     257872,     257872
24,     993831,     26.0,     26.0,     26.0,     78.0,  9, 10, 11,  9,    1239481,    1239481,    1239481,    1239481
24,    2577390,     40.0,     41.0,     40.0,    126.0, 12, 12, 12, 11,    2360200,    2360200,    2360200,    2360200
24,    2509281,     40.0,     42.0,     41.0,    120.0, 12, 12, 12,  9,    2360200,    2360200,    2360200,    2402914
24,    2577401,     31.0,     32.0,     31.0,     88.0,  4,  5,  6,  6,    2381966,    2381966,    2381941,    2381966
24,    2509309,     19.0,     19.0,     18.0,     53.0,  4,  5,  6,  6,    2381966,    2509309,    2509309,    2509309
24,    2381966,     16.0,     17.0,     16.0,     47.0,  4,  5,  6,  6,    2381966,    2381966,    2381966,    2381966
24,    2577420,     71.0,     73.0,     70.0,    198.0,  4,  5,  6,  6,    2509310,    2509310,     656698,    2509310
24,    2577438,     47.0,     48.0,     46.0,    130.0,  4,  5,  6,  6,     656698,     656698,     656698,     656698
24,    2509318,     20.0,     20.0,     20.0,     59.0,  9, 10, 11,  9,    2360219,    2360219,    2360219,    2360219
24,     656698,     33.0,     34.0,     32.0,     92.0,  4,  5,  6,  6,     656698,     656698,     656698,     656698
24,    2509326,     29.0,     30.0,     29.0,     82.0,  4,  5,  6,  6,     656703,     656703,     656703,     656703
24,    2509332,     24.0,     25.0,     23.0,     67.0,  4,  5,  6,  6,    2509332,    2509332,    2509332,    2509332
24,    2076943,     14.0,     15.0,     14.0,     40.0,  4,  5,  6,  6,    2076943,    2076943,    2076943,    2076943
24,    2509375,     19.0,     19.0,     19.0,     57.0,  9, 10, 11,  9,    2360283,    2360283,    2360283,    2360283
24,    2509370,     59.0,     60.0,     58.0,    181.0, 12, 10, 12,  9,      84686,      84686,      84686,      84686
24,    2509380,     19.0,     19.0,     19.0,     57.0,  9, 10, 11,  9,    2360285,    2360285,    2360285,    2360285
24,    2509381,     19.0,     19.0,     19.0,     58.0,  9, 10, 11,  9,    2360281,    2360281,    2360281,    2360281
24,    2509386,     61.0,     62.0,     60.0,    183.0, 12, 12, 12, 10,      84686,      84686,      84686,    2360293
24,    2509396,     19.0,     19.0,     19.0,     57.0,  9, 10, 11,  9,    2360296,    2360296,    2360296,    2360296
24,    2579046,     20.0,     20.0,     20.0,     59.0,  9, 10, 11,  9,    2360300,    2360300,    2360300,    2360300
24,    2509401,     63.0,     64.0,     62.0,    187.0, 12, 12, 12, 10,      84686,      84686,    2360293,    2360293
24,    2509417,     20.0,     20.0,     20.0,     59.0,  9, 10, 11,  9,    2360304,    2360304,    2360304,    2360304
24,    2578144,     14.0,     13.0,     13.0,     39.0,  4,  5,  6,  5,     586707,     586707,     586707,     586707
24,    2578230,     22.0,     22.0,     22.0,     62.0,  4,  5,  6,  6,    2509420,    2509420,    2509420,    2509420
24,    2509425,     15.0,     15.0,     15.0,     43.0,  4,  5,  6,  5,    2509425,    2509425,    2509425,    2509425
24,    2509420,     19.0,     19.0,     19.0,     54.0,  4,  5,  6,  6,    2509420,    2509420,    2509420,    2509420
24,    2509439,     12.0,     12.0,     12.0,     35.0,  4,  5,  6,  5,    2509439,    2509439,    2509439,    2509439
24,    2509464,     19.0,     19.0,     19.0,     59.0,  9, 10, 11,  9,    2360333,    2360333,    2360333,    2360333
24,    2576425,     69.0,     80.0,     70.0,    216.0, 12, 12, 12,  6,      84582,      84582,      84582,    2576425
24,    2575560,     43.0,     43.0,     42.0,    121.0,  4,  5,  6,  6,    2509412,     586692,     586692,    2509412
25,      46626,     55.0,     56.0,     55.0,    161.0, 12, 10, 12,  9,      84612,      84612,      84612,      84612
25,      46663,     41.0,     41.0,     40.0,    116.0,  4, 12,  6,  6,      46663,      84701,      46663,      46663
25,    2381944,     34.0,     35.0,     34.0,     96.0,  4,  5,  6,  6,    2381941,    2381941,    2381941,    2381941
25,    3746327,     36.0,     37.0,     35.0,    100.0,  4,  5,  6,  6,    2381941,    2381941,    2381941,    2381941
25,    2381927,     41.0,     40.0,     42.0,    119.0,  9, 12, 11,  9,      84701,      84701,      84701,      84701
25,    2509288,     20.0,     20.0,     20.0,     58.0,  9, 10, 11,  9,    2277072,    2277072,    2277072,    2277072
25,    2509293,     19.0,     19.0,     20.0,     58.0,  9, 10, 11,  9,    2360204,    2360204,    2360204,    2360204
25,      46660,     71.0,     77.0,     72.0,    215.0, 12, 12, 12,  6,     257872,     257872,     257872,      46660
25,    2580958,     70.0,     76.0,     71.0,    225.0, 12, 12, 12, 11,     257872,     257872,     257872,     257872
25,     586707,      8.0,      8.0,      8.0,     23.0,  4,  5,  6,  5,     586707,     586707,     586707,     586707
25,     586697,     21.0,     20.0,     20.0,     57.0,  4,  5,  6,  6,     586697,     586697,     586697,     586697
25,     653237,     25.0,     25.0,     25.0,     76.0,  9, 10, 11,  9,    1085689,    1085689,    1085689,    1085689
25,    2509353,     22.0,     24.0,     22.0,     62.0,  4,  5,  6,  6,    2509353,     656714,     656714,    2509353
25,    2509333,     19.0,     20.0,     19.0,     54.0,  4,  5,  6,  6,     941766,     941766,     941766,    2509333
25,    2509362,     18.0,     19.0,     18.0,     52.0,  4,  5,  6,  6,    2509362,    2509362,    2509362,    2509362
25,    2509338,     21.0,     22.0,     20.0,     59.0,  4,  5,  6,  6,     941766,     941766,    2509338,     941766
25,    2509342,     28.0,     27.0,     27.0,     77.0,  4, 10,  6,  6,     656704,    1214497,     656704,    2509342
25,    2509347,     28.0,     27.0,     27.0,     77.0,  4, 10,  6,  6,     656704,    1214500,    2509347,    2509347
25,    2509351,     26.0,     27.0,     25.0,     73.0,  4,  5,  6,  6,    2509351,    2509351,    2509351,    2509351
25,    2509352,     24.0,     26.0,     24.0,     68.0,  4,  5,  6,  6,    2509352,     656714,     656714,    2509352
25,    2509357,     22.0,     23.0,     21.0,     60.0,  4,  5,  6,  6,     941771,     941771,     941771,    2509357
25,    2509276,     26.0,     26.0,     26.0,     89.0, 12, 12, 12,  9,    1986388,    1986388,    1986388,    1986388
25,    2509337,     20.0,     21.0,     20.0,     58.0,  4,  5,  6,  6,    2509337,    2509337,     941766,     941766
25,    2509340,     27.0,     28.0,     26.0,     75.0,  4,  5,  6,  6,     656704,     656704,    2509340,    2509340
25,    2509339,     23.0,     24.0,     23.0,     65.0,  4,  5,  6,  6,     656704,    2509339,     656704,    2509339
25,    2575625,     33.0,     34.0,     32.0,     92.0,  4,  5,  6,  6,    2381941,    2381941,    2381941,    2381941
25,    2402032,     20.0,     21.0,     19.0,     55.0,  4,  5,  6,  6,     941771,    2402032,    2402032,    2402032
25,    2509167,     41.0,     41.0,     41.0,    118.0,  9, 10, 11,  9,      84583,      84583,      84583,      84583
25,    2576531,     19.0,     19.0,     19.0,     58.0,  9, 10, 11,  9,    2360156,    2360156,    2360156,    2360156
25,    2509154,     41.0,     41.0,     41.0,    118.0,  9, 10, 11, 10,      84583,      84583,      84583,      84583
25,    2577052,     70.0,     72.0,     70.0,    224.0, 12, 12, 12, 11,      84582,      84582,      84582,      84582
25,    3795218,     70.0,     73.0,     70.0,    225.0, 12, 12, 12, 11,      84582,      84582,      84582,      84582
25,    2577107,     70.0,     72.0,     70.0,    225.0, 12, 12, 12, 11,      84582,      84582,      84582,      84582
25,    2577117,     70.0,     73.0,     71.0,    225.0, 12, 12, 12, 11,      84582,      84582,      84582,      84582
25,    2577127,     72.0,     74.0,     72.0,    227.0, 12, 12, 12, 11,      84582,      84582,      84582,      84582
25,    2577137,     72.0,     75.0,     72.0,    219.0, 12, 12, 12,  6,      84582,      84582,      84582,      43267
25,    2509239,     40.0,     41.0,     41.0,    120.0, 12, 12, 12,  9,    2360177,    2360177,    2360177,    2360177
25,    2509251,     67.0,     72.0,     67.0,    219.0, 12, 12, 12, 11,     257872,     257872,     257872,     257872
25,    2509246,     67.0,     72.0,     67.0,    219.0, 12, 12, 12, 11,     257872,     257872,     257872,     257872
25,    2577231,     67.0,     72.0,     68.0,    219.0, 12, 12, 12, 11,     257872,     257872,     257872,     257872
25,    2577241,     68.0,     73.0,     68.0,    221.0, 12, 12, 12, 11,     257872,     257872,     257872,     257872
25,    2509264,     68.0,     73.0,     69.0,    221.0, 12, 12, 12, 11,     257872,     257872,     257872,     257872
25,    2577340,     69.0,     75.0,     70.0,    223.0, 12, 12, 12, 11,     257872,     257872,     257872,     257872
25,    2577351,     69.0,     75.0,     70.0,    224.0, 12, 12, 12, 11,     257872,     257872,     257872,     257872
25,    2577360,     70.0,     75.0,     71.0,    224.0, 12, 12, 12, 11,     257872,     257872,     257872,     257872
25,     993831,     26.0,     26.0,     26.0,     78.0,  9, 10, 11,  9,    1239481,    1239481,    1239481,    1239481
25,    2577390,     39.0,     42.0,     40.0,    126.0, 12, 12, 12, 11,    2360200,    2360200,    2360200,    2360200
25,    2509281,     40.0,     42.0,     40.0,    120.0, 12, 10, 12,  9,    2360200,    2402914,    2360200,    2402914
25,    2577401,     31.0,     32.0,     31.0,     88.0,  4,  5,  6,  6,    2381966,    2381966,    2381941,    2381966
25,    2509309,     19.0,     19.0,     18.0,     53.0,  4,  5,  6,  4,    2381966,    2509309,    2509309,    2509309
25,    2381966,     16.0,     17.0,     16.0,     47.0,  4,  5,  6,  4,    2381966,    2381966,    2381966,    2381966
25,    2577420,     71.0,     73.0,     70.0,    198.0,  4,  5,  6,  6,     656698,    2509310,     656698,     656698
25,    2577438,     47.0,     48.0,     46.0,    130.0,  4,  5,  6,  6,     656698,    2509313,     656698,     656698
25,    2509318,     20.0,     20.0,     20.0,     59.0,  9, 10, 11,  9,    2360219,    2360219,    2360219,    2360219
25,     656698,     33.0,     34.0,     32.0,     92.0,  4,  5,  6,  6,     656698,     656698,     656698,     656698
25,    2509326,     29.0,     31.0,     29.0,     82.0,  4,  5,  6,  6,     656703,     656703,     656703,     656703
25,    2509332,     24.0,     25.0,     23.0,     67.0,  4,  5,  6,  6,    2509332,    2509332,    2509332,    2509332
25,    2076943,     14.0,     15.0,     14.0,     40.0,  4,  5,  6,  6,    2076943,    2076943,    2076943,    2076943
25,    2509375,     19.0,     20.0,     19.0,     57.0,  9, 10, 11,  9,    2360283,    2360283,    2360283,    2360283
25,    2509370,     59.0,     60.0,     58.0,    183.0, 12, 12, 12,  9,      84686,      84686,      84686,      84686
25,    2509380,     19.0,     19.0,     19.0,     57.0,  9, 10, 11,  9,    2360285,    2360285,    2360285,    2360285
25,    2509381,     19.0,     19.0,     19.0,     58.0,  9, 10, 11,  9,    2360281,    2360281,    2360281,    2360281
25,    2509386,     61.0,     62.0,     60.0,    185.0, 12, 12, 12, 10,      84686,      84686,      84686,    2360293
25,    2509396,     19.0,     19.0,     19.0,     57.0,  9, 10, 11,  9,    2360296,    2360296,    2360296,    2360296
25,    2579046,     20.0,     20.0,     20.0,     59.0,  9, 10, 11,  9,    2360300,    2360300,    2360300,    2360300
25,    2509401,     63.0,     64.0,     62.0,    188.0, 12, 12, 12, 10,      84686,      84686,      84686,    2360293
25,    2509417,     20.0,     20.0,     20.0,     59.0,  9, 10, 11,  9,    2360304,    2360304,    2360304,    2360304
25,    2578144,     14.0,     14.0,     14.0,     40.0,  4,  5,  6,  5,     586707,     586707,     586707,     586707
25,    2578230,     23.0,     22.0,     22.0,     63.0,  4,  5,  6,  6,    2509420,    2509420,    2509420,    2509420
25,    2509425,     15.0,     15.0,     15.0,     43.0,  4,  5,  6,  6,    2509425,    2509425,    2509425,    2509425
25,    2509420,     20.0,     19.0,     19.0,     55.0,  4,  5,  6,  6,    2509420,    2509420,    2509420,    2509420
25,    2509439,     13.0,     12.0,     12.0,     36.0,  4,  5,  6,  5,    2509434,    2509439,    2509439,    2509439
25,    2509464,     19.0,     19.0,     19.0,     59.0,  9, 10, 11,  9,    2360333,    2360333,    2360333,    2360333
25,    2576425,     72.0,     74.0,     72.0,    220.0, 12, 12, 12,  6,      84582,      84582,      84582,    2576425
25,    2575560,     44.0,     44.0,     43.0,    123.0,  4,  5,  6,  6,    2509412,     586692,     586692,     586692
26,      46626,     55.0,     56.0,     55.0,    161.0, 12, 10, 12,  9,      84612,      84612,      84612,      84612
26,      46663,     40.0,     41.0,     40.0,    115.0,  4, 12,  6,  4,      46663,      84701,      46663,      46663
26,    2381944,     33.0,     35.0,     33.0,     95.0,  4,  5,  6,  6,    2381941,    2381941,    2381941,    2381941
26,    3746327,     35.0,     36.0,     35.0,     99.0,  4,  5,  6,  6,    2381941,    2381941,    2381941,    2381941
26,    2381927,     41.0,     40.0,     42.0,    119.0,  9, 12, 11,  9,      84701,      84701,      84701,      84701
26,    2509288,     20.0,     20.0,     20.0,     58.0,  9, 10, 11,  9,    2277072,    2277072,    2277072,    2277072
26,    2509293,     20.0,     19.0,     20.0,     58.0,  9, 10, 11,  9,    2360204,    2360204,    2360204,    2360204
26,      46660,     70.0,     76.0,     73.0,    213.0, 12, 12, 12,  6,     257872,     257872,     257872,      46660
26,    2580958,     70.0,     76.0,     72.0,    223.0, 12, 12, 12,  9,     257872,     257872,    1085684,     257872
26,     586707,      8.0,      8.0,      8.0,     23.0,  4,  5,  6,  5,     586707,     586707,     586707,     586707
26,     586697,     20.0,     20.0,     20.0,     57.0,  4,  5,  6,  5,     586697,     586697,     586697,     586697
26,     653237,     25.0,     25.0,     25.0,     76.0,  9, 10, 11,  9,    1085689,    1085689,    1085689,    1085689
26,    2509353,     22.0,     24.0,     22.0,     62.0,  4,  5,  6,  4,     656714,     656714,     656714,    2509353
26,    2509333,     19.0,     20.0,     19.0,     54.0,  4,  5,  6,  6,     941766,     941766,     941766,     941766
26,    2509362,     18.0,     20.0,     18.0,     51.0,  4,  5,  6,  6,    2509362,    2509362,    2509362,    2509362
26,    2509338,     20.0,     22.0,     20.0,     58.0,  4,  5,  6,  4,    2509338,     941766,     941766,    2509338
26,    2509342,     27.0,     27.0,     27.0,     76.0,  4, 10,  6,  6,     656704,    1214497,     656704,    2509342
26,    2509347,     27.0,     27.0,     27.0,     76.0,  4, 10,  6,  6,    2509347,    1214500,     656704,    2509347
26,    2509351,     25.0,     27.0,     25.0,     72.0,  4,  5,  6,  6,    2509351,    2509351,    2509351,    2509351
26,    2509352,     24.0,     26.0,     23.0,     67.0,  4,  5,  6,  6,     656714,     656714,    2509352,    2509352
26,    2509357,     21.0,     23.0,     21.0,     60.0,  4,  5,  6,  4,    2509357,     941836,     941771,    2509357
26,    2509276,     26.0,     26.0,     26.0,     89.0, 12, 12, 12,  9,    1986388,    1986388,    1986388,    1986388
26,    2509337,     20.0,     21.0,     20.0,     57.0,  4,  5,  6,  6,     941766,    2509337,     941766,    2509337
26,    2509340,     26.0,     28.0,     26.0,     74.0,  4,  5,  6,  6,    2509340,     656704,     656704,    2509340
26,    2509339,     23.0,     24.0,     22.0,     65.0,  4,  5,  6,  6,     656704,    2509339,    2509339,     656704
26,    2575625,     32.0,     33.0,     32.0,     91.0,  4,  5,  6,  6,    2381941,    2381941,    2381941,    2381941
26,    2402032,     19.0,     21.0,     19.0,     55.0,  4,  5,  6,  4,    2402032,    2402032,    2402032,    2402032
26,    2509167,     41.0,     41.0,     41.0,    118.0,  9, 10, 11, 10,      84583,      84583,      84583,      84583
26,    2576531,     19.0,     19.0,     19.0,     58.0,  9, 10, 11,  9,    2360156,    2360156,    2360156,    2360156
26,    2509154,     41.0,     41.0,     41.0,    118.0,  9, 10, 11, 10,      84583,      84583,      84583,      84583
26,    2577052,     68.0,     72.0,     72.0,    222.0, 12, 12, 12,  9,      84582,      84582,      84582,      84582
26,    3795218,     69.0,     73.0,     72.0,    223.0, 12, 12, 12,  9,      84582,      84582,      84582,      84582
26,    2577107,     69.0,     73.0,     72.0,    223.0, 12, 12, 12,  9,      84582,      84582,      84582,      84582
26,    2577117,     69.0,     73.0,     72.0,    223.0, 12, 12, 12,  9,      84582,      84582,      84582,      84582
26,    2577127,     70.0,     74.0,     73.0,    225.0, 12, 12, 12,  9,      84582,      84582,      84582,      84582
26,    2577137,     71.0,     75.0,     74.0,    216.0, 12, 12, 12,  6,      84582,      84582,      84582,      43267
26,    2509239,     40.0,     41.0,     41.0,    120.0, 12, 12, 11, 11,    2360177,    2360177,    2360177,    2360177
26,    2509251,     66.0,     72.0,     68.0,    216.0, 12, 12, 12,  9,     257872,     257872,     257872,     257872
26,    2509246,     66.0,     72.0,     68.0,    216.0, 12, 12, 12,  9,     257872,     257872,     257872,     257872
26,    2577231,     66.0,     72.0,     69.0,    216.0, 12, 12, 12,  9,     257872,     257872,     257872,     257872
26,    2577241,     67.0,     73.0,     69.0,    218.0, 12, 12, 12,  9,     257872,     257872,     257872,     257872
26,    2509264,     67.0,     73.0,     70.0,    218.0, 12, 12, 12,  9,     257872,     257872,     257872,     257872
26,    2577340,     68.0,     75.0,     71.0,    220.0, 12, 12, 12,  9,     257872,     257872,     257872,     257872
26,    2577351,     69.0,     75.0,     71.0,    221.0, 12, 12, 12,  9,     257872,     257872,     257872,     257872
26,    2577360,     69.0,     75.0,     72.0,    222.0, 12, 12, 12,  9,     257872,     257872,     257872,     257872
26,     993831,     26.0,     26.0,     26.0,     77.0,  9, 10, 11, 10,    1239481,    1239481,    1239481,    1239481
26,    2577390,     39.0,     42.0,     40.0,    126.0, 12, 12, 12,  9,    2360200,    2360200,    2360200,    2360200
26,    2509281,     40.0,     42.0,     41.0,    120.0, 12, 12, 12,  9,    2360200,    2360200,    2360200,    2402914
26,    2577401,     30.0,     32.0,     30.0,     87.0,  4,  5,  6,  4,    2381966,    2381941,    2381966,    2381966
26,    2509309,     18.0,     19.0,     18.0,     52.0,  4,  5,  6,  4,    2509309,    2509309,    2509309,    2509309
26,    2381966,     16.0,     17.0,     16.0,     46.0,  4,  5,  6,  4,    2381966,    2381966,    2381966,    2381966
26,    2577420,     70.0,     72.0,     69.0,    196.0,  4,  5,  6,  6,     656698,    2577420,     656698,     656698
26,    2577438,     45.0,     48.0,     45.0,    128.0,  4,  5,  6,  6,    2509313,    2509313,     656698,     656698
26,    2509318,     20.0,     20.0,     20.0,     59.0,  9, 10, 11,  9,    2360219,    2360219,    2360219,    2360219
26,     656698,     32.0,     34.0,     32.0,     91.0,  4,  5,  6,  6,     656698,     656698,     656698,     656698
26,    2509326,     28.0,     30.0,     28.0,     81.0,  4,  5,  6,  4,     656703,     656703,     656703,     656703
26,    2509332,     23.0,     25.0,     23.0,     66.0,  4,  5,  6,  6,    2509332,    2509332,    2509332,    2509332
26,    2076943,     14.0,     15.0,     14.0,     40.0,  4,  5,  6,  4,    2076943,    2076943,    2076943,    2076943
26,    2509375,     19.0,     19.0,     19.0,     57.0,  9, 10, 11,  9,    2360283,    2360283,    2360283,    2360283
26,    2509370,     59.0,     60.0,     58.0,    182.0, 12, 12, 12,  9,      84686,      84686,      84686,      84686
26,    2509380,     19.0,     19.0,     19.0,     57.0,  9, 10, 11,  9,    2360285,    2360285,    2360285,    2360285
26,    2509381,     19.0,     19.0,     19.0,     58.0,  9, 10, 11,  9,    2360281,    2360281,    2360281,    2360281
26,    2509386,     61.0,     62.0,     60.0,    184.0, 12, 12, 12, 10,      84686,      84686,      84686,    2360293
26,    2509396,     19.0,     19.0,     19.0,     57.0,  9, 10, 11,  9,    2360296,    2360296,    2360296,    2360296
26,    2579046,     20.0,     20.0,     20.0,     59.0,  9, 10, 11,  9,    2360300,    2360300,    2360300,    2360300
26,    2509401,     63.0,     64.0,     62.0,    188.0, 12, 12, 12, 10,      84686,      84686,      84686,    2360293
26,    2509417,     20.0,     20.0,     20.0,     59.0,  9, 10, 11,  9,    2360304,    2360304,    2360304,    2360304
26,    2578144,     14.0,     14.0,     13.0,     39.0,  4,  5,  6,  6,     586707,     586707,     586707,     586707
26,    2578230,     23.0,     22.0,     22.0,     63.0,  4,  5,  6,  5,    2509420,    2509420,    2509420,    2509420
26,    2509425,     15.0,     15.0,     15.0,     43.0,  4,  5,  6,  5,    2509425,    2509425,    2509425,    2509425
26,    2509420,     20.0,     19.0,     19.0,     54.0,  4,  5,  6,  6,    2509420,    2509420,    2509420,    2509420
26,    2509439,     13.0,     12.0,     12.0,     35.0,  4,  5,  6,  6,    2509434,    2509439,    2509439,    2509439
26,    2509464,     19.0,     19.0,     19.0,     59.0,  9, 10, 11,  9,    2360333,    2360333,    2360333,    2360333
26,    2576425,     70.0,     75.0,     74.0,    218.0, 12, 12, 12,  6,      84582,      84582,      84582,      43267
26,    2575560,     44.0,     43.0,     43.0,    122.0,  4,  5,  6,  6,     586692,     586692,     586692,     586692
27,      46626,     55.0,     56.0,     55.0,    161.0, 12, 10, 12,  9,      84612,      84612,      84612,      84612
27,      46663,     41.0,     41.0,     40.0,    115.0,  4,  5,  6,  6,      46663,      46663,      46663,      46663
27,    2381944,     34.0,     34.0,     33.0,     95.0,  4,  5,  6,  6,    2381941,    2381941,    2381941,    2381941
27,    3746327,     35.0,     36.0,     35.0,     99.0,  4,  5,  6,  6,    2381941,    2381941,    2381941,    2381941
27,    2381927,     41.0,     40.0,     42.0,    119.0,  9, 12, 11,  9,      84701,      84701,      84701,      84701
27,    2509288,     20.0,     20.0,     20.0,     58.0,  9, 10, 11,  9,    2277072,    2277072,    2277072,    2277072
27,    2509293,     19.0,     19.0,     20.0,     58.0,  9, 10, 11,  9,    2360204,    2360204,    2360204,    2360204
27,      46660,     71.0,     76.0,     72.0,    213.0, 12, 12, 12,  6,     257872,     257872,    1085684,      46660
27,    2580958,     71.0,     75.0,     72.0,    224.0, 12, 12, 12,  9,     257872,     257872,     257872,     257872
27,     586707,      8.0,      8.0,      8.0,     23.0,  4,  5,  6,  5,     586707,     586707,     586707,     586707
27,     586697,     20.0,     20.0,     20.0,     57.0,  4,  5,  6,  5,     586697,     586697,     586697,     586697
27,     653237,     25.0,     25.0,     25.0,     76.0,  9, 10, 11,  9,    1085689,    1085689,    1085689,    1085689
27,    2509353,     22.0,     23.0,     22.0,     62.0,  4,  5,  6,  6,    2509353,    2509353,     656714,    2509353
27,    2509333,     19.0,     20.0,     19.0,     54.0,  4,  5,  6,  6,     941766,     941766,     941766,     941766
27,    2509362,     18.0,     19.0,     18.0,     51.0,  4,  5,  6,  6,    2509362,    2509362,    2509362,    2509362
27,    2509338,     21.0,     21.0,     20.0,     58.0,  4,  5,  6,  6,     941766,    2509338,     941766,    2509338
27,    2509342,     27.0,     28.0,     27.0,     76.0,  4,  5,  6,  6,    2509342,    2509342,     656704,    2509342
27,    2509347,     27.0,     28.0,     27.0,     76.0,  4,  5,  6,  6,    2509347,    2509347,     656704,    2509347
27,    2509351,     26.0,     27.0,     25.0,     72.0,  4,  5,  6,  6,    2509351,    2509351,    2509351,    2509351
27,    2509352,     24.0,     25.0,     23.0,     67.0,  4,  5,  6,  6,    2509352,    2509352,    2509352,    2509352
27,    2509357,     21.0,     22.0,     21.0,     60.0,  4,  5,  6,  6,    2509357,    2509357,     941771,    2509357
27,    2509276,     26.0,     26.0,     26.0,     89.0, 12, 12, 12,  9,    1986388,    1986388,    1986388,    1986388
27,    2509337,     20.0,     21.0,     20.0,     57.0,  4,  5,  6,  6,     941766,     941766,     941766,    2509337
27,    2509340,     27.0,     27.0,     26.0,     74.0,  4,  5,  6,  6,     656704,    2509340,     656704,    2509340
27,    2509339,     23.0,     24.0,     22.0,     65.0,  4,  5,  6,  6,     656704,     656704,    2509339,     656704
27,    2575625,     32.0,     33.0,     32.0,     91.0,  4,  5,  6,  6,    2381941,    2381941,    2381941,    2381941
27,    2402032,     19.0,     20.0,     19.0,     55.0,  4,  5,  6,  6,    2402032,    2402032,    2402032,    2402032
27,    2509167,     41.0,     41.0,     41.0,    118.0,  9, 10, 11, 10,      84583,      84583,      84583,      84583
27,    2576531,     19.0,     19.0,     19.0,     58.0,  9, 10, 11,  9,    2360156,    2360156,    2360156,    2360156
27,    2509154,     41.0,     41.0,     41.0,    118.0,  9, 10, 11, 10,      84583,      84583,      84583,    2360152
27,    2577052,     68.0,     72.0,     72.0,    222.0, 12, 12, 12,  9,      84582,      84582,      84582,      84582
27,    3795218,     69.0,     72.0,     72.0,    223.0, 12, 12, 12,  9,      84582,      84582,      84582,      84582
27,    2577107,     69.0,     72.0,     72.0,    223.0, 12, 12, 12,  9,      84582,      84582,      84582,      84582
27,    2577117,     69.0,     73.0,     73.0,    223.0, 12, 12, 12,  9,      84582,      84582,      84582,      84582
27,    2577127,     70.0,     74.0,     74.0,    225.0, 12, 12, 12,  9,      84582,      84582,      84582,      84582
27,    2577137,     71.0,     74.0,     74.0,    217.0, 12, 12, 12,  6,      84582,      84582,      84582,      43267
27,    2509239,     41.0,     41.0,     40.0,    120.0,  9, 12, 12,  9,    2360177,    2360177,    2360177,    2360177
27,    2509251,     67.0,     71.0,     68.0,    218.0, 12, 12, 12,  9,     257872,     257872,     257872,     257872
27,    2509246,     67.0,     71.0,     68.0,    218.0, 12, 12, 12,  9,     257872,     257872,     257872,     257872
27,    2577231,     67.0,     72.0,     68.0,    218.0, 12, 12, 12,  9,     257872,     257872,     257872,     257872
27,    2577241,     68.0,     72.0,     69.0,    219.0, 12, 12, 12, 11,     257872,     257872,     257872,     257872
27,    2509264,     68.0,     73.0,     69.0,    220.0, 12, 12, 12,  9,     257872,     257872,     257872,     257872
27,    2577340,     69.0,     74.0,     71.0,    222.0, 12, 12, 12,  9,     257872,     257872,     257872,     257872
27,    2577351,     69.0,     74.0,     71.0,    222.0, 12, 12, 12, 11,    1258435,     257872,     257872,     257872
27,    2577360,     70.0,     75.0,     71.0,    223.0, 12, 12, 12, 11,     257872,     257872,     257872,     257872
27,     993831,     26.0,     26.0,     26.0,     78.0,  9, 10, 11,  9,    1239481,    1239481,    1239481,    1239481
27,    2577390,     40.0,     42.0,     40.0,    125.0, 12, 12, 12, 11,    2360200,    2360200,    2360200,    2360200
27,    2509281,     40.0,     42.0,     40.0,    120.0, 12, 12, 12,  9,    2360200,    2360200,    2360200,    2402914
27,    2577401,     31.0,     31.0,     30.0,     87.0,  4,  5,  6,  6,    2381941,    2381966,    2381966,    2381966
27,    2509309,     18.0,     19.0,     18.0,     52.0,  4,  5,  6,  6,    2509309,    2381966,    2509309,    2509309
27,    2381966,     16.0,     17.0,     16.0,     46.0,  4,  5,  6,  6,    2381966,    2381966,    2381966,    2381966
27,    2577420,     70.0,     72.0,     69.0,    196.0,  4,  5,  6,  6,    2577420,    2509310,     656698,     656698
27,    2577438,     46.0,     47.0,     45.0,    128.0,  4,  5,  6,  6,     656698,    2509313,     656698,     656698
27,    2509318,     20.0,     20.0,     20.0,     59.0,  9, 10, 11,  9,    2360219,    2360219,    2360219,    2360219
27,     656698,     33.0,     34.0,     32.0,     91.0,  4,  5,  6,  6,     656698,     656698,     656698,     656698
27,    2509326,     29.0,     30.0,     28.0,     81.0,  4,  5,  6,  6,     656703,     656703,     656703,     656703
27,    2509332,     24.0,     24.0,     23.0,     66.0,  4,  5,  6,  6,    2509332,    2509332,    2509332,    2509332
27,    2076943,     14.0,     15.0,     14.0,     40.0,  4,  5,  6,  6,    2076943,    2076943,    2076943,    2076943
27,    2509375,     19.0,     19.0,     19.0,     57.0,  9, 10, 11,  9,    2360283,    2360283,    2360283,    2360283
27,    2509370,     59.0,     60.0,     58.0,    182.0, 12, 12, 12,  9,      84686,      84686,      84686,      84686
27,    2509380,     19.0,     19.0,     19.0,     57.0,  9, 10, 11,  9,    2360285,    2360285,    2360285,    2360285
27,    2509381,     19.0,     19.0,     19.0,     58.0,  9, 10, 11,  9,    2360281,    2360281,    2360281,    2360281
27,    2509386,     61.0,     61.0,     60.0,    184.0, 12, 12, 12, 10,      84686,    2360293,      84686,    2360293
27,    2509396,     19.0,     19.0,     19.0,     57.0,  9, 10, 11,  9,    2360296,    2360296,    2360296,    2360296
27,    2579046,     20.0,     20.0,     20.0,     59.0,  9, 10, 11,  9,    2360300,    2360300,    2360300,    2360300
27,    2509401,     63.0,     64.0,     62.0,    188.0, 12, 12, 12, 10,      84686,      84686,    2360293,      84686
27,    2509417,     20.0,     20.0,     20.0,     59.0,  9, 10, 11,  9,    2360304,    2360304,    2360304,    2360304
27,    2578144,     14.0,     14.0,     14.0,     40.0,  4,  5,  6,  5,     586707,     586707,     586707,     586707
27,    2578230,     22.0,     22.0,     22.0,     63.0,  4,  5,  6,  5,    2509420,    2509420,    2509420,    2509420
27,    2509425,     15.0,     15.0,     15.0,     43.0,  4,  5,  6,  5,    2509425,    2509425,    2509425,    2509425
27,    2509420,     20.0,     19.0,     19.0,     55.0,  4,  5,  6,  5,    2509420,    2509420,    2509420,    2509420
27,    2509439,     13.0,     12.0,     12.0,     36.0,  4,  5,  6,  5,    2509434,    2509439,    2509439,    2509439
27,    2509464,     19.0,     19.0,     19.0,     59.0,  9, 10, 11,  9,    2360333,    2360333,    2360333,    2360333
27,    2576425,     71.0,     74.0,     74.0,    218.0, 12, 12, 12,  6,      84582,      84582,      84582,    2576425
27,    2575560,     44.0,     43.0,     43.0,    123.0,  4,  5,  6,  6,     586692,     586692,     586692,     586692
28,      46626,     55.0,     56.0,     55.0,    160.0, 12, 10, 12,  9,      84612,      84612,      84612,      84612
28,      46663,     40.0,     41.0,     40.0,    115.0,  4,  5,  6,  4,      46663,      46663,      46663,      46663
28,    2381944,     34.0,     34.0,     34.0,     96.0,  4,  5,  6,  4,    2381941,    2381941,    2381941,    2381941
28,    3746327,     35.0,     35.0,     35.0,    100.0,  4,  5,  6,  4,    2381941,    2381941,    2381941,    2381941
28,    2381927,     41.0,     40.0,     42.0,    119.0,  9, 12, 11,  9,      84701,      84701,      84701,      84701
28,    2509288,     20.0,     20.0,     20.0,     58.0,  9, 10, 11,  9,    2277072,    2277072,    2277072,    2277072
28,    2509293,     19.0,     19.0,     19.0,     58.0,  9, 10, 11,  9,    2360204,    2360204,    2360204,    2360204
28,      46660,     72.0,     75.0,     73.0,    214.0, 12, 12, 12,  6,     257872,     257872,    1085684,      46660
28,    2580958,     71.0,     74.0,     73.0,    223.0, 12, 12, 12,  9,     257872,     257872,     257872,     257872
28,     586707,      8.0,      8.0,      8.0,     23.0,  4,  5,  6,  5,     586707,     586707,     586707,     586707
28,     586697,     21.0,     20.0,     20.0,     58.0,  4,  5,  6,  5,     586697,     586697,     586697,     586697
28,     653237,     25.0,     25.0,     25.0,     76.0,  9, 10, 11,  9,    1085689,    1085689,    1085689,    1085689
28,    2509353,     22.0,     22.0,     22.0,     62.0,  4,  5,  6,  6,     656714,    2509353,     656714,    2509353
28,    2509333,     19.0,     19.0,     19.0,     54.0,  4,  5,  6,  4,     941766,     941766,     941766,    2509333
28,    2509362,     18.0,     18.0,     18.0,     51.0,  4,  5,  6,  6,    2509362,    2509362,    2509362,    2509362
28,    2509338,     20.0,     21.0,     20.0,     58.0,  4,  5,  6,  6,    2509338,     941766,     941766,    2509338
28,    2509342,     27.0,     27.0,     27.0,     77.0,  4,  5,  6,  4,     656704,    2509342,     656704,    2509342
28,    2509347,     27.0,     27.0,     27.0,     77.0,  4,  5,  6,  4,    2509347,    2509347,    2509347,    2509347
28,    2509351,     26.0,     26.0,     25.0,     73.0,  4,  5,  6,  4,     656714,    2509351,    2509351,    2509351
28,    2509352,     24.0,     24.0,     24.0,     68.0,  4,  5,  6,  4,     656714,    2509352,     656714,    2509352
28,    2509357,     21.0,     21.0,     21.0,     60.0,  4,  5,  6,  6,    2509357,    2509357,     941771,    2509357
28,    2509276,     26.0,     26.0,     26.0,     89.0, 12, 12, 12,  9,    1986388,    1986388,    1986388,    1986388
28,    2509337,     20.0,     20.0,     20.0,     57.0,  4,  5,  6,  6,     941766,    2509337,     941766,    2509337
28,    2509340,     26.0,     27.0,     26.0,     75.0,  4,  5,  6,  4,    2509340,     656704,     656704,    2509340
28,    2509339,     23.0,     23.0,     23.0,     65.0,  4,  5,  6,  4,     656704,     656704,     656704,    2509339
28,    2575625,     32.0,     32.0,     32.0,     92.0,  4,  5,  6,  4,    2381941,    2381941,    2381941,    2381941
28,    2402032,     19.0,     20.0,     19.0,     55.0,  4,  5,  6,  4,    2402032,     941771,    2402032,    2402032
28,    2509167,     40.0,     40.0,     41.0,    118.0, 12, 12, 11, 10,      84583,      84583,      84583,      84583
28,    2576531,     19.0,     19.0,     19.0,     58.0,  9, 10, 11,  9,    2360156,    2360156,    2360156,    2360156
28,    2509154,     41.0,     40.0,     41.0,    118.0,  9, 12, 12, 10,      84583,      84583,      84583,      84583
28,    2577052,     68.0,     73.0,     70.0,    223.0, 12, 12, 12,  9,      84582,      84582,      84582,      84582
28,    3795218,     69.0,     74.0,     71.0,    224.0, 12, 12, 12,  9,      84582,      84582,      84582,      84582
28,    2577107,     69.0,     74.0,     71.0,    224.0, 12, 12, 12,  9,      84582,      84582,      84582,      84582
28,    2577117,     69.0,     74.0,     71.0,    224.0, 12, 12, 12,  9,      84582,      84582,      84582,      84582
28,    2577127,     70.0,     75.0,     72.0,    226.0, 12, 12, 12,  9,      84582,      84582,      84582,      84582
28,    2577137,     70.0,     76.0,     73.0,    217.0, 12, 12, 12,  6,      84582,      84582,      84582,      43267
28,    2509239,     41.0,     41.0,     40.0,    120.0, 12, 12, 12, 11,    2360177,    2360177,    2360177,    2360177
28,    2509251,     67.0,     70.0,     69.0,    217.0, 12, 12, 12,  9,    1258435,     257872,     257872,     257872
28,    2509246,     67.0,     70.0,     69.0,    217.0, 12, 12, 12,  9,     257872,     257872,     257872,     257872
28,    2577231,     68.0,     70.0,     69.0,    217.0, 12, 12, 12,  9,     257872,     257872,     257872,     257872
28,    2577241,     68.0,     71.0,     70.0,    218.0, 12, 12, 12,  9,     257872,     257872,     257872,     257872
28,    2509264,     69.0,     71.0,     70.0,    219.0, 12, 12, 12,  9,     257872,     257872,     257872,     257872
28,    2577340,     70.0,     73.0,     72.0,    221.0, 12, 12, 12,  9,     257872,     257872,     257872,     257872
28,    2577351,     70.0,     73.0,     72.0,    221.0, 12, 12, 12,  9,     257872,     257872,     257872,     257872
28,    2577360,     71.0,     73.0,     72.0,    222.0, 12, 12, 12,  9,     257872,     257872,     257872,     257872
28,     993831,     26.0,     26.0,     26.0,     78.0,  9, 10, 11,  9,    1239481,    1239481,    1239481,    1239481
28,    2577390,     40.0,     41.0,     40.0,    125.0, 12, 12, 12, 11,    2360200,    2360200,    2360200,    2360200
28,    2509281,     40.0,     42.0,     41.0,    120.0, 12, 12, 12,  9,    2360200,    2360200,    2360200,    2402914
28,    2577401,     31.0,     31.0,     31.0,     88.0,  4,  5,  6,  4,    2381941,    2381941,    2381941,    2381966
28,    2509309,     18.0,     18.0,     18.0,     52.0,  4,  5,  6,  6,    2509309,    2509309,    2509309,    2509309
28,    2381966,     16.0,     16.0,     16.0,     46.0,  4,  5,  6,  6,    2381966,    2381966,    2381966,    2381966
28,    2577420,     70.0,     70.0,     69.0,    197.0,  4,  5,  6,  6,     656698,    2509310,    2509310,     656698
28,    2577438,     46.0,     46.0,     45.0,    129.0,  4,  5,  6,  6,     656698,     656698,     656698,     656698
28,    2509318,     20.0,     20.0,     20.0,     59.0,  9, 10, 11,  9,    2360219,    2360219,    2360219,    2360219
28,     656698,     32.0,     33.0,     32.0,     91.0,  4,  5,  6,  6,     656698,     656698,     656698,     656698
28,    2509326,     29.0,     29.0,     28.0,     81.0,  4,  5,  6,  6,     656703,     656703,     656703,     656703
28,    2509332,     23.0,     24.0,     23.0,     66.0,  4,  5,  6,  6,    2509332,    2509332,    2509332,    2509332
28,    2076943,     14.0,     14.0,     14.0,     40.0,  4,  5,  6,  4,    2076943,    2076943,    2076943,    2076943
28,    2509375,     19.0,     19.0,     19.0,     57.0,  9, 10, 11,  9,    2360283,    2360283,    2360283,    2360283
28,    2509370,     59.0,     60.0,     58.0,    183.0, 12, 12, 12, 11,      84686,      84686,      84686,      84686
28,    2509380,     19.0,     19.0,     19.0,     57.0,  9, 10, 11,  9,    2360285,    2360285,    2360285,    2360285
28,    2509381,     19.0,     19.0,     19.0,     58.0,  9, 10, 11,  9,    2360281,    2360281,    2360281,    2360281
28,    2509386,     61.0,     62.0,     60.0,    186.0, 12, 12, 12, 10,      84686,      84686,      84686,    2360293
28,    2509396,     19.0,     19.0,     19.0,     57.0,  9, 10, 11,  9,    2360296,    2360296,    2360296,    2360296
28,    2579046,     20.0,     20.0,     20.0,     59.0,  9, 10, 11,  9,    2360300,    2360300,    2360300,    2360300
28,    2509401,     63.0,     64.0,     62.0,    189.0, 12, 12, 12, 10,      84686,      84686,      84686,    2360293
28,    2509417,     20.0,     20.0,     20.0,     59.0,  9, 10, 11,  9,    2360304,    2360304,    2360304,    2360304
28,    2578144,     14.0,     14.0,     14.0,     40.0,  4,  5,  6,  5,     586707,     586707,     586707,     586707
28,    2578230,     23.0,     22.0,     22.0,     64.0,  4,  5,  6,  5,    2509420,    2509420,    2509420,    2509420
28,    2509425,     15.0,     15.0,     15.0,     44.0,  4,  5,  6,  5,    2509425,    2509425,    2509425,    2509425
28,    2509420,     20.0,     19.0,     19.0,     56.0,  4,  5,  6,  5,    2509420,    2509420,    2509420,    2509420
28,    2509439,     13.0,     12.0,     12.0,     36.0,  4,  5,  6,  5,    2509434,    2509439,    2509439,    2509439
28,    2509464,     19.0,     19.0,     19.0,     59.0,  9, 10, 11,  9,    2360333,    2360333,    2360333,    2360333
28,    2576425,     70.0,     76.0,     72.0,    219.0, 12, 12, 12,  6,      84582,      84582,      84582,      43267
28,    2575560,     44.0,     44.0,     43.0,    124.0,  4,  5,  6,  6,    2509412,     586692,     586692,     586692
29,      46626,     55.0,     56.0,     55.0,    160.0, 12, 10, 12,  9,      84612,      84612,      84612,      84612
29,      46663,     40.0,     41.0,     40.0,    114.0,  4,  5,  6,  4,      46663,      46663,      46663,      46663
29,    2381944,     33.0,     34.0,     33.0,     95.0,  4,  5,  6,  4,    2381941,    2381941,    2381941,    2381941
29,    3746327,     35.0,     35.0,     34.0,     99.0,  4,  5,  6,  4,    2381941,    2381941,    2381941,    2381941
29,    2381927,     41.0,     40.0,     42.0,    119.0,  9, 12, 11,  9,      84701,      84701,      84701,      84701
29,    2509288,     20.0,     20.0,     20.0,     58.0,  9, 10, 11,  9,    2277072,    2277072,    2277072,    2277072
29,    2509293,     20.0,     19.0,     19.0,     58.0,  9, 10, 11,  9,    2360204,    2360204,    2360204,    2360204
29,      46660,     71.0,     75.0,     74.0,    211.0, 12, 12,  6,  6,     257872,     257872,      46660,      46660
29,    2580958,     71.0,     74.0,     73.0,    224.0, 12, 12, 12,  9,     257872,     257872,     257872,     257872
29,     586707,      8.0,      8.0,      8.0,     23.0,  4,  5,  6,  5,     586707,     586707,     586707,     586707
29,     586697,     20.0,     20.0,     20.0,     57.0,  4,  5,  6,  6,     586697,     586697,     586697,     586697
29,     653237,     25.0,     25.0,     25.0,     76.0,  9, 10, 11,  9,    1085689,    1085689,    1085689,    1085689
29,    2509353,     22.0,     22.0,     21.0,     61.0,  4,  5,  6,  6,     656714,    2509353,    2509353,    2509353
29,    2509333,     19.0,     19.0,     18.0,     53.0,  4,  5,  6,  6,     941766,     941766,    2509333,    2509333
29,    2509362,     18.0,     18.0,     18.0,     51.0,  4,  5,  6,  4,    2509362,    2509362,     941771,    2509362
29,    2509338,     20.0,     21.0,     20.0,     57.0,  4,  5,  6,  6,     941766,     941766,     941766,    2509338
29,    2509342,     27.0,     27.0,     26.0,     76.0,  4,  5,  6,  4,     656704,    2509342,    2509342,    2509342
29,    2509347,     27.0,     27.0,     26.0,     76.0,  4,  5,  6,  4,     656704,    2509347,    2509347,    2509347
29,    2509351,     25.0,     26.0,     25.0,     72.0,  4,  5,  6,  4,    2509351,    2509351,    2509351,    2509351
29,    2509352,     23.0,     24.0,     23.0,     67.0,  4,  5,  6,  4,    2509352,    2509352,    2509352,    2509352
29,    2509357,     21.0,     21.0,     21.0,     59.0,  4,  5,  6,  6,     941771,    2509357,     941771,    2509357
29,    2509276,     26.0,     26.0,     26.0,     83.0, 12, 12, 12,  9,    1986388,    1986388,    1986388,    1986388
29,    2509337,     20.0,     20.0,     20.0,     57.0,  4,  5,  6,  6,     941766,    2509337,     941766,     941766
29,    2509340,     26.0,     27.0,     26.0,     74.0,  4,  5,  6,  4,     656704,     656704,     656704,    2509340
29,    2509339,     22.0,     23.0,     22.0,     64.0,  4,  5,  6,  6,    2509339,     656704,    2509339,    2509339
29,    2575625,     32.0,     32.0,     32.0,     91.0,  4,  5,  6,  4,    2381941,    2381941,    2381941,    2381941
29,    2402032,     19.0,     19.0,     19.0,     54.0,  4,  5,  6,  6,    2402032,    2402032,     941771,    2402032
29,    2509167,     40.0,     40.0,     42.0,    118.0, 12, 12, 11, 10,      84583,      84583,      84583,      84583
29,    2576531,     19.0,     19.0,     19.0,     58.0,  9, 10, 11,  9,    2360156,    2360156,    2360156,    2360156
29,    2509154,     40.0,     40.0,     41.0,    118.0, 12, 12, 11, 10,      84583,      84583,    2360152,      84583
29,    2577052,     68.0,     74.0,     70.0,    226.0, 12, 12, 12, 11,      84582,      84582,      84582,      84582
29,    3795218,     68.0,     75.0,     70.0,    226.0, 12, 12, 12, 11,      84582,      84582,      84582,      84582
29,    2577107,     68.0,     75.0,     70.0,    226.0, 12, 12, 12, 11,      84582,      84582,      84582,      84582
29,    2577117,     68.0,     75.0,     70.0,    227.0, 12, 12, 12, 11,      84582,      84582,      84582,      84582
29,    2577127,     69.0,     77.0,     71.0,    229.0, 12, 12, 12, 11,      84582,      84582,      84582,      84582
29,    2577137,     70.0,     77.0,     72.0,    217.0, 12, 12, 12,  6,      84582,      84582,      84582,    2577137
29,    2509239,     41.0,     40.0,     40.0,    121.0, 12, 12, 12, 10,    2360177,    2360177,    2360177,    2360177
29,    2509251,     67.0,     70.0,     69.0,    218.0, 12, 12, 12,  9,     257872,     257872,     257872,     257872
29,    2509246,     67.0,     70.0,     69.0,    217.0, 12, 12, 12,  9,     257872,     257872,     257872,     257872
29,    2577231,     67.0,     71.0,     69.0,    218.0, 12, 12, 12,  9,     257872,     257872,     257872,     257872
29,    2577241,     68.0,     71.0,     70.0,    219.0, 12, 12, 12,  9,     257872,     257872,     257872,     257872
29,    2509264,     68.0,     72.0,     70.0,    220.0, 12, 12, 12,  9,     257872,     257872,     257872,     257872
29,    2577340,     70.0,     73.0,     72.0,    222.0, 12, 12, 12,  9,     257872,     257872,     257872,     257872
29,    2577351,     70.0,     73.0,     72.0,    222.0, 12, 12, 12,  9,     257872,     257872,     257872,     257872
29,    2577360,     70.0,     74.0,     72.0,    223.0, 12, 12, 12,  9,     257872,     257872,     257872,     257872
29,     993831,     26.0,     26.0,     26.0,     78.0,  9, 10, 11,  9,    1239481,    1239481,    1239481,    1239481
29,    2577390,     40.0,     41.0,     40.0,    126.0, 12, 12, 12,  9,    2360200,    2360200,    2360200,    2360200
29,    2509281,     40.0,     42.0,     41.0,    120.0, 12, 12, 12, 11,    2360200,    2360200,    2360200,    2402914
29,    2577401,     30.0,     31.0,     30.0,     86.0,  4,  5,  6,  6,    2381966,    2381941,    2381966,    2381966
29,    2509309,     18.0,     18.0,     18.0,     52.0,  4,  5,  6,  4,    2509309,    2509309,    2509309,    2509309
29,    2381966,     16.0,     16.0,     16.0,     46.0,  4,  5,  6,  4,    2381966,    2381966,    2381966,    2381966
29,    2577420,     69.0,     70.0,     68.0,    194.0,  4,  5,  6,  6,     656698,    2509310,    2509310,    2509310
29,    2577438,     45.0,     46.0,     45.0,    127.0,  4,  5,  6,  6,     656698,     656698,     656698,     656698
29,    2509318,     20.0,     20.0,     20.0,     59.0,  9, 10, 11,  9,    2360219,    2360219,    2360219,    2360219
29,     656698,     32.0,     33.0,     32.0,     90.0,  4,  5,  6,  6,     656698,     656698,     656698,     656698
29,    2509326,     28.0,     29.0,     28.0,     80.0,  4,  5,  6,  6,     656703,     656703,     656703,     656703
29,    2509332,     23.0,     24.0,     23.0,     66.0,  4,  5,  6,  4,    2509332,    2509332,    2509332,    2509332
29,    2076943,     14.0,     14.0,     14.0,     40.0,  4,  5,  6,  4,    2076943,    2076943,    2076943,    2076943
29,    2509375,     19.0,     19.0,     19.0,     57.0,  9, 10, 11,  9,    2360283,    2360283,    2360283,    2360283
29,    2509370,     59.0,     60.0,     58.0,    183.0, 12, 12, 12, 11,      84686,      84686,      84686,      84686
29,    2509380,     19.0,     19.0,     19.0,     57.0,  9, 10, 11,  9,    2360285,    2360285,    2360285,    2360285
29,    2509381,     19.0,     19.0,     19.0,     58.0,  9, 10, 11,  9,    2360281,    2360281,    2360281,    2360281
29,    2509386,     61.0,     62.0,     60.0,    186.0, 12, 12, 12, 10,      84686,      84686,      84686,    2360293
29,    2509396,     19.0,     19.0,     19.0,     57.0,  9, 10, 11,  9,    2360296,    2360296,    2360296,    2360296
29,    2579046,     20.0,     20.0,     20.0,     59.0,  9, 10, 11,  9,    2360300,    2360300,    2360300,    2360300
29,    2509401,     63.0,     64.0,     62.0,    189.0, 12, 12, 12, 10,      84686,      84686,      84686,    2360293
29,    2509417,     20.0,     20.0,     20.0,     59.0,  9, 10, 11,  9,    2360304,    2360304,    2360304,    2360304
29,    2578144,     14.0,     14.0,     14.0,     40.0,  4,  5,  6,  5,     586707,     586707,     586707,     586707
29,    2578230,     23.0,     22.0,     22.0,     63.0,  4,  5,  6,  6,    2509420,    2509420,    2509420,    2509420
29,    2509425,     15.0,     15.0,     15.0,     43.0,  4,  5,  6,  5,    2509425,    2509425,    2509425,    2509425
29,    2509420,     20.0,     19.0,     19.0,     55.0,  4,  5,  6,  6,    2509420,    2509420,    2509420,    2509420
29,    2509439,     13.0,     12.0,     12.0,     36.0,  4,  5,  6,  5,    2509434,    2509439,    2509439,    2509439
29,    2509464,     19.0,     19.0,     19.0,     58.0,  9, 10, 11,  9,    2360333,    2360333,    2360333,    2360333
29,    2576425,     70.0,     77.0,     72.0,    219.0, 12, 12, 12,  6,      84582,      84582,      84582,    2576425
29,    2575560,     44.0,     43.0,     43.0,    123.0,  4,  5,  6,  6,     586692,     586692,     586692,     586692
30,      46626,     55.0,     56.0,     55.0,    160.0, 12, 10, 12,  9,      84612,      84612,      84612,      84612
30,      46663,     40.0,     40.0,     39.0,    113.0,  4,  5,  6,  6,      46663,      46663,      46663,      46663
30,    2381944,     33.0,     34.0,     33.0,     94.0,  4,  5,  6,  6,    2381941,    2381941,    2381941,    2381941
30,    3746327,     34.0,     35.0,     34.0,     98.0,  4,  5,  6,  6,    2381941,    2381941,    2381941,    2381941
30,    2381927,     41.0,     40.0,     42.0,    120.0,  9, 12, 11,  9,      84701,      84701,      84701,      84701
30,    2509288,     20.0,     19.0,     20.0,     58.0,  9, 12, 11,  9,    2277072,    2277072,    2277072,    2277072
30,    2509293,     20.0,     19.0,     20.0,     58.0,  9, 10, 11,  9,    2360204,    2360204,    2360204,    2360204
30,      46660,     72.0,     75.0,     73.0,    209.0, 12, 12, 12,  6,     257872,     257872,     257872,      46660
30,    2580958,     71.0,     75.0,     73.0,    225.0, 12, 12, 12,  9,     257872,     257872,     257872,     257872
30,     586707,      8.0,      8.0,      8.0,     23.0,  4,  5,  6,  5,     586707,     586707,     586707,     586707
30,     586697,     20.0,     20.0,     19.0,     56.0,  4,  5,  6,  6,     586697,     586697,     586697,     586697
30,     653237,     25.0,     25.0,     25.0,     76.0,  9, 10, 11,  9,    1085689,    1085689,    1085689,    1085689
30,    2509353,     21.0,     22.0,     21.0,     61.0,  4,  5,  6,  6,    2509353,    2509353,    2509353,    2509353
30,    2509333,     19.0,     19.0,     18.0,     53.0,  4,  5,  6,  6,     941766,     941766,     941766,     941766
30,    2509362,     18.0,     18.0,     17.0,     50.0,  4,  5,  6,  6,    2509362,    2509362,    2509362,    2509362
30,    2509338,     20.0,     21.0,     20.0,     57.0,  4,  5,  6,  6,     941766,     941766,     941766,    2509338
30,    2509342,     27.0,     27.0,     26.0,     75.0,  4,  5,  6,  6,     656704,    2509342,    2509342,    2509342
30,    2509347,     27.0,     27.0,     26.0,     75.0,  4,  5,  6,  6,     656704,    2509347,    2509347,    2509347
30,    2509351,     25.0,     26.0,     25.0,     71.0,  4,  5,  6,  6,    2509351,    2509351,     656714,    2509351
30,    2509352,     23.0,     24.0,     23.0,     66.0,  4,  5,  6,  6,    2509352,    2509352,    2509352,    2509352
30,    2509357,     21.0,     21.0,     20.0,     59.0,  4,  5,  6,  6,     941771,    2509357,    2509357,    2509357
30,    2509276,     26.0,     26.0,     26.0,     78.0,  9, 10, 11,  9,    1986388,    1986388,    1986388,    1986388
30,    2509337,     20.0,     20.0,     19.0,     56.0,  4,  5,  6,  6,     941766,     941766,    2509337,    2509337
30,    2509340,     26.0,     26.0,     25.0,     73.0,  4,  5,  6,  6,     656704,    2509340,    2509340,    2509340
30,    2509339,     22.0,     23.0,     22.0,     63.0,  4,  5,  6,  6,    2509339,     656704,     656704,    2509339
30,    2575625,     32.0,     32.0,     31.0,     90.0,  4,  5,  6,  6,    2381941,    2381941,    2381941,    2381941
30,    2402032,     19.0,     19.0,     19.0,     54.0,  4,  5,  6,  4,     941771,    2402032,     941771,    2402032
30,    2509167,     40.0,     42.0,     40.0,    119.0, 12, 10, 12,  9,      84583,      84583,      84583,      84583
30,    2576531,     19.0,     21.0,     19.0,     58.0,  9, 10, 11,  9,    2360156,    2360156,    2360156,    2360156
30,    2509154,     40.0,     41.0,     40.0,    118.0, 12, 10, 12, 10,      84583,    2360152,      84583,    2360152
30,    2577052,     71.0,     74.0,     67.0,    221.0, 12, 12, 12, 11,      84582,      84582,      84582,      84582
30,    3795218,     71.0,     74.0,     68.0,    222.0, 12, 12, 12, 11,      84582,      84582,      84582,      84582
30,    2577107,     71.0,     74.0,     68.0,    222.0, 12, 12, 12, 11,      84582,      84582,      84582,      84582
30,    2577117,     71.0,     75.0,     68.0,    223.0, 12, 12, 12, 11,      84582,      84582,      84582,      84582
30,    2577127,     72.0,     76.0,     69.0,    224.0, 12, 12, 12, 11,      84582,      84582,      84582,      84582
30,    2577137,     73.0,     76.0,     69.0,    215.0, 12, 12, 12,  6,      84582,      84582,      84582,    2577137
30,    2509239,     42.0,     41.0,     40.0,    120.0, 12, 12, 12, 11,    2360177,    2360177,    2360177,    2360177
30,    2509251,     67.0,     71.0,     69.0,    218.0, 12, 12, 12,  9,     257872,     257872,     257872,     257872
30,    2509246,     67.0,     71.0,     69.0,    218.0, 12, 12, 12,  9,     257872,     257872,     257872,     257872
30,    2577231,     67.0,     71.0,     69.0,    219.0, 12, 12, 12,  9,     257872,     257872,     257872,     257872
30,    2577241,     68.0,     72.0,     70.0,    220.0, 12, 12, 12,  9,     257872,     257872,     257872,     257872
30,    2509264,     69.0,     72.0,     70.0,    220.0, 12, 12, 12,  9,     257872,     257872,     257872,     257872
30,    2577340,     70.0,     73.0,     71.0,    223.0, 12, 12, 12,  9,     257872,     257872,     257872,     257872
30,    2577351,     70.0,     73.0,     71.0,    223.0, 12, 12, 12,  9,     257872,    1258435,    1085684,     257872
30,    2577360,     70.0,     74.0,     72.0,    224.0, 12, 12, 12,  9,     257872,     257872,     257872,     257872
30,     993831,     26.0,     26.0,     26.0,     79.0, 12, 12, 12,  9,    1239481,    1239481,    1239481,    1239481
30,    2577390,     40.0,     41.0,     40.0,    126.0, 12, 12, 12, 11,    2360200,    2360200,    2360200,    2360200
30,    2509281,     40.0,     42.0,     41.0,    120.0, 12, 12, 12, 11,    2360200,    2360200,    2360200,    2402914
30,    2577401,     30.0,     31.0,     30.0,     86.0,  4,  5,  6,  6,    2381966,    2381941,    2381941,    2381966
30,    2509309,     18.0,     18.0,     18.0,     51.0,  4,  5,  6,  6,    2509309,    2509309,    2381966,    2509309
30,    2381966,     16.0,     16.0,     16.0,     45.0,  4,  5,  6,  6,    2381966,    2381966,    2381966,    2381966
30,    2577420,     69.0,     70.0,     68.0,    192.0,  4,  5,  6,  6,     656698,    2509310,     656698,    2577420
30,    2577438,     45.0,     46.0,     44.0,    126.0,  4,  5,  6,  6,     656698,     656698,     656698,     656698
30,    2509318,     20.0,     20.0,     20.0,     59.0,  9, 10, 11,  9,    2360219,    2360219,    2360219,    2360219
30,     656698,     32.0,     32.0,     31.0,     89.0,  4,  5,  6,  6,     656698,     656698,     656698,     656698
30,    2509326,     28.0,     29.0,     28.0,     79.0,  4,  5,  6,  6,     656703,     656703,     656703,     656703
30,    2509332,     23.0,     24.0,     23.0,     65.0,  4,  5,  6,  6,    2509332,    2509332,    2509332,    2509332
30,    2076943,     14.0,     14.0,     13.0,     39.0,  4,  5,  6,  6,    2076943,    2076943,    2076943,    2076943
30,    2509375,     16.0,     22.0,     19.0,     57.0, 12, 10, 11,  9,    2360283,    2360283,    2360283,    2360283
30,    2509370,     57.0,     62.0,     58.0,    181.0, 12, 12, 12, 11,      84686,      84686,      84686,      84686
30,    2509380,     19.0,     19.0,     19.0,     57.0,  9, 10, 11,  9,    2360285,    2360285,    2360285,    2360285
30,    2509381,     19.0,     19.0,     19.0,     58.0,  9, 10, 11,  9,    2360281,    2360281,    2360281,    2360281
30,    2509386,     58.0,     62.0,     60.0,    183.0, 12, 10, 12, 10,      84686,    2360293,      84686,    2360293
30,    2509396,     19.0,     19.0,     19.0,     57.0,  9, 10, 11,  9,    2360296,    2360296,    2360296,    2360296
30,    2579046,     20.0,     20.0,     20.0,     59.0,  9, 10, 11,  9,    2360300,    2360300,    2360300,    2360300
30,    2509401,     61.0,     64.0,     62.0,    186.0, 12, 12, 12, 10,      84686,    2360293,      84686,    2360293
30,    2509417,     20.0,     20.0,     20.0,     59.0,  9, 10, 11,  9,    2360304,    2360304,    2360304,    2360304
30,    2578144,     14.0,     14.0,     13.0,     39.0,  4,  5,  6,  6,     586707,     586707,     586707,     586707
30,    2578230,     22.0,     22.0,     21.0,     62.0,  4,  5,  6,  6,    2509420,    2509420,    2509420,    2509420
30,    2509425,     15.0,     15.0,     15.0,     42.0,  4,  5,  6,  6,    2509425,    2509425,    2509425,    2509425
30,    2509420,     19.0,     19.0,     19.0,     54.0,  4,  5,  6,  6,    2509420,    2509420,    2509420,    2509420
30,    2509439,     13.0,     12.0,     12.0,     35.0,  4,  5,  6,  6,    2509434,    2509439,    2509439,    2509439
30,    2509464,     19.0,     19.0,     19.0,     57.0,  9, 10, 11,  9,    2360333,    2360333,    2360333,    2360333
30,    2576425,     73.0,     76.0,     69.0,    217.0, 12, 12, 12,  6,      84582,      84582,      84582,    1273419
30,    2575560,     43.0,     43.0,     42.0,    121.0,  4,  5,  6,  6,    2509412,     586692,     586692,     586692
31,      46626,     55.0,     56.0,     55.0,    161.0, 12, 10, 12,  9,      84612,      84612,      84612,      84612
31,      46663,     41.0,     41.0,     40.0,    114.0,  4,  5,  6,  6,      46663,      46663,      46663,      46663
31,    2381944,     34.0,     34.0,     33.0,     95.0,  4,  5,  6,  6,    2381941,    2381941,    2381941,    2381941
31,    3746327,     35.0,     36.0,     35.0,     99.0,  4,  5,  6,  6,    2381941,    2381941,    2381941,    2381941
31,    2381927,     41.0,     40.0,     42.0,    120.0, 12, 12, 11, 10,      84701,      84701,      84701,      84701
31,    2509288,     20.0,     19.0,     20.0,     58.0,  9, 12, 11,  9,    2277072,    2277072,    2277072,    2277072
31,    2509293,     19.0,     19.0,     19.0,     58.0,  9, 10, 11,  9,    2360204,    2360204,    2360204,    2360204
31,      46660,     72.0,     75.0,     73.0,    212.0, 12, 12, 12,  6,     257872,     257872,     257872,      46660
31,    2580958,     72.0,     74.0,     72.0,    227.0, 12, 12, 12, 11,     257872,     257872,     257872,     257872
31,     586707,      8.0,      8.0,      8.0,     24.0,  4,  5,  6,  4,     586707,     586707,     586707,     586707
31,     586697,     20.0,     20.0,     20.0,     58.0,  4,  5,  6,  6,     586697,     586697,     586697,     586697
31,     653237,     25.0,     25.0,     25.0,     76.0,  9, 10, 11,  9,    1085689,    1085689,    1085689,    1085689
31,    2509353,     22.0,     22.0,     21.0,     62.0,  4,  5,  6,  6,     656714,    2509353,    2509353,    2509353
31,    2509333,     19.0,     19.0,     19.0,     54.0,  4,  5,  6,  6,     941766,    2509333,     941766,     941766
31,    2509362,     18.0,     18.0,     18.0,     51.0,  4,  5,  6,  6,    2509362,    2509362,     941771,    2509362
31,    2509338,     20.0,     21.0,     20.0,     58.0,  4,  5,  6,  6,    2509338,     941766,     941766,     941766
31,    2509342,     27.0,     28.0,     27.0,     76.0,  4,  5,  6,  6,    2509342,     656704,     656704,    2509342
31,    2509347,     27.0,     28.0,     27.0,     76.0,  4,  5,  6,  6,    2509347,     656704,     656704,    2509347
31,    2509351,     26.0,     26.0,     25.0,     72.0,  4,  5,  6,  6,     656714,    2509351,    2509351,    2509351
31,    2509352,     24.0,     24.0,     23.0,     67.0,  4,  5,  6,  6,     656714,    2509352,    2509352,    2509352
31,    2509357,     21.0,     22.0,     21.0,     60.0,  4,  5,  6,  6,    2509357,     941771,     941771,    2509357
31,    2509276,     26.0,     26.0,     26.0,     78.0,  9, 10, 11,  9,    1986388,    1986388,    1986388,    1986388
31,    2509337,     20.0,     21.0,     20.0,     57.0,  4,  5,  6,  6,     941766,     941766,     941766,     941766
31,    2509340,     26.0,     27.0,     26.0,     74.0,  4,  5,  6,  6,    2509340,     656704,     656704,    2509340
31,    2509339,     23.0,     23.0,     22.0,     64.0,  4,  5,  6,  6,     656704,    2509339,    2509339,    2509339
31,    2575625,     32.0,     33.0,     32.0,     91.0,  4,  5,  6,  6,    2381941,    2381941,    2381941,    2381941
31,    2402032,     19.0,     20.0,     19.0,     54.0,  4,  5,  6,  6,    2402032,     941771,     941771,    2402032
31,    2509167,     39.0,     43.0,     39.0,    119.0, 12, 10, 12,  9,      84583,      84583,      84583,      84583
31,    2576531,     18.0,     22.0,     18.0,     58.0, 12, 10, 12,  9,    2360156,    2360156,    2360156,    2360156
31,    2509154,     39.0,     40.0,     39.0,    117.0, 12, 10, 12, 10,      84583,    2360152,      84583,    2360152
31,    2577052,     68.0,     78.0,     66.0,    226.0, 12, 12, 12, 11,      84582,      84582,      84582,      84582
31,    3795218,     68.0,     78.0,     66.0,    226.0, 12, 12, 12, 11,      84582,      84582,      84582,      84582
31,    2577107,     68.0,     78.0,     66.0,    226.0, 12, 12, 12, 11,      84582,      84582,      84582,      84582
31,    2577117,     68.0,     78.0,     66.0,    227.0, 12, 12, 12, 11,      84582,      84582,      84582,      84582
31,    2577127,     69.0,     80.0,     67.0,    229.0, 12, 12, 12, 11,      84582,      84582,      84582,      84582
31,    2577137,     70.0,     80.0,     68.0,    219.0, 12, 12, 12,  6,      84582,      84582,      84582,    2577137
31,    2509239,     42.0,     41.0,     40.0,    120.0, 12, 12, 12, 10,    2360177,    2360177,    2360177,    2360177
31,    2509251,     68.0,     70.0,     68.0,    221.0, 12, 12, 12, 11,     257872,     257872,    1085684,     257872
31,    2509246,     68.0,     70.0,     68.0,    221.0, 12, 12, 12, 11,     257872,     257872,     257872,     257872
31,    2577231,     68.0,     70.0,     69.0,    221.0, 12, 12, 12, 11,     257872,     257872,     257872,     257872
31,    2577241,     69.0,     71.0,     69.0,    222.0, 12, 12, 12, 11,     257872,     257872,     257872,     257872
31,    2509264,     69.0,     71.0,     70.0,    223.0, 12, 12, 12, 11,     257872,     257872,     257872,     257872
31,    2577340,     70.0,     73.0,     71.0,    225.0, 12, 12, 12, 11,     257872,     257872,     257872,     257872
31,    2577351,     71.0,     73.0,     71.0,    225.0, 12, 12, 12, 11,     257872,     257872,     257872,     257872
31,    2577360,     71.0,     73.0,     72.0,    226.0, 12, 12, 12, 11,     257872,     257872,     257872,     257872
31,     993831,     26.0,     26.0,     26.0,     78.0,  9, 10, 11,  9,    1239481,    1239481,    1239481,    1239481
31,    2577390,     41.0,     41.0,     40.0,    126.0, 12, 12, 12, 11,    2360200,    2360200,    2360200,    2360200
31,    2509281,     41.0,     42.0,     40.0,    120.0, 12, 12, 12, 11,    2360200,    2360200,    2360200,    2402914
31,    2577401,     31.0,     31.0,     30.0,     87.0,  4,  5,  6,  6,    2381941,    2381966,    2381966,    2381966
31,    2509309,     19.0,     19.0,     18.0,     52.0,  4,  5,  6,  6,    2381966,    2381966,    2509309,    2509309
31,    2381966,     16.0,     16.0,     16.0,     46.0,  4,  5,  6,  6,    2381966,    2381966,    2381966,    2381966
31,    2577420,     70.0,     71.0,     69.0,    195.0,  4,  5,  6,  6,     656698,    2509310,     656698,     656698
31,    2577438,     46.0,     46.0,     45.0,    128.0,  4,  5,  6,  6,     656698,    2577438,     656698,     656698
31,    2509318,     20.0,     20.0,     20.0,     59.0,  9, 10, 11,  9,    2360219,    2360219,    2360219,    2360219
31,     656698,     32.0,     33.0,     32.0,     90.0,  4,  5,  6,  6,     656698,     656698,     656698,     656698
31,    2509326,     29.0,     29.0,     28.0,     80.0,  4,  5,  6,  6,     656703,     656703,     656703,     656703
31,    2509332,     23.0,     24.0,     23.0,     66.0,  4,  5,  6,  6,    2509332,    2509332,    2509332,    2509332
31,    2076943,     14.0,     14.0,     14.0,     40.0,  4,  5,  6,  6,    2076943,    2076943,    2076943,    2076943
31,    2509375,     14.0,     24.0,     18.0,     57.0, 12, 10, 12, 11,    2360283,    2360283,    2360283,    2360283
31,    2509370,     54.0,     64.0,     59.0,    183.0, 12, 12, 12,  9,      84686,      84686,      84686,      84686
31,    2509380,     19.0,     19.0,     19.0,     57.0,  9, 10, 11,  9,    2360285,    2360285,    2360285,    2360285
31,    2509381,     19.0,     19.0,     19.0,     57.0,  9, 10, 11, 10,    2360281,    2360281,    2360281,    2360281
31,    2509386,     56.0,     61.0,     61.0,    184.0, 12, 12, 12, 10,      84686,    2360293,      84686,    2360293
31,    2509396,     19.0,     19.0,     19.0,     57.0,  9, 10, 11,  9,    2360296,    2360296,    2360296,    2360296
31,    2579046,     20.0,     20.0,     20.0,     59.0,  9, 10, 11,  9,    2360300,    2360300,    2360300,    2360300
31,    2509401,     58.0,     63.0,     63.0,    188.0, 12, 12, 12, 10,      84686,    2360293,      84686,    2360293
31,    2509417,     20.0,     20.0,     20.0,     59.0,  9, 10, 11,  9,    2360304,    2360304,    2360304,    2360304
31,    2578144,     14.0,     14.0,     14.0,     41.0,  4,  5,  6,  4,     586707,     586707,     586707,     586707
31,    2578230,     22.0,     22.0,     22.0,     65.0,  4,  5,  6,  4,    2509420,    2509420,    2578230,    2509420
31,    2509425,     15.0,     15.0,     15.0,     44.0,  4,  5,  6,  4,    2509425,    2509425,    2509425,    2509425
31,    2509420,     20.0,     20.0,     20.0,     56.0,  4,  5,  6,  5,    2509420,    2509420,    2509420,    2509420
31,    2509439,     13.0,     13.0,     12.0,     37.0,  4,  5,  6,  4,    2509434,    2509434,    2509439,    2509439
31,    2509464,     19.0,     19.0,     19.0,     57.0,  9, 10, 11,  9,    2360333,    2360333,    2360333,    2360333
31,    2576425,     69.0,     80.0,     68.0,    221.0, 12, 12, 12,  6,      84582,      84582,      84582,    1273419
31,    2575560,     44.0,     44.0,     44.0,    125.0,  4,  5,  6,  6,     586692,     586692,     586692,    2509412
32,      46626,     55.0,     56.0,     55.0,    160.0, 12, 10, 12,  9,      84612,      84612,      84612,      84612
32,      46663,     41.0,     41.0,     41.0,    116.0,  4, 12,  6,  4,      46663,      84701,      46663,      46663
32,    2381944,     34.0,     35.0,     34.0,     97.0,  4,  5,  6,  4,    2381941,    2381941,    2381941,    2381941
32,    3746327,     35.0,     37.0,     35.0,    101.0,  4,  5,  6,  4,    2381941,    2381941,    2381941,    2381941
32,    2381927,     41.0,     40.0,     42.0,    119.0,  9, 12, 11, 10,      84701,      84701,      84701,      84701
32,    2509288,     20.0,     20.0,     20.0,     58.0,  9, 10, 11,  9,    2277072,    2277072,    2277072,    2277072
32,    2509293,     20.0,     19.0,     19.0,     58.0,  9, 10, 11,  9,    2360204,    2360204,    2360204,    2360204
32,      46660,     70.0,     77.0,     72.0,    215.0, 12, 12, 12,  6,     257872,     257872,     257872,      46660
32,    2580958,     70.0,     76.0,     72.0,    229.0, 12, 12, 12,  9,     257872,     257872,     257872,     257872
32,     586707,      8.0,      8.0,      8.0,     23.0,  4,  5,  6,  5,     586707,     586707,     586707,     586707
32,     586697,     21.0,     20.0,     19.0,     56.0,  4,  5,  6,  6,     586697,     586697,     586697,     586697
32,     653237,     25.0,     25.0,     25.0,     76.0,  9, 10, 11, 10,    1085689,    1085689,    1085689,    1085689
32,    2509353,     22.0,     24.0,     22.0,     63.0,  4,  5,  6,  6,    2509353,    2509353,    2509353,    2509353
32,    2509333,     19.0,     21.0,     19.0,     55.0,  4,  5,  6,  6,    2509333,     941766,     941766,    2509333
32,    2509362,     18.0,     20.0,     18.0,     52.0,  4,  5,  6,  6,    2509362,    2509362,    2509362,    2509362
32,    2509338,     21.0,     22.0,     21.0,     60.0,  4,  5,  6,  6,     941766,    2509338,     941766,     941766
32,    2509342,     28.0,     27.0,     27.0,     78.0,  4, 10,  6,  6,     656704,    1214497,    2509342,    2509342
32,    2509347,     28.0,     27.0,     27.0,     78.0,  4, 10,  6,  6,     656704,    1214500,    2509347,    2509347
32,    2509351,     26.0,     28.0,     26.0,     74.0,  4,  5,  6,  6,    2509351,    2509351,     656714,    2509351
32,    2509352,     24.0,     26.0,     24.0,     69.0,  4,  5,  6,  4,    2509352,    2509352,    2509352,    2509352
32,    2509357,     22.0,     23.0,     21.0,     61.0,  4,  5,  6,  6,     941771,    2509357,    2509357,    2509357
32,    2509276,     26.0,     26.0,     26.0,     77.0,  9, 10, 11, 10,    1986388,    1986388,    1986388,    1986388
32,    2509337,     21.0,     22.0,     20.0,     59.0,  4,  5,  6,  6,     941766,     941766,    2509337,     941766
32,    2509340,     27.0,     27.0,     27.0,     76.0,  4, 12,  6,  6,     656704,    1529313,     656704,    2509340
32,    2509339,     23.0,     25.0,     23.0,     66.0,  4,  5,  6,  6,    2509339,     656704,     656704,    2509339
32,    2575625,     32.0,     34.0,     32.0,     92.0,  4,  5,  6,  6,    2381941,    2381941,    2381941,    2381941
32,    2402032,     20.0,     22.0,     19.0,     56.0,  4,  5,  6,  4,     941771,     941771,    2402032,    2402032
32,    2509167,     40.0,     41.0,     40.0,    118.0, 12, 10, 12, 11,      84583,      84583,      84583,      84583
32,    2576531,     19.0,     20.0,     19.0,     58.0,  9, 10, 11,  9,    2360156,    2360156,    2360156,    2360156
32,    2509154,     41.0,     41.0,     40.0,    118.0,  9, 12, 12, 10,      84583,      84583,      84583,    2360152
32,    2577052,     66.0,     75.0,     70.0,    233.0, 12, 12, 12,  9,      84582,      84582,      84582,      84582
32,    3795218,     67.0,     75.0,     71.0,    234.0, 12, 12, 12,  9,      84582,      84582,      84582,      84582
32,    2577107,     66.0,     75.0,     71.0,    233.0, 12, 12, 12,  9,      84582,      84582,      84582,      84582
32,    2577117,     67.0,     76.0,     71.0,    234.0, 12, 12, 12,  9,      84582,      84582,      84582,      84582
32,    2577127,     68.0,     77.0,     72.0,    236.0, 12, 12, 12,  9,      84582,      84582,      84582,      84582
32,    2577137,     68.0,     77.0,     73.0,    225.0, 12, 12, 12,  6,      84582,      84582,      84582,    2577137
32,    2509239,     41.0,     40.0,     41.0,    120.0, 12, 12, 12, 10,    2360177,    2360177,    2360177,    2360177
32,    2509251,     66.0,     72.0,     68.0,    223.0, 12, 12, 12,  9,     257872,     257872,     257872,     257872
32,    2509246,     66.0,     72.0,     68.0,    223.0, 12, 12, 12,  9,     257872,     257872,     257872,     257872
32,    2577231,     66.0,     72.0,     68.0,    223.0, 12, 12, 12,  9,     257872,     257872,     257872,     257872
32,    2577241,     67.0,     73.0,     69.0,    225.0, 12, 12, 12,  9,     257872,     257872,     257872,     257872
32,    2509264,     67.0,     74.0,     69.0,    225.0, 12, 12, 12,  9,     257872,     257872,     257872,     257872
32,    2577340,     68.0,     75.0,     70.0,    227.0, 12, 12, 12,  9,     257872,     257872,    1085684,     257872
32,    2577351,     69.0,     75.0,     71.0,    228.0, 12, 12, 12,  9,     257872,     257872,     257872,     257872
32,    2577360,     69.0,     76.0,     71.0,    228.0, 12, 12, 12,  9,     257872,     257872,     257872,     257872
32,     993831,     26.0,     26.0,     26.0,     78.0,  9, 10, 11,  9,    1239481,    1239481,    1239481,    1239481
32,    2577390,     40.0,     42.0,     40.0,    127.0, 12, 12, 12, 11,    2360200,    2360200,    2360200,    2360200
32,    2509281,     40.0,     42.0,     41.0,    121.0, 12, 12, 12,  9,    2360200,    2360200,    2360200,    2402914
32,    2577401,     31.0,     32.0,     31.0,     88.0,  4,  5,  6,  6,    2381941,    2381966,    2381941,    2381966
32,    2509309,     18.0,     19.0,     18.0,     53.0,  4,  5,  6,  4,    2509309,    2509309,    2509309,    2509309
32,    2381966,     16.0,     17.0,     16.0,     47.0,  4,  5,  6,  4,    2381966,    2381966,    2381966,    2381966
32,    2577420,     70.0,     73.0,     70.0,    198.0,  4,  5,  6,  6,    2509310,    2577420,    2509310,    2577420
32,    2577438,     46.0,     49.0,     46.0,    130.0,  4,  5,  6,  6,    2509313,    2509313,     656698,    2577438
32,    2509318,     20.0,     20.0,     20.0,     58.0,  9, 10, 11, 10,    2360219,    2360219,    2360219,    2360219
32,     656698,     33.0,     35.0,     33.0,     93.0,  4,  5,  6,  6,     656698,     656698,     656698,     656698
32,    2509326,     29.0,     31.0,     29.0,     83.0,  4,  5,  6,  4,     656703,     656703,     656703,     656703
32,    2509332,     24.0,     25.0,     24.0,     68.0,  4,  5,  6,  4,    2509332,    2509332,    2509332,    2509332
32,    2076943,     14.0,     15.0,     14.0,     41.0,  4,  5,  6,  4,    2076943,    2076943,    2076943,    2076943
32,    2509375,     16.0,     22.0,     18.0,     57.0, 12, 10, 12,  9,    2360283,    2360283,    2360283,    2360283
32,    2509370,     57.0,     62.0,     58.0,    182.0, 12, 12, 12, 11,      84686,      84686,      84686,      84686
32,    2509380,     19.0,     19.0,     19.0,     57.0,  9, 10, 11,  9,    2360285,    2360285,    2360285,    2360285
32,    2509381,     19.0,     19.0,     19.0,     58.0,  9, 10, 11,  9,    2360281,    2360281,    2360281,    2360281
32,    2509386,     58.0,     61.0,     60.0,    183.0, 12, 12, 12, 10,      84686,    2360293,      84686,    2360293
32,    2509396,     19.0,     19.0,     19.0,     57.0,  9, 10, 11,  9,    2360296,    2360296,    2360296,    2360296
32,    2579046,     20.0,     20.0,     20.0,     59.0,  9, 10, 11,  9,    2360300,    2360300,    2360300,    2360300
32,    2509401,     61.0,     64.0,     62.0,    187.0, 12, 12, 12, 10,      84686,    2360293,      84686,    2360293
32,    2509417,     20.0,     20.0,     20.0,     59.0,  9, 10, 11,  9,    2360304,    2360304,    2360304,    2360304
32,    2578144,     14.0,     14.0,     13.0,     39.0,  4,  5,  6,  6,     586707,     586707,     586707,     586707
32,    2578230,     23.0,     22.0,     22.0,     62.0,  4,  5,  6,  6,    2509420,    2509420,    2509420,    2578230
32,    2509425,     15.0,     15.0,     15.0,     43.0,  4,  5,  6,  5,    2509425,    2509425,    2509425,    2509425
32,    2509420,     20.0,     19.0,     19.0,     54.0,  4,  5,  6,  6,    2509420,    2509420,    2509420,    2509420
32,    2509439,     13.0,     12.0,     12.0,     35.0,  4,  5,  6,  6,    2509434,    2509439,    2509439,    2509439
32,    2509464,     19.0,     19.0,     19.0,     57.0,  9, 10, 11,  9,    2360333,    2360333,    2360333,    2360333
32,    2576425,     68.0,     77.0,     73.0,    227.0, 12, 12, 12,  6,      84582,      84582,      84582,    2576425
32,    2575560,     44.0,     43.0,     42.0,    122.0,  4,  5,  6,  6,    2509412,     586692,    2509412,     586692
33,      46626,     55.0,     56.0,     54.0,    160.0, 12, 10, 12, 11,      84612,      84612,      84612,      84612
33,      46663,     41.0,     41.0,     41.0,    117.0,  4, 12,  6,  4,      46663,      84701,      46663,      46663
33,    2381944,     34.0,     35.0,     34.0,     97.0,  4,  5,  6,  6,    2381941,    2381941,    2381941,    2381941
33,    3746327,     36.0,     37.0,     35.0,    101.0,  4,  5,  6,  6,    2381941,    2381941,    2381941,    2381941
33,    2381927,     41.0,     40.0,     42.0,    119.0, 12, 12, 11, 10,      84701,      84701,      84701,      84701
33,    2509288,     20.0,     20.0,     20.0,     58.0,  9, 10, 11,  9,    2277072,    2277072,    2277072,    2277072
33,    2509293,     20.0,     19.0,     19.0,     58.0,  9, 10, 11,  9,    2360204,    2360204,    2360204,    2360204
33,      46660,     69.0,     77.0,     73.0,    216.0, 12, 12, 12,  6,     257872,     257872,     257872,      46660
33,    2580958,     68.0,     76.0,     73.0,    231.0, 12, 12, 12,  9,     257872,     257872,     257872,     257872
33,     586707,      9.0,      8.0,      8.0,     23.0,  4,  5,  6,  5,     586707,     586707,     586707,     586707
33,     586697,     22.0,     20.0,     20.0,     57.0,  4,  5,  6,  5,     586697,     586697,     586697,     586697
33,     653237,     26.0,     25.0,     25.0,     76.0,  9, 10, 11, 10,    1085689,    1085689,    1085689,    1085689
33,    2509353,     22.0,     24.0,     22.0,     63.0,  4,  5,  6,  4,    2509353,     656714,     656714,    2509353
33,    2509333,     19.0,     20.0,     19.0,     55.0,  4,  5,  6,  6,     941766,     941766,     941766,     941766
33,    2509362,     18.0,     20.0,     18.0,     52.0,  4,  5,  6,  4,    2509362,     941771,    2509362,    2509362
33,    2509338,     21.0,     22.0,     21.0,     59.0,  4,  5,  6,  6,     941766,     941766,     941766,    2509338
33,    2509342,     27.0,     27.0,     27.0,     78.0,  4, 10,  6,  4,    2509342,    1214497,    2509342,    2509342
33,    2509347,     27.0,     27.0,     27.0,     78.0,  4, 10,  6,  4,    2509347,    1214500,    2509347,    2509347
33,    2509351,     26.0,     27.0,     26.0,     74.0,  4,  5,  6,  4,    2509351,    2509351,     656714,    2509351
33,    2509352,     24.0,     26.0,     24.0,     69.0,  4,  5,  6,  4,    2509352,     656714,    2509352,    2509352
33,    2509357,     21.0,     23.0,     21.0,     61.0,  4,  5,  6,  4,    2509357,     941771,    2509357,    2509357
33,    2509276,     26.0,     26.0,     26.0,     77.0,  9, 10, 11, 10,    1986388,    1986388,    1986388,    1986388
33,    2509337,     20.0,     22.0,     20.0,     58.0,  4,  5,  6,  6,    2509337,     941766,     941766,    2509337
33,    2509340,     27.0,     28.0,     27.0,     76.0,  4,  5,  6,  4,     656704,    2509340,     656704,    2509340
33,    2509339,     23.0,     24.0,     23.0,     66.0,  4,  5,  6,  4,     656704,    2509339,     656704,    2509339
33,    2575625,     33.0,     34.0,     32.0,     93.0,  4,  5,  6,  6,    2381941,    2381941,    2381941,    2381941
33,    2402032,     19.0,     21.0,     19.0,     56.0,  4,  5,  6,  4,    2402032,    2402032,    2402032,    2402032
33,    2509167,     39.0,     43.0,     39.0,    118.0, 12, 10, 12, 11,      84583,      84583,      84583,      84583
33,    2576531,     18.0,     22.0,     18.0,     58.0, 12, 10, 12,  9,    2360156,    2360156,    2360156,    2360156
33,    2509154,     40.0,     41.0,     39.0,    118.0, 12, 10, 12, 11,      84583,    2360152,      84583,      84583
33,    2577052,     68.0,     71.0,     73.0,    238.0, 12, 12, 12,  9,      84582,      84582,      84582,      84582
33,    3795218,     68.0,     71.0,     73.0,    239.0, 12, 12, 12,  9,      84582,      84582,      84582,      84582
33,    2577107,     68.0,     71.0,     73.0,    238.0, 12, 12, 12,  9,      84582,      84582,      84582,      84582
33,    2577117,     68.0,     71.0,     73.0,    238.0, 12, 12, 12,  9,      84582,      84582,      84582,      84582
33,    2577127,     69.0,     73.0,     74.0,    240.0, 12, 12, 12,  9,      84582,      84582,      84582,      84582
33,    2577137,     70.0,     73.0,     75.0,    233.0, 12, 12, 12,  5,      84582,      84582,      84582,    1273419
33,    2509239,     42.0,     40.0,     40.0,    122.0, 12, 12, 12, 10,    2360177,    2360177,    2360177,    2360177
33,    2509251,     65.0,     72.0,     69.0,    224.0, 12, 12, 12,  9,     257872,     257872,     257872,     257872
33,    2509246,     65.0,     72.0,     69.0,    224.0, 12, 12, 12,  9,     257872,     257872,     257872,     257872
33,    2577231,     65.0,     72.0,     69.0,    225.0, 12, 12, 12,  9,     257872,     257872,     257872,     257872
33,    2577241,     66.0,     73.0,     70.0,    226.0, 12, 12, 12,  9,     257872,     257872,     257872,     257872
33,    2509264,     66.0,     74.0,     70.0,    227.0, 12, 12, 12,  9,     257872,     257872,     257872,     257872
33,    2577340,     67.0,     75.0,     71.0,    229.0, 12, 12, 12,  9,     257872,     257872,    1085684,     257872
33,    2577351,     67.0,     75.0,     71.0,    229.0, 12, 12, 12,  9,     257872,     257872,    1085684,     257872
33,    2577360,     68.0,     76.0,     72.0,    230.0, 12, 12, 12,  9,     257872,     257872,     257872,     257872
33,     993831,     26.0,     26.0,     26.0,     77.0,  9, 10, 11, 10,    1239481,    1239481,    1239481,    1239481
33,    2577390,     40.0,     41.0,     41.0,    128.0, 12, 12, 12, 10,    2360200,    2360200,    2360200,    2360200
33,    2509281,     41.0,     41.0,     41.0,    120.0, 12, 12, 12, 11,    2360200,    2360200,    2360200,    2402914
33,    2577401,     31.0,     32.0,     31.0,     89.0,  4,  5,  6,  6,    2577401,    2381966,    2381941,    2381966
33,    2509309,     19.0,     19.0,     18.0,     53.0,  4,  5,  6,  6,    2509299,    2509309,    2509309,    2509309
33,    2381966,     17.0,     17.0,     16.0,     47.0,  4,  5,  6,  6,    2381966,    2381966,    2381966,    2381966
33,    2577420,     69.0,     73.0,     70.0,    199.0, 12,  5,  6,  6,     257872,    2509310,     656698,    2509310
33,    2577438,     46.0,     48.0,     46.0,    131.0,  4,  5,  6,  6,     656698,    2509313,     656698,     656698
33,    2509318,     20.0,     20.0,     20.0,     59.0,  9, 10, 11,  9,    2360219,    2360219,    2360219,    2360219
33,     656698,     33.0,     34.0,     32.0,     93.0,  4,  5,  6,  4,     656698,     656698,     656698,     656698
33,    2509326,     29.0,     31.0,     29.0,     82.0,  4,  5,  6,  6,     656703,     656703,     656703,     656703
33,    2509332,     24.0,     25.0,     24.0,     67.0,  4,  5,  6,  6,    2509332,    2509332,    2509332,    2509332
33,    2076943,     14.0,     15.0,     14.0,     41.0,  4,  5,  6,  4,    2076943,    2076943,    2076943,    2076943
33,    2509375,     19.0,     20.0,     19.0,     57.0,  9, 10, 11,  9,    2360283,    2360283,    2360283,    2360283
33,    2509370,     60.0,     59.0,     58.0,    182.0, 12, 12, 12, 10,      84686,      84686,      84686,      84686
33,    2509380,     19.0,     19.0,     19.0,     57.0,  9, 10, 11,  9,    2360285,    2360285,    2360285,    2360285
33,    2509381,     19.0,     19.0,     20.0,     58.0,  9, 10, 11,  9,    2360281,    2360281,    2360281,    2360281
33,    2509386,     62.0,     61.0,     59.0,    184.0, 12, 12, 12, 10,      84686,    2360293,      84686,    2360293
33,    2509396,     19.0,     19.0,     19.0,     57.0,  9, 10, 11,  9,    2360296,    2360296,    2360296,    2360296
33,    2579046,     20.0,     20.0,     20.0,     59.0,  9, 10, 11,  9,    2360300,    2360300,    2360300,    2360300
33,    2509401,     64.0,     64.0,     61.0,    187.0, 12, 12, 12, 10,      84686,      84686,    2360293,    2360293
33,    2509417,     20.0,     20.0,     20.0,     59.0,  9, 10, 11,  9,    2360304,    2360304,    2360304,    2360304
33,    2578144,     15.0,     14.0,     14.0,     40.0,  4,  5,  6,  5,     586707,     586707,     586707,     586707
33,    2578230,     24.0,     22.0,     22.0,     63.0,  4,  5,  6,  5,    2509420,    2509420,    2509420,    2509420
33,    2509425,     16.0,     15.0,     15.0,     43.0,  4,  5,  6,  5,    2509425,    2509425,    2509425,    2509425
33,    2509420,     20.0,     19.0,     19.0,     55.0,  4,  5,  6,  5,    2509420,    2509420,    2509420,    2509420
33,    2509439,     13.0,     12.0,     12.0,     36.0,  4,  5,  6,  5,    2509439,    2509439,    2509439,    2509439
33,    2509464,     19.0,     19.0,     19.0,     57.0,  9, 10, 11,  9,    2360333,    2360333,    2360333,    2360333
33,    2576425,     70.0,     73.0,     75.0,    235.0, 12, 12, 12,  5,      84582,      84582,      84582,    1273419
33,    2575560,     45.0,     43.0,     43.0,    122.0,  4,  5,  6,  6,    2509412,     586692,     586692,     586692
34,      46626,     55.0,     56.0,     55.0,    161.0, 12, 10, 12,  9,      84612,      84612,      84612,      84612
34,      46663,     42.0,     41.0,     41.0,    119.0,  4, 12, 12, 11,      46663,      84701,    2277071,    2277071
34,    2381944,     35.0,     36.0,     35.0,    100.0,  4,  5,  6,  4,    2381941,    2381941,    2381941,    2381944
34,    3746327,     36.0,     37.0,     37.0,    104.0,  4,  5,  6,  4,    3746327,    2381941,    2381941,    2381944
34,    2381927,     41.0,     40.0,     41.0,    120.0, 12, 12, 12, 10,      84701,      84701,      84701,      84701
34,    2509288,     20.0,     20.0,     20.0,     58.0,  9, 10, 11,  9,    2277072,    2277072,    2277072,    2277072
34,    2509293,     19.0,     19.0,     19.0,     58.0,  9, 10, 11,  9,    2360204,    2360204,    2360204,    2360204
34,      46660,     70.0,     73.0,     76.0,    222.0, 12, 12, 12,  4,     257872,     257872,     257872,      46660
34,    2580958,     69.0,     73.0,     75.0,    235.0, 12, 12, 12,  9,     257872,     257872,     257872,    1258435
34,     586707,      8.0,      8.0,      8.0,     23.0,  4,  5,  6,  5,     586707,     586707,     586707,     586707
34,     586697,     21.0,     20.0,     20.0,     58.0,  4,  5,  6,  5,     586697,     586697,     586697,     586697
34,     653237,     26.0,     25.0,     25.0,     76.0,  9, 10, 11, 10,    1085689,    1085689,    1085689,    1085689
34,    2509353,     23.0,     24.0,     23.0,     66.0,  4,  5,  6,  4,     656714,    2509353,    2509353,    2509353
34,    2509333,     20.0,     21.0,     20.0,     57.0,  4,  5,  6,  4,     941766,     941766,     941766,    2509333
34,    2509362,     19.0,     20.0,     19.0,     54.0,  4,  5,  6,  4,    2509362,    2509362,    2509362,    2509362
34,    2509338,     21.0,     22.0,     22.0,     62.0,  4,  5,  6,  4,    2509338,    2509338,     941766,     941766
34,    2509342,     28.0,     27.0,     28.0,     79.0,  4, 10, 11, 10,    2509342,    1214497,    1214497,    1214497
34,    2509347,     28.0,     27.0,     28.0,     79.0,  4, 10, 11, 10,    2509347,    1214500,    1214500,    1214500
34,    2509351,     27.0,     28.0,     27.0,     76.0,  4,  5,  6,  4,     656714,    2509351,    2509351,    2509351
34,    2509352,     25.0,     26.0,     25.0,     71.0,  4,  5,  6,  4,    2509352,    2509352,    2509352,    2509352
34,    2509357,     22.0,     23.0,     22.0,     63.0,  4,  5,  6,  4,    2509357,    2509357,    2509357,    2509357
34,    2509276,     26.0,     26.0,     26.0,     78.0,  9, 10, 11,  9,    1986388,    1986388,    1986388,    1986388
34,    2509337,     21.0,     22.0,     21.0,     61.0,  4,  5,  6,  4,     941766,     941766,    2509337,     941766
34,    2509340,     28.0,     28.0,     28.0,     79.0,  4, 10,  6,  4,     656704,    1529313,     656704,    2509340
34,    2509339,     24.0,     25.0,     24.0,     69.0,  4,  5,  6,  4,     656704,     656704,    2509339,     656704
34,    2575625,     34.0,     34.0,     34.0,     96.0,  4,  5,  6,  4,    2381941,    2381941,    2381941,    2381941
34,    2402032,     20.0,     21.0,     20.0,     58.0,  4,  5,  6,  4,    2402032,    2402032,    2402032,    2402032
34,    2509167,     40.0,     42.0,     40.0,    118.0, 12, 10, 12, 11,      84583,      84583,      84583,      84583
34,    2576531,     19.0,     21.0,     19.0,     58.0,  9, 10, 11,  9,    2360156,    2360156,    2360156,    2360156
34,    2509154,     40.0,     41.0,     40.0,    118.0, 12, 10, 12, 10,      84583,    2360152,      84583,    2360152
34,    2577052,     67.0,     73.0,     70.0,    233.0, 12, 12, 12,  9,      84582,      84582,      84582,      84582
34,    3795218,     68.0,     74.0,     71.0,    234.0, 12, 12, 12,  9,      84582,      84582,      84582,      84582
34,    2577107,     68.0,     74.0,     71.0,    234.0, 12, 12, 12,  9,      84582,      84582,      84582,      84582
34,    2577117,     68.0,     74.0,     71.0,    234.0, 12, 12, 12,  9,      84582,      84582,      84582,      84582
34,    2577127,     69.0,     76.0,     72.0,    236.0, 12, 12, 12,  9,      84582,      84582,      84582,      84582
34,    2577137,     69.0,     76.0,     73.0,    227.0, 12, 12, 12,  6,      84582,      84582,      84582,    2577137
34,    2509239,     41.0,     40.0,     40.0,    121.0, 12, 12, 12, 10,    2360177,    2360177,    2360177,    2360177
34,    2509251,     66.0,     69.0,     71.0,    229.0, 12, 12, 12,  9,     257872,     257872,     257872,     257872
34,    2509246,     66.0,     69.0,     71.0,    228.0, 12, 12, 12,  9,     257872,     257872,     257872,    1258435
34,    2577231,     66.0,     69.0,     71.0,    229.0, 12, 12, 12,  9,     257872,     257872,    1085684,     257872
34,    2577241,     67.0,     70.0,     72.0,    230.0, 12, 12, 12,  9,     257872,     257872,     257872,    1258435
34,    2509264,     67.0,     70.0,     72.0,    231.0, 12, 12, 12,  9,     257872,     257872,    1085684,     257872
34,    2577340,     68.0,     71.0,     74.0,    233.0, 12, 12, 12,  9,     257872,     257872,     257872,     257872
34,    2577351,     68.0,     71.0,     74.0,    233.0, 12, 12, 12,  9,     257872,    1085684,     257872,    1258435
34,    2577360,     69.0,     72.0,     74.0,    234.0, 12, 12, 12,  9,     257872,     257872,    1085684,    1258435
34,     993831,     26.0,     26.0,     26.0,     77.0,  9, 10, 11,  9,    1239481,    1239481,    1239481,    1239481
34,    2577390,     40.0,     41.0,     40.0,    128.0, 12, 12, 12, 11,    2360200,    2360200,    2360200,    2360200
34,    2509281,     40.0,     42.0,     40.0,    119.0, 12, 12, 12, 11,    2402914,    2360200,    2360200,    2402914
34,    2577401,     32.0,     32.0,     32.0,     92.0,  4,  5,  6,  4,    2381941,    2381966,    2381966,    2577401
34,    2509309,     19.0,     19.0,     19.0,     56.0,  4,  5,  6,  4,    2509309,    2509309,    2509309,    2509309
34,    2381966,     17.0,     17.0,     17.0,     49.0,  4,  5,  6,  5,    2381966,    2381966,    2381966,    2381966
34,    2577420,     70.0,     74.0,     73.0,    205.0, 12,  5,  6,  4,     257872,    2509310,    2509310,    2509310
34,    2577438,     47.0,     49.0,     48.0,    135.0,  4,  5,  6,  4,    2577438,    2509313,    2509313,    2509313
34,    2509318,     20.0,     20.0,     20.0,     59.0,  9, 10, 11,  9,    2360219,    2360219,    2360219,    2360219
34,     656698,     34.0,     35.0,     34.0,     96.0,  4,  5,  6,  4,     656698,     656698,     656698,     656698
34,    2509326,     30.0,     31.0,     30.0,     85.0,  4,  5,  6,  4,     656703,     656703,     656703,     656703
34,    2509332,     24.0,     25.0,     25.0,     70.0,  4,  5,  6,  4,    2509332,    2509332,    2509332,    2509332
34,    2076943,     15.0,     15.0,     15.0,     42.0,  4,  5,  6,  4,    2076943,    2076943,    2076943,    2076943
34,    2509375,     19.0,     19.0,     19.0,     57.0,  9, 10, 11,  9,    2360283,    2360283,    2360283,    2360283
34,    2509370,     59.0,     60.0,     58.0,    183.0, 12, 12, 12, 10,      84686,      84686,      84686,      84686
34,    2509380,     19.0,     19.0,     19.0,     57.0,  9, 10, 11,  9,    2360285,    2360285,    2360285,    2360285
34,    2509381,     19.0,     19.0,     20.0,     58.0,  9, 10, 11,  9,    2360281,    2360281,    2360281,    2360281
34,    2509386,     61.0,     62.0,     60.0,    185.0, 12, 12, 12, 10,      84686,      84686,      84686,    2360293
34,    2509396,     19.0,     19.0,     19.0,     57.0,  9, 10, 11,  9,    2360296,    2360296,    2360296,    2360296
34,    2579046,     20.0,     20.0,     20.0,     59.0,  9, 10, 11,  9,    2360300,    2360300,    2360300,    2360300
34,    2509401,     63.0,     64.0,     62.0,    189.0, 12, 12, 12, 10,      84686,      84686,      84686,    2360293
34,    2509417,     20.0,     20.0,     20.0,     59.0,  9, 10, 11,  9,    2360304,    2360304,    2360304,    2360304
34,    2578144,     14.0,     14.0,     14.0,     40.0,  4,  5,  6,  5,     586707,     586707,     586707,     586707
34,    2578230,     23.0,     22.0,     22.0,     64.0,  4,  5,  6,  5,    2509420,    2509420,    2509420,    2509420
34,    2509425,     15.0,     15.0,     15.0,     43.0,  4,  5,  6,  5,    2509425,    2509425,    2509425,    2509425
34,    2509420,     20.0,     19.0,     19.0,     55.0,  4,  5,  6,  5,    2509420,    2509420,    2509420,    2509420
34,    2509439,     13.0,     12.0,     12.0,     36.0,  4,  5,  6,  5,    2509434,    2509439,    2509439,    2509439
34,    2509464,     19.0,     19.0,     19.0,     57.0,  9, 10, 11,  9,    2360333,    2360333,    2360333,    2360333
34,    2576425,     69.0,     76.0,     73.0,    229.0, 12, 12, 12,  6,      84582,      84582,      84582,    2576425
34,    2575560,     44.0,     43.0,     43.0,    124.0,  4,  5,  6,  5,    2509412,     586692,     586692,     586692
35,      46626,     54.0,     57.0,     55.0,    161.0, 12, 12, 12, 11,      84612,      84612,      84612,      84612
35,      46663,     42.0,     41.0,     41.0,    119.0, 12, 12, 12, 11,      84701,      84701,    2277071,    2277071
35,    2381944,     37.0,     38.0,     37.0,    106.0,  4,  5,  6,  6,    2381941,    2381941,    2381941,    2381941
35,    3746327,     39.0,     40.0,     38.0,    110.0,  4,  5,  6,  6,    2381941,    2381941,    2381941,    2381941
35,    2381927,     41.0,     40.0,     41.0,    120.0, 12, 12, 12, 10,      84701,      84701,      84701,      84701
35,    2509288,     20.0,     19.0,     20.0,     58.0,  9, 12, 11,  9,    2277072,    2277072,    2277072,    2277072
35,    2509293,     19.0,     19.0,     19.0,     57.0,  9, 10, 11, 10,    2360204,    2360204,    2360204,    2360204
35,      46660,     70.0,     74.0,     73.0,    233.0, 12, 12, 12,  4,     257872,     257872,    1085684,      46660
35,    2580958,     70.0,     73.0,     73.0,    245.0, 12, 12, 12,  9,     257872,    1085684,     257872,    2405031
35,     586707,      8.0,      8.0,      8.0,     23.0,  4,  5,  6,  6,     586707,     586707,     586707,     586707
35,     586697,     21.0,     20.0,     20.0,     57.0,  4,  5,  6,  6,     586697,     586697,     586697,     586697
35,     653237,     26.0,     25.0,     25.0,     76.0,  9, 10, 11, 10,    1085689,    1085689,    1085689,    1085689
35,    2509353,     24.0,     26.0,     24.0,     69.0,  4,  5,  6,  4,    2509353,    2509353,    2509353,    2509353
35,    2509333,     21.0,     22.0,     21.0,     60.0,  4,  5,  6,  4,     941766,     941766,     941766,     941766
35,    2509362,     20.0,     22.0,     20.0,     57.0,  4,  5,  6,  4,    2509362,    2509362,    2509362,    2509362
35,    2509338,     23.0,     24.0,     23.0,     65.0,  4,  5,  6,  4,     941766,     941766,     941766,     941766
35,    2509342,     28.0,     27.0,     28.0,     79.0,  9, 10, 11,  9,    1214497,    1214497,    1214497,    1214497
35,    2509347,     28.0,     27.0,     28.0,     79.0,  9, 10, 11,  9,    1214500,    1214500,    1214500,    1214500
35,    2509351,     28.0,     28.0,     28.0,     79.0,  4, 10,  6, 10,    2509351,    1214503,    2509351,    1214503
35,    2509352,     26.0,     28.0,     26.0,     75.0,  4,  5,  6,  4,    2509352,    2509352,    2509352,    2509352
35,    2509357,     23.0,     25.0,     23.0,     67.0,  4,  5,  6,  4,    2509357,    2509357,    2509357,    2509357
35,    2509276,     26.0,     26.0,     26.0,     77.0,  9, 10, 11, 10,    1986388,    1986388,    1986388,    1986388
35,    2509337,     22.0,     23.0,     22.0,     64.0,  4,  5,  6,  4,     941766,    2509337,     941766,     941766
35,    2509340,     28.0,     27.0,     28.0,     80.0,  9, 12, 11,  9,    1529313,    1529313,    1529313,    1529313
35,    2509339,     25.0,     27.0,     25.0,     72.0,  4,  5,  6,  4,     656704,     656704,     656704,    2509339
35,    2575625,     36.0,     36.0,     35.0,    101.0,  4,  5,  6,  6,    2381941,    2381941,    2381941,    2381941
35,    2402032,     21.0,     23.0,     21.0,     61.0,  4,  5,  6,  4,    2402032,    2402032,    2402032,    2402032
35,    2509167,     40.0,     42.0,     40.0,    118.0, 12, 10, 12,  9,      84583,      84583,      84583,      84583
35,    2576531,     18.0,     21.0,     18.0,     58.0, 12, 10, 12,  9,    2360156,    2360156,    2360156,    2360156
35,    2509154,     40.0,     41.0,     40.0,    118.0, 12, 10, 12, 10,      84583,    2360152,      84583,    2360152
35,    2577052,     69.0,     74.0,     69.0,    236.0, 12, 12, 12, 11,      84582,      84582,      84582,      84582
35,    3795218,     69.0,     74.0,     69.0,    236.0, 12, 12, 12, 11,      84582,      84582,      84582,      84582
35,    2577107,     69.0,     74.0,     69.0,    236.0, 12, 12, 12, 11,      84582,      84582,      84582,      84582
35,    2577117,     69.0,     75.0,     69.0,    237.0, 12, 12, 12, 11,      84582,      84582,      84582,      84582
35,    2577127,     70.0,     76.0,     70.0,    239.0, 12, 12, 12, 11,      84582,      84582,      84582,      84582
35,    2577137,     71.0,     77.0,     71.0,    227.0, 12, 12, 12,  6,      84582,      84582,      84582,    2577137
35,    2509239,     41.0,     40.0,     40.0,    120.0, 12, 12, 12, 10,    2360177,    2360177,    2360177,    2360177
35,    2509251,     66.0,     70.0,     69.0,    236.0, 12, 12, 12, 10,     257872,     257872,     257872,    2360180
35,    2509246,     66.0,     70.0,     69.0,    236.0, 12, 12, 12,  9,     257872,     257872,     257872,    2360180
35,    2577231,     66.0,     70.0,     69.0,    241.0, 12, 12, 12,  9,     257872,     257872,     257872,    1258435
35,    2577241,     67.0,     71.0,     70.0,    242.0, 12, 12, 12,  9,     257872,     257872,     257872,    1258435
35,    2509264,     67.0,     71.0,     70.0,    238.0, 12, 12, 12, 10,     257872,     257872,    1085684,    2360189
35,    2577340,     68.0,     72.0,     71.0,    245.0, 12, 12, 12,  9,     257872,     257872,    1085684,    1258435
35,    2577351,     69.0,     72.0,     71.0,    245.0, 12, 12, 12,  9,     257872,    1085684,    1085684,    1258435
35,    2577360,     69.0,     73.0,     72.0,    246.0, 12, 12, 12,  9,     257872,     257872,     257872,    1258435
35,     993831,     26.0,     26.0,     26.0,     76.0,  9, 10, 11,  9,    1239481,    1239481,    1239481,    1239481
35,    2577390,     40.0,     40.0,     40.0,    143.0, 12, 12, 12, 10,    2360200,    2360200,    2360200,    2360200
35,    2509281,     40.0,     41.0,     40.0,    119.0, 12, 12, 12, 11,    2402914,    2360200,    2360200,    2402914
35,    2577401,     34.0,     35.0,     34.0,     96.0,  4,  5,  6,  6,    2381941,    2381941,    2381941,    2381966
35,    2509309,     21.0,     21.0,     20.0,     58.0,  4,  5,  6,  6,    2509299,    2509309,    2509309,    2509309
35,    2381966,     18.0,     18.0,     18.0,     51.0,  4,  5,  6,  6,    2381966,    2381966,    2381966,    2381966
35,    2577420,     71.0,     75.0,     73.0,    215.0, 12, 12,  7,  4,     257872,     257872,     941771,    2577420
35,    2577438,     50.0,     52.0,     50.0,    142.0,  4,  5,  6,  4,     656698,    2509313,     656698,     656698
35,    2509318,     20.0,     20.0,     20.0,     58.0,  9, 10, 11, 10,    2360219,    2360219,    2360219,    2360219
35,     656698,     35.0,     37.0,     35.0,    101.0,  4,  5,  6,  4,     656698,     656698,     656698,     656698
35,    2509326,     32.0,     33.0,     31.0,     90.0,  4,  5,  6,  4,     656703,     656703,     656703,     656703
35,    2509332,     26.0,     27.0,     26.0,     73.0,  4,  5,  6,  4,    2509332,    2509332,    2509332,    2509332
35,    2076943,     15.0,     16.0,     15.0,     44.0,  4,  5,  6,  4,    2076943,    2076943,    2076943,    2076943
35,    2509375,     19.0,     20.0,     19.0,     57.0,  9, 10, 11,  9,    2360283,    2360283,    2360283,    2360283
35,    2509370,     59.0,     60.0,     58.0,    183.0, 12, 12, 12, 11,      84686,      84686,      84686,      84686
35,    2509380,     19.0,     19.0,     19.0,     57.0,  9, 10, 11,  9,    2360285,    2360285,    2360285,    2360285
35,    2509381,     19.0,     19.0,     20.0,     58.0,  9, 10, 11,  9,    2360281,    2360281,    2360281,    2360281
35,    2509386,     61.0,     62.0,     60.0,    186.0, 12, 12, 12, 10,      84686,      84686,      84686,    2360293
35,    2509396,     19.0,     19.0,     19.0,     57.0,  9, 10, 11,  9,    2360296,    2360296,    2360296,    2360296
35,    2579046,     20.0,     20.0,     20.0,     59.0,  9, 10, 11,  9,    2360300,    2360300,    2360300,    2360300
35,    2509401,     63.0,     64.0,     62.0,    189.0, 12, 12, 12, 11,      84686,    2360293,      84686,    2360293
35,    2509417,     20.0,     20.0,     20.0,     59.0,  9, 10, 11,  9,    2360304,    2360304,    2360304,    2360304
35,    2578144,     14.0,     14.0,     14.0,     40.0,  4,  5,  6,  6,     586707,     586707,     586707,     586707
35,    2578230,     23.0,     22.0,     22.0,     63.0,  4,  5,  6,  6,    2509420,    2509420,    2509420,    2509420
35,    2509425,     15.0,     15.0,     15.0,     43.0,  4,  5,  6,  6,    2509425,    2509425,    2509425,    2509425
35,    2509420,     20.0,     19.0,     19.0,     55.0,  4,  5,  6,  6,    2509420,    2509420,    2509420,    2509420
35,    2509439,     13.0,     13.0,     12.0,     36.0,  4,  5,  6,  6,    2509439,    2509434,    2509439,    2509439
35,    2509464,     19.0,     19.0,     19.0,     57.0,  9, 10, 11,  9,    2360333,    2360333,    2360333,    2360333
35,    2576425,     71.0,     77.0,     71.0,    229.0, 12, 12, 12,  6,      84582,      84582,      84582,    2576425
35,    2575560,     44.0,     44.0,     43.0,    123.0,  4,  5,  6,  6,    2509412,     586692,     586692,     586692
36,      46626,     54.0,     57.0,     55.0,    161.0, 12, 10, 12,  9,      84612,      84612,      84612,      84612
36,      46663,     42.0,     41.0,     41.0,    119.0, 12, 12, 12, 11,      84701,      84701,    2277071,    2277071
36,    2381944,     36.0,     37.0,     37.0,    103.0,  4,  5,  6,  4,    2381941,    2381941,    2381941,    2381944
36,    3746327,     38.0,     38.0,     38.0,    108.0,  4,  5,  6,  4,    2381941,    2381941,    2381941,    2381941
36,    2381927,     41.0,     40.0,     41.0,    120.0, 12, 12, 12, 10,      84701,      84701,      84701,      84701
36,    2509288,     20.0,     20.0,     20.0,     58.0,  9, 10, 11,  9,    2277072,    2277072,    2277072,    2277072
36,    2509293,     19.0,     19.0,     19.0,     58.0,  9, 10, 11,  9,    2360204,    2360204,    2360204,    2360204
36,      46660,     71.0,     73.0,     74.0,    227.0, 12, 12, 12,  4,     257872,    1085684,     257872,      46660
36,    2580958,     70.0,     73.0,     73.0,    241.0, 12, 12, 12,  9,     257872,     257872,     257872,    1258435
36,     586707,      8.0,      8.0,      8.0,     23.0,  4,  5,  6,  6,     586707,     586707,     586707,     586707
36,     586697,     21.0,     20.0,     20.0,     57.0,  4,  5,  6,  6,     586697,     586697,     586697,     586697
36,     653237,     26.0,     25.0,     25.0,     76.0,  9, 10, 11, 10,    1085689,    1085689,    1085689,    1085689
36,    2509353,     23.0,     24.0,     24.0,     67.0,  4,  5,  6,  4,    2509353,    2509353,     656714,    2509353
36,    2509333,     20.0,     21.0,     20.0,     58.0,  4,  5,  6,  4,     941766,     941766,    2509333,    2509333
36,    2509362,     19.0,     20.0,     19.0,     55.0,  4,  5,  6,  4,    2509362,    2509362,    2509362,    2509362
36,    2509338,     22.0,     22.0,     22.0,     63.0,  4,  5,  6,  4,     941766,    2509338,     941766,     941766
36,    2509342,     28.0,     27.0,     28.0,     79.0,  9, 10, 11,  9,    1214497,    1214497,    1214497,    1214497
36,    2509347,     28.0,     27.0,     28.0,     79.0,  9, 10, 11,  9,    1214500,    1214500,    1214500,    1214500
36,    2509351,     27.0,     28.0,     28.0,     78.0,  4,  5,  6,  4,    2509351,    2509351,     656714,    2509351
36,    2509352,     25.0,     26.0,     26.0,     73.0,  4,  5,  6,  4,    2509352,    2509352,     656714,    2509352
36,    2509357,     23.0,     23.0,     23.0,     65.0,  4,  5,  6,  4,     941771,    2509357,     941771,    2509357
36,    2509276,     26.0,     26.0,     26.0,     78.0,  9, 10, 11,  9,    1986388,    1986388,    1986388,    1986388
36,    2509337,     21.0,     22.0,     22.0,     62.0,  4,  5,  6,  4,    2509337,     941766,     941766,     941766
36,    2509340,     28.0,     28.0,     28.0,     80.0,  4, 10,  6,  4,    2509340,    1529313,    2509340,    2509340
36,    2509339,     24.0,     25.0,     25.0,     70.0,  4,  5,  6,  4,    2509339,     656704,     656704,     656704
36,    2575625,     35.0,     35.0,     35.0,     99.0,  4,  5,  6,  4,    2381941,    2381941,    2381941,    2381941
36,    2402032,     21.0,     21.0,     21.0,     59.0,  4,  5,  6,  4,     941771,    2402032,     941771,    2402032
36,    2509167,     40.0,     40.0,     41.0,    118.0, 12, 12, 12, 10,      84583,      84583,      84583,      84583
36,    2576531,     19.0,     19.0,     19.0,     58.0,  9, 10, 11,  9,    2360156,    2360156,    2360156,    2360156
36,    2509154,     40.0,     40.0,     41.0,    118.0, 12, 12, 11, 10,      84583,      84583,    2360152,    2360152
36,    2577052,     70.0,     72.0,     69.0,    233.0, 12, 12, 12, 11,      84582,      84582,      84582,      84582
36,    3795218,     71.0,     72.0,     70.0,    234.0, 12, 12, 12, 11,      84582,      84582,      84582,      84582
36,    2577107,     70.0,     72.0,     70.0,    234.0, 12, 12, 12, 11,      84582,      84582,      84582,      84582
36,    2577117,     71.0,     73.0,     70.0,    234.0, 12, 12, 12, 11,      84582,      84582,      84582,      84582
36,    2577127,     72.0,     74.0,     71.0,    236.0, 12, 12, 12, 11,      84582,      84582,      84582,      84582
36,    2577137,     72.0,     74.0,     72.0,    225.0, 12, 12, 12,  6,      84582,      84582,      84582,      43267
36,    2509239,     41.0,     40.0,     41.0,    120.0, 12, 12, 12, 10,    2360177,    2360177,    2360177,    2360177
36,    2509251,     67.0,     69.0,     69.0,    234.0, 12, 12, 12,  9,     257872,     257872,    1085684,    1258435
36,    2509246,     67.0,     69.0,     69.0,    234.0, 12, 12, 12,  9,     257872,     257872,    1085684,    1258435
36,    2577231,     67.0,     69.0,     70.0,    235.0, 12, 12, 12,  9,     257872,    1085684,     257872,    1258435
36,    2577241,     68.0,     70.0,     70.0,    236.0, 12, 12, 12,  9,     257872,     257872,    1085684,    1258435
36,    2509264,     68.0,     71.0,     71.0,    236.0, 12, 12, 12,  9,     257872,     257872,     257872,    1258435
36,    2577340,     69.0,     72.0,     72.0,    238.0, 12, 12, 12,  9,     257872,     257872,     257872,    1258435
36,    2577351,     69.0,     72.0,     72.0,    239.0, 12, 12, 12,  9,     257872,     257872,     257872,    1258435
36,    2577360,     70.0,     72.0,     72.0,    240.0, 12, 12, 12,  9,     257872,     257872,    1085684,    1258435
36,     993831,     26.0,     26.0,     26.0,     76.0,  9, 10, 11,  9,    1239481,    1239481,    1239481,    1239481
36,    2577390,     38.0,     42.0,     40.0,    137.0, 12, 12, 12,  9,    2360200,    2360200,    2360200,    2360200
36,    2509281,     39.0,     42.0,     41.0,    120.0, 12, 12, 12,  9,    2360200,    2360200,    2360200,    2402914
36,    2577401,     33.0,     33.0,     33.0,     95.0,  4,  5,  6,  5,    2577401,    2381966,    2381966,    2381966
36,    2509309,     20.0,     20.0,     20.0,     57.0,  4,  5,  6,  4,    2509309,    2509309,    2509309,    2509309
36,    2381966,     18.0,     18.0,     18.0,     51.0,  4,  5,  6,  4,    2381966,    2381966,    2381966,    2381966
36,    2577420,     71.0,     74.0,     74.0,    210.0, 12, 12, 12,  4,     257872,     257872,    1085684,    2509310
36,    2577438,     49.0,     50.0,     49.0,    138.0,  4,  5,  6,  4,     656698,     656698,     656698,     656698
36,    2509318,     20.0,     20.0,     20.0,     59.0,  9, 10, 11,  9,    2360219,    2360219,    2360219,    2360219
36,     656698,     34.0,     35.0,     35.0,     98.0,  4,  5,  6,  4,     656698,     656698,     656698,     656698
36,    2509326,     31.0,     31.0,     31.0,     87.0,  4,  5,  6,  4,     656703,     656703,     656703,     656703
36,    2509332,     25.0,     26.0,     25.0,     71.0,  4,  5,  6,  4,    2509332,    2509332,    2509332,    2509332
36,    2076943,     15.0,     15.0,     15.0,     43.0,  4,  5,  6,  4,    2076943,    2076943,    2076943,    2076943
36,    2509375,     18.0,     20.0,     18.0,     57.0, 12, 10, 12,  9,    2360283,    2360283,    2360283,    2360283
36,    2509370,     58.0,     61.0,     58.0,    183.0, 12, 12, 12,  9,      84686,      84686,      84686,      84686
36,    2509380,     19.0,     19.0,     19.0,     57.0,  9, 10, 11,  9,    2360285,    2360285,    2360285,    2360285
36,    2509381,     19.0,     19.0,     20.0,     58.0,  9, 10, 11,  9,    2360281,    2360281,    2360281,    2360281
36,    2509386,     60.0,     62.0,     60.0,    186.0, 12, 12, 12,  9,      84686,    2360293,      84686,      84686
36,    2509396,     19.0,     19.0,     19.0,     57.0,  9, 10, 11,  9,    2360296,    2360296,    2360296,    2360296
36,    2579046,     20.0,     20.0,     20.0,     59.0,  9, 10, 11,  9,    2360300,    2360300,    2360300,    2360300
36,    2509401,     62.0,     65.0,     62.0,    189.0, 12, 12, 12, 11,      84686,    2360293,    2360293,    2360293
36,    2509417,     20.0,     20.0,     20.0,     59.0,  9, 10, 11,  9,    2360304,    2360304,    2360304,    2360304
36,    2578144,     14.0,     14.0,     14.0,     40.0,  4,  5,  6,  6,     586707,     586707,     586707,     586707
36,    2578230,     23.0,     23.0,     22.0,     63.0,  4,  5,  6,  6,    2509420,    2509420,    2509420,    2509420
36,    2509425,     15.0,     15.0,     15.0,     43.0,  4,  5,  6,  6,    2509425,    2509425,    2509425,    2509425
36,    2509420,     20.0,     20.0,     19.0,     55.0,  4,  5,  6,  6,    2509420,    2509420,    2509420,    2509420
36,    2509439,     13.0,     13.0,     12.0,     36.0,  4,  5,  6,  6,    2509439,    2509439,    2509439,    2509439
36,    2509464,     19.0,     19.0,     19.0,     57.0,  9, 10, 11,  9,    2360333,    2360333,    2360333,    2360333
36,    2576425,     72.0,     74.0,     72.0,    227.0, 12, 12, 12,  6,      84582,      84582,      84582,      43267
36,    2575560,     44.0,     44.0,     43.0,    124.0,  4,  5,  6,  6,    2509412,     586692,     586692,     586692
37,      46626,     54.0,     57.0,     55.0,    160.0, 12, 10, 12,  9,      84612,      84612,      84612,      84612
37,      46663,     42.0,     41.0,     41.0,    119.0, 12, 12, 12,  9,      84701,      84701,    2277071,    2277073
37,    2381944,     36.0,     36.0,     35.0,    100.0,  4,  5,  6,  6,    2381941,    2381941,    2381941,    2381941
37,    3746327,     38.0,     37.0,     37.0,    105.0,  4,  5,  6,  6,    2381941,    2381944,    2381941,    2381941
37,    2381927,     41.0,     40.0,     41.0,    119.0, 12, 12, 12, 10,      84701,      84701,      84701,      84701
37,    2509288,     20.0,     20.0,     20.0,     58.0,  9, 10, 11,  9,    2277072,    2277072,    2277072,    2277072
37,    2509293,     19.0,     19.0,     19.0,     58.0,  9, 10, 11,  9,    2360204,    2360204,    2360204,    2360204
37,      46660,     73.0,     74.0,     71.0,    223.0, 12, 12, 12,  6,     257872,     257872,     257872,      46660
37,    2580958,     73.0,     73.0,     70.0,    238.0, 12, 12, 12, 11,     257872,     257872,    1085684,    1085684
37,     586707,      8.0,      8.0,      8.0,     23.0,  4,  5,  6,  5,     586707,     586707,     586707,     586707
37,     586697,     21.0,     20.0,     20.0,     57.0,  4,  5,  6,  6,     586697,     586697,     586697,     586697
37,     653237,     26.0,     25.0,     25.0,     76.0,  9, 10, 11, 10,    1085689,    1085689,    1085689,    1085689
37,    2509353,     23.0,     25.0,     23.0,     65.0,  4,  5,  6,  6,    2509353,     656714,     656714,    2509353
37,    2509333,     20.0,     21.0,     20.0,     57.0,  4,  5,  6,  6,     941766,     941766,     941766,     941766
37,    2509362,     19.0,     21.0,     19.0,     54.0,  4,  5,  6,  6,    2509362,    2509362,    2509362,    2509362
37,    2509338,     22.0,     23.0,     21.0,     61.0,  4,  5,  6,  6,     941766,     941766,    2509338,    2509338
37,    2509342,     28.0,     27.0,     28.0,     79.0,  9, 10,  6,  9,    1214497,    1214497,    2509342,    1214497
37,    2509347,     28.0,     27.0,     28.0,     79.0,  9, 10,  6,  9,    1214500,    1214500,    2509347,    1214500
37,    2509351,     27.0,     28.0,     27.0,     76.0,  4, 10,  6,  6,    2509351,    1214503,     656714,    2509351
37,    2509352,     25.0,     27.0,     25.0,     71.0,  4,  5,  6,  6,    2509352,     656714,     656714,    2509352
37,    2509357,     23.0,     24.0,     22.0,     63.0,  4,  5,  6,  6,     941771,     941836,    2509357,    2509357
37,    2509276,     26.0,     26.0,     26.0,     78.0,  9, 10, 11,  9,    1986388,    1986388,    1986388,    1986388
37,    2509337,     22.0,     22.0,     21.0,     60.0,  4,  5,  6,  6,     941766,    2509337,     941766,    2509337
37,    2509340,     28.0,     28.0,     27.0,     79.0,  4, 10,  6,  6,    2509340,    1529313,    2509340,    2509340
37,    2509339,     24.0,     25.0,     24.0,     68.0,  4,  5,  6,  6,    2509339,    2509339,     656704,    2509339
37,    2575625,     35.0,     34.0,     34.0,     96.0,  4,  5,  6,  6,    2381941,    2381941,    2381941,    2381941
37,    2402032,     21.0,     22.0,     20.0,     58.0,  4,  5,  6,  6,     941771,    2402032,    2402032,    2402032
37,    2509167,     39.0,     42.0,     40.0,    118.0, 12, 12, 12,  9,      84583,      84583,      84583,      84583
37,    2576531,     18.0,     21.0,     18.0,     58.0, 12, 10, 12,  9,    2360156,    2360156,    2360156,    2360156
37,    2509154,     39.0,     41.0,     40.0,    118.0, 12, 10, 12, 10,      84583,    2360152,      84583,    2360152
37,    2577052,     71.0,     75.0,     65.0,    227.0, 12, 12, 12, 11,      84582,      84582,      84582,      84582
37,    3795218,     72.0,     75.0,     66.0,    228.0, 12, 12, 12, 11,      84582,      84582,      84582,      84582
37,    2577107,     71.0,     75.0,     66.0,    228.0, 12, 12, 12, 11,      84582,      84582,      84582,      84582
37,    2577117,     72.0,     76.0,     66.0,    228.0, 12, 12, 12, 11,      84582,      84582,      84582,      84582
37,    2577127,     73.0,     77.0,     67.0,    230.0, 12, 12, 12, 11,      84582,      84582,      84582,      84582
37,    2577137,     73.0,     78.0,     67.0,    221.0, 12, 12, 12,  6,      84582,      84582,      84582,    1273410
37,    2509239,     40.0,     41.0,     41.0,    120.0, 12, 12, 12,  9,    2360177,    2360177,    2360177,    2360177
37,    2509251,     69.0,     70.0,     67.0,    232.0, 12, 12, 12, 11,     257872,     257872,     257872,    1085684
37,    2509246,     69.0,     70.0,     66.0,    232.0, 12, 12, 12, 11,     257872,     257872,    1085684,    1085684
37,    2577231,     69.0,     70.0,     67.0,    232.0, 12, 12, 12, 11,     257872,     257872,     257872,    1085684
37,    2577241,     70.0,     70.0,     67.0,    234.0, 12, 12, 12, 11,     257872,    1085684,    1085684,    1085684
37,    2509264,     71.0,     71.0,     68.0,    234.0, 12, 12, 12, 11,     257872,     257872,     257872,    1085684
37,    2577340,     72.0,     72.0,     69.0,    236.0, 12, 12, 12, 11,     257872,     257872,     257872,    1085684
37,    2577351,     72.0,     72.0,     69.0,    236.0, 12, 12, 12, 11,     257872,     257872,     257872,    1085684
37,    2577360,     72.0,     73.0,     70.0,    237.0, 12, 12, 12, 11,     257872,     257872,     257872,    1085684
37,     993831,     25.0,     25.0,     25.0,     75.0,  9, 10, 11,  9,    1239481,    1239481,    1239481,    1239481
37,    2577390,     39.0,     41.0,     40.0,    135.0, 12, 12, 12, 11,    2360200,    2360200,    2360200,    2360200
37,    2509281,     40.0,     42.0,     41.0,    119.0, 12, 12, 12,  9,    2360200,    2360200,    2360200,    2402914
37,    2577401,     33.0,     33.0,     32.0,     92.0,  4,  5,  6,  6,    2577401,    2381941,    2381941,    2381966
37,    2509309,     20.0,     20.0,     19.0,     55.0,  4,  5,  6,  6,    2509309,    2381966,    2509309,    2509309
37,    2381966,     18.0,     17.0,     17.0,     49.0,  4,  5,  6,  6,    2381966,    2381966,    2381966,    2381966
37,    2577420,     74.0,     74.0,     71.0,    206.0,  4,  5, 12,  6,    2509310,    2577420,    1085684,    2509310
37,    2577438,     49.0,     49.0,     47.0,    135.0,  4,  5,  6,  6,     656698,    2577438,    2577438,     656698
37,    2509318,     20.0,     20.0,     20.0,     59.0,  9, 10, 11,  9,    2360219,    2360219,    2360219,    2360219
37,     656698,     34.0,     36.0,     34.0,     96.0,  4,  5,  6,  6,     656698,     656698,     656698,     656698
37,    2509326,     31.0,     32.0,     30.0,     85.0,  4,  5,  6,  6,     656703,     656703,     656703,     656703
37,    2509332,     25.0,     26.0,     24.0,     70.0,  4,  5,  6,  6,    2509332,    2509332,    2509332,    2509332
37,    2076943,     15.0,     15.0,     15.0,     42.0,  4,  5,  6,  6,    2076943,    2076943,    2076943,    2076943
37,    2509375,     19.0,     19.0,     19.0,     57.0,  9, 10, 11,  9,    2360283,    2360283,    2360283,    2360283
37,    2509370,     59.0,     60.0,     58.0,    184.0, 12, 12, 12, 10,      84686,      84686,      84686,      84686
37,    2509380,     19.0,     19.0,     19.0,     57.0,  9, 10, 11,  9,    2360285,    2360285,    2360285,    2360285
37,    2509381,     19.0,     19.0,     20.0,     58.0,  9, 10, 11,  9,    2360281,    2360281,    2360281,    2360281
37,    2509386,     61.0,     62.0,     60.0,    186.0, 12, 12, 12, 10,      84686,      84686,      84686,    2360293
37,    2509396,     19.0,     19.0,     19.0,     57.0,  9, 10, 11,  9,    2360296,    2360296,    2360296,    2360296
37,    2579046,     20.0,     20.0,     20.0,     59.0,  9, 10, 11,  9,    2360300,    2360300,    2360300,    2360300
37,    2509401,     63.0,     64.0,     62.0,    189.0, 12, 12, 12, 10,      84686,    2360293,    2360293,    2360293
37,    2509417,     20.0,     20.0,     20.0,     59.0,  9, 10, 11,  9,    2360304,    2360304,    2360304,    2360304
37,    2578144,     15.0,     14.0,     14.0,     40.0,  4,  5,  6,  5,     586707,     586707,     586707,     586707
37,    2578230,     23.0,     22.0,     22.0,     64.0,  4,  5,  6,  5,    2509420,    2509420,    2509420,    2509420
37,    2509425,     16.0,     15.0,     15.0,     43.0,  4,  5,  6,  5,    2509425,    2509425,    2509425,    2509425
37,    2509420,     20.0,     19.0,     19.0,     55.0,  4,  5,  6,  5,    2509420,    2509420,    2509420,    2509420
37,    2509439,     13.0,     12.0,     12.0,     36.0,  4,  5,  6,  5,    2509439,    2509439,    2509439,    2509439
37,    2509464,     19.0,     19.0,     19.0,     57.0,  9, 10, 11,  9,    2360333,    2360333,    2360333,    2360333
37,    2576425,     73.0,     77.0,     67.0,    223.0, 12, 12, 12,  6,      84582,      84582,      84582,      43267
37,    2575560,     45.0,     43.0,     43.0,    124.0,  4,  5,  6,  5,    2509412,     586692,     586692,     586692
38,      46626,     54.0,     57.0,     55.0,    160.0, 12, 10, 12,  9,      84612,      84612,      84612,      84612
38,      46663,     42.0,     41.0,     41.0,    119.0,  9, 12, 12,  9,      84701,      84701,    2277071,    2277073
38,    2381944,     37.0,     37.0,     36.0,    102.0,  4,  5,  6,  6,    2381941,    2381941,    2381941,    2381941
38,    3746327,     38.0,     38.0,     37.0,    106.0,  4,  5,  6,  6,    2381941,    2381941,    2381941,    2381941
38,    2381927,     41.0,     40.0,     41.0,    119.0, 12, 12, 12, 10,      84701,      84701,      84701,      84701
38,    2509288,     20.0,     20.0,     20.0,     58.0,  9, 10, 11,  9,    2277072,    2277072,    2277072,    2277072
38,    2509293,     19.0,     19.0,     19.0,     58.0,  9, 10, 11,  9,    2360204,    2360204,    2360204,    2360204
38,      46660,     72.0,     75.0,     71.0,    226.0, 12, 12, 12,  6,     257872,     257872,     257872,      46660
38,    2580958,     71.0,     75.0,     70.0,    242.0, 12, 12, 12, 11,     257872,     257872,     257872,    1085684
38,     586707,      8.0,      8.0,      8.0,     24.0,  4,  5,  6,  6,     586707,     586707,     586707,     586707
38,     586697,     21.0,     21.0,     20.0,     58.0,  4,  5,  6,  6,     586697,     586697,     586697,     586697
38,     653237,     25.0,     25.0,     25.0,     76.0,  9, 10, 11, 10,    1085689,    1085689,    1085689,    1085689
38,    2509353,     24.0,     25.0,     23.0,     66.0,  4,  5,  6,  6,     656714,     656714,    2509353,    2509353
38,    2509333,     21.0,     21.0,     20.0,     58.0,  4,  5,  6,  6,     941766,     941766,     941766,     941766
38,    2509362,     20.0,     20.0,     19.0,     55.0,  4,  5,  6,  6,    2509362,    2509362,    2509362,    2509362
38,    2509338,     22.0,     23.0,     22.0,     62.0,  4,  5,  6,  6,    2509338,     941766,     941766,    2509338
38,    2509342,     28.0,     27.0,     28.0,     79.0,  9, 10, 11,  9,    1214497,    1214497,    1214497,    1214497
38,    2509347,     28.0,     27.0,     28.0,     79.0,  9, 10, 11,  9,    1214500,    1214500,    1214500,    1214500
38,    2509351,     27.0,     28.0,     27.0,     77.0, 12, 10,  6,  6,    1214503,    1214503,    2509351,    2509351
38,    2509352,     26.0,     27.0,     25.0,     72.0,  4,  5,  6,  6,    2509352,     941826,    2509352,    2509352
38,    2509357,     23.0,     24.0,     22.0,     64.0,  4,  5,  6,  6,    2509357,     941836,    2509357,    2509357
38,    2509276,     26.0,     26.0,     26.0,     77.0,  9, 10, 11, 10,    1986388,    1986388,    1986388,    1986388
38,    2509337,     22.0,     22.0,     21.0,     61.0,  4,  5,  6,  6,     941766,    2509337,    2509337,    2509337
38,    2509340,     28.0,     28.0,     28.0,     80.0,  9, 10,  6,  6,    1529313,    1529313,     656704,    2509340
38,    2509339,     25.0,     25.0,     24.0,     69.0,  4,  5,  6,  6,     656704,    2509339,     656704,    2509339
38,    2575625,     35.0,     35.0,     34.0,     98.0,  4,  5,  6,  6,    2381941,    2381941,    2381941,    2381941
38,    2402032,     21.0,     22.0,     20.0,     59.0,  4,  5,  6,  6,    2402032,    2402032,    2402032,    2402032
38,    2509167,     41.0,     41.0,     40.0,    118.0,  9, 10, 12,  9,      84583,      84583,      84583,      84583
38,    2576531,     19.0,     20.0,     19.0,     58.0,  9, 10, 11,  9,    2360156,    2360156,    2360156,    2360156
38,    2509154,     41.0,     41.0,     41.0,    118.0,  9, 10, 11, 10,      84583,      84583,      84583,    2360152
38,    2577052,     72.0,     72.0,     68.0,    226.0, 12, 12, 12, 11,      84582,      84582,      84582,      84582
38,    3795218,     72.0,     72.0,     68.0,    227.0, 12, 12, 12, 11,      84582,      84582,      84582,      84582
38,    2577107,     72.0,     72.0,     68.0,    227.0, 12, 12, 12, 11,      84582,      84582,      84582,      84582
38,    2577117,     73.0,     73.0,     68.0,    227.0, 12, 12, 12, 11,      84582,      84582,      84582,      84582
38,    2577127,     74.0,     74.0,     69.0,    229.0, 12, 12, 12, 11,      84582,      84582,      84582,      84582
38,    2577137,     74.0,     75.0,     70.0,    220.0, 12, 12, 12,  6,      84582,      84582,      84582,    2577137
38,    2509239,     41.0,     41.0,     40.0,    121.0, 12, 12, 12,  9,    2360177,    2360177,    2360177,    2360177
38,    2509251,     68.0,     71.0,     67.0,    236.0, 12, 12, 12, 11,     257872,     257872,     257872,    1085684
38,    2509246,     68.0,     71.0,     67.0,    236.0, 12, 12, 12, 11,     257872,     257872,     257872,    1085684
38,    2577231,     68.0,     71.0,     67.0,    236.0, 12, 12, 12, 11,     257872,     257872,     257872,    1085684
38,    2577241,     69.0,     72.0,     68.0,    238.0, 12, 12, 12, 11,     257872,     257872,     257872,    1085684
38,    2509264,     69.0,     72.0,     68.0,    238.0, 12, 12, 12, 11,     257872,     257872,     257872,    1085684
38,    2577340,     70.0,     73.0,     69.0,    240.0, 12, 12, 12, 11,     257872,     257872,     257872,    1085684
38,    2577351,     70.0,     74.0,     69.0,    241.0, 12, 12, 12, 11,     257872,     257872,     257872,    1085684
38,    2577360,     71.0,     74.0,     70.0,    241.0, 12, 12, 12, 11,     257872,     257872,     257872,    1085684
38,     993831,     25.0,     25.0,     25.0,     75.0,  9, 10, 11,  9,    1239481,    1239481,    1239481,    1239481
38,    2577390,     40.0,     41.0,     40.0,    142.0, 12, 12, 12, 11,    2360200,    2360200,    2360200,    2360200
38,    2509281,     40.0,     41.0,     40.0,    120.0, 12, 12, 12,  9,    2360200,    2360200,    2360200,    2402914
38,    2577401,     33.0,     33.0,     32.0,     93.0,  4,  5,  6,  6,    2577401,    2381966,    2381966,    2381966
38,    2509309,     20.0,     20.0,     19.0,     56.0,  4,  5,  6,  6,    2509309,    2509309,    2509309,    2509309
38,    2381966,     18.0,     18.0,     17.0,     49.0,  4,  5,  6,  6,    2381966,    2381966,    2381966,    2381966
38,    2577420,     72.0,     76.0,     71.0,    209.0, 12,  5, 12,  6,     257872,    2509310,    1085684,    2509310
38,    2577438,     50.0,     50.0,     48.0,    137.0,  4,  5,  6,  6,     656698,    2509313,     656698,     656698
38,    2509318,     20.0,     20.0,     20.0,     58.0,  9, 10, 11, 10,    2360219,    2360219,    2360219,    2360219
38,     656698,     35.0,     36.0,     34.0,     97.0,  4,  5,  6,  6,     656698,     656698,     656698,     656698
38,    2509326,     31.0,     32.0,     30.0,     86.0,  4,  5,  6,  6,     656703,     656703,     656703,     656703
38,    2509332,     26.0,     26.0,     25.0,     71.0,  4,  5,  6,  6,    2509332,    2509332,    2509332,    2509332
38,    2076943,     15.0,     16.0,     15.0,     43.0,  4,  5,  6,  6,    2076943,    2076943,    2076943,    2076943
38,    2509375,     19.0,     20.0,     19.0,     57.0,  9, 10, 11,  9,    2360283,    2360283,    2360283,    2360283
38,    2509370,     58.0,     61.0,     58.0,    185.0, 12, 12, 12, 11,      84686,      84686,      84686,      84686
38,    2509380,     19.0,     19.0,     19.0,     57.0,  9, 10, 11,  9,    2360285,    2360285,    2360285,    2360285
38,    2509381,     19.0,     19.0,     19.0,     58.0,  9, 10, 11,  9,    2360281,    2360281,    2360281,    2360281
38,    2509386,     60.0,     62.0,     60.0,    188.0, 12, 12, 12, 11,      84686,    2360293,      84686,      84686
38,    2509396,     19.0,     19.0,     19.0,     57.0,  9, 10, 11,  9,    2360296,    2360296,    2360296,    2360296
38,    2579046,     20.0,     20.0,     20.0,     59.0,  9, 10, 11,  9,    2360300,    2360300,    2360300,    2360300
38,    2509401,     62.0,     65.0,     62.0,    191.0, 12, 12, 12, 11,      84686,      84686,      84686,    2360293
38,    2509417,     20.0,     20.0,     20.0,     59.0,  9, 10, 11,  9,    2360304,    2360304,    2360304,    2360304
38,    2578144,     15.0,     15.0,     14.0,     41.0,  4,  5,  6,  6,     586707,     586707,     586707,     586707
38,    2578230,     23.0,     23.0,     22.0,     64.0,  4,  5,  6,  6,    2509420,    2509420,    2509420,    2509420
38,    2509425,     16.0,     16.0,     15.0,     44.0,  4,  5,  6,  6,    2509425,    2509425,    2509425,    2509425
38,    2509420,     20.0,     20.0,     19.0,     56.0,  4,  5,  6,  6,    2509420,    2509420,    2509420,    2509420
38,    2509439,     13.0,     13.0,     12.0,     36.0,  4,  5,  6,  6,    2509439,    2509439,    2509439,    2509439
38,    2509464,     19.0,     19.0,     19.0,     57.0,  9, 10, 11,  9,    2360333,    2360333,    2360333,    2360333
38,    2576425,     74.0,     75.0,     70.0,    222.0, 12, 12, 12,  6,      84582,      84582,      84582,    2576425
38,    2575560,     45.0,     45.0,     44.0,    125.0,  4,  5,  6,  6,    2509412,    2509412,     586692,    2509412
39,      46626,     54.0,     56.0,     56.0,    160.0, 12, 12, 11,  9,      84612,      84612,      84612,      84612
39,      46663,     42.0,     41.0,     41.0,    119.0,  9, 12, 12, 11,      84701,      84701,    2277071,    2277071
39,    2381944,     36.0,     37.0,     36.0,    103.0,  4,  5,  6,  4,    2381941,    2381941,    2381941,    2381941
39,    3746327,     38.0,     39.0,     38.0,    107.0,  4,  5,  6,  6,    2381941,    2381941,    2381941,    2381941
39,    2381927,     41.0,     40.0,     42.0,    119.0,  9, 12, 11,  9,      84701,      84701,      84701,      84701
39,    2509288,     20.0,     19.0,     20.0,     58.0,  9, 12, 11,  9,    2277072,    2277072,    2277072,    2277072
39,    2509293,     19.0,     19.0,     19.0,     57.0,  9, 10, 11, 10,    2360204,    2360204,    2360204,    2360204
39,      46660,     71.0,     75.0,     72.0,    228.0, 12, 12, 12,  6,     257872,     257872,     257872,      46660
39,    2580958,     70.0,     74.0,     71.0,    244.0, 12, 12, 12, 10,     257872,    1085684,    1085684,    2405031
39,     586707,      8.0,      8.0,      8.0,     23.0,  4,  5,  6,  5,     586707,     586707,     586707,     586707
39,     586697,     21.0,     20.0,     20.0,     57.0,  4,  5,  6,  6,     586697,     586697,     586697,     586697
39,     653237,     26.0,     25.0,     25.0,     76.0,  9, 10, 11, 10,    1085689,    1085689,    1085689,    1085689
39,    2509353,     24.0,     26.0,     24.0,     68.0,  4,  5,  6,  4,     656714,     656714,     656714,    2509353
39,    2509333,     21.0,     22.0,     21.0,     59.0,  4,  5,  6,  4,     941766,     941766,     941766,    2509333
39,    2509362,     20.0,     21.0,     19.0,     56.0,  4,  5,  6,  4,    2509362,    2509362,    2509362,    2509362
39,    2509338,     22.0,     24.0,     22.0,     64.0,  4,  5,  6,  6,    2509338,     941766,     941766,     941766
39,    2509342,     28.0,     27.0,     28.0,     79.0,  9, 10, 11,  9,    1214497,    1214497,    1214497,    1214497
39,    2509347,     28.0,     27.0,     28.0,     79.0,  9, 10, 11,  9,    1214500,    1214500,    1214500,    1214500
39,    2509351,     27.0,     28.0,     28.0,     79.0, 12, 10,  6,  4,    1214503,    1214503,     656714,    2509351
39,    2509352,     26.0,     28.0,     26.0,     73.0,  4,  5,  6,  6,    2509352,    2509352,     656714,    2509352
39,    2509357,     23.0,     25.0,     23.0,     65.0,  4,  5,  6,  6,    2509357,     941836,     941771,    2509357
39,    2509276,     26.0,     26.0,     26.0,     77.0,  9, 10, 11, 10,    1986388,    1986388,    1986388,    1986388
39,    2509337,     22.0,     23.0,     22.0,     63.0,  4,  5,  6,  6,     941766,    2509337,     941766,     941766
39,    2509340,     28.0,     27.0,     28.0,     81.0,  9, 12, 11,  6,    1529313,    1529313,    1529313,    2509340
39,    2509339,     25.0,     26.0,     25.0,     71.0,  4,  5,  6,  6,     656704,    2509339,     656704,     656704
39,    2575625,     35.0,     36.0,     34.0,     99.0,  4,  5,  6,  4,    2381941,    2381941,    2381941,    2381941
39,    2402032,     21.0,     23.0,     21.0,     60.0,  4,  5,  6,  4,    2402032,    2402032,     941771,    2402032
39,    2509167,     41.0,     41.0,     41.0,    118.0,  9, 10, 11, 10,      84583,      84583,      84583,      84583
39,    2576531,     19.0,     19.0,     19.0,     58.0,  9, 10, 11,  9,    2360156,    2360156,    2360156,    2360156
39,    2509154,     41.0,     41.0,     41.0,    118.0,  9, 10, 11, 10,      84583,      84583,      84583,      84583
39,    2577052,     68.0,     74.0,     70.0,    226.0, 12, 12, 12, 11,      84582,      84582,      84582,      84582
39,    3795218,     68.0,     75.0,     70.0,    227.0, 12, 12, 12, 11,      84582,      84582,      84582,      84582
39,    2577107,     68.0,     75.0,     70.0,    227.0, 12, 12, 12, 11,      84582,      84582,      84582,      84582
39,    2577117,     68.0,     75.0,     70.0,    227.0, 12, 12, 12, 11,      84582,      84582,      84582,      84582
39,    2577127,     69.0,     76.0,     71.0,    229.0, 12, 12, 12, 11,      84582,      84582,      84582,      84582
39,    2577137,     70.0,     77.0,     72.0,    219.0, 12, 12, 12,  6,      84582,      84582,      84582,    2577137
39,    2509239,     41.0,     41.0,     40.0,    119.0, 12, 10, 12, 11,    2360177,    2360177,    2360177,    2360177
39,    2509251,     67.0,     71.0,     68.0,    236.0, 12, 12, 12, 10,     257872,     257872,     257872,    2360180
39,    2509246,     67.0,     71.0,     68.0,    236.0, 12, 12, 12,  9,     257872,     257872,     257872,    2360180
39,    2577231,     67.0,     71.0,     68.0,    239.0, 12, 12, 12, 11,     257872,     257872,     257872,    1085684
39,    2577241,     68.0,     72.0,     69.0,    240.0, 12, 12, 12, 11,     257872,     257872,     257872,    1085684
39,    2509264,     68.0,     72.0,     69.0,    238.0, 12, 12, 12, 10,     257872,     257872,     257872,    2360189
39,    2577340,     69.0,     73.0,     70.0,    243.0, 12, 12, 12, 11,     257872,     257872,     257872,    1085684
39,    2577351,     69.0,     73.0,     70.0,    243.0, 12, 12, 12, 11,     257872,     257872,     257872,    1085684
39,    2577360,     70.0,     74.0,     71.0,    244.0, 12, 12, 12, 11,     257872,     257872,     257872,    1085684
39,     993831,     26.0,     25.0,     26.0,     76.0,  9, 10, 11,  9,    1239481,    1239481,    1239481,    1239481
39,    2577390,     39.0,     40.0,     41.0,    140.0, 12, 12, 12,  9,    2360200,    2360200,    2360200,    2360200
39,    2509281,     39.0,     41.0,     41.0,    120.0, 12, 12, 12,  9,    2360200,    2360200,    2402914,    2402914
39,    2577401,     33.0,     34.0,     33.0,     94.0,  4,  5,  6,  6,    2381941,    2381941,    2381941,    2381966
39,    2509309,     20.0,     20.0,     20.0,     56.0,  4,  5,  6,  6,    2509299,    2509309,    2381966,    2509309
39,    2381966,     17.0,     18.0,     17.0,     50.0,  4,  5,  6,  4,    2381966,    2381966,    2381966,    2381966
39,    2577420,     71.0,     76.0,     73.0,    211.0, 12, 12,  7,  6,     257872,     257872,     941771,    2577420
39,    2577438,     49.0,     51.0,     49.0,    139.0,  4,  5,  6,  6,    2509313,    2577438,     656698,    2509313
39,    2509318,     20.0,     20.0,     20.0,     58.0,  9, 10, 11, 10,    2360219,    2360219,    2360219,    2360219
39,     656698,     35.0,     37.0,     35.0,     99.0,  4,  5,  6,  6,     656698,     656698,     656698,     656698
39,    2509326,     31.0,     33.0,     31.0,     88.0,  4,  5,  6,  6,     656703,     656703,     656703,     656703
39,    2509332,     25.0,     27.0,     25.0,     72.0,  4,  5,  6,  6,    2509332,    2509332,    2509332,    2509332
39,    2076943,     15.0,     16.0,     15.0,     44.0,  4,  5,  6,  4,    2076943,    2076943,    2076943,    2076943
39,    2509375,     19.0,     19.0,     19.0,     57.0,  9, 10, 11,  9,    2360283,    2360283,    2360283,    2360283
39,    2509370,     59.0,     60.0,     58.0,    184.0, 12, 12, 12,  9,      84686,      84686,      84686,      84686
39,    2509380,     19.0,     19.0,     19.0,     57.0,  9, 10, 11,  9,    2360285,    2360285,    2360285,    2360285
39,    2509381,     19.0,     19.0,     19.0,     58.0,  9, 10, 11,  9,    2360281,    2360281,    2360281,    2360281
39,    2509386,     61.0,     62.0,     60.0,    186.0, 12, 12, 12, 10,      84686,      84686,      84686,    2360293
39,    2509396,     19.0,     19.0,     19.0,     57.0,  9, 10, 11,  9,    2360296,    2360296,    2360296,    2360296
39,    2579046,     20.0,     20.0,     20.0,     59.0,  9, 10, 11,  9,    2360300,    2360300,    2360300,    2360300
39,    2509401,     63.0,     64.0,     62.0,    189.0, 12, 12, 12, 10,      84686,      84686,    2360293,    2360293
39,    2509417,     20.0,     20.0,     20.0,     59.0,  9, 10, 11,  9,    2360304,    2360304,    2360304,    2360304
39,    2578144,     14.0,     14.0,     14.0,     40.0,  4,  5,  6,  5,     586707,     586707,     586707,     586707
39,    2578230,     23.0,     22.0,     22.0,     64.0,  4,  5,  6,  5,    2509420,    2509420,    2509420,    2509420
39,    2509425,     15.0,     15.0,     15.0,     43.0,  4,  5,  6,  6,    2509425,    2509425,    2509425,    2509425
39,    2509420,     20.0,     19.0,     19.0,     55.0,  4,  5,  6,  6,    2509420,    2509420,    2509420,    2509420
39,    2509439,     13.0,     12.0,     12.0,     36.0,  4,  5,  6,  5,    2509434,    2509439,    2509439,    2509439
39,    2509464,     19.0,     19.0,     19.0,     57.0,  9, 10, 11,  9,    2360333,    2360333,    2360333,    2360333
39,    2576425,     70.0,     77.0,     72.0,    221.0, 12, 12, 12,  6,      84582,      84582,      84582,    2576425
39,    2575560,     44.0,     44.0,     43.0,    124.0,  4,  5,  6,  6,    2509412,     586692,     586692,     586692
40,      46626,     55.0,     56.0,     55.0,    161.0, 12, 12, 12,  9,      84612,      84612,      84612,      84612
40,      46663,     41.0,     41.0,     42.0,    119.0, 12, 12, 11, 11,      84701,      84701,    2277071,    2277071
40,    2381944,     36.0,     36.0,     35.0,    101.0,  4,  5,  6,  6,    2381941,    2381941,    2381941,    2381941
40,    3746327,     37.0,     38.0,     37.0,    105.0,  4,  5,  6,  6,    2381941,    2381941,    2381941,    2381941
40,    2381927,     41.0,     40.0,     42.0,    119.0,  9, 12, 11,  9,      84701,      84701,      84701,      84701
40,    2509288,     20.0,     20.0,     20.0,     58.0,  9, 10, 11,  9,    2277072,    2277072,    2277072,    2277072
40,    2509293,     19.0,     19.0,     19.0,     58.0,  9, 10, 11,  9,    2360204,    2360204,    2360204,    2360204
40,      46660,     71.0,     74.0,     73.0,    224.0, 12, 12, 12,  6,     257872,     257872,     257872,      46660
40,    2580958,     71.0,     74.0,     72.0,    241.0, 12, 12, 12, 11,     257872,     257872,     257872,    1085684
40,     586707,      8.0,      8.0,      8.0,     23.0,  4,  5,  6,  5,     586707,     586707,     586707,     586707
40,     586697,     21.0,     20.0,     20.0,     57.0,  4,  5,  6,  5,     586697,     586697,     586697,     586697
40,     653237,     26.0,     25.0,     25.0,     76.0,  9, 10, 11, 10,    1085689,    1085689,    1085689,    1085689
40,    2509353,     24.0,     25.0,     23.0,     66.0,  4,  5,  6,  6,     656714,     656714,    2509353,    2509353
40,    2509333,     21.0,     21.0,     20.0,     58.0,  4,  5,  6,  6,     941766,     941766,     941766,    2509333
40,    2509362,     19.0,     20.0,     19.0,     55.0,  4,  5,  6,  6,    2509362,    2509362,    2509362,    2509362
40,    2509338,     22.0,     23.0,     22.0,     63.0,  4,  5,  6,  6,     941766,     941766,     941766,     941766
40,    2509342,     28.0,     27.0,     28.0,     79.0,  9, 10, 11,  9,    1214497,    1214497,    1214497,    1214497
40,    2509347,     28.0,     27.0,     28.0,     79.0,  9, 10, 11,  9,    1214500,    1214500,    1214500,    1214500
40,    2509351,     27.0,     28.0,     27.0,     78.0, 12, 10,  6,  6,    1214503,    1214503,    2509351,    2509351
40,    2509352,     26.0,     27.0,     25.0,     72.0,  4,  5,  6,  6,     656714,     941826,    2509352,    2509352
40,    2509357,     23.0,     24.0,     22.0,     64.0,  4,  5,  6,  6,     941771,     941836,    2509357,    2509357
40,    2509276,     26.0,     26.0,     26.0,     77.0,  9, 10, 11, 10,    1986388,    1986388,    1986388,    1986388
40,    2509337,     22.0,     23.0,     21.0,     62.0,  4,  5,  6,  6,     941766,     941766,    2509337,     941766
40,    2509340,     28.0,     27.0,     28.0,     80.0, 12, 12,  6,  6,    1529313,    1529313,     656704,    2509340
40,    2509339,     25.0,     26.0,     24.0,     70.0,  4,  5,  6,  6,     656704,     656704,    2509339,     656704
40,    2575625,     34.0,     35.0,     34.0,     97.0,  4,  5,  6,  6,    2381941,    2381941,    2381941,    2381941
40,    2402032,     21.0,     22.0,     20.0,     59.0,  4,  5,  6,  6,     941771,    2402032,    2402032,    2402032
40,    2509167,     41.0,     40.0,     41.0,    118.0,  9, 12, 11, 10,      84583,      84583,      84583,      84583
40,    2576531,     19.0,     19.0,     19.0,     58.0,  9, 10, 11,  9,    2360156,    2360156,    2360156,    2360156
40,    2509154,     41.0,     41.0,     41.0,    118.0,  9, 10, 11, 10,      84583,      84583,      84583,      84583
40,    2577052,     69.0,     75.0,     69.0,    228.0, 12, 12, 12, 11,      84582,      84582,      84582,      84582
40,    3795218,     69.0,     75.0,     69.0,    229.0, 12, 12, 12, 11,      84582,      84582,      84582,      84582
40,    2577107,     69.0,     75.0,     69.0,    229.0, 12, 12, 12, 11,      84582,      84582,      84582,      84582
40,    2577117,     69.0,     75.0,     69.0,    229.0, 12, 12, 12, 11,      84582,      84582,      84582,      84582
40,    2577127,     70.0,     77.0,     70.0,    231.0, 12, 12, 12, 11,      84582,      84582,      84582,      84582
40,    2577137,     71.0,     77.0,     71.0,    222.0, 12, 12, 12,  6,      84582,      84582,      84582,    1273405
40,    2509239,     40.0,     40.0,     41.0,    120.0, 12, 12, 12,  9,    2360177,    2360177,    2360177,    2360177
40,    2509251,     67.0,     70.0,     68.0,    235.0, 12, 12, 12, 11,     257872,     257872,    1085684,    1085684
40,    2509246,     67.0,     70.0,     68.0,    235.0, 12, 12, 12, 11,     257872,     257872,    1085684,     257872
40,    2577231,     67.0,     70.0,     69.0,    235.0, 12, 12, 12, 11,     257872,     257872,     257872,    1085684
40,    2577241,     68.0,     71.0,     69.0,    237.0, 12, 12, 12,  9,     257872,     257872,     257872,     257872
40,    2509264,     68.0,     71.0,     70.0,    237.0, 12, 12, 12, 11,     257872,     257872,     257872,    1085684
40,    2577340,     70.0,     72.0,     71.0,    239.0, 12, 12, 12, 11,     257872,    1085684,     257872,    1085684
40,    2577351,     70.0,     73.0,     71.0,    240.0, 12, 12, 12,  9,     257872,     257872,     257872,     257872
40,    2577360,     70.0,     73.0,     72.0,    240.0, 12, 12, 12, 11,     257872,     257872,     257872,    1085684
40,     993831,     26.0,     26.0,     26.0,     77.0,  9, 10, 11,  9,    1239481,    1239481,    1239481,    1239481
40,    2577390,     39.0,     41.0,     40.0,    137.0, 12, 12, 12, 11,    2360200,    2360200,    2360200,    2360200
40,    2509281,     40.0,     41.0,     41.0,    119.0, 12, 12, 12, 11,    2360200,    2360200,    2360200,    2402914
40,    2577401,     32.0,     33.0,     32.0,     92.0,  4,  5,  6,  6,    2577401,    2381966,    2381966,    2381966
40,    2509309,     19.0,     20.0,     19.0,     55.0,  4,  5,  6,  6,    2509309,    2381966,    2509309,    2509309
40,    2381966,     17.0,     17.0,     17.0,     49.0,  4,  5,  6,  6,    2381966,    2381966,    2381966,    2381966
40,    2577420,     72.0,     75.0,     73.0,    207.0, 12,  5,  6,  6,     257872,    2577420,    2509310,    2577420
40,    2577438,     49.0,     50.0,     48.0,    137.0,  4,  5,  6,  6,     656698,    2509313,     656698,    2509313
40,    2509318,     20.0,     20.0,     20.0,     59.0,  9, 10, 11,  9,    2360219,    2360219,    2360219,    2360219
40,     656698,     35.0,     36.0,     34.0,     98.0,  4,  5,  6,  6,     656698,     656698,     656698,     656698
40,    2509326,     31.0,     32.0,     30.0,     87.0,  4,  5,  6,  6,     656703,     656703,     656703,     656703
40,    2509332,     25.0,     26.0,     25.0,     71.0,  4,  5,  6,  6,    2509332,    2509332,    2509332,    2509332
40,    2076943,     15.0,     16.0,     15.0,     43.0,  4,  5,  6,  6,    2076943,    2076943,    2076943,    2076943
40,    2509375,     19.0,     20.0,     19.0,     57.0,  9, 10, 11,  9,    2360283,    2360283,    2360283,    2360283
40,    2509370,     59.0,     60.0,     58.0,    183.0, 12, 12, 12, 10,      84686,      84686,      84686,      84686
40,    2509380,     19.0,     19.0,     19.0,     57.0,  9, 10, 11,  9,    2360285,    2360285,    2360285,    2360285
40,    2509381,     19.0,     19.0,     19.0,     58.0,  9, 10, 11,  9,    2360281,    2360281,    2360281,    2360281
40,    2509386,     61.0,     62.0,     60.0,    185.0, 12, 12, 12, 10,      84686,      84686,      84686,    2360293
40,    2509396,     19.0,     19.0,     19.0,     57.0,  9, 10, 11,  9,    2360296,    2360296,    2360296,    2360296
40,    2579046,     20.0,     20.0,     20.0,     59.0,  9, 10, 11,  9,    2360300,    2360300,    2360300,    2360300
40,    2509401,     63.0,     64.0,     62.0,    189.0, 12, 12, 12, 10,      84686,      84686,      84686,    2360293
40,    2509417,     20.0,     20.0,     20.0,     59.0,  9, 10, 11,  9,    2360304,    2360304,    2360304,    2360304
40,    2578144,     14.0,     14.0,     14.0,     40.0,  4,  5,  6,  5,     586707,     586707,     586707,     586707
40,    2578230,     23.0,     22.0,     22.0,     63.0,  4,  5,  6,  5,    2509420,    2509420,    2509420,    2509420
40,    2509425,     15.0,     15.0,     15.0,     43.0,  4,  5,  6,  5,    2509425,    2509425,    2509425,    2509425
40,    2509420,     20.0,     19.0,     19.0,     55.0,  4,  5,  6,  5,    2509420,    2509420,    2509420,    2509420
40,    2509439,     13.0,     12.0,     12.0,     36.0,  4,  5,  6,  5,    2509434,    2509439,    2509439,    2509439
40,    2509464,     19.0,     19.0,     19.0,     57.0,  9, 10, 11,  9,    2360333,    2360333,    2360333,    2360333
40,    2576425,     71.0,     77.0,     71.0,    223.0, 12, 12, 12,  6,      84582,      84582,      84582,    2576425
40,    2575560,     44.0,     43.0,     43.0,    123.0,  4,  5,  6,  6,    2509412,     586692,     586692,     586692
41,      46626,     55.0,     56.0,     55.0,    161.0, 12, 12, 12,  9,      84612,      84612,      84612,      84612
41,      46663,     42.0,     41.0,     41.0,    117.0,  4, 12,  6,  6,      46663,      84701,      46663,      46663
41,    2381944,     35.0,     35.0,     34.0,     97.0,  4,  5,  6,  6,    2381941,    2381941,    2381941,    2381941
41,    3746327,     36.0,     36.0,     35.0,    101.0,  4,  5,  6,  6,    2381941,    2381941,    2381941,    2381941
41,    2381927,     41.0,     40.0,     42.0,    120.0,  9, 12, 11,  9,      84701,      84701,      84701,      84701
41,    2509288,     20.0,     20.0,     20.0,     58.0,  9, 10, 11,  9,    2277072,    2277072,    2277072,    2277072
41,    2509293,     19.0,     19.0,     19.0,     58.0,  9, 10, 11,  9,    2360204,    2360204,    2360204,    2360204
41,      46660,     73.0,     74.0,     72.0,    216.0, 12, 12, 12,  6,     257872,     257872,     257872,      46660
41,    2580958,     72.0,     73.0,     72.0,    234.0, 12, 12, 12, 11,     257872,     257872,     257872,     257872
41,     586707,      8.0,      8.0,      8.0,     23.0,  4,  5,  6,  5,     586707,     586707,     586707,     586707
41,     586697,     21.0,     20.0,     20.0,     58.0,  4,  5,  6,  5,     586697,     586697,     586697,     586697
41,     653237,     26.0,     25.0,     25.0,     76.0,  9, 10, 11, 10,    1085689,    1085689,    1085689,    1085689
41,    2509353,     23.0,     23.0,     22.0,     63.0,  4,  5,  6,  6,     656714,    2509353,     656714,    2509353
41,    2509333,     20.0,     20.0,     19.0,     55.0,  4,  5,  6,  6,     941766,     941766,     941766,     941766
41,    2509362,     19.0,     19.0,     18.0,     52.0,  4,  5,  6,  6,    2509362,    2509362,    2509362,    2509362
41,    2509338,     21.0,     22.0,     21.0,     59.0,  4,  5,  6,  6,    2509338,     941766,     941766,    2509338
41,    2509342,     28.0,     28.0,     27.0,     78.0,  4, 10,  6,  6,    2509342,    1214497,    2509342,    2509342
41,    2509347,     28.0,     28.0,     27.0,     78.0,  4, 10,  6,  6,    2509347,    1214500,    2509347,    2509347
41,    2509351,     27.0,     27.0,     26.0,     74.0,  4,  5,  6,  6,    2509351,    2509351,     656714,    2509351
41,    2509352,     25.0,     25.0,     24.0,     69.0,  4,  5,  6,  6,    2509352,    2509352,    2509352,    2509352
41,    2509357,     22.0,     23.0,     21.0,     61.0,  4,  5,  6,  6,    2509357,     941771,    2509357,    2509357
41,    2509276,     26.0,     26.0,     26.0,     78.0,  9, 10, 11,  9,    1986388,    1986388,    1986388,    1986388
41,    2509337,     21.0,     21.0,     20.0,     58.0,  4,  5,  6,  6,     941766,    2509337,     941766,    2509337
41,    2509340,     27.0,     28.0,     27.0,     76.0,  4,  5,  6,  6,    2509340,     656704,     656704,    2509340
41,    2509339,     24.0,     24.0,     23.0,     66.0,  4,  5,  6,  6,     656704,     656704,     656704,    2509339
41,    2575625,     33.0,     33.0,     32.0,     93.0,  4,  5,  6,  6,    2381941,    2381941,    2381941,    2381941
41,    2402032,     20.0,     21.0,     19.0,     56.0,  4,  5,  6,  6,    2402032,     941771,    2402032,    2402032
41,    2509167,     41.0,     41.0,     41.0,    118.0,  9, 10, 11,  9,      84583,      84583,      84583,      84583
41,    2576531,     19.0,     19.0,     19.0,     58.0,  9, 10, 11,  9,    2360156,    2360156,    2360156,    2360156
41,    2509154,     41.0,     41.0,     41.0,    118.0,  9, 10, 11, 10,      84583,      84583,      84583,    2360152
41,    2577052,     71.0,     72.0,     69.0,    226.0, 12, 12, 12, 11,      84582,      84582,      84582,      84582
41,    3795218,     71.0,     73.0,     69.0,    226.0, 12, 12, 12, 11,      84582,      84582,      84582,      84582
41,    2577107,     71.0,     73.0,     69.0,    226.0, 12, 12, 12, 11,      84582,      84582,      84582,      84582
41,    2577117,     71.0,     73.0,     70.0,    227.0, 12, 12, 12, 11,      84582,      84582,      84582,      84582
41,    2577127,     72.0,     74.0,     71.0,    228.0, 12, 12, 12, 11,      84582,      84582,      84582,      84582
41,    2577137,     73.0,     75.0,     71.0,    219.0, 12, 12, 12,  6,      84582,      84582,      84582,    2577137
41,    2509239,     40.0,     41.0,     41.0,    120.0, 12, 12, 12,  9,    2360177,    2360177,    2360177,    2360177
41,    2509251,     69.0,     69.0,     68.0,    228.0, 12, 12, 12, 11,     257872,    1085684,     257872,     257872
41,    2509246,     68.0,     69.0,     68.0,    228.0, 12, 12, 12, 11,     257872,    1085684,     257872,     257872
41,    2577231,     69.0,     70.0,     68.0,    228.0, 12, 12, 12, 11,     257872,     257872,     257872,     257872
41,    2577241,     69.0,     70.0,     69.0,    229.0, 12, 12, 12, 11,     257872,    1085684,     257872,     257872
41,    2509264,     70.0,     71.0,     69.0,    230.0, 12, 12, 12, 11,     257872,     257872,     257872,     257872
41,    2577340,     71.0,     72.0,     70.0,    232.0, 12, 12, 12, 11,     257872,     257872,    1085684,     257872
41,    2577351,     71.0,     72.0,     71.0,    232.0, 12, 12, 12, 11,     257872,     257872,     257872,     257872
41,    2577360,     72.0,     73.0,     71.0,    233.0, 12, 12, 12, 11,     257872,     257872,     257872,     257872
41,     993831,     26.0,     26.0,     26.0,     77.0,  9, 10, 11,  9,    1239481,    1239481,    1239481,    1239481
41,    2577390,     40.0,     41.0,     40.0,    132.0, 12, 12, 12, 11,    2360200,    2360200,    2360200,    2360200
41,    2509281,     41.0,     41.0,     41.0,    120.0, 12, 12, 12,  9,    2360200,    2360200,    2360200,    2402914
41,    2577401,     32.0,     32.0,     31.0,     89.0,  4,  5,  6,  6,    2381941,    2381941,    2381941,    2381966
41,    2509309,     19.0,     19.0,     18.0,     53.0,  4,  5,  6,  6,    2509309,    2509309,    2509309,    2509309
41,    2381966,     17.0,     17.0,     16.0,     47.0,  4,  5,  6,  6,    2381966,    2381966,    2381966,    2381966
41,    2577420,     72.0,     72.0,     70.0,    199.0,  4,  5,  6,  6,    2509310,    2509310,     656698,    2509310
41,    2577438,     47.0,     48.0,     46.0,    131.0,  4,  5,  6,  6,    2509313,     656698,     656698,     656698
41,    2509318,     20.0,     20.0,     20.0,     59.0,  9, 10, 11,  9,    2360219,    2360219,    2360219,    2360219
41,     656698,     34.0,     34.0,     32.0,     93.0,  4,  5,  6,  6,     656698,     656698,     656698,     656698
41,    2509326,     30.0,     30.0,     29.0,     82.0,  4,  5,  6,  6,     656703,     656703,     656703,     656703
41,    2509332,     24.0,     25.0,     24.0,     67.0,  4,  5,  6,  6,    2509332,    2509332,    2509332,    2509332
41,    2076943,     15.0,     15.0,     14.0,     41.0,  4,  5,  6,  6,    2076943,    2076943,    2076943,    2076943
41,    2509375,     19.0,     19.0,     19.0,     57.0,  9, 10, 11,  9,    2360283,    2360283,    2360283,    2360283
41,    2509370,     59.0,     59.0,     59.0,    185.0, 12, 12, 12,  9,      84686,      84686,      84686,      84686
41,    2509380,     19.0,     19.0,     19.0,     57.0,  9, 10, 11,  9,    2360285,    2360285,    2360285,    2360285
41,    2509381,     19.0,     19.0,     20.0,     58.0,  9, 10, 11,  9,    2360281,    2360281,    2360281,    2360281
41,    2509386,     61.0,     61.0,     61.0,    187.0, 12, 12, 12, 10,      84686,    2360293,      84686,    2360293
41,    2509396,     19.0,     19.0,     19.0,     57.0,  9, 10, 11,  9,    2360296,    2360296,    2360296,    2360296
41,    2579046,     20.0,     20.0,     20.0,     59.0,  9, 10, 11,  9,    2360300,    2360300,    2360300,    2360300
41,    2509401,     63.0,     64.0,     63.0,    190.0, 12, 12, 12, 10,      84686,      84686,      84686,    2360293
41,    2509417,     20.0,     20.0,     20.0,     59.0,  9, 10, 11,  9,    2360304,    2360304,    2360304,    2360304
41,    2578144,     14.0,     14.0,     14.0,     40.0,  4,  5,  6,  5,     586707,     586707,     586707,     586707
41,    2578230,     23.0,     22.0,     22.0,     64.0,  4,  5,  6,  5,    2509420,    2509420,    2578230,    2509420
41,    2509425,     15.0,     15.0,     15.0,     44.0,  4,  5,  6,  5,    2509425,    2509425,    2509425,    2509425
41,    2509420,     20.0,     19.0,     20.0,     56.0,  4,  5,  6,  5,    2509420,    2509420,    2509420,    2509420
41,    2509439,     13.0,     12.0,     13.0,     36.0,  4,  5,  6,  5,    2509434,    2509439,    2509434,    2509439
41,    2509464,     19.0,     19.0,     19.0,     57.0,  9, 10, 11,  9,    2360333,    2360333,    2360333,    2360333
41,    2576425,     73.0,     75.0,     71.0,    221.0, 12, 12, 12,  6,      84582,      84582,      84582,    2576425
41,    2575560,     44.0,     44.0,     44.0,    125.0,  4,  5,  6,  5,    2509412,     586692,     586692,     586692
42,      46626,     55.0,     56.0,     55.0,    161.0, 12, 10, 12,  9,      84612,      84612,      84612,      84612
42,      46663,     41.0,     41.0,     41.0,    116.0,  4,  5, 12,  4,      46663,      46663,    2277071,      46663
42,    2381944,     34.0,     34.0,     35.0,     97.0,  4,  5,  6,  4,    2381941,    2381941,    2381941,    2381941
42,    3746327,     35.0,     36.0,     37.0,    101.0,  4,  5,  6,  4,    2381941,    2381941,    2381941,    2381941
42,    2381927,     41.0,     40.0,     42.0,    120.0,  9, 12, 11,  9,      84701,      84701,      84701,      84701
42,    2509288,     20.0,     20.0,     20.0,     58.0,  9, 10, 11,  9,    2277072,    2277072,    2277072,    2277072
42,    2509293,     19.0,     19.0,     19.0,     58.0,  9, 10, 11,  9,    2360204,    2360204,    2360204,    2360204
42,      46660,     73.0,     70.0,     76.0,    216.0, 12, 12, 12,  4,     257872,     257872,     257872,      46660
42,    2580958,     72.0,     69.0,     75.0,    234.0, 12, 12, 12,  4,     257872,     257872,    1085684,      46660
42,     586707,      8.0,      8.0,      8.0,     23.0,  4,  5,  6,  5,     586707,     586707,     586707,     586707
42,     586697,     21.0,     20.0,     20.0,     57.0,  4,  5,  6,  5,     586697,     586697,     586697,     586697
42,     653237,     26.0,     25.0,     25.0,     76.0,  9, 10, 11, 10,    1085689,    1085689,    1085689,    1085689
42,    2509353,     22.0,     23.0,     23.0,     64.0,  4,  5,  6,  4,    2509353,    2509353,    2509353,    2509353
42,    2509333,     19.0,     20.0,     20.0,     55.0,  4,  5,  6,  4,     941766,     941766,     941766,    2509333
42,    2509362,     18.0,     19.0,     19.0,     53.0,  4,  5,  6,  4,    2509362,    2509362,    2509362,    2509362
42,    2509338,     21.0,     21.0,     22.0,     60.0,  4,  5,  6,  4,     941766,    2509338,     941766,     941766
42,    2509342,     27.0,     28.0,     28.0,     79.0,  4,  5, 11,  4,    2509342,    2509342,    1214497,    2509342
42,    2509347,     27.0,     28.0,     28.0,     79.0,  4,  5, 11,  4,    2509347,    2509347,    1214500,    2509347
42,    2509351,     26.0,     27.0,     27.0,     74.0,  4,  5,  6,  4,    2509351,    2509351,    2509351,    2509351
42,    2509352,     24.0,     25.0,     25.0,     69.0,  4,  5,  6,  4,    2509352,    2509352,    2509352,    2509352
42,    2509357,     21.0,     22.0,     22.0,     62.0,  4,  5,  6,  4,    2509357,    2509357,    2509357,    2509357
42,    2509276,     26.0,     26.0,     26.0,     77.0,  9, 10, 11, 11,    1986388,    1986388,    1986388,    1986388
42,    2509337,     20.0,     21.0,     21.0,     59.0,  4,  5,  6,  4,    2509337,     941766,    2509337,     941766
42,    2509340,     27.0,     28.0,     28.0,     77.0,  4,  5,  6,  4,     656704,     656704,     656704,    2509340
42,    2509339,     23.0,     24.0,     24.0,     66.0,  4,  5,  6,  4,     656704,     656704,     656704,    2509339
42,    2575625,     32.0,     33.0,     34.0,     93.0,  4,  5,  6,  4,    2381941,    2381941,    2381941,    2381941
42,    2402032,     20.0,     21.0,     20.0,     56.0,  4,  5,  6,  4,     941771,     941771,    2402032,    2402032
42,    2509167,     41.0,     41.0,     40.0,    118.0,  9, 10, 12, 11,      84583,      84583,      84583,      84583
42,    2576531,     19.0,     20.0,     19.0,     58.0,  9, 10, 11,  9,    2360156,    2360156,    2360156,    2360156
42,    2509154,     41.0,     41.0,     40.0,    118.0,  9, 10, 12, 10,      84583,      84583,      84583,    2360152
42,    2577052,     69.0,     72.0,     72.0,    230.0, 12, 12, 12,  9,      84582,      84582,      84582,      84582
42,    3795218,     69.0,     72.0,     72.0,    231.0, 12, 12, 12,  9,      84582,      84582,      84582,      84582
42,    2577107,     69.0,     72.0,     72.0,    231.0, 12, 12, 12,  9,      84582,      84582,      84582,      84582
42,    2577117,     69.0,     72.0,     72.0,    231.0, 12, 12, 12,  9,      84582,      84582,      84582,      84582
42,    2577127,     70.0,     73.0,     73.0,    233.0, 12, 12, 12,  9,      84582,      84582,      84582,      84582
42,    2577137,     71.0,     74.0,     74.0,    223.0, 12, 12, 12,  4,      84582,      84582,      84582,    1273419
42,    2509239,     40.0,     40.0,     42.0,    120.0, 12, 12, 12,  9,    2360177,    2360177,    2360177,    2360177
42,    2509251,     68.0,     66.0,     72.0,    228.0, 12, 12, 12,  9,     257872,     257872,     257872,     257872
42,    2509246,     68.0,     66.0,     72.0,    228.0, 12, 12, 12,  9,     257872,     257872,     257872,     257872
42,    2577231,     68.0,     66.0,     72.0,    228.0, 12, 12, 12,  9,     257872,     257872,     257872,     257872
42,    2577241,     69.0,     67.0,     73.0,    229.0, 12, 12, 12,  9,     257872,     257872,     257872,     257872
42,    2509264,     70.0,     67.0,     73.0,    230.0, 12, 12, 12,  9,     257872,     257872,     257872,     257872
42,    2577340,     71.0,     68.0,     74.0,    232.0, 12, 12, 12,  9,     257872,     257872,     257872,     257872
42,    2577351,     71.0,     68.0,     74.0,    232.0, 12, 12, 12,  9,     257872,    1085684,    1085684,     257872
42,    2577360,     72.0,     69.0,     75.0,    233.0, 12, 12, 12,  9,     257872,     257872,     257872,     257872
42,     993831,     26.0,     26.0,     26.0,     77.0,  9, 10, 11, 11,    1239481,    1239481,    1239481,    1239481
42,    2577390,     41.0,     41.0,     39.0,    129.0, 12, 12, 12, 11,    2360200,    2360200,    2360200,    2360200
42,    2509281,     41.0,     42.0,     40.0,    119.0, 12, 12, 12, 11,    2360200,    2360200,    2360200,    2402914
42,    2577401,     31.0,     31.0,     32.0,     89.0,  4,  5,  6,  4,    2381941,    2381966,    2381966,    2381966
42,    2509309,     18.0,     19.0,     19.0,     53.0,  4,  5,  6,  4,    2509309,    2381966,    2509309,    2509309
42,    2381966,     16.0,     16.0,     17.0,     47.0,  4,  5,  6,  4,    2381966,    2381966,    2381966,    2381966
42,    2577420,     70.0,     70.0,     73.0,    199.0,  4, 12,  6,  4,    2509310,    1085684,    2509310,    2577420
42,    2577438,     46.0,     47.0,     48.0,    131.0,  4,  5,  6,  4,     656698,    2509313,     656698,    2509313
42,    2509318,     20.0,     20.0,     20.0,     59.0,  9, 10, 11,  9,    2360219,    2360219,    2360219,    2360219
42,     656698,     33.0,     34.0,     34.0,     93.0,  4,  5,  6,  4,     656698,     656698,     656698,     656698
42,    2509326,     29.0,     30.0,     30.0,     83.0,  4,  5,  6,  4,     656703,     656703,     656703,     656703
42,    2509332,     24.0,     25.0,     25.0,     68.0,  4,  5,  6,  4,    2509332,    2509332,    2509332,    2509332
42,    2076943,     14.0,     15.0,     15.0,     41.0,  4,  5,  6,  4,    2076943,    2076943,    2076943,    2076943
42,    2509375,     19.0,     20.0,     19.0,     57.0,  9, 10, 11,  9,    2360283,    2360283,    2360283,    2360283
42,    2509370,     59.0,     60.0,     58.0,    183.0, 12, 12, 12, 10,      84686,      84686,      84686,      84686
42,    2509380,     19.0,     19.0,     19.0,     57.0,  9, 10, 11,  9,    2360285,    2360285,    2360285,    2360285
42,    2509381,     19.0,     19.0,     19.0,     58.0,  9, 10, 11,  9,    2360281,    2360281,    2360281,    2360281
42,    2509386,     61.0,     61.0,     60.0,    185.0, 12, 12, 12, 10,      84686,    2360293,      84686,    2360293
42,    2509396,     19.0,     19.0,     19.0,     57.0,  9, 10, 11,  9,    2360296,    2360296,    2360296,    2360296
42,    2579046,     20.0,     20.0,     20.0,     59.0,  9, 10, 11,  9,    2360300,    2360300,    2360300,    2360300
42,    2509401,     63.0,     64.0,     62.0,    188.0, 12, 12, 12, 10,      84686,      84686,      84686,    2360293
42,    2509417,     20.0,     20.0,     20.0,     59.0,  9, 10, 11,  9,    2360304,    2360304,    2360304,    2360304
42,    2578144,     14.0,     14.0,     14.0,     39.0,  4,  5,  6,  5,     586707,     586707,     586707,     586707
42,    2578230,     23.0,     22.0,     22.0,     63.0,  4,  5,  6,  5,    2509420,    2509420,    2509420,    2509420
42,    2509425,     15.0,     15.0,     15.0,     43.0,  4,  5,  6,  5,    2509425,    2509425,    2509425,    2509425
42,    2509420,     20.0,     19.0,     19.0,     55.0,  4,  5,  6,  5,    2509420,    2509420,    2509420,    2509420
42,    2509439,     13.0,     12.0,     12.0,     35.0,  4,  5,  6,  5,    2509439,    2509439,    2509439,    2509439
42,    2509464,     19.0,     19.0,     19.0,     57.0,  9, 10, 11,  9,    2360333,    2360333,    2360333,    2360333
42,    2576425,     71.0,     74.0,     74.0,    225.0, 12, 12, 12,  4,      84582,      84582,      84582,    1273410
42,    2575560,     44.0,     43.0,     43.0,    122.0,  4,  5,  6,  5,    2509412,     586692,     586692,     586692
43,      46626,     55.0,     55.0,     56.0,    161.0, 12, 12, 12,  9,      84612,      84612,      84612,      84612
43,      46663,     41.0,     41.0,     41.0,    119.0, 12, 12, 12, 11,      84701,      84701,    2277071,    2277071
43,    2381944,     36.0,     36.0,     37.0,    102.0,  4,  5,  6,  4,    2381941,    2381941,    2381941,    2381941
43,    3746327,     37.0,     38.0,     38.0,    107.0,  4,  5,  6,  4,    2381941,    2381941,    2381941,    2381941
43,    2381927,     41.0,     40.0,     42.0,    119.0,  9, 12, 11,  9,      84701,      84701,      84701,      84701
43,    2509288,     20.0,     20.0,     20.0,     58.0,  9, 10, 11,  9,    2277072,    2277072,    2277072,    2277072
43,    2509293,     19.0,     19.0,     19.0,     58.0,  9, 10, 11,  9,    2360204,    2360204,    2360204,    2360204
43,      46660,     72.0,     72.0,     74.0,    227.0, 12, 12, 12,  4,     257872,     257872,     257872,      46660
43,    2580958,     71.0,     72.0,     73.0,    244.0, 12, 12, 12, 10,     257872,     257872,    1085684,    2405031
43,     586707,      8.0,      8.0,      8.0,     23.0,  4,  5,  6,  5,     586707,     586707,     586707,     586707
43,     586697,     20.0,     20.0,     20.0,     57.0,  4,  5,  6,  6,     586697,     586697,     586697,     586697
43,     653237,     26.0,     25.0,     25.0,     76.0,  9, 10, 11, 10,    1085689,    1085689,    1085689,    1085689
43,    2509353,     24.0,     25.0,     24.0,     67.0,  4,  5,  6,  4,     656714,    2509353,     656714,    2509353
43,    2509333,     20.0,     21.0,     21.0,     59.0,  4,  5,  6,  4,    2509333,    2509333,     941766,     941766
43,    2509362,     19.0,     21.0,     20.0,     56.0,  4,  5,  6,  4,    2509362,    2509362,    2509362,    2509362
43,    2509338,     22.0,     23.0,     22.0,     63.0,  4,  5,  6,  4,     941766,     941766,    2509338,    2509338
43,    2509342,     28.0,     27.0,     28.0,     79.0,  9, 10, 11,  9,    1214497,    1214497,    1214497,    1214497
43,    2509347,     28.0,     27.0,     28.0,     79.0,  9, 10, 11,  9,    1214500,    1214500,    1214500,    1214500
43,    2509351,     27.0,     29.0,     28.0,     79.0, 12,  5,  6,  4,    1214503,    2509351,    2509351,    2509351
43,    2509352,     26.0,     27.0,     26.0,     73.0,  4,  5,  6,  4,     656714,    2509352,    2509352,    2509352
43,    2509357,     23.0,     24.0,     23.0,     65.0,  4,  5,  6,  4,     941771,    2509357,    2509357,    2509357
43,    2509276,     26.0,     26.0,     26.0,     77.0,  9, 10, 11, 10,    1986388,    1986388,    1986388,    1986388
43,    2509337,     22.0,     23.0,     22.0,     62.0,  4,  5,  6,  4,     941766,     941766,     941766,    2509337
43,    2509340,     28.0,     27.0,     28.0,     81.0,  4, 12, 11,  4,    2509340,    1529313,    1529313,    2509340
43,    2509339,     25.0,     26.0,     25.0,     70.0,  4,  5,  6,  4,     656704,     656704,     656704,    2509339
43,    2575625,     34.0,     35.0,     35.0,     98.0,  4,  5,  6,  4,    2381941,    2381941,    2381941,    2381941
43,    2402032,     21.0,     22.0,     21.0,     60.0,  4,  5,  6,  4,     941771,    2402032,    2402032,    2402032
43,    2509167,     40.0,     41.0,     40.0,    118.0, 12, 12, 12, 11,      84583,      84583,      84583,      84583
43,    2576531,     19.0,     20.0,     19.0,     58.0,  9, 10, 11,  9,    2360156,    2360156,    2360156,    2360156
43,    2509154,     41.0,     41.0,     40.0,    118.0,  9, 10, 12, 10,      84583,    2360152,      84583,    2360152
43,    2577052,     69.0,     73.0,     70.0,    232.0, 12, 12, 12, 11,      84582,      84582,      84582,      84582
43,    3795218,     69.0,     73.0,     70.0,    233.0, 12, 12, 12, 11,      84582,      84582,      84582,      84582
43,    2577107,     69.0,     73.0,     70.0,    233.0, 12, 12, 12, 11,      84582,      84582,      84582,      84582
43,    2577117,     70.0,     73.0,     70.0,    233.0, 12, 12, 12, 11,      84582,      84582,      84582,      84582
43,    2577127,     71.0,     75.0,     71.0,    235.0, 12, 12, 12, 11,      84582,      84582,      84582,      84582
43,    2577137,     71.0,     75.0,     72.0,    225.0, 12, 12, 12,  6,      84582,      84582,      84582,    1273419
43,    2509239,     40.0,     41.0,     41.0,    121.0, 12, 12, 12,  9,    2360177,    2360177,    2360177,    2360177
43,    2509251,     67.0,     68.0,     70.0,    236.0, 12, 12, 12, 10,     257872,     257872,     257872,    2360180
43,    2509246,     67.0,     68.0,     70.0,    236.0, 12, 12, 12,  9,     257872,     257872,     257872,    2360180
43,    2577231,     68.0,     68.0,     70.0,    239.0, 12, 12, 12,  9,     257872,    1085684,     257872,     257872
43,    2577241,     68.0,     69.0,     71.0,    240.0, 12, 12, 12,  9,     257872,     257872,     257872,     257872
43,    2509264,     69.0,     70.0,     71.0,    238.0, 12, 12, 12, 11,     257872,     257872,     257872,    2360189
43,    2577340,     70.0,     71.0,     72.0,    243.0, 12, 12, 12,  9,     257872,     257872,     257872,     257872
43,    2577351,     70.0,     71.0,     72.0,    243.0, 12, 12, 12,  9,     257872,     257872,    1085684,     257872
43,    2577360,     70.0,     71.0,     73.0,    244.0, 12, 12, 12,  9,     257872,     257872,     257872,     257872
43,     993831,     26.0,     26.0,     26.0,     78.0,  9, 10, 11,  9,    1239481,    1239481,    1239481,    1239481
43,    2577390,     40.0,     41.0,     39.0,    140.0, 12, 12, 12, 11,    2360200,    2360200,    2360200,    2360200
43,    2509281,     41.0,     41.0,     40.0,    119.0, 12, 12, 12, 11,    2360200,    2360200,    2360200,    2402914
43,    2577401,     33.0,     33.0,     33.0,     93.0,  4,  5,  6,  4,    2381941,    2381966,    2381966,    2577401
43,    2509309,     19.0,     20.0,     20.0,     56.0,  4,  5,  6,  4,    2509309,    2509309,    2509309,    2509309
43,    2381966,     17.0,     18.0,     18.0,     50.0,  4,  5,  6,  4,    2381966,    2381966,    2381966,    2381966
43,    2577420,     72.0,     73.0,     75.0,    210.0, 12, 12,  6,  4,     257872,     257872,    2509310,    2577420
43,    2577438,     49.0,     50.0,     50.0,    138.0,  4,  5,  6,  4,     656698,    2577438,     656698,    2577438
43,    2509318,     20.0,     20.0,     20.0,     59.0,  9, 10, 11,  9,    2360219,    2360219,    2360219,    2360219
43,     656698,     35.0,     36.0,     35.0,     99.0,  4,  5,  6,  4,     656698,     656698,     656698,     656698
43,    2509326,     31.0,     32.0,     31.0,     88.0,  4,  5,  6,  4,     656703,     656703,     656703,     656703
43,    2509332,     25.0,     26.0,     26.0,     72.0,  4,  5,  6,  4,    2509332,    2509332,    2509332,    2509332
43,    2076943,     15.0,     16.0,     15.0,     43.0,  4,  5,  6,  4,    2076943,    2076943,    2076943,    2076943
43,    2509375,     16.0,     22.0,     18.0,     57.0, 12, 10, 12, 11,    2360283,    2360283,    2360283,    2360283
43,    2509370,     56.0,     62.0,     58.0,    183.0, 12, 12, 12,  9,      84686,      84686,      84686,      84686
43,    2509380,     19.0,     19.0,     19.0,     57.0,  9, 10, 11,  9,    2360285,    2360285,    2360285,    2360285
43,    2509381,     19.0,     19.0,     20.0,     58.0,  9, 10, 11,  9,    2360281,    2360281,    2360281,    2360281
43,    2509386,     58.0,     61.0,     60.0,    184.0, 12, 12, 12, 10,      84686,    2360293,      84686,    2360293
43,    2509396,     19.0,     19.0,     19.0,     57.0,  9, 10, 11,  9,    2360296,    2360296,    2360296,    2360296
43,    2579046,     20.0,     20.0,     20.0,     59.0,  9, 10, 11,  9,    2360300,    2360300,    2360300,    2360300
43,    2509401,     60.0,     64.0,     62.0,    188.0, 12, 12, 12, 10,      84686,    2360293,    2360293,    2360293
43,    2509417,     20.0,     20.0,     20.0,     59.0,  9, 10, 11,  9,    2360304,    2360304,    2360304,    2360304
43,    2578144,     14.0,     14.0,     14.0,     40.0,  4,  5,  6,  5,     586707,     586707,     586707,     586707
43,    2578230,     23.0,     22.0,     22.0,     63.0,  4,  5,  6,  6,    2509420,    2509420,    2509420,    2509420
43,    2509425,     15.0,     15.0,     15.0,     43.0,  4,  5,  6,  5,    2509425,    2509425,    2509425,    2509425
43,    2509420,     20.0,     19.0,     19.0,     55.0,  4,  5,  6,  6,    2509420,    2509420,    2509420,    2509420
43,    2509439,     13.0,     12.0,     12.0,     36.0,  4,  5,  6,  5,    2509434,    2509439,    2509439,    2509439
43,    2509464,     19.0,     19.0,     19.0,     57.0,  9, 10, 11,  9,    2360333,    2360333,    2360333,    2360333
43,    2576425,     71.0,     75.0,     72.0,    227.0, 12, 12, 12,  6,      84582,      84582,      84582,    1273419
43,    2575560,     44.0,     43.0,     43.0,    123.0,  4,  5,  6,  6,     586692,     586692,     586692,     586692
44,      46626,     54.0,     57.0,     55.0,    161.0, 12, 12, 12,  9,      84612,      84612,      84612,      84612
44,      46663,     42.0,     41.0,     41.0,    119.0,  9, 12, 12, 11,    2277073,      84701,    2277071,    2277071
44,    2381944,     37.0,     37.0,     36.0,    102.0,  4,  5,  6,  6,    2381941,    2381941,    2381941,    2381941
44,    3746327,     39.0,     38.0,     37.0,    107.0,  4,  5,  6,  6,    2381941,    2381941,    2381941,    2381941
44,    2381927,     42.0,     40.0,     41.0,    119.0,  9, 12, 12, 10,      84701,      84701,      84701,      84701
44,    2509288,     20.0,     20.0,     20.0,     58.0,  9, 10, 11,  9,    2277072,    2277072,    2277072,    2277072
44,    2509293,     19.0,     19.0,     19.0,     58.0,  9, 10, 11,  9,    2360204,    2360204,    2360204,    2360204
44,      46660,     72.0,     74.0,     72.0,    227.0, 12, 12, 12,  6,     257872,     257872,     257872,      46660
44,    2580958,     72.0,     73.0,     71.0,    245.0, 12, 12, 12,  9,     257872,     257872,    1085684,    2405031
44,     586707,      8.0,      8.0,      8.0,     23.0,  4,  5,  6,  6,     586707,     586707,     586707,     586707
44,     586697,     21.0,     20.0,     20.0,     57.0,  4,  5,  6,  6,     586697,     586697,     586697,     586697
44,     653237,     26.0,     25.0,     25.0,     76.0,  9, 10, 11, 10,    1085689,    1085689,    1085689,    1085689
44,    2509353,     24.0,     25.0,     23.0,     67.0,  4,  5,  6,  6,     656714,     656714,    2509353,    2509353
44,    2509333,     21.0,     21.0,     20.0,     58.0,  4,  5,  6,  6,     941766,     941766,     941766,    2509333
44,    2509362,     20.0,     20.0,     19.0,     55.0,  4,  5,  6,  6,    2509362,    2509362,    2509362,    2509362
44,    2509338,     22.0,     23.0,     22.0,     63.0,  4,  5,  6,  6,    2509338,     941766,     941766,     941766
44,    2509342,     28.0,     27.0,     28.0,     79.0,  9, 10, 11,  9,    1214497,    1214497,    1214497,    1214497
44,    2509347,     28.0,     27.0,     28.0,     79.0,  9, 10, 11,  9,    1214500,    1214500,    1214500,    1214500
44,    2509351,     27.0,     29.0,     27.0,     78.0, 12,  5,  6,  6,    1214503,    2509351,    2509351,    2509351
44,    2509352,     26.0,     27.0,     25.0,     72.0,  4,  5,  6,  6,    2509352,     656714,    2509352,    2509352
44,    2509357,     23.0,     24.0,     23.0,     65.0,  4,  5,  6,  6,    2509357,     941771,     941771,    2509357
44,    2509276,     26.0,     26.0,     26.0,     77.0,  9, 10, 11,  9,    1986388,    1986388,    1986388,    1986388
44,    2509337,     22.0,     22.0,     21.0,     62.0,  4,  5,  6,  6,     941766,    2509337,    2509337,     941766
44,    2509340,     28.0,     28.0,     28.0,     80.0,  9, 10,  6,  6,    1529313,    1529313,     656704,    2509340
44,    2509339,     25.0,     25.0,     24.0,     70.0,  4,  5,  6,  6,     656704,    2509339,    2509339,     656704
44,    2575625,     36.0,     35.0,     34.0,     98.0,  4,  5,  6,  6,    2381941,    2381941,    2381941,    2381941
44,    2402032,     21.0,     22.0,     21.0,     59.0,  4,  5,  6,  6,    2402032,     941771,     941771,    2402032
44,    2509167,     41.0,     41.0,     40.0,    119.0,  9, 10, 12,  9,      84583,      84583,      84583,      84583
44,    2576531,     19.0,     20.0,     19.0,     58.0,  9, 10, 11,  9,    2360156,    2360156,    2360156,    2360156
44,    2509154,     41.0,     41.0,     40.0,    118.0,  9, 10, 12, 10,      84583,      84583,      84583,    2360152
44,    2577052,     69.0,     74.0,     68.0,    234.0, 12, 12, 12, 11,      84582,      84582,      84582,      84582
44,    3795218,     69.0,     74.0,     69.0,    235.0, 12, 12, 12, 11,      84582,      84582,      84582,      84582
44,    2577107,     69.0,     74.0,     69.0,    235.0, 12, 12, 12, 11,      84582,      84582,      84582,      84582
44,    2577117,     70.0,     75.0,     69.0,    235.0, 12, 12, 12, 11,      84582,      84582,      84582,      84582
44,    2577127,     71.0,     76.0,     70.0,    237.0, 12, 12, 12, 11,      84582,      84582,      84582,      84582
44,    2577137,     71.0,     76.0,     70.0,    226.0, 12, 12, 12,  6,      84582,      84582,      84582,    1273419
44,    2509239,     40.0,     41.0,     41.0,    124.0, 12, 12, 12,  9,    2360177,    2360177,    2360177,    2360177
44,    2509251,     68.0,     70.0,     68.0,    236.0, 12, 12, 12,  9,     257872,     257872,     257872,    2360180
44,    2509246,     68.0,     70.0,     68.0,    236.0, 12, 12, 12,  9,     257872,     257872,     257872,    2360180
44,    2577231,     68.0,     70.0,     68.0,    240.0, 12, 12, 12, 11,     257872,     257872,     257872,     257872
44,    2577241,     69.0,     70.0,     69.0,    241.0, 12, 12, 12, 11,     257872,    1085684,     257872,     257872
44,    2509264,     69.0,     71.0,     69.0,    238.0, 12, 12, 12,  9,     257872,     257872,     257872,    2360189
44,    2577340,     70.0,     72.0,     70.0,    244.0, 12, 12, 12,  9,     257872,     257872,     257872,     257872
44,    2577351,     71.0,     72.0,     70.0,    244.0, 12, 12, 12, 11,     257872,     257872,    1085684,     257872
44,    2577360,     71.0,     73.0,     71.0,    245.0, 12, 12, 12, 11,     257872,     257872,     257872,     257872
44,     993831,     26.0,     26.0,     26.0,     78.0,  9, 10, 11,  9,    1239481,    1239481,    1239481,    1239481
44,    2577390,     39.0,     41.0,     40.0,    140.0, 12, 12, 12,  9,    2360200,    2360200,    2360200,    2360200
44,    2509281,     40.0,     41.0,     40.0,    120.0, 12, 12, 12, 11,    2360200,    2402914,    2360200,    2402914
44,    2577401,     34.0,     33.0,     33.0,     93.0,  4,  5,  6,  6,    2381941,    2381966,    2381941,    2381966
44,    2509309,     20.0,     20.0,     19.0,     56.0,  4,  5,  6,  6,    2509309,    2509309,    2509309,    2509309
44,    2381966,     18.0,     18.0,     17.0,     50.0,  4,  5,  6,  6,    2381966,    2381966,    2381966,    2381966
44,    2577420,     73.0,     74.0,     72.0,    210.0, 12, 12, 12,  6,     257872,    1085684,    1085684,    2509310
44,    2577438,     50.0,     50.0,     49.0,    138.0,  4,  5,  6,  6,     656698,    2509313,     656698,     656698
44,    2509318,     20.0,     20.0,     20.0,     59.0,  9, 10, 11,  9,    2360219,    2360219,    2360219,    2360219
44,     656698,     35.0,     36.0,     34.0,     98.0,  4,  5,  6,  6,     656698,     656698,     656698,     656698
44,    2509326,     31.0,     32.0,     31.0,     87.0,  4,  5,  6,  6,     656703,     656703,     656703,     656703
44,    2509332,     26.0,     26.0,     25.0,     71.0,  4,  5,  6,  6,    2509332,    2509332,    2509332,    2509332
44,    2076943,     15.0,     16.0,     15.0,     43.0,  4,  5,  6,  6,    2076943,    2076943,    2076943,    2076943
44,    2509375,     14.0,     24.0,     17.0,     57.0, 12, 10, 12, 11,    2360283,    2360283,    2360283,    2360283
44,    2509370,     55.0,     65.0,     57.0,    183.0, 12, 12, 12, 11,      84686,      84686,      84686,      84686
44,    2509380,     19.0,     19.0,     19.0,     57.0,  9, 10, 11,  9,    2360285,    2360285,    2360285,    2360285
44,    2509381,     19.0,     19.0,     20.0,     58.0,  9, 10, 11,  9,    2360281,    2360281,    2360281,    2360281
44,    2509386,     56.0,     62.0,     59.0,    184.0, 12, 12, 12, 10,      84686,    2360293,      84686,    2360293
44,    2509396,     19.0,     19.0,     19.0,     57.0,  9, 10, 11,  9,    2360296,    2360296,    2360296,    2360296
44,    2579046,     20.0,     20.0,     20.0,     59.0,  9, 10, 11,  9,    2360300,    2360300,    2360300,    2360300
44,    2509401,     58.0,     64.0,     61.0,    188.0, 12, 12, 12, 10,      84686,    2360293,      84686,    2360293
44,    2509417,     20.0,     20.0,     20.0,     59.0,  9, 10, 11,  9,    2360304,    2360304,    2360304,    2360304
44,    2578144,     15.0,     14.0,     14.0,     40.0,  4,  5,  6,  6,     586707,     586707,     586707,     586707
44,    2578230,     23.0,     22.0,     22.0,     63.0,  4,  5,  6,  6,    2509420,    2509420,    2509420,    2509420
44,    2509425,     16.0,     15.0,     15.0,     43.0,  4,  5,  6,  6,    2509425,    2509425,    2509425,    2509425
44,    2509420,     20.0,     19.0,     19.0,     55.0,  4,  5,  6,  6,    2509420,    2509420,    2509420,    2509420
44,    2509439,     13.0,     12.0,     12.0,     35.0,  4,  5,  6,  6,    2509439,    2509439,    2509439,    2509439
44,    2509464,     19.0,     19.0,     19.0,     57.0,  9, 10, 11,  9,    2360333,    2360333,    2360333,    2360333
44,    2576425,     71.0,     76.0,     70.0,    227.0, 12, 12, 12,  6,      84582,      84582,      84582,    2576425
44,    2575560,     45.0,     44.0,     43.0,    122.0,  4,  5,  6,  6,    2509412,     586692,     586692,     586692
45,      46626,     53.0,     58.0,     54.0,    162.0, 12, 10, 12,  9,      84612,      84612,      84612,      84612
45,      46663,     42.0,     41.0,     41.0,    119.0,  9, 12, 12, 11,      84701,      84701,    2277071,    2277071
45,    2381944,     37.0,     38.0,     37.0,    106.0,  4,  5,  6,  4,    2381941,    2381941,    2381941,    2381941
45,    3746327,     39.0,     40.0,     39.0,    110.0,  4,  5,  6,  6,    2381941,    2381941,    2381941,    2381941
45,    2381927,     41.0,     40.0,     41.0,    119.0, 12, 12, 12, 10,      84701,      84701,      84701,      84701
45,    2509288,     20.0,     19.0,     20.0,     58.0,  9, 12, 11,  9,    2277072,    2277072,    2277072,    2277072
45,    2509293,     19.0,     19.0,     19.0,     57.0,  9, 10, 11, 10,    2360204,    2360204,    2360204,    2360204
45,      46660,     70.0,     75.0,     72.0,    234.0, 12, 12, 12,  4,     257872,     257872,    1085684,      46660
45,    2580958,     69.0,     74.0,     72.0,    246.0, 12, 12, 12,  9,     257872,     257872,     257872,    2405031
45,     586707,      8.0,      8.0,      8.0,     23.0,  4,  5,  6,  5,     586707,     586707,     586707,     586707
45,     586697,     21.0,     20.0,     19.0,     56.0,  4,  5,  6,  6,     586697,     586697,     586697,     586697
45,     653237,     25.0,     25.0,     25.0,     76.0,  9, 10, 11, 10,    1085689,    1085689,    1085689,    1085689
45,    2509353,     24.0,     26.0,     24.0,     69.0,  4,  5,  6,  4,    2509353,    2509353,    2509353,    2509353
45,    2509333,     21.0,     22.0,     21.0,     60.0,  4,  5,  6,  4,     941766,     941766,     941766,    2509333
45,    2509362,     20.0,     22.0,     20.0,     57.0,  4,  5,  6,  4,    2509362,    2509362,    2509362,    2509362
45,    2509338,     23.0,     24.0,     23.0,     65.0,  4,  5,  6,  6,     941766,     941766,     941766,     941766
45,    2509342,     28.0,     27.0,     28.0,     79.0,  9, 10, 11,  9,    1214497,    1214497,    1214497,    1214497
45,    2509347,     28.0,     27.0,     28.0,     79.0,  9, 10, 11,  9,    1214500,    1214500,    1214500,    1214500
45,    2509351,     27.0,     28.0,     28.0,     80.0, 12, 10,  6,  6,    1214503,    1214503,    2509351,    2509351
45,    2509352,     26.0,     28.0,     26.0,     75.0,  4,  5,  6,  4,    2509352,    2509352,    2509352,    2509352
45,    2509357,     23.0,     25.0,     23.0,     67.0,  4,  5,  6,  4,    2509357,    2509357,    2509357,    2509357
45,    2509276,     26.0,     26.0,     26.0,     86.0, 12, 12, 12,  9,    1986388,    1986388,    1986388,    1986388
45,    2509337,     22.0,     24.0,     22.0,     64.0,  4,  5,  6,  6,    2509337,     941766,     941766,     941766
45,    2509340,     28.0,     27.0,     28.0,     80.0,  9, 12, 11, 10,    1529313,    1529313,    1529313,    1529313
45,    2509339,     25.0,     27.0,     25.0,     72.0,  4,  5,  6,  4,    2509339,     656704,     656704,    2509339
45,    2575625,     36.0,     36.0,     35.0,    101.0,  4,  5,  6,  6,    2381941,    2381941,    2381941,    2381941
45,    2402032,     21.0,     23.0,     21.0,     61.0,  4,  5,  6,  4,    2402032,    2402032,    2402032,    2402032
45,    2509167,     41.0,     41.0,     40.0,    119.0,  9, 10, 12,  9,      84583,      84583,      84583,      84583
45,    2576531,     19.0,     20.0,     19.0,     58.0,  9, 10, 11,  9,    2360156,    2360156,    2360156,    2360156
45,    2509154,     41.0,     41.0,     40.0,    118.0,  9, 10, 12, 10,      84583,      84583,      84583,    2360152
45,    2577052,     66.0,     78.0,     67.0,    234.0, 12, 12, 12, 11,      84582,      84582,      84582,      84582
45,    3795218,     66.0,     78.0,     67.0,    235.0, 12, 12, 12, 11,      84582,      84582,      84582,      84582
45,    2577107,     66.0,     78.0,     67.0,    234.0, 12, 12, 12, 11,      84582,      84582,      84582,      84582
45,    2577117,     67.0,     78.0,     68.0,    235.0, 12, 12, 12, 11,      84582,      84582,      84582,      84582
45,    2577127,     67.0,     80.0,     69.0,    237.0, 12, 12, 12, 11,      84582,      84582,      84582,      84582
45,    2577137,     68.0,     80.0,     69.0,    226.0, 12, 12, 12,  6,      84582,      84582,      84582,    2577137
45,    2509239,     39.0,     42.0,     40.0,    122.0, 12, 12, 12,  9,    2360177,    2360177,    2360177,    2360177
45,    2509251,     66.0,     71.0,     68.0,    235.0, 12, 12, 12, 10,     257872,     257872,     257872,    2360181
45,    2509246,     66.0,     71.0,     68.0,    236.0, 12, 12, 12, 10,     257872,     257872,     257872,    2360180
45,    2577231,     66.0,     71.0,     68.0,    241.0, 12, 12, 12,  9,     257872,     257872,    1085684,     257872
45,    2577241,     67.0,     72.0,     69.0,    243.0, 12, 12, 12,  9,     257872,     257872,     257872,     257872
45,    2509264,     67.0,     72.0,     70.0,    238.0, 12, 12, 12,  9,     257872,     257872,     257872,    2360189
45,    2577340,     68.0,     73.0,     71.0,    245.0, 12, 12, 12,  9,     257872,     257872,     257872,     257872
45,    2577351,     68.0,     73.0,     71.0,    246.0, 12, 12, 12,  9,     257872,     257872,     257872,     257872
45,    2577360,     69.0,     74.0,     71.0,    247.0, 12, 12, 12,  9,     257872,     257872,    1085684,     257872
45,     993831,     26.0,     26.0,     26.0,     77.0,  9, 10, 11,  9,    1239481,    1239481,    1239481,    1239481
45,    2577390,     40.0,     41.0,     39.0,    139.0, 12, 12, 12, 11,    2360200,    2360200,    2360200,    2360200
45,    2509281,     40.0,     41.0,     40.0,    121.0, 12, 12, 12,  9,    2360200,    2402914,    2360200,    2402914
45,    2577401,     34.0,     35.0,     34.0,     96.0,  4,  5,  6,  6,    2381941,    2381941,    2381941,    2381966
45,    2509309,     20.0,     21.0,     20.0,     58.0,  4,  5,  6,  6,    2509309,    2509309,    2509309,    2509309
45,    2381966,     18.0,     18.0,     18.0,     51.0,  4,  5,  6,  6,    2381966,    2381966,    2381966,    2381966
45,    2577420,     71.0,     76.0,     73.0,    216.0, 12, 12, 12,  6,     257872,     257872,     257872,    2509310
45,    2577438,     50.0,     52.0,     50.0,    142.0,  4,  5,  6,  6,    2509313,    2577438,     656698,    2509313
45,    2509318,     20.0,     20.0,     20.0,     58.0,  9, 10, 11, 10,    2360219,    2360219,    2360219,    2360219
45,     656698,     36.0,     38.0,     35.0,    101.0,  4,  5,  6,  6,     656698,     656698,     656698,     656698
45,    2509326,     32.0,     33.0,     32.0,     90.0,  4,  5,  6,  4,     656703,     656703,     656703,     656703
45,    2509332,     26.0,     27.0,     26.0,     74.0,  4,  5,  6,  4,    2509332,    2509332,    2509332,    2509332
45,    2076943,     15.0,     16.0,     15.0,     44.0,  4,  5,  6,  6,    2076943,    2076943,    2076943,    2076943
45,    2509375,     16.0,     22.0,     18.0,     57.0, 12, 10, 12,  9,    2360283,    2360283,    2360283,    2360283
45,    2509370,     57.0,     62.0,     57.0,    181.0, 12, 12, 12, 11,      84686,      84686,      84686,      84686
45,    2509380,     19.0,     19.0,     19.0,     57.0,  9, 10, 11,  9,    2360285,    2360285,    2360285,    2360285
45,    2509381,     19.0,     19.0,     20.0,     58.0,  9, 10, 11,  9,    2360281,    2360281,    2360281,    2360281
45,    2509386,     59.0,     62.0,     59.0,    183.0, 12, 10, 12, 10,      84686,    2360293,      84686,    2360293
45,    2509396,     19.0,     19.0,     19.0,     57.0,  9, 10, 11,  9,    2360296,    2360296,    2360296,    2360296
45,    2579046,     20.0,     20.0,     20.0,     59.0,  9, 10, 11,  9,    2360300,    2360300,    2360300,    2360300
45,    2509401,     61.0,     64.0,     61.0,    186.0, 12, 12, 12, 10,      84686,    2360293,      84686,    2360293
45,    2509417,     20.0,     20.0,     20.0,     59.0,  9, 10, 11,  9,    2360304,    2360304,    2360304,    2360304
45,    2578144,     15.0,     14.0,     13.0,     39.0,  4,  5,  6,  6,     586707,     586707,     586707,     586707
45,    2578230,     23.0,     22.0,     22.0,     62.0,  4,  5,  6,  6,    2509420,    2509420,    2509420,    2509420
45,    2509425,     16.0,     15.0,     15.0,     43.0,  4,  5,  6,  5,    2509425,    2509425,    2509425,    2509425
45,    2509420,     20.0,     19.0,     19.0,     54.0,  4,  5,  6,  6,    2509420,    2509420,    2509420,    2509420
45,    2509439,     13.0,     12.0,     12.0,     35.0,  4,  5,  6,  6,    2509439,    2509439,    2509439,    2509439
45,    2509464,     19.0,     19.0,     19.0,     58.0,  9, 10, 11,  9,    2360333,    2360333,    2360333,    2360333
45,    2576425,     68.0,     80.0,     69.0,    228.0, 12, 12, 12,  6,      84582,      84582,      84582,    2576425
45,    2575560,     44.0,     43.0,     42.0,    121.0,  4,  5,  6,  6,    2575560,     586692,     586692,    2509412
46,      46626,     53.0,     58.0,     55.0,    161.0, 12, 10, 12,  9,      84612,      84612,      84612,      84612
46,      46663,     42.0,     40.0,     40.0,    119.0,  9, 12, 12, 11,    2277073,      84701,    2277071,    2277071
46,    2381944,     37.0,     38.0,     37.0,    105.0,  4,  5,  6,  6,    2381944,    2381941,    2381941,    2381941
46,    3746327,     39.0,     39.0,     38.0,    109.0,  4,  5,  6,  6,    2381941,    2381941,    2381941,    2381941
46,    2381927,     42.0,     39.0,     41.0,    119.0, 12, 12, 12, 10,      84701,      84701,      84701,      84701
46,    2509288,     20.0,     19.0,     20.0,     58.0,  9, 12, 11,  9,    2277072,    2277072,    2277072,    2277072
46,    2509293,     19.0,     19.0,     19.0,     57.0,  9, 10, 11, 10,    2360204,    2360204,    2360204,    2360204
46,      46660,     70.0,     75.0,     73.0,    232.0, 12, 12, 12,  6,     257872,     257872,     257872,      46660
46,    2580958,     69.0,     74.0,     72.0,    243.0, 12, 12, 12,  9,     257872,     257872,    1085684,     257872
46,     586707,      8.0,      8.0,      8.0,     23.0,  4,  5,  6,  5,     586707,     586707,     586707,     586707
46,     586697,     21.0,     20.0,     20.0,     57.0,  4,  5,  6,  6,     586697,     586697,     586697,     586697
46,     653237,     25.0,     25.0,     25.0,     76.0,  9, 10, 11,  9,    1085689,    1085689,    1085689,    1085689
46,    2509353,     24.0,     26.0,     24.0,     68.0,  4,  5,  6,  6,    2509353,    2509353,     656714,    2509353
46,    2509333,     21.0,     22.0,     21.0,     59.0,  4,  5,  6,  6,     941766,     941766,     941766,    2509333
46,    2509362,     20.0,     22.0,     20.0,     56.0,  4,  5,  6,  6,    2509362,    2509362,    2509362,    2509362
46,    2509338,     23.0,     24.0,     22.0,     64.0,  4,  5,  6,  4,     941766,     941766,    2509338,    2509338
46,    2509342,     28.0,     27.0,     28.0,     79.0,  9, 10, 11,  9,    1214497,    1214497,    1214497,    1214497
46,    2509347,     28.0,     27.0,     28.0,     79.0,  9, 10, 11,  9,    1214500,    1214500,    1214500,    1214500
46,    2509351,     27.0,     28.0,     28.0,     79.0, 12, 10,  6,  6,    1214503,    1214503,    2509351,    2509351
46,    2509352,     26.0,     28.0,     26.0,     74.0,  4,  5,  6,  6,    2509352,    2509352,    2509352,    2509352
46,    2509357,     23.0,     25.0,     23.0,     66.0,  4,  5,  6,  6,    2509357,    2509357,    2509357,    2509357
46,    2509276,     26.0,     26.0,     26.0,     89.0, 12, 12, 12,  9,    1986388,    1986388,    1986388,    1986388
46,    2509337,     22.0,     23.0,     22.0,     63.0,  4,  5,  6,  4,     941766,    2509337,     941766,    2509337
46,    2509340,     28.0,     27.0,     28.0,     79.0,  9, 12, 11, 10,    1529313,    1529313,    1529313,    1529313
46,    2509339,     25.0,     27.0,     25.0,     71.0,  4,  5,  6,  6,     656704,     656704,     656704,    2509339
46,    2575625,     36.0,     36.0,     35.0,    100.0,  4,  5,  6,  6,    2381941,    2381941,    2381941,    2381941
46,    2402032,     21.0,     23.0,     21.0,     60.0,  4,  5,  6,  6,    2402032,    2402032,    2402032,    2402032
46,    2509167,     41.0,     41.0,     40.0,    118.0,  9, 10, 12, 10,      84583,      84583,      84583,      84583
46,    2576531,     19.0,     20.0,     19.0,     58.0,  9, 10, 11,  9,    2360156,    2360156,    2360156,    2360156
46,    2509154,     41.0,     41.0,     40.0,    118.0,  9, 10, 12, 10,      84583,      84583,      84583,    2360152
46,    2577052,     64.0,     77.0,     70.0,    230.0, 12, 12, 12,  9,      84582,      84582,      84582,      84582
46,    3795218,     65.0,     77.0,     70.0,    231.0, 12, 12, 12,  9,      84582,      84582,      84582,      84582
46,    2577107,     65.0,     77.0,     70.0,    231.0, 12, 12, 12,  9,      84582,      84582,      84582,      84582
46,    2577117,     65.0,     77.0,     71.0,    231.0, 12, 12, 12,  9,      84582,      84582,      84582,      84582
46,    2577127,     66.0,     78.0,     72.0,    233.0, 12, 12, 12,  9,      84582,      84582,      84582,      84582
46,    2577137,     66.0,     79.0,     72.0,    228.0, 12, 12, 12,  6,      84582,      84582,      84582,      43267
46,    2509239,     39.0,     42.0,     40.0,    121.0, 12, 12, 12, 11,    2360177,    2360177,    2360177,    2360177
46,    2509251,     66.0,     71.0,     69.0,    235.0, 12, 12, 12, 10,     257872,     257872,     257872,    2360181
46,    2509246,     66.0,     71.0,     69.0,    236.0, 12, 12, 12,  9,     257872,     257872,     257872,     257872
46,    2577231,     66.0,     71.0,     69.0,    237.0, 12, 12, 12,  9,     257872,     257872,     257872,     257872
46,    2577241,     67.0,     72.0,     70.0,    238.0, 12, 12, 12,  9,     257872,     257872,     257872,     257872
46,    2509264,     67.0,     72.0,     70.0,    238.0, 12, 12, 12, 10,     257872,     257872,     257872,    2360189
46,    2577340,     68.0,     73.0,     71.0,    241.0, 12, 12, 12,  9,     257872,     257872,     257872,     257872
46,    2577351,     68.0,     73.0,     71.0,    241.0, 12, 12, 12,  9,     257872,     257872,     257872,     257872
46,    2577360,     69.0,     74.0,     72.0,    242.0, 12, 12, 12,  9,     257872,     257872,     257872,     257872
46,     993831,     26.0,     26.0,     26.0,     77.0,  9, 10, 11,  9,    1239481,    1239481,    1239481,    1239481
46,    2577390,     39.0,     41.0,     40.0,    138.0, 12, 12, 12, 11,    2360200,    2360200,    2360200,    2360200
46,    2509281,     40.0,     42.0,     40.0,    120.0, 12, 12, 12,  9,    2360200,    2360200,    2360200,    2402914
46,    2577401,     34.0,     34.0,     33.0,     96.0,  4,  5,  6,  6,    2577401,    2381966,    2381966,    2381966
46,    2509309,     21.0,     20.0,     20.0,     57.0,  4,  5,  6,  6,    2509309,    2509309,    2509309,    2509309
46,    2381966,     19.0,     18.0,     18.0,     51.0,  4,  5,  6,  6,    2381966,    2381966,    2381966,    2381966
46,    2577420,     70.0,     76.0,     74.0,    214.0, 12, 12,  7,  6,     257872,     257872,     941771,    2509310
46,    2577438,     50.0,     52.0,     50.0,    141.0,  4,  5,  6,  6,     656698,    2509313,     656698,     656698
46,    2509318,     20.0,     20.0,     20.0,     58.0,  9, 10, 11, 10,    2360219,    2360219,    2360219,    2360219
46,     656698,     35.0,     37.0,     35.0,    100.0,  4,  5,  6,  6,     656698,     656698,     656698,     656698
46,    2509326,     32.0,     33.0,     31.0,     89.0,  4,  5,  6,  6,     656703,     656703,     656703,     656703
46,    2509332,     26.0,     27.0,     25.0,     73.0,  4,  5,  6,  4,    2509332,    2509332,    2509332,    2509332
46,    2076943,     15.0,     16.0,     15.0,     44.0,  4,  5,  6,  4,    2076943,    2076943,    2076943,    2076943
46,    2509375,     19.0,     20.0,     19.0,     57.0,  9, 10, 11,  9,    2360283,    2360283,    2360283,    2360283
46,    2509370,     59.0,     60.0,     58.0,    183.0, 12, 12, 12, 10,      84686,      84686,      84686,      84686
46,    2509380,     19.0,     19.0,     19.0,     57.0,  9, 10, 11,  9,    2360285,    2360285,    2360285,    2360285
46,    2509381,     19.0,     19.0,     20.0,     58.0,  9, 10, 11,  9,    2360281,    2360281,    2360281,    2360281
46,    2509386,     61.0,     61.0,     60.0,    185.0, 12, 12, 12, 10,      84686,    2360293,      84686,    2360293
46,    2509396,     19.0,     19.0,     19.0,     57.0,  9, 10, 11,  9,    2360296,    2360296,    2360296,    2360296
46,    2579046,     20.0,     20.0,     20.0,     59.0,  9, 10, 11,  9,    2360300,    2360300,    2360300,    2360300
46,    2509401,     64.0,     64.0,     62.0,    189.0, 12, 12, 12, 10,      84686,      84686,      84686,    2360293
46,    2509417,     20.0,     20.0,     20.0,     59.0,  9, 10, 11,  9,    2360304,    2360304,    2360304,    2360304
46,    2578144,     15.0,     14.0,     14.0,     40.0,  4,  5,  6,  5,     586707,     586707,     586707,     586707
46,    2578230,     23.0,     22.0,     22.0,     64.0,  4,  5,  6,  5,    2509420,    2509420,    2509420,    2509420
46,    2509425,     16.0,     15.0,     15.0,     43.0,  4,  5,  6,  6,    2509425,    2509425,    2509425,    2509425
46,    2509420,     20.0,     19.0,     19.0,     55.0,  4,  5,  6,  6,    2509420,    2509420,    2509420,    2509420
46,    2509439,     13.0,     12.0,     12.0,     36.0,  4,  5,  6,  5,    2509439,    2509439,    2509439,    2509439
46,    2509464,     19.0,     19.0,     19.0,     59.0,  9, 10, 11,  9,    2360333,    2360333,    2360333,    2360333
46,    2576425,     66.0,     79.0,     72.0,    230.0, 12, 12, 12,  6,      84582,      84582,      84582,      43267
46,    2575560,     45.0,     44.0,     43.0,    124.0,  4,  5,  6,  6,     586692,     586692,     586692,     586692
47,      46626,     54.0,     57.0,     55.0,    161.0, 12, 10, 12,  9,      84612,      84612,      84612,      84612
47,      46663,     42.0,     41.0,     42.0,    119.0,  4, 12,  6,  4,      46663,      84701,      46663,      46663
47,    2381944,     35.0,     36.0,     35.0,     99.0,  4,  5,  6,  4,    2381941,    2381941,    2381941,    2381941
47,    3746327,     36.0,     38.0,     36.0,    103.0,  4,  5,  6,  4,    2381941,    2381941,    2381941,    2381941
47,    2381927,     41.0,     40.0,     42.0,    119.0,  9, 12, 11,  9,      84701,      84701,      84701,      84701
47,    2509288,     20.0,     19.0,     20.0,     58.0,  9, 12, 11,  9,    2277072,    2277072,    2277072,    2277072
47,    2509293,     19.0,     19.0,     19.0,     57.0,  9, 10, 11, 10,    2360204,    2360204,    2360204,    2360204
47,      46660,     69.0,     77.0,     73.0,    221.0, 12, 12, 12,  4,     257872,     257872,     257872,      46660
47,    2580958,     68.0,     76.0,     73.0,    229.0, 12, 12, 12,  9,     257872,     257872,     257872,     257872
47,     586707,      8.0,      8.0,      8.0,     23.0,  4,  5,  6,  5,     586707,     586707,     586707,     586707
47,     586697,     21.0,     20.0,     20.0,     57.0,  4,  5,  6,  6,     586697,     586697,     586697,     586697
47,     653237,     25.0,     25.0,     25.0,     76.0,  9, 10, 11,  9,    1085689,    1085689,    1085689,    1085689
47,    2509353,     23.0,     25.0,     23.0,     65.0,  4,  5,  6,  4,     656714,    2509353,     656714,    2509353
47,    2509333,     20.0,     21.0,     20.0,     56.0,  4,  5,  6,  6,     941766,    2509333,     941766,    2509333
47,    2509362,     19.0,     21.0,     19.0,     53.0,  4,  5,  6,  6,    2509362,    2509362,    2509362,    2509362
47,    2509338,     21.0,     23.0,     21.0,     61.0,  4,  5,  6,  6,     941766,     941766,     941766,     941766
47,    2509342,     28.0,     27.0,     28.0,     79.0,  4, 10,  6, 10,    2509342,    1214497,     656704,    1214497
47,    2509347,     28.0,     27.0,     28.0,     79.0,  4, 10,  6, 10,    2509347,    1214500,    2509347,    1214500
47,    2509351,     27.0,     28.0,     26.0,     76.0,  4, 10,  6,  4,     656714,    1214503,    2509351,    2509351
47,    2509352,     25.0,     27.0,     25.0,     70.0,  4,  5,  6,  6,     656714,    2509352,     656714,    2509352
47,    2509357,     22.0,     24.0,     22.0,     63.0,  4,  5,  6,  4,     941771,    2509357,     941771,    2509357
47,    2509276,     26.0,     26.0,     26.0,     89.0, 12, 12, 12,  9,    1986388,    1986388,    1986388,    1986388
47,    2509337,     21.0,     23.0,     21.0,     60.0,  4,  5,  6,  4,     941766,     941766,     941766,    2509337
47,    2509340,     27.0,     27.0,     27.0,     78.0,  4, 12,  6,  4,    2509340,    1529313,    2509340,    2509340
47,    2509339,     24.0,     26.0,     24.0,     68.0,  4,  5,  6,  6,     656704,     656704,     656704,     656704
47,    2575625,     33.0,     35.0,     33.0,     95.0,  4,  5,  6,  4,    2381941,    2381941,    2381941,    2381941
47,    2402032,     20.0,     22.0,     20.0,     57.0,  4,  5,  6,  4,    2402032,    2402032,    2402032,    2402032
47,    2509167,     41.0,     41.0,     41.0,    118.0,  9, 10, 11, 10,      84583,      84583,      84583,      84583
47,    2576531,     19.0,     19.0,     19.0,     58.0,  9, 10, 11,  9,    2360156,    2360156,    2360156,    2360156
47,    2509154,     41.0,     41.0,     41.0,    118.0,  9, 10, 11, 10,      84583,      84583,      84583,      84583
47,    2577052,     67.0,     74.0,     71.0,    226.0, 12, 12, 12,  9,      84582,      84582,      84582,      84582
47,    3795218,     67.0,     75.0,     71.0,    227.0, 12, 12, 12,  9,      84582,      84582,      84582,      84582
47,    2577107,     67.0,     75.0,     71.0,    227.0, 12, 12, 12,  9,      84582,      84582,      84582,      84582
47,    2577117,     67.0,     75.0,     71.0,    227.0, 12, 12, 12,  9,      84582,      84582,      84582,      84582
47,    2577127,     68.0,     76.0,     73.0,    229.0, 12, 12, 12,  9,      84582,      84582,      84582,      84582
47,    2577137,     69.0,     77.0,     73.0,    220.0, 12, 12, 12,  6,      84582,      84582,      84582,    2577137
47,    2509239,     39.0,     43.0,     40.0,    121.0, 12, 12, 12, 11,    2360177,    2360177,    2360177,    2360177
47,    2509251,     65.0,     72.0,     69.0,    222.0, 12, 12, 12,  9,     257872,     257872,     257872,     257872
47,    2509246,     65.0,     72.0,     68.0,    222.0, 12, 12, 12,  9,     257872,     257872,    1085684,     257872
47,    2577231,     65.0,     73.0,     69.0,    223.0, 12, 12, 12,  9,     257872,     257872,     257872,     257872
47,    2577241,     66.0,     73.0,     70.0,    224.0, 12, 12, 12,  9,     257872,     257872,     257872,     257872
47,    2509264,     66.0,     74.0,     70.0,    225.0, 12, 12, 12,  9,     257872,     257872,     257872,     257872
47,    2577340,     67.0,     75.0,     71.0,    227.0, 12, 12, 12,  9,     257872,     257872,     257872,     257872
47,    2577351,     67.0,     75.0,     71.0,    227.0, 12, 12, 12,  9,     257872,     257872,    1085684,     257872
47,    2577360,     68.0,     76.0,     72.0,    228.0, 12, 12, 12,  9,     257872,     257872,     257872,     257872
47,     993831,     26.0,     26.0,     26.0,     77.0,  9, 10, 11,  9,    1239481,    1239481,    1239481,    1239481
47,    2577390,     39.0,     42.0,     40.0,    129.0, 12, 12, 12, 11,    2360200,    2360200,    2360200,    2360200
47,    2509281,     40.0,     42.0,     41.0,    120.0, 12, 12, 12,  9,    2360200,    2360200,    2360200,    2402914
47,    2577401,     32.0,     33.0,     32.0,     90.0,  4,  5,  6,  4,    2381941,    2381966,    2381941,    2577401
47,    2509309,     19.0,     20.0,     19.0,     54.0,  4,  5,  6,  4,    2509309,    2509309,    2509309,    2509309
47,    2381966,     17.0,     17.0,     17.0,     48.0,  4,  5,  6,  4,    2381966,    2381966,    2381966,    2381966
47,    2577420,     69.0,     75.0,     72.0,    204.0, 12,  5,  6,  4,     257872,    2577420,     656698,    2509310
47,    2577438,     47.0,     50.0,     47.0,    134.0,  4,  5,  6,  6,     656698,    2509313,     656698,     656698
47,    2509318,     20.0,     20.0,     20.0,     58.0,  9, 10, 11, 10,    2360219,    2360219,    2360219,    2360219
47,     656698,     34.0,     36.0,     33.0,     95.0,  4,  5,  6,  4,     656698,     656698,     656698,     656698
47,    2509326,     30.0,     32.0,     30.0,     85.0,  4,  5,  6,  4,     656703,     656703,     656703,     656703
47,    2509332,     24.0,     26.0,     24.0,     69.0,  4,  5,  6,  4,    2509332,    2509332,    2509332,    2509332
47,    2076943,     14.0,     16.0,     14.0,     42.0,  4,  5,  6,  4,    2076943,    2076943,    2076943,    2076943
47,    2509375,     19.0,     19.0,     19.0,     57.0,  9, 10, 11,  9,    2360283,    2360283,    2360283,    2360283
47,    2509370,     59.0,     60.0,     58.0,    183.0, 12, 12, 12,  9,      84686,      84686,      84686,      84686
47,    2509380,     19.0,     19.0,     19.0,     57.0,  9, 10, 11,  9,    2360285,    2360285,    2360285,    2360285
47,    2509381,     19.0,     19.0,     19.0,     58.0,  9, 10, 11,  9,    2360281,    2360281,    2360281,    2360281
47,    2509386,     61.0,     62.0,     60.0,    185.0, 12, 12, 12, 10,      84686,      84686,      84686,    2360293
47,    2509396,     19.0,     19.0,     19.0,     57.0,  9, 10, 11,  9,    2360296,    2360296,    2360296,    2360296
47,    2579046,     20.0,     20.0,     20.0,     59.0,  9, 10, 11,  9,    2360300,    2360300,    2360300,    2360300
47,    2509401,     63.0,     64.0,     62.0,    188.0, 12, 12, 12, 10,      84686,      84686,      84686,    2360293
47,    2509417,     20.0,     20.0,     20.0,     59.0,  9, 10, 11,  9,    2360304,    2360304,    2360304,    2360304
47,    2578144,     14.0,     14.0,     14.0,     40.0,  4,  5,  6,  5,     586707,     586707,     586707,     586707
47,    2578230,     23.0,     22.0,     22.0,     63.0,  4,  5,  6,  6,    2509420,    2509420,    2509420,    2509420
47,    2509425,     15.0,     15.0,     15.0,     43.0,  4,  5,  6,  5,    2509425,    2509425,    2509425,    2509425
47,    2509420,     20.0,     19.0,     19.0,     55.0,  4,  5,  6,  5,    2509420,    2509420,    2509420,    2509420
47,    2509439,     13.0,     12.0,     12.0,     36.0,  4,  5,  6,  5,    2509434,    2509439,    2509439,    2509439
47,    2509464,     19.0,     19.0,     19.0,     59.0,  9, 10, 11,  9,    2360333,    2360333,    2360333,    2360333
47,    2576425,     69.0,     77.0,     73.0,    222.0, 12, 12, 12,  6,      84582,      84582,      84582,    2576425
47,    2575560,     44.0,     43.0,     43.0,    123.0,  4,  5,  6,  6,    2509412,     586692,     586692,     586692
