 F,      BusId,       PA,       PB,       PC,       P3, XA, XB, XC, X3,       id_A,       id_B,       id_C,       id_3
 0,    2579020,     74.0,     74.0,     73.0,    223.0,  9, 10, 11, 11,    2404125,    2404125,    2404125,    2404125
 0,    2579038,     73.0,     73.0,     73.0,    221.0,  9, 10, 11, 11,    2404125,    2404125,    2404125,    2404125
 0,    2579059,     23.0,     23.0,     23.0,     71.0,  9, 10, 11, 10,      80388,      80388,      80388,      80388
 0,    2579067,     23.0,     23.0,     23.0,     71.0,  9, 10, 11, 10,      80388,      80388,      80388,      80388
 0,    2579080,     23.0,     23.0,     23.0,     72.0,  9, 10, 11, 10,      80388,      80388,      80388,      80388
 0,    2579088,     23.0,     23.0,     23.0,     72.0,  9, 10, 11, 10,      80388,      80388,      80388,      80388
 0,    2579101,     24.0,     23.0,     23.0,     72.0,  9, 10, 11, 10,      80388,      80388,      80388,      80388
 0,    2580517,     24.0,     24.0,     24.0,     74.0,  9, 10, 11,  9,      80648,      80648,      80648,      80648
 0,    2450866,     23.0,     23.0,     23.0,     71.0,  9, 10, 11, 10,      80388,      80388,      80388,      80388
 0,    2599986,     23.0,     22.0,     22.0,     71.0,  9, 10, 11, 10,      80388,      80388,      80388,      80388
 0,    3214198,     23.0,     22.0,     22.0,     71.0,  9, 10, 11, 10,      80388,      80388,      80388,      80388
 0,    2573886,     70.0,     70.0,     71.0,    213.0,  9, 10, 11,  9,    2401506,    2401506,    2401506,    2401506
 0,      44399,     44.0,     45.0,     44.0,    145.0,  1,  2,  3,  1,      44398,      44398,      44398,      44398
 0,    2577878,     38.0,     38.0,     38.0,    123.0,  1,  2,  3,  1,      44402,      44402,      44402,      44402
 0,    2452324,     33.0,     33.0,     33.0,    108.0,  9, 10, 11,  9,    2323566,    2323566,    2323566,    2323566
 0,    2575866,     64.0,     64.0,     64.0,    197.0,  9, 10, 11,  9,      80398,      80398,      80398,      80398
 0,    2575874,     65.0,     65.0,     65.0,    198.0,  9, 10, 11,  9,      80398,      80398,      80398,      80398
 0,    2575898,     64.0,     64.0,     64.0,    196.0,  9, 10, 11,  9,      80398,      80398,      80398,      80398
 0,    2575929,     63.0,     63.0,     63.0,    194.0,  9, 10, 11,  9,      80398,      80398,      80398,      80398
 0,    2575974,     62.0,     62.0,     62.0,    193.0,  9, 10, 11,  9,      80398,      80398,      80398,      80398
 0,    2576338,     61.0,     61.0,     61.0,    192.0,  9, 10, 11,  9,      80398,      80398,      80398,      80398
 0,    2576354,     61.0,     61.0,     61.0,    192.0,  9, 10, 11,  9,      80398,      80398,      80398,      80398
 0,    2576367,     45.0,     45.0,     45.0,    139.0,  9, 10, 11, 10,      80365,      80365,      80365,      80365
 0,    2576385,     46.0,     45.0,     45.0,    140.0,  9, 10, 11, 10,      80365,      80365,      80365,      80365
 0,    2576393,     46.0,     46.0,     45.0,    140.0,  9, 10, 11, 10,      80365,      80365,      80365,      80365
 0,    2576409,     46.0,     46.0,     46.0,    141.0,  9, 10, 11, 10,      80365,      80365,      80365,      80365
 0,    2576417,     47.0,     46.0,     46.0,    141.0,  9, 10, 11, 11,      80365,      80365,      80365,      80365
 0,    2451839,     17.0,     17.0,     17.0,     54.0,  9, 10, 11, 10,      80366,      80366,      80366,      80366
 0,    2576473,     72.0,     72.0,     72.0,    224.0,  9, 10, 11,  9,    2402586,    2402586,    2402586,    2402586
 0,    2576489,     36.0,     36.0,     36.0,    111.0,  9, 10, 11,  9,      80211,      80211,      80211,      80211
 0,    2528661,     35.0,     35.0,     35.0,    110.0,  9, 10, 11,  9,      80211,      80211,      80211,      80211
 0,    2528667,     17.0,     17.0,     17.0,     54.0,  9, 10, 11,  9,    2375138,    2375138,    2375138,    2375138
 0,      44354,     17.0,     18.0,     18.0,     55.0,  9, 10, 11,  9,      80236,      80236,      80236,      80236
 0,      44353,     17.0,     17.0,     17.0,     55.0,  9, 10, 11,  9,      80234,      80234,      80234,      80234
 0,    2576556,     18.0,     18.0,     18.0,     55.0,  9, 10, 11,  9,    2402610,    2402610,    2402610,    2402610
 0,    2576561,     23.0,     23.0,     23.0,     73.0,  9, 10, 11,  9,    2402611,    2402611,    2402611,    2402611
 0,    2528688,     17.0,     17.0,     17.0,     54.0,  9, 10, 11,  9,      80224,      80224,      80224,      80224
 0,    2528685,     17.0,     17.0,     17.0,     54.0,  9, 10, 11,  9,      80224,      80224,      80224,      80224
 0,      44356,     17.0,     17.0,     17.0,     55.0,  9, 10, 11,  9,      80240,      80240,      80240,      80240
 0,      44357,     56.0,     56.0,     56.0,    183.0,  1,  2,  3,  1,      44356,      44356,      44356,      44356
 0,    2528723,     17.0,     17.0,     17.0,     54.0,  9, 10, 11,  9,    2375175,    2375175,    2375175,    2375175
 0,      44368,     17.0,     17.0,     17.0,     55.0,  9, 10, 11,  9,      80259,      80259,      80259,      80259
 0,      44367,     17.0,     17.0,     17.0,     55.0,  9, 10, 11,  9,      80257,      80257,      80257,      80257
 0,    2528742,     17.0,     17.0,     17.0,     55.0,  9, 10, 11,  9,    2375186,    2375186,    2375186,    2375186
 0,    2528747,     17.0,     17.0,     17.0,     55.0,  9, 10, 11,  9,    2375187,    2375187,    2375187,    2375187
 0,      44386,     17.0,     17.0,     17.0,     55.0,  9, 10, 11,  9,      80263,      80263,      80263,      80263
 0,      44370,     17.0,     17.0,     17.0,     54.0,  9, 10, 11,  9,      80262,      80262,      80262,      80262
 0,    2528773,     17.0,     17.0,     17.0,     55.0,  9, 10, 11,  9,      80252,      80252,      80252,      80252
 0,    2528781,     17.0,     17.0,     17.0,     55.0,  9, 10, 11,  9,      80252,      80252,      80252,      80252
 0,      44390,     17.0,     17.0,     17.0,     54.0,  9, 10, 11,  9,      80292,      80292,      80292,      80292
 0,      44389,     17.0,     17.0,     17.0,     54.0,  9, 10, 11,  9,      80292,      80292,      80292,      80292
 0,      44398,     17.0,     17.0,     17.0,     55.0,  9, 10, 11,  9,      80304,      80304,      80304,      80304
 0,      44416,     17.0,     17.0,     17.0,     54.0,  9, 10, 11,  9,      80330,      80330,      80330,      80330
 0,      44418,     17.0,     17.0,     17.0,     54.0,  9, 10, 11,  9,      80333,      80333,      80333,      80333
 0,      44423,     17.0,     17.0,     17.0,     54.0,  9, 10, 11,  9,      80342,      80342,      80342,      80342
 0,      44422,     17.0,     17.0,     17.0,     54.0,  9, 10, 11,  9,      80340,      80340,      80340,      80340
 0,      44426,     17.0,     17.0,     17.0,     54.0,  9, 10, 11,  9,      80347,      80347,      80347,      80347
 0,      44425,     16.0,     16.0,     16.0,     51.0,  1,  2,  3,  1,      44425,      44425,      44425,      44425
 0,    2537314,     17.0,     17.0,     17.0,     54.0,  9, 10, 11,  9,      80224,      80224,      80224,      80224
 0,    2537322,     48.0,     48.0,     49.0,    148.0,  9, 10, 11,  9,    2381264,    2381264,    2381264,    2381264
 0,    2537330,     48.0,     48.0,     47.0,    148.0,  9, 10, 11, 11,    2381267,    2381267,    2381267,    2381267
 0,    2577849,     69.0,     70.0,     70.0,    212.0,  9, 10, 11,  9,    2401506,    2401506,    2401506,    2401506
 0,    2577859,     70.0,     71.0,     71.0,    213.0,  9, 10, 11,  9,    2401506,    2401506,    2401506,    2401506
 0,    2578099,     23.0,     22.0,     22.0,     71.0,  9, 10, 11,  9,      80388,      80388,      80388,      80388
 0,    2578118,     23.0,     22.0,     22.0,     71.0,  9, 10, 11,  9,      80388,      80388,      80388,      80388
 0,    2578129,     22.0,     22.0,     22.0,     70.0,  9, 10, 11, 10,      80388,      80388,      80388,      80388
 0,    2450878,     22.0,     22.0,     22.0,     70.0,  9, 10, 11, 10,      80388,      80388,      80388,      80388
 0,    2597366,     24.0,     24.0,     24.0,     74.0,  9, 10, 11,  9,      80648,      80648,      80648,      80648
 1,    2579020,     74.0,     74.0,     74.0,    224.0,  9, 10, 11,  9,    2404125,    2404125,    2404125,    2404125
 1,    2579038,     73.0,     74.0,     73.0,    223.0,  9, 10, 11,  9,    2404125,    2404125,    2404125,    2404125
 1,    2579059,     23.0,     22.0,     23.0,     70.0,  9, 10, 11, 10,      80388,      80388,      80388,      80388
 1,    2579067,     23.0,     22.0,     23.0,     70.0,  9, 10, 11, 10,      80388,      80388,      80388,      80388
 1,    2579080,     23.0,     23.0,     23.0,     70.0,  9, 10, 11, 10,      80388,      80388,      80388,      80388
 1,    2579088,     24.0,     23.0,     24.0,     71.0,  9, 10, 11, 10,      80388,      80388,      80388,      80388
 1,    2579101,     24.0,     23.0,     24.0,     71.0,  9, 10, 11, 10,      80388,      80388,      80388,      80388
 1,    2580517,     24.0,     24.0,     24.0,     74.0,  9, 10, 11,  9,      80648,      80648,      80648,      80648
 1,    2450866,     23.0,     22.0,     23.0,     70.0,  9, 10, 11, 10,      80388,      80388,      80388,      80388
 1,    2599986,     23.0,     22.0,     23.0,     69.0,  9, 10, 11, 10,      80388,      80388,      80388,      80388
 1,    3214198,     23.0,     22.0,     23.0,     70.0,  9, 10, 11, 10,      80388,      80388,      80388,      80388
 1,    2573886,     70.0,     71.0,     71.0,    214.0,  9, 10, 11,  9,    2401506,    2401506,    2401506,    2401506
 1,      44399,     45.0,     45.0,     45.0,    145.0,  1,  2,  3,  1,      44398,      44398,      44398,      44398
 1,    2577878,     38.0,     38.0,     38.0,    124.0,  1,  2,  3,  1,      44402,      44402,      44402,      44402
 1,    2452324,     33.0,     33.0,     33.0,    108.0,  9, 10, 11,  9,    2323566,    2323566,    2323566,    2323566
 1,    2575866,     64.0,     64.0,     64.0,    197.0,  9, 10, 11,  9,      80398,      80398,      80398,      80398
 1,    2575874,     65.0,     65.0,     65.0,    198.0,  9, 10, 11,  9,      80398,      80398,      80398,      80398
 1,    2575898,     64.0,     64.0,     64.0,    196.0,  9, 10, 11,  9,      80398,      80398,      80398,      80398
 1,    2575929,     63.0,     63.0,     63.0,    195.0,  9, 10, 11,  9,      80398,      80398,      80398,      80398
 1,    2575974,     62.0,     62.0,     62.0,    193.0,  9, 10, 11,  9,      80398,      80398,      80398,      80398
 1,    2576338,     61.0,     61.0,     61.0,    192.0,  9, 10, 11,  9,      80398,      80398,      80398,      80398
 1,    2576354,     61.0,     61.0,     61.0,    192.0,  9, 10, 11,  9,      80398,      80398,      80398,      80398
 1,    2576367,     45.0,     45.0,     44.0,    138.0,  9, 10, 11, 11,      80365,      80365,      80365,      80365
 1,    2576385,     46.0,     46.0,     45.0,    139.0,  9, 10, 11, 11,      80365,      80365,      80365,      80365
 1,    2576393,     46.0,     46.0,     45.0,    139.0,  9, 10, 11, 11,      80365,      80365,      80365,      80365
 1,    2576409,     47.0,     46.0,     46.0,    140.0,  9, 10, 11, 11,      80365,      80365,      80365,      80365
 1,    2576417,     47.0,     47.0,     46.0,    140.0,  9, 10, 11, 11,      80365,      80365,      80365,      80365
 1,    2451839,     17.0,     17.0,     17.0,     54.0,  9, 10, 11, 10,      80366,      80366,      80366,      80366
 1,    2576473,     72.0,     72.0,     72.0,    224.0,  9, 10, 11,  9,    2402586,    2402586,    2402586,    2402586
 1,    2576489,     36.0,     36.0,     36.0,    111.0,  9, 10, 11,  9,      80211,      80211,      80211,      80211
 1,    2528661,     35.0,     35.0,     35.0,    110.0,  9, 10, 11,  9,      80211,      80211,      80211,      80211
 1,    2528667,     17.0,     17.0,     17.0,     54.0,  9, 10, 11,  9,    2375138,    2375138,    2375138,    2375138
 1,      44354,     17.0,     18.0,     18.0,     55.0,  9, 10, 11,  9,      80236,      80236,      80236,      80236
 1,      44353,     17.0,     17.0,     17.0,     55.0,  9, 10, 11,  9,      80234,      80234,      80234,      80234
 1,    2576556,     18.0,     18.0,     18.0,     55.0,  9, 10, 11,  9,    2402610,    2402610,    2402610,    2402610
 1,    2576561,     23.0,     23.0,     23.0,     73.0,  9, 10, 11,  9,    2402611,    2402611,    2402611,    2402611
 1,    2528688,     17.0,     17.0,     17.0,     54.0,  9, 10, 11,  9,      80224,      80224,      80224,      80224
 1,    2528685,     17.0,     17.0,     17.0,     54.0,  9, 10, 11,  9,      80224,      80224,      80224,      80224
 1,      44356,     17.0,     17.0,     17.0,     55.0,  9, 10, 11,  9,      80240,      80240,      80240,      80240
 1,      44357,     56.0,     56.0,     56.0,    183.0,  1,  2,  3,  1,      44356,      44356,      44356,      44356
 1,    2528723,     17.0,     17.0,     17.0,     54.0,  9, 10, 11,  9,    2375175,    2375175,    2375175,    2375175
 1,      44368,     17.0,     17.0,     17.0,     55.0,  9, 10, 11,  9,      80259,      80259,      80259,      80259
 1,      44367,     17.0,     17.0,     17.0,     55.0,  9, 10, 11,  9,      80257,      80257,      80257,      80257
 1,    2528742,     17.0,     17.0,     17.0,     55.0,  9, 10, 11,  9,    2375186,    2375186,    2375186,    2375186
 1,    2528747,     17.0,     17.0,     17.0,     55.0,  9, 10, 11,  9,    2375187,    2375187,    2375187,    2375187
 1,      44386,     17.0,     17.0,     17.0,     55.0,  9, 10, 11,  9,      80263,      80263,      80263,      80263
 1,      44370,     17.0,     17.0,     17.0,     54.0,  9, 10, 11,  9,      80262,      80262,      80262,      80262
 1,    2528773,     17.0,     17.0,     17.0,     55.0,  9, 10, 11,  9,      80252,      80252,      80252,      80252
 1,    2528781,     17.0,     17.0,     17.0,     55.0,  9, 10, 11,  9,      80252,      80252,      80252,      80252
 1,      44390,     17.0,     17.0,     17.0,     54.0,  9, 10, 11,  9,      80292,      80292,      80292,      80292
 1,      44389,     17.0,     17.0,     17.0,     54.0,  9, 10, 11,  9,      80292,      80292,      80292,      80292
 1,      44398,     17.0,     17.0,     17.0,     55.0,  9, 10, 11,  9,      80304,      80304,      80304,      80304
 1,      44416,     17.0,     17.0,     17.0,     54.0,  9, 10, 11,  9,      80330,      80330,      80330,      80330
 1,      44418,     17.0,     17.0,     17.0,     54.0,  9, 10, 11,  9,      80333,      80333,      80333,      80333
 1,      44423,     17.0,     17.0,     17.0,     54.0,  9, 10, 11,  9,      80342,      80342,      80342,      80342
 1,      44422,     17.0,     17.0,     17.0,     54.0,  9, 10, 11,  9,      80340,      80340,      80340,      80340
 1,      44426,     17.0,     17.0,     17.0,     54.0,  9, 10, 11,  9,      80347,      80347,      80347,      80347
 1,      44425,     16.0,     16.0,     16.0,     51.0,  1,  2,  3,  1,      44425,      44425,      44425,      44425
 1,    2537314,     17.0,     17.0,     17.0,     54.0,  9, 10, 11,  9,      80224,      80224,      80224,      80224
 1,    2537322,     47.0,     49.0,     49.0,    147.0,  9, 10, 11,  9,    2381264,    2381264,    2381264,    2381264
 1,    2537330,     48.0,     48.0,     47.0,    148.0,  9, 10, 11, 11,    2381267,    2381267,    2381267,    2381267
 1,    2577849,     69.0,     70.0,     70.0,    212.0,  9, 10, 11,  9,    2401506,    2401506,    2401506,    2401506
 1,    2577859,     70.0,     71.0,     71.0,    214.0,  9, 10, 11,  9,    2401506,    2401506,    2401506,    2401506
 1,    2578099,     23.0,     22.0,     23.0,     69.0,  9, 10, 11, 10,      80388,      80388,      80388,      80388
 1,    2578118,     23.0,     22.0,     23.0,     69.0,  9, 10, 11, 10,      80388,      80388,      80388,      80388
 1,    2578129,     22.0,     22.0,     22.0,     69.0,  9, 10, 11, 10,      80388,      80388,      80388,      80388
 1,    2450878,     22.0,     22.0,     22.0,     69.0,  9, 10, 11, 10,      80388,      80388,      80388,      80388
 1,    2597366,     24.0,     24.0,     24.0,     74.0,  9, 10, 11,  9,      80648,      80648,      80648,      80648
 2,    2579020,     74.0,     74.0,     74.0,    224.0,  9, 10, 11, 11,    2404125,    2404125,    2404125,    2404125
 2,    2579038,     73.0,     74.0,     73.0,    223.0,  9, 10, 11, 11,    2404125,    2404125,    2404125,    2404125
 2,    2579059,     23.0,     23.0,     23.0,     72.0,  9, 10, 11, 10,      80388,      80388,      80388,      80388
 2,    2579067,     23.0,     23.0,     23.0,     72.0,  9, 10, 11, 10,      80388,      80388,      80388,      80388
 2,    2579080,     24.0,     23.0,     23.0,     73.0,  9, 10, 11,  9,      80388,      80388,      80388,      80388
 2,    2579088,     24.0,     24.0,     23.0,     73.0,  9, 10, 11,  9,      80388,      80388,      80388,      80388
 2,    2579101,     24.0,     24.0,     24.0,     73.0,  9, 10, 11,  9,      80388,      80388,      80388,      80388
 2,    2580517,     24.0,     24.0,     24.0,     74.0,  9, 10, 11,  9,      80648,      80648,      80648,      80648
 2,    2450866,     23.0,     23.0,     23.0,     72.0,  9, 10, 11,  9,      80388,      80388,      80388,      80388
 2,    2599986,     23.0,     23.0,     23.0,     72.0,  9, 10, 11,  9,      80388,      80388,      80388,      80388
 2,    3214198,     23.0,     23.0,     23.0,     72.0,  9, 10, 11,  9,      80388,      80388,      80388,      80388
 2,    2573886,     71.0,     71.0,     71.0,    217.0,  9, 10, 11,  9,    2401506,    2401506,    2401506,    2401506
 2,      44399,     44.0,     45.0,     45.0,    145.0,  1,  2,  3,  1,      44398,      44398,      44398,      44398
 2,    2577878,     38.0,     38.0,     38.0,    124.0,  1,  2,  3,  1,      44402,      44402,      44402,      44402
 2,    2452324,     33.0,     33.0,     33.0,    108.0,  9, 10, 11,  9,    2323566,    2323566,    2323566,    2323566
 2,    2575866,     64.0,     64.0,     64.0,    197.0,  9, 10, 11,  9,      80398,      80398,      80398,      80398
 2,    2575874,     65.0,     65.0,     65.0,    198.0,  9, 10, 11,  9,      80398,      80398,      80398,      80398
 2,    2575898,     64.0,     64.0,     64.0,    196.0,  9, 10, 11,  9,      80398,      80398,      80398,      80398
 2,    2575929,     63.0,     63.0,     63.0,    195.0,  9, 10, 11,  9,      80398,      80398,      80398,      80398
 2,    2575974,     62.0,     62.0,     62.0,    194.0,  9, 10, 11,  9,      80398,      80398,      80398,      80398
 2,    2576338,     61.0,     61.0,     61.0,    193.0,  9, 10, 11,  9,      80398,      80398,      80398,      80398
 2,    2576354,     61.0,     61.0,     61.0,    192.0,  9, 10, 11,  9,      80398,      80398,      80398,      80398
 2,    2576367,     45.0,     45.0,     45.0,    139.0,  9, 10, 11, 10,      80365,      80365,      80365,      80365
 2,    2576385,     46.0,     45.0,     46.0,    140.0,  9, 10, 11, 10,      80365,      80365,      80365,      80365
 2,    2576393,     46.0,     46.0,     46.0,    140.0,  9, 10, 11, 10,      80365,      80365,      80365,      80365
 2,    2576409,     47.0,     46.0,     46.0,    141.0,  9, 10, 11, 10,      80365,      80365,      80365,      80365
 2,    2576417,     47.0,     46.0,     47.0,    142.0,  9, 10, 11, 10,      80365,      80365,      80365,      80365
 2,    2451839,     17.0,     17.0,     17.0,     54.0,  9, 10, 11, 10,      80366,      80366,      80366,      80366
 2,    2576473,     72.0,     72.0,     72.0,    224.0,  9, 10, 11,  9,    2402586,    2402586,    2402586,    2402586
 2,    2576489,     36.0,     36.0,     36.0,    111.0,  9, 10, 11,  9,      80211,      80211,      80211,      80211
 2,    2528661,     35.0,     35.0,     35.0,    110.0,  9, 10, 11,  9,      80211,      80211,      80211,      80211
 2,    2528667,     17.0,     17.0,     17.0,     54.0,  9, 10, 11,  9,    2375138,    2375138,    2375138,    2375138
 2,      44354,     17.0,     18.0,     18.0,     55.0,  9, 10, 11,  9,      80236,      80236,      80236,      80236
 2,      44353,     17.0,     17.0,     17.0,     55.0,  9, 10, 11,  9,      80234,      80234,      80234,      80234
 2,    2576556,     18.0,     18.0,     18.0,     55.0,  9, 10, 11,  9,    2402610,    2402610,    2402610,    2402610
 2,    2576561,     23.0,     23.0,     23.0,     73.0,  9, 10, 11,  9,    2402611,    2402611,    2402611,    2402611
 2,    2528688,     17.0,     17.0,     17.0,     54.0,  9, 10, 11,  9,      80224,      80224,      80224,      80224
 2,    2528685,     17.0,     17.0,     17.0,     54.0,  9, 10, 11,  9,      80224,      80224,      80224,      80224
 2,      44356,     17.0,     17.0,     17.0,     55.0,  9, 10, 11,  9,      80240,      80240,      80240,      80240
 2,      44357,     56.0,     56.0,     56.0,    183.0,  1,  2,  3,  1,      44356,      44356,      44356,      44356
 2,    2528723,     17.0,     17.0,     17.0,     54.0,  9, 10, 11,  9,    2375175,    2375175,    2375175,    2375175
 2,      44368,     17.0,     17.0,     17.0,     55.0,  9, 10, 11,  9,      80259,      80259,      80259,      80259
 2,      44367,     17.0,     17.0,     17.0,     55.0,  9, 10, 11,  9,      80257,      80257,      80257,      80257
 2,    2528742,     17.0,     17.0,     17.0,     55.0,  9, 10, 11,  9,    2375186,    2375186,    2375186,    2375186
 2,    2528747,     17.0,     17.0,     17.0,     55.0,  9, 10, 11,  9,    2375187,    2375187,    2375187,    2375187
 2,      44386,     17.0,     17.0,     17.0,     55.0,  9, 10, 11,  9,      80263,      80263,      80263,      80263
 2,      44370,     17.0,     17.0,     17.0,     54.0,  9, 10, 11,  9,      80262,      80262,      80262,      80262
 2,    2528773,     17.0,     17.0,     17.0,     55.0,  9, 10, 11,  9,      80252,      80252,      80252,      80252
 2,    2528781,     17.0,     17.0,     17.0,     55.0,  9, 10, 11,  9,      80252,      80252,      80252,      80252
 2,      44390,     17.0,     17.0,     17.0,     54.0,  9, 10, 11,  9,      80292,      80292,      80292,      80292
 2,      44389,     17.0,     17.0,     17.0,     54.0,  9, 10, 11,  9,      80292,      80292,      80292,      80292
 2,      44398,     17.0,     17.0,     17.0,     55.0,  9, 10, 11,  9,      80304,      80304,      80304,      80304
 2,      44416,     17.0,     17.0,     17.0,     54.0,  9, 10, 11,  9,      80330,      80330,      80330,      80330
 2,      44418,     17.0,     17.0,     17.0,     54.0,  9, 10, 11,  9,      80333,      80333,      80333,      80333
 2,      44423,     17.0,     17.0,     17.0,     54.0,  9, 10, 11,  9,      80342,      80342,      80342,      80342
 2,      44422,     17.0,     17.0,     17.0,     54.0,  9, 10, 11,  9,      80340,      80340,      80340,      80340
 2,      44426,     17.0,     17.0,     17.0,     54.0,  9, 10, 11,  9,      80347,      80347,      80347,      80347
 2,      44425,     16.0,     16.0,     16.0,     51.0,  1,  2,  3,  1,      44425,      44425,      44425,      44425
 2,    2537314,     17.0,     17.0,     17.0,     54.0,  9, 10, 11,  9,      80224,      80224,      80224,      80224
 2,    2537322,     49.0,     49.0,     49.0,    151.0,  9, 10, 11,  9,    2381264,    2381264,    2381264,    2381264
 2,    2537330,     48.0,     48.0,     47.0,    149.0,  9, 10, 11, 11,    2381267,    2381267,    2381267,    2381267
 2,    2577849,     70.0,     71.0,     70.0,    215.0,  9, 10, 11,  9,    2401506,    2401506,    2401506,    2401506
 2,    2577859,     71.0,     72.0,     71.0,    217.0,  9, 10, 11,  9,    2401506,    2401506,    2401506,    2401506
 2,    2578099,     23.0,     23.0,     23.0,     71.0,  9, 10, 11, 10,      80388,      80388,      80388,      80388
 2,    2578118,     23.0,     23.0,     23.0,     71.0,  9, 10, 11, 10,      80388,      80388,      80388,      80388
 2,    2578129,     23.0,     22.0,     22.0,     71.0,  9, 10, 11, 10,      80388,      80388,      80388,      80388
 2,    2450878,     22.0,     22.0,     22.0,     71.0,  9, 10, 11,  9,      80388,      80388,      80388,      80388
 2,    2597366,     24.0,     24.0,     24.0,     74.0,  9, 10, 11,  9,      80648,      80648,      80648,      80648
 3,    2579020,     74.0,     74.0,     74.0,    225.0,  9, 10, 11,  9,    2404125,    2404125,    2404125,    2404125
 3,    2579038,     74.0,     73.0,     74.0,    224.0,  9, 10, 11,  9,    2404125,    2404125,    2404125,    2404125
 3,    2579059,     23.0,     23.0,     23.0,     72.0,  9, 10, 11,  9,      80388,      80388,      80388,      80388
 3,    2579067,     23.0,     23.0,     23.0,     72.0,  9, 10, 11,  9,      80388,      80388,      80388,      80388
 3,    2579080,     23.0,     23.0,     23.0,     72.0,  9, 10, 11, 10,      80388,      80388,      80388,      80388
 3,    2579088,     24.0,     23.0,     23.0,     73.0,  9, 10, 11,  9,      80388,      80388,      80388,      80388
 3,    2579101,     24.0,     24.0,     24.0,     73.0,  9, 10, 11,  9,      80388,      80388,      80388,      80388
 3,    2580517,     24.0,     24.0,     24.0,     74.0,  9, 10, 11,  9,      80648,      80648,      80648,      80648
 3,    2450866,     23.0,     23.0,     23.0,     72.0,  9, 10, 11,  9,      80388,      80388,      80388,      80388
 3,    2599986,     23.0,     23.0,     23.0,     71.0,  9, 10, 11, 10,      80388,      80388,      80388,      80388
 3,    3214198,     23.0,     23.0,     23.0,     72.0,  9, 10, 11,  9,      80388,      80388,      80388,      80388
 3,    2573886,     71.0,     72.0,     72.0,    218.0,  9, 10, 11,  9,    2401506,    2401506,    2401506,    2401506
 3,      44399,     45.0,     45.0,     45.0,    145.0,  1,  2,  3,  1,      44398,      44398,      44398,      44398
 3,    2577878,     38.0,     38.0,     38.0,    124.0,  1,  2,  3,  1,      44402,      44402,      44402,      44402
 3,    2452324,     33.0,     33.0,     33.0,    108.0,  9, 10, 11,  9,    2323566,    2323566,    2323566,    2323566
 3,    2575866,     64.0,     64.0,     64.0,    197.0,  9, 10, 11,  9,      80398,      80398,      80398,      80398
 3,    2575874,     65.0,     65.0,     65.0,    198.0,  9, 10, 11,  9,      80398,      80398,      80398,      80398
 3,    2575898,     64.0,     64.0,     64.0,    196.0,  9, 10, 11,  9,      80398,      80398,      80398,      80398
 3,    2575929,     63.0,     63.0,     63.0,    195.0,  9, 10, 11,  9,      80398,      80398,      80398,      80398
 3,    2575974,     62.0,     62.0,     62.0,    194.0,  9, 10, 11,  9,      80398,      80398,      80398,      80398
 3,    2576338,     61.0,     61.0,     61.0,    193.0,  9, 10, 11,  9,      80398,      80398,      80398,      80398
 3,    2576354,     61.0,     61.0,     61.0,    192.0,  9, 10, 11,  9,      80398,      80398,      80398,      80398
 3,    2576367,     45.0,     45.0,     45.0,    139.0,  9, 10, 11, 10,      80365,      80365,      80365,      80365
 3,    2576385,     46.0,     45.0,     45.0,    140.0,  9, 10, 11, 10,      80365,      80365,      80365,      80365
 3,    2576393,     46.0,     46.0,     46.0,    140.0,  9, 10, 11, 10,      80365,      80365,      80365,      80365
 3,    2576409,     46.0,     46.0,     46.0,    141.0,  9, 10, 11, 10,      80365,      80365,      80365,      80365
 3,    2576417,     47.0,     46.0,     47.0,    142.0,  9, 10, 11,  9,      80365,      80365,      80365,      80365
 3,    2451839,     17.0,     17.0,     17.0,     54.0,  9, 10, 11, 10,      80366,      80366,      80366,      80366
 3,    2576473,     72.0,     72.0,     72.0,    224.0,  9, 10, 11,  9,    2402586,    2402586,    2402586,    2402586
 3,    2576489,     36.0,     36.0,     36.0,    111.0,  9, 10, 11,  9,      80211,      80211,      80211,      80211
 3,    2528661,     35.0,     35.0,     35.0,    110.0,  9, 10, 11,  9,      80211,      80211,      80211,      80211
 3,    2528667,     17.0,     17.0,     17.0,     54.0,  9, 10, 11,  9,    2375138,    2375138,    2375138,    2375138
 3,      44354,     17.0,     18.0,     18.0,     55.0,  9, 10, 11,  9,      80236,      80236,      80236,      80236
 3,      44353,     17.0,     17.0,     17.0,     55.0,  9, 10, 11,  9,      80234,      80234,      80234,      80234
 3,    2576556,     18.0,     18.0,     18.0,     55.0,  9, 10, 11,  9,    2402610,    2402610,    2402610,    2402610
 3,    2576561,     23.0,     23.0,     23.0,     73.0,  9, 10, 11,  9,    2402611,    2402611,    2402611,    2402611
 3,    2528688,     17.0,     17.0,     17.0,     54.0,  9, 10, 11,  9,      80224,      80224,      80224,      80224
 3,    2528685,     17.0,     17.0,     17.0,     54.0,  9, 10, 11,  9,      80224,      80224,      80224,      80224
 3,      44356,     17.0,     17.0,     17.0,     55.0,  9, 10, 11,  9,      80240,      80240,      80240,      80240
 3,      44357,     56.0,     56.0,     56.0,    183.0,  1,  2,  3,  1,      44356,      44356,      44356,      44356
 3,    2528723,     17.0,     17.0,     17.0,     54.0,  9, 10, 11,  9,    2375175,    2375175,    2375175,    2375175
 3,      44368,     17.0,     17.0,     17.0,     55.0,  9, 10, 11,  9,      80259,      80259,      80259,      80259
 3,      44367,     17.0,     17.0,     17.0,     55.0,  9, 10, 11,  9,      80257,      80257,      80257,      80257
 3,    2528742,     17.0,     17.0,     17.0,     55.0,  9, 10, 11,  9,    2375186,    2375186,    2375186,    2375186
 3,    2528747,     17.0,     17.0,     17.0,     55.0,  9, 10, 11,  9,    2375187,    2375187,    2375187,    2375187
 3,      44386,     17.0,     17.0,     17.0,     55.0,  9, 10, 11,  9,      80263,      80263,      80263,      80263
 3,      44370,     17.0,     17.0,     17.0,     54.0,  9, 10, 11,  9,      80262,      80262,      80262,      80262
 3,    2528773,     17.0,     17.0,     17.0,     55.0,  9, 10, 11,  9,      80252,      80252,      80252,      80252
 3,    2528781,     17.0,     17.0,     17.0,     55.0,  9, 10, 11,  9,      80252,      80252,      80252,      80252
 3,      44390,     17.0,     17.0,     17.0,     54.0,  9, 10, 11,  9,      80292,      80292,      80292,      80292
 3,      44389,     17.0,     17.0,     17.0,     54.0,  9, 10, 11,  9,      80292,      80292,      80292,      80292
 3,      44398,     17.0,     17.0,     17.0,     55.0,  9, 10, 11,  9,      80304,      80304,      80304,      80304
 3,      44416,     17.0,     17.0,     17.0,     54.0,  9, 10, 11,  9,      80330,      80330,      80330,      80330
 3,      44418,     17.0,     17.0,     17.0,     54.0,  9, 10, 11,  9,      80333,      80333,      80333,      80333
 3,      44423,     17.0,     17.0,     17.0,     54.0,  9, 10, 11,  9,      80342,      80342,      80342,      80342
 3,      44422,     17.0,     17.0,     17.0,     54.0,  9, 10, 11,  9,      80340,      80340,      80340,      80340
 3,      44426,     17.0,     17.0,     17.0,     54.0,  9, 10, 11,  9,      80347,      80347,      80347,      80347
 3,      44425,     16.0,     16.0,     16.0,     51.0,  1,  2,  3,  1,      44425,      44425,      44425,      44425
 3,    2537314,     17.0,     17.0,     17.0,     54.0,  9, 10, 11,  9,      80224,      80224,      80224,      80224
 3,    2537322,     49.0,     49.0,     49.0,    151.0,  9, 10, 11,  9,    2381264,    2381264,    2381264,    2381264
 3,    2537330,     48.0,     48.0,     48.0,    149.0,  9, 10, 11, 11,    2381267,    2381267,    2381267,    2381267
 3,    2577849,     71.0,     71.0,     71.0,    217.0,  9, 10, 11,  9,    2401506,    2401506,    2401506,    2401506
 3,    2577859,     72.0,     72.0,     72.0,    219.0,  9, 10, 11,  9,    2401506,    2401506,    2401506,    2401506
 3,    2578099,     23.0,     23.0,     23.0,     71.0,  9, 10, 11, 10,      80388,      80388,      80388,      80388
 3,    2578118,     23.0,     23.0,     23.0,     71.0,  9, 10, 11,  9,      80388,      80388,      80388,      80388
 3,    2578129,     22.0,     22.0,     22.0,     71.0,  9, 10, 11,  9,      80388,      80388,      80388,      80388
 3,    2450878,     22.0,     22.0,     22.0,     71.0,  9, 10, 11,  9,      80388,      80388,      80388,      80388
 3,    2597366,     24.0,     24.0,     24.0,     74.0,  9, 10, 11,  9,      80648,      80648,      80648,      80648
 4,    2579020,     74.0,     74.0,     74.0,    225.0,  9, 10, 11, 11,    2404125,    2404125,    2404125,    2404125
 4,    2579038,     74.0,     74.0,     73.0,    224.0,  9, 10, 11,  9,    2404125,    2404125,    2404125,    2404125
 4,    2579059,     23.0,     23.0,     23.0,     72.0,  9, 10, 11,  9,      80388,      80388,      80388,      80388
 4,    2579067,     23.0,     23.0,     23.0,     72.0,  9, 10, 11,  9,      80388,      80388,      80388,      80388
 4,    2579080,     23.0,     23.0,     23.0,     73.0,  9, 10, 11,  9,      80388,      80388,      80388,      80388
 4,    2579088,     24.0,     24.0,     24.0,     73.0,  9, 10, 11,  9,      80388,      80388,      80388,      80388
 4,    2579101,     24.0,     24.0,     24.0,     73.0,  9, 10, 11,  9,      80388,      80388,      80388,      80388
 4,    2580517,     24.0,     24.0,     24.0,     74.0,  9, 10, 11,  9,      80648,      80648,      80648,      80648
 4,    2450866,     23.0,     23.0,     23.0,     72.0,  9, 10, 11,  9,      80388,      80388,      80388,      80388
 4,    2599986,     23.0,     23.0,     23.0,     72.0,  9, 10, 11,  9,      80388,      80388,      80388,      80388
 4,    3214198,     23.0,     23.0,     23.0,     72.0,  9, 10, 11,  9,      80388,      80388,      80388,      80388
 4,    2573886,     71.0,     72.0,     72.0,    219.0,  9, 10, 11,  9,    2401506,    2401506,    2401506,    2401506
 4,      44399,     44.0,     45.0,     45.0,    145.0,  1,  2,  3,  1,      44398,      44398,      44398,      44398
 4,    2577878,     38.0,     38.0,     38.0,    124.0,  1,  2,  3,  1,      44402,      44402,      44402,      44402
 4,    2452324,     33.0,     33.0,     33.0,    108.0,  9, 10, 11,  9,    2323566,    2323566,    2323566,    2323566
 4,    2575866,     64.0,     64.0,     64.0,    197.0,  9, 10, 11,  9,      80398,      80398,      80398,      80398
 4,    2575874,     65.0,     65.0,     65.0,    198.0,  9, 10, 11,  9,      80398,      80398,      80398,      80398
 4,    2575898,     64.0,     64.0,     64.0,    196.0,  9, 10, 11,  9,      80398,      80398,      80398,      80398
 4,    2575929,     63.0,     63.0,     63.0,    195.0,  9, 10, 11,  9,      80398,      80398,      80398,      80398
 4,    2575974,     62.0,     62.0,     62.0,    194.0,  9, 10, 11,  9,      80398,      80398,      80398,      80398
 4,    2576338,     61.0,     61.0,     61.0,    193.0,  9, 10, 11,  9,      80398,      80398,      80398,      80398
 4,    2576354,     61.0,     61.0,     61.0,    192.0,  9, 10, 11,  9,      80398,      80398,      80398,      80398
 4,    2576367,     45.0,     45.0,     45.0,    138.0,  9, 10, 11,  9,      80365,      80365,      80365,      80365
 4,    2576385,     45.0,     46.0,     45.0,    139.0,  9, 10, 11,  9,      80365,      80365,      80365,      80365
 4,    2576393,     45.0,     46.0,     46.0,    140.0,  9, 10, 11,  9,      80365,      80365,      80365,      80365
 4,    2576409,     46.0,     47.0,     46.0,    141.0,  9, 10, 11,  9,      80365,      80365,      80365,      80365
 4,    2576417,     46.0,     47.0,     47.0,    141.0,  9, 10, 11,  9,      80365,      80365,      80365,      80365
 4,    2451839,     17.0,     17.0,     17.0,     54.0,  9, 10, 11, 10,      80366,      80366,      80366,      80366
 4,    2576473,     72.0,     72.0,     72.0,    224.0,  9, 10, 11,  9,    2402586,    2402586,    2402586,    2402586
 4,    2576489,     36.0,     36.0,     36.0,    111.0,  9, 10, 11,  9,      80211,      80211,      80211,      80211
 4,    2528661,     35.0,     35.0,     35.0,    110.0,  9, 10, 11,  9,      80211,      80211,      80211,      80211
 4,    2528667,     17.0,     17.0,     17.0,     54.0,  9, 10, 11,  9,    2375138,    2375138,    2375138,    2375138
 4,      44354,     17.0,     18.0,     18.0,     55.0,  9, 10, 11,  9,      80236,      80236,      80236,      80236
 4,      44353,     17.0,     17.0,     17.0,     55.0,  9, 10, 11,  9,      80234,      80234,      80234,      80234
 4,    2576556,     18.0,     18.0,     18.0,     55.0,  9, 10, 11,  9,    2402610,    2402610,    2402610,    2402610
 4,    2576561,     23.0,     23.0,     23.0,     73.0,  9, 10, 11,  9,    2402611,    2402611,    2402611,    2402611
 4,    2528688,     17.0,     17.0,     17.0,     54.0,  9, 10, 11,  9,      80224,      80224,      80224,      80224
 4,    2528685,     17.0,     17.0,     17.0,     54.0,  9, 10, 11,  9,      80224,      80224,      80224,      80224
 4,      44356,     17.0,     17.0,     17.0,     55.0,  9, 10, 11,  9,      80240,      80240,      80240,      80240
 4,      44357,     56.0,     56.0,     56.0,    183.0,  1,  2,  3,  1,      44356,      44356,      44356,      44356
 4,    2528723,     17.0,     17.0,     17.0,     54.0,  9, 10, 11,  9,    2375175,    2375175,    2375175,    2375175
 4,      44368,     17.0,     17.0,     17.0,     55.0,  9, 10, 11,  9,      80259,      80259,      80259,      80259
 4,      44367,     17.0,     17.0,     17.0,     55.0,  9, 10, 11,  9,      80257,      80257,      80257,      80257
 4,    2528742,     17.0,     17.0,     17.0,     55.0,  9, 10, 11,  9,    2375186,    2375186,    2375186,    2375186
 4,    2528747,     17.0,     17.0,     17.0,     55.0,  9, 10, 11,  9,    2375187,    2375187,    2375187,    2375187
 4,      44386,     17.0,     17.0,     17.0,     55.0,  9, 10, 11,  9,      80263,      80263,      80263,      80263
 4,      44370,     17.0,     17.0,     17.0,     54.0,  9, 10, 11,  9,      80262,      80262,      80262,      80262
 4,    2528773,     17.0,     17.0,     17.0,     55.0,  9, 10, 11,  9,      80252,      80252,      80252,      80252
 4,    2528781,     17.0,     17.0,     17.0,     55.0,  9, 10, 11,  9,      80252,      80252,      80252,      80252
 4,      44390,     17.0,     17.0,     17.0,     54.0,  9, 10, 11,  9,      80292,      80292,      80292,      80292
 4,      44389,     17.0,     17.0,     17.0,     54.0,  9, 10, 11,  9,      80292,      80292,      80292,      80292
 4,      44398,     17.0,     17.0,     17.0,     55.0,  9, 10, 11,  9,      80304,      80304,      80304,      80304
 4,      44416,     17.0,     17.0,     17.0,     54.0,  9, 10, 11,  9,      80330,      80330,      80330,      80330
 4,      44418,     17.0,     17.0,     17.0,     54.0,  9, 10, 11,  9,      80333,      80333,      80333,      80333
 4,      44423,     17.0,     17.0,     17.0,     54.0,  9, 10, 11,  9,      80342,      80342,      80342,      80342
 4,      44422,     17.0,     17.0,     17.0,     54.0,  9, 10, 11,  9,      80340,      80340,      80340,      80340
 4,      44426,     17.0,     17.0,     17.0,     54.0,  9, 10, 11,  9,      80347,      80347,      80347,      80347
 4,      44425,     16.0,     16.0,     16.0,     51.0,  1,  2,  3,  1,      44425,      44425,      44425,      44425
 4,    2537314,     17.0,     17.0,     17.0,     54.0,  9, 10, 11,  9,      80224,      80224,      80224,      80224
 4,    2537322,     49.0,     49.0,     49.0,    151.0,  9, 10, 11,  9,    2381264,    2381264,    2381264,    2381264
 4,    2537330,     48.0,     48.0,     48.0,    149.0,  9, 10, 11, 11,    2381267,    2381267,    2381267,    2381267
 4,    2577849,     71.0,     71.0,     71.0,    217.0,  9, 10, 11,  9,    2401506,    2401506,    2401506,    2401506
 4,    2577859,     72.0,     72.0,     72.0,    219.0,  9, 10, 11,  9,    2401506,    2401506,    2401506,    2401506
 4,    2578099,     23.0,     23.0,     23.0,     71.0,  9, 10, 11, 10,      80388,      80388,      80388,      80388
 4,    2578118,     23.0,     23.0,     23.0,     71.0,  9, 10, 11, 10,      80388,      80388,      80388,      80388
 4,    2578129,     22.0,     22.0,     22.0,     71.0,  9, 10, 11,  9,      80388,      80388,      80388,      80388
 4,    2450878,     22.0,     22.0,     22.0,     71.0,  9, 10, 11,  9,      80388,      80388,      80388,      80388
 4,    2597366,     24.0,     24.0,     24.0,     74.0,  9, 10, 11,  9,      80648,      80648,      80648,      80648
 5,    2579020,     74.0,     74.0,     74.0,    224.0,  9, 10, 11, 11,    2404125,    2404125,    2404125,    2404125
 5,    2579038,     73.0,     74.0,     73.0,    223.0,  9, 10, 11, 11,    2404125,    2404125,    2404125,    2404125
 5,    2579059,     23.0,     23.0,     23.0,     72.0,  9, 10, 11,  9,      80388,      80388,      80388,      80388
 5,    2579067,     23.0,     23.0,     23.0,     72.0,  9, 10, 11, 10,      80388,      80388,      80388,      80388
 5,    2579080,     23.0,     23.0,     23.0,     73.0,  9, 10, 11,  9,      80388,      80388,      80388,      80388
 5,    2579088,     24.0,     24.0,     23.0,     73.0,  9, 10, 11,  9,      80388,      80388,      80388,      80388
 5,    2579101,     24.0,     24.0,     24.0,     73.0,  9, 10, 11,  9,      80388,      80388,      80388,      80388
 5,    2580517,     24.0,     24.0,     24.0,     74.0,  9, 10, 11,  9,      80648,      80648,      80648,      80648
 5,    2450866,     23.0,     23.0,     23.0,     72.0,  9, 10, 11,  9,      80388,      80388,      80388,      80388
 5,    2599986,     23.0,     23.0,     23.0,     72.0,  9, 10, 11,  9,      80388,      80388,      80388,      80388
 5,    3214198,     23.0,     23.0,     23.0,     72.0,  9, 10, 11,  9,      80388,      80388,      80388,      80388
 5,    2573886,     71.0,     72.0,     72.0,    217.0,  9, 10, 11,  9,    2401506,    2401506,    2401506,    2401506
 5,      44399,     44.0,     44.0,     45.0,    145.0,  1,  2,  3,  1,      44398,      44398,      44398,      44398
 5,    2577878,     38.0,     38.0,     38.0,    124.0,  1,  2,  3,  1,      44402,      44402,      44402,      44402
 5,    2452324,     33.0,     33.0,     33.0,    108.0,  9, 10, 11,  9,    2323566,    2323566,    2323566,    2323566
 5,    2575866,     64.0,     64.0,     64.0,    197.0,  9, 10, 11,  9,      80398,      80398,      80398,      80398
 5,    2575874,     65.0,     65.0,     65.0,    198.0,  9, 10, 11,  9,      80398,      80398,      80398,      80398
 5,    2575898,     64.0,     64.0,     64.0,    196.0,  9, 10, 11,  9,      80398,      80398,      80398,      80398
 5,    2575929,     63.0,     63.0,     63.0,    194.0,  9, 10, 11,  9,      80398,      80398,      80398,      80398
 5,    2575974,     62.0,     62.0,     62.0,    193.0,  9, 10, 11,  9,      80398,      80398,      80398,      80398
 5,    2576338,     61.0,     61.0,     61.0,    192.0,  9, 10, 11,  9,      80398,      80398,      80398,      80398
 5,    2576354,     61.0,     61.0,     61.0,    191.0,  9, 10, 11,  9,      80398,      80398,      80398,      80398
 5,    2576367,     45.0,     45.0,     45.0,    139.0,  9, 10, 11, 10,      80365,      80365,      80365,      80365
 5,    2576385,     46.0,     45.0,     46.0,    140.0,  9, 10, 11, 10,      80365,      80365,      80365,      80365
 5,    2576393,     46.0,     45.0,     46.0,    140.0,  9, 10, 11, 10,      80365,      80365,      80365,      80365
 5,    2576409,     47.0,     46.0,     46.0,    141.0,  9, 10, 11, 10,      80365,      80365,      80365,      80365
 5,    2576417,     47.0,     46.0,     47.0,    142.0,  9, 10, 11, 10,      80365,      80365,      80365,      80365
 5,    2451839,     17.0,     17.0,     17.0,     54.0,  9, 10, 11, 10,      80366,      80366,      80366,      80366
 5,    2576473,     72.0,     72.0,     72.0,    224.0,  9, 10, 11,  9,    2402586,    2402586,    2402586,    2402586
 5,    2576489,     36.0,     36.0,     36.0,    111.0,  9, 10, 11,  9,      80211,      80211,      80211,      80211
 5,    2528661,     35.0,     35.0,     35.0,    110.0,  9, 10, 11,  9,      80211,      80211,      80211,      80211
 5,    2528667,     17.0,     17.0,     17.0,     54.0,  9, 10, 11,  9,    2375138,    2375138,    2375138,    2375138
 5,      44354,     17.0,     18.0,     18.0,     55.0,  9, 10, 11,  9,      80236,      80236,      80236,      80236
 5,      44353,     17.0,     17.0,     17.0,     55.0,  9, 10, 11,  9,      80234,      80234,      80234,      80234
 5,    2576556,     18.0,     18.0,     18.0,     55.0,  9, 10, 11,  9,    2402610,    2402610,    2402610,    2402610
 5,    2576561,     23.0,     23.0,     23.0,     73.0,  9, 10, 11,  9,    2402611,    2402611,    2402611,    2402611
 5,    2528688,     17.0,     17.0,     17.0,     54.0,  9, 10, 11,  9,      80224,      80224,      80224,      80224
 5,    2528685,     17.0,     17.0,     17.0,     54.0,  9, 10, 11,  9,      80224,      80224,      80224,      80224
 5,      44356,     17.0,     17.0,     17.0,     55.0,  9, 10, 11,  9,      80240,      80240,      80240,      80240
 5,      44357,     56.0,     56.0,     56.0,    183.0,  1,  2,  3,  1,      44356,      44356,      44356,      44356
 5,    2528723,     17.0,     17.0,     17.0,     54.0,  9, 10, 11,  9,    2375175,    2375175,    2375175,    2375175
 5,      44368,     17.0,     17.0,     17.0,     55.0,  9, 10, 11,  9,      80259,      80259,      80259,      80259
 5,      44367,     17.0,     17.0,     17.0,     55.0,  9, 10, 11,  9,      80257,      80257,      80257,      80257
 5,    2528742,     17.0,     17.0,     17.0,     55.0,  9, 10, 11,  9,    2375186,    2375186,    2375186,    2375186
 5,    2528747,     17.0,     17.0,     17.0,     55.0,  9, 10, 11,  9,    2375187,    2375187,    2375187,    2375187
 5,      44386,     17.0,     17.0,     17.0,     55.0,  9, 10, 11,  9,      80263,      80263,      80263,      80263
 5,      44370,     17.0,     17.0,     17.0,     54.0,  9, 10, 11,  9,      80262,      80262,      80262,      80262
 5,    2528773,     17.0,     17.0,     17.0,     55.0,  9, 10, 11,  9,      80252,      80252,      80252,      80252
 5,    2528781,     17.0,     17.0,     17.0,     55.0,  9, 10, 11,  9,      80252,      80252,      80252,      80252
 5,      44390,     17.0,     17.0,     17.0,     54.0,  9, 10, 11,  9,      80292,      80292,      80292,      80292
 5,      44389,     17.0,     17.0,     17.0,     54.0,  9, 10, 11,  9,      80292,      80292,      80292,      80292
 5,      44398,     17.0,     17.0,     17.0,     55.0,  9, 10, 11,  9,      80304,      80304,      80304,      80304
 5,      44416,     17.0,     17.0,     17.0,     54.0,  9, 10, 11,  9,      80330,      80330,      80330,      80330
 5,      44418,     17.0,     17.0,     17.0,     54.0,  9, 10, 11,  9,      80333,      80333,      80333,      80333
 5,      44423,     17.0,     17.0,     17.0,     54.0,  9, 10, 11,  9,      80342,      80342,      80342,      80342
 5,      44422,     17.0,     17.0,     17.0,     54.0,  9, 10, 11,  9,      80340,      80340,      80340,      80340
 5,      44426,     17.0,     17.0,     17.0,     54.0,  9, 10, 11,  9,      80347,      80347,      80347,      80347
 5,      44425,     16.0,     16.0,     16.0,     51.0,  1,  2,  3,  1,      44425,      44425,      44425,      44425
 5,    2537314,     17.0,     17.0,     17.0,     54.0,  9, 10, 11,  9,      80224,      80224,      80224,      80224
 5,    2537322,     49.0,     49.0,     49.0,    151.0,  9, 10, 11,  9,    2381264,    2381264,    2381264,    2381264
 5,    2537330,     48.0,     48.0,     48.0,    149.0,  9, 10, 11, 11,    2381267,    2381267,    2381267,    2381267
 5,    2577849,     70.0,     71.0,     71.0,    216.0,  9, 10, 11,  9,    2401506,    2401506,    2401506,    2401506
 5,    2577859,     71.0,     72.0,     72.0,    217.0,  9, 10, 11,  9,    2401506,    2401506,    2401506,    2401506
 5,    2578099,     23.0,     23.0,     23.0,     71.0,  9, 10, 11, 11,      80388,      80388,      80388,      80388
 5,    2578118,     23.0,     23.0,     23.0,     71.0,  9, 10, 11, 11,      80388,      80388,      80388,      80388
 5,    2578129,     22.0,     22.0,     22.0,     71.0,  9, 10, 11,  9,      80388,      80388,      80388,      80388
 5,    2450878,     22.0,     22.0,     22.0,     71.0,  9, 10, 11,  9,      80388,      80388,      80388,      80388
 5,    2597366,     24.0,     24.0,     24.0,     74.0,  9, 10, 11,  9,      80648,      80648,      80648,      80648
 6,    2579020,     74.0,     74.0,     74.0,    224.0,  9, 10, 11,  9,    2404125,    2404125,    2404125,    2404125
 6,    2579038,     73.0,     74.0,     73.0,    223.0,  9, 10, 11,  9,    2404125,    2404125,    2404125,    2404125
 6,    2579059,     23.0,     23.0,     23.0,     71.0,  9, 10, 11, 10,      80388,      80388,      80388,      80388
 6,    2579067,     23.0,     23.0,     23.0,     71.0,  9, 10, 11, 10,      80388,      80388,      80388,      80388
 6,    2579080,     24.0,     23.0,     23.0,     72.0,  9, 10, 11, 10,      80388,      80388,      80388,      80388
 6,    2579088,     24.0,     23.0,     23.0,     72.0,  9, 10, 11, 10,      80388,      80388,      80388,      80388
 6,    2579101,     24.0,     23.0,     24.0,     72.0,  9, 10, 11, 10,      80388,      80388,      80388,      80388
 6,    2580517,     24.0,     24.0,     24.0,     74.0,  9, 10, 11,  9,      80648,      80648,      80648,      80648
 6,    2450866,     23.0,     23.0,     23.0,     71.0,  9, 10, 11, 10,      80388,      80388,      80388,      80388
 6,    2599986,     23.0,     22.0,     23.0,     71.0,  9, 10, 11, 10,      80388,      80388,      80388,      80388
 6,    3214198,     23.0,     22.0,     23.0,     71.0,  9, 10, 11, 10,      80388,      80388,      80388,      80388
 6,    2573886,     71.0,     71.0,     71.0,    217.0,  9, 10, 11,  9,    2401506,    2401506,    2401506,    2401506
 6,      44399,     45.0,     44.0,     45.0,    145.0,  1,  2,  3,  1,      44398,      44398,      44398,      44398
 6,    2577878,     38.0,     38.0,     38.0,    124.0,  1,  2,  3,  1,      44402,      44402,      44402,      44402
 6,    2452324,     33.0,     33.0,     33.0,    108.0,  9, 10, 11,  9,    2323566,    2323566,    2323566,    2323566
 6,    2575866,     64.0,     64.0,     64.0,    197.0,  9, 10, 11,  9,      80398,      80398,      80398,      80398
 6,    2575874,     65.0,     65.0,     65.0,    198.0,  9, 10, 11,  9,      80398,      80398,      80398,      80398
 6,    2575898,     64.0,     64.0,     64.0,    196.0,  9, 10, 11,  9,      80398,      80398,      80398,      80398
 6,    2575929,     63.0,     63.0,     63.0,    195.0,  9, 10, 11,  9,      80398,      80398,      80398,      80398
 6,    2575974,     62.0,     62.0,     62.0,    194.0,  9, 10, 11,  9,      80398,      80398,      80398,      80398
 6,    2576338,     61.0,     61.0,     61.0,    193.0,  9, 10, 11,  9,      80398,      80398,      80398,      80398
 6,    2576354,     61.0,     61.0,     61.0,    192.0,  9, 10, 11,  9,      80398,      80398,      80398,      80398
 6,    2576367,     45.0,     44.0,     45.0,    138.0,  9, 10, 11, 10,      80365,      80365,      80365,      80365
 6,    2576385,     46.0,     45.0,     46.0,    139.0,  9, 10, 11, 10,      80365,      80365,      80365,      80365
 6,    2576393,     46.0,     45.0,     46.0,    139.0,  9, 10, 11, 10,      80365,      80365,      80365,      80365
 6,    2576409,     47.0,     46.0,     46.0,    140.0,  9, 10, 11, 10,      80365,      80365,      80365,      80365
 6,    2576417,     47.0,     46.0,     47.0,    140.0,  9, 10, 11, 10,      80365,      80365,      80365,      80365
 6,    2451839,     17.0,     17.0,     17.0,     54.0,  9, 10, 11, 10,      80366,      80366,      80366,      80366
 6,    2576473,     72.0,     72.0,     72.0,    224.0,  9, 10, 11,  9,    2402586,    2402586,    2402586,    2402586
 6,    2576489,     36.0,     36.0,     36.0,    111.0,  9, 10, 11,  9,      80211,      80211,      80211,      80211
 6,    2528661,     35.0,     35.0,     35.0,    110.0,  9, 10, 11,  9,      80211,      80211,      80211,      80211
 6,    2528667,     17.0,     17.0,     17.0,     54.0,  9, 10, 11,  9,    2375138,    2375138,    2375138,    2375138
 6,      44354,     17.0,     18.0,     18.0,     55.0,  9, 10, 11,  9,      80236,      80236,      80236,      80236
 6,      44353,     17.0,     17.0,     17.0,     55.0,  9, 10, 11,  9,      80234,      80234,      80234,      80234
 6,    2576556,     18.0,     18.0,     18.0,     55.0,  9, 10, 11,  9,    2402610,    2402610,    2402610,    2402610
 6,    2576561,     23.0,     23.0,     23.0,     73.0,  9, 10, 11,  9,    2402611,    2402611,    2402611,    2402611
 6,    2528688,     17.0,     17.0,     17.0,     54.0,  9, 10, 11,  9,      80224,      80224,      80224,      80224
 6,    2528685,     17.0,     17.0,     17.0,     54.0,  9, 10, 11,  9,      80224,      80224,      80224,      80224
 6,      44356,     17.0,     17.0,     17.0,     55.0,  9, 10, 11,  9,      80240,      80240,      80240,      80240
 6,      44357,     56.0,     56.0,     56.0,    183.0,  1,  2,  3,  1,      44356,      44356,      44356,      44356
 6,    2528723,     17.0,     17.0,     17.0,     54.0,  9, 10, 11,  9,    2375175,    2375175,    2375175,    2375175
 6,      44368,     17.0,     17.0,     17.0,     55.0,  9, 10, 11,  9,      80259,      80259,      80259,      80259
 6,      44367,     17.0,     17.0,     17.0,     55.0,  9, 10, 11,  9,      80257,      80257,      80257,      80257
 6,    2528742,     17.0,     17.0,     17.0,     55.0,  9, 10, 11,  9,    2375186,    2375186,    2375186,    2375186
 6,    2528747,     17.0,     17.0,     17.0,     55.0,  9, 10, 11,  9,    2375187,    2375187,    2375187,    2375187
 6,      44386,     17.0,     17.0,     17.0,     55.0,  9, 10, 11,  9,      80263,      80263,      80263,      80263
 6,      44370,     17.0,     17.0,     17.0,     54.0,  9, 10, 11,  9,      80262,      80262,      80262,      80262
 6,    2528773,     17.0,     17.0,     17.0,     55.0,  9, 10, 11,  9,      80252,      80252,      80252,      80252
 6,    2528781,     17.0,     17.0,     17.0,     55.0,  9, 10, 11,  9,      80252,      80252,      80252,      80252
 6,      44390,     17.0,     17.0,     17.0,     54.0,  9, 10, 11,  9,      80292,      80292,      80292,      80292
 6,      44389,     17.0,     17.0,     17.0,     54.0,  9, 10, 11,  9,      80292,      80292,      80292,      80292
 6,      44398,     17.0,     17.0,     17.0,     55.0,  9, 10, 11,  9,      80304,      80304,      80304,      80304
 6,      44416,     17.0,     17.0,     17.0,     54.0,  9, 10, 11,  9,      80330,      80330,      80330,      80330
 6,      44418,     17.0,     17.0,     17.0,     54.0,  9, 10, 11,  9,      80333,      80333,      80333,      80333
 6,      44423,     17.0,     17.0,     17.0,     54.0,  9, 10, 11,  9,      80342,      80342,      80342,      80342
 6,      44422,     17.0,     17.0,     17.0,     54.0,  9, 10, 11,  9,      80340,      80340,      80340,      80340
 6,      44426,     17.0,     17.0,     17.0,     54.0,  9, 10, 11,  9,      80347,      80347,      80347,      80347
 6,      44425,     16.0,     16.0,     16.0,     51.0,  1,  2,  3,  1,      44425,      44425,      44425,      44425
 6,    2537314,     17.0,     17.0,     17.0,     54.0,  9, 10, 11,  9,      80224,      80224,      80224,      80224
 6,    2537322,     49.0,     49.0,     49.0,    151.0,  9, 10, 11,  9,    2381264,    2381264,    2381264,    2381264
 6,    2537330,     48.0,     48.0,     48.0,    149.0,  9, 10, 11, 11,    2381267,    2381267,    2381267,    2381267
 6,    2577849,     70.0,     71.0,     71.0,    216.0,  9, 10, 11,  9,    2401506,    2401506,    2401506,    2401506
 6,    2577859,     71.0,     72.0,     72.0,    218.0,  9, 10, 11,  9,    2401506,    2401506,    2401506,    2401506
 6,    2578099,     23.0,     22.0,     23.0,     71.0,  9, 10, 11, 10,      80388,      80388,      80388,      80388
 6,    2578118,     23.0,     22.0,     22.0,     71.0,  9, 10, 11, 10,      80388,      80388,      80388,      80388
 6,    2578129,     23.0,     22.0,     22.0,     70.0,  9, 10, 11, 10,      80388,      80388,      80388,      80388
 6,    2450878,     22.0,     22.0,     22.0,     70.0,  9, 10, 11, 10,      80388,      80388,      80388,      80388
 6,    2597366,     24.0,     24.0,     24.0,     74.0,  9, 10, 11,  9,      80648,      80648,      80648,      80648
 7,    2579020,     74.0,     74.0,     73.0,    223.0,  9, 10, 11, 10,    2404125,    2404125,    2404125,    2404125
 7,    2579038,     73.0,     73.0,     73.0,    222.0,  9, 10, 11, 10,    2404125,    2404125,    2404125,    2404125
 7,    2579059,     23.0,     23.0,     23.0,     71.0,  9, 10, 11,  9,      80388,      80388,      80388,      80388
 7,    2579067,     23.0,     23.0,     23.0,     71.0,  9, 10, 11,  9,      80388,      80388,      80388,      80388
 7,    2579080,     23.0,     23.0,     23.0,     71.0,  9, 10, 11,  9,      80388,      80388,      80388,      80388
 7,    2579088,     23.0,     23.0,     24.0,     72.0,  9, 10, 11,  9,      80388,      80388,      80388,      80388
 7,    2579101,     23.0,     23.0,     24.0,     72.0,  9, 10, 11,  9,      80388,      80388,      80388,      80388
 7,    2580517,     24.0,     24.0,     24.0,     74.0,  9, 10, 11,  9,      80648,      80648,      80648,      80648
 7,    2450866,     22.0,     23.0,     23.0,     71.0,  9, 10, 11,  9,      80388,      80388,      80388,      80388
 7,    2599986,     22.0,     22.0,     23.0,     70.0,  9, 10, 11,  9,      80388,      80388,      80388,      80388
 7,    3214198,     22.0,     23.0,     23.0,     71.0,  9, 10, 11,  9,      80388,      80388,      80388,      80388
 7,    2573886,     71.0,     71.0,     70.0,    215.0,  9, 10, 11, 11,    2401506,    2401506,    2401506,    2401506
 7,      44399,     44.0,     44.0,     45.0,    145.0,  1,  2,  3,  1,      44398,      44398,      44398,      44398
 7,    2577878,     38.0,     38.0,     38.0,    124.0,  1,  2,  3,  1,      44402,      44402,      44402,      44402
 7,    2452324,     33.0,     33.0,     33.0,    108.0,  9, 10, 11,  9,    2323566,    2323566,    2323566,    2323566
 7,    2575866,     64.0,     64.0,     64.0,    197.0,  9, 10, 11,  9,      80398,      80398,      80398,      80398
 7,    2575874,     65.0,     65.0,     65.0,    198.0,  9, 10, 11,  9,      80398,      80398,      80398,      80398
 7,    2575898,     64.0,     64.0,     64.0,    196.0,  9, 10, 11,  9,      80398,      80398,      80398,      80398
 7,    2575929,     63.0,     63.0,     63.0,    195.0,  9, 10, 11,  9,      80398,      80398,      80398,      80398
 7,    2575974,     62.0,     62.0,     62.0,    194.0,  9, 10, 11,  9,      80398,      80398,      80398,      80398
 7,    2576338,     61.0,     61.0,     61.0,    193.0,  9, 10, 11,  9,      80398,      80398,      80398,      80398
 7,    2576354,     61.0,     61.0,     61.0,    192.0,  9, 10, 11,  9,      80398,      80398,      80398,      80398
 7,    2576367,     45.0,     45.0,     44.0,    137.0,  9, 10, 11, 11,      80365,      80365,      80365,      80365
 7,    2576385,     45.0,     46.0,     45.0,    138.0,  9, 10, 11, 11,      80365,      80365,      80365,      80365
 7,    2576393,     46.0,     46.0,     45.0,    138.0,  9, 10, 11, 11,      80365,      80365,      80365,      80365
 7,    2576409,     46.0,     46.0,     45.0,    139.0,  9, 10, 11, 11,      80365,      80365,      80365,      80365
 7,    2576417,     46.0,     47.0,     46.0,    140.0,  9, 10, 11, 11,      80365,      80365,      80365,      80365
 7,    2451839,     17.0,     17.0,     17.0,     54.0,  9, 10, 11, 10,      80366,      80366,      80366,      80366
 7,    2576473,     72.0,     72.0,     72.0,    224.0,  9, 10, 11,  9,    2402586,    2402586,    2402586,    2402586
 7,    2576489,     36.0,     36.0,     36.0,    111.0,  9, 10, 11,  9,      80211,      80211,      80211,      80211
 7,    2528661,     35.0,     35.0,     35.0,    110.0,  9, 10, 11,  9,      80211,      80211,      80211,      80211
 7,    2528667,     17.0,     17.0,     17.0,     54.0,  9, 10, 11,  9,    2375138,    2375138,    2375138,    2375138
 7,      44354,     17.0,     18.0,     18.0,     55.0,  9, 10, 11,  9,      80236,      80236,      80236,      80236
 7,      44353,     17.0,     17.0,     17.0,     55.0,  9, 10, 11,  9,      80234,      80234,      80234,      80234
 7,    2576556,     18.0,     18.0,     18.0,     55.0,  9, 10, 11,  9,    2402610,    2402610,    2402610,    2402610
 7,    2576561,     23.0,     23.0,     23.0,     73.0,  9, 10, 11,  9,    2402611,    2402611,    2402611,    2402611
 7,    2528688,     17.0,     17.0,     17.0,     54.0,  9, 10, 11,  9,      80224,      80224,      80224,      80224
 7,    2528685,     17.0,     17.0,     17.0,     54.0,  9, 10, 11,  9,      80224,      80224,      80224,      80224
 7,      44356,     17.0,     17.0,     17.0,     55.0,  9, 10, 11,  9,      80240,      80240,      80240,      80240
 7,      44357,     56.0,     56.0,     56.0,    183.0,  1,  2,  3,  1,      44356,      44356,      44356,      44356
 7,    2528723,     17.0,     17.0,     17.0,     54.0,  9, 10, 11,  9,    2375175,    2375175,    2375175,    2375175
 7,      44368,     17.0,     17.0,     17.0,     55.0,  9, 10, 11,  9,      80259,      80259,      80259,      80259
 7,      44367,     17.0,     17.0,     17.0,     55.0,  9, 10, 11,  9,      80257,      80257,      80257,      80257
 7,    2528742,     17.0,     17.0,     17.0,     55.0,  9, 10, 11,  9,    2375186,    2375186,    2375186,    2375186
 7,    2528747,     17.0,     17.0,     17.0,     55.0,  9, 10, 11,  9,    2375187,    2375187,    2375187,    2375187
 7,      44386,     17.0,     17.0,     17.0,     55.0,  9, 10, 11,  9,      80263,      80263,      80263,      80263
 7,      44370,     17.0,     17.0,     17.0,     54.0,  9, 10, 11,  9,      80262,      80262,      80262,      80262
 7,    2528773,     17.0,     17.0,     17.0,     55.0,  9, 10, 11,  9,      80252,      80252,      80252,      80252
 7,    2528781,     17.0,     17.0,     17.0,     55.0,  9, 10, 11,  9,      80252,      80252,      80252,      80252
 7,      44390,     17.0,     17.0,     17.0,     54.0,  9, 10, 11,  9,      80292,      80292,      80292,      80292
 7,      44389,     17.0,     17.0,     17.0,     54.0,  9, 10, 11,  9,      80292,      80292,      80292,      80292
 7,      44398,     17.0,     17.0,     17.0,     55.0,  9, 10, 11,  9,      80304,      80304,      80304,      80304
 7,      44416,     17.0,     17.0,     17.0,     54.0,  9, 10, 11,  9,      80330,      80330,      80330,      80330
 7,      44418,     17.0,     17.0,     17.0,     54.0,  9, 10, 11,  9,      80333,      80333,      80333,      80333
 7,      44423,     17.0,     17.0,     17.0,     54.0,  9, 10, 11,  9,      80342,      80342,      80342,      80342
 7,      44422,     17.0,     17.0,     17.0,     54.0,  9, 10, 11,  9,      80340,      80340,      80340,      80340
 7,      44426,     17.0,     17.0,     17.0,     54.0,  9, 10, 11,  9,      80347,      80347,      80347,      80347
 7,      44425,     16.0,     16.0,     16.0,     51.0,  1,  2,  3,  1,      44425,      44425,      44425,      44425
 7,    2537314,     17.0,     17.0,     17.0,     54.0,  9, 10, 11,  9,      80224,      80224,      80224,      80224
 7,    2537322,     49.0,     49.0,     49.0,    151.0,  9, 10, 11,  9,    2381264,    2381264,    2381264,    2381264
 7,    2537330,     48.0,     48.0,     48.0,    149.0,  9, 10, 11, 11,    2381267,    2381267,    2381267,    2381267
 7,    2577849,     70.0,     70.0,     70.0,    214.0,  9, 10, 11, 11,    2401506,    2401506,    2401506,    2401506
 7,    2577859,     71.0,     71.0,     71.0,    216.0,  9, 10, 11, 10,    2401506,    2401506,    2401506,    2401506
 7,    2578099,     22.0,     22.0,     23.0,     70.0,  9, 10, 11,  9,      80388,      80388,      80388,      80388
 7,    2578118,     22.0,     22.0,     23.0,     70.0,  9, 10, 11,  9,      80388,      80388,      80388,      80388
 7,    2578129,     22.0,     22.0,     22.0,     70.0,  9, 10, 11,  9,      80388,      80388,      80388,      80388
 7,    2450878,     22.0,     22.0,     22.0,     70.0,  9, 10, 11,  9,      80388,      80388,      80388,      80388
 7,    2597366,     24.0,     24.0,     24.0,     74.0,  9, 10, 11,  9,      80648,      80648,      80648,      80648
 8,    2579020,     73.0,     71.0,     72.0,    217.0,  9, 10, 11, 10,    2404125,    2404125,    2404125,    2404125
 8,    2579038,     72.0,     71.0,     71.0,    215.0,  9, 10, 11, 10,    2404125,    2404125,    2404125,    2404125
 8,    2579059,     21.0,     22.0,     22.0,     67.0,  9, 10, 11,  9,      80388,      80388,      80388,      80388
 8,    2579067,     22.0,     22.0,     22.0,     67.0,  9, 10, 11,  9,      80388,      80388,      80388,      80388
 8,    2579080,     22.0,     22.0,     22.0,     68.0,  9, 10, 11,  9,      80388,      80388,      80388,      80388
 8,    2579088,     22.0,     22.0,     22.0,     68.0,  9, 10, 11,  9,      80388,      80388,      80388,      80388
 8,    2579101,     22.0,     22.0,     22.0,     68.0,  9, 10, 11,  9,      80388,      80388,      80388,      80388
 8,    2580517,     24.0,     24.0,     24.0,     74.0,  9, 10, 11,  9,      80648,      80648,      80648,      80648
 8,    2450866,     21.0,     22.0,     22.0,     67.0,  9, 10, 11,  9,      80388,      80388,      80388,      80388
 8,    2599986,     21.0,     21.0,     22.0,     67.0,  9, 10, 11,  9,      80388,      80388,      80388,      80388
 8,    3214198,     21.0,     21.0,     22.0,     67.0,  9, 10, 11,  9,      80388,      80388,      80388,      80388
 8,    2573886,     70.0,     70.0,     70.0,    214.0,  9, 10, 11, 10,    2401506,    2401506,    2401506,    2401506
 8,      44399,     44.0,     44.0,     44.0,    145.0,  1,  2,  3,  1,      44398,      44398,      44398,      44398
 8,    2577878,     38.0,     38.0,     38.0,    123.0,  1,  2,  3,  1,      44402,      44402,      44402,      44402
 8,    2452324,     33.0,     33.0,     33.0,    108.0,  9, 10, 11,  9,    2323566,    2323566,    2323566,    2323566
 8,    2575866,     64.0,     64.0,     64.0,    197.0,  9, 10, 11,  9,      80398,      80398,      80398,      80398
 8,    2575874,     65.0,     65.0,     65.0,    198.0,  9, 10, 11,  9,      80398,      80398,      80398,      80398
 8,    2575898,     64.0,     64.0,     64.0,    196.0,  9, 10, 11,  9,      80398,      80398,      80398,      80398
 8,    2575929,     63.0,     63.0,     63.0,    195.0,  9, 10, 11,  9,      80398,      80398,      80398,      80398
 8,    2575974,     62.0,     62.0,     62.0,    194.0,  9, 10, 11,  9,      80398,      80398,      80398,      80398
 8,    2576338,     61.0,     61.0,     61.0,    193.0,  9, 10, 11,  9,      80398,      80398,      80398,      80398
 8,    2576354,     61.0,     61.0,     61.0,    192.0,  9, 10, 11,  9,      80398,      80398,      80398,      80398
 8,    2576367,     44.0,     44.0,     41.0,    129.0,  9, 10, 11, 11,      80365,      80365,      80365,      80365
 8,    2576385,     44.0,     44.0,     42.0,    130.0,  9, 10, 11, 11,      80365,      80365,      80365,      80365
 8,    2576393,     45.0,     44.0,     42.0,    130.0,  9, 10, 11, 11,      80365,      80365,      80365,      80365
 8,    2576409,     45.0,     45.0,     43.0,    131.0,  9, 10, 11, 11,      80365,      80365,      80365,      80365
 8,    2576417,     46.0,     45.0,     43.0,    132.0,  9, 10, 11, 11,      80365,      80365,      80365,      80365
 8,    2451839,     17.0,     17.0,     17.0,     53.0,  9, 10, 11, 10,      80366,      80366,      80366,      80366
 8,    2576473,     72.0,     72.0,     72.0,    224.0,  9, 10, 11,  9,    2402586,    2402586,    2402586,    2402586
 8,    2576489,     36.0,     36.0,     36.0,    111.0,  9, 10, 11,  9,      80211,      80211,      80211,      80211
 8,    2528661,     35.0,     35.0,     35.0,    110.0,  9, 10, 11,  9,      80211,      80211,      80211,      80211
 8,    2528667,     17.0,     17.0,     17.0,     54.0,  9, 10, 11,  9,    2375138,    2375138,    2375138,    2375138
 8,      44354,     17.0,     18.0,     18.0,     55.0,  9, 10, 11,  9,      80236,      80236,      80236,      80236
 8,      44353,     17.0,     17.0,     17.0,     55.0,  9, 10, 11,  9,      80234,      80234,      80234,      80234
 8,    2576556,     18.0,     18.0,     18.0,     55.0,  9, 10, 11,  9,    2402610,    2402610,    2402610,    2402610
 8,    2576561,     23.0,     23.0,     23.0,     73.0,  9, 10, 11,  9,    2402611,    2402611,    2402611,    2402611
 8,    2528688,     17.0,     17.0,     17.0,     54.0,  9, 10, 11,  9,      80224,      80224,      80224,      80224
 8,    2528685,     17.0,     17.0,     17.0,     54.0,  9, 10, 11,  9,      80224,      80224,      80224,      80224
 8,      44356,     17.0,     17.0,     17.0,     55.0,  9, 10, 11,  9,      80240,      80240,      80240,      80240
 8,      44357,     56.0,     56.0,     56.0,    183.0,  1,  2,  3,  1,      44356,      44356,      44356,      44356
 8,    2528723,     17.0,     17.0,     17.0,     54.0,  9, 10, 11,  9,    2375175,    2375175,    2375175,    2375175
 8,      44368,     17.0,     17.0,     17.0,     55.0,  9, 10, 11,  9,      80259,      80259,      80259,      80259
 8,      44367,     17.0,     17.0,     17.0,     55.0,  9, 10, 11,  9,      80257,      80257,      80257,      80257
 8,    2528742,     17.0,     17.0,     17.0,     55.0,  9, 10, 11,  9,    2375186,    2375186,    2375186,    2375186
 8,    2528747,     17.0,     17.0,     17.0,     55.0,  9, 10, 11,  9,    2375187,    2375187,    2375187,    2375187
 8,      44386,     17.0,     17.0,     17.0,     55.0,  9, 10, 11,  9,      80263,      80263,      80263,      80263
 8,      44370,     17.0,     17.0,     17.0,     54.0,  9, 10, 11,  9,      80262,      80262,      80262,      80262
 8,    2528773,     17.0,     17.0,     17.0,     55.0,  9, 10, 11,  9,      80252,      80252,      80252,      80252
 8,    2528781,     17.0,     17.0,     17.0,     55.0,  9, 10, 11,  9,      80252,      80252,      80252,      80252
 8,      44390,     17.0,     17.0,     17.0,     54.0,  9, 10, 11,  9,      80292,      80292,      80292,      80292
 8,      44389,     17.0,     17.0,     17.0,     54.0,  9, 10, 11,  9,      80292,      80292,      80292,      80292
 8,      44398,     17.0,     17.0,     17.0,     55.0,  9, 10, 11,  9,      80304,      80304,      80304,      80304
 8,      44416,     17.0,     17.0,     17.0,     54.0,  9, 10, 11,  9,      80330,      80330,      80330,      80330
 8,      44418,     17.0,     17.0,     17.0,     54.0,  9, 10, 11,  9,      80333,      80333,      80333,      80333
 8,      44423,     17.0,     17.0,     17.0,     54.0,  9, 10, 11,  9,      80342,      80342,      80342,      80342
 8,      44422,     17.0,     17.0,     17.0,     54.0,  9, 10, 11,  9,      80340,      80340,      80340,      80340
 8,      44426,     17.0,     17.0,     17.0,     54.0,  9, 10, 11,  9,      80347,      80347,      80347,      80347
 8,      44425,     16.0,     16.0,     16.0,     51.0,  1,  2,  3,  1,      44425,      44425,      44425,      44425
 8,    2537314,     17.0,     17.0,     17.0,     54.0,  9, 10, 11,  9,      80224,      80224,      80224,      80224
 8,    2537322,     49.0,     49.0,     49.0,    151.0,  9, 10, 11,  9,    2381264,    2381264,    2381264,    2381264
 8,    2537330,     48.0,     48.0,     48.0,    149.0,  9, 10, 11,  9,    2381267,    2381267,    2381267,    2381267
 8,    2577849,     69.0,     69.0,     69.0,    213.0,  9, 10, 11, 10,    2401506,    2401506,    2401506,    2401506
 8,    2577859,     70.0,     70.0,     70.0,    215.0,  9, 10, 11,  9,    2401506,    2401506,    2401506,    2401506
 8,    2578099,     21.0,     21.0,     21.0,     67.0,  9, 10, 11,  9,      80388,      80388,      80388,      80388
 8,    2578118,     21.0,     21.0,     21.0,     67.0,  9, 10, 11,  9,      80388,      80388,      80388,      80388
 8,    2578129,     21.0,     21.0,     21.0,     66.0,  9, 10, 11,  9,      80388,      80388,      80388,      80388
 8,    2450878,     21.0,     21.0,     21.0,     66.0,  9, 10, 11,  9,      80388,      80388,      80388,      80388
 8,    2597366,     24.0,     24.0,     24.0,     74.0,  9, 10, 11,  9,      80648,      80648,      80648,      80648
 9,    2579020,     72.0,     73.0,     72.0,    219.0,  9, 10, 11, 11,    2404125,    2404125,    2404125,    2404125
 9,    2579038,     72.0,     72.0,     71.0,    218.0,  9, 10, 11, 11,    2404125,    2404125,    2404125,    2404125
 9,    2579059,     23.0,     22.0,     23.0,     68.0,  9, 10, 11, 10,      80388,      80388,      80388,      80388
 9,    2579067,     23.0,     22.0,     23.0,     68.0,  9, 10, 11, 10,      80388,      80388,      80388,      80388
 9,    2579080,     23.0,     22.0,     23.0,     68.0,  9, 10, 11, 10,      80388,      80388,      80388,      80388
 9,    2579088,     23.0,     22.0,     23.0,     68.0,  9, 10, 11, 10,      80388,      80388,      80388,      80388
 9,    2579101,     23.0,     22.0,     23.0,     69.0,  9, 10, 11, 10,      80388,      80388,      80388,      80388
 9,    2580517,     24.0,     24.0,     24.0,     74.0,  9, 10, 11,  9,      80648,      80648,      80648,      80648
 9,    2450866,     23.0,     21.0,     22.0,     68.0,  9, 10, 11, 10,      80388,      80388,      80388,      80388
 9,    2599986,     23.0,     21.0,     22.0,     67.0,  9, 10, 11, 10,      80388,      80388,      80388,      80388
 9,    3214198,     23.0,     21.0,     22.0,     67.0,  9, 10, 11, 10,      80388,      80388,      80388,      80388
 9,    2573886,     70.0,     70.0,     68.0,    207.0,  9, 10, 11, 11,    2401506,    2401506,    2401506,    2401506
 9,      44399,     44.0,     44.0,     44.0,    144.0,  1,  2,  3,  2,      44398,      44398,      44398,      44398
 9,    2577878,     38.0,     38.0,     38.0,    123.0,  1,  2,  3,  1,      44402,      44402,      44402,      44402
 9,    2452324,     33.0,     33.0,     33.0,    107.0,  9, 10, 11,  9,    2323566,    2323566,    2323566,    2323566
 9,    2575866,     64.0,     64.0,     64.0,    197.0,  9, 10, 11,  9,      80398,      80398,      80398,      80398
 9,    2575874,     65.0,     65.0,     65.0,    198.0,  9, 10, 11,  9,      80398,      80398,      80398,      80398
 9,    2575898,     64.0,     64.0,     64.0,    196.0,  9, 10, 11,  9,      80398,      80398,      80398,      80398
 9,    2575929,     63.0,     63.0,     63.0,    195.0,  9, 10, 11,  9,      80398,      80398,      80398,      80398
 9,    2575974,     62.0,     62.0,     62.0,    194.0,  9, 10, 11,  9,      80398,      80398,      80398,      80398
 9,    2576338,     61.0,     61.0,     61.0,    193.0,  9, 10, 11,  9,      80398,      80398,      80398,      80398
 9,    2576354,     61.0,     61.0,     61.0,    192.0,  9, 10, 11,  9,      80398,      80398,      80398,      80398
 9,    2576367,     42.0,     43.0,     40.0,    124.0,  9, 10, 11, 11,      80365,      80365,      80365,      80365
 9,    2576385,     42.0,     43.0,     40.0,    125.0,  9, 10, 11, 11,      80365,      80365,      80365,      80365
 9,    2576393,     42.0,     44.0,     41.0,    125.0,  9, 10, 11, 11,      80365,      80365,      80365,      80365
 9,    2576409,     43.0,     44.0,     41.0,    126.0,  9, 10, 11, 11,      80365,      80365,      80365,      80365
 9,    2576417,     43.0,     45.0,     41.0,    127.0,  9, 10, 11, 11,      80365,      80365,      80365,      80365
 9,    2451839,     17.0,     17.0,     17.0,     54.0,  9, 10, 11, 10,      80366,      80366,      80366,      80366
 9,    2576473,     72.0,     72.0,     72.0,    224.0,  9, 10, 11,  9,    2402586,    2402586,    2402586,    2402586
 9,    2576489,     36.0,     36.0,     36.0,    111.0,  9, 10, 11,  9,      80211,      80211,      80211,      80211
 9,    2528661,     35.0,     35.0,     35.0,    110.0,  9, 10, 11,  9,      80211,      80211,      80211,      80211
 9,    2528667,     17.0,     17.0,     17.0,     54.0,  9, 10, 11,  9,    2375138,    2375138,    2375138,    2375138
 9,      44354,     17.0,     18.0,     18.0,     55.0,  9, 10, 11,  9,      80236,      80236,      80236,      80236
 9,      44353,     17.0,     17.0,     17.0,     55.0,  9, 10, 11,  9,      80234,      80234,      80234,      80234
 9,    2576556,     18.0,     18.0,     18.0,     55.0,  9, 10, 11,  9,    2402610,    2402610,    2402610,    2402610
 9,    2576561,     23.0,     23.0,     23.0,     73.0,  9, 10, 11,  9,    2402611,    2402611,    2402611,    2402611
 9,    2528688,     17.0,     17.0,     17.0,     54.0,  9, 10, 11,  9,      80224,      80224,      80224,      80224
 9,    2528685,     17.0,     17.0,     17.0,     54.0,  9, 10, 11,  9,      80224,      80224,      80224,      80224
 9,      44356,     17.0,     17.0,     17.0,     55.0,  9, 10, 11,  9,      80240,      80240,      80240,      80240
 9,      44357,     56.0,     56.0,     56.0,    182.0,  1,  2,  3,  1,      44356,      44356,      44356,      44356
 9,    2528723,     17.0,     17.0,     17.0,     54.0,  9, 10, 11,  9,    2375175,    2375175,    2375175,    2375175
 9,      44368,     17.0,     17.0,     17.0,     55.0,  9, 10, 11,  9,      80259,      80259,      80259,      80259
 9,      44367,     17.0,     17.0,     17.0,     55.0,  9, 10, 11,  9,      80257,      80257,      80257,      80257
 9,    2528742,     17.0,     17.0,     17.0,     55.0,  9, 10, 11,  9,    2375186,    2375186,    2375186,    2375186
 9,    2528747,     17.0,     17.0,     17.0,     55.0,  9, 10, 11,  9,    2375187,    2375187,    2375187,    2375187
 9,      44386,     17.0,     17.0,     17.0,     55.0,  9, 10, 11,  9,      80263,      80263,      80263,      80263
 9,      44370,     17.0,     17.0,     17.0,     54.0,  9, 10, 11,  9,      80262,      80262,      80262,      80262
 9,    2528773,     17.0,     17.0,     17.0,     55.0,  9, 10, 11,  9,      80252,      80252,      80252,      80252
 9,    2528781,     17.0,     17.0,     17.0,     55.0,  9, 10, 11,  9,      80252,      80252,      80252,      80252
 9,      44390,     17.0,     17.0,     17.0,     54.0,  9, 10, 11,  9,      80292,      80292,      80292,      80292
 9,      44389,     17.0,     17.0,     17.0,     54.0,  9, 10, 11,  9,      80292,      80292,      80292,      80292
 9,      44398,     17.0,     17.0,     17.0,     55.0,  9, 10, 11,  9,      80304,      80304,      80304,      80304
 9,      44416,     17.0,     17.0,     17.0,     54.0,  9, 10, 11,  9,      80330,      80330,      80330,      80330
 9,      44418,     17.0,     17.0,     17.0,     54.0,  9, 10, 11,  9,      80333,      80333,      80333,      80333
 9,      44423,     17.0,     17.0,     17.0,     54.0,  9, 10, 11,  9,      80342,      80342,      80342,      80342
 9,      44422,     17.0,     17.0,     17.0,     54.0,  9, 10, 11,  9,      80340,      80340,      80340,      80340
 9,      44426,     17.0,     17.0,     17.0,     54.0,  9, 10, 11,  9,      80347,      80347,      80347,      80347
 9,      44425,     16.0,     16.0,     16.0,     51.0,  1,  2,  3,  1,      44425,      44425,      44425,      44425
 9,    2537314,     17.0,     17.0,     17.0,     54.0,  9, 10, 11,  9,      80224,      80224,      80224,      80224
 9,    2537322,     48.0,     48.0,     48.0,    150.0,  9, 10, 11,  9,    2381264,    2381264,    2381264,    2381264
 9,    2537330,     48.0,     48.0,     47.0,    148.0,  9, 10, 11, 11,    2381267,    2381267,    2381267,    2381267
 9,    2577849,     69.0,     69.0,     67.0,    206.0,  9, 10, 11, 11,    2401506,    2401506,    2401506,    2401506
 9,    2577859,     70.0,     70.0,     68.0,    208.0,  9, 10, 11, 11,    2401506,    2401506,    2401506,    2401506
 9,    2578099,     22.0,     21.0,     22.0,     67.0,  9, 10, 11, 10,      80388,      80388,      80388,      80388
 9,    2578118,     22.0,     21.0,     22.0,     67.0,  9, 10, 11, 10,      80388,      80388,      80388,      80388
 9,    2578129,     22.0,     21.0,     22.0,     67.0,  9, 10, 11, 10,      80388,      80388,      80388,      80388
 9,    2450878,     22.0,     21.0,     22.0,     67.0,  9, 10, 11, 10,      80388,      80388,      80388,      80388
 9,    2597366,     24.0,     24.0,     24.0,     74.0,  9, 10, 11,  9,      80648,      80648,      80648,      80648
10,    2579020,     73.0,     73.0,     72.0,    219.0,  9, 10, 11, 11,    2404125,    2404125,    2404125,    2404125
10,    2579038,     72.0,     73.0,     71.0,    218.0,  9, 10, 11, 11,    2404125,    2404125,    2404125,    2404125
10,    2579059,     23.0,     21.0,     23.0,     66.0,  9, 10, 11, 10,      80388,      80388,      80388,      80388
10,    2579067,     23.0,     21.0,     23.0,     66.0,  9, 10, 11, 10,      80388,      80388,      80388,      80388
10,    2579080,     24.0,     21.0,     23.0,     66.0,  9, 10, 11, 10,      80388,      80388,      80388,      80388
10,    2579088,     24.0,     21.0,     23.0,     66.0,  9, 10, 11, 10,      80388,      80388,      80388,      80388
10,    2579101,     24.0,     21.0,     23.0,     66.0,  9, 10, 11, 10,      80388,      80388,      80388,      80388
10,    2580517,     24.0,     24.0,     24.0,     74.0,  9, 10, 11,  9,      80648,      80648,      80648,      80648
10,    2450866,     23.0,     21.0,     23.0,     65.0,  9, 10, 11, 10,      80388,      80388,      80388,      80388
10,    2599986,     23.0,     21.0,     23.0,     65.0,  9, 10, 11, 10,      80388,      80388,      80388,      80388
10,    3214198,     23.0,     21.0,     23.0,     65.0,  9, 10, 11, 10,      80388,      80388,      80388,      80388
10,    2573886,     69.0,     70.0,     69.0,    210.0,  9, 10, 11, 11,    2401506,    2401506,    2401506,    2401506
10,      44399,     44.0,     44.0,     45.0,    144.0,  1,  2,  3,  1,      44398,      44398,      44398,      44398
10,    2577878,     38.0,     38.0,     38.0,    123.0,  1,  2,  3,  1,      44402,      44402,      44402,      44402
10,    2452324,     33.0,     33.0,     33.0,    107.0,  9, 10, 11,  9,    2323566,    2323566,    2323566,    2323566
10,    2575866,     64.0,     64.0,     64.0,    197.0,  9, 10, 11,  9,      80398,      80398,      80398,      80398
10,    2575874,     65.0,     65.0,     65.0,    198.0,  9, 10, 11,  9,      80398,      80398,      80398,      80398
10,    2575898,     64.0,     64.0,     64.0,    196.0,  9, 10, 11,  9,      80398,      80398,      80398,      80398
10,    2575929,     63.0,     63.0,     63.0,    194.0,  9, 10, 11,  9,      80398,      80398,      80398,      80398
10,    2575974,     62.0,     62.0,     62.0,    193.0,  9, 10, 11,  9,      80398,      80398,      80398,      80398
10,    2576338,     61.0,     61.0,     61.0,    192.0,  9, 10, 11,  9,      80398,      80398,      80398,      80398
10,    2576354,     61.0,     61.0,     61.0,    191.0,  9, 10, 11,  9,      80398,      80398,      80398,      80398
10,    2576367,     44.0,     42.0,     39.0,    122.0,  9, 10, 11, 11,      80365,      80365,      80365,      80365
10,    2576385,     44.0,     42.0,     40.0,    123.0,  9, 10, 11, 11,      80365,      80365,      80365,      80365
10,    2576393,     45.0,     43.0,     40.0,    123.0,  9, 10, 11, 11,      80365,      80365,      80365,      80365
10,    2576409,     45.0,     43.0,     41.0,    124.0,  9, 10, 11, 11,      80365,      80365,      80365,      80365
10,    2576417,     46.0,     43.0,     41.0,    125.0,  9, 10, 11, 11,      80365,      80365,      80365,      80365
10,    2451839,     17.0,     17.0,     17.0,     54.0,  9, 10, 11, 10,      80366,      80366,      80366,      80366
10,    2576473,     72.0,     72.0,     72.0,    224.0,  9, 10, 11,  9,    2402586,    2402586,    2402586,    2402586
10,    2576489,     36.0,     36.0,     36.0,    111.0,  9, 10, 11,  9,      80211,      80211,      80211,      80211
10,    2528661,     35.0,     35.0,     35.0,    110.0,  9, 10, 11,  9,      80211,      80211,      80211,      80211
10,    2528667,     17.0,     17.0,     17.0,     54.0,  9, 10, 11,  9,    2375138,    2375138,    2375138,    2375138
10,      44354,     17.0,     18.0,     18.0,     55.0,  9, 10, 11,  9,      80236,      80236,      80236,      80236
10,      44353,     17.0,     17.0,     17.0,     55.0,  9, 10, 11,  9,      80234,      80234,      80234,      80234
10,    2576556,     18.0,     18.0,     18.0,     55.0,  9, 10, 11,  9,    2402610,    2402610,    2402610,    2402610
10,    2576561,     23.0,     23.0,     23.0,     73.0,  9, 10, 11,  9,    2402611,    2402611,    2402611,    2402611
10,    2528688,     17.0,     17.0,     17.0,     54.0,  9, 10, 11,  9,      80224,      80224,      80224,      80224
10,    2528685,     17.0,     17.0,     17.0,     54.0,  9, 10, 11,  9,      80224,      80224,      80224,      80224
10,      44356,     17.0,     17.0,     17.0,     55.0,  9, 10, 11,  9,      80240,      80240,      80240,      80240
10,      44357,     56.0,     56.0,     56.0,    182.0,  1,  2,  3,  1,      44356,      44356,      44356,      44356
10,    2528723,     17.0,     17.0,     17.0,     54.0,  9, 10, 11,  9,    2375175,    2375175,    2375175,    2375175
10,      44368,     17.0,     17.0,     17.0,     55.0,  9, 10, 11,  9,      80259,      80259,      80259,      80259
10,      44367,     17.0,     17.0,     17.0,     55.0,  9, 10, 11,  9,      80257,      80257,      80257,      80257
10,    2528742,     17.0,     17.0,     17.0,     55.0,  9, 10, 11,  9,    2375186,    2375186,    2375186,    2375186
10,    2528747,     17.0,     17.0,     17.0,     55.0,  9, 10, 11,  9,    2375187,    2375187,    2375187,    2375187
10,      44386,     17.0,     17.0,     17.0,     55.0,  9, 10, 11,  9,      80263,      80263,      80263,      80263
10,      44370,     17.0,     17.0,     17.0,     54.0,  9, 10, 11,  9,      80262,      80262,      80262,      80262
10,    2528773,     17.0,     17.0,     17.0,     55.0,  9, 10, 11,  9,      80252,      80252,      80252,      80252
10,    2528781,     17.0,     17.0,     17.0,     55.0,  9, 10, 11,  9,      80252,      80252,      80252,      80252
10,      44390,     17.0,     17.0,     17.0,     54.0,  9, 10, 11,  9,      80292,      80292,      80292,      80292
10,      44389,     17.0,     17.0,     17.0,     54.0,  9, 10, 11,  9,      80292,      80292,      80292,      80292
10,      44398,     17.0,     17.0,     17.0,     55.0,  9, 10, 11,  9,      80304,      80304,      80304,      80304
10,      44416,     17.0,     17.0,     17.0,     54.0,  9, 10, 11,  9,      80330,      80330,      80330,      80330
10,      44418,     17.0,     17.0,     17.0,     54.0,  9, 10, 11,  9,      80333,      80333,      80333,      80333
10,      44423,     17.0,     17.0,     17.0,     54.0,  9, 10, 11,  9,      80342,      80342,      80342,      80342
10,      44422,     17.0,     17.0,     17.0,     54.0,  9, 10, 11,  9,      80340,      80340,      80340,      80340
10,      44426,     17.0,     17.0,     17.0,     54.0,  9, 10, 11,  9,      80347,      80347,      80347,      80347
10,      44425,     16.0,     16.0,     16.0,     51.0,  1,  2,  3,  1,      44425,      44425,      44425,      44425
10,    2537314,     17.0,     17.0,     17.0,     54.0,  9, 10, 11,  9,      80224,      80224,      80224,      80224
10,    2537322,     48.0,     48.0,     48.0,    150.0,  9, 10, 11,  9,    2381264,    2381264,    2381264,    2381264
10,    2537330,     48.0,     48.0,     47.0,    147.0,  9, 10, 11, 11,    2381267,    2381267,    2381267,    2381267
10,    2577849,     68.0,     69.0,     68.0,    209.0,  9, 10, 11, 11,    2401506,    2401506,    2401506,    2401506
10,    2577859,     69.0,     70.0,     69.0,    210.0,  9, 10, 11, 11,    2401506,    2401506,    2401506,    2401506
10,    2578099,     23.0,     21.0,     22.0,     65.0,  9, 10, 11, 10,      80388,      80388,      80388,      80388
10,    2578118,     23.0,     21.0,     22.0,     65.0,  9, 10, 11, 10,      80388,      80388,      80388,      80388
10,    2578129,     23.0,     20.0,     22.0,     65.0,  9, 10, 11, 10,      80388,      80388,      80388,      80388
10,    2450878,     22.0,     20.0,     22.0,     65.0,  9, 10, 11, 10,      80388,      80388,      80388,      80388
10,    2597366,     24.0,     24.0,     24.0,     74.0,  9, 10, 11,  9,      80648,      80648,      80648,      80648
11,    2579020,     71.0,     72.0,     71.0,    216.0,  9, 10, 11,  9,    2404125,    2404125,    2404125,    2404125
11,    2579038,     70.0,     71.0,     70.0,    215.0,  9, 10, 11,  9,    2404125,    2404125,    2404125,    2404125
11,    2579059,     22.0,     22.0,     23.0,     70.0,  9, 10, 11,  9,      80388,      80388,      80388,      80388
11,    2579067,     22.0,     23.0,     23.0,     70.0,  9, 10, 11,  9,      80388,      80388,      80388,      80388
11,    2579080,     23.0,     23.0,     23.0,     70.0,  9, 10, 11,  9,      80388,      80388,      80388,      80388
11,    2579088,     23.0,     23.0,     23.0,     70.0,  9, 10, 11,  9,      80388,      80388,      80388,      80388
11,    2579101,     23.0,     23.0,     23.0,     71.0,  9, 10, 11,  9,      80388,      80388,      80388,      80388
11,    2580517,     24.0,     24.0,     24.0,     74.0,  9, 10, 11,  9,      80648,      80648,      80648,      80648
11,    2450866,     22.0,     22.0,     23.0,     69.0,  9, 10, 11,  9,      80388,      80388,      80388,      80388
11,    2599986,     22.0,     22.0,     22.0,     69.0,  9, 10, 11,  9,      80388,      80388,      80388,      80388
11,    3214198,     22.0,     22.0,     23.0,     69.0,  9, 10, 11,  9,      80388,      80388,      80388,      80388
11,    2573886,     68.0,     68.0,     69.0,    208.0,  9, 10, 11,  9,    2401506,    2401506,    2401506,    2401506
11,      44399,     44.0,     44.0,     44.0,    144.0,  1,  2,  3,  1,      44398,      44398,      44398,      44398
11,    2577878,     37.0,     38.0,     38.0,    122.0,  1,  2,  3,  1,      44402,      44402,      44402,      44402
11,    2452324,     33.0,     33.0,     33.0,    107.0,  9, 10, 11,  9,    2323566,    2323566,    2323566,    2323566
11,    2575866,     64.0,     64.0,     64.0,    197.0,  9, 10, 11,  9,      80398,      80398,      80398,      80398
11,    2575874,     65.0,     65.0,     65.0,    198.0,  9, 10, 11,  9,      80398,      80398,      80398,      80398
11,    2575898,     64.0,     64.0,     64.0,    196.0,  9, 10, 11,  9,      80398,      80398,      80398,      80398
11,    2575929,     63.0,     63.0,     63.0,    195.0,  9, 10, 11,  9,      80398,      80398,      80398,      80398
11,    2575974,     62.0,     62.0,     62.0,    193.0,  9, 10, 11,  9,      80398,      80398,      80398,      80398
11,    2576338,     61.0,     61.0,     61.0,    192.0,  9, 10, 11,  9,      80398,      80398,      80398,      80398
11,    2576354,     61.0,     61.0,     61.0,    192.0,  9, 10, 11,  9,      80398,      80398,      80398,      80398
11,    2576367,     43.0,     42.0,     39.0,    122.0,  9, 10, 11, 11,      80365,      80365,      80365,      80365
11,    2576385,     44.0,     42.0,     40.0,    123.0,  9, 10, 11, 11,      80365,      80365,      80365,      80365
11,    2576393,     44.0,     43.0,     40.0,    123.0,  9, 10, 11, 11,      80365,      80365,      80365,      80365
11,    2576409,     45.0,     43.0,     41.0,    124.0,  9, 10, 11, 11,      80365,      80365,      80365,      80365
11,    2576417,     45.0,     43.0,     41.0,    125.0,  9, 10, 11, 11,      80365,      80365,      80365,      80365
11,    2451839,     17.0,     17.0,     17.0,     54.0,  9, 10, 11, 10,      80366,      80366,      80366,      80366
11,    2576473,     72.0,     72.0,     72.0,    224.0,  9, 10, 11,  9,    2402586,    2402586,    2402586,    2402586
11,    2576489,     36.0,     36.0,     36.0,    111.0,  9, 10, 11,  9,      80211,      80211,      80211,      80211
11,    2528661,     35.0,     35.0,     35.0,    110.0,  9, 10, 11,  9,      80211,      80211,      80211,      80211
11,    2528667,     17.0,     17.0,     17.0,     54.0,  9, 10, 11,  9,    2375138,    2375138,    2375138,    2375138
11,      44354,     17.0,     18.0,     18.0,     55.0,  9, 10, 11,  9,      80236,      80236,      80236,      80236
11,      44353,     17.0,     17.0,     17.0,     55.0,  9, 10, 11,  9,      80234,      80234,      80234,      80234
11,    2576556,     18.0,     18.0,     18.0,     55.0,  9, 10, 11,  9,    2402610,    2402610,    2402610,    2402610
11,    2576561,     23.0,     23.0,     23.0,     73.0,  9, 10, 11,  9,    2402611,    2402611,    2402611,    2402611
11,    2528688,     17.0,     17.0,     17.0,     54.0,  9, 10, 11,  9,      80224,      80224,      80224,      80224
11,    2528685,     17.0,     17.0,     17.0,     54.0,  9, 10, 11,  9,      80224,      80224,      80224,      80224
11,      44356,     17.0,     17.0,     17.0,     55.0,  9, 10, 11,  9,      80240,      80240,      80240,      80240
11,      44357,     56.0,     56.0,     56.0,    181.0,  1,  2,  3,  1,      44356,      44356,      44356,      44356
11,    2528723,     17.0,     17.0,     17.0,     54.0,  9, 10, 11,  9,    2375175,    2375175,    2375175,    2375175
11,      44368,     17.0,     17.0,     17.0,     55.0,  9, 10, 11,  9,      80259,      80259,      80259,      80259
11,      44367,     17.0,     17.0,     17.0,     55.0,  9, 10, 11,  9,      80257,      80257,      80257,      80257
11,    2528742,     17.0,     17.0,     17.0,     55.0,  9, 10, 11,  9,    2375186,    2375186,    2375186,    2375186
11,    2528747,     17.0,     17.0,     17.0,     55.0,  9, 10, 11,  9,    2375187,    2375187,    2375187,    2375187
11,      44386,     17.0,     17.0,     17.0,     55.0,  9, 10, 11,  9,      80263,      80263,      80263,      80263
11,      44370,     17.0,     17.0,     17.0,     54.0,  9, 10, 11,  9,      80262,      80262,      80262,      80262
11,    2528773,     17.0,     17.0,     17.0,     55.0,  9, 10, 11,  9,      80252,      80252,      80252,      80252
11,    2528781,     17.0,     17.0,     17.0,     55.0,  9, 10, 11,  9,      80252,      80252,      80252,      80252
11,      44390,     17.0,     17.0,     17.0,     54.0,  9, 10, 11,  9,      80292,      80292,      80292,      80292
11,      44389,     17.0,     17.0,     17.0,     54.0,  9, 10, 11,  9,      80292,      80292,      80292,      80292
11,      44398,     17.0,     17.0,     17.0,     55.0,  9, 10, 11,  9,      80304,      80304,      80304,      80304
11,      44416,     17.0,     17.0,     17.0,     54.0,  9, 10, 11,  9,      80330,      80330,      80330,      80330
11,      44418,     17.0,     17.0,     17.0,     54.0,  9, 10, 11,  9,      80333,      80333,      80333,      80333
11,      44423,     17.0,     17.0,     17.0,     54.0,  9, 10, 11,  9,      80342,      80342,      80342,      80342
11,      44422,     17.0,     17.0,     17.0,     54.0,  9, 10, 11,  9,      80340,      80340,      80340,      80340
11,      44426,     17.0,     17.0,     17.0,     54.0,  9, 10, 11,  9,      80347,      80347,      80347,      80347
11,      44425,     15.0,     15.0,     16.0,     51.0,  1,  2,  3,  1,      44425,      44425,      44425,      44425
11,    2537314,     17.0,     17.0,     17.0,     54.0,  9, 10, 11,  9,      80224,      80224,      80224,      80224
11,    2537322,     48.0,     49.0,     49.0,    149.0,  9, 10, 11,  9,    2381264,    2381264,    2381264,    2381264
11,    2537330,     47.0,     47.0,     46.0,    146.0,  9, 10, 11, 11,    2381267,    2381267,    2381267,    2381267
11,    2577849,     67.0,     67.0,     68.0,    206.0,  9, 10, 11,  9,    2401506,    2401506,    2401506,    2401506
11,    2577859,     68.0,     68.0,     69.0,    208.0,  9, 10, 11,  9,    2401506,    2401506,    2401506,    2401506
11,    2578099,     22.0,     22.0,     22.0,     69.0,  9, 10, 11,  9,      80388,      80388,      80388,      80388
11,    2578118,     22.0,     22.0,     22.0,     69.0,  9, 10, 11,  9,      80388,      80388,      80388,      80388
11,    2578129,     22.0,     22.0,     22.0,     69.0,  9, 10, 11,  9,      80388,      80388,      80388,      80388
11,    2450878,     22.0,     22.0,     22.0,     69.0,  9, 10, 11,  9,      80388,      80388,      80388,      80388
11,    2597366,     24.0,     24.0,     24.0,     74.0,  9, 10, 11,  9,      80648,      80648,      80648,      80648
12,    2579020,     73.0,     73.0,     73.0,    220.0,  9, 10, 11, 10,    2404125,    2404125,    2404125,    2404125
12,    2579038,     72.0,     72.0,     72.0,    219.0,  9, 10, 11, 10,    2404125,    2404125,    2404125,    2404125
12,    2579059,     22.0,     23.0,     23.0,     70.0,  9, 10, 11,  9,      80388,      80388,      80388,      80388
12,    2579067,     22.0,     23.0,     23.0,     70.0,  9, 10, 11,  9,      80388,      80388,      80388,      80388
12,    2579080,     23.0,     23.0,     23.0,     70.0,  9, 10, 11,  9,      80388,      80388,      80388,      80388
12,    2579088,     23.0,     23.0,     23.0,     71.0,  9, 10, 11,  9,      80388,      80388,      80388,      80388
12,    2579101,     23.0,     23.0,     24.0,     71.0,  9, 10, 11,  9,      80388,      80388,      80388,      80388
12,    2580517,     24.0,     24.0,     24.0,     74.0,  9, 10, 11,  9,      80648,      80648,      80648,      80648
12,    2450866,     22.0,     22.0,     23.0,     70.0,  9, 10, 11,  9,      80388,      80388,      80388,      80388
12,    2599986,     22.0,     22.0,     23.0,     69.0,  9, 10, 11,  9,      80388,      80388,      80388,      80388
12,    3214198,     22.0,     22.0,     23.0,     69.0,  9, 10, 11,  9,      80388,      80388,      80388,      80388
12,    2573886,     68.0,     68.0,     69.0,    208.0,  9, 10, 11,  9,    2401506,    2401506,    2401506,    2401506
12,      44399,     44.0,     44.0,     44.0,    144.0,  1,  2,  3,  1,      44398,      44398,      44398,      44398
12,    2577878,     38.0,     38.0,     38.0,    123.0,  1,  2,  3,  1,      44402,      44402,      44402,      44402
12,    2452324,     33.0,     33.0,     33.0,    107.0,  9, 10, 11,  9,    2323566,    2323566,    2323566,    2323566
12,    2575866,     64.0,     64.0,     64.0,    197.0,  9, 10, 11,  9,      80398,      80398,      80398,      80398
12,    2575874,     65.0,     65.0,     65.0,    198.0,  9, 10, 11,  9,      80398,      80398,      80398,      80398
12,    2575898,     64.0,     64.0,     64.0,    196.0,  9, 10, 11,  9,      80398,      80398,      80398,      80398
12,    2575929,     63.0,     63.0,     63.0,    195.0,  9, 10, 11,  9,      80398,      80398,      80398,      80398
12,    2575974,     62.0,     62.0,     62.0,    194.0,  9, 10, 11,  9,      80398,      80398,      80398,      80398
12,    2576338,     61.0,     61.0,     61.0,    193.0,  9, 10, 11,  9,      80398,      80398,      80398,      80398
12,    2576354,     61.0,     61.0,     61.0,    192.0,  9, 10, 11,  9,      80398,      80398,      80398,      80398
12,    2576367,     42.0,     42.0,     42.0,    130.0,  9, 10, 11, 10,      80365,      80365,      80365,      80365
12,    2576385,     43.0,     42.0,     43.0,    131.0,  9, 10, 11, 10,      80365,      80365,      80365,      80365
12,    2576393,     43.0,     43.0,     43.0,    131.0,  9, 10, 11, 10,      80365,      80365,      80365,      80365
12,    2576409,     44.0,     43.0,     44.0,    132.0,  9, 10, 11, 10,      80365,      80365,      80365,      80365
12,    2576417,     44.0,     43.0,     44.0,    133.0,  9, 10, 11, 10,      80365,      80365,      80365,      80365
12,    2451839,     17.0,     17.0,     17.0,     54.0,  9, 10, 11, 10,      80366,      80366,      80366,      80366
12,    2576473,     72.0,     72.0,     72.0,    224.0,  9, 10, 11,  9,    2402586,    2402586,    2402586,    2402586
12,    2576489,     36.0,     36.0,     36.0,    111.0,  9, 10, 11,  9,      80211,      80211,      80211,      80211
12,    2528661,     35.0,     35.0,     35.0,    110.0,  9, 10, 11,  9,      80211,      80211,      80211,      80211
12,    2528667,     17.0,     17.0,     17.0,     54.0,  9, 10, 11,  9,    2375138,    2375138,    2375138,    2375138
12,      44354,     17.0,     18.0,     18.0,     55.0,  9, 10, 11,  9,      80236,      80236,      80236,      80236
12,      44353,     17.0,     17.0,     17.0,     55.0,  9, 10, 11,  9,      80234,      80234,      80234,      80234
12,    2576556,     18.0,     18.0,     18.0,     55.0,  9, 10, 11,  9,    2402610,    2402610,    2402610,    2402610
12,    2576561,     23.0,     23.0,     23.0,     73.0,  9, 10, 11,  9,    2402611,    2402611,    2402611,    2402611
12,    2528688,     17.0,     17.0,     17.0,     54.0,  9, 10, 11,  9,      80224,      80224,      80224,      80224
12,    2528685,     17.0,     17.0,     17.0,     54.0,  9, 10, 11,  9,      80224,      80224,      80224,      80224
12,      44356,     17.0,     17.0,     17.0,     55.0,  9, 10, 11,  9,      80240,      80240,      80240,      80240
12,      44357,     56.0,     56.0,     56.0,    182.0,  1,  2,  3,  1,      44356,      44356,      44356,      44356
12,    2528723,     17.0,     17.0,     17.0,     54.0,  9, 10, 11,  9,    2375175,    2375175,    2375175,    2375175
12,      44368,     17.0,     17.0,     17.0,     55.0,  9, 10, 11,  9,      80259,      80259,      80259,      80259
12,      44367,     17.0,     17.0,     17.0,     55.0,  9, 10, 11,  9,      80257,      80257,      80257,      80257
12,    2528742,     17.0,     17.0,     17.0,     55.0,  9, 10, 11,  9,    2375186,    2375186,    2375186,    2375186
12,    2528747,     17.0,     17.0,     17.0,     55.0,  9, 10, 11,  9,    2375187,    2375187,    2375187,    2375187
12,      44386,     17.0,     17.0,     17.0,     55.0,  9, 10, 11,  9,      80263,      80263,      80263,      80263
12,      44370,     17.0,     17.0,     17.0,     54.0,  9, 10, 11,  9,      80262,      80262,      80262,      80262
12,    2528773,     17.0,     17.0,     17.0,     55.0,  9, 10, 11,  9,      80252,      80252,      80252,      80252
12,    2528781,     17.0,     17.0,     17.0,     55.0,  9, 10, 11,  9,      80252,      80252,      80252,      80252
12,      44390,     17.0,     17.0,     17.0,     54.0,  9, 10, 11,  9,      80292,      80292,      80292,      80292
12,      44389,     17.0,     17.0,     17.0,     54.0,  9, 10, 11,  9,      80292,      80292,      80292,      80292
12,      44398,     17.0,     17.0,     17.0,     55.0,  9, 10, 11,  9,      80304,      80304,      80304,      80304
12,      44416,     17.0,     17.0,     17.0,     54.0,  9, 10, 11,  9,      80330,      80330,      80330,      80330
12,      44418,     17.0,     17.0,     17.0,     54.0,  9, 10, 11,  9,      80333,      80333,      80333,      80333
12,      44423,     17.0,     17.0,     17.0,     54.0,  9, 10, 11,  9,      80342,      80342,      80342,      80342
12,      44422,     17.0,     17.0,     17.0,     54.0,  9, 10, 11,  9,      80340,      80340,      80340,      80340
12,      44426,     17.0,     17.0,     17.0,     54.0,  9, 10, 11,  9,      80347,      80347,      80347,      80347
12,      44425,     16.0,     16.0,     16.0,     51.0,  1,  2,  3,  1,      44425,      44425,      44425,      44425
12,    2537314,     17.0,     17.0,     17.0,     54.0,  9, 10, 11,  9,      80224,      80224,      80224,      80224
12,    2537322,     48.0,     48.0,     49.0,    150.0,  9, 10, 11,  9,    2381264,    2381264,    2381264,    2381264
12,    2537330,     48.0,     48.0,     47.0,    148.0,  9, 10, 11, 11,    2381267,    2381267,    2381267,    2381267
12,    2577849,     67.0,     68.0,     68.0,    206.0,  9, 10, 11,  9,    2401506,    2401506,    2401506,    2401506
12,    2577859,     68.0,     69.0,     69.0,    208.0,  9, 10, 11,  9,    2401506,    2401506,    2401506,    2401506
12,    2578099,     22.0,     22.0,     23.0,     69.0,  9, 10, 11,  9,      80388,      80388,      80388,      80388
12,    2578118,     22.0,     22.0,     23.0,     69.0,  9, 10, 11,  9,      80388,      80388,      80388,      80388
12,    2578129,     22.0,     22.0,     22.0,     69.0,  9, 10, 11,  9,      80388,      80388,      80388,      80388
12,    2450878,     22.0,     22.0,     22.0,     69.0,  9, 10, 11,  9,      80388,      80388,      80388,      80388
12,    2597366,     24.0,     24.0,     24.0,     74.0,  9, 10, 11,  9,      80648,      80648,      80648,      80648
13,    2579020,     72.0,     73.0,     73.0,    218.0,  9, 10, 11,  9,    2404125,    2404125,    2404125,    2404125
13,    2579038,     71.0,     72.0,     72.0,    216.0,  9, 10, 11,  9,    2404125,    2404125,    2404125,    2404125
13,    2579059,     23.0,     22.0,     23.0,     70.0,  9, 10, 11, 10,      80388,      80388,      80388,      80388
13,    2579067,     23.0,     23.0,     23.0,     70.0,  9, 10, 11, 10,      80388,      80388,      80388,      80388
13,    2579080,     23.0,     23.0,     23.0,     71.0,  9, 10, 11,  9,      80388,      80388,      80388,      80388
13,    2579088,     23.0,     23.0,     23.0,     71.0,  9, 10, 11, 10,      80388,      80388,      80388,      80388
13,    2579101,     23.0,     23.0,     23.0,     71.0,  9, 10, 11, 10,      80388,      80388,      80388,      80388
13,    2580517,     24.0,     24.0,     24.0,     74.0,  9, 10, 11,  9,      80648,      80648,      80648,      80648
13,    2450866,     22.0,     22.0,     22.0,     70.0,  9, 10, 11, 10,      80388,      80388,      80388,      80388
13,    2599986,     22.0,     22.0,     22.0,     70.0,  9, 10, 11, 10,      80388,      80388,      80388,      80388
13,    3214198,     22.0,     22.0,     22.0,     70.0,  9, 10, 11, 10,      80388,      80388,      80388,      80388
13,    2573886,     69.0,     68.0,     67.0,    206.0,  9, 10, 11, 11,    2401506,    2401506,    2401506,    2401506
13,      44399,     44.0,     44.0,     44.0,    144.0,  1,  2,  3,  2,      44398,      44398,      44398,      44398
13,    2577878,     38.0,     38.0,     38.0,    123.0,  1,  2,  3,  1,      44402,      44402,      44402,      44402
13,    2452324,     33.0,     33.0,     33.0,    108.0,  9, 10, 11,  9,    2323566,    2323566,    2323566,    2323566
13,    2575866,     64.0,     64.0,     64.0,    197.0,  9, 10, 11,  9,      80398,      80398,      80398,      80398
13,    2575874,     65.0,     65.0,     65.0,    198.0,  9, 10, 11,  9,      80398,      80398,      80398,      80398
13,    2575898,     64.0,     64.0,     64.0,    196.0,  9, 10, 11,  9,      80398,      80398,      80398,      80398
13,    2575929,     63.0,     63.0,     63.0,    195.0,  9, 10, 11,  9,      80398,      80398,      80398,      80398
13,    2575974,     62.0,     62.0,     62.0,    194.0,  9, 10, 11,  9,      80398,      80398,      80398,      80398
13,    2576338,     61.0,     61.0,     61.0,    193.0,  9, 10, 11,  9,      80398,      80398,      80398,      80398
13,    2576354,     61.0,     61.0,     61.0,    192.0,  9, 10, 11,  9,      80398,      80398,      80398,      80398
13,    2576367,     44.0,     43.0,     44.0,    133.0,  9, 10, 11, 10,      80365,      80365,      80365,      80365
13,    2576385,     45.0,     43.0,     44.0,    133.0,  9, 10, 11, 10,      80365,      80365,      80365,      80365
13,    2576393,     45.0,     43.0,     45.0,    134.0,  9, 10, 11, 10,      80365,      80365,      80365,      80365
13,    2576409,     46.0,     44.0,     45.0,    135.0,  9, 10, 11, 10,      80365,      80365,      80365,      80365
13,    2576417,     46.0,     44.0,     45.0,    135.0,  9, 10, 11, 10,      80365,      80365,      80365,      80365
13,    2451839,     17.0,     17.0,     17.0,     54.0,  9, 10, 11, 10,      80366,      80366,      80366,      80366
13,    2576473,     72.0,     72.0,     72.0,    224.0,  9, 10, 11,  9,    2402586,    2402586,    2402586,    2402586
13,    2576489,     36.0,     36.0,     36.0,    111.0,  9, 10, 11,  9,      80211,      80211,      80211,      80211
13,    2528661,     35.0,     35.0,     35.0,    110.0,  9, 10, 11,  9,      80211,      80211,      80211,      80211
13,    2528667,     17.0,     17.0,     17.0,     54.0,  9, 10, 11,  9,    2375138,    2375138,    2375138,    2375138
13,      44354,     17.0,     18.0,     18.0,     55.0,  9, 10, 11,  9,      80236,      80236,      80236,      80236
13,      44353,     17.0,     17.0,     17.0,     55.0,  9, 10, 11,  9,      80234,      80234,      80234,      80234
13,    2576556,     18.0,     18.0,     18.0,     55.0,  9, 10, 11,  9,    2402610,    2402610,    2402610,    2402610
13,    2576561,     23.0,     23.0,     23.0,     73.0,  9, 10, 11,  9,    2402611,    2402611,    2402611,    2402611
13,    2528688,     17.0,     17.0,     17.0,     54.0,  9, 10, 11,  9,      80224,      80224,      80224,      80224
13,    2528685,     17.0,     17.0,     17.0,     54.0,  9, 10, 11,  9,      80224,      80224,      80224,      80224
13,      44356,     17.0,     17.0,     17.0,     55.0,  9, 10, 11,  9,      80240,      80240,      80240,      80240
13,      44357,     56.0,     56.0,     56.0,    182.0,  1,  2,  3,  2,      44356,      44356,      44356,      44356
13,    2528723,     17.0,     17.0,     17.0,     54.0,  9, 10, 11,  9,    2375175,    2375175,    2375175,    2375175
13,      44368,     17.0,     17.0,     17.0,     55.0,  9, 10, 11,  9,      80259,      80259,      80259,      80259
13,      44367,     17.0,     17.0,     17.0,     55.0,  9, 10, 11,  9,      80257,      80257,      80257,      80257
13,    2528742,     17.0,     17.0,     17.0,     55.0,  9, 10, 11,  9,    2375186,    2375186,    2375186,    2375186
13,    2528747,     17.0,     17.0,     17.0,     55.0,  9, 10, 11,  9,    2375187,    2375187,    2375187,    2375187
13,      44386,     17.0,     17.0,     17.0,     55.0,  9, 10, 11,  9,      80263,      80263,      80263,      80263
13,      44370,     17.0,     17.0,     17.0,     54.0,  9, 10, 11,  9,      80262,      80262,      80262,      80262
13,    2528773,     17.0,     17.0,     17.0,     55.0,  9, 10, 11,  9,      80252,      80252,      80252,      80252
13,    2528781,     17.0,     17.0,     17.0,     55.0,  9, 10, 11,  9,      80252,      80252,      80252,      80252
13,      44390,     17.0,     17.0,     17.0,     54.0,  9, 10, 11,  9,      80292,      80292,      80292,      80292
13,      44389,     17.0,     17.0,     17.0,     54.0,  9, 10, 11,  9,      80292,      80292,      80292,      80292
13,      44398,     17.0,     17.0,     17.0,     55.0,  9, 10, 11,  9,      80304,      80304,      80304,      80304
13,      44416,     17.0,     17.0,     17.0,     54.0,  9, 10, 11,  9,      80330,      80330,      80330,      80330
13,      44418,     17.0,     17.0,     17.0,     54.0,  9, 10, 11,  9,      80333,      80333,      80333,      80333
13,      44423,     17.0,     17.0,     17.0,     54.0,  9, 10, 11,  9,      80342,      80342,      80342,      80342
13,      44422,     17.0,     17.0,     17.0,     54.0,  9, 10, 11,  9,      80340,      80340,      80340,      80340
13,      44426,     17.0,     17.0,     17.0,     54.0,  9, 10, 11,  9,      80347,      80347,      80347,      80347
13,      44425,     16.0,     16.0,     16.0,     51.0,  1,  2,  3,  1,      44425,      44425,      44425,      44425
13,    2537314,     17.0,     17.0,     17.0,     54.0,  9, 10, 11,  9,      80224,      80224,      80224,      80224
13,    2537322,     48.0,     47.0,     48.0,    146.0,  9, 10, 11, 10,    2381264,    2381264,    2381264,    2381264
13,    2537330,     48.0,     48.0,     47.0,    148.0,  9, 10, 11, 11,    2381267,    2381267,    2381267,    2381267
13,    2577849,     68.0,     67.0,     67.0,    205.0,  9, 10, 11, 11,    2401506,    2401506,    2401506,    2401506
13,    2577859,     69.0,     68.0,     68.0,    207.0,  9, 10, 11, 11,    2401506,    2401506,    2401506,    2401506
13,    2578099,     22.0,     22.0,     22.0,     69.0,  9, 10, 11, 10,      80388,      80388,      80388,      80388
13,    2578118,     22.0,     22.0,     22.0,     69.0,  9, 10, 11, 10,      80388,      80388,      80388,      80388
13,    2578129,     22.0,     22.0,     22.0,     69.0,  9, 10, 11, 10,      80388,      80388,      80388,      80388
13,    2450878,     22.0,     22.0,     22.0,     69.0,  9, 10, 11, 10,      80388,      80388,      80388,      80388
13,    2597366,     24.0,     24.0,     24.0,     74.0,  9, 10, 11,  9,      80648,      80648,      80648,      80648
14,    2579020,     73.0,     73.0,     73.0,    220.0,  9, 10, 11, 11,    2404125,    2404125,    2404125,    2404125
14,    2579038,     72.0,     73.0,     72.0,    219.0,  9, 10, 11, 11,    2404125,    2404125,    2404125,    2404125
14,    2579059,     23.0,     22.0,     23.0,     70.0,  9, 10, 11, 10,      80388,      80388,      80388,      80388
14,    2579067,     23.0,     22.0,     23.0,     70.0,  9, 10, 11, 10,      80388,      80388,      80388,      80388
14,    2579080,     23.0,     22.0,     23.0,     70.0,  9, 10, 11, 10,      80388,      80388,      80388,      80388
14,    2579088,     23.0,     23.0,     23.0,     70.0,  9, 10, 11, 10,      80388,      80388,      80388,      80388
14,    2579101,     23.0,     23.0,     23.0,     70.0,  9, 10, 11, 10,      80388,      80388,      80388,      80388
14,    2580517,     24.0,     24.0,     24.0,     74.0,  9, 10, 11,  9,      80648,      80648,      80648,      80648
14,    2450866,     23.0,     22.0,     23.0,     69.0,  9, 10, 11, 10,      80388,      80388,      80388,      80388
14,    2599986,     23.0,     22.0,     23.0,     69.0,  9, 10, 11, 10,      80388,      80388,      80388,      80388
14,    3214198,     23.0,     22.0,     23.0,     69.0,  9, 10, 11, 10,      80388,      80388,      80388,      80388
14,    2573886,     69.0,     70.0,     69.0,    210.0,  9, 10, 11, 11,    2401506,    2401506,    2401506,    2401506
14,      44399,     44.0,     44.0,     44.0,    145.0,  1,  2,  3,  1,      44398,      44398,      44398,      44398
14,    2577878,     38.0,     38.0,     38.0,    123.0,  1,  2,  3,  1,      44402,      44402,      44402,      44402
14,    2452324,     33.0,     33.0,     33.0,    108.0,  9, 10, 11,  9,    2323566,    2323566,    2323566,    2323566
14,    2575866,     64.0,     64.0,     64.0,    197.0,  9, 10, 11,  9,      80398,      80398,      80398,      80398
14,    2575874,     65.0,     65.0,     65.0,    198.0,  9, 10, 11,  9,      80398,      80398,      80398,      80398
14,    2575898,     64.0,     64.0,     64.0,    196.0,  9, 10, 11,  9,      80398,      80398,      80398,      80398
14,    2575929,     63.0,     63.0,     63.0,    195.0,  9, 10, 11,  9,      80398,      80398,      80398,      80398
14,    2575974,     62.0,     62.0,     62.0,    194.0,  9, 10, 11,  9,      80398,      80398,      80398,      80398
14,    2576338,     61.0,     61.0,     61.0,    193.0,  9, 10, 11,  9,      80398,      80398,      80398,      80398
14,    2576354,     61.0,     61.0,     61.0,    192.0,  9, 10, 11,  9,      80398,      80398,      80398,      80398
14,    2576367,     44.0,     43.0,     44.0,    135.0,  9, 10, 11, 10,      80365,      80365,      80365,      80365
14,    2576385,     45.0,     44.0,     45.0,    135.0,  9, 10, 11, 10,      80365,      80365,      80365,      80365
14,    2576393,     45.0,     44.0,     45.0,    136.0,  9, 10, 11, 10,      80365,      80365,      80365,      80365
14,    2576409,     46.0,     45.0,     46.0,    137.0,  9, 10, 11, 10,      80365,      80365,      80365,      80365
14,    2576417,     46.0,     45.0,     46.0,    137.0,  9, 10, 11, 10,      80365,      80365,      80365,      80365
14,    2451839,     17.0,     17.0,     17.0,     54.0,  9, 10, 11, 10,      80366,      80366,      80366,      80366
14,    2576473,     72.0,     72.0,     72.0,    224.0,  9, 10, 11,  9,    2402586,    2402586,    2402586,    2402586
14,    2576489,     36.0,     36.0,     36.0,    111.0,  9, 10, 11,  9,      80211,      80211,      80211,      80211
14,    2528661,     35.0,     35.0,     35.0,    110.0,  9, 10, 11,  9,      80211,      80211,      80211,      80211
14,    2528667,     17.0,     17.0,     17.0,     54.0,  9, 10, 11,  9,    2375138,    2375138,    2375138,    2375138
14,      44354,     17.0,     18.0,     18.0,     55.0,  9, 10, 11,  9,      80236,      80236,      80236,      80236
14,      44353,     17.0,     17.0,     17.0,     55.0,  9, 10, 11,  9,      80234,      80234,      80234,      80234
14,    2576556,     18.0,     18.0,     18.0,     55.0,  9, 10, 11,  9,    2402610,    2402610,    2402610,    2402610
14,    2576561,     23.0,     23.0,     23.0,     73.0,  9, 10, 11,  9,    2402611,    2402611,    2402611,    2402611
14,    2528688,     17.0,     17.0,     17.0,     54.0,  9, 10, 11,  9,      80224,      80224,      80224,      80224
14,    2528685,     17.0,     17.0,     17.0,     54.0,  9, 10, 11,  9,      80224,      80224,      80224,      80224
14,      44356,     17.0,     17.0,     17.0,     55.0,  9, 10, 11,  9,      80240,      80240,      80240,      80240
14,      44357,     56.0,     56.0,     56.0,    182.0,  1,  2,  3,  2,      44356,      44356,      44356,      44356
14,    2528723,     17.0,     17.0,     17.0,     54.0,  9, 10, 11,  9,    2375175,    2375175,    2375175,    2375175
14,      44368,     17.0,     17.0,     17.0,     55.0,  9, 10, 11,  9,      80259,      80259,      80259,      80259
14,      44367,     17.0,     17.0,     17.0,     55.0,  9, 10, 11,  9,      80257,      80257,      80257,      80257
14,    2528742,     17.0,     17.0,     17.0,     55.0,  9, 10, 11,  9,    2375186,    2375186,    2375186,    2375186
14,    2528747,     17.0,     17.0,     17.0,     55.0,  9, 10, 11,  9,    2375187,    2375187,    2375187,    2375187
14,      44386,     17.0,     17.0,     17.0,     55.0,  9, 10, 11,  9,      80263,      80263,      80263,      80263
14,      44370,     17.0,     17.0,     17.0,     54.0,  9, 10, 11,  9,      80262,      80262,      80262,      80262
14,    2528773,     17.0,     17.0,     17.0,     55.0,  9, 10, 11,  9,      80252,      80252,      80252,      80252
14,    2528781,     17.0,     17.0,     17.0,     55.0,  9, 10, 11,  9,      80252,      80252,      80252,      80252
14,      44390,     17.0,     17.0,     17.0,     54.0,  9, 10, 11,  9,      80292,      80292,      80292,      80292
14,      44389,     17.0,     17.0,     17.0,     54.0,  9, 10, 11,  9,      80292,      80292,      80292,      80292
14,      44398,     17.0,     17.0,     17.0,     55.0,  9, 10, 11,  9,      80304,      80304,      80304,      80304
14,      44416,     17.0,     17.0,     17.0,     54.0,  9, 10, 11,  9,      80330,      80330,      80330,      80330
14,      44418,     17.0,     17.0,     17.0,     54.0,  9, 10, 11,  9,      80333,      80333,      80333,      80333
14,      44423,     17.0,     17.0,     17.0,     54.0,  9, 10, 11,  9,      80342,      80342,      80342,      80342
14,      44422,     17.0,     17.0,     17.0,     54.0,  9, 10, 11,  9,      80340,      80340,      80340,      80340
14,      44426,     17.0,     17.0,     17.0,     54.0,  9, 10, 11,  9,      80347,      80347,      80347,      80347
14,      44425,     16.0,     16.0,     16.0,     51.0,  1,  2,  3,  1,      44425,      44425,      44425,      44425
14,    2537314,     17.0,     17.0,     17.0,     54.0,  9, 10, 11,  9,      80224,      80224,      80224,      80224
14,    2537322,     48.0,     48.0,     49.0,    149.0,  9, 10, 11,  9,    2381264,    2381264,    2381264,    2381264
14,    2537330,     48.0,     48.0,     47.0,    148.0,  9, 10, 11, 11,    2381267,    2381267,    2381267,    2381267
14,    2577849,     68.0,     69.0,     68.0,    209.0,  9, 10, 11, 11,    2401506,    2401506,    2401506,    2401506
14,    2577859,     69.0,     70.0,     69.0,    210.0,  9, 10, 11, 11,    2401506,    2401506,    2401506,    2401506
14,    2578099,     22.0,     22.0,     22.0,     69.0,  9, 10, 11, 10,      80388,      80388,      80388,      80388
14,    2578118,     22.0,     22.0,     22.0,     69.0,  9, 10, 11, 10,      80388,      80388,      80388,      80388
14,    2578129,     22.0,     22.0,     22.0,     69.0,  9, 10, 11, 10,      80388,      80388,      80388,      80388
14,    2450878,     22.0,     22.0,     22.0,     68.0,  9, 10, 11, 10,      80388,      80388,      80388,      80388
14,    2597366,     24.0,     24.0,     24.0,     74.0,  9, 10, 11,  9,      80648,      80648,      80648,      80648
15,    2579020,     73.0,     74.0,     74.0,    222.0,  9, 10, 11,  9,    2404125,    2404125,    2404125,    2404125
15,    2579038,     72.0,     73.0,     73.0,    221.0,  9, 10, 11,  9,    2404125,    2404125,    2404125,    2404125
15,    2579059,     23.0,     23.0,     22.0,     70.0,  9, 10, 11, 11,      80388,      80388,      80388,      80388
15,    2579067,     23.0,     23.0,     23.0,     71.0,  9, 10, 11, 10,      80388,      80388,      80388,      80388
15,    2579080,     23.0,     23.0,     23.0,     71.0,  9, 10, 11, 10,      80388,      80388,      80388,      80388
15,    2579088,     23.0,     23.0,     23.0,     71.0,  9, 10, 11, 10,      80388,      80388,      80388,      80388
15,    2579101,     24.0,     23.0,     23.0,     71.0,  9, 10, 11, 10,      80388,      80388,      80388,      80388
15,    2580517,     24.0,     24.0,     24.0,     74.0,  9, 10, 11,  9,      80648,      80648,      80648,      80648
15,    2450866,     23.0,     22.0,     22.0,     70.0,  9, 10, 11, 10,      80388,      80388,      80388,      80388
15,    2599986,     23.0,     22.0,     22.0,     70.0,  9, 10, 11, 10,      80388,      80388,      80388,      80388
15,    3214198,     23.0,     22.0,     22.0,     70.0,  9, 10, 11, 10,      80388,      80388,      80388,      80388
15,    2573886,     69.0,     71.0,     70.0,    212.0,  9, 10, 11,  9,    2401506,    2401506,    2401506,    2401506
15,      44399,     44.0,     44.0,     45.0,    144.0,  1,  2,  3,  2,      44398,      44398,      44398,      44398
15,    2577878,     38.0,     38.0,     38.0,    123.0,  1,  2,  3,  2,      44402,      44402,      44402,      44402
15,    2452324,     33.0,     33.0,     33.0,    108.0,  9, 10, 11,  9,    2323566,    2323566,    2323566,    2323566
15,    2575866,     64.0,     64.0,     64.0,    197.0,  9, 10, 11,  9,      80398,      80398,      80398,      80398
15,    2575874,     65.0,     65.0,     65.0,    198.0,  9, 10, 11,  9,      80398,      80398,      80398,      80398
15,    2575898,     64.0,     64.0,     64.0,    196.0,  9, 10, 11,  9,      80398,      80398,      80398,      80398
15,    2575929,     63.0,     63.0,     63.0,    194.0,  9, 10, 11,  9,      80398,      80398,      80398,      80398
15,    2575974,     62.0,     62.0,     62.0,    193.0,  9, 10, 11,  9,      80398,      80398,      80398,      80398
15,    2576338,     61.0,     61.0,     61.0,    192.0,  9, 10, 11,  9,      80398,      80398,      80398,      80398
15,    2576354,     61.0,     61.0,     61.0,    191.0,  9, 10, 11,  9,      80398,      80398,      80398,      80398
15,    2576367,     45.0,     42.0,     44.0,    130.0,  9, 10, 11, 10,      80365,      80365,      80365,      80365
15,    2576385,     45.0,     42.0,     45.0,    131.0,  9, 10, 11, 10,      80365,      80365,      80365,      80365
15,    2576393,     45.0,     43.0,     45.0,    131.0,  9, 10, 11, 10,      80365,      80365,      80365,      80365
15,    2576409,     46.0,     43.0,     46.0,    132.0,  9, 10, 11, 10,      80365,      80365,      80365,      80365
15,    2576417,     46.0,     43.0,     46.0,    133.0,  9, 10, 11, 10,      80365,      80365,      80365,      80365
15,    2451839,     17.0,     17.0,     17.0,     54.0,  9, 10, 11, 10,      80366,      80366,      80366,      80366
15,    2576473,     72.0,     72.0,     72.0,    224.0,  9, 10, 11,  9,    2402586,    2402586,    2402586,    2402586
15,    2576489,     36.0,     36.0,     36.0,    111.0,  9, 10, 11,  9,      80211,      80211,      80211,      80211
15,    2528661,     35.0,     35.0,     35.0,    110.0,  9, 10, 11,  9,      80211,      80211,      80211,      80211
15,    2528667,     17.0,     17.0,     17.0,     54.0,  9, 10, 11,  9,    2375138,    2375138,    2375138,    2375138
15,      44354,     17.0,     18.0,     18.0,     55.0,  9, 10, 11,  9,      80236,      80236,      80236,      80236
15,      44353,     17.0,     17.0,     17.0,     55.0,  9, 10, 11,  9,      80234,      80234,      80234,      80234
15,    2576556,     18.0,     18.0,     18.0,     55.0,  9, 10, 11,  9,    2402610,    2402610,    2402610,    2402610
15,    2576561,     23.0,     23.0,     23.0,     73.0,  9, 10, 11,  9,    2402611,    2402611,    2402611,    2402611
15,    2528688,     17.0,     17.0,     17.0,     54.0,  9, 10, 11,  9,      80224,      80224,      80224,      80224
15,    2528685,     17.0,     17.0,     17.0,     54.0,  9, 10, 11,  9,      80224,      80224,      80224,      80224
15,      44356,     17.0,     17.0,     17.0,     55.0,  9, 10, 11,  9,      80240,      80240,      80240,      80240
15,      44357,     56.0,     56.0,     56.0,    182.0,  1,  2,  3,  2,      44356,      44356,      44356,      44356
15,    2528723,     17.0,     17.0,     17.0,     54.0,  9, 10, 11,  9,    2375175,    2375175,    2375175,    2375175
15,      44368,     17.0,     17.0,     17.0,     55.0,  9, 10, 11,  9,      80259,      80259,      80259,      80259
15,      44367,     17.0,     17.0,     17.0,     55.0,  9, 10, 11,  9,      80257,      80257,      80257,      80257
15,    2528742,     17.0,     17.0,     17.0,     55.0,  9, 10, 11,  9,    2375186,    2375186,    2375186,    2375186
15,    2528747,     17.0,     17.0,     17.0,     55.0,  9, 10, 11,  9,    2375187,    2375187,    2375187,    2375187
15,      44386,     17.0,     17.0,     17.0,     55.0,  9, 10, 11,  9,      80263,      80263,      80263,      80263
15,      44370,     17.0,     17.0,     17.0,     54.0,  9, 10, 11,  9,      80262,      80262,      80262,      80262
15,    2528773,     17.0,     17.0,     17.0,     55.0,  9, 10, 11,  9,      80252,      80252,      80252,      80252
15,    2528781,     17.0,     17.0,     17.0,     55.0,  9, 10, 11,  9,      80252,      80252,      80252,      80252
15,      44390,     17.0,     17.0,     17.0,     54.0,  9, 10, 11,  9,      80292,      80292,      80292,      80292
15,      44389,     17.0,     17.0,     17.0,     54.0,  9, 10, 11,  9,      80292,      80292,      80292,      80292
15,      44398,     17.0,     17.0,     17.0,     55.0,  9, 10, 11,  9,      80304,      80304,      80304,      80304
15,      44416,     17.0,     17.0,     17.0,     54.0,  9, 10, 11,  9,      80330,      80330,      80330,      80330
15,      44418,     17.0,     17.0,     17.0,     54.0,  9, 10, 11,  9,      80333,      80333,      80333,      80333
15,      44423,     17.0,     17.0,     17.0,     54.0,  9, 10, 11,  9,      80342,      80342,      80342,      80342
15,      44422,     17.0,     17.0,     17.0,     54.0,  9, 10, 11,  9,      80340,      80340,      80340,      80340
15,      44426,     17.0,     17.0,     17.0,     54.0,  9, 10, 11,  9,      80347,      80347,      80347,      80347
15,      44425,     16.0,     16.0,     16.0,     51.0,  1,  2,  3,  1,      44425,      44425,      44425,      44425
15,    2537314,     17.0,     17.0,     17.0,     54.0,  9, 10, 11,  9,      80224,      80224,      80224,      80224
15,    2537322,     48.0,     48.0,     49.0,    148.0,  9, 10, 11,  9,    2381264,    2381264,    2381264,    2381264
15,    2537330,     48.0,     48.0,     47.0,    148.0,  9, 10, 11, 11,    2381267,    2381267,    2381267,    2381267
15,    2577849,     69.0,     70.0,     69.0,    211.0,  9, 10, 11,  9,    2401506,    2401506,    2401506,    2401506
15,    2577859,     70.0,     71.0,     70.0,    212.0,  9, 10, 11,  9,    2401506,    2401506,    2401506,    2401506
15,    2578099,     23.0,     22.0,     22.0,     70.0,  9, 10, 11, 10,      80388,      80388,      80388,      80388
15,    2578118,     22.0,     22.0,     22.0,     70.0,  9, 10, 11, 10,      80388,      80388,      80388,      80388
15,    2578129,     22.0,     22.0,     22.0,     69.0,  9, 10, 11, 11,      80388,      80388,      80388,      80388
15,    2450878,     22.0,     22.0,     22.0,     69.0,  9, 10, 11, 10,      80388,      80388,      80388,      80388
15,    2597366,     24.0,     24.0,     24.0,     74.0,  9, 10, 11,  9,      80648,      80648,      80648,      80648
16,    2579020,     73.0,     74.0,     73.0,    222.0,  9, 10, 11,  9,    2404125,    2404125,    2404125,    2404125
16,    2579038,     73.0,     73.0,     72.0,    221.0,  9, 10, 11,  9,    2404125,    2404125,    2404125,    2404125
16,    2579059,     23.0,     23.0,     23.0,     71.0,  9, 10, 11, 10,      80388,      80388,      80388,      80388
16,    2579067,     23.0,     23.0,     23.0,     71.0,  9, 10, 11, 10,      80388,      80388,      80388,      80388
16,    2579080,     23.0,     23.0,     23.0,     72.0,  9, 10, 11,  9,      80388,      80388,      80388,      80388
16,    2579088,     23.0,     23.0,     23.0,     72.0,  9, 10, 11, 10,      80388,      80388,      80388,      80388
16,    2579101,     24.0,     23.0,     23.0,     72.0,  9, 10, 11, 10,      80388,      80388,      80388,      80388
16,    2580517,     24.0,     24.0,     24.0,     74.0,  9, 10, 11,  9,      80648,      80648,      80648,      80648
16,    2450866,     23.0,     22.0,     23.0,     71.0,  9, 10, 11, 10,      80388,      80388,      80388,      80388
16,    2599986,     23.0,     22.0,     23.0,     71.0,  9, 10, 11,  9,      80388,      80388,      80388,      80388
16,    3214198,     23.0,     22.0,     23.0,     71.0,  9, 10, 11, 10,      80388,      80388,      80388,      80388
16,    2573886,     70.0,     71.0,     68.0,    208.0,  9, 10, 11, 11,    2401506,    2401506,    2401506,    2401506
16,      44399,     44.0,     44.0,     44.0,    144.0,  1,  2,  3,  2,      44398,      44398,      44398,      44398
16,    2577878,     38.0,     38.0,     38.0,    123.0,  1,  2,  3,  1,      44402,      44402,      44402,      44402
16,    2452324,     33.0,     33.0,     33.0,    108.0,  9, 10, 11,  9,    2323566,    2323566,    2323566,    2323566
16,    2575866,     64.0,     64.0,     64.0,    197.0,  9, 10, 11,  9,      80398,      80398,      80398,      80398
16,    2575874,     65.0,     65.0,     65.0,    198.0,  9, 10, 11,  9,      80398,      80398,      80398,      80398
16,    2575898,     64.0,     64.0,     64.0,    196.0,  9, 10, 11,  9,      80398,      80398,      80398,      80398
16,    2575929,     63.0,     63.0,     63.0,    195.0,  9, 10, 11,  9,      80398,      80398,      80398,      80398
16,    2575974,     62.0,     62.0,     62.0,    194.0,  9, 10, 11,  9,      80398,      80398,      80398,      80398
16,    2576338,     61.0,     61.0,     61.0,    193.0,  9, 10, 11,  9,      80398,      80398,      80398,      80398
16,    2576354,     61.0,     61.0,     61.0,    192.0,  9, 10, 11,  9,      80398,      80398,      80398,      80398
16,    2576367,     44.0,     42.0,     44.0,    132.0,  9, 10, 11, 10,      80365,      80365,      80365,      80365
16,    2576385,     45.0,     43.0,     45.0,    132.0,  9, 10, 11, 10,      80365,      80365,      80365,      80365
16,    2576393,     45.0,     43.0,     45.0,    133.0,  9, 10, 11, 10,      80365,      80365,      80365,      80365
16,    2576409,     46.0,     44.0,     46.0,    134.0,  9, 10, 11, 10,      80365,      80365,      80365,      80365
16,    2576417,     46.0,     44.0,     46.0,    134.0,  9, 10, 11, 10,      80365,      80365,      80365,      80365
16,    2451839,     17.0,     17.0,     17.0,     54.0,  9, 10, 11, 10,      80366,      80366,      80366,      80366
16,    2576473,     72.0,     72.0,     72.0,    224.0,  9, 10, 11,  9,    2402586,    2402586,    2402586,    2402586
16,    2576489,     36.0,     36.0,     36.0,    111.0,  9, 10, 11,  9,      80211,      80211,      80211,      80211
16,    2528661,     35.0,     35.0,     35.0,    110.0,  9, 10, 11,  9,      80211,      80211,      80211,      80211
16,    2528667,     17.0,     17.0,     17.0,     54.0,  9, 10, 11,  9,    2375138,    2375138,    2375138,    2375138
16,      44354,     17.0,     18.0,     18.0,     55.0,  9, 10, 11,  9,      80236,      80236,      80236,      80236
16,      44353,     17.0,     17.0,     17.0,     55.0,  9, 10, 11,  9,      80234,      80234,      80234,      80234
16,    2576556,     18.0,     18.0,     18.0,     55.0,  9, 10, 11,  9,    2402610,    2402610,    2402610,    2402610
16,    2576561,     23.0,     23.0,     23.0,     73.0,  9, 10, 11,  9,    2402611,    2402611,    2402611,    2402611
16,    2528688,     17.0,     17.0,     17.0,     54.0,  9, 10, 11,  9,      80224,      80224,      80224,      80224
16,    2528685,     17.0,     17.0,     17.0,     54.0,  9, 10, 11,  9,      80224,      80224,      80224,      80224
16,      44356,     17.0,     17.0,     17.0,     55.0,  9, 10, 11,  9,      80240,      80240,      80240,      80240
16,      44357,     56.0,     56.0,     56.0,    182.0,  1,  2,  3,  2,      44356,      44356,      44356,      44356
16,    2528723,     17.0,     17.0,     17.0,     54.0,  9, 10, 11,  9,    2375175,    2375175,    2375175,    2375175
16,      44368,     17.0,     17.0,     17.0,     55.0,  9, 10, 11,  9,      80259,      80259,      80259,      80259
16,      44367,     17.0,     17.0,     17.0,     55.0,  9, 10, 11,  9,      80257,      80257,      80257,      80257
16,    2528742,     17.0,     17.0,     17.0,     55.0,  9, 10, 11,  9,    2375186,    2375186,    2375186,    2375186
16,    2528747,     17.0,     17.0,     17.0,     55.0,  9, 10, 11,  9,    2375187,    2375187,    2375187,    2375187
16,      44386,     17.0,     17.0,     17.0,     55.0,  9, 10, 11,  9,      80263,      80263,      80263,      80263
16,      44370,     17.0,     17.0,     17.0,     54.0,  9, 10, 11,  9,      80262,      80262,      80262,      80262
16,    2528773,     17.0,     17.0,     17.0,     55.0,  9, 10, 11,  9,      80252,      80252,      80252,      80252
16,    2528781,     17.0,     17.0,     17.0,     55.0,  9, 10, 11,  9,      80252,      80252,      80252,      80252
16,      44390,     17.0,     17.0,     17.0,     54.0,  9, 10, 11,  9,      80292,      80292,      80292,      80292
16,      44389,     17.0,     17.0,     17.0,     54.0,  9, 10, 11,  9,      80292,      80292,      80292,      80292
16,      44398,     17.0,     17.0,     17.0,     55.0,  9, 10, 11,  9,      80304,      80304,      80304,      80304
16,      44416,     17.0,     17.0,     17.0,     54.0,  9, 10, 11,  9,      80330,      80330,      80330,      80330
16,      44418,     17.0,     17.0,     17.0,     54.0,  9, 10, 11,  9,      80333,      80333,      80333,      80333
16,      44423,     17.0,     17.0,     17.0,     54.0,  9, 10, 11,  9,      80342,      80342,      80342,      80342
16,      44422,     17.0,     17.0,     17.0,     54.0,  9, 10, 11,  9,      80340,      80340,      80340,      80340
16,      44426,     17.0,     17.0,     17.0,     54.0,  9, 10, 11,  9,      80347,      80347,      80347,      80347
16,      44425,     16.0,     16.0,     16.0,     51.0,  1,  2,  3,  1,      44425,      44425,      44425,      44425
16,    2537314,     17.0,     17.0,     17.0,     54.0,  9, 10, 11,  9,      80224,      80224,      80224,      80224
16,    2537322,     48.0,     49.0,     49.0,    150.0,  9, 10, 11,  9,    2381264,    2381264,    2381264,    2381264
16,    2537330,     48.0,     48.0,     47.0,    147.0,  9, 10, 11, 11,    2381267,    2381267,    2381267,    2381267
16,    2577849,     69.0,     70.0,     67.0,    207.0,  9, 10, 11, 11,    2401506,    2401506,    2401506,    2401506
16,    2577859,     70.0,     71.0,     68.0,    208.0,  9, 10, 11, 11,    2401506,    2401506,    2401506,    2401506
16,    2578099,     23.0,     22.0,     22.0,     70.0,  9, 10, 11, 10,      80388,      80388,      80388,      80388
16,    2578118,     22.0,     22.0,     22.0,     70.0,  9, 10, 11, 10,      80388,      80388,      80388,      80388
16,    2578129,     22.0,     22.0,     22.0,     70.0,  9, 10, 11, 10,      80388,      80388,      80388,      80388
16,    2450878,     22.0,     22.0,     22.0,     70.0,  9, 10, 11, 10,      80388,      80388,      80388,      80388
16,    2597366,     24.0,     24.0,     24.0,     74.0,  9, 10, 11,  9,      80648,      80648,      80648,      80648
17,    2579020,     73.0,     74.0,     74.0,    222.0,  9, 10, 11,  9,    2404125,    2404125,    2404125,    2404125
17,    2579038,     72.0,     73.0,     73.0,    221.0,  9, 10, 11,  9,    2404125,    2404125,    2404125,    2404125
17,    2579059,     23.0,     23.0,     23.0,     71.0,  9, 10, 11, 10,      80388,      80388,      80388,      80388
17,    2579067,     23.0,     23.0,     23.0,     71.0,  9, 10, 11, 10,      80388,      80388,      80388,      80388
17,    2579080,     23.0,     23.0,     23.0,     71.0,  9, 10, 11, 10,      80388,      80388,      80388,      80388
17,    2579088,     23.0,     23.0,     23.0,     71.0,  9, 10, 11, 10,      80388,      80388,      80388,      80388
17,    2579101,     24.0,     23.0,     24.0,     71.0,  9, 10, 11, 10,      80388,      80388,      80388,      80388
17,    2580517,     24.0,     24.0,     24.0,     74.0,  9, 10, 11,  9,      80648,      80648,      80648,      80648
17,    2450866,     23.0,     22.0,     23.0,     70.0,  9, 10, 11, 10,      80388,      80388,      80388,      80388
17,    2599986,     23.0,     22.0,     23.0,     70.0,  9, 10, 11, 10,      80388,      80388,      80388,      80388
17,    3214198,     23.0,     22.0,     23.0,     70.0,  9, 10, 11, 10,      80388,      80388,      80388,      80388
17,    2573886,     70.0,     70.0,     69.0,    211.0,  9, 10, 11, 11,    2401506,    2401506,    2401506,    2401506
17,      44399,     44.0,     44.0,     45.0,    145.0,  1,  2,  3,  1,      44398,      44398,      44398,      44398
17,    2577878,     38.0,     38.0,     38.0,    123.0,  1,  2,  3,  1,      44402,      44402,      44402,      44402
17,    2452324,     33.0,     33.0,     33.0,    108.0,  9, 10, 11,  9,    2323566,    2323566,    2323566,    2323566
17,    2575866,     64.0,     64.0,     64.0,    197.0,  9, 10, 11,  9,      80398,      80398,      80398,      80398
17,    2575874,     65.0,     65.0,     65.0,    198.0,  9, 10, 11,  9,      80398,      80398,      80398,      80398
17,    2575898,     64.0,     64.0,     64.0,    196.0,  9, 10, 11,  9,      80398,      80398,      80398,      80398
17,    2575929,     63.0,     63.0,     63.0,    195.0,  9, 10, 11,  9,      80398,      80398,      80398,      80398
17,    2575974,     62.0,     62.0,     62.0,    194.0,  9, 10, 11,  9,      80398,      80398,      80398,      80398
17,    2576338,     61.0,     61.0,     61.0,    193.0,  9, 10, 11,  9,      80398,      80398,      80398,      80398
17,    2576354,     61.0,     61.0,     61.0,    192.0,  9, 10, 11,  9,      80398,      80398,      80398,      80398
17,    2576367,     44.0,     43.0,     44.0,    133.0,  9, 10, 11, 10,      80365,      80365,      80365,      80365
17,    2576385,     45.0,     43.0,     44.0,    134.0,  9, 10, 11, 10,      80365,      80365,      80365,      80365
17,    2576393,     45.0,     44.0,     45.0,    135.0,  9, 10, 11, 10,      80365,      80365,      80365,      80365
17,    2576409,     46.0,     44.0,     45.0,    135.0,  9, 10, 11, 10,      80365,      80365,      80365,      80365
17,    2576417,     46.0,     45.0,     46.0,    136.0,  9, 10, 11, 10,      80365,      80365,      80365,      80365
17,    2451839,     17.0,     17.0,     17.0,     54.0,  9, 10, 11, 10,      80366,      80366,      80366,      80366
17,    2576473,     72.0,     72.0,     72.0,    224.0,  9, 10, 11,  9,    2402586,    2402586,    2402586,    2402586
17,    2576489,     36.0,     36.0,     36.0,    111.0,  9, 10, 11,  9,      80211,      80211,      80211,      80211
17,    2528661,     35.0,     35.0,     35.0,    110.0,  9, 10, 11,  9,      80211,      80211,      80211,      80211
17,    2528667,     17.0,     17.0,     17.0,     54.0,  9, 10, 11,  9,    2375138,    2375138,    2375138,    2375138
17,      44354,     17.0,     18.0,     18.0,     55.0,  9, 10, 11,  9,      80236,      80236,      80236,      80236
17,      44353,     17.0,     17.0,     17.0,     55.0,  9, 10, 11,  9,      80234,      80234,      80234,      80234
17,    2576556,     18.0,     18.0,     18.0,     55.0,  9, 10, 11,  9,    2402610,    2402610,    2402610,    2402610
17,    2576561,     23.0,     23.0,     23.0,     73.0,  9, 10, 11,  9,    2402611,    2402611,    2402611,    2402611
17,    2528688,     17.0,     17.0,     17.0,     54.0,  9, 10, 11,  9,      80224,      80224,      80224,      80224
17,    2528685,     17.0,     17.0,     17.0,     54.0,  9, 10, 11,  9,      80224,      80224,      80224,      80224
17,      44356,     17.0,     17.0,     17.0,     55.0,  9, 10, 11,  9,      80240,      80240,      80240,      80240
17,      44357,     56.0,     56.0,     56.0,    183.0,  1,  2,  3,  1,      44356,      44356,      44356,      44356
17,    2528723,     17.0,     17.0,     17.0,     54.0,  9, 10, 11,  9,    2375175,    2375175,    2375175,    2375175
17,      44368,     17.0,     17.0,     17.0,     55.0,  9, 10, 11,  9,      80259,      80259,      80259,      80259
17,      44367,     17.0,     17.0,     17.0,     55.0,  9, 10, 11,  9,      80257,      80257,      80257,      80257
17,    2528742,     17.0,     17.0,     17.0,     55.0,  9, 10, 11,  9,    2375186,    2375186,    2375186,    2375186
17,    2528747,     17.0,     17.0,     17.0,     55.0,  9, 10, 11,  9,    2375187,    2375187,    2375187,    2375187
17,      44386,     17.0,     17.0,     17.0,     55.0,  9, 10, 11,  9,      80263,      80263,      80263,      80263
17,      44370,     17.0,     17.0,     17.0,     54.0,  9, 10, 11,  9,      80262,      80262,      80262,      80262
17,    2528773,     17.0,     17.0,     17.0,     55.0,  9, 10, 11,  9,      80252,      80252,      80252,      80252
17,    2528781,     17.0,     17.0,     17.0,     55.0,  9, 10, 11,  9,      80252,      80252,      80252,      80252
17,      44390,     17.0,     17.0,     17.0,     54.0,  9, 10, 11,  9,      80292,      80292,      80292,      80292
17,      44389,     17.0,     17.0,     17.0,     54.0,  9, 10, 11,  9,      80292,      80292,      80292,      80292
17,      44398,     17.0,     17.0,     17.0,     55.0,  9, 10, 11,  9,      80304,      80304,      80304,      80304
17,      44416,     17.0,     17.0,     17.0,     54.0,  9, 10, 11,  9,      80330,      80330,      80330,      80330
17,      44418,     17.0,     17.0,     17.0,     54.0,  9, 10, 11,  9,      80333,      80333,      80333,      80333
17,      44423,     17.0,     17.0,     17.0,     54.0,  9, 10, 11,  9,      80342,      80342,      80342,      80342
17,      44422,     17.0,     17.0,     17.0,     54.0,  9, 10, 11,  9,      80340,      80340,      80340,      80340
17,      44426,     17.0,     17.0,     17.0,     54.0,  9, 10, 11,  9,      80347,      80347,      80347,      80347
17,      44425,     16.0,     16.0,     16.0,     51.0,  1,  2,  3,  1,      44425,      44425,      44425,      44425
17,    2537314,     17.0,     17.0,     17.0,     54.0,  9, 10, 11,  9,      80224,      80224,      80224,      80224
17,    2537322,     48.0,     48.0,     48.0,    150.0,  9, 10, 11,  9,    2381264,    2381264,    2381264,    2381264
17,    2537330,     48.0,     48.0,     47.0,    148.0,  9, 10, 11, 11,    2381267,    2381267,    2381267,    2381267
17,    2577849,     69.0,     69.0,     68.0,    210.0,  9, 10, 11, 11,    2401506,    2401506,    2401506,    2401506
17,    2577859,     70.0,     70.0,     69.0,    212.0,  9, 10, 11, 11,    2401506,    2401506,    2401506,    2401506
17,    2578099,     23.0,     22.0,     22.0,     70.0,  9, 10, 11, 10,      80388,      80388,      80388,      80388
17,    2578118,     22.0,     22.0,     22.0,     70.0,  9, 10, 11, 10,      80388,      80388,      80388,      80388
17,    2578129,     22.0,     22.0,     22.0,     70.0,  9, 10, 11, 10,      80388,      80388,      80388,      80388
17,    2450878,     22.0,     22.0,     22.0,     70.0,  9, 10, 11, 10,      80388,      80388,      80388,      80388
17,    2597366,     24.0,     24.0,     24.0,     74.0,  9, 10, 11,  9,      80648,      80648,      80648,      80648
18,    2579020,     73.0,     73.0,     73.0,    222.0,  9, 10, 11,  9,    2404125,    2404125,    2404125,    2404125
18,    2579038,     73.0,     72.0,     72.0,    221.0,  9, 10, 11,  9,    2404125,    2404125,    2404125,    2404125
18,    2579059,     23.0,     22.0,     23.0,     70.0,  9, 10, 11, 10,      80388,      80388,      80388,      80388
18,    2579067,     23.0,     23.0,     23.0,     70.0,  9, 10, 11, 10,      80388,      80388,      80388,      80388
18,    2579080,     23.0,     23.0,     23.0,     71.0,  9, 10, 11, 10,      80388,      80388,      80388,      80388
18,    2579088,     24.0,     23.0,     23.0,     71.0,  9, 10, 11, 10,      80388,      80388,      80388,      80388
18,    2579101,     24.0,     23.0,     23.0,     71.0,  9, 10, 11, 10,      80388,      80388,      80388,      80388
18,    2580517,     24.0,     24.0,     24.0,     74.0,  9, 10, 11,  9,      80648,      80648,      80648,      80648
18,    2450866,     23.0,     22.0,     23.0,     70.0,  9, 10, 11, 10,      80388,      80388,      80388,      80388
18,    2599986,     23.0,     22.0,     22.0,     70.0,  9, 10, 11, 10,      80388,      80388,      80388,      80388
18,    3214198,     23.0,     22.0,     22.0,     70.0,  9, 10, 11, 10,      80388,      80388,      80388,      80388
18,    2573886,     68.0,     69.0,     68.0,    209.0,  9, 10, 11,  9,    2401506,    2401506,    2401506,    2401506
18,      44399,     44.0,     44.0,     44.0,    144.0,  1,  2,  3,  2,      44398,      44398,      44398,      44398
18,    2577878,     38.0,     38.0,     38.0,    123.0,  1,  2,  3,  1,      44402,      44402,      44402,      44402
18,    2452324,     33.0,     33.0,     33.0,    108.0,  9, 10, 11,  9,    2323566,    2323566,    2323566,    2323566
18,    2575866,     64.0,     64.0,     64.0,    197.0,  9, 10, 11,  9,      80398,      80398,      80398,      80398
18,    2575874,     65.0,     65.0,     65.0,    198.0,  9, 10, 11,  9,      80398,      80398,      80398,      80398
18,    2575898,     64.0,     64.0,     64.0,    196.0,  9, 10, 11,  9,      80398,      80398,      80398,      80398
18,    2575929,     63.0,     63.0,     63.0,    195.0,  9, 10, 11,  9,      80398,      80398,      80398,      80398
18,    2575974,     62.0,     62.0,     62.0,    194.0,  9, 10, 11,  9,      80398,      80398,      80398,      80398
18,    2576338,     61.0,     61.0,     61.0,    193.0,  9, 10, 11,  9,      80398,      80398,      80398,      80398
18,    2576354,     61.0,     61.0,     61.0,    192.0,  9, 10, 11,  9,      80398,      80398,      80398,      80398
18,    2576367,     44.0,     42.0,     43.0,    132.0,  9, 10, 11, 10,      80365,      80365,      80365,      80365
18,    2576385,     45.0,     43.0,     44.0,    133.0,  9, 10, 11, 10,      80365,      80365,      80365,      80365
18,    2576393,     45.0,     43.0,     44.0,    133.0,  9, 10, 11, 10,      80365,      80365,      80365,      80365
18,    2576409,     46.0,     44.0,     44.0,    134.0,  9, 10, 11, 10,      80365,      80365,      80365,      80365
18,    2576417,     46.0,     44.0,     45.0,    135.0,  9, 10, 11, 10,      80365,      80365,      80365,      80365
18,    2451839,     17.0,     17.0,     17.0,     54.0,  9, 10, 11, 10,      80366,      80366,      80366,      80366
18,    2576473,     72.0,     72.0,     72.0,    224.0,  9, 10, 11,  9,    2402586,    2402586,    2402586,    2402586
18,    2576489,     36.0,     36.0,     36.0,    111.0,  9, 10, 11,  9,      80211,      80211,      80211,      80211
18,    2528661,     35.0,     35.0,     35.0,    110.0,  9, 10, 11,  9,      80211,      80211,      80211,      80211
18,    2528667,     17.0,     17.0,     17.0,     54.0,  9, 10, 11,  9,    2375138,    2375138,    2375138,    2375138
18,      44354,     17.0,     18.0,     18.0,     55.0,  9, 10, 11,  9,      80236,      80236,      80236,      80236
18,      44353,     17.0,     17.0,     17.0,     55.0,  9, 10, 11,  9,      80234,      80234,      80234,      80234
18,    2576556,     18.0,     18.0,     18.0,     55.0,  9, 10, 11,  9,    2402610,    2402610,    2402610,    2402610
18,    2576561,     23.0,     23.0,     23.0,     73.0,  9, 10, 11,  9,    2402611,    2402611,    2402611,    2402611
18,    2528688,     17.0,     17.0,     17.0,     54.0,  9, 10, 11,  9,      80224,      80224,      80224,      80224
18,    2528685,     17.0,     17.0,     17.0,     54.0,  9, 10, 11,  9,      80224,      80224,      80224,      80224
18,      44356,     17.0,     17.0,     17.0,     55.0,  9, 10, 11,  9,      80240,      80240,      80240,      80240
18,      44357,     56.0,     56.0,     56.0,    182.0,  1,  2,  3,  2,      44356,      44356,      44356,      44356
18,    2528723,     17.0,     17.0,     17.0,     54.0,  9, 10, 11,  9,    2375175,    2375175,    2375175,    2375175
18,      44368,     17.0,     17.0,     17.0,     55.0,  9, 10, 11,  9,      80259,      80259,      80259,      80259
18,      44367,     17.0,     17.0,     17.0,     55.0,  9, 10, 11,  9,      80257,      80257,      80257,      80257
18,    2528742,     17.0,     17.0,     17.0,     55.0,  9, 10, 11,  9,    2375186,    2375186,    2375186,    2375186
18,    2528747,     17.0,     17.0,     17.0,     55.0,  9, 10, 11,  9,    2375187,    2375187,    2375187,    2375187
18,      44386,     17.0,     17.0,     17.0,     55.0,  9, 10, 11,  9,      80263,      80263,      80263,      80263
18,      44370,     17.0,     17.0,     17.0,     54.0,  9, 10, 11,  9,      80262,      80262,      80262,      80262
18,    2528773,     17.0,     17.0,     17.0,     55.0,  9, 10, 11,  9,      80252,      80252,      80252,      80252
18,    2528781,     17.0,     17.0,     17.0,     55.0,  9, 10, 11,  9,      80252,      80252,      80252,      80252
18,      44390,     17.0,     17.0,     17.0,     54.0,  9, 10, 11,  9,      80292,      80292,      80292,      80292
18,      44389,     17.0,     17.0,     17.0,     54.0,  9, 10, 11,  9,      80292,      80292,      80292,      80292
18,      44398,     17.0,     17.0,     17.0,     55.0,  9, 10, 11,  9,      80304,      80304,      80304,      80304
18,      44416,     17.0,     17.0,     17.0,     54.0,  9, 10, 11,  9,      80330,      80330,      80330,      80330
18,      44418,     17.0,     17.0,     17.0,     54.0,  9, 10, 11,  9,      80333,      80333,      80333,      80333
18,      44423,     17.0,     17.0,     17.0,     54.0,  9, 10, 11,  9,      80342,      80342,      80342,      80342
18,      44422,     17.0,     17.0,     17.0,     54.0,  9, 10, 11,  9,      80340,      80340,      80340,      80340
18,      44426,     17.0,     17.0,     17.0,     54.0,  9, 10, 11,  9,      80347,      80347,      80347,      80347
18,      44425,     16.0,     16.0,     16.0,     51.0,  1,  2,  3,  1,      44425,      44425,      44425,      44425
18,    2537314,     17.0,     17.0,     17.0,     54.0,  9, 10, 11,  9,      80224,      80224,      80224,      80224
18,    2537322,     48.0,     48.0,     49.0,    149.0,  9, 10, 11,  9,    2381264,    2381264,    2381264,    2381264
18,    2537330,     48.0,     48.0,     47.0,    148.0,  9, 10, 11, 11,    2381267,    2381267,    2381267,    2381267
18,    2577849,     68.0,     68.0,     67.0,    207.0,  9, 10, 11, 11,    2401506,    2401506,    2401506,    2401506
18,    2577859,     69.0,     69.0,     68.0,    209.0,  9, 10, 11, 11,    2401506,    2401506,    2401506,    2401506
18,    2578099,     23.0,     22.0,     22.0,     70.0,  9, 10, 11, 10,      80388,      80388,      80388,      80388
18,    2578118,     23.0,     22.0,     22.0,     69.0,  9, 10, 11, 10,      80388,      80388,      80388,      80388
18,    2578129,     22.0,     22.0,     22.0,     69.0,  9, 10, 11, 10,      80388,      80388,      80388,      80388
18,    2450878,     22.0,     22.0,     22.0,     69.0,  9, 10, 11, 10,      80388,      80388,      80388,      80388
18,    2597366,     24.0,     24.0,     24.0,     74.0,  9, 10, 11,  9,      80648,      80648,      80648,      80648
19,    2579020,     72.0,     72.0,     73.0,    219.0,  9, 10, 11,  9,    2404125,    2404125,    2404125,    2404125
19,    2579038,     71.0,     71.0,     72.0,    218.0,  9, 10, 11,  9,    2404125,    2404125,    2404125,    2404125
19,    2579059,     23.0,     22.0,     22.0,     69.0,  9, 10, 11, 10,      80388,      80388,      80388,      80388
19,    2579067,     23.0,     22.0,     22.0,     69.0,  9, 10, 11, 10,      80388,      80388,      80388,      80388
19,    2579080,     23.0,     22.0,     22.0,     69.0,  9, 10, 11, 10,      80388,      80388,      80388,      80388
19,    2579088,     23.0,     22.0,     23.0,     69.0,  9, 10, 11, 10,      80388,      80388,      80388,      80388
19,    2579101,     23.0,     22.0,     23.0,     70.0,  9, 10, 11, 10,      80388,      80388,      80388,      80388
19,    2580517,     24.0,     24.0,     24.0,     74.0,  9, 10, 11,  9,      80648,      80648,      80648,      80648
19,    2450866,     22.0,     22.0,     22.0,     68.0,  9, 10, 11, 10,      80388,      80388,      80388,      80388
19,    2599986,     22.0,     22.0,     22.0,     68.0,  9, 10, 11, 10,      80388,      80388,      80388,      80388
19,    3214198,     22.0,     22.0,     22.0,     68.0,  9, 10, 11, 10,      80388,      80388,      80388,      80388
19,    2573886,     69.0,     69.0,     69.0,    210.0,  9, 10, 11, 10,    2401506,    2401506,    2401506,    2401506
19,      44399,     44.0,     44.0,     44.0,    144.0,  1,  2,  3,  2,      44398,      44398,      44398,      44398
19,    2577878,     38.0,     38.0,     38.0,    123.0,  1,  2,  3,  1,      44402,      44402,      44402,      44402
19,    2452324,     33.0,     33.0,     33.0,    108.0,  9, 10, 11,  9,    2323566,    2323566,    2323566,    2323566
19,    2575866,     64.0,     64.0,     64.0,    197.0,  9, 10, 11,  9,      80398,      80398,      80398,      80398
19,    2575874,     65.0,     65.0,     65.0,    198.0,  9, 10, 11,  9,      80398,      80398,      80398,      80398
19,    2575898,     64.0,     64.0,     64.0,    196.0,  9, 10, 11,  9,      80398,      80398,      80398,      80398
19,    2575929,     63.0,     63.0,     63.0,    195.0,  9, 10, 11,  9,      80398,      80398,      80398,      80398
19,    2575974,     62.0,     62.0,     62.0,    194.0,  9, 10, 11,  9,      80398,      80398,      80398,      80398
19,    2576338,     61.0,     61.0,     61.0,    193.0,  9, 10, 11,  9,      80398,      80398,      80398,      80398
19,    2576354,     61.0,     61.0,     61.0,    192.0,  9, 10, 11,  9,      80398,      80398,      80398,      80398
19,    2576367,     43.0,     42.0,     41.0,    128.0,  9, 10, 11, 11,      80365,      80365,      80365,      80365
19,    2576385,     44.0,     43.0,     42.0,    129.0,  9, 10, 11, 11,      80365,      80365,      80365,      80365
19,    2576393,     44.0,     43.0,     42.0,    129.0,  9, 10, 11, 11,      80365,      80365,      80365,      80365
19,    2576409,     45.0,     43.0,     42.0,    130.0,  9, 10, 11, 11,      80365,      80365,      80365,      80365
19,    2576417,     45.0,     44.0,     43.0,    130.0,  9, 10, 11, 11,      80365,      80365,      80365,      80365
19,    2451839,     17.0,     17.0,     17.0,     53.0,  9, 10, 11, 10,      80366,      80366,      80366,      80366
19,    2576473,     72.0,     72.0,     72.0,    224.0,  9, 10, 11,  9,    2402586,    2402586,    2402586,    2402586
19,    2576489,     36.0,     36.0,     36.0,    111.0,  9, 10, 11,  9,      80211,      80211,      80211,      80211
19,    2528661,     35.0,     35.0,     35.0,    110.0,  9, 10, 11,  9,      80211,      80211,      80211,      80211
19,    2528667,     17.0,     17.0,     17.0,     54.0,  9, 10, 11,  9,    2375138,    2375138,    2375138,    2375138
19,      44354,     17.0,     18.0,     18.0,     55.0,  9, 10, 11,  9,      80236,      80236,      80236,      80236
19,      44353,     17.0,     17.0,     17.0,     55.0,  9, 10, 11,  9,      80234,      80234,      80234,      80234
19,    2576556,     18.0,     18.0,     18.0,     55.0,  9, 10, 11,  9,    2402610,    2402610,    2402610,    2402610
19,    2576561,     23.0,     23.0,     23.0,     73.0,  9, 10, 11,  9,    2402611,    2402611,    2402611,    2402611
19,    2528688,     17.0,     17.0,     17.0,     54.0,  9, 10, 11,  9,      80224,      80224,      80224,      80224
19,    2528685,     17.0,     17.0,     17.0,     54.0,  9, 10, 11,  9,      80224,      80224,      80224,      80224
19,      44356,     17.0,     17.0,     17.0,     55.0,  9, 10, 11,  9,      80240,      80240,      80240,      80240
19,      44357,     56.0,     56.0,     56.0,    182.0,  1,  2,  3,  2,      44356,      44356,      44356,      44356
19,    2528723,     17.0,     17.0,     17.0,     54.0,  9, 10, 11,  9,    2375175,    2375175,    2375175,    2375175
19,      44368,     17.0,     17.0,     17.0,     55.0,  9, 10, 11,  9,      80259,      80259,      80259,      80259
19,      44367,     17.0,     17.0,     17.0,     55.0,  9, 10, 11,  9,      80257,      80257,      80257,      80257
19,    2528742,     17.0,     17.0,     17.0,     55.0,  9, 10, 11,  9,    2375186,    2375186,    2375186,    2375186
19,    2528747,     17.0,     17.0,     17.0,     55.0,  9, 10, 11,  9,    2375187,    2375187,    2375187,    2375187
19,      44386,     17.0,     17.0,     17.0,     55.0,  9, 10, 11,  9,      80263,      80263,      80263,      80263
19,      44370,     17.0,     17.0,     17.0,     54.0,  9, 10, 11,  9,      80262,      80262,      80262,      80262
19,    2528773,     17.0,     17.0,     17.0,     55.0,  9, 10, 11,  9,      80252,      80252,      80252,      80252
19,    2528781,     17.0,     17.0,     17.0,     55.0,  9, 10, 11,  9,      80252,      80252,      80252,      80252
19,      44390,     17.0,     17.0,     17.0,     54.0,  9, 10, 11,  9,      80292,      80292,      80292,      80292
19,      44389,     17.0,     17.0,     17.0,     54.0,  9, 10, 11,  9,      80292,      80292,      80292,      80292
19,      44398,     17.0,     17.0,     17.0,     55.0,  9, 10, 11,  9,      80304,      80304,      80304,      80304
19,      44416,     17.0,     17.0,     17.0,     54.0,  9, 10, 11,  9,      80330,      80330,      80330,      80330
19,      44418,     17.0,     17.0,     17.0,     54.0,  9, 10, 11,  9,      80333,      80333,      80333,      80333
19,      44423,     17.0,     17.0,     17.0,     54.0,  9, 10, 11,  9,      80342,      80342,      80342,      80342
19,      44422,     17.0,     17.0,     17.0,     54.0,  9, 10, 11,  9,      80340,      80340,      80340,      80340
19,      44426,     17.0,     17.0,     17.0,     54.0,  9, 10, 11,  9,      80347,      80347,      80347,      80347
19,      44425,     16.0,     16.0,     16.0,     51.0,  1,  2,  3,  1,      44425,      44425,      44425,      44425
19,    2537314,     17.0,     17.0,     17.0,     54.0,  9, 10, 11,  9,      80224,      80224,      80224,      80224
19,    2537322,     48.0,     47.0,     49.0,    147.0,  9, 10, 11, 10,    2381264,    2381264,    2381264,    2381264
19,    2537330,     48.0,     48.0,     47.0,    148.0,  9, 10, 11, 11,    2381267,    2381267,    2381267,    2381267
19,    2577849,     68.0,     68.0,     69.0,    209.0,  9, 10, 11, 10,    2401506,    2401506,    2401506,    2401506
19,    2577859,     69.0,     69.0,     70.0,    211.0,  9, 10, 11,  9,    2401506,    2401506,    2401506,    2401506
19,    2578099,     22.0,     22.0,     22.0,     68.0,  9, 10, 11, 10,      80388,      80388,      80388,      80388
19,    2578118,     22.0,     22.0,     22.0,     68.0,  9, 10, 11, 10,      80388,      80388,      80388,      80388
19,    2578129,     22.0,     21.0,     22.0,     68.0,  9, 10, 11, 10,      80388,      80388,      80388,      80388
19,    2450878,     22.0,     21.0,     21.0,     68.0,  9, 10, 11, 10,      80388,      80388,      80388,      80388
19,    2597366,     24.0,     24.0,     24.0,     74.0,  9, 10, 11,  9,      80648,      80648,      80648,      80648
20,    2579020,     72.0,     73.0,     71.0,    217.0,  9, 10, 11, 11,    2404125,    2404125,    2404125,    2404125
20,    2579038,     71.0,     72.0,     71.0,    216.0,  9, 10, 11, 11,    2404125,    2404125,    2404125,    2404125
20,    2579059,     23.0,     22.0,     22.0,     69.0,  9, 10, 11, 10,      80388,      80388,      80388,      80388
20,    2579067,     23.0,     22.0,     22.0,     69.0,  9, 10, 11, 10,      80388,      80388,      80388,      80388
20,    2579080,     23.0,     22.0,     23.0,     69.0,  9, 10, 11, 10,      80388,      80388,      80388,      80388
20,    2579088,     23.0,     22.0,     23.0,     69.0,  9, 10, 11, 10,      80388,      80388,      80388,      80388
20,    2579101,     23.0,     22.0,     23.0,     69.0,  9, 10, 11, 10,      80388,      80388,      80388,      80388
20,    2580517,     24.0,     24.0,     24.0,     74.0,  9, 10, 11,  9,      80648,      80648,      80648,      80648
20,    2450866,     23.0,     22.0,     22.0,     68.0,  9, 10, 11, 10,      80388,      80388,      80388,      80388
20,    2599986,     22.0,     22.0,     22.0,     68.0,  9, 10, 11, 10,      80388,      80388,      80388,      80388
20,    3214198,     22.0,     22.0,     22.0,     68.0,  9, 10, 11, 10,      80388,      80388,      80388,      80388
20,    2573886,     70.0,     68.0,     68.0,    207.0,  9, 10, 11, 10,    2401506,    2401506,    2401506,    2401506
20,      44399,     44.0,     44.0,     44.0,    144.0,  1,  2,  3,  1,      44398,      44398,      44398,      44398
20,    2577878,     38.0,     38.0,     38.0,    123.0,  1,  2,  3,  1,      44402,      44402,      44402,      44402
20,    2452324,     33.0,     33.0,     33.0,    107.0,  9, 10, 11,  9,    2323566,    2323566,    2323566,    2323566
20,    2575866,     64.0,     64.0,     64.0,    197.0,  9, 10, 11,  9,      80398,      80398,      80398,      80398
20,    2575874,     65.0,     65.0,     65.0,    198.0,  9, 10, 11,  9,      80398,      80398,      80398,      80398
20,    2575898,     64.0,     64.0,     64.0,    196.0,  9, 10, 11,  9,      80398,      80398,      80398,      80398
20,    2575929,     63.0,     63.0,     63.0,    194.0,  9, 10, 11,  9,      80398,      80398,      80398,      80398
20,    2575974,     62.0,     62.0,     62.0,    193.0,  9, 10, 11,  9,      80398,      80398,      80398,      80398
20,    2576338,     61.0,     61.0,     61.0,    192.0,  9, 10, 11,  9,      80398,      80398,      80398,      80398
20,    2576354,     61.0,     61.0,     61.0,    191.0,  9, 10, 11,  9,      80398,      80398,      80398,      80398
20,    2576367,     41.0,     41.0,     40.0,    125.0,  9, 10, 11, 11,      80365,      80365,      80365,      80365
20,    2576385,     41.0,     42.0,     41.0,    126.0,  9, 10, 11, 11,      80365,      80365,      80365,      80365
20,    2576393,     41.0,     42.0,     41.0,    126.0,  9, 10, 11, 11,      80365,      80365,      80365,      80365
20,    2576409,     42.0,     42.0,     41.0,    127.0,  9, 10, 11, 11,      80365,      80365,      80365,      80365
20,    2576417,     42.0,     43.0,     42.0,    127.0,  9, 10, 11, 11,      80365,      80365,      80365,      80365
20,    2451839,     17.0,     17.0,     17.0,     53.0,  9, 10, 11, 10,      80366,      80366,      80366,      80366
20,    2576473,     72.0,     72.0,     72.0,    224.0,  9, 10, 11,  9,    2402586,    2402586,    2402586,    2402586
20,    2576489,     36.0,     36.0,     36.0,    111.0,  9, 10, 11,  9,      80211,      80211,      80211,      80211
20,    2528661,     35.0,     35.0,     35.0,    110.0,  9, 10, 11,  9,      80211,      80211,      80211,      80211
20,    2528667,     17.0,     17.0,     17.0,     54.0,  9, 10, 11,  9,    2375138,    2375138,    2375138,    2375138
20,      44354,     17.0,     18.0,     18.0,     55.0,  9, 10, 11,  9,      80236,      80236,      80236,      80236
20,      44353,     17.0,     17.0,     17.0,     55.0,  9, 10, 11,  9,      80234,      80234,      80234,      80234
20,    2576556,     18.0,     18.0,     18.0,     55.0,  9, 10, 11,  9,    2402610,    2402610,    2402610,    2402610
20,    2576561,     23.0,     23.0,     23.0,     73.0,  9, 10, 11,  9,    2402611,    2402611,    2402611,    2402611
20,    2528688,     17.0,     17.0,     17.0,     54.0,  9, 10, 11,  9,      80224,      80224,      80224,      80224
20,    2528685,     17.0,     17.0,     17.0,     54.0,  9, 10, 11,  9,      80224,      80224,      80224,      80224
20,      44356,     17.0,     17.0,     17.0,     55.0,  9, 10, 11,  9,      80240,      80240,      80240,      80240
20,      44357,     56.0,     56.0,     56.0,    182.0,  1,  2,  3,  1,      44356,      44356,      44356,      44356
20,    2528723,     17.0,     17.0,     17.0,     54.0,  9, 10, 11,  9,    2375175,    2375175,    2375175,    2375175
20,      44368,     17.0,     17.0,     17.0,     55.0,  9, 10, 11,  9,      80259,      80259,      80259,      80259
20,      44367,     17.0,     17.0,     17.0,     55.0,  9, 10, 11,  9,      80257,      80257,      80257,      80257
20,    2528742,     17.0,     17.0,     17.0,     55.0,  9, 10, 11,  9,    2375186,    2375186,    2375186,    2375186
20,    2528747,     17.0,     17.0,     17.0,     55.0,  9, 10, 11,  9,    2375187,    2375187,    2375187,    2375187
20,      44386,     17.0,     17.0,     17.0,     55.0,  9, 10, 11,  9,      80263,      80263,      80263,      80263
20,      44370,     17.0,     17.0,     17.0,     54.0,  9, 10, 11,  9,      80262,      80262,      80262,      80262
20,    2528773,     17.0,     17.0,     17.0,     55.0,  9, 10, 11,  9,      80252,      80252,      80252,      80252
20,    2528781,     17.0,     17.0,     17.0,     55.0,  9, 10, 11,  9,      80252,      80252,      80252,      80252
20,      44390,     17.0,     17.0,     17.0,     54.0,  9, 10, 11,  9,      80292,      80292,      80292,      80292
20,      44389,     17.0,     17.0,     17.0,     54.0,  9, 10, 11,  9,      80292,      80292,      80292,      80292
20,      44398,     17.0,     17.0,     17.0,     55.0,  9, 10, 11,  9,      80304,      80304,      80304,      80304
20,      44416,     17.0,     17.0,     17.0,     54.0,  9, 10, 11,  9,      80330,      80330,      80330,      80330
20,      44418,     17.0,     17.0,     17.0,     54.0,  9, 10, 11,  9,      80333,      80333,      80333,      80333
20,      44423,     17.0,     17.0,     17.0,     54.0,  9, 10, 11,  9,      80342,      80342,      80342,      80342
20,      44422,     17.0,     17.0,     17.0,     54.0,  9, 10, 11,  9,      80340,      80340,      80340,      80340
20,      44426,     17.0,     17.0,     17.0,     54.0,  9, 10, 11,  9,      80347,      80347,      80347,      80347
20,      44425,     16.0,     16.0,     16.0,     51.0,  1,  2,  3,  1,      44425,      44425,      44425,      44425
20,    2537314,     17.0,     17.0,     17.0,     54.0,  9, 10, 11,  9,      80224,      80224,      80224,      80224
20,    2537322,     48.0,     48.0,     49.0,    149.0,  9, 10, 11, 10,    2381264,    2381264,    2381264,    2381264
20,    2537330,     48.0,     48.0,     47.0,    147.0,  9, 10, 11, 11,    2381267,    2381267,    2381267,    2381267
20,    2577849,     69.0,     67.0,     67.0,    206.0,  9, 10, 11, 10,    2401506,    2401506,    2401506,    2401506
20,    2577859,     70.0,     68.0,     68.0,    207.0,  9, 10, 11, 10,    2401506,    2401506,    2401506,    2401506
20,    2578099,     22.0,     22.0,     22.0,     68.0,  9, 10, 11, 10,      80388,      80388,      80388,      80388
20,    2578118,     22.0,     21.0,     22.0,     68.0,  9, 10, 11, 10,      80388,      80388,      80388,      80388
20,    2578129,     22.0,     21.0,     22.0,     68.0,  9, 10, 11, 10,      80388,      80388,      80388,      80388
20,    2450878,     22.0,     21.0,     22.0,     68.0,  9, 10, 11, 10,      80388,      80388,      80388,      80388
20,    2597366,     24.0,     24.0,     24.0,     74.0,  9, 10, 11,  9,      80648,      80648,      80648,      80648
21,    2579020,     73.0,     74.0,     72.0,    220.0,  9, 10, 11,  9,    2404125,    2404125,    2404125,    2404125
21,    2579038,     72.0,     73.0,     72.0,    219.0,  9, 10, 11,  9,    2404125,    2404125,    2404125,    2404125
21,    2579059,     23.0,     22.0,     22.0,     69.0,  9, 10, 11, 10,      80388,      80388,      80388,      80388
21,    2579067,     23.0,     22.0,     22.0,     69.0,  9, 10, 11, 10,      80388,      80388,      80388,      80388
21,    2579080,     23.0,     22.0,     22.0,     69.0,  9, 10, 11, 10,      80388,      80388,      80388,      80388
21,    2579088,     23.0,     22.0,     22.0,     70.0,  9, 10, 11, 10,      80388,      80388,      80388,      80388
21,    2579101,     24.0,     23.0,     23.0,     70.0,  9, 10, 11, 10,      80388,      80388,      80388,      80388
21,    2580517,     24.0,     24.0,     24.0,     74.0,  9, 10, 11,  9,      80648,      80648,      80648,      80648
21,    2450866,     23.0,     22.0,     22.0,     69.0,  9, 10, 11, 10,      80388,      80388,      80388,      80388
21,    2599986,     23.0,     22.0,     22.0,     69.0,  9, 10, 11, 10,      80388,      80388,      80388,      80388
21,    3214198,     23.0,     22.0,     22.0,     69.0,  9, 10, 11, 10,      80388,      80388,      80388,      80388
21,    2573886,     69.0,     67.0,     68.0,    206.0,  9, 10, 11, 10,    2401506,    2401506,    2401506,    2401506
21,      44399,     44.0,     44.0,     44.0,    144.0,  1,  2,  3,  1,      44398,      44398,      44398,      44398
21,    2577878,     38.0,     38.0,     38.0,    123.0,  1,  2,  3,  1,      44402,      44402,      44402,      44402
21,    2452324,     33.0,     33.0,     33.0,    108.0,  9, 10, 11,  9,    2323566,    2323566,    2323566,    2323566
21,    2575866,     64.0,     64.0,     64.0,    197.0,  9, 10, 11,  9,      80398,      80398,      80398,      80398
21,    2575874,     65.0,     65.0,     65.0,    198.0,  9, 10, 11,  9,      80398,      80398,      80398,      80398
21,    2575898,     64.0,     64.0,     64.0,    196.0,  9, 10, 11,  9,      80398,      80398,      80398,      80398
21,    2575929,     63.0,     63.0,     63.0,    195.0,  9, 10, 11,  9,      80398,      80398,      80398,      80398
21,    2575974,     62.0,     62.0,     62.0,    194.0,  9, 10, 11,  9,      80398,      80398,      80398,      80398
21,    2576338,     61.0,     61.0,     61.0,    193.0,  9, 10, 11,  9,      80398,      80398,      80398,      80398
21,    2576354,     61.0,     61.0,     61.0,    192.0,  9, 10, 11,  9,      80398,      80398,      80398,      80398
21,    2576367,     42.0,     40.0,     42.0,    125.0,  9, 10, 11, 10,      80365,      80365,      80365,      80365
21,    2576385,     43.0,     41.0,     42.0,    126.0,  9, 10, 11, 10,      80365,      80365,      80365,      80365
21,    2576393,     43.0,     41.0,     43.0,    126.0,  9, 10, 11, 10,      80365,      80365,      80365,      80365
21,    2576409,     43.0,     41.0,     43.0,    127.0,  9, 10, 11, 10,      80365,      80365,      80365,      80365
21,    2576417,     44.0,     42.0,     44.0,    127.0,  9, 10, 11, 10,      80365,      80365,      80365,      80365
21,    2451839,     17.0,     17.0,     17.0,     54.0,  9, 10, 11, 10,      80366,      80366,      80366,      80366
21,    2576473,     72.0,     72.0,     72.0,    224.0,  9, 10, 11,  9,    2402586,    2402586,    2402586,    2402586
21,    2576489,     36.0,     36.0,     36.0,    111.0,  9, 10, 11,  9,      80211,      80211,      80211,      80211
21,    2528661,     35.0,     35.0,     35.0,    110.0,  9, 10, 11,  9,      80211,      80211,      80211,      80211
21,    2528667,     17.0,     17.0,     17.0,     54.0,  9, 10, 11,  9,    2375138,    2375138,    2375138,    2375138
21,      44354,     17.0,     18.0,     18.0,     55.0,  9, 10, 11,  9,      80236,      80236,      80236,      80236
21,      44353,     17.0,     17.0,     17.0,     55.0,  9, 10, 11,  9,      80234,      80234,      80234,      80234
21,    2576556,     18.0,     18.0,     18.0,     55.0,  9, 10, 11,  9,    2402610,    2402610,    2402610,    2402610
21,    2576561,     23.0,     23.0,     23.0,     73.0,  9, 10, 11,  9,    2402611,    2402611,    2402611,    2402611
21,    2528688,     17.0,     17.0,     17.0,     54.0,  9, 10, 11,  9,      80224,      80224,      80224,      80224
21,    2528685,     17.0,     17.0,     17.0,     54.0,  9, 10, 11,  9,      80224,      80224,      80224,      80224
21,      44356,     17.0,     17.0,     17.0,     55.0,  9, 10, 11,  9,      80240,      80240,      80240,      80240
21,      44357,     56.0,     56.0,     56.0,    182.0,  1,  2,  3,  1,      44356,      44356,      44356,      44356
21,    2528723,     17.0,     17.0,     17.0,     54.0,  9, 10, 11,  9,    2375175,    2375175,    2375175,    2375175
21,      44368,     17.0,     17.0,     17.0,     55.0,  9, 10, 11,  9,      80259,      80259,      80259,      80259
21,      44367,     17.0,     17.0,     17.0,     55.0,  9, 10, 11,  9,      80257,      80257,      80257,      80257
21,    2528742,     17.0,     17.0,     17.0,     55.0,  9, 10, 11,  9,    2375186,    2375186,    2375186,    2375186
21,    2528747,     17.0,     17.0,     17.0,     55.0,  9, 10, 11,  9,    2375187,    2375187,    2375187,    2375187
21,      44386,     17.0,     17.0,     17.0,     55.0,  9, 10, 11,  9,      80263,      80263,      80263,      80263
21,      44370,     17.0,     17.0,     17.0,     54.0,  9, 10, 11,  9,      80262,      80262,      80262,      80262
21,    2528773,     17.0,     17.0,     17.0,     55.0,  9, 10, 11,  9,      80252,      80252,      80252,      80252
21,    2528781,     17.0,     17.0,     17.0,     55.0,  9, 10, 11,  9,      80252,      80252,      80252,      80252
21,      44390,     17.0,     17.0,     17.0,     54.0,  9, 10, 11,  9,      80292,      80292,      80292,      80292
21,      44389,     17.0,     17.0,     17.0,     54.0,  9, 10, 11,  9,      80292,      80292,      80292,      80292
21,      44398,     17.0,     17.0,     17.0,     55.0,  9, 10, 11,  9,      80304,      80304,      80304,      80304
21,      44416,     17.0,     17.0,     17.0,     54.0,  9, 10, 11,  9,      80330,      80330,      80330,      80330
21,      44418,     17.0,     17.0,     17.0,     54.0,  9, 10, 11,  9,      80333,      80333,      80333,      80333
21,      44423,     17.0,     17.0,     17.0,     54.0,  9, 10, 11,  9,      80342,      80342,      80342,      80342
21,      44422,     17.0,     17.0,     17.0,     54.0,  9, 10, 11,  9,      80340,      80340,      80340,      80340
21,      44426,     17.0,     17.0,     17.0,     54.0,  9, 10, 11,  9,      80347,      80347,      80347,      80347
21,      44425,     16.0,     16.0,     16.0,     51.0,  1,  2,  3,  1,      44425,      44425,      44425,      44425
21,    2537314,     17.0,     17.0,     17.0,     54.0,  9, 10, 11,  9,      80224,      80224,      80224,      80224
21,    2537322,     47.0,     47.0,     49.0,    148.0,  9, 10, 11,  9,    2381264,    2381264,    2381264,    2381264
21,    2537330,     48.0,     48.0,     47.0,    146.0,  9, 10, 11, 11,    2381267,    2381267,    2381267,    2381267
21,    2577849,     68.0,     67.0,     68.0,    205.0,  9, 10, 11, 10,    2401506,    2401506,    2401506,    2401506
21,    2577859,     69.0,     68.0,     69.0,    207.0,  9, 10, 11, 10,    2401506,    2401506,    2401506,    2401506
21,    2578099,     23.0,     22.0,     22.0,     68.0,  9, 10, 11, 10,      80388,      80388,      80388,      80388
21,    2578118,     22.0,     22.0,     22.0,     68.0,  9, 10, 11, 10,      80388,      80388,      80388,      80388
21,    2578129,     22.0,     21.0,     21.0,     68.0,  9, 10, 11, 10,      80388,      80388,      80388,      80388
21,    2450878,     22.0,     21.0,     21.0,     68.0,  9, 10, 11, 10,      80388,      80388,      80388,      80388
21,    2597366,     24.0,     24.0,     24.0,     74.0,  9, 10, 11,  9,      80648,      80648,      80648,      80648
22,    2579020,     73.0,     74.0,     73.0,    221.0,  9, 10, 11,  9,    2404125,    2404125,    2404125,    2404125
22,    2579038,     72.0,     73.0,     72.0,    220.0,  9, 10, 11,  9,    2404125,    2404125,    2404125,    2404125
22,    2579059,     23.0,     22.0,     22.0,     69.0,  9, 10, 11, 11,      80388,      80388,      80388,      80388
22,    2579067,     23.0,     22.0,     22.0,     69.0,  9, 10, 11, 11,      80388,      80388,      80388,      80388
22,    2579080,     23.0,     23.0,     22.0,     70.0,  9, 10, 11, 10,      80388,      80388,      80388,      80388
22,    2579088,     24.0,     23.0,     23.0,     70.0,  9, 10, 11, 11,      80388,      80388,      80388,      80388
22,    2579101,     24.0,     23.0,     23.0,     70.0,  9, 10, 11, 11,      80388,      80388,      80388,      80388
22,    2580517,     24.0,     24.0,     24.0,     74.0,  9, 10, 11,  9,      80648,      80648,      80648,      80648
22,    2450866,     23.0,     22.0,     22.0,     69.0,  9, 10, 11, 11,      80388,      80388,      80388,      80388
22,    2599986,     23.0,     22.0,     22.0,     69.0,  9, 10, 11, 10,      80388,      80388,      80388,      80388
22,    3214198,     23.0,     22.0,     22.0,     69.0,  9, 10, 11, 10,      80388,      80388,      80388,      80388
22,    2573886,     69.0,     69.0,     70.0,    210.0,  9, 10, 11, 10,    2401506,    2401506,    2401506,    2401506
22,      44399,     44.0,     44.0,     44.0,    145.0,  1,  2,  3,  1,      44398,      44398,      44398,      44398
22,    2577878,     38.0,     38.0,     38.0,    123.0,  1,  2,  3,  1,      44402,      44402,      44402,      44402
22,    2452324,     33.0,     33.0,     33.0,    108.0,  9, 10, 11,  9,    2323566,    2323566,    2323566,    2323566
22,    2575866,     64.0,     64.0,     64.0,    197.0,  9, 10, 11,  9,      80398,      80398,      80398,      80398
22,    2575874,     65.0,     65.0,     65.0,    198.0,  9, 10, 11,  9,      80398,      80398,      80398,      80398
22,    2575898,     64.0,     64.0,     64.0,    196.0,  9, 10, 11,  9,      80398,      80398,      80398,      80398
22,    2575929,     63.0,     63.0,     63.0,    195.0,  9, 10, 11,  9,      80398,      80398,      80398,      80398
22,    2575974,     62.0,     62.0,     62.0,    194.0,  9, 10, 11,  9,      80398,      80398,      80398,      80398
22,    2576338,     61.0,     61.0,     61.0,    193.0,  9, 10, 11,  9,      80398,      80398,      80398,      80398
22,    2576354,     61.0,     61.0,     61.0,    192.0,  9, 10, 11,  9,      80398,      80398,      80398,      80398
22,    2576367,     43.0,     43.0,     42.0,    132.0,  9, 10, 11, 11,      80365,      80365,      80365,      80365
22,    2576385,     44.0,     44.0,     43.0,    133.0,  9, 10, 11, 11,      80365,      80365,      80365,      80365
22,    2576393,     44.0,     44.0,     43.0,    133.0,  9, 10, 11, 11,      80365,      80365,      80365,      80365
22,    2576409,     45.0,     45.0,     44.0,    134.0,  9, 10, 11, 11,      80365,      80365,      80365,      80365
22,    2576417,     45.0,     45.0,     44.0,    135.0,  9, 10, 11, 11,      80365,      80365,      80365,      80365
22,    2451839,     17.0,     17.0,     17.0,     54.0,  9, 10, 11, 10,      80366,      80366,      80366,      80366
22,    2576473,     72.0,     72.0,     72.0,    224.0,  9, 10, 11,  9,    2402586,    2402586,    2402586,    2402586
22,    2576489,     36.0,     36.0,     36.0,    111.0,  9, 10, 11,  9,      80211,      80211,      80211,      80211
22,    2528661,     35.0,     35.0,     35.0,    110.0,  9, 10, 11,  9,      80211,      80211,      80211,      80211
22,    2528667,     17.0,     17.0,     17.0,     54.0,  9, 10, 11,  9,    2375138,    2375138,    2375138,    2375138
22,      44354,     17.0,     18.0,     18.0,     55.0,  9, 10, 11,  9,      80236,      80236,      80236,      80236
22,      44353,     17.0,     17.0,     17.0,     55.0,  9, 10, 11,  9,      80234,      80234,      80234,      80234
22,    2576556,     18.0,     18.0,     18.0,     55.0,  9, 10, 11,  9,    2402610,    2402610,    2402610,    2402610
22,    2576561,     23.0,     23.0,     23.0,     73.0,  9, 10, 11,  9,    2402611,    2402611,    2402611,    2402611
22,    2528688,     17.0,     17.0,     17.0,     54.0,  9, 10, 11,  9,      80224,      80224,      80224,      80224
22,    2528685,     17.0,     17.0,     17.0,     54.0,  9, 10, 11,  9,      80224,      80224,      80224,      80224
22,      44356,     17.0,     17.0,     17.0,     55.0,  9, 10, 11,  9,      80240,      80240,      80240,      80240
22,      44357,     56.0,     56.0,     56.0,    183.0,  1,  2,  3,  1,      44356,      44356,      44356,      44356
22,    2528723,     17.0,     17.0,     17.0,     54.0,  9, 10, 11,  9,    2375175,    2375175,    2375175,    2375175
22,      44368,     17.0,     17.0,     17.0,     55.0,  9, 10, 11,  9,      80259,      80259,      80259,      80259
22,      44367,     17.0,     17.0,     17.0,     55.0,  9, 10, 11,  9,      80257,      80257,      80257,      80257
22,    2528742,     17.0,     17.0,     17.0,     55.0,  9, 10, 11,  9,    2375186,    2375186,    2375186,    2375186
22,    2528747,     17.0,     17.0,     17.0,     55.0,  9, 10, 11,  9,    2375187,    2375187,    2375187,    2375187
22,      44386,     17.0,     17.0,     17.0,     55.0,  9, 10, 11,  9,      80263,      80263,      80263,      80263
22,      44370,     17.0,     17.0,     17.0,     54.0,  9, 10, 11,  9,      80262,      80262,      80262,      80262
22,    2528773,     17.0,     17.0,     17.0,     55.0,  9, 10, 11,  9,      80252,      80252,      80252,      80252
22,    2528781,     17.0,     17.0,     17.0,     55.0,  9, 10, 11,  9,      80252,      80252,      80252,      80252
22,      44390,     17.0,     17.0,     17.0,     54.0,  9, 10, 11,  9,      80292,      80292,      80292,      80292
22,      44389,     17.0,     17.0,     17.0,     54.0,  9, 10, 11,  9,      80292,      80292,      80292,      80292
22,      44398,     17.0,     17.0,     17.0,     55.0,  9, 10, 11,  9,      80304,      80304,      80304,      80304
22,      44416,     17.0,     17.0,     17.0,     54.0,  9, 10, 11,  9,      80330,      80330,      80330,      80330
22,      44418,     17.0,     17.0,     17.0,     54.0,  9, 10, 11,  9,      80333,      80333,      80333,      80333
22,      44423,     17.0,     17.0,     17.0,     54.0,  9, 10, 11,  9,      80342,      80342,      80342,      80342
22,      44422,     17.0,     17.0,     17.0,     54.0,  9, 10, 11,  9,      80340,      80340,      80340,      80340
22,      44426,     17.0,     17.0,     17.0,     54.0,  9, 10, 11,  9,      80347,      80347,      80347,      80347
22,      44425,     16.0,     16.0,     16.0,     51.0,  1,  2,  3,  1,      44425,      44425,      44425,      44425
22,    2537314,     17.0,     17.0,     17.0,     54.0,  9, 10, 11,  9,      80224,      80224,      80224,      80224
22,    2537322,     47.0,     48.0,     49.0,    148.0,  9, 10, 11,  9,    2381264,    2381264,    2381264,    2381264
22,    2537330,     48.0,     48.0,     47.0,    147.0,  9, 10, 11, 11,    2381267,    2381267,    2381267,    2381267
22,    2577849,     68.0,     68.0,     69.0,    209.0,  9, 10, 11, 10,    2401506,    2401506,    2401506,    2401506
22,    2577859,     69.0,     69.0,     70.0,    211.0,  9, 10, 11, 10,    2401506,    2401506,    2401506,    2401506
22,    2578099,     23.0,     22.0,     22.0,     69.0,  9, 10, 11, 10,      80388,      80388,      80388,      80388
22,    2578118,     23.0,     22.0,     22.0,     69.0,  9, 10, 11, 10,      80388,      80388,      80388,      80388
22,    2578129,     22.0,     22.0,     22.0,     68.0,  9, 10, 11, 11,      80388,      80388,      80388,      80388
22,    2450878,     22.0,     22.0,     21.0,     68.0,  9, 10, 11, 11,      80388,      80388,      80388,      80388
22,    2597366,     24.0,     24.0,     24.0,     74.0,  9, 10, 11,  9,      80648,      80648,      80648,      80648
23,    2579020,     74.0,     74.0,     73.0,    220.0,  9, 10, 11, 11,    2404125,    2404125,    2404125,    2404125
23,    2579038,     73.0,     73.0,     72.0,    219.0,  9, 10, 11, 11,    2404125,    2404125,    2404125,    2404125
23,    2579059,     23.0,     23.0,     22.0,     69.0,  9, 10, 11, 11,      80388,      80388,      80388,      80388
23,    2579067,     23.0,     23.0,     22.0,     70.0,  9, 10, 11, 11,      80388,      80388,      80388,      80388
23,    2579080,     24.0,     23.0,     22.0,     70.0,  9, 10, 11, 11,      80388,      80388,      80388,      80388
23,    2579088,     24.0,     23.0,     23.0,     70.0,  9, 10, 11, 11,      80388,      80388,      80388,      80388
23,    2579101,     24.0,     23.0,     23.0,     70.0,  9, 10, 11, 11,      80388,      80388,      80388,      80388
23,    2580517,     24.0,     24.0,     24.0,     74.0,  9, 10, 11,  9,      80648,      80648,      80648,      80648
23,    2450866,     23.0,     23.0,     22.0,     69.0,  9, 10, 11, 11,      80388,      80388,      80388,      80388
23,    2599986,     23.0,     22.0,     22.0,     69.0,  9, 10, 11, 11,      80388,      80388,      80388,      80388
23,    3214198,     23.0,     22.0,     22.0,     69.0,  9, 10, 11, 11,      80388,      80388,      80388,      80388
23,    2573886,     70.0,     70.0,     70.0,    213.0,  9, 10, 11, 10,    2401506,    2401506,    2401506,    2401506
23,      44399,     44.0,     45.0,     45.0,    145.0,  1,  2,  3,  1,      44398,      44398,      44398,      44398
23,    2577878,     38.0,     38.0,     38.0,    124.0,  1,  2,  3,  1,      44402,      44402,      44402,      44402
23,    2452324,     33.0,     33.0,     33.0,    108.0,  9, 10, 11,  9,    2323566,    2323566,    2323566,    2323566
23,    2575866,     64.0,     64.0,     64.0,    197.0,  9, 10, 11,  9,      80398,      80398,      80398,      80398
23,    2575874,     65.0,     65.0,     65.0,    198.0,  9, 10, 11,  9,      80398,      80398,      80398,      80398
23,    2575898,     64.0,     64.0,     64.0,    196.0,  9, 10, 11,  9,      80398,      80398,      80398,      80398
23,    2575929,     63.0,     63.0,     63.0,    195.0,  9, 10, 11,  9,      80398,      80398,      80398,      80398
23,    2575974,     62.0,     62.0,     62.0,    194.0,  9, 10, 11,  9,      80398,      80398,      80398,      80398
23,    2576338,     61.0,     61.0,     61.0,    193.0,  9, 10, 11,  9,      80398,      80398,      80398,      80398
23,    2576354,     61.0,     61.0,     61.0,    192.0,  9, 10, 11,  9,      80398,      80398,      80398,      80398
23,    2576367,     44.0,     44.0,     44.0,    136.0,  9, 10, 11, 11,      80365,      80365,      80365,      80365
23,    2576385,     45.0,     45.0,     44.0,    136.0,  9, 10, 11, 11,      80365,      80365,      80365,      80365
23,    2576393,     45.0,     45.0,     44.0,    137.0,  9, 10, 11, 11,      80365,      80365,      80365,      80365
23,    2576409,     46.0,     46.0,     45.0,    138.0,  9, 10, 11, 11,      80365,      80365,      80365,      80365
23,    2576417,     46.0,     46.0,     45.0,    138.0,  9, 10, 11, 11,      80365,      80365,      80365,      80365
23,    2451839,     17.0,     17.0,     17.0,     54.0,  9, 10, 11, 10,      80366,      80366,      80366,      80366
23,    2576473,     72.0,     72.0,     72.0,    224.0,  9, 10, 11,  9,    2402586,    2402586,    2402586,    2402586
23,    2576489,     36.0,     36.0,     36.0,    111.0,  9, 10, 11,  9,      80211,      80211,      80211,      80211
23,    2528661,     35.0,     35.0,     35.0,    110.0,  9, 10, 11,  9,      80211,      80211,      80211,      80211
23,    2528667,     17.0,     17.0,     17.0,     54.0,  9, 10, 11,  9,    2375138,    2375138,    2375138,    2375138
23,      44354,     17.0,     18.0,     18.0,     55.0,  9, 10, 11,  9,      80236,      80236,      80236,      80236
23,      44353,     17.0,     17.0,     17.0,     55.0,  9, 10, 11,  9,      80234,      80234,      80234,      80234
23,    2576556,     18.0,     18.0,     18.0,     55.0,  9, 10, 11,  9,    2402610,    2402610,    2402610,    2402610
23,    2576561,     23.0,     23.0,     23.0,     73.0,  9, 10, 11,  9,    2402611,    2402611,    2402611,    2402611
23,    2528688,     17.0,     17.0,     17.0,     54.0,  9, 10, 11,  9,      80224,      80224,      80224,      80224
23,    2528685,     17.0,     17.0,     17.0,     54.0,  9, 10, 11,  9,      80224,      80224,      80224,      80224
23,      44356,     17.0,     17.0,     17.0,     55.0,  9, 10, 11,  9,      80240,      80240,      80240,      80240
23,      44357,     56.0,     56.0,     56.0,    183.0,  1,  2,  3,  1,      44356,      44356,      44356,      44356
23,    2528723,     17.0,     17.0,     17.0,     54.0,  9, 10, 11,  9,    2375175,    2375175,    2375175,    2375175
23,      44368,     17.0,     17.0,     17.0,     55.0,  9, 10, 11,  9,      80259,      80259,      80259,      80259
23,      44367,     17.0,     17.0,     17.0,     55.0,  9, 10, 11,  9,      80257,      80257,      80257,      80257
23,    2528742,     17.0,     17.0,     17.0,     55.0,  9, 10, 11,  9,    2375186,    2375186,    2375186,    2375186
23,    2528747,     17.0,     17.0,     17.0,     55.0,  9, 10, 11,  9,    2375187,    2375187,    2375187,    2375187
23,      44386,     17.0,     17.0,     17.0,     55.0,  9, 10, 11,  9,      80263,      80263,      80263,      80263
23,      44370,     17.0,     17.0,     17.0,     54.0,  9, 10, 11,  9,      80262,      80262,      80262,      80262
23,    2528773,     17.0,     17.0,     17.0,     55.0,  9, 10, 11,  9,      80252,      80252,      80252,      80252
23,    2528781,     17.0,     17.0,     17.0,     55.0,  9, 10, 11,  9,      80252,      80252,      80252,      80252
23,      44390,     17.0,     17.0,     17.0,     54.0,  9, 10, 11,  9,      80292,      80292,      80292,      80292
23,      44389,     17.0,     17.0,     17.0,     54.0,  9, 10, 11,  9,      80292,      80292,      80292,      80292
23,      44398,     17.0,     17.0,     17.0,     55.0,  9, 10, 11,  9,      80304,      80304,      80304,      80304
23,      44416,     17.0,     17.0,     17.0,     54.0,  9, 10, 11,  9,      80330,      80330,      80330,      80330
23,      44418,     17.0,     17.0,     17.0,     54.0,  9, 10, 11,  9,      80333,      80333,      80333,      80333
23,      44423,     17.0,     17.0,     17.0,     54.0,  9, 10, 11,  9,      80342,      80342,      80342,      80342
23,      44422,     17.0,     17.0,     17.0,     54.0,  9, 10, 11,  9,      80340,      80340,      80340,      80340
23,      44426,     17.0,     17.0,     17.0,     54.0,  9, 10, 11,  9,      80347,      80347,      80347,      80347
23,      44425,     16.0,     16.0,     16.0,     51.0,  1,  2,  3,  1,      44425,      44425,      44425,      44425
23,    2537314,     17.0,     17.0,     17.0,     54.0,  9, 10, 11,  9,      80224,      80224,      80224,      80224
23,    2537322,     48.0,     48.0,     49.0,    149.0,  9, 10, 11,  9,    2381264,    2381264,    2381264,    2381264
23,    2537330,     48.0,     48.0,     46.0,    145.0,  9, 10, 11, 11,    2381267,    2381267,    2381267,    2381267
23,    2577849,     69.0,     69.0,     69.0,    212.0,  9, 10, 11, 10,    2401506,    2401506,    2401506,    2401506
23,    2577859,     70.0,     70.0,     70.0,    214.0,  9, 10, 11,  9,    2401506,    2401506,    2401506,    2401506
23,    2578099,     23.0,     22.0,     22.0,     69.0,  9, 10, 11, 11,      80388,      80388,      80388,      80388
23,    2578118,     23.0,     22.0,     22.0,     69.0,  9, 10, 11, 11,      80388,      80388,      80388,      80388
23,    2578129,     23.0,     22.0,     22.0,     69.0,  9, 10, 11, 11,      80388,      80388,      80388,      80388
23,    2450878,     22.0,     22.0,     22.0,     68.0,  9, 10, 11, 11,      80388,      80388,      80388,      80388
23,    2597366,     24.0,     24.0,     24.0,     74.0,  9, 10, 11,  9,      80648,      80648,      80648,      80648
24,    2579020,     78.0,     77.0,     79.0,    238.0, 12, 12, 12, 10,    2404125,    2404125,    2404125,    2404125
24,    2579038,     79.0,     78.0,     79.0,    236.0, 12, 12, 12, 10,    2404125,    2404125,    2404129,    2404129
24,    2579059,     26.0,     26.0,     26.0,     79.0, 12, 12, 12,  9,      80388,      80388,      80388,      80388
24,    2579067,     26.0,     26.0,     26.0,     79.0, 12, 12, 12,  9,      80388,      80388,      80388,      80388
24,    2579080,     26.0,     26.0,     26.0,     79.0,  9, 12, 12,  9,      80388,      80388,      80388,      80388
24,    2579088,     26.0,     26.0,     26.0,     79.0,  9, 12, 12,  9,      80388,      80388,      80388,      80388
24,    2579101,     26.0,     26.0,     25.0,     78.0,  9, 10, 12,  9,      80388,      80388,      80388,      80388
24,    2580517,     26.0,     26.0,     26.0,     77.0,  9, 10, 11,  9,      80648,      80648,      80648,      80648
24,    2450866,     27.0,     27.0,     26.0,     80.0,  9, 10, 12,  9,      80388,      80388,      80388,      80388
24,    2599986,     27.0,     27.0,     26.0,     80.0,  9, 12, 12,  9,      80388,      80388,      80388,      80388
24,    3214198,     27.0,     27.0,     26.0,     80.0,  9, 10, 12,  9,      80388,      80388,      80388,      80388
24,    2573886,     80.0,     79.0,     78.0,    245.0, 12, 12, 12, 10,    2401506,    2401506,    2401506,    2403563
24,      44399,     49.0,     49.0,     49.0,    139.0,  4,  5,  6,  5,      44398,      44398,      44398,      44398
24,    2577878,     42.0,     42.0,     42.0,    119.0,  4,  5,  6,  4,      44402,      44402,      44402,      44402
24,    2452324,     39.0,     39.0,     39.0,    112.0,  4,  5,  6,  4,    2452324,    2452324,    2452324,    2452324
24,    2575866,     69.0,     68.0,     69.0,    204.0,  9, 12, 11,  9,      80398,      80398,      80398,      80398
24,    2575874,     68.0,     68.0,     68.0,    203.0,  9, 10, 11,  9,      80398,      80398,      80398,      80398
24,    2575898,     69.0,     69.0,     69.0,    205.0,  9, 10, 11,  9,      80398,      80398,      80398,      80398
24,    2575929,     70.0,     70.0,     70.0,    206.0,  9, 10, 11, 10,      80398,      80398,      80398,      80398
24,    2575974,     71.0,     71.0,     71.0,    207.0,  9, 10, 11, 10,      80398,      80398,      80398,      80398
24,    2576338,     72.0,     71.0,     72.0,    208.0,  9, 12, 11, 10,      80398,      80398,      80398,      80398
24,    2576354,     72.0,     72.0,     72.0,    209.0,  9, 10, 11,  9,      80398,      80398,      80398,      80398
24,    2576367,     52.0,     53.0,     54.0,    164.0, 12, 12, 12,  9,      80365,      80365,      80365,      80365
24,    2576385,     52.0,     52.0,     53.0,    163.0, 12, 12, 12,  9,      80365,      80365,      80365,      80365
24,    2576393,     52.0,     52.0,     53.0,    163.0, 12, 12, 12,  9,      80365,      80365,      80365,      80365
24,    2576409,     51.0,     52.0,     52.0,    162.0, 12, 12, 12,  9,      80365,      80365,      80365,      80365
24,    2576417,     51.0,     51.0,     52.0,    161.0, 12, 12, 12,  9,      80365,      80365,      80365,      80365
24,    2451839,     20.0,     20.0,     20.0,     59.0,  9, 10, 11,  9,      80366,      80366,      80366,      80366
24,    2576473,     82.0,     81.0,     81.0,    239.0,  9, 10, 12,  9,    2402586,    2402586,    2402586,    2402586
24,    2576489,     39.0,     39.0,     39.0,    116.0,  9, 10, 11,  9,      80211,      80211,      80211,      80211
24,    2528661,     40.0,     40.0,     40.0,    118.0,  9, 10, 11,  9,      80211,      80211,      80211,      80211
24,    2528667,     20.0,     20.0,     20.0,     59.0,  9, 10, 11,  9,    2375138,    2375138,    2375138,    2375138
24,      44354,     20.0,     20.0,     20.0,     58.0,  9, 10, 11,  9,      80236,      80236,      80236,      80236
24,      44353,     20.0,     20.0,     20.0,     58.0,  9, 10, 11,  9,      80234,      80234,      80234,      80234
24,    2576556,     19.0,     19.0,     19.0,     58.0,  9, 10, 11,  9,    2402610,    2402610,    2402610,    2402610
24,    2576561,     27.0,     27.0,     27.0,     78.0,  9, 10, 11,  9,    2402611,    2402611,    2402611,    2402611
24,    2528688,     20.0,     20.0,     20.0,     59.0,  9, 10, 11,  9,      80224,      80224,      80224,      80224
24,    2528685,     20.0,     20.0,     20.0,     59.0,  9, 10, 11,  9,      80224,      80224,      80224,      80224
24,      44356,     20.0,     20.0,     20.0,     58.0,  9, 10, 11,  9,      80240,      80240,      80240,      80240
24,      44357,     62.0,     62.0,     62.0,    176.0,  4,  5,  6,  5,      44356,      44356,      44356,      44356
24,    2528723,     20.0,     20.0,     20.0,     59.0,  9, 10, 11,  9,    2375175,    2375175,    2375175,    2375175
24,      44368,     20.0,     20.0,     20.0,     59.0,  9, 10, 11,  9,      80259,      80259,      80259,      80259
24,      44367,     20.0,     20.0,     20.0,     59.0,  9, 10, 11,  9,      80257,      80257,      80257,      80257
24,    2528742,     20.0,     20.0,     20.0,     58.0,  9, 10, 11,  9,    2375186,    2375186,    2375186,    2375186
24,    2528747,     20.0,     20.0,     20.0,     58.0,  9, 10, 11,  9,    2375187,    2375187,    2375187,    2375187
24,      44386,     20.0,     20.0,     20.0,     59.0,  9, 10, 11,  9,      80263,      80263,      80263,      80263
24,      44370,     20.0,     20.0,     20.0,     59.0,  9, 10, 11,  9,      80262,      80262,      80262,      80262
24,    2528773,     20.0,     20.0,     20.0,     58.0,  9, 10, 11,  9,      80252,      80252,      80252,      80252
24,    2528781,     20.0,     20.0,     20.0,     58.0,  9, 10, 11,  9,      80252,      80252,      80252,      80252
24,      44390,     20.0,     20.0,     20.0,     59.0,  9, 10, 11,  9,      80292,      80292,      80292,      80292
24,      44389,     20.0,     20.0,     20.0,     59.0,  9, 10, 11,  9,      80292,      80292,      80292,      80292
24,      44398,     20.0,     20.0,     20.0,     59.0,  9, 10, 11,  9,      80304,      80304,      80304,      80304
24,      44416,     20.0,     20.0,     20.0,     59.0,  9, 10, 11,  9,      80330,      80330,      80330,      80330
24,      44418,     20.0,     20.0,     20.0,     59.0,  9, 10, 11,  9,      80333,      80333,      80333,      80333
24,      44423,     20.0,     20.0,     20.0,     59.0,  9, 10, 11,  9,      80342,      80342,      80342,      80342
24,      44422,     20.0,     20.0,     20.0,     59.0,  9, 10, 11,  9,      80340,      80340,      80340,      80340
24,      44426,     20.0,     20.0,     20.0,     59.0,  9, 10, 11,  9,      80347,      80347,      80347,      80347
24,      44425,     17.0,     17.0,     17.0,     49.0,  4,  5,  6,  4,      44425,      44425,      44425,      44425
24,    2537314,     20.0,     20.0,     20.0,     57.0,  4,  5,  6,  4,    2537314,    2537314,    2537314,    2537314
24,    2537322,     56.0,     56.0,     54.0,    163.0, 12, 10, 12, 11,    2381264,    2381264,    2381264,    2381264
24,    2537330,     55.0,     56.0,     56.0,    165.0, 12, 12, 12, 10,    2381267,    2381267,    2381267,    2381267
24,    2577849,     81.0,     80.0,     78.0,    246.0, 12, 12, 12, 10,    2401506,    2401506,    2401506,    2403561
24,    2577859,     80.0,     79.0,     77.0,    247.0, 12, 12, 12, 11,    2401506,    2401506,    2401506,    2401506
24,    2578099,     27.0,     27.0,     26.0,     80.0,  9, 12, 12,  9,      80388,      80388,      80388,      80388
24,    2578118,     27.0,     27.0,     27.0,     80.0,  9, 12, 12,  9,      80388,      80388,      80388,      80388
24,    2578129,     27.0,     27.0,     27.0,     80.0, 12, 12, 12,  9,      80388,      80388,      80388,      80388
24,    2450878,     27.0,     27.0,     27.0,     81.0, 12, 12, 12,  9,      80388,      80388,      80388,      80388
24,    2597366,     26.0,     26.0,     26.0,     77.0,  9, 10, 11,  9,      80648,      80648,      80648,      80648
25,    2579020,     78.0,     78.0,     79.0,    238.0, 12, 12, 12, 10,    2404125,    2404125,    2404125,    2404125
25,    2579038,     79.0,     78.0,     79.0,    236.0, 12, 12, 12, 10,    2404125,    2404125,    2404125,    2404129
25,    2579059,     26.0,     27.0,     26.0,     79.0, 12, 12, 12,  9,      80388,      80388,      80388,      80388
25,    2579067,     26.0,     27.0,     26.0,     79.0, 12, 10, 12,  9,      80388,      80388,      80388,      80388
25,    2579080,     26.0,     27.0,     25.0,     79.0,  9, 10, 12,  9,      80388,      80388,      80388,      80388
25,    2579088,     26.0,     26.0,     25.0,     78.0,  9, 12, 12,  9,      80388,      80388,      80388,      80388
25,    2579101,     26.0,     26.0,     25.0,     78.0,  9, 12, 12,  9,      80388,      80388,      80388,      80388
25,    2580517,     26.0,     26.0,     26.0,     77.0,  9, 10, 11,  9,      80648,      80648,      80648,      80648
25,    2450866,     26.0,     27.0,     26.0,     79.0, 12, 12, 12,  9,      80388,      80388,      80388,      80388
25,    2599986,     26.0,     27.0,     26.0,     80.0, 12, 12, 12,  9,      80388,      80388,      80388,      80388
25,    3214198,     26.0,     27.0,     26.0,     80.0, 12, 12, 12,  9,      80388,      80388,      80388,      80388
25,    2573886,     80.0,     79.0,     78.0,    243.0, 12, 12, 12, 10,    2401506,    2401506,    2401506,    2403563
25,      44399,     49.0,     49.0,     49.0,    139.0,  4,  5,  6,  4,      44398,      44398,      44398,      44398
25,    2577878,     42.0,     42.0,     41.0,    118.0,  4,  5,  6,  6,      44402,      44402,      44402,      44402
25,    2452324,     39.0,     39.0,     39.0,    112.0,  4,  5,  6,  4,    2452324,    2452324,    2452324,    2452324
25,    2575866,     69.0,     68.0,     69.0,    204.0,  9, 12, 11,  9,      80398,      80398,      80398,      80398
25,    2575874,     68.0,     68.0,     68.0,    203.0,  9, 10, 11,  9,      80398,      80398,      80398,      80398
25,    2575898,     69.0,     69.0,     69.0,    205.0,  9, 10, 11,  9,      80398,      80398,      80398,      80398
25,    2575929,     70.0,     70.0,     70.0,    206.0,  9, 10, 11, 10,      80398,      80398,      80398,      80398
25,    2575974,     71.0,     71.0,     71.0,    207.0,  9, 10, 11, 10,      80398,      80398,      80398,      80398
25,    2576338,     72.0,     72.0,     72.0,    208.0,  9, 10, 11, 10,      80398,      80398,      80398,      80398
25,    2576354,     72.0,     72.0,     72.0,    209.0,  9, 10, 11,  9,      80398,      80398,      80398,      80398
25,    2576367,     51.0,     53.0,     55.0,    163.0, 12, 12, 12,  9,      80365,      80365,      80365,      80365
25,    2576385,     51.0,     52.0,     54.0,    162.0, 12, 12, 12,  9,      80365,      80365,      80365,      80365
25,    2576393,     51.0,     52.0,     54.0,    162.0, 12, 12, 12,  9,      80365,      80365,      80365,      80365
25,    2576409,     50.0,     51.0,     53.0,    161.0, 12, 12, 12,  9,      80365,      80365,      80365,      80365
25,    2576417,     50.0,     51.0,     53.0,    160.0, 12, 12, 12,  9,      80365,      80365,      80365,      80365
25,    2451839,     20.0,     20.0,     20.0,     59.0,  9, 10, 11,  9,      80366,      80366,      80366,      80366
25,    2576473,     82.0,     81.0,     81.0,    239.0,  9, 10, 12,  9,    2402586,    2402586,    2402586,    2402586
25,    2576489,     39.0,     39.0,     39.0,    116.0,  9, 10, 11,  9,      80211,      80211,      80211,      80211
25,    2528661,     40.0,     40.0,     40.0,    118.0,  9, 10, 11,  9,      80211,      80211,      80211,      80211
25,    2528667,     20.0,     20.0,     20.0,     59.0,  9, 10, 11,  9,    2375138,    2375138,    2375138,    2375138
25,      44354,     20.0,     20.0,     20.0,     58.0,  9, 10, 11,  9,      80236,      80236,      80236,      80236
25,      44353,     20.0,     20.0,     20.0,     58.0,  9, 10, 11,  9,      80234,      80234,      80234,      80234
25,    2576556,     19.0,     19.0,     19.0,     58.0,  9, 10, 11,  9,    2402610,    2402610,    2402610,    2402610
25,    2576561,     27.0,     27.0,     27.0,     78.0,  9, 10, 11,  9,    2402611,    2402611,    2402611,    2402611
25,    2528688,     20.0,     20.0,     20.0,     59.0,  9, 10, 11,  9,      80224,      80224,      80224,      80224
25,    2528685,     20.0,     20.0,     20.0,     59.0,  9, 10, 11,  9,      80224,      80224,      80224,      80224
25,      44356,     20.0,     20.0,     20.0,     58.0,  9, 10, 11,  9,      80240,      80240,      80240,      80240
25,      44357,     62.0,     62.0,     62.0,    176.0,  4,  5,  6,  4,      44356,      44356,      44356,      44356
25,    2528723,     20.0,     20.0,     20.0,     59.0,  9, 10, 11,  9,    2375175,    2375175,    2375175,    2375175
25,      44368,     20.0,     20.0,     20.0,     59.0,  9, 10, 11,  9,      80259,      80259,      80259,      80259
25,      44367,     20.0,     20.0,     20.0,     59.0,  9, 10, 11,  9,      80257,      80257,      80257,      80257
25,    2528742,     20.0,     20.0,     20.0,     58.0,  9, 10, 11,  9,    2375186,    2375186,    2375186,    2375186
25,    2528747,     20.0,     20.0,     20.0,     58.0,  9, 10, 11,  9,    2375187,    2375187,    2375187,    2375187
25,      44386,     20.0,     20.0,     20.0,     59.0,  9, 10, 11,  9,      80263,      80263,      80263,      80263
25,      44370,     20.0,     20.0,     20.0,     59.0,  9, 10, 11,  9,      80262,      80262,      80262,      80262
25,    2528773,     20.0,     20.0,     20.0,     58.0,  9, 10, 11,  9,      80252,      80252,      80252,      80252
25,    2528781,     20.0,     20.0,     20.0,     58.0,  9, 10, 11,  9,      80252,      80252,      80252,      80252
25,      44390,     20.0,     20.0,     20.0,     59.0,  9, 10, 11,  9,      80292,      80292,      80292,      80292
25,      44389,     20.0,     20.0,     20.0,     59.0,  9, 10, 11,  9,      80292,      80292,      80292,      80292
25,      44398,     20.0,     20.0,     20.0,     59.0,  9, 10, 11,  9,      80304,      80304,      80304,      80304
25,      44416,     20.0,     20.0,     20.0,     59.0,  9, 10, 11,  9,      80330,      80330,      80330,      80330
25,      44418,     20.0,     20.0,     20.0,     59.0,  9, 10, 11,  9,      80333,      80333,      80333,      80333
25,      44423,     20.0,     20.0,     20.0,     59.0,  9, 10, 11,  9,      80342,      80342,      80342,      80342
25,      44422,     20.0,     20.0,     20.0,     59.0,  9, 10, 11,  9,      80340,      80340,      80340,      80340
25,      44426,     20.0,     20.0,     20.0,     59.0,  9, 10, 11,  9,      80347,      80347,      80347,      80347
25,      44425,     17.0,     17.0,     17.0,     48.0,  4,  5,  6,  6,      44425,      44425,      44425,      44425
25,    2537314,     20.0,     20.0,     20.0,     57.0,  4,  5,  6,  4,    2537314,    2537314,    2537314,    2537314
25,    2537322,     57.0,     55.0,     54.0,    163.0,  9, 12, 12, 11,    2381264,    2381264,    2381264,    2381264
25,    2537330,     55.0,     56.0,     56.0,    165.0, 12, 10, 12,  9,    2381267,    2381267,    2381267,    2381267
25,    2577849,     81.0,     79.0,     79.0,    244.0, 12, 12, 12, 10,    2401506,    2401506,    2401506,    2403561
25,    2577859,     80.0,     78.0,     78.0,    245.0, 12, 12, 12, 10,    2401506,    2401506,    2401506,    2401506
25,    2578099,     27.0,     27.0,     26.0,     80.0,  9, 12, 12,  9,      80388,      80388,      80388,      80388
25,    2578118,     27.0,     27.0,     26.0,     80.0,  9, 12, 12,  9,      80388,      80388,      80388,      80388
25,    2578129,     27.0,     28.0,     26.0,     80.0,  9, 10, 12,  9,      80388,      80388,      80388,      80388
25,    2450878,     27.0,     28.0,     26.0,     80.0, 12, 10, 12,  9,      80388,      80388,      80388,      80388
25,    2597366,     26.0,     26.0,     26.0,     77.0,  9, 10, 11,  9,      80648,      80648,      80648,      80648
26,    2579020,     78.0,     77.0,     79.0,    238.0, 12, 12, 12, 10,    2404125,    2404125,    2404125,    2404125
26,    2579038,     79.0,     78.0,     79.0,    236.0, 12, 12, 12, 10,    2404125,    2404125,    2404125,    2404129
26,    2579059,     27.0,     26.0,     26.0,     79.0,  9, 12, 12,  9,      80388,      80388,      80388,      80388
26,    2579067,     26.0,     26.0,     26.0,     79.0,  9, 12, 12,  9,      80388,      80388,      80388,      80388
26,    2579080,     26.0,     26.0,     26.0,     78.0,  9, 10, 11,  9,      80388,      80388,      80388,      80388
26,    2579088,     26.0,     26.0,     26.0,     78.0,  9, 10, 11,  9,      80388,      80388,      80388,      80388
26,    2579101,     26.0,     25.0,     26.0,     78.0,  9, 12, 11,  9,      80388,      80388,      80388,      80388
26,    2580517,     26.0,     26.0,     26.0,     77.0,  9, 10, 11,  9,      80648,      80648,      80648,      80648
26,    2450866,     27.0,     26.0,     26.0,     79.0,  9, 12, 12,  9,      80388,      80388,      80388,      80388
26,    2599986,     27.0,     26.0,     27.0,     79.0,  9, 12, 11,  9,      80388,      80388,      80388,      80388
26,    3214198,     27.0,     26.0,     26.0,     79.0,  9, 12, 12,  9,      80388,      80388,      80388,      80388
26,    2573886,     79.0,     79.0,     79.0,    243.0, 12, 12, 12, 10,    2401506,    2401506,    2401506,    2403563
26,      44399,     49.0,     49.0,     49.0,    139.0,  4,  5,  6,  5,      44398,      44398,      44398,      44398
26,    2577878,     42.0,     42.0,     42.0,    119.0,  4,  5,  6,  4,      44402,      44402,      44402,      44402
26,    2452324,     39.0,     39.0,     39.0,    112.0,  4,  5,  6,  4,    2452324,    2452324,    2452324,    2452324
26,    2575866,     69.0,     68.0,     69.0,    204.0,  9, 12, 11,  9,      80398,      80398,      80398,      80398
26,    2575874,     68.0,     68.0,     68.0,    203.0,  9, 10, 11,  9,      80398,      80398,      80398,      80398
26,    2575898,     69.0,     69.0,     69.0,    205.0,  9, 10, 11,  9,      80398,      80398,      80398,      80398
26,    2575929,     70.0,     70.0,     70.0,    206.0,  9, 10, 11,  9,      80398,      80398,      80398,      80398
26,    2575974,     71.0,     71.0,     71.0,    207.0,  9, 10, 11, 10,      80398,      80398,      80398,      80398
26,    2576338,     72.0,     72.0,     72.0,    208.0,  9, 10, 11, 10,      80398,      80398,      80398,      80398
26,    2576354,     72.0,     72.0,     72.0,    209.0,  9, 10, 11,  9,      80398,      80398,      80398,      80398
26,    2576367,     52.0,     53.0,     54.0,    163.0, 12, 12, 12,  9,      80365,      80365,      80365,      80365
26,    2576385,     51.0,     53.0,     53.0,    162.0, 12, 12, 12,  9,      80365,      80365,      80365,      80365
26,    2576393,     51.0,     52.0,     53.0,    162.0, 12, 12, 12,  9,      80365,      80365,      80365,      80365
26,    2576409,     50.0,     52.0,     53.0,    161.0, 12, 12, 12,  9,      80365,      80365,      80365,      80365
26,    2576417,     50.0,     51.0,     52.0,    160.0, 12, 12, 12,  9,      80365,      80365,      80365,      80365
26,    2451839,     20.0,     20.0,     20.0,     59.0,  9, 10, 11,  9,      80366,      80366,      80366,      80366
26,    2576473,     82.0,     81.0,     81.0,    239.0,  9, 10, 12,  9,    2402586,    2402586,    2402586,    2402586
26,    2576489,     39.0,     39.0,     39.0,    116.0,  9, 10, 11,  9,      80211,      80211,      80211,      80211
26,    2528661,     40.0,     40.0,     40.0,    118.0,  9, 10, 11,  9,      80211,      80211,      80211,      80211
26,    2528667,     20.0,     20.0,     20.0,     59.0,  9, 10, 11,  9,    2375138,    2375138,    2375138,    2375138
26,      44354,     20.0,     20.0,     20.0,     58.0,  9, 10, 11,  9,      80236,      80236,      80236,      80236
26,      44353,     20.0,     20.0,     20.0,     58.0,  9, 10, 11,  9,      80234,      80234,      80234,      80234
26,    2576556,     19.0,     19.0,     19.0,     58.0,  9, 10, 11,  9,    2402610,    2402610,    2402610,    2402610
26,    2576561,     27.0,     27.0,     27.0,     78.0,  9, 10, 11,  9,    2402611,    2402611,    2402611,    2402611
26,    2528688,     20.0,     20.0,     20.0,     59.0,  9, 10, 11,  9,      80224,      80224,      80224,      80224
26,    2528685,     20.0,     20.0,     20.0,     59.0,  9, 10, 11,  9,      80224,      80224,      80224,      80224
26,      44356,     20.0,     20.0,     20.0,     58.0,  9, 10, 11,  9,      80240,      80240,      80240,      80240
26,      44357,     62.0,     62.0,     62.0,    176.0,  4,  5,  6,  5,      44356,      44356,      44356,      44356
26,    2528723,     20.0,     20.0,     20.0,     59.0,  9, 10, 11,  9,    2375175,    2375175,    2375175,    2375175
26,      44368,     20.0,     20.0,     20.0,     59.0,  9, 10, 11,  9,      80259,      80259,      80259,      80259
26,      44367,     20.0,     20.0,     20.0,     59.0,  9, 10, 11,  9,      80257,      80257,      80257,      80257
26,    2528742,     20.0,     20.0,     20.0,     58.0,  9, 10, 11,  9,    2375186,    2375186,    2375186,    2375186
26,    2528747,     20.0,     20.0,     20.0,     58.0,  9, 10, 11,  9,    2375187,    2375187,    2375187,    2375187
26,      44386,     20.0,     20.0,     20.0,     59.0,  9, 10, 11,  9,      80263,      80263,      80263,      80263
26,      44370,     20.0,     20.0,     20.0,     59.0,  9, 10, 11,  9,      80262,      80262,      80262,      80262
26,    2528773,     20.0,     20.0,     20.0,     58.0,  9, 10, 11,  9,      80252,      80252,      80252,      80252
26,    2528781,     20.0,     20.0,     20.0,     58.0,  9, 10, 11,  9,      80252,      80252,      80252,      80252
26,      44390,     20.0,     20.0,     20.0,     59.0,  9, 10, 11,  9,      80292,      80292,      80292,      80292
26,      44389,     20.0,     20.0,     20.0,     59.0,  9, 10, 11,  9,      80292,      80292,      80292,      80292
26,      44398,     20.0,     20.0,     20.0,     59.0,  9, 10, 11,  9,      80304,      80304,      80304,      80304
26,      44416,     20.0,     20.0,     20.0,     59.0,  9, 10, 11,  9,      80330,      80330,      80330,      80330
26,      44418,     20.0,     20.0,     20.0,     59.0,  9, 10, 11,  9,      80333,      80333,      80333,      80333
26,      44423,     20.0,     20.0,     20.0,     59.0,  9, 10, 11,  9,      80342,      80342,      80342,      80342
26,      44422,     20.0,     20.0,     20.0,     59.0,  9, 10, 11,  9,      80340,      80340,      80340,      80340
26,      44426,     20.0,     20.0,     20.0,     59.0,  9, 10, 11,  9,      80347,      80347,      80347,      80347
26,      44425,     17.0,     17.0,     17.0,     49.0,  4,  5,  6,  4,      44425,      44425,      44425,      44425
26,    2537314,     20.0,     20.0,     20.0,     57.0,  4,  5,  6,  4,    2537314,    2537314,    2537314,    2537314
26,    2537322,     55.0,     56.0,     55.0,    163.0, 12, 10, 12, 11,    2381264,    2381264,    2381264,    2381264
26,    2537330,     55.0,     55.0,     56.0,    165.0, 12, 12, 12,  9,    2381267,    2381267,    2381267,    2381267
26,    2577849,     80.0,     80.0,     80.0,    244.0, 12, 12, 12, 10,    2401506,    2401506,    2401506,    2403561
26,    2577859,     79.0,     79.0,     79.0,    245.0, 12, 12, 12, 10,    2401506,    2401506,    2401506,    2401506
26,    2578099,     27.0,     26.0,     27.0,     79.0,  9, 12, 11,  9,      80388,      80388,      80388,      80388
26,    2578118,     27.0,     27.0,     27.0,     80.0,  9, 10, 11,  9,      80388,      80388,      80388,      80388
26,    2578129,     27.0,     27.0,     27.0,     80.0,  9, 12, 12,  9,      80388,      80388,      80388,      80388
26,    2450878,     27.0,     27.0,     27.0,     80.0,  9, 12, 12,  9,      80388,      80388,      80388,      80388
26,    2597366,     26.0,     26.0,     26.0,     77.0,  9, 10, 11,  9,      80648,      80648,      80648,      80648
27,    2579020,     78.0,     78.0,     78.0,    238.0, 12, 12, 12,  9,    2404125,    2404125,    2404125,    2404125
27,    2579038,     78.0,     79.0,     79.0,    236.0, 12, 12, 12, 10,    2404125,    2404125,    2404125,    2404129
27,    2579059,     27.0,     26.0,     26.0,     79.0,  9, 12, 12,  9,      80388,      80388,      80388,      80388
27,    2579067,     27.0,     26.0,     26.0,     79.0,  9, 12, 12,  9,      80388,      80388,      80388,      80388
27,    2579080,     26.0,     26.0,     26.0,     79.0,  9, 12, 12,  9,      80388,      80388,      80388,      80388
27,    2579088,     26.0,     26.0,     26.0,     78.0,  9, 10, 11,  9,      80388,      80388,      80388,      80388
27,    2579101,     26.0,     25.0,     25.0,     78.0,  9, 12, 12,  9,      80388,      80388,      80388,      80388
27,    2580517,     26.0,     26.0,     26.0,     77.0,  9, 10, 11,  9,      80648,      80648,      80648,      80648
27,    2450866,     27.0,     26.0,     26.0,     80.0,  9, 12, 12,  9,      80388,      80388,      80388,      80388
27,    2599986,     27.0,     26.0,     26.0,     80.0,  9, 12, 12,  9,      80388,      80388,      80388,      80388
27,    3214198,     27.0,     26.0,     26.0,     80.0,  9, 12, 12,  9,      80388,      80388,      80388,      80388
27,    2573886,     79.0,     79.0,     79.0,    242.0, 12, 12, 12, 10,    2401506,    2401506,    2401506,    2403563
27,      44399,     49.0,     49.0,     49.0,    139.0,  4,  5,  6,  4,      44398,      44398,      44398,      44398
27,    2577878,     42.0,     42.0,     41.0,    118.0,  4,  5,  6,  6,      44402,      44402,      44402,      44402
27,    2452324,     39.0,     39.0,     39.0,    112.0,  4,  5,  6,  4,    2452324,    2452324,    2452324,    2452324
27,    2575866,     69.0,     68.0,     69.0,    204.0,  9, 12, 11,  9,      80398,      80398,      80398,      80398
27,    2575874,     68.0,     68.0,     68.0,    203.0,  9, 10, 11,  9,      80398,      80398,      80398,      80398
27,    2575898,     69.0,     69.0,     69.0,    205.0,  9, 10, 11,  9,      80398,      80398,      80398,      80398
27,    2575929,     70.0,     70.0,     70.0,    206.0,  9, 10, 11,  9,      80398,      80398,      80398,      80398
27,    2575974,     71.0,     71.0,     71.0,    207.0,  9, 10, 11, 10,      80398,      80398,      80398,      80398
27,    2576338,     72.0,     72.0,     72.0,    208.0,  9, 10, 11, 10,      80398,      80398,      80398,      80398
27,    2576354,     72.0,     72.0,     72.0,    209.0,  9, 10, 11,  9,      80398,      80398,      80398,      80398
27,    2576367,     52.0,     53.0,     54.0,    164.0, 12, 12, 12,  9,      80365,      80365,      80365,      80365
27,    2576385,     52.0,     52.0,     53.0,    163.0, 12, 12, 12,  9,      80365,      80365,      80365,      80365
27,    2576393,     51.0,     52.0,     53.0,    163.0, 12, 12, 12,  9,      80365,      80365,      80365,      80365
27,    2576409,     51.0,     52.0,     52.0,    162.0, 12, 12, 12,  9,      80365,      80365,      80365,      80365
27,    2576417,     51.0,     51.0,     52.0,    161.0, 12, 12, 12,  9,      80365,      80365,      80365,      80365
27,    2451839,     20.0,     20.0,     20.0,     59.0,  9, 10, 11,  9,      80366,      80366,      80366,      80366
27,    2576473,     82.0,     81.0,     81.0,    239.0,  9, 10, 12, 10,    2402586,    2402586,    2402586,    2402586
27,    2576489,     39.0,     39.0,     39.0,    116.0,  9, 10, 11,  9,      80211,      80211,      80211,      80211
27,    2528661,     40.0,     40.0,     40.0,    118.0,  9, 10, 11,  9,      80211,      80211,      80211,      80211
27,    2528667,     20.0,     20.0,     20.0,     59.0,  9, 10, 11,  9,    2375138,    2375138,    2375138,    2375138
27,      44354,     20.0,     20.0,     20.0,     58.0,  9, 10, 11,  9,      80236,      80236,      80236,      80236
27,      44353,     20.0,     20.0,     20.0,     58.0,  9, 10, 11,  9,      80234,      80234,      80234,      80234
27,    2576556,     19.0,     19.0,     19.0,     58.0,  9, 10, 11,  9,    2402610,    2402610,    2402610,    2402610
27,    2576561,     27.0,     27.0,     27.0,     78.0,  9, 10, 11,  9,    2402611,    2402611,    2402611,    2402611
27,    2528688,     20.0,     20.0,     20.0,     59.0,  9, 10, 11,  9,      80224,      80224,      80224,      80224
27,    2528685,     20.0,     20.0,     20.0,     59.0,  9, 10, 11,  9,      80224,      80224,      80224,      80224
27,      44356,     20.0,     20.0,     20.0,     58.0,  9, 10, 11,  9,      80240,      80240,      80240,      80240
27,      44357,     62.0,     62.0,     62.0,    176.0,  4,  5,  6,  4,      44356,      44356,      44356,      44356
27,    2528723,     20.0,     20.0,     20.0,     59.0,  9, 10, 11,  9,    2375175,    2375175,    2375175,    2375175
27,      44368,     20.0,     20.0,     20.0,     59.0,  9, 10, 11,  9,      80259,      80259,      80259,      80259
27,      44367,     20.0,     20.0,     20.0,     59.0,  9, 10, 11,  9,      80257,      80257,      80257,      80257
27,    2528742,     20.0,     20.0,     20.0,     58.0,  9, 10, 11,  9,    2375186,    2375186,    2375186,    2375186
27,    2528747,     20.0,     20.0,     20.0,     58.0,  9, 10, 11,  9,    2375187,    2375187,    2375187,    2375187
27,      44386,     20.0,     20.0,     20.0,     59.0,  9, 10, 11,  9,      80263,      80263,      80263,      80263
27,      44370,     20.0,     20.0,     20.0,     59.0,  9, 10, 11,  9,      80262,      80262,      80262,      80262
27,    2528773,     20.0,     20.0,     20.0,     58.0,  9, 10, 11,  9,      80252,      80252,      80252,      80252
27,    2528781,     20.0,     20.0,     20.0,     58.0,  9, 10, 11,  9,      80252,      80252,      80252,      80252
27,      44390,     20.0,     20.0,     20.0,     59.0,  9, 10, 11,  9,      80292,      80292,      80292,      80292
27,      44389,     20.0,     20.0,     20.0,     59.0,  9, 10, 11,  9,      80292,      80292,      80292,      80292
27,      44398,     20.0,     20.0,     20.0,     59.0,  9, 10, 11,  9,      80304,      80304,      80304,      80304
27,      44416,     20.0,     20.0,     20.0,     59.0,  9, 10, 11,  9,      80330,      80330,      80330,      80330
27,      44418,     20.0,     20.0,     20.0,     59.0,  9, 10, 11,  9,      80333,      80333,      80333,      80333
27,      44423,     20.0,     20.0,     20.0,     59.0,  9, 10, 11,  9,      80342,      80342,      80342,      80342
27,      44422,     20.0,     20.0,     20.0,     59.0,  9, 10, 11,  9,      80340,      80340,      80340,      80340
27,      44426,     20.0,     20.0,     20.0,     59.0,  9, 10, 11,  9,      80347,      80347,      80347,      80347
27,      44425,     17.0,     17.0,     17.0,     49.0,  4,  5,  6,  4,      44425,      44425,      44425,      44425
27,    2537314,     20.0,     20.0,     20.0,     57.0,  4,  5,  6,  4,    2537314,    2537314,    2537314,    2537314
27,    2537322,     55.0,     56.0,     55.0,    163.0, 12, 10, 12, 11,    2381264,    2381264,    2381264,    2381264
27,    2537330,     56.0,     56.0,     56.0,    165.0, 12, 10, 12, 10,    2381267,    2381267,    2381267,    2381267
27,    2577849,     80.0,     80.0,     80.0,    244.0, 12, 12, 12, 10,    2401506,    2401506,    2401506,    2403561
27,    2577859,     79.0,     79.0,     79.0,    244.0, 12, 12, 12, 10,    2401506,    2401506,    2401506,    2401506
27,    2578099,     27.0,     27.0,     27.0,     80.0,  9, 10, 11,  9,      80388,      80388,      80388,      80388
27,    2578118,     27.0,     27.0,     27.0,     80.0,  9, 10, 11,  9,      80388,      80388,      80388,      80388
27,    2578129,     27.0,     27.0,     27.0,     80.0,  9, 12, 12,  9,      80388,      80388,      80388,      80388
27,    2450878,     27.0,     27.0,     27.0,     80.0, 12, 12, 12,  9,      80388,      80388,      80388,      80388
27,    2597366,     26.0,     26.0,     26.0,     77.0,  9, 10, 11,  9,      80648,      80648,      80648,      80648
28,    2579020,     78.0,     78.0,     79.0,    238.0, 12, 12, 12,  9,    2404125,    2404125,    2404125,    2404125
28,    2579038,     78.0,     79.0,     79.0,    236.0, 12, 12, 12,  9,    2404125,    2404125,    2404125,    2404129
28,    2579059,     27.0,     26.0,     26.0,     79.0,  9, 12, 12,  9,      80388,      80388,      80388,      80388
28,    2579067,     26.0,     26.0,     26.0,     79.0, 12, 12, 12,  9,      80388,      80388,      80388,      80388
28,    2579080,     26.0,     26.0,     26.0,     79.0,  9, 10, 11,  9,      80388,      80388,      80388,      80388
28,    2579088,     26.0,     26.0,     26.0,     78.0,  9, 10, 11,  9,      80388,      80388,      80388,      80388
28,    2579101,     26.0,     26.0,     25.0,     78.0,  9, 10, 12,  9,      80388,      80388,      80388,      80388
28,    2580517,     26.0,     26.0,     26.0,     77.0,  9, 10, 11,  9,      80648,      80648,      80648,      80648
28,    2450866,     27.0,     26.0,     26.0,     79.0,  9, 12, 12,  9,      80388,      80388,      80388,      80388
28,    2599986,     27.0,     27.0,     26.0,     80.0,  9, 10, 12,  9,      80388,      80388,      80388,      80388
28,    3214198,     27.0,     26.0,     26.0,     80.0,  9, 12, 12,  9,      80388,      80388,      80388,      80388
28,    2573886,     79.0,     79.0,     79.0,    242.0, 12, 12, 12, 10,    2403563,    2401506,    2401506,    2403563
28,      44399,     49.0,     49.0,     49.0,    139.0,  4,  5,  6,  4,      44398,      44398,      44398,      44398
28,    2577878,     42.0,     41.0,     41.0,    118.0,  4,  5,  6,  5,      44402,      44402,      44402,      44402
28,    2452324,     39.0,     39.0,     39.0,    112.0,  4,  5,  6,  4,    2452324,    2452324,    2452324,    2452324
28,    2575866,     69.0,     68.0,     69.0,    204.0,  9, 12, 11,  9,      80398,      80398,      80398,      80398
28,    2575874,     68.0,     68.0,     68.0,    203.0,  9, 10, 11,  9,      80398,      80398,      80398,      80398
28,    2575898,     69.0,     69.0,     69.0,    205.0,  9, 10, 11,  9,      80398,      80398,      80398,      80398
28,    2575929,     70.0,     70.0,     70.0,    206.0,  9, 10, 11,  9,      80398,      80398,      80398,      80398
28,    2575974,     71.0,     71.0,     71.0,    207.0,  9, 10, 11, 10,      80398,      80398,      80398,      80398
28,    2576338,     72.0,     72.0,     72.0,    208.0,  9, 10, 11, 10,      80398,      80398,      80398,      80398
28,    2576354,     72.0,     72.0,     72.0,    209.0,  9, 10, 11,  9,      80398,      80398,      80398,      80398
28,    2576367,     53.0,     52.0,     53.0,    163.0, 12, 12, 12, 10,      80365,      80365,      80365,      80365
28,    2576385,     52.0,     52.0,     53.0,    162.0, 12, 12, 12, 10,      80365,      80365,      80365,      80365
28,    2576393,     52.0,     52.0,     53.0,    162.0, 12, 12, 12, 10,      80365,      80365,      80365,      80365
28,    2576409,     52.0,     51.0,     52.0,    161.0, 12, 12, 12, 10,      80365,      80365,      80365,      80365
28,    2576417,     51.0,     51.0,     52.0,    160.0, 12, 12, 12, 10,      80365,      80365,      80365,      80365
28,    2451839,     20.0,     20.0,     20.0,     59.0,  9, 10, 11,  9,      80366,      80366,      80366,      80366
28,    2576473,     82.0,     81.0,     81.0,    239.0,  9, 10, 12, 10,    2402586,    2402586,    2402586,    2402586
28,    2576489,     39.0,     39.0,     39.0,    116.0,  9, 10, 11,  9,      80211,      80211,      80211,      80211
28,    2528661,     40.0,     40.0,     40.0,    118.0,  9, 10, 11,  9,      80211,      80211,      80211,      80211
28,    2528667,     20.0,     20.0,     20.0,     59.0,  9, 10, 11,  9,    2375138,    2375138,    2375138,    2375138
28,      44354,     20.0,     20.0,     20.0,     58.0,  9, 10, 11,  9,      80236,      80236,      80236,      80236
28,      44353,     20.0,     20.0,     20.0,     58.0,  9, 10, 11,  9,      80234,      80234,      80234,      80234
28,    2576556,     19.0,     19.0,     19.0,     58.0,  9, 10, 11,  9,    2402610,    2402610,    2402610,    2402610
28,    2576561,     27.0,     27.0,     27.0,     78.0,  9, 10, 11,  9,    2402611,    2402611,    2402611,    2402611
28,    2528688,     20.0,     20.0,     20.0,     59.0,  9, 10, 11,  9,      80224,      80224,      80224,      80224
28,    2528685,     20.0,     20.0,     20.0,     59.0,  9, 10, 11,  9,      80224,      80224,      80224,      80224
28,      44356,     20.0,     20.0,     20.0,     58.0,  9, 10, 11,  9,      80240,      80240,      80240,      80240
28,      44357,     62.0,     62.0,     62.0,    176.0,  4,  5,  6,  5,      44356,      44356,      44356,      44356
28,    2528723,     20.0,     20.0,     20.0,     59.0,  9, 10, 11,  9,    2375175,    2375175,    2375175,    2375175
28,      44368,     20.0,     20.0,     20.0,     59.0,  9, 10, 11,  9,      80259,      80259,      80259,      80259
28,      44367,     20.0,     20.0,     20.0,     59.0,  9, 10, 11,  9,      80257,      80257,      80257,      80257
28,    2528742,     20.0,     20.0,     20.0,     58.0,  9, 10, 11,  9,    2375186,    2375186,    2375186,    2375186
28,    2528747,     20.0,     20.0,     20.0,     58.0,  9, 10, 11,  9,    2375187,    2375187,    2375187,    2375187
28,      44386,     20.0,     20.0,     20.0,     59.0,  9, 10, 11,  9,      80263,      80263,      80263,      80263
28,      44370,     20.0,     20.0,     20.0,     59.0,  9, 10, 11,  9,      80262,      80262,      80262,      80262
28,    2528773,     20.0,     20.0,     20.0,     58.0,  9, 10, 11,  9,      80252,      80252,      80252,      80252
28,    2528781,     20.0,     20.0,     20.0,     58.0,  9, 10, 11,  9,      80252,      80252,      80252,      80252
28,      44390,     20.0,     20.0,     20.0,     59.0,  9, 10, 11,  9,      80292,      80292,      80292,      80292
28,      44389,     20.0,     20.0,     20.0,     59.0,  9, 10, 11,  9,      80292,      80292,      80292,      80292
28,      44398,     20.0,     20.0,     20.0,     59.0,  9, 10, 11,  9,      80304,      80304,      80304,      80304
28,      44416,     20.0,     20.0,     20.0,     59.0,  9, 10, 11,  9,      80330,      80330,      80330,      80330
28,      44418,     20.0,     20.0,     20.0,     59.0,  9, 10, 11,  9,      80333,      80333,      80333,      80333
28,      44423,     20.0,     20.0,     20.0,     59.0,  9, 10, 11,  9,      80342,      80342,      80342,      80342
28,      44422,     20.0,     20.0,     20.0,     59.0,  9, 10, 11,  9,      80340,      80340,      80340,      80340
28,      44426,     20.0,     20.0,     20.0,     59.0,  9, 10, 11,  9,      80347,      80347,      80347,      80347
28,      44425,     17.0,     17.0,     17.0,     49.0,  4,  5,  6,  4,      44425,      44425,      44425,      44425
28,    2537314,     20.0,     20.0,     20.0,     57.0,  4,  5,  6,  4,    2537314,    2537314,    2537314,    2537314
28,    2537322,     55.0,     56.0,     55.0,    163.0, 12, 10, 12, 11,    2381264,    2381264,    2381264,    2381264
28,    2537330,     56.0,     56.0,     56.0,    165.0, 12, 10, 12,  9,    2381267,    2381267,    2381267,    2381267
28,    2577849,     80.0,     80.0,     80.0,    243.0, 12, 12, 12, 10,    2401506,    2401506,    2401506,    2403561
28,    2577859,     79.0,     79.0,     79.0,    244.0, 12, 12, 12, 10,    2401506,    2401506,    2401506,    2401506
28,    2578099,     27.0,     27.0,     26.0,     80.0,  9, 10, 12,  9,      80388,      80388,      80388,      80388
28,    2578118,     27.0,     27.0,     26.0,     80.0,  9, 10, 12,  9,      80388,      80388,      80388,      80388
28,    2578129,     27.0,     27.0,     27.0,     80.0,  9, 12, 12,  9,      80388,      80388,      80388,      80388
28,    2450878,     27.0,     27.0,     27.0,     80.0, 12, 12, 12,  9,      80388,      80388,      80388,      80388
28,    2597366,     26.0,     26.0,     26.0,     77.0,  9, 10, 11,  9,      80648,      80648,      80648,      80648
29,    2579020,     78.0,     78.0,     79.0,    238.0, 12, 12, 12,  9,    2404125,    2404125,    2404125,    2404125
29,    2579038,     79.0,     78.0,     79.0,    236.0, 12, 12, 11, 10,    2404125,    2404125,    2404129,    2404129
29,    2579059,     27.0,     26.0,     26.0,     79.0,  9, 12, 12,  9,      80388,      80388,      80388,      80388
29,    2579067,     27.0,     26.0,     26.0,     79.0,  9, 12, 12,  9,      80388,      80388,      80388,      80388
29,    2579080,     26.0,     26.0,     26.0,     79.0,  9, 10, 11,  9,      80388,      80388,      80388,      80388
29,    2579088,     26.0,     26.0,     26.0,     78.0,  9, 10, 11,  9,      80388,      80388,      80388,      80388
29,    2579101,     26.0,     25.0,     25.0,     78.0,  9, 12, 12,  9,      80388,      80388,      80388,      80388
29,    2580517,     26.0,     26.0,     26.0,     77.0,  9, 10, 11,  9,      80648,      80648,      80648,      80648
29,    2450866,     27.0,     26.0,     26.0,     79.0,  9, 12, 12,  9,      80388,      80388,      80388,      80388
29,    2599986,     27.0,     26.0,     26.0,     80.0,  9, 12, 12,  9,      80388,      80388,      80388,      80388
29,    3214198,     27.0,     26.0,     26.0,     79.0,  9, 12, 12,  9,      80388,      80388,      80388,      80388
29,    2573886,     80.0,     79.0,     78.0,    242.0, 12, 12, 12, 10,    2401506,    2401506,    2401506,    2403563
29,      44399,     49.0,     49.0,     49.0,    139.0,  4,  5,  6,  6,      44398,      44398,      44398,      44398
29,    2577878,     42.0,     42.0,     42.0,    119.0,  4,  5,  6,  4,      44402,      44402,      44402,      44402
29,    2452324,     39.0,     39.0,     39.0,    112.0,  4,  5,  6,  4,    2452324,    2452324,    2452324,    2452324
29,    2575866,     69.0,     68.0,     69.0,    204.0,  9, 12, 11, 10,      80398,      80398,      80398,      80398
29,    2575874,     68.0,     68.0,     68.0,    203.0,  9, 10, 11,  9,      80398,      80398,      80398,      80398
29,    2575898,     70.0,     69.0,     69.0,    205.0,  9, 10, 11,  9,      80398,      80398,      80398,      80398
29,    2575929,     70.0,     70.0,     70.0,    206.0,  9, 10, 11, 10,      80398,      80398,      80398,      80398
29,    2575974,     71.0,     71.0,     71.0,    207.0,  9, 10, 11, 10,      80398,      80398,      80398,      80398
29,    2576338,     72.0,     71.0,     72.0,    208.0,  9, 12, 11, 10,      80398,      80398,      80398,      80398
29,    2576354,     72.0,     72.0,     72.0,    209.0,  9, 10, 11, 10,      80398,      80398,      80398,      80398
29,    2576367,     51.0,     54.0,     54.0,    163.0, 12, 12, 12,  9,      80365,      80365,      80365,      80365
29,    2576385,     51.0,     53.0,     54.0,    162.0, 12, 12, 12,  9,      80365,      80365,      80365,      80365
29,    2576393,     50.0,     53.0,     53.0,    161.0, 12, 12, 12,  9,      80365,      80365,      80365,      80365
29,    2576409,     50.0,     52.0,     53.0,    160.0, 12, 12, 12,  9,      80365,      80365,      80365,      80365
29,    2576417,     50.0,     52.0,     52.0,    160.0, 12, 12, 12,  9,      80365,      80365,      80365,      80365
29,    2451839,     20.0,     20.0,     20.0,     59.0,  9, 10, 11,  9,      80366,      80366,      80366,      80366
29,    2576473,     82.0,     81.0,     81.0,    239.0,  9, 10, 12,  9,    2402586,    2402586,    2402586,    2402586
29,    2576489,     39.0,     39.0,     39.0,    116.0,  9, 10, 11,  9,      80211,      80211,      80211,      80211
29,    2528661,     40.0,     40.0,     40.0,    118.0,  9, 10, 11,  9,      80211,      80211,      80211,      80211
29,    2528667,     20.0,     20.0,     20.0,     59.0,  9, 10, 11,  9,    2375138,    2375138,    2375138,    2375138
29,      44354,     20.0,     20.0,     20.0,     58.0,  9, 10, 11,  9,      80236,      80236,      80236,      80236
29,      44353,     20.0,     20.0,     20.0,     58.0,  9, 10, 11,  9,      80234,      80234,      80234,      80234
29,    2576556,     19.0,     19.0,     19.0,     58.0,  9, 10, 11,  9,    2402610,    2402610,    2402610,    2402610
29,    2576561,     27.0,     27.0,     27.0,     78.0,  9, 10, 11,  9,    2402611,    2402611,    2402611,    2402611
29,    2528688,     20.0,     20.0,     20.0,     59.0,  9, 10, 11,  9,      80224,      80224,      80224,      80224
29,    2528685,     20.0,     20.0,     20.0,     59.0,  9, 10, 11,  9,      80224,      80224,      80224,      80224
29,      44356,     20.0,     20.0,     20.0,     58.0,  9, 10, 11,  9,      80240,      80240,      80240,      80240
29,      44357,     62.0,     62.0,     62.0,    176.0,  4,  5,  6,  6,      44356,      44356,      44356,      44356
29,    2528723,     20.0,     20.0,     20.0,     59.0,  9, 10, 11,  9,    2375175,    2375175,    2375175,    2375175
29,      44368,     20.0,     20.0,     20.0,     59.0,  9, 10, 11,  9,      80259,      80259,      80259,      80259
29,      44367,     20.0,     20.0,     20.0,     59.0,  9, 10, 11,  9,      80257,      80257,      80257,      80257
29,    2528742,     20.0,     20.0,     20.0,     58.0,  9, 10, 11,  9,    2375186,    2375186,    2375186,    2375186
29,    2528747,     20.0,     20.0,     20.0,     58.0,  9, 10, 11,  9,    2375187,    2375187,    2375187,    2375187
29,      44386,     20.0,     20.0,     20.0,     59.0,  9, 10, 11,  9,      80263,      80263,      80263,      80263
29,      44370,     20.0,     20.0,     20.0,     59.0,  9, 10, 11,  9,      80262,      80262,      80262,      80262
29,    2528773,     20.0,     20.0,     20.0,     58.0,  9, 10, 11,  9,      80252,      80252,      80252,      80252
29,    2528781,     20.0,     20.0,     20.0,     58.0,  9, 10, 11,  9,      80252,      80252,      80252,      80252
29,      44390,     20.0,     20.0,     20.0,     59.0,  9, 10, 11,  9,      80292,      80292,      80292,      80292
29,      44389,     20.0,     20.0,     20.0,     59.0,  9, 10, 11,  9,      80292,      80292,      80292,      80292
29,      44398,     20.0,     20.0,     20.0,     59.0,  9, 10, 11,  9,      80304,      80304,      80304,      80304
29,      44416,     20.0,     20.0,     20.0,     59.0,  9, 10, 11,  9,      80330,      80330,      80330,      80330
29,      44418,     20.0,     20.0,     20.0,     59.0,  9, 10, 11,  9,      80333,      80333,      80333,      80333
29,      44423,     20.0,     20.0,     20.0,     59.0,  9, 10, 11,  9,      80342,      80342,      80342,      80342
29,      44422,     20.0,     20.0,     20.0,     59.0,  9, 10, 11,  9,      80340,      80340,      80340,      80340
29,      44426,     20.0,     20.0,     20.0,     59.0,  9, 10, 11,  9,      80347,      80347,      80347,      80347
29,      44425,     17.0,     17.0,     17.0,     49.0,  4,  5,  6,  4,      44425,      44425,      44425,      44425
29,    2537314,     20.0,     20.0,     20.0,     57.0,  4,  5,  6,  4,    2537314,    2537314,    2537314,    2537314
29,    2537322,     55.0,     56.0,     54.0,    163.0, 12, 10, 12, 11,    2381264,    2381264,    2381264,    2381264
29,    2537330,     56.0,     56.0,     56.0,    165.0, 12, 10, 12,  9,    2381267,    2381267,    2381267,    2381267
29,    2577849,     80.0,     80.0,     79.0,    243.0, 12, 12, 12, 10,    2403561,    2401506,    2401506,    2403561
29,    2577859,     80.0,     79.0,     78.0,    244.0, 12, 12, 12, 10,    2401506,    2401506,    2401506,    2401506
29,    2578099,     27.0,     27.0,     26.0,     80.0,  9, 10, 12,  9,      80388,      80388,      80388,      80388
29,    2578118,     27.0,     27.0,     27.0,     80.0,  9, 10, 11,  9,      80388,      80388,      80388,      80388
29,    2578129,     27.0,     27.0,     27.0,     80.0,  9, 10, 12,  9,      80388,      80388,      80388,      80388
29,    2450878,     27.0,     27.0,     27.0,     80.0,  9, 12, 12,  9,      80388,      80388,      80388,      80388
29,    2597366,     26.0,     26.0,     26.0,     77.0,  9, 10, 11,  9,      80648,      80648,      80648,      80648
30,    2579020,     78.0,     78.0,     78.0,    238.0, 12, 12, 12, 10,    2404125,    2404125,    2404125,    2404125
30,    2579038,     79.0,     78.0,     79.0,    236.0, 12, 12, 12, 10,    2404125,    2404125,    2404125,    2404129
30,    2579059,     26.0,     26.0,     26.0,     79.0, 12, 12, 12,  9,      80388,      80388,      80388,      80388
30,    2579067,     26.0,     26.0,     26.0,     79.0, 12, 12, 12,  9,      80388,      80388,      80388,      80388
30,    2579080,     26.0,     26.0,     26.0,     78.0,  9, 12, 12,  9,      80388,      80388,      80388,      80388
30,    2579088,     26.0,     26.0,     26.0,     78.0,  9, 12, 11,  9,      80388,      80388,      80388,      80388
30,    2579101,     26.0,     26.0,     26.0,     78.0,  9, 10, 11,  9,      80388,      80388,      80388,      80388
30,    2580517,     26.0,     26.0,     26.0,     77.0,  9, 10, 11,  9,      80648,      80648,      80648,      80648
30,    2450866,     26.0,     26.0,     27.0,     79.0, 12, 12, 11,  9,      80388,      80388,      80388,      80388
30,    2599986,     27.0,     27.0,     27.0,     79.0,  9, 12, 11,  9,      80388,      80388,      80388,      80388
30,    3214198,     26.0,     27.0,     27.0,     79.0, 12, 10, 11,  9,      80388,      80388,      80388,      80388
30,    2573886,     79.0,     79.0,     79.0,    243.0, 12, 12, 12, 10,    2401506,    2401506,    2401506,    2403563
30,      44399,     49.0,     49.0,     49.0,    139.0,  4,  5,  6,  4,      44398,      44398,      44398,      44398
30,    2577878,     42.0,     42.0,     41.0,    118.0,  4,  5,  6,  6,      44402,      44402,      44402,      44402
30,    2452324,     39.0,     39.0,     39.0,    112.0,  4,  5,  6,  4,    2452324,    2452324,    2452324,    2452324
30,    2575866,     69.0,     68.0,     69.0,    204.0,  9, 12, 11,  9,      80398,      80398,      80398,      80398
30,    2575874,     68.0,     68.0,     68.0,    203.0,  9, 10, 11,  9,      80398,      80398,      80398,      80398
30,    2575898,     69.0,     69.0,     69.0,    205.0,  9, 10, 11,  9,      80398,      80398,      80398,      80398
30,    2575929,     70.0,     70.0,     70.0,    206.0,  9, 10, 11,  9,      80398,      80398,      80398,      80398
30,    2575974,     71.0,     71.0,     71.0,    207.0,  9, 10, 11, 10,      80398,      80398,      80398,      80398
30,    2576338,     72.0,     72.0,     72.0,    208.0,  9, 10, 11, 10,      80398,      80398,      80398,      80398
30,    2576354,     72.0,     72.0,     72.0,    209.0,  9, 10, 11,  9,      80398,      80398,      80398,      80398
30,    2576367,     51.0,     54.0,     54.0,    164.0, 12, 12, 12,  9,      80365,      80365,      80365,      80365
30,    2576385,     51.0,     53.0,     53.0,    163.0, 12, 12, 12,  9,      80365,      80365,      80365,      80365
30,    2576393,     50.0,     53.0,     53.0,    162.0, 12, 12, 12,  9,      80365,      80365,      80365,      80365
30,    2576409,     50.0,     52.0,     52.0,    161.0, 12, 12, 12,  9,      80365,      80365,      80365,      80365
30,    2576417,     50.0,     52.0,     52.0,    161.0, 12, 12, 12,  9,      80365,      80365,      80365,      80365
30,    2451839,     20.0,     20.0,     20.0,     59.0,  9, 10, 11,  9,      80366,      80366,      80366,      80366
30,    2576473,     82.0,     81.0,     81.0,    239.0,  9, 10, 12,  9,    2402586,    2402586,    2402586,    2402586
30,    2576489,     39.0,     39.0,     39.0,    116.0,  9, 10, 11,  9,      80211,      80211,      80211,      80211
30,    2528661,     40.0,     40.0,     40.0,    118.0,  9, 10, 11,  9,      80211,      80211,      80211,      80211
30,    2528667,     20.0,     20.0,     20.0,     59.0,  9, 10, 11,  9,    2375138,    2375138,    2375138,    2375138
30,      44354,     20.0,     20.0,     20.0,     58.0,  9, 10, 11,  9,      80236,      80236,      80236,      80236
30,      44353,     20.0,     20.0,     20.0,     58.0,  9, 10, 11,  9,      80234,      80234,      80234,      80234
30,    2576556,     19.0,     19.0,     19.0,     58.0,  9, 10, 11,  9,    2402610,    2402610,    2402610,    2402610
30,    2576561,     27.0,     27.0,     27.0,     78.0,  9, 10, 11,  9,    2402611,    2402611,    2402611,    2402611
30,    2528688,     20.0,     20.0,     20.0,     59.0,  9, 10, 11,  9,      80224,      80224,      80224,      80224
30,    2528685,     20.0,     20.0,     20.0,     59.0,  9, 10, 11,  9,      80224,      80224,      80224,      80224
30,      44356,     20.0,     20.0,     20.0,     58.0,  9, 10, 11,  9,      80240,      80240,      80240,      80240
30,      44357,     62.0,     62.0,     62.0,    176.0,  4,  5,  6,  4,      44356,      44356,      44356,      44356
30,    2528723,     20.0,     20.0,     20.0,     59.0,  9, 10, 11,  9,    2375175,    2375175,    2375175,    2375175
30,      44368,     20.0,     20.0,     20.0,     59.0,  9, 10, 11,  9,      80259,      80259,      80259,      80259
30,      44367,     20.0,     20.0,     20.0,     59.0,  9, 10, 11,  9,      80257,      80257,      80257,      80257
30,    2528742,     20.0,     20.0,     20.0,     58.0,  9, 10, 11,  9,    2375186,    2375186,    2375186,    2375186
30,    2528747,     20.0,     20.0,     20.0,     58.0,  9, 10, 11,  9,    2375187,    2375187,    2375187,    2375187
30,      44386,     20.0,     20.0,     20.0,     59.0,  9, 10, 11,  9,      80263,      80263,      80263,      80263
30,      44370,     20.0,     20.0,     20.0,     59.0,  9, 10, 11,  9,      80262,      80262,      80262,      80262
30,    2528773,     20.0,     20.0,     20.0,     58.0,  9, 10, 11,  9,      80252,      80252,      80252,      80252
30,    2528781,     20.0,     20.0,     20.0,     58.0,  9, 10, 11,  9,      80252,      80252,      80252,      80252
30,      44390,     20.0,     20.0,     20.0,     59.0,  9, 10, 11,  9,      80292,      80292,      80292,      80292
30,      44389,     20.0,     20.0,     20.0,     59.0,  9, 10, 11,  9,      80292,      80292,      80292,      80292
30,      44398,     20.0,     20.0,     20.0,     59.0,  9, 10, 11,  9,      80304,      80304,      80304,      80304
30,      44416,     20.0,     20.0,     20.0,     59.0,  9, 10, 11,  9,      80330,      80330,      80330,      80330
30,      44418,     20.0,     20.0,     20.0,     59.0,  9, 10, 11,  9,      80333,      80333,      80333,      80333
30,      44423,     20.0,     20.0,     20.0,     59.0,  9, 10, 11,  9,      80342,      80342,      80342,      80342
30,      44422,     20.0,     20.0,     20.0,     59.0,  9, 10, 11,  9,      80340,      80340,      80340,      80340
30,      44426,     20.0,     20.0,     20.0,     59.0,  9, 10, 11,  9,      80347,      80347,      80347,      80347
30,      44425,     17.0,     17.0,     17.0,     49.0,  4,  5,  6,  4,      44425,      44425,      44425,      44425
30,    2537314,     20.0,     20.0,     20.0,     57.0,  4,  5,  6,  4,    2537314,    2537314,    2537314,    2537314
30,    2537322,     55.0,     56.0,     55.0,    163.0, 12, 10, 11, 11,    2381264,    2381264,    2381264,    2381264
30,    2537330,     56.0,     56.0,     56.0,    165.0,  9, 10, 12,  9,    2381267,    2381267,    2381267,    2381267
30,    2577849,     80.0,     80.0,     80.0,    245.0, 12, 12, 12, 10,    2401506,    2401506,    2401506,    2403561
30,    2577859,     79.0,     79.0,     79.0,    245.0, 12, 12, 12, 10,    2401506,    2401506,    2401506,    2401506
30,    2578099,     27.0,     27.0,     27.0,     80.0,  9, 12, 11,  9,      80388,      80388,      80388,      80388
30,    2578118,     27.0,     27.0,     27.0,     80.0,  9, 12, 11,  9,      80388,      80388,      80388,      80388
30,    2578129,     27.0,     27.0,     27.0,     80.0,  9, 12, 12,  9,      80388,      80388,      80388,      80388
30,    2450878,     27.0,     27.0,     27.0,     80.0,  9, 12, 12,  9,      80388,      80388,      80388,      80388
30,    2597366,     26.0,     26.0,     26.0,     77.0,  9, 10, 11,  9,      80648,      80648,      80648,      80648
31,    2579020,     77.0,     78.0,     79.0,    239.0, 12, 12, 12,  9,    2404125,    2404125,    2404125,    2404125
31,    2579038,     78.0,     79.0,     79.0,    237.0, 12, 12, 12,  9,    2404125,    2404125,    2404129,    2404129
31,    2579059,     27.0,     26.0,     26.0,     79.0,  9, 12, 12, 11,      80388,      80388,      80388,      80388
31,    2579067,     27.0,     26.0,     26.0,     79.0,  9, 12, 12, 11,      80388,      80388,      80388,      80388
31,    2579080,     26.0,     26.0,     25.0,     79.0, 12, 12, 12, 11,      80388,      80388,      80388,      80388
31,    2579088,     26.0,     26.0,     25.0,     79.0, 12, 12, 12, 10,      80388,      80388,      80388,      80388
31,    2579101,     26.0,     26.0,     25.0,     78.0, 12, 10, 12, 11,      80388,      80388,      80388,      80388
31,    2580517,     26.0,     26.0,     26.0,     77.0,  9, 10, 11,  9,      80648,      80648,      80648,      80648
31,    2450866,     27.0,     26.0,     26.0,     80.0,  9, 12, 12, 10,      80388,      80388,      80388,      80388
31,    2599986,     27.0,     27.0,     26.0,     80.0, 12, 10, 12, 11,      80388,      80388,      80388,      80388
31,    3214198,     27.0,     27.0,     26.0,     80.0, 12, 10, 12, 11,      80388,      80388,      80388,      80388
31,    2573886,     78.0,     79.0,     79.0,    244.0, 12, 12, 12, 10,    2401506,    2403563,    2401506,    2403563
31,      44399,     49.0,     49.0,     49.0,    139.0,  4,  5,  6,  6,      44398,      44398,      44398,      44398
31,    2577878,     42.0,     42.0,     41.0,    118.0,  4,  5,  6,  6,      44402,      44402,      44402,      44402
31,    2452324,     39.0,     39.0,     39.0,    112.0,  4,  5,  6,  4,    2452324,    2452324,    2452324,    2452324
31,    2575866,     69.0,     68.0,     69.0,    204.0,  9, 12, 11,  9,      80398,      80398,      80398,      80398
31,    2575874,     68.0,     68.0,     68.0,    203.0,  9, 10, 11,  9,      80398,      80398,      80398,      80398
31,    2575898,     69.0,     69.0,     69.0,    205.0,  9, 10, 11,  9,      80398,      80398,      80398,      80398
31,    2575929,     70.0,     70.0,     70.0,    206.0,  9, 10, 11,  9,      80398,      80398,      80398,      80398
31,    2575974,     71.0,     71.0,     71.0,    207.0,  9, 10, 11, 10,      80398,      80398,      80398,      80398
31,    2576338,     72.0,     72.0,     72.0,    208.0,  9, 10, 11, 10,      80398,      80398,      80398,      80398
31,    2576354,     72.0,     72.0,     72.0,    209.0,  9, 10, 11,  9,      80398,      80398,      80398,      80398
31,    2576367,     52.0,     52.0,     55.0,    164.0, 12, 12, 12, 10,      80365,      80365,      80365,      80365
31,    2576385,     52.0,     51.0,     54.0,    163.0, 12, 12, 12, 10,      80365,      80365,      80365,      80365
31,    2576393,     51.0,     51.0,     54.0,    163.0, 12, 12, 12, 10,      80365,      80365,      80365,      80365
31,    2576409,     51.0,     51.0,     53.0,    162.0, 12, 12, 12, 10,      80365,      80365,      80365,      80365
31,    2576417,     50.0,     50.0,     53.0,    161.0, 12, 12, 12, 10,      80365,      80365,      80365,      80365
31,    2451839,     20.0,     20.0,     20.0,     59.0,  9, 10, 11,  9,      80366,      80366,      80366,      80366
31,    2576473,     82.0,     81.0,     81.0,    239.0,  9, 10, 12,  9,    2402586,    2402586,    2402586,    2402586
31,    2576489,     39.0,     39.0,     39.0,    116.0,  9, 10, 11,  9,      80211,      80211,      80211,      80211
31,    2528661,     40.0,     40.0,     40.0,    118.0,  9, 10, 11,  9,      80211,      80211,      80211,      80211
31,    2528667,     20.0,     20.0,     20.0,     59.0,  9, 10, 11,  9,    2375138,    2375138,    2375138,    2375138
31,      44354,     20.0,     20.0,     20.0,     58.0,  9, 10, 11,  9,      80236,      80236,      80236,      80236
31,      44353,     20.0,     20.0,     20.0,     58.0,  9, 10, 11,  9,      80234,      80234,      80234,      80234
31,    2576556,     19.0,     19.0,     19.0,     58.0,  9, 10, 11,  9,    2402610,    2402610,    2402610,    2402610
31,    2576561,     27.0,     27.0,     27.0,     78.0,  9, 10, 11,  9,    2402611,    2402611,    2402611,    2402611
31,    2528688,     20.0,     20.0,     20.0,     59.0,  9, 10, 11,  9,      80224,      80224,      80224,      80224
31,    2528685,     20.0,     20.0,     20.0,     59.0,  9, 10, 11,  9,      80224,      80224,      80224,      80224
31,      44356,     20.0,     20.0,     20.0,     58.0,  9, 10, 11,  9,      80240,      80240,      80240,      80240
31,      44357,     62.0,     62.0,     62.0,    176.0,  4,  5,  6,  6,      44356,      44356,      44356,      44356
31,    2528723,     20.0,     20.0,     20.0,     59.0,  9, 10, 11,  9,    2375175,    2375175,    2375175,    2375175
31,      44368,     20.0,     20.0,     20.0,     59.0,  9, 10, 11,  9,      80259,      80259,      80259,      80259
31,      44367,     20.0,     20.0,     20.0,     59.0,  9, 10, 11,  9,      80257,      80257,      80257,      80257
31,    2528742,     20.0,     20.0,     20.0,     58.0,  9, 10, 11,  9,    2375186,    2375186,    2375186,    2375186
31,    2528747,     20.0,     20.0,     20.0,     58.0,  9, 10, 11,  9,    2375187,    2375187,    2375187,    2375187
31,      44386,     20.0,     20.0,     20.0,     59.0,  9, 10, 11,  9,      80263,      80263,      80263,      80263
31,      44370,     20.0,     20.0,     20.0,     59.0,  9, 10, 11,  9,      80262,      80262,      80262,      80262
31,    2528773,     20.0,     20.0,     20.0,     58.0,  9, 10, 11,  9,      80252,      80252,      80252,      80252
31,    2528781,     20.0,     20.0,     20.0,     58.0,  9, 10, 11,  9,      80252,      80252,      80252,      80252
31,      44390,     20.0,     20.0,     20.0,     59.0,  9, 10, 11,  9,      80292,      80292,      80292,      80292
31,      44389,     20.0,     20.0,     20.0,     59.0,  9, 10, 11,  9,      80292,      80292,      80292,      80292
31,      44398,     20.0,     20.0,     20.0,     59.0,  9, 10, 11,  9,      80304,      80304,      80304,      80304
31,      44416,     20.0,     20.0,     20.0,     59.0,  9, 10, 11,  9,      80330,      80330,      80330,      80330
31,      44418,     20.0,     20.0,     20.0,     59.0,  9, 10, 11,  9,      80333,      80333,      80333,      80333
31,      44423,     20.0,     20.0,     20.0,     59.0,  9, 10, 11,  9,      80342,      80342,      80342,      80342
31,      44422,     20.0,     20.0,     20.0,     59.0,  9, 10, 11,  9,      80340,      80340,      80340,      80340
31,      44426,     20.0,     20.0,     20.0,     59.0,  9, 10, 11,  9,      80347,      80347,      80347,      80347
31,      44425,     17.0,     17.0,     17.0,     49.0,  4,  5,  6,  4,      44425,      44425,      44425,      44425
31,    2537314,     20.0,     20.0,     20.0,     57.0,  4,  5,  6,  4,    2537314,    2537314,    2537314,    2537314
31,    2537322,     55.0,     56.0,     54.0,    163.0, 12, 10, 12, 11,    2381264,    2381264,    2381264,    2381264
31,    2537330,     55.0,     56.0,     56.0,    166.0, 12, 12, 12,  9,    2381267,    2381267,    2381267,    2381267
31,    2577849,     79.0,     80.0,     80.0,    246.0, 12, 12, 12,  9,    2401506,    2401506,    2401506,    2403561
31,    2577859,     78.0,     79.0,     79.0,    246.0, 12, 12, 12,  9,    2401506,    2401506,    2401506,    2401506
31,    2578099,     27.0,     27.0,     26.0,     80.0, 12, 12, 12, 11,      80388,      80388,      80388,      80388
31,    2578118,     27.0,     27.0,     26.0,     80.0, 12, 12, 12, 11,      80388,      80388,      80388,      80388
31,    2578129,     28.0,     27.0,     26.0,     80.0,  9, 12, 12, 11,      80388,      80388,      80388,      80388
31,    2450878,     28.0,     27.0,     26.0,     81.0,  9, 12, 12, 10,      80388,      80388,      80388,      80388
31,    2597366,     26.0,     26.0,     26.0,     77.0,  9, 10, 11,  9,      80648,      80648,      80648,      80648
32,    2579020,     77.0,     80.0,     78.0,    242.0, 12, 12, 12,  9,    2404125,    2404125,    2404125,    2404125
32,    2579038,     77.0,     80.0,     78.0,    238.0, 12, 12, 12,  9,    2404125,    2404125,    2404129,    2404129
32,    2579059,     27.0,     26.0,     26.0,     83.0, 12, 12, 12, 11,      80388,      80388,      80388,      80388
32,    2579067,     27.0,     26.0,     25.0,     83.0, 12, 12, 12, 10,      80388,      80388,      80388,      80388
32,    2579080,     27.0,     26.0,     25.0,     83.0, 12, 12, 12, 10,      80388,      80388,      80388,      80388
32,    2579088,     26.0,     26.0,     25.0,     82.0, 12, 12, 12, 11,      80388,      80388,      80388,      80388
32,    2579101,     26.0,     26.0,     25.0,     82.0, 12, 12, 12, 10,      80388,      80388,      80388,      80388
32,    2580517,     26.0,     26.0,     26.0,     77.0,  9, 10, 11,  9,      80648,      80648,      80648,      80648
32,    2450866,     27.0,     26.0,     26.0,     84.0, 12, 12, 12, 10,      80388,      80388,      80388,      80388
32,    2599986,     27.0,     27.0,     26.0,     84.0, 12, 12, 12, 10,      80388,      80388,      80388,      80388
32,    3214198,     27.0,     26.0,     26.0,     84.0, 12, 12, 12, 10,      80388,      80388,      80388,      80388
32,    2573886,     79.0,     78.0,     79.0,    244.0, 12, 12, 12, 10,    2401506,    2403563,    2401506,    2403563
32,      44399,     49.0,     49.0,     49.0,    140.0,  4,  5,  6,  4,      44398,      44398,      44398,      44398
32,    2577878,     42.0,     42.0,     42.0,    119.0,  4,  5,  6,  4,      44402,      44402,      44402,      44402
32,    2452324,     39.0,     39.0,     39.0,    112.0,  4,  5,  6,  5,    2452324,    2452324,    2452324,    2452324
32,    2575866,     69.0,     68.0,     69.0,    204.0,  9, 12, 11,  9,      80398,      80398,      80398,      80398
32,    2575874,     68.0,     68.0,     68.0,    203.0,  9, 10, 11,  9,      80398,      80398,      80398,      80398
32,    2575898,     69.0,     69.0,     69.0,    205.0,  9, 10, 11,  9,      80398,      80398,      80398,      80398
32,    2575929,     70.0,     70.0,     70.0,    206.0,  9, 10, 11,  9,      80398,      80398,      80398,      80398
32,    2575974,     71.0,     71.0,     71.0,    207.0,  9, 10, 11, 10,      80398,      80398,      80398,      80398
32,    2576338,     72.0,     72.0,     72.0,    208.0,  9, 10, 11, 10,      80398,      80398,      80398,      80398
32,    2576354,     72.0,     72.0,     72.0,    209.0,  9, 10, 11,  9,      80398,      80398,      80398,      80398
32,    2576367,     51.0,     52.0,     56.0,    168.0, 12, 12, 12,  9,      80365,      80365,      80365,      80365
32,    2576385,     50.0,     51.0,     55.0,    167.0, 12, 12, 12,  9,      80365,      80365,      80365,      80365
32,    2576393,     50.0,     51.0,     55.0,    166.0, 12, 12, 12,  9,      80365,      80365,      80365,      80365
32,    2576409,     49.0,     50.0,     55.0,    165.0, 12, 12, 12,  9,      80365,      80365,      80365,      80365
32,    2576417,     49.0,     50.0,     54.0,    165.0, 12, 12, 12,  9,      80365,      80365,      80365,      80365
32,    2451839,     19.0,     20.0,     20.0,     58.0, 12, 10, 11, 11,      80366,      80366,      80366,      80366
32,    2576473,     82.0,     81.0,     81.0,    239.0,  9, 10, 12,  9,    2402586,    2402586,    2402586,    2402586
32,    2576489,     39.0,     39.0,     39.0,    116.0,  9, 10, 11,  9,      80211,      80211,      80211,      80211
32,    2528661,     40.0,     40.0,     40.0,    118.0,  9, 10, 11,  9,      80211,      80211,      80211,      80211
32,    2528667,     20.0,     20.0,     20.0,     59.0,  9, 10, 11,  9,    2375138,    2375138,    2375138,    2375138
32,      44354,     20.0,     20.0,     20.0,     58.0,  9, 10, 11,  9,      80236,      80236,      80236,      80236
32,      44353,     20.0,     20.0,     20.0,     58.0,  9, 10, 11,  9,      80234,      80234,      80234,      80234
32,    2576556,     19.0,     19.0,     19.0,     58.0,  9, 10, 11,  9,    2402610,    2402610,    2402610,    2402610
32,    2576561,     27.0,     27.0,     27.0,     78.0,  9, 10, 11,  9,    2402611,    2402611,    2402611,    2402611
32,    2528688,     20.0,     20.0,     20.0,     59.0,  9, 10, 11,  9,      80224,      80224,      80224,      80224
32,    2528685,     20.0,     20.0,     20.0,     59.0,  9, 10, 11,  9,      80224,      80224,      80224,      80224
32,      44356,     20.0,     20.0,     20.0,     58.0,  9, 10, 11,  9,      80240,      80240,      80240,      80240
32,      44357,     62.0,     62.0,     62.0,    177.0,  4,  5,  6,  4,      44356,      44356,      44356,      44356
32,    2528723,     20.0,     20.0,     20.0,     59.0,  9, 10, 11,  9,    2375175,    2375175,    2375175,    2375175
32,      44368,     20.0,     20.0,     20.0,     59.0,  9, 10, 11,  9,      80259,      80259,      80259,      80259
32,      44367,     20.0,     20.0,     20.0,     59.0,  9, 10, 11,  9,      80257,      80257,      80257,      80257
32,    2528742,     20.0,     20.0,     20.0,     58.0,  9, 10, 11,  9,    2375186,    2375186,    2375186,    2375186
32,    2528747,     20.0,     20.0,     20.0,     58.0,  9, 10, 11,  9,    2375187,    2375187,    2375187,    2375187
32,      44386,     20.0,     20.0,     20.0,     59.0,  9, 10, 11,  9,      80263,      80263,      80263,      80263
32,      44370,     20.0,     20.0,     20.0,     59.0,  9, 10, 11,  9,      80262,      80262,      80262,      80262
32,    2528773,     20.0,     20.0,     20.0,     58.0,  9, 10, 11,  9,      80252,      80252,      80252,      80252
32,    2528781,     20.0,     20.0,     20.0,     58.0,  9, 10, 11,  9,      80252,      80252,      80252,      80252
32,      44390,     20.0,     20.0,     20.0,     59.0,  9, 10, 11,  9,      80292,      80292,      80292,      80292
32,      44389,     20.0,     20.0,     20.0,     59.0,  9, 10, 11,  9,      80292,      80292,      80292,      80292
32,      44398,     20.0,     20.0,     20.0,     59.0,  9, 10, 11,  9,      80304,      80304,      80304,      80304
32,      44416,     20.0,     20.0,     20.0,     59.0,  9, 10, 11,  9,      80330,      80330,      80330,      80330
32,      44418,     20.0,     20.0,     20.0,     59.0,  9, 10, 11,  9,      80333,      80333,      80333,      80333
32,      44423,     20.0,     20.0,     20.0,     59.0,  9, 10, 11,  9,      80342,      80342,      80342,      80342
32,      44422,     20.0,     20.0,     20.0,     59.0,  9, 10, 11,  9,      80340,      80340,      80340,      80340
32,      44426,     20.0,     20.0,     20.0,     59.0,  9, 10, 11,  9,      80347,      80347,      80347,      80347
32,      44425,     17.0,     17.0,     17.0,     49.0,  4,  5,  6,  4,      44425,      44425,      44425,      44425
32,    2537314,     20.0,     20.0,     20.0,     57.0,  4,  5,  6,  4,    2537314,    2537314,    2537314,    2537314
32,    2537322,     55.0,     55.0,     55.0,    163.0, 12, 12, 11, 11,    2381264,    2381264,    2381264,    2381264
32,    2537330,     56.0,     56.0,     56.0,    165.0, 12, 12, 12, 10,    2381267,    2381267,    2381267,    2381267
32,    2577849,     79.0,     79.0,     80.0,    245.0, 12, 12, 12, 10,    2401506,    2403561,    2401506,    2403561
32,    2577859,     78.0,     79.0,     79.0,    249.0, 12, 12, 12,  9,    2401506,    2401506,    2401506,    2401506
32,    2578099,     27.0,     27.0,     26.0,     84.0, 12, 12, 12, 10,      80388,      80388,      80388,      80388
32,    2578118,     27.0,     27.0,     26.0,     84.0, 12, 12, 12, 10,      80388,      80388,      80388,      80388
32,    2578129,     28.0,     27.0,     26.0,     84.0, 12, 12, 12, 11,      80388,      80388,      80388,      80388
32,    2450878,     28.0,     27.0,     26.0,     84.0, 12, 12, 12, 11,      80388,      80388,      80388,      80388
32,    2597366,     26.0,     26.0,     26.0,     77.0,  9, 10, 11,  9,      80648,      80648,      80648,      80648
33,    2579020,     78.0,     78.0,     78.0,    242.0, 12, 12, 12, 10,    2404125,    2404125,    2404125,    2404125
33,    2579038,     78.0,     78.0,     79.0,    237.0, 12, 12, 12,  9,    2404129,    2404125,    2404125,    2404129
33,    2579059,     26.0,     27.0,     26.0,     80.0, 12, 12, 12,  9,      80388,      80388,      80388,      80388
33,    2579067,     25.0,     27.0,     26.0,     80.0, 12, 12, 12,  9,      80388,      80388,      80388,      80388
33,    2579080,     25.0,     27.0,     26.0,     79.0, 12, 12, 12,  9,      80388,      80388,      80388,      80388
33,    2579088,     25.0,     27.0,     26.0,     79.0, 12, 12, 12,  9,      80388,      80388,      80388,      80388
33,    2579101,     25.0,     26.0,     25.0,     79.0, 12, 12, 12,  9,      80388,      80388,      80388,      80388
33,    2580517,     26.0,     26.0,     26.0,     77.0,  9, 10, 11,  9,      80648,      80648,      80648,      80648
33,    2450866,     26.0,     27.0,     26.0,     80.0, 12, 12, 12,  9,      80388,      80388,      80388,      80388
33,    2599986,     26.0,     27.0,     26.0,     80.0, 12, 12, 12,  9,      80388,      80388,      80388,      80388
33,    3214198,     26.0,     27.0,     26.0,     80.0, 12, 12, 12,  9,      80388,      80388,      80388,      80388
33,    2573886,     78.0,     77.0,     81.0,    246.0, 12, 12, 12, 10,    2401506,    2403563,    2401506,    2403563
33,      44399,     49.0,     49.0,     49.0,    140.0,  4,  5,  6,  4,      44398,      44398,      44398,      44398
33,    2577878,     42.0,     42.0,     42.0,    119.0,  4,  5,  6,  4,      44402,      44402,      44402,      44402
33,    2452324,     39.0,     40.0,     39.0,    112.0,  4,  5,  6,  6,    2452324,    2452324,    2452324,    2452324
33,    2575866,     69.0,     68.0,     69.0,    204.0,  9, 12, 11,  9,      80398,      80398,      80398,      80398
33,    2575874,     68.0,     68.0,     68.0,    203.0,  9, 10, 11,  9,      80398,      80398,      80398,      80398
33,    2575898,     69.0,     69.0,     69.0,    205.0,  9, 10, 11,  9,      80398,      80398,      80398,      80398
33,    2575929,     70.0,     70.0,     70.0,    206.0,  9, 10, 11,  9,      80398,      80398,      80398,      80398
33,    2575974,     71.0,     71.0,     71.0,    207.0,  9, 10, 11, 10,      80398,      80398,      80398,      80398
33,    2576338,     72.0,     72.0,     72.0,    208.0,  9, 10, 11, 10,      80398,      80398,      80398,      80398
33,    2576354,     72.0,     72.0,     72.0,    209.0,  9, 10, 11,  9,      80398,      80398,      80398,      80398
33,    2576367,     52.0,     51.0,     56.0,    171.0, 12, 12, 12, 10,      80365,      80365,      80365,      80365
33,    2576385,     51.0,     50.0,     55.0,    170.0, 12, 12, 12, 10,      80365,      80365,      80365,      80365
33,    2576393,     51.0,     50.0,     55.0,    169.0, 12, 12, 12, 10,      80365,      80365,      80365,      80365
33,    2576409,     50.0,     49.0,     55.0,    168.0, 12, 12, 12, 10,      80365,      80365,      80365,      80365
33,    2576417,     50.0,     49.0,     54.0,    168.0, 12, 12, 12, 10,      80365,      80365,      80365,      80365
33,    2451839,     20.0,     20.0,     20.0,     58.0,  9, 10, 11, 11,      80366,      80366,      80366,      80366
33,    2576473,     82.0,     81.0,     81.0,    239.0,  9, 10, 12,  9,    2402586,    2402586,    2402586,    2402586
33,    2576489,     39.0,     39.0,     39.0,    116.0,  9, 10, 11,  9,      80211,      80211,      80211,      80211
33,    2528661,     40.0,     40.0,     40.0,    118.0,  9, 10, 11,  9,      80211,      80211,      80211,      80211
33,    2528667,     20.0,     20.0,     20.0,     59.0,  9, 10, 11,  9,    2375138,    2375138,    2375138,    2375138
33,      44354,     20.0,     20.0,     20.0,     58.0,  9, 10, 11,  9,      80236,      80236,      80236,      80236
33,      44353,     20.0,     20.0,     20.0,     58.0,  9, 10, 11,  9,      80234,      80234,      80234,      80234
33,    2576556,     19.0,     19.0,     19.0,     58.0,  9, 10, 11,  9,    2402610,    2402610,    2402610,    2402610
33,    2576561,     27.0,     27.0,     27.0,     78.0,  9, 10, 11,  9,    2402611,    2402611,    2402611,    2402611
33,    2528688,     20.0,     20.0,     20.0,     59.0,  9, 10, 11,  9,      80224,      80224,      80224,      80224
33,    2528685,     20.0,     20.0,     20.0,     59.0,  9, 10, 11,  9,      80224,      80224,      80224,      80224
33,      44356,     20.0,     20.0,     20.0,     58.0,  9, 10, 11,  9,      80240,      80240,      80240,      80240
33,      44357,     62.0,     63.0,     62.0,    177.0,  4,  5,  6,  4,      44356,      44356,      44356,      44356
33,    2528723,     20.0,     20.0,     20.0,     59.0,  9, 10, 11,  9,    2375175,    2375175,    2375175,    2375175
33,      44368,     20.0,     20.0,     20.0,     59.0,  9, 10, 11,  9,      80259,      80259,      80259,      80259
33,      44367,     20.0,     20.0,     20.0,     59.0,  9, 10, 11,  9,      80257,      80257,      80257,      80257
33,    2528742,     20.0,     20.0,     20.0,     58.0,  9, 10, 11,  9,    2375186,    2375186,    2375186,    2375186
33,    2528747,     20.0,     20.0,     20.0,     58.0,  9, 10, 11,  9,    2375187,    2375187,    2375187,    2375187
33,      44386,     20.0,     20.0,     20.0,     59.0,  9, 10, 11,  9,      80263,      80263,      80263,      80263
33,      44370,     20.0,     20.0,     20.0,     59.0,  9, 10, 11,  9,      80262,      80262,      80262,      80262
33,    2528773,     20.0,     20.0,     20.0,     58.0,  9, 10, 11,  9,      80252,      80252,      80252,      80252
33,    2528781,     20.0,     20.0,     20.0,     58.0,  9, 10, 11,  9,      80252,      80252,      80252,      80252
33,      44390,     20.0,     20.0,     20.0,     59.0,  9, 10, 11,  9,      80292,      80292,      80292,      80292
33,      44389,     20.0,     20.0,     20.0,     59.0,  9, 10, 11,  9,      80292,      80292,      80292,      80292
33,      44398,     20.0,     20.0,     20.0,     59.0,  9, 10, 11,  9,      80304,      80304,      80304,      80304
33,      44416,     20.0,     20.0,     20.0,     59.0,  9, 10, 11,  9,      80330,      80330,      80330,      80330
33,      44418,     20.0,     20.0,     20.0,     59.0,  9, 10, 11,  9,      80333,      80333,      80333,      80333
33,      44423,     20.0,     20.0,     20.0,     59.0,  9, 10, 11,  9,      80342,      80342,      80342,      80342
33,      44422,     20.0,     20.0,     20.0,     59.0,  9, 10, 11,  9,      80340,      80340,      80340,      80340
33,      44426,     20.0,     20.0,     20.0,     59.0,  9, 10, 11,  9,      80347,      80347,      80347,      80347
33,      44425,     17.0,     17.0,     17.0,     49.0,  4,  5,  6,  4,      44425,      44425,      44425,      44425
33,    2537314,     20.0,     20.0,     20.0,     57.0,  4,  5,  6,  6,    2537314,    2537314,    2537314,    2537314
33,    2537322,     55.0,     55.0,     55.0,    165.0, 12, 12, 12,  9,    2381264,    2381264,    2381264,    2381264
33,    2537330,     56.0,     56.0,     56.0,    166.0, 12, 12, 12,  9,    2381267,    2381267,    2381267,    2381267
33,    2577849,     78.0,     78.0,     82.0,    247.0, 12, 12, 12, 10,    2401506,    2403561,    2401506,    2403561
33,    2577859,     77.0,     78.0,     81.0,    250.0, 12, 12, 12,  9,    2401506,    2401506,    2401506,    2401506
33,    2578099,     26.0,     28.0,     26.0,     81.0, 12, 12, 12,  9,      80388,      80388,      80388,      80388
33,    2578118,     26.0,     28.0,     26.0,     81.0, 12, 12, 12,  9,      80388,      80388,      80388,      80388
33,    2578129,     26.0,     28.0,     27.0,     81.0, 12, 12, 12,  9,      80388,      80388,      80388,      80388
33,    2450878,     26.0,     28.0,     27.0,     81.0, 12, 12, 12,  9,      80388,      80388,      80388,      80388
33,    2597366,     26.0,     26.0,     26.0,     77.0,  9, 10, 11,  9,      80648,      80648,      80648,      80648
34,    2579020,     78.0,     77.0,     79.0,    241.0, 12, 12, 12, 10,    2404125,    2404125,    2404125,    2404125
34,    2579038,     79.0,     78.0,     79.0,    237.0, 12, 12, 12,  9,    2404125,    2404125,    2404129,    2404129
34,    2579059,     24.0,     28.0,     26.0,     79.0, 12, 12, 12,  9,      80388,      80388,      80388,      80388
34,    2579067,     24.0,     28.0,     26.0,     79.0, 12, 12, 12,  9,      80388,      80388,      80388,      80388
34,    2579080,     24.0,     28.0,     26.0,     78.0, 12, 12, 12,  9,      80388,      80388,      80388,      80388
34,    2579088,     24.0,     28.0,     26.0,     78.0, 12, 10, 11,  9,      80388,      80388,      80388,      80388
34,    2579101,     24.0,     27.0,     25.0,     78.0, 12, 12, 12,  9,      80388,      80388,      80388,      80388
34,    2580517,     26.0,     26.0,     26.0,     77.0,  9, 10, 11,  9,      80648,      80648,      80648,      80648
34,    2450866,     25.0,     28.0,     26.0,     79.0, 12, 12, 12,  9,      80388,      80388,      80388,      80388
34,    2599986,     25.0,     28.0,     26.0,     79.0, 12, 12, 12,  9,      80388,      80388,      80388,      80388
34,    3214198,     25.0,     28.0,     26.0,     79.0, 12, 12, 12,  9,      80388,      80388,      80388,      80388
34,    2573886,     79.0,     78.0,     80.0,    246.0, 12, 12, 12, 10,    2401506,    2403563,    2401506,    2403563
34,      44399,     49.0,     49.0,     49.0,    139.0,  4,  5,  6,  6,      44398,      44398,      44398,      44398
34,    2577878,     42.0,     42.0,     42.0,    119.0,  4,  5,  6,  4,      44402,      44402,      44402,      44402
34,    2452324,     40.0,     40.0,     39.0,    112.0,  4,  5,  6,  6,    2452324,    2452324,    2452324,    2452324
34,    2575866,     69.0,     68.0,     69.0,    204.0,  9, 12, 11,  9,      80398,      80398,      80398,      80398
34,    2575874,     68.0,     68.0,     68.0,    203.0,  9, 10, 11,  9,      80398,      80398,      80398,      80398
34,    2575898,     70.0,     69.0,     69.0,    205.0,  9, 10, 11,  9,      80398,      80398,      80398,      80398
34,    2575929,     70.0,     70.0,     70.0,    206.0,  9, 10, 11, 10,      80398,      80398,      80398,      80398
34,    2575974,     71.0,     71.0,     71.0,    207.0,  9, 10, 11, 10,      80398,      80398,      80398,      80398
34,    2576338,     72.0,     71.0,     72.0,    208.0,  9, 12, 11, 10,      80398,      80398,      80398,      80398
34,    2576354,     72.0,     72.0,     72.0,    209.0,  9, 10, 11, 10,      80398,      80398,      80398,      80398
34,    2576367,     48.0,     53.0,     57.0,    168.0, 12, 12, 12,  9,      80365,      80365,      80365,      80365
34,    2576385,     47.0,     52.0,     57.0,    167.0, 12, 12, 12,  9,      80365,      80365,      80365,      80365
34,    2576393,     47.0,     52.0,     56.0,    167.0, 12, 12, 12,  9,      80365,      80365,      80365,      80365
34,    2576409,     47.0,     52.0,     56.0,    166.0, 12, 12, 12,  9,      80365,      80365,      80365,      80365
34,    2576417,     46.0,     51.0,     55.0,    165.0, 12, 12, 12,  9,      80365,      80365,      80365,      80365
34,    2451839,     20.0,     20.0,     20.0,     58.0,  9, 10, 11, 11,      80366,      80366,      80366,      80366
34,    2576473,     82.0,     81.0,     81.0,    239.0,  9, 10, 12,  9,    2402586,    2402586,    2402586,    2402586
34,    2576489,     39.0,     39.0,     39.0,    116.0,  9, 10, 11,  9,      80211,      80211,      80211,      80211
34,    2528661,     40.0,     40.0,     40.0,    117.0,  9, 10, 11,  9,      80211,      80211,      80211,      80211
34,    2528667,     20.0,     20.0,     20.0,     59.0,  9, 10, 11,  9,    2375138,    2375138,    2375138,    2375138
34,      44354,     20.0,     20.0,     20.0,     58.0,  9, 10, 11,  9,      80236,      80236,      80236,      80236
34,      44353,     20.0,     20.0,     20.0,     58.0,  9, 10, 11,  9,      80234,      80234,      80234,      80234
34,    2576556,     19.0,     19.0,     19.0,     58.0,  9, 10, 11,  9,    2402610,    2402610,    2402610,    2402610
34,    2576561,     27.0,     27.0,     27.0,     78.0,  9, 10, 11,  9,    2402611,    2402611,    2402611,    2402611
34,    2528688,     20.0,     20.0,     20.0,     59.0,  9, 10, 11,  9,      80224,      80224,      80224,      80224
34,    2528685,     20.0,     20.0,     20.0,     59.0,  9, 10, 11,  9,      80224,      80224,      80224,      80224
34,      44356,     20.0,     20.0,     20.0,     58.0,  9, 10, 11,  9,      80240,      80240,      80240,      80240
34,      44357,     63.0,     63.0,     62.0,    176.0,  4,  5,  6,  6,      44356,      44356,      44356,      44356
34,    2528723,     20.0,     20.0,     20.0,     59.0,  9, 10, 11,  9,    2375175,    2375175,    2375175,    2375175
34,      44368,     20.0,     20.0,     20.0,     59.0,  9, 10, 11,  9,      80259,      80259,      80259,      80259
34,      44367,     20.0,     20.0,     20.0,     59.0,  9, 10, 11,  9,      80257,      80257,      80257,      80257
34,    2528742,     20.0,     20.0,     20.0,     58.0,  9, 10, 11,  9,    2375186,    2375186,    2375186,    2375186
34,    2528747,     20.0,     20.0,     20.0,     58.0,  9, 10, 11,  9,    2375187,    2375187,    2375187,    2375187
34,      44386,     20.0,     20.0,     20.0,     59.0,  9, 10, 11,  9,      80263,      80263,      80263,      80263
34,      44370,     20.0,     20.0,     20.0,     59.0,  9, 10, 11,  9,      80262,      80262,      80262,      80262
34,    2528773,     20.0,     20.0,     20.0,     58.0,  9, 10, 11,  9,      80252,      80252,      80252,      80252
34,    2528781,     20.0,     20.0,     20.0,     58.0,  9, 10, 11,  9,      80252,      80252,      80252,      80252
34,      44390,     20.0,     20.0,     20.0,     59.0,  9, 10, 11,  9,      80292,      80292,      80292,      80292
34,      44389,     20.0,     20.0,     20.0,     59.0,  9, 10, 11,  9,      80292,      80292,      80292,      80292
34,      44398,     20.0,     20.0,     20.0,     59.0,  9, 10, 11,  9,      80304,      80304,      80304,      80304
34,      44416,     20.0,     20.0,     20.0,     59.0,  9, 10, 11,  9,      80330,      80330,      80330,      80330
34,      44418,     20.0,     20.0,     20.0,     59.0,  9, 10, 11,  9,      80333,      80333,      80333,      80333
34,      44423,     20.0,     20.0,     20.0,     59.0,  9, 10, 11,  9,      80342,      80342,      80342,      80342
34,      44422,     20.0,     20.0,     20.0,     59.0,  9, 10, 11,  9,      80340,      80340,      80340,      80340
34,      44426,     20.0,     20.0,     20.0,     59.0,  9, 10, 11,  9,      80347,      80347,      80347,      80347
34,      44425,     17.0,     17.0,     17.0,     49.0,  4,  5,  6,  4,      44425,      44425,      44425,      44425
34,    2537314,     20.0,     20.0,     20.0,     57.0,  4,  5,  6,  6,    2537314,    2537314,    2537314,    2537314
34,    2537322,     55.0,     56.0,     55.0,    165.0, 12, 10, 12,  9,    2381264,    2381264,    2381264,    2381264
34,    2537330,     55.0,     55.0,     57.0,    165.0, 12, 12, 12, 10,    2381267,    2381267,    2381267,    2381267
34,    2577849,     79.0,     79.0,     80.0,    248.0, 12, 12, 12, 10,    2401506,    2401506,    2401506,    2403561
34,    2577859,     79.0,     78.0,     80.0,    249.0, 12, 12, 12, 10,    2401506,    2401506,    2401506,    2401506
34,    2578099,     25.0,     29.0,     27.0,     80.0, 12, 12, 11,  9,      80388,      80388,      80388,      80388
34,    2578118,     25.0,     29.0,     27.0,     80.0, 12, 12, 11,  9,      80388,      80388,      80388,      80388
34,    2578129,     25.0,     29.0,     27.0,     80.0, 12, 12, 12,  9,      80388,      80388,      80388,      80388
34,    2450878,     25.0,     29.0,     27.0,     80.0, 12, 12, 12,  9,      80388,      80388,      80388,      80388
34,    2597366,     26.0,     26.0,     26.0,     77.0,  9, 10, 11,  9,      80648,      80648,      80648,      80648
35,    2579020,     79.0,     77.0,     78.0,    245.0, 12, 12, 12, 10,    2404125,    2404125,    2404125,    2404125
35,    2579038,     79.0,     78.0,     78.0,    237.0, 12, 12, 12, 11,    2404129,    2404125,    2404129,    2404129
35,    2579059,     27.0,     26.0,     26.0,     80.0, 12, 12, 12, 11,      80388,      80388,      80388,      80388
35,    2579067,     27.0,     26.0,     26.0,     80.0,  9, 12, 12, 11,      80388,      80388,      80388,      80388
35,    2579080,     27.0,     26.0,     25.0,     79.0,  9, 12, 12, 11,      80388,      80388,      80388,      80388
35,    2579088,     27.0,     25.0,     25.0,     79.0,  9, 12, 12, 11,      80388,      80388,      80388,      80388
35,    2579101,     26.0,     25.0,     25.0,     79.0, 12, 12, 12, 11,      80388,      80388,      80388,      80388
35,    2580517,     26.0,     26.0,     26.0,     77.0,  9, 10, 11,  9,      80648,      80648,      80648,      80648
35,    2450866,     27.0,     26.0,     26.0,     80.0, 12, 12, 12, 11,      80388,      80388,      80388,      80388
35,    2599986,     27.0,     26.0,     26.0,     81.0, 12, 12, 12, 11,      80388,      80388,      80388,      80388
35,    3214198,     27.0,     26.0,     26.0,     80.0, 12, 12, 12, 11,      80388,      80388,      80388,      80388
35,    2573886,     79.0,     78.0,     78.0,    247.0, 12, 12, 12, 10,    2401506,    2403563,    2401506,    2403563
35,      44399,     50.0,     50.0,     50.0,    141.0,  4,  5,  6,  4,      44398,      44398,      44398,      44398
35,    2577878,     42.0,     42.0,     42.0,    120.0,  4,  5,  6,  4,      44402,      44402,      44402,      44402
35,    2452324,     40.0,     40.0,     40.0,    113.0,  4,  5,  6,  5,    2452324,    2452324,    2452324,    2452324
35,    2575866,     69.0,     68.0,     69.0,    204.0,  9, 12, 11,  9,      80398,      80398,      80398,      80398
35,    2575874,     68.0,     68.0,     68.0,    202.0,  9, 10, 11, 10,      80398,      80398,      80398,      80398
35,    2575898,     69.0,     69.0,     69.0,    205.0,  9, 10, 11,  9,      80398,      80398,      80398,      80398
35,    2575929,     70.0,     70.0,     70.0,    206.0,  9, 10, 11,  9,      80398,      80398,      80398,      80398
35,    2575974,     71.0,     71.0,     71.0,    207.0,  9, 10, 11,  9,      80398,      80398,      80398,      80398
35,    2576338,     72.0,     72.0,     72.0,    208.0,  9, 10, 11,  9,      80398,      80398,      80398,      80398
35,    2576354,     72.0,     72.0,     72.0,    209.0,  9, 10, 11,  9,      80398,      80398,      80398,      80398
35,    2576367,     49.0,     52.0,     57.0,    170.0, 12, 12, 12,  9,      80365,      80365,      80365,      80365
35,    2576385,     49.0,     52.0,     56.0,    169.0, 12, 12, 12,  9,      80365,      80365,      80365,      80365
35,    2576393,     48.0,     51.0,     56.0,    168.0, 12, 12, 12,  9,      80365,      80365,      80365,      80365
35,    2576409,     48.0,     51.0,     55.0,    167.0, 12, 12, 12,  9,      80365,      80365,      80365,      80365
35,    2576417,     48.0,     51.0,     55.0,    167.0, 12, 12, 12,  9,      80365,      80365,      80365,      80365
35,    2451839,     20.0,     20.0,     20.0,     58.0,  9, 10, 11, 11,      80366,      80366,      80366,      80366
35,    2576473,     82.0,     81.0,     81.0,    238.0,  9, 10, 12, 10,    2402586,    2402586,    2402586,    2402586
35,    2576489,     39.0,     39.0,     39.0,    116.0,  9, 10, 11,  9,      80211,      80211,      80211,      80211
35,    2528661,     40.0,     40.0,     40.0,    117.0,  9, 10, 11,  9,      80211,      80211,      80211,      80211
35,    2528667,     20.0,     20.0,     20.0,     59.0,  9, 10, 11,  9,    2375138,    2375138,    2375138,    2375138
35,      44354,     20.0,     20.0,     20.0,     58.0,  9, 10, 11,  9,      80236,      80236,      80236,      80236
35,      44353,     20.0,     20.0,     20.0,     58.0,  9, 10, 11,  9,      80234,      80234,      80234,      80234
35,    2576556,     19.0,     19.0,     19.0,     58.0,  9, 10, 11,  9,    2402610,    2402610,    2402610,    2402610
35,    2576561,     27.0,     27.0,     27.0,     78.0,  9, 10, 11,  9,    2402611,    2402611,    2402611,    2402611
35,    2528688,     20.0,     20.0,     20.0,     59.0,  9, 10, 11,  9,      80224,      80224,      80224,      80224
35,    2528685,     20.0,     20.0,     20.0,     59.0,  9, 10, 11,  9,      80224,      80224,      80224,      80224
35,      44356,     20.0,     20.0,     20.0,     58.0,  9, 10, 11,  9,      80240,      80240,      80240,      80240
35,      44357,     63.0,     63.0,     63.0,    178.0,  4,  5,  6,  5,      44356,      44356,      44356,      44356
35,    2528723,     20.0,     20.0,     20.0,     59.0,  9, 10, 11,  9,    2375175,    2375175,    2375175,    2375175
35,      44368,     20.0,     20.0,     20.0,     59.0,  9, 10, 11,  9,      80259,      80259,      80259,      80259
35,      44367,     20.0,     20.0,     20.0,     59.0,  9, 10, 11,  9,      80257,      80257,      80257,      80257
35,    2528742,     20.0,     20.0,     20.0,     58.0,  9, 10, 11,  9,    2375186,    2375186,    2375186,    2375186
35,    2528747,     20.0,     20.0,     20.0,     58.0,  9, 10, 11,  9,    2375187,    2375187,    2375187,    2375187
35,      44386,     20.0,     20.0,     20.0,     59.0,  9, 10, 11,  9,      80263,      80263,      80263,      80263
35,      44370,     20.0,     20.0,     20.0,     59.0,  9, 10, 11,  9,      80262,      80262,      80262,      80262
35,    2528773,     20.0,     20.0,     20.0,     58.0,  9, 10, 11,  9,      80252,      80252,      80252,      80252
35,    2528781,     20.0,     20.0,     20.0,     58.0,  9, 10, 11,  9,      80252,      80252,      80252,      80252
35,      44390,     20.0,     20.0,     20.0,     59.0,  9, 10, 11,  9,      80292,      80292,      80292,      80292
35,      44389,     20.0,     20.0,     20.0,     59.0,  9, 10, 11,  9,      80292,      80292,      80292,      80292
35,      44398,     20.0,     20.0,     20.0,     58.0,  9, 10, 11,  9,      80304,      80304,      80304,      80304
35,      44416,     20.0,     20.0,     20.0,     59.0,  9, 10, 11,  9,      80330,      80330,      80330,      80330
35,      44418,     20.0,     20.0,     20.0,     59.0,  9, 10, 11,  9,      80333,      80333,      80333,      80333
35,      44423,     20.0,     20.0,     20.0,     59.0,  9, 10, 11,  9,      80342,      80342,      80342,      80342
35,      44422,     20.0,     20.0,     20.0,     59.0,  9, 10, 11,  9,      80340,      80340,      80340,      80340
35,      44426,     20.0,     20.0,     20.0,     59.0,  9, 10, 11,  9,      80347,      80347,      80347,      80347
35,      44425,     17.0,     17.0,     17.0,     49.0,  4,  5,  6,  4,      44425,      44425,      44425,      44425
35,    2537314,     20.0,     20.0,     20.0,     58.0,  4,  5,  6,  4,    2537314,    2537314,    2537314,    2537314
35,    2537322,     56.0,     55.0,     54.0,    163.0,  9, 12, 12, 11,    2381264,    2381264,    2381264,    2381264
35,    2537330,     55.0,     55.0,     56.0,    168.0, 12, 12, 12,  9,    2381267,    2381267,    2381267,    2381267
35,    2577849,     80.0,     79.0,     79.0,    248.0, 12, 12, 12, 10,    2401506,    2403561,    2401506,    2403561
35,    2577859,     79.0,     79.0,     78.0,    253.0, 12, 12, 12, 11,    2401506,    2401506,    2401506,    2401506
35,    2578099,     27.0,     26.0,     26.0,     81.0, 12, 12, 12, 11,      80388,      80388,      80388,      80388
35,    2578118,     28.0,     26.0,     26.0,     81.0,  9, 12, 12, 11,      80388,      80388,      80388,      80388
35,    2578129,     28.0,     27.0,     26.0,     81.0,  9, 12, 12, 11,      80388,      80388,      80388,      80388
35,    2450878,     28.0,     27.0,     26.0,     81.0,  9, 12, 12, 11,      80388,      80388,      80388,      80388
35,    2597366,     26.0,     26.0,     26.0,     77.0,  9, 10, 11,  9,      80648,      80648,      80648,      80648
36,    2579020,     78.0,     78.0,     78.0,    243.0, 12, 12, 12,  9,    2404125,    2404125,    2404125,    2404125
36,    2579038,     79.0,     78.0,     78.0,    237.0, 12, 12, 12, 11,    2404125,    2404125,    2404129,    2404129
36,    2579059,     27.0,     26.0,     25.0,     79.0, 12, 12, 12, 11,      80388,      80388,      80388,      80388
36,    2579067,     27.0,     26.0,     25.0,     79.0,  9, 12, 12, 11,      80388,      80388,      80388,      80388
36,    2579080,     27.0,     26.0,     25.0,     79.0,  9, 12, 12, 11,      80388,      80388,      80388,      80388
36,    2579088,     27.0,     26.0,     25.0,     79.0,  9, 12, 12, 11,      80388,      80388,      80388,      80388
36,    2579101,     26.0,     26.0,     25.0,     78.0, 12, 12, 12, 11,      80388,      80388,      80388,      80388
36,    2580517,     26.0,     26.0,     26.0,     77.0,  9, 10, 11,  9,      80648,      80648,      80648,      80648
36,    2450866,     27.0,     27.0,     26.0,     80.0, 12, 12, 12, 11,      80388,      80388,      80388,      80388
36,    2599986,     27.0,     27.0,     26.0,     80.0, 12, 12, 12, 11,      80388,      80388,      80388,      80388
36,    3214198,     27.0,     27.0,     26.0,     80.0, 12, 12, 12, 11,      80388,      80388,      80388,      80388
36,    2573886,     79.0,     79.0,     78.0,    250.0, 12, 12, 12, 10,    2401506,    2401506,    2401506,    2403563
36,      44399,     49.0,     49.0,     49.0,    140.0,  4,  5,  6,  4,      44398,      44398,      44398,      44398
36,    2577878,     42.0,     42.0,     42.0,    119.0,  4,  5,  6,  4,      44402,      44402,      44402,      44402
36,    2452324,     39.0,     39.0,     39.0,    112.0,  4,  5,  6,  6,    2452324,    2452324,    2452324,    2452324
36,    2575866,     69.0,     68.0,     69.0,    204.0,  9, 12, 11,  9,      80398,      80398,      80398,      80398
36,    2575874,     68.0,     68.0,     68.0,    203.0,  9, 10, 11,  9,      80398,      80398,      80398,      80398
36,    2575898,     69.0,     69.0,     69.0,    205.0,  9, 10, 11,  9,      80398,      80398,      80398,      80398
36,    2575929,     70.0,     70.0,     70.0,    206.0,  9, 10, 11,  9,      80398,      80398,      80398,      80398
36,    2575974,     71.0,     71.0,     71.0,    207.0,  9, 10, 11, 10,      80398,      80398,      80398,      80398
36,    2576338,     72.0,     72.0,     72.0,    208.0,  9, 10, 11,  9,      80398,      80398,      80398,      80398
36,    2576354,     72.0,     72.0,     72.0,    209.0,  9, 10, 11,  9,      80398,      80398,      80398,      80398
36,    2576367,     51.0,     54.0,     54.0,    172.0, 12, 12, 12,  9,      80365,      80365,      80365,      80365
36,    2576385,     51.0,     53.0,     53.0,    171.0, 12, 12, 12,  9,      80365,      80365,      80365,      80365
36,    2576393,     51.0,     53.0,     53.0,    171.0, 12, 12, 12,  9,      80365,      80365,      80365,      80365
36,    2576409,     50.0,     52.0,     52.0,    170.0, 12, 12, 12,  9,      80365,      80365,      80365,      80365
36,    2576417,     50.0,     52.0,     52.0,    169.0, 12, 12, 12,  9,      80365,      80365,      80365,      80365
36,    2451839,     20.0,     20.0,     20.0,     58.0,  9, 10, 11, 11,      80366,      80366,      80366,      80366
36,    2576473,     82.0,     81.0,     81.0,    239.0,  9, 10, 12,  9,    2402586,    2402586,    2402586,    2402586
36,    2576489,     39.0,     39.0,     39.0,    116.0,  9, 10, 11,  9,      80211,      80211,      80211,      80211
36,    2528661,     40.0,     40.0,     40.0,    117.0,  9, 10, 11,  9,      80211,      80211,      80211,      80211
36,    2528667,     20.0,     20.0,     20.0,     59.0,  9, 10, 11,  9,    2375138,    2375138,    2375138,    2375138
36,      44354,     20.0,     20.0,     20.0,     58.0,  9, 10, 11,  9,      80236,      80236,      80236,      80236
36,      44353,     20.0,     20.0,     20.0,     58.0,  9, 10, 11,  9,      80234,      80234,      80234,      80234
36,    2576556,     19.0,     19.0,     19.0,     58.0,  9, 10, 11,  9,    2402610,    2402610,    2402610,    2402610
36,    2576561,     27.0,     27.0,     27.0,     78.0,  9, 10, 11,  9,    2402611,    2402611,    2402611,    2402611
36,    2528688,     20.0,     20.0,     20.0,     59.0,  9, 10, 11,  9,      80224,      80224,      80224,      80224
36,    2528685,     20.0,     20.0,     20.0,     59.0,  9, 10, 11,  9,      80224,      80224,      80224,      80224
36,      44356,     20.0,     20.0,     20.0,     58.0,  9, 10, 11,  9,      80240,      80240,      80240,      80240
36,      44357,     63.0,     63.0,     62.0,    177.0,  4,  5,  6,  6,      44356,      44356,      44356,      44356
36,    2528723,     20.0,     20.0,     20.0,     59.0,  9, 10, 11,  9,    2375175,    2375175,    2375175,    2375175
36,      44368,     20.0,     20.0,     20.0,     59.0,  9, 10, 11,  9,      80259,      80259,      80259,      80259
36,      44367,     20.0,     20.0,     20.0,     59.0,  9, 10, 11,  9,      80257,      80257,      80257,      80257
36,    2528742,     20.0,     20.0,     20.0,     58.0,  9, 10, 11,  9,    2375186,    2375186,    2375186,    2375186
36,    2528747,     20.0,     20.0,     20.0,     58.0,  9, 10, 11,  9,    2375187,    2375187,    2375187,    2375187
36,      44386,     20.0,     20.0,     20.0,     59.0,  9, 10, 11,  9,      80263,      80263,      80263,      80263
36,      44370,     20.0,     20.0,     20.0,     59.0,  9, 10, 11,  9,      80262,      80262,      80262,      80262
36,    2528773,     20.0,     20.0,     20.0,     58.0,  9, 10, 11,  9,      80252,      80252,      80252,      80252
36,    2528781,     20.0,     20.0,     20.0,     58.0,  9, 10, 11,  9,      80252,      80252,      80252,      80252
36,      44390,     20.0,     20.0,     20.0,     59.0,  9, 10, 11,  9,      80292,      80292,      80292,      80292
36,      44389,     20.0,     20.0,     20.0,     59.0,  9, 10, 11,  9,      80292,      80292,      80292,      80292
36,      44398,     20.0,     20.0,     20.0,     59.0,  9, 10, 11,  9,      80304,      80304,      80304,      80304
36,      44416,     20.0,     20.0,     20.0,     59.0,  9, 10, 11,  9,      80330,      80330,      80330,      80330
36,      44418,     20.0,     20.0,     20.0,     59.0,  9, 10, 11,  9,      80333,      80333,      80333,      80333
36,      44423,     20.0,     20.0,     20.0,     59.0,  9, 10, 11,  9,      80342,      80342,      80342,      80342
36,      44422,     20.0,     20.0,     20.0,     59.0,  9, 10, 11,  9,      80340,      80340,      80340,      80340
36,      44426,     20.0,     20.0,     20.0,     59.0,  9, 10, 11,  9,      80347,      80347,      80347,      80347
36,      44425,     17.0,     17.0,     17.0,     49.0,  4,  5,  6,  4,      44425,      44425,      44425,      44425
36,    2537314,     20.0,     20.0,     20.0,     57.0,  4,  5,  6,  6,    2537314,    2537314,    2537314,    2537314
36,    2537322,     55.0,     56.0,     54.0,    163.0, 12, 10, 12, 11,    2381264,    2381264,    2381264,    2381264
36,    2537330,     56.0,     55.0,     56.0,    165.0, 12, 12, 12, 10,    2381267,    2381267,    2381267,    2381267
36,    2577849,     80.0,     80.0,     79.0,    251.0, 12, 12, 12, 10,    2401506,    2401506,    2401506,    2403561
36,    2577859,     79.0,     79.0,     78.0,    253.0, 12, 12, 12, 11,    2401506,    2401506,    2401506,    2401506
36,    2578099,     28.0,     27.0,     26.0,     80.0,  9, 12, 12, 11,      80388,      80388,      80388,      80388
36,    2578118,     28.0,     27.0,     26.0,     80.0,  9, 12, 12, 11,      80388,      80388,      80388,      80388
36,    2578129,     28.0,     27.0,     26.0,     80.0,  9, 12, 12, 11,      80388,      80388,      80388,      80388
36,    2450878,     28.0,     27.0,     26.0,     81.0,  9, 12, 12, 11,      80388,      80388,      80388,      80388
36,    2597366,     26.0,     26.0,     26.0,     77.0,  9, 10, 11,  9,      80648,      80648,      80648,      80648
37,    2579020,     79.0,     77.0,     78.0,    242.0, 12, 12, 12, 10,    2404125,    2404125,    2404125,    2404125
37,    2579038,     80.0,     78.0,     78.0,    236.0, 12, 12, 12, 11,    2404125,    2404125,    2404125,    2404129
37,    2579059,     26.0,     26.0,     26.0,     80.0, 12, 12, 12,  9,      80388,      80388,      80388,      80388
37,    2579067,     26.0,     26.0,     26.0,     80.0, 12, 12, 12,  9,      80388,      80388,      80388,      80388
37,    2579080,     26.0,     26.0,     26.0,     80.0, 12, 12, 12,  9,      80388,      80388,      80388,      80388
37,    2579088,     26.0,     26.0,     25.0,     80.0, 12, 12, 12,  9,      80388,      80388,      80388,      80388
37,    2579101,     26.0,     26.0,     25.0,     79.0, 12, 12, 12,  9,      80388,      80388,      80388,      80388
37,    2580517,     26.0,     26.0,     26.0,     77.0,  9, 10, 11,  9,      80648,      80648,      80648,      80648
37,    2450866,     27.0,     27.0,     26.0,     81.0,  9, 12, 12,  9,      80388,      80388,      80388,      80388
37,    2599986,     27.0,     27.0,     26.0,     81.0, 12, 12, 12,  9,      80388,      80388,      80388,      80388
37,    3214198,     27.0,     27.0,     26.0,     81.0, 12, 12, 12,  9,      80388,      80388,      80388,      80388
37,    2573886,     77.0,     79.0,     80.0,    250.0, 12, 12, 12,  9,    2401506,    2401506,    2401506,    2403563
37,      44399,     49.0,     49.0,     49.0,    140.0,  4,  5,  6,  4,      44398,      44398,      44398,      44398
37,    2577878,     42.0,     42.0,     42.0,    119.0,  4,  5,  6,  4,      44402,      44402,      44402,      44402
37,    2452324,     39.0,     40.0,     39.0,    112.0,  4,  5,  6,  4,    2452324,    2452324,    2452324,    2452324
37,    2575866,     69.0,     68.0,     69.0,    204.0,  9, 12, 11,  9,      80398,      80398,      80398,      80398
37,    2575874,     68.0,     68.0,     68.0,    203.0,  9, 10, 11,  9,      80398,      80398,      80398,      80398
37,    2575898,     69.0,     69.0,     69.0,    205.0,  9, 10, 11,  9,      80398,      80398,      80398,      80398
37,    2575929,     70.0,     70.0,     70.0,    206.0,  9, 10, 11,  9,      80398,      80398,      80398,      80398
37,    2575974,     71.0,     71.0,     71.0,    207.0,  9, 10, 11, 10,      80398,      80398,      80398,      80398
37,    2576338,     72.0,     72.0,     72.0,    208.0,  9, 10, 11, 10,      80398,      80398,      80398,      80398
37,    2576354,     72.0,     72.0,     72.0,    209.0,  9, 10, 11,  9,      80398,      80398,      80398,      80398
37,    2576367,     51.0,     54.0,     54.0,    166.0, 12, 12, 12,  9,      80365,      80365,      80365,      80365
37,    2576385,     50.0,     54.0,     53.0,    165.0, 12, 12, 12,  9,      80365,      80365,      80365,      80365
37,    2576393,     50.0,     54.0,     53.0,    165.0, 12, 12, 12,  9,      80365,      80365,      80365,      80365
37,    2576409,     49.0,     53.0,     52.0,    164.0, 12, 12, 12,  9,      80365,      80365,      80365,      80365
37,    2576417,     49.0,     53.0,     52.0,    163.0, 12, 12, 12,  9,      80365,      80365,      80365,      80365
37,    2451839,     20.0,     20.0,     20.0,     59.0,  9, 10, 11,  9,      80366,      80366,      80366,      80366
37,    2576473,     82.0,     81.0,     81.0,    239.0,  9, 10, 12,  9,    2402586,    2402586,    2402586,    2402586
37,    2576489,     39.0,     39.0,     39.0,    116.0,  9, 10, 11,  9,      80211,      80211,      80211,      80211
37,    2528661,     40.0,     40.0,     40.0,    118.0,  9, 10, 11,  9,      80211,      80211,      80211,      80211
37,    2528667,     20.0,     20.0,     20.0,     59.0,  9, 10, 11,  9,    2375138,    2375138,    2375138,    2375138
37,      44354,     20.0,     20.0,     20.0,     58.0,  9, 10, 11,  9,      80236,      80236,      80236,      80236
37,      44353,     20.0,     20.0,     20.0,     58.0,  9, 10, 11,  9,      80234,      80234,      80234,      80234
37,    2576556,     19.0,     19.0,     19.0,     58.0,  9, 10, 11,  9,    2402610,    2402610,    2402610,    2402610
37,    2576561,     27.0,     27.0,     27.0,     78.0,  9, 10, 11,  9,    2402611,    2402611,    2402611,    2402611
37,    2528688,     20.0,     20.0,     20.0,     59.0,  9, 10, 11,  9,      80224,      80224,      80224,      80224
37,    2528685,     20.0,     20.0,     20.0,     59.0,  9, 10, 11,  9,      80224,      80224,      80224,      80224
37,      44356,     20.0,     20.0,     20.0,     58.0,  9, 10, 11,  9,      80240,      80240,      80240,      80240
37,      44357,     62.0,     63.0,     62.0,    177.0,  4,  5,  6,  4,      44356,      44356,      44356,      44356
37,    2528723,     20.0,     20.0,     20.0,     59.0,  9, 10, 11,  9,    2375175,    2375175,    2375175,    2375175
37,      44368,     20.0,     20.0,     20.0,     59.0,  9, 10, 11,  9,      80259,      80259,      80259,      80259
37,      44367,     20.0,     20.0,     20.0,     59.0,  9, 10, 11,  9,      80257,      80257,      80257,      80257
37,    2528742,     20.0,     20.0,     20.0,     58.0,  9, 10, 11,  9,    2375186,    2375186,    2375186,    2375186
37,    2528747,     20.0,     20.0,     20.0,     58.0,  9, 10, 11,  9,    2375187,    2375187,    2375187,    2375187
37,      44386,     20.0,     20.0,     20.0,     59.0,  9, 10, 11,  9,      80263,      80263,      80263,      80263
37,      44370,     20.0,     20.0,     20.0,     59.0,  9, 10, 11,  9,      80262,      80262,      80262,      80262
37,    2528773,     20.0,     20.0,     20.0,     58.0,  9, 10, 11,  9,      80252,      80252,      80252,      80252
37,    2528781,     20.0,     20.0,     20.0,     58.0,  9, 10, 11,  9,      80252,      80252,      80252,      80252
37,      44390,     20.0,     20.0,     20.0,     59.0,  9, 10, 11,  9,      80292,      80292,      80292,      80292
37,      44389,     20.0,     20.0,     20.0,     59.0,  9, 10, 11,  9,      80292,      80292,      80292,      80292
37,      44398,     20.0,     20.0,     20.0,     59.0,  9, 10, 11,  9,      80304,      80304,      80304,      80304
37,      44416,     20.0,     20.0,     20.0,     59.0,  9, 10, 11,  9,      80330,      80330,      80330,      80330
37,      44418,     20.0,     20.0,     20.0,     59.0,  9, 10, 11,  9,      80333,      80333,      80333,      80333
37,      44423,     20.0,     20.0,     20.0,     59.0,  9, 10, 11,  9,      80342,      80342,      80342,      80342
37,      44422,     20.0,     20.0,     20.0,     59.0,  9, 10, 11,  9,      80340,      80340,      80340,      80340
37,      44426,     20.0,     20.0,     20.0,     59.0,  9, 10, 11,  9,      80347,      80347,      80347,      80347
37,      44425,     17.0,     17.0,     17.0,     49.0,  4,  5,  6,  4,      44425,      44425,      44425,      44425
37,    2537314,     20.0,     20.0,     20.0,     57.0,  4,  5,  6,  4,    2537314,    2537314,    2537314,    2537314
37,    2537322,     54.0,     56.0,     55.0,    165.0, 12, 12, 12,  9,    2381264,    2381264,    2381264,    2381264
37,    2537330,     56.0,     55.0,     56.0,    165.0, 12, 12, 12, 10,    2381267,    2381267,    2381267,    2381267
37,    2577849,     78.0,     80.0,     81.0,    251.0, 12, 12, 12,  9,    2401506,    2401506,    2401506,    2403561
37,    2577859,     77.0,     79.0,     80.0,    252.0, 12, 12, 12,  9,    2401506,    2401506,    2401506,    2401506
37,    2578099,     27.0,     27.0,     26.0,     81.0, 12, 12, 12,  9,      80388,      80388,      80388,      80388
37,    2578118,     27.0,     27.0,     26.0,     81.0, 12, 12, 12,  9,      80388,      80388,      80388,      80388
37,    2578129,     27.0,     27.0,     27.0,     81.0, 12, 12, 12,  9,      80388,      80388,      80388,      80388
37,    2450878,     27.0,     27.0,     27.0,     82.0, 12, 12, 12,  9,      80388,      80388,      80388,      80388
37,    2597366,     26.0,     26.0,     26.0,     77.0,  9, 10, 11,  9,      80648,      80648,      80648,      80648
38,    2579020,     78.0,     77.0,     79.0,    240.0, 12, 12, 12, 10,    2404125,    2404125,    2404125,    2404125
38,    2579038,     79.0,     78.0,     79.0,    237.0, 12, 12, 12, 11,    2404125,    2404125,    2404129,    2404129
38,    2579059,     26.0,     27.0,     26.0,     80.0, 12, 12, 12,  9,      80388,      80388,      80388,      80388
38,    2579067,     26.0,     27.0,     26.0,     79.0, 12, 12, 12, 11,      80388,      80388,      80388,      80388
38,    2579080,     25.0,     26.0,     26.0,     79.0, 12, 12, 12,  9,      80388,      80388,      80388,      80388
38,    2579088,     25.0,     26.0,     26.0,     79.0, 12, 12, 11,  9,      80388,      80388,      80388,      80388
38,    2579101,     25.0,     26.0,     26.0,     79.0, 12, 12, 11,  9,      80388,      80388,      80388,      80388
38,    2580517,     26.0,     26.0,     26.0,     77.0,  9, 10, 11,  9,      80648,      80648,      80648,      80648
38,    2450866,     26.0,     27.0,     27.0,     80.0, 12, 12, 11,  9,      80388,      80388,      80388,      80388
38,    2599986,     26.0,     27.0,     27.0,     80.0, 12, 12, 11,  9,      80388,      80388,      80388,      80388
38,    3214198,     26.0,     27.0,     27.0,     80.0, 12, 12, 11,  9,      80388,      80388,      80388,      80388
38,    2573886,     79.0,     78.0,     80.0,    246.0, 12, 12, 12, 10,    2401506,    2401506,    2401506,    2403563
38,      44399,     49.0,     49.0,     49.0,    140.0,  4,  5,  6,  4,      44398,      44398,      44398,      44398
38,    2577878,     42.0,     42.0,     42.0,    119.0,  4,  5,  6,  4,      44402,      44402,      44402,      44402
38,    2452324,     39.0,     39.0,     39.0,    112.0,  4,  5,  6,  6,    2452324,    2452324,    2452324,    2452324
38,    2575866,     69.0,     68.0,     69.0,    204.0,  9, 12, 11,  9,      80398,      80398,      80398,      80398
38,    2575874,     68.0,     68.0,     68.0,    203.0,  9, 10, 11,  9,      80398,      80398,      80398,      80398
38,    2575898,     69.0,     69.0,     69.0,    205.0,  9, 10, 11,  9,      80398,      80398,      80398,      80398
38,    2575929,     70.0,     70.0,     70.0,    206.0,  9, 10, 11,  9,      80398,      80398,      80398,      80398
38,    2575974,     71.0,     71.0,     71.0,    207.0,  9, 10, 11, 10,      80398,      80398,      80398,      80398
38,    2576338,     72.0,     72.0,     72.0,    208.0,  9, 10, 11, 10,      80398,      80398,      80398,      80398
38,    2576354,     72.0,     72.0,     72.0,    209.0,  9, 10, 11,  9,      80398,      80398,      80398,      80398
38,    2576367,     52.0,     54.0,     53.0,    167.0, 12, 12, 12,  9,      80365,      80365,      80365,      80365
38,    2576385,     51.0,     53.0,     53.0,    165.0, 12, 12, 12, 11,      80365,      80365,      80365,      80365
38,    2576393,     51.0,     53.0,     52.0,    165.0, 12, 12, 12,  9,      80365,      80365,      80365,      80365
38,    2576409,     50.0,     52.0,     52.0,    164.0, 12, 12, 12,  9,      80365,      80365,      80365,      80365
38,    2576417,     50.0,     52.0,     51.0,    164.0, 12, 12, 12,  9,      80365,      80365,      80365,      80365
38,    2451839,     20.0,     20.0,     20.0,     59.0,  9, 10, 11,  9,      80366,      80366,      80366,      80366
38,    2576473,     82.0,     81.0,     81.0,    239.0,  9, 10, 12,  9,    2402586,    2402586,    2402586,    2402586
38,    2576489,     39.0,     39.0,     39.0,    116.0,  9, 10, 11,  9,      80211,      80211,      80211,      80211
38,    2528661,     40.0,     40.0,     40.0,    118.0,  9, 10, 11,  9,      80211,      80211,      80211,      80211
38,    2528667,     20.0,     20.0,     20.0,     59.0,  9, 10, 11,  9,    2375138,    2375138,    2375138,    2375138
38,      44354,     20.0,     20.0,     20.0,     58.0,  9, 10, 11,  9,      80236,      80236,      80236,      80236
38,      44353,     20.0,     20.0,     20.0,     58.0,  9, 10, 11,  9,      80234,      80234,      80234,      80234
38,    2576556,     19.0,     19.0,     19.0,     58.0,  9, 10, 11,  9,    2402610,    2402610,    2402610,    2402610
38,    2576561,     27.0,     27.0,     27.0,     78.0,  9, 10, 11,  9,    2402611,    2402611,    2402611,    2402611
38,    2528688,     20.0,     20.0,     20.0,     59.0,  9, 10, 11,  9,      80224,      80224,      80224,      80224
38,    2528685,     20.0,     20.0,     20.0,     59.0,  9, 10, 11,  9,      80224,      80224,      80224,      80224
38,      44356,     20.0,     20.0,     20.0,     58.0,  9, 10, 11,  9,      80240,      80240,      80240,      80240
38,      44357,     62.0,     62.0,     62.0,    177.0,  4,  5,  6,  4,      44356,      44356,      44356,      44356
38,    2528723,     20.0,     20.0,     20.0,     59.0,  9, 10, 11,  9,    2375175,    2375175,    2375175,    2375175
38,      44368,     20.0,     20.0,     20.0,     59.0,  9, 10, 11,  9,      80259,      80259,      80259,      80259
38,      44367,     20.0,     20.0,     20.0,     59.0,  9, 10, 11,  9,      80257,      80257,      80257,      80257
38,    2528742,     20.0,     20.0,     20.0,     58.0,  9, 10, 11,  9,    2375186,    2375186,    2375186,    2375186
38,    2528747,     20.0,     20.0,     20.0,     58.0,  9, 10, 11,  9,    2375187,    2375187,    2375187,    2375187
38,      44386,     20.0,     20.0,     20.0,     59.0,  9, 10, 11,  9,      80263,      80263,      80263,      80263
38,      44370,     20.0,     20.0,     20.0,     59.0,  9, 10, 11,  9,      80262,      80262,      80262,      80262
38,    2528773,     20.0,     20.0,     20.0,     58.0,  9, 10, 11,  9,      80252,      80252,      80252,      80252
38,    2528781,     20.0,     20.0,     20.0,     58.0,  9, 10, 11,  9,      80252,      80252,      80252,      80252
38,      44390,     20.0,     20.0,     20.0,     59.0,  9, 10, 11,  9,      80292,      80292,      80292,      80292
38,      44389,     20.0,     20.0,     20.0,     59.0,  9, 10, 11,  9,      80292,      80292,      80292,      80292
38,      44398,     20.0,     20.0,     20.0,     59.0,  9, 10, 11,  9,      80304,      80304,      80304,      80304
38,      44416,     20.0,     20.0,     20.0,     59.0,  9, 10, 11,  9,      80330,      80330,      80330,      80330
38,      44418,     20.0,     20.0,     20.0,     59.0,  9, 10, 11,  9,      80333,      80333,      80333,      80333
38,      44423,     20.0,     20.0,     20.0,     59.0,  9, 10, 11,  9,      80342,      80342,      80342,      80342
38,      44422,     20.0,     20.0,     20.0,     59.0,  9, 10, 11,  9,      80340,      80340,      80340,      80340
38,      44426,     20.0,     20.0,     20.0,     59.0,  9, 10, 11,  9,      80347,      80347,      80347,      80347
38,      44425,     17.0,     17.0,     17.0,     49.0,  4,  5,  6,  4,      44425,      44425,      44425,      44425
38,    2537314,     20.0,     20.0,     20.0,     57.0,  4,  5,  6,  4,    2537314,    2537314,    2537314,    2537314
38,    2537322,     56.0,     56.0,     54.0,    163.0, 12, 10, 12, 11,    2381264,    2381264,    2381264,    2381264
38,    2537330,     56.0,     55.0,     56.0,    165.0, 12, 12, 12, 10,    2381267,    2381267,    2381267,    2381267
38,    2577849,     79.0,     79.0,     80.0,    247.0, 12, 12, 12, 10,    2403561,    2401506,    2401506,    2403561
38,    2577859,     79.0,     78.0,     79.0,    249.0, 12, 12, 12, 10,    2401506,    2401506,    2401506,    2401506
38,    2578099,     26.0,     27.0,     27.0,     80.0, 12, 12, 11,  9,      80388,      80388,      80388,      80388
38,    2578118,     26.0,     27.0,     27.0,     80.0, 12, 12, 11, 11,      80388,      80388,      80388,      80388
38,    2578129,     26.0,     27.0,     27.0,     81.0, 12, 12, 12,  9,      80388,      80388,      80388,      80388
38,    2450878,     26.0,     27.0,     27.0,     81.0, 12, 12, 12,  9,      80388,      80388,      80388,      80388
38,    2597366,     26.0,     26.0,     26.0,     77.0,  9, 10, 11,  9,      80648,      80648,      80648,      80648
39,    2579020,     78.0,     77.0,     79.0,    240.0, 12, 12, 12, 10,    2404125,    2404125,    2404125,    2404125
39,    2579038,     79.0,     78.0,     79.0,    237.0, 12, 12, 12, 10,    2404125,    2404125,    2404125,    2404129
39,    2579059,     26.0,     26.0,     26.0,     80.0, 12, 12, 12,  9,      80388,      80388,      80388,      80388
39,    2579067,     26.0,     26.0,     26.0,     79.0, 12, 12, 12,  9,      80388,      80388,      80388,      80388
39,    2579080,     26.0,     26.0,     26.0,     79.0, 12, 12, 12,  9,      80388,      80388,      80388,      80388
39,    2579088,     26.0,     26.0,     26.0,     79.0,  9, 12, 12,  9,      80388,      80388,      80388,      80388
39,    2579101,     26.0,     26.0,     26.0,     79.0,  9, 12, 12,  9,      80388,      80388,      80388,      80388
39,    2580517,     26.0,     26.0,     26.0,     77.0,  9, 10, 11,  9,      80648,      80648,      80648,      80648
39,    2450866,     26.0,     26.0,     27.0,     80.0, 12, 12, 12,  9,      80388,      80388,      80388,      80388
39,    2599986,     26.0,     27.0,     27.0,     80.0, 12, 12, 12,  9,      80388,      80388,      80388,      80388
39,    3214198,     26.0,     27.0,     27.0,     80.0, 12, 12, 12,  9,      80388,      80388,      80388,      80388
39,    2573886,     79.0,     79.0,     79.0,    245.0, 12, 12, 12, 10,    2403563,    2401506,    2401506,    2403563
39,      44399,     49.0,     49.0,     49.0,    139.0,  4,  5,  6,  6,      44398,      44398,      44398,      44398
39,    2577878,     42.0,     42.0,     41.0,    118.0,  4,  5,  6,  6,      44402,      44402,      44402,      44402
39,    2452324,     39.0,     39.0,     39.0,    112.0,  4,  5,  6,  4,    2452324,    2452324,    2452324,    2452324
39,    2575866,     69.0,     68.0,     69.0,    204.0,  9, 12, 11, 10,      80398,      80398,      80398,      80398
39,    2575874,     68.0,     68.0,     68.0,    203.0,  9, 10, 11,  9,      80398,      80398,      80398,      80398
39,    2575898,     70.0,     69.0,     69.0,    205.0,  9, 10, 11, 10,      80398,      80398,      80398,      80398
39,    2575929,     71.0,     70.0,     70.0,    206.0,  9, 10, 11, 10,      80398,      80398,      80398,      80398
39,    2575974,     71.0,     71.0,     71.0,    207.0,  9, 10, 11, 10,      80398,      80398,      80398,      80398
39,    2576338,     72.0,     71.0,     72.0,    208.0,  9, 12, 11, 10,      80398,      80398,      80398,      80398
39,    2576354,     72.0,     72.0,     72.0,    209.0,  9, 10, 11, 10,      80398,      80398,      80398,      80398
39,    2576367,     50.0,     56.0,     53.0,    166.0, 12, 12, 12,  9,      80365,      80365,      80365,      80365
39,    2576385,     49.0,     55.0,     53.0,    165.0, 12, 12, 12,  9,      80365,      80365,      80365,      80365
39,    2576393,     49.0,     55.0,     53.0,    164.0, 12, 12, 12,  9,      80365,      80365,      80365,      80365
39,    2576409,     48.0,     54.0,     52.0,    163.0, 12, 12, 12,  9,      80365,      80365,      80365,      80365
39,    2576417,     48.0,     54.0,     52.0,    163.0, 12, 12, 12,  9,      80365,      80365,      80365,      80365
39,    2451839,     20.0,     20.0,     20.0,     59.0,  9, 10, 11,  9,      80366,      80366,      80366,      80366
39,    2576473,     82.0,     81.0,     81.0,    239.0,  9, 10, 12,  9,    2402586,    2402586,    2402586,    2402586
39,    2576489,     39.0,     39.0,     39.0,    116.0,  9, 10, 11,  9,      80211,      80211,      80211,      80211
39,    2528661,     40.0,     40.0,     40.0,    118.0,  9, 10, 11,  9,      80211,      80211,      80211,      80211
39,    2528667,     20.0,     20.0,     20.0,     59.0,  9, 10, 11,  9,    2375138,    2375138,    2375138,    2375138
39,      44354,     20.0,     20.0,     20.0,     58.0,  9, 10, 11,  9,      80236,      80236,      80236,      80236
39,      44353,     20.0,     20.0,     20.0,     58.0,  9, 10, 11,  9,      80234,      80234,      80234,      80234
39,    2576556,     19.0,     19.0,     19.0,     58.0,  9, 10, 11,  9,    2402610,    2402610,    2402610,    2402610
39,    2576561,     27.0,     27.0,     27.0,     78.0,  9, 10, 11,  9,    2402611,    2402611,    2402611,    2402611
39,    2528688,     20.0,     20.0,     20.0,     59.0,  9, 10, 11,  9,      80224,      80224,      80224,      80224
39,    2528685,     20.0,     20.0,     20.0,     59.0,  9, 10, 11,  9,      80224,      80224,      80224,      80224
39,      44356,     20.0,     20.0,     20.0,     58.0,  9, 10, 11,  9,      80240,      80240,      80240,      80240
39,      44357,     62.0,     63.0,     62.0,    176.0,  4,  5,  6,  6,      44356,      44356,      44356,      44356
39,    2528723,     20.0,     20.0,     20.0,     59.0,  9, 10, 11,  9,    2375175,    2375175,    2375175,    2375175
39,      44368,     20.0,     20.0,     20.0,     59.0,  9, 10, 11,  9,      80259,      80259,      80259,      80259
39,      44367,     20.0,     20.0,     20.0,     59.0,  9, 10, 11,  9,      80257,      80257,      80257,      80257
39,    2528742,     20.0,     20.0,     20.0,     58.0,  9, 10, 11,  9,    2375186,    2375186,    2375186,    2375186
39,    2528747,     20.0,     20.0,     20.0,     58.0,  9, 10, 11,  9,    2375187,    2375187,    2375187,    2375187
39,      44386,     20.0,     20.0,     20.0,     59.0,  9, 10, 11,  9,      80263,      80263,      80263,      80263
39,      44370,     20.0,     20.0,     20.0,     59.0,  9, 10, 11,  9,      80262,      80262,      80262,      80262
39,    2528773,     20.0,     20.0,     20.0,     58.0,  9, 10, 11,  9,      80252,      80252,      80252,      80252
39,    2528781,     20.0,     20.0,     20.0,     58.0,  9, 10, 11,  9,      80252,      80252,      80252,      80252
39,      44390,     20.0,     20.0,     20.0,     59.0,  9, 10, 11,  9,      80292,      80292,      80292,      80292
39,      44389,     20.0,     20.0,     20.0,     59.0,  9, 10, 11,  9,      80292,      80292,      80292,      80292
39,      44398,     20.0,     20.0,     20.0,     59.0,  9, 10, 11,  9,      80304,      80304,      80304,      80304
39,      44416,     20.0,     20.0,     20.0,     59.0,  9, 10, 11,  9,      80330,      80330,      80330,      80330
39,      44418,     20.0,     20.0,     20.0,     59.0,  9, 10, 11,  9,      80333,      80333,      80333,      80333
39,      44423,     20.0,     20.0,     20.0,     59.0,  9, 10, 11,  9,      80342,      80342,      80342,      80342
39,      44422,     20.0,     20.0,     20.0,     59.0,  9, 10, 11,  9,      80340,      80340,      80340,      80340
39,      44426,     20.0,     20.0,     20.0,     59.0,  9, 10, 11,  9,      80347,      80347,      80347,      80347
39,      44425,     17.0,     17.0,     17.0,     49.0,  4,  5,  6,  4,      44425,      44425,      44425,      44425
39,    2537314,     20.0,     20.0,     20.0,     57.0,  4,  5,  6,  4,    2537314,    2537314,    2537314,    2537314
39,    2537322,     56.0,     55.0,     54.0,    164.0, 12, 12, 12, 11,    2381264,    2381264,    2381264,    2381264
39,    2537330,     55.0,     56.0,     56.0,    165.0, 12, 12, 12,  9,    2381267,    2381267,    2381267,    2381267
39,    2577849,     80.0,     79.0,     80.0,    246.0, 12, 12, 12, 10,    2401506,    2401506,    2401506,    2403561
39,    2577859,     79.0,     78.0,     79.0,    247.0, 12, 12, 12, 10,    2401506,    2401506,    2401506,    2401506
39,    2578099,     27.0,     27.0,     27.0,     80.0,  9, 12, 12,  9,      80388,      80388,      80388,      80388
39,    2578118,     27.0,     27.0,     27.0,     80.0,  9, 12, 12,  9,      80388,      80388,      80388,      80388
39,    2578129,     27.0,     27.0,     27.0,     81.0, 12, 12, 12,  9,      80388,      80388,      80388,      80388
39,    2450878,     27.0,     27.0,     27.0,     81.0, 12, 12, 12,  9,      80388,      80388,      80388,      80388
39,    2597366,     26.0,     26.0,     26.0,     77.0,  9, 10, 11,  9,      80648,      80648,      80648,      80648
40,    2579020,     78.0,     77.0,     79.0,    240.0, 12, 12, 12, 10,    2404125,    2404125,    2404125,    2404125
40,    2579038,     79.0,     78.0,     79.0,    237.0, 12, 12, 12,  9,    2404125,    2404125,    2404129,    2404129
40,    2579059,     27.0,     26.0,     26.0,     79.0,  9, 12, 12,  9,      80388,      80388,      80388,      80388
40,    2579067,     26.0,     26.0,     26.0,     79.0, 12, 12, 12,  9,      80388,      80388,      80388,      80388
40,    2579080,     26.0,     26.0,     26.0,     79.0, 12, 12, 12,  9,      80388,      80388,      80388,      80388
40,    2579088,     26.0,     26.0,     25.0,     79.0,  9, 12, 12,  9,      80388,      80388,      80388,      80388
40,    2579101,     26.0,     26.0,     25.0,     79.0,  9, 12, 12,  9,      80388,      80388,      80388,      80388
40,    2580517,     26.0,     26.0,     26.0,     77.0,  9, 10, 11,  9,      80648,      80648,      80648,      80648
40,    2450866,     27.0,     27.0,     26.0,     80.0,  9, 10, 12,  9,      80388,      80388,      80388,      80388
40,    2599986,     27.0,     27.0,     26.0,     80.0,  9, 12, 12,  9,      80388,      80388,      80388,      80388
40,    3214198,     27.0,     27.0,     26.0,     80.0,  9, 10, 12,  9,      80388,      80388,      80388,      80388
40,    2573886,     79.0,     77.0,     81.0,    244.0, 12, 12, 12, 10,    2401506,    2401506,    2401506,    2403563
40,      44399,     49.0,     49.0,     49.0,    140.0,  4,  5,  6,  4,      44398,      44398,      44398,      44398
40,    2577878,     42.0,     42.0,     42.0,    119.0,  4,  5,  6,  4,      44402,      44402,      44402,      44402
40,    2452324,     39.0,     40.0,     39.0,    112.0,  4,  5,  6,  4,    2452324,    2452324,    2452324,    2452324
40,    2575866,     69.0,     68.0,     69.0,    204.0,  9, 12, 11,  9,      80398,      80398,      80398,      80398
40,    2575874,     68.0,     68.0,     68.0,    203.0,  9, 10, 11,  9,      80398,      80398,      80398,      80398
40,    2575898,     69.0,     69.0,     69.0,    205.0,  9, 10, 11,  9,      80398,      80398,      80398,      80398
40,    2575929,     70.0,     70.0,     70.0,    206.0,  9, 10, 11,  9,      80398,      80398,      80398,      80398
40,    2575974,     71.0,     71.0,     71.0,    207.0,  9, 10, 11, 10,      80398,      80398,      80398,      80398
40,    2576338,     72.0,     72.0,     72.0,    208.0,  9, 10, 11, 10,      80398,      80398,      80398,      80398
40,    2576354,     72.0,     72.0,     72.0,    209.0,  9, 10, 11,  9,      80398,      80398,      80398,      80398
40,    2576367,     50.0,     55.0,     53.0,    166.0, 12, 12, 12,  9,      80365,      80365,      80365,      80365
40,    2576385,     50.0,     55.0,     53.0,    165.0, 12, 12, 12,  9,      80365,      80365,      80365,      80365
40,    2576393,     49.0,     54.0,     53.0,    165.0, 12, 12, 12,  9,      80365,      80365,      80365,      80365
40,    2576409,     49.0,     54.0,     52.0,    164.0, 12, 12, 12,  9,      80365,      80365,      80365,      80365
40,    2576417,     48.0,     53.0,     52.0,    163.0, 12, 12, 12,  9,      80365,      80365,      80365,      80365
40,    2451839,     20.0,     20.0,     20.0,     59.0,  9, 10, 11,  9,      80366,      80366,      80366,      80366
40,    2576473,     82.0,     81.0,     81.0,    239.0,  9, 10, 12,  9,    2402586,    2402586,    2402586,    2402586
40,    2576489,     39.0,     39.0,     39.0,    116.0,  9, 10, 11,  9,      80211,      80211,      80211,      80211
40,    2528661,     40.0,     40.0,     40.0,    118.0,  9, 10, 11,  9,      80211,      80211,      80211,      80211
40,    2528667,     20.0,     20.0,     20.0,     59.0,  9, 10, 11,  9,    2375138,    2375138,    2375138,    2375138
40,      44354,     20.0,     20.0,     20.0,     58.0,  9, 10, 11,  9,      80236,      80236,      80236,      80236
40,      44353,     20.0,     20.0,     20.0,     58.0,  9, 10, 11,  9,      80234,      80234,      80234,      80234
40,    2576556,     19.0,     19.0,     19.0,     58.0,  9, 10, 11,  9,    2402610,    2402610,    2402610,    2402610
40,    2576561,     27.0,     27.0,     27.0,     78.0,  9, 10, 11,  9,    2402611,    2402611,    2402611,    2402611
40,    2528688,     20.0,     20.0,     20.0,     59.0,  9, 10, 11,  9,      80224,      80224,      80224,      80224
40,    2528685,     20.0,     20.0,     20.0,     59.0,  9, 10, 11,  9,      80224,      80224,      80224,      80224
40,      44356,     20.0,     20.0,     20.0,     58.0,  9, 10, 11,  9,      80240,      80240,      80240,      80240
40,      44357,     62.0,     63.0,     62.0,    177.0,  4,  5,  6,  4,      44356,      44356,      44356,      44356
40,    2528723,     20.0,     20.0,     20.0,     59.0,  9, 10, 11,  9,    2375175,    2375175,    2375175,    2375175
40,      44368,     20.0,     20.0,     20.0,     59.0,  9, 10, 11,  9,      80259,      80259,      80259,      80259
40,      44367,     20.0,     20.0,     20.0,     59.0,  9, 10, 11,  9,      80257,      80257,      80257,      80257
40,    2528742,     20.0,     20.0,     20.0,     58.0,  9, 10, 11,  9,    2375186,    2375186,    2375186,    2375186
40,    2528747,     20.0,     20.0,     20.0,     58.0,  9, 10, 11,  9,    2375187,    2375187,    2375187,    2375187
40,      44386,     20.0,     20.0,     20.0,     59.0,  9, 10, 11,  9,      80263,      80263,      80263,      80263
40,      44370,     20.0,     20.0,     20.0,     59.0,  9, 10, 11,  9,      80262,      80262,      80262,      80262
40,    2528773,     20.0,     20.0,     20.0,     58.0,  9, 10, 11,  9,      80252,      80252,      80252,      80252
40,    2528781,     20.0,     20.0,     20.0,     58.0,  9, 10, 11,  9,      80252,      80252,      80252,      80252
40,      44390,     20.0,     20.0,     20.0,     59.0,  9, 10, 11,  9,      80292,      80292,      80292,      80292
40,      44389,     20.0,     20.0,     20.0,     59.0,  9, 10, 11,  9,      80292,      80292,      80292,      80292
40,      44398,     20.0,     20.0,     20.0,     59.0,  9, 10, 11,  9,      80304,      80304,      80304,      80304
40,      44416,     20.0,     20.0,     20.0,     59.0,  9, 10, 11,  9,      80330,      80330,      80330,      80330
40,      44418,     20.0,     20.0,     20.0,     59.0,  9, 10, 11,  9,      80333,      80333,      80333,      80333
40,      44423,     20.0,     20.0,     20.0,     59.0,  9, 10, 11,  9,      80342,      80342,      80342,      80342
40,      44422,     20.0,     20.0,     20.0,     59.0,  9, 10, 11,  9,      80340,      80340,      80340,      80340
40,      44426,     20.0,     20.0,     20.0,     59.0,  9, 10, 11,  9,      80347,      80347,      80347,      80347
40,      44425,     17.0,     17.0,     17.0,     49.0,  4,  5,  6,  4,      44425,      44425,      44425,      44425
40,    2537314,     20.0,     20.0,     20.0,     57.0,  4,  5,  6,  4,    2537314,    2537314,    2537314,    2537314
40,    2537322,     56.0,     55.0,     54.0,    164.0,  9, 12, 12, 10,    2381264,    2381264,    2381264,    2381264
40,    2537330,     55.0,     55.0,     56.0,    165.0, 12, 12, 12, 10,    2381267,    2381267,    2381267,    2381267
40,    2577849,     79.0,     78.0,     82.0,    245.0, 12, 12, 12, 10,    2403561,    2401506,    2401506,    2403561
40,    2577859,     79.0,     77.0,     81.0,    246.0, 12, 12, 12, 10,    2401506,    2401506,    2401506,    2401506
40,    2578099,     27.0,     27.0,     26.0,     80.0,  9, 12, 12,  9,      80388,      80388,      80388,      80388
40,    2578118,     27.0,     27.0,     26.0,     80.0,  9, 12, 12,  9,      80388,      80388,      80388,      80388
40,    2578129,     27.0,     27.0,     27.0,     81.0, 12, 12, 12,  9,      80388,      80388,      80388,      80388
40,    2450878,     27.0,     27.0,     27.0,     81.0, 12, 12, 12,  9,      80388,      80388,      80388,      80388
40,    2597366,     26.0,     26.0,     26.0,     77.0,  9, 10, 11,  9,      80648,      80648,      80648,      80648
41,    2579020,     78.0,     78.0,     79.0,    239.0, 12, 12, 12, 10,    2404125,    2404125,    2404125,    2404125
41,    2579038,     79.0,     78.0,     79.0,    237.0, 12, 12, 12,  9,    2404125,    2404125,    2404125,    2404129
41,    2579059,     26.0,     27.0,     26.0,     80.0, 12, 10, 12,  9,      80388,      80388,      80388,      80388
41,    2579067,     26.0,     26.0,     26.0,     79.0, 12, 12, 12,  9,      80388,      80388,      80388,      80388
41,    2579080,     26.0,     26.0,     25.0,     79.0, 12, 12, 12,  9,      80388,      80388,      80388,      80388
41,    2579088,     26.0,     26.0,     25.0,     79.0,  9, 12, 12,  9,      80388,      80388,      80388,      80388
41,    2579101,     26.0,     26.0,     25.0,     79.0,  9, 12, 12,  9,      80388,      80388,      80388,      80388
41,    2580517,     26.0,     26.0,     26.0,     77.0,  9, 10, 11,  9,      80648,      80648,      80648,      80648
41,    2450866,     27.0,     27.0,     26.0,     80.0,  9, 12, 12,  9,      80388,      80388,      80388,      80388
41,    2599986,     27.0,     27.0,     26.0,     80.0,  9, 12, 12,  9,      80388,      80388,      80388,      80388
41,    3214198,     27.0,     27.0,     26.0,     80.0,  9, 12, 12,  9,      80388,      80388,      80388,      80388
41,    2573886,     78.0,     79.0,     80.0,    247.0, 12, 12, 12,  9,    2401506,    2401506,    2401506,    2403563
41,      44399,     49.0,     49.0,     49.0,    139.0,  4,  5,  6,  6,      44398,      44398,      44398,      44398
41,    2577878,     42.0,     42.0,     42.0,    119.0,  4,  5,  6,  4,      44402,      44402,      44402,      44402
41,    2452324,     39.0,     39.0,     39.0,    112.0,  4,  5,  6,  4,    2452324,    2452324,    2452324,    2452324
41,    2575866,     69.0,     68.0,     69.0,    204.0,  9, 12, 11,  9,      80398,      80398,      80398,      80398
41,    2575874,     68.0,     68.0,     68.0,    203.0,  9, 10, 11,  9,      80398,      80398,      80398,      80398
41,    2575898,     69.0,     69.0,     69.0,    205.0,  9, 10, 11,  9,      80398,      80398,      80398,      80398
41,    2575929,     70.0,     70.0,     70.0,    206.0,  9, 10, 11,  9,      80398,      80398,      80398,      80398
41,    2575974,     71.0,     71.0,     71.0,    207.0,  9, 10, 11, 10,      80398,      80398,      80398,      80398
41,    2576338,     72.0,     72.0,     72.0,    208.0,  9, 10, 11, 10,      80398,      80398,      80398,      80398
41,    2576354,     72.0,     72.0,     72.0,    209.0,  9, 10, 11,  9,      80398,      80398,      80398,      80398
41,    2576367,     51.0,     54.0,     53.0,    166.0, 12, 12, 12,  9,      80365,      80365,      80365,      80365
41,    2576385,     51.0,     54.0,     53.0,    165.0, 12, 12, 12,  9,      80365,      80365,      80365,      80365
41,    2576393,     50.0,     53.0,     53.0,    164.0, 12, 12, 12,  9,      80365,      80365,      80365,      80365
41,    2576409,     50.0,     53.0,     52.0,    163.0, 12, 12, 12,  9,      80365,      80365,      80365,      80365
41,    2576417,     50.0,     52.0,     52.0,    163.0, 12, 12, 12,  9,      80365,      80365,      80365,      80365
41,    2451839,     20.0,     20.0,     20.0,     59.0,  9, 10, 11,  9,      80366,      80366,      80366,      80366
41,    2576473,     82.0,     81.0,     81.0,    239.0,  9, 10, 12,  9,    2402586,    2402586,    2402586,    2402586
41,    2576489,     39.0,     39.0,     39.0,    116.0,  9, 10, 11,  9,      80211,      80211,      80211,      80211
41,    2528661,     40.0,     40.0,     40.0,    118.0,  9, 10, 11,  9,      80211,      80211,      80211,      80211
41,    2528667,     20.0,     20.0,     20.0,     59.0,  9, 10, 11,  9,    2375138,    2375138,    2375138,    2375138
41,      44354,     20.0,     20.0,     20.0,     58.0,  9, 10, 11,  9,      80236,      80236,      80236,      80236
41,      44353,     20.0,     20.0,     20.0,     58.0,  9, 10, 11,  9,      80234,      80234,      80234,      80234
41,    2576556,     19.0,     19.0,     19.0,     58.0,  9, 10, 11,  9,    2402610,    2402610,    2402610,    2402610
41,    2576561,     27.0,     27.0,     27.0,     78.0,  9, 10, 11,  9,    2402611,    2402611,    2402611,    2402611
41,    2528688,     20.0,     20.0,     20.0,     59.0,  9, 10, 11,  9,      80224,      80224,      80224,      80224
41,    2528685,     20.0,     20.0,     20.0,     59.0,  9, 10, 11,  9,      80224,      80224,      80224,      80224
41,      44356,     20.0,     20.0,     20.0,     58.0,  9, 10, 11,  9,      80240,      80240,      80240,      80240
41,      44357,     62.0,     62.0,     62.0,    176.0,  4,  5,  6,  6,      44356,      44356,      44356,      44356
41,    2528723,     20.0,     20.0,     20.0,     59.0,  9, 10, 11,  9,    2375175,    2375175,    2375175,    2375175
41,      44368,     20.0,     20.0,     20.0,     59.0,  9, 10, 11,  9,      80259,      80259,      80259,      80259
41,      44367,     20.0,     20.0,     20.0,     59.0,  9, 10, 11,  9,      80257,      80257,      80257,      80257
41,    2528742,     20.0,     20.0,     20.0,     58.0,  9, 10, 11,  9,    2375186,    2375186,    2375186,    2375186
41,    2528747,     20.0,     20.0,     20.0,     58.0,  9, 10, 11,  9,    2375187,    2375187,    2375187,    2375187
41,      44386,     20.0,     20.0,     20.0,     59.0,  9, 10, 11,  9,      80263,      80263,      80263,      80263
41,      44370,     20.0,     20.0,     20.0,     59.0,  9, 10, 11,  9,      80262,      80262,      80262,      80262
41,    2528773,     20.0,     20.0,     20.0,     58.0,  9, 10, 11,  9,      80252,      80252,      80252,      80252
41,    2528781,     20.0,     20.0,     20.0,     58.0,  9, 10, 11,  9,      80252,      80252,      80252,      80252
41,      44390,     20.0,     20.0,     20.0,     59.0,  9, 10, 11,  9,      80292,      80292,      80292,      80292
41,      44389,     20.0,     20.0,     20.0,     59.0,  9, 10, 11,  9,      80292,      80292,      80292,      80292
41,      44398,     20.0,     20.0,     20.0,     59.0,  9, 10, 11,  9,      80304,      80304,      80304,      80304
41,      44416,     20.0,     20.0,     20.0,     59.0,  9, 10, 11,  9,      80330,      80330,      80330,      80330
41,      44418,     20.0,     20.0,     20.0,     59.0,  9, 10, 11,  9,      80333,      80333,      80333,      80333
41,      44423,     20.0,     20.0,     20.0,     59.0,  9, 10, 11,  9,      80342,      80342,      80342,      80342
41,      44422,     20.0,     20.0,     20.0,     59.0,  9, 10, 11,  9,      80340,      80340,      80340,      80340
41,      44426,     20.0,     20.0,     20.0,     59.0,  9, 10, 11,  9,      80347,      80347,      80347,      80347
41,      44425,     17.0,     17.0,     17.0,     49.0,  4,  5,  6,  4,      44425,      44425,      44425,      44425
41,    2537314,     20.0,     20.0,     20.0,     57.0,  4,  5,  6,  4,    2537314,    2537314,    2537314,    2537314
41,    2537322,     55.0,     55.0,     55.0,    165.0, 12, 12, 12,  9,    2381264,    2381264,    2381264,    2381264
41,    2537330,     56.0,     55.0,     56.0,    165.0, 12, 12, 12, 10,    2381267,    2381267,    2381267,    2381267
41,    2577849,     79.0,     80.0,     81.0,    248.0, 12, 12, 12,  9,    2401506,    2401506,    2401506,    2403561
41,    2577859,     78.0,     79.0,     80.0,    250.0, 12, 12, 12,  9,    2401506,    2401506,    2401506,    2401506
41,    2578099,     27.0,     27.0,     26.0,     80.0,  9, 12, 12,  9,      80388,      80388,      80388,      80388
41,    2578118,     27.0,     27.0,     26.0,     80.0,  9, 12, 12,  9,      80388,      80388,      80388,      80388
41,    2578129,     27.0,     27.0,     26.0,     81.0, 12, 12, 12,  9,      80388,      80388,      80388,      80388
41,    2450878,     27.0,     27.0,     27.0,     81.0, 12, 12, 12,  9,      80388,      80388,      80388,      80388
41,    2597366,     26.0,     26.0,     26.0,     77.0,  9, 10, 11,  9,      80648,      80648,      80648,      80648
42,    2579020,     77.0,     78.0,     79.0,    241.0, 12, 12, 12,  9,    2404125,    2404125,    2404125,    2404125
42,    2579038,     78.0,     79.0,     79.0,    237.0, 12, 12, 12,  9,    2404125,    2404125,    2404129,    2404129
42,    2579059,     26.0,     27.0,     26.0,     79.0, 12, 12, 12,  9,      80388,      80388,      80388,      80388
42,    2579067,     26.0,     26.0,     26.0,     79.0, 12, 12, 12,  9,      80388,      80388,      80388,      80388
42,    2579080,     26.0,     26.0,     26.0,     79.0,  9, 12, 12,  9,      80388,      80388,      80388,      80388
42,    2579088,     26.0,     26.0,     26.0,     78.0,  9, 12, 12,  9,      80388,      80388,      80388,      80388
42,    2579101,     26.0,     26.0,     25.0,     78.0,  9, 12, 12,  9,      80388,      80388,      80388,      80388
42,    2580517,     26.0,     26.0,     26.0,     77.0,  9, 10, 11,  9,      80648,      80648,      80648,      80648
42,    2450866,     26.0,     27.0,     26.0,     79.0, 12, 12, 12,  9,      80388,      80388,      80388,      80388
42,    2599986,     27.0,     27.0,     26.0,     80.0,  9, 12, 12,  9,      80388,      80388,      80388,      80388
42,    3214198,     26.0,     27.0,     26.0,     79.0, 12, 12, 12,  9,      80388,      80388,      80388,      80388
42,    2573886,     79.0,     78.0,     80.0,    246.0, 12, 12, 12, 10,    2401506,    2403563,    2401506,    2403563
42,      44399,     49.0,     49.0,     49.0,    140.0,  4,  5,  6,  4,      44398,      44398,      44398,      44398
42,    2577878,     42.0,     42.0,     42.0,    119.0,  4,  5,  6,  4,      44402,      44402,      44402,      44402
42,    2452324,     39.0,     39.0,     39.0,    112.0,  4,  5,  6,  4,    2452324,    2452324,    2452324,    2452324
42,    2575866,     69.0,     68.0,     69.0,    204.0,  9, 12, 11,  9,      80398,      80398,      80398,      80398
42,    2575874,     68.0,     68.0,     68.0,    203.0,  9, 10, 11,  9,      80398,      80398,      80398,      80398
42,    2575898,     69.0,     69.0,     69.0,    205.0,  9, 10, 11,  9,      80398,      80398,      80398,      80398
42,    2575929,     70.0,     70.0,     70.0,    206.0,  9, 10, 11,  9,      80398,      80398,      80398,      80398
42,    2575974,     71.0,     71.0,     71.0,    207.0,  9, 10, 11, 10,      80398,      80398,      80398,      80398
42,    2576338,     72.0,     72.0,     72.0,    208.0,  9, 10, 11, 10,      80398,      80398,      80398,      80398
42,    2576354,     72.0,     72.0,     72.0,    209.0,  9, 10, 11,  9,      80398,      80398,      80398,      80398
42,    2576367,     50.0,     54.0,     55.0,    166.0, 12, 12, 12,  9,      80365,      80365,      80365,      80365
42,    2576385,     50.0,     53.0,     54.0,    165.0, 12, 12, 12,  9,      80365,      80365,      80365,      80365
42,    2576393,     50.0,     53.0,     54.0,    165.0, 12, 12, 12,  9,      80365,      80365,      80365,      80365
42,    2576409,     49.0,     52.0,     53.0,    164.0, 12, 12, 12,  9,      80365,      80365,      80365,      80365
42,    2576417,     49.0,     52.0,     53.0,    163.0, 12, 12, 12,  9,      80365,      80365,      80365,      80365
42,    2451839,     20.0,     20.0,     20.0,     59.0,  9, 10, 11,  9,      80366,      80366,      80366,      80366
42,    2576473,     82.0,     81.0,     81.0,    239.0,  9, 10, 12,  9,    2402586,    2402586,    2402586,    2402586
42,    2576489,     39.0,     39.0,     39.0,    116.0,  9, 10, 11,  9,      80211,      80211,      80211,      80211
42,    2528661,     40.0,     40.0,     40.0,    118.0,  9, 10, 11,  9,      80211,      80211,      80211,      80211
42,    2528667,     20.0,     20.0,     20.0,     59.0,  9, 10, 11,  9,    2375138,    2375138,    2375138,    2375138
42,      44354,     20.0,     20.0,     20.0,     58.0,  9, 10, 11,  9,      80236,      80236,      80236,      80236
42,      44353,     20.0,     20.0,     20.0,     58.0,  9, 10, 11,  9,      80234,      80234,      80234,      80234
42,    2576556,     19.0,     19.0,     19.0,     58.0,  9, 10, 11,  9,    2402610,    2402610,    2402610,    2402610
42,    2576561,     27.0,     27.0,     27.0,     78.0,  9, 10, 11,  9,    2402611,    2402611,    2402611,    2402611
42,    2528688,     20.0,     20.0,     20.0,     59.0,  9, 10, 11,  9,      80224,      80224,      80224,      80224
42,    2528685,     20.0,     20.0,     20.0,     59.0,  9, 10, 11,  9,      80224,      80224,      80224,      80224
42,      44356,     20.0,     20.0,     20.0,     58.0,  9, 10, 11,  9,      80240,      80240,      80240,      80240
42,      44357,     62.0,     63.0,     62.0,    177.0,  4,  5,  6,  4,      44356,      44356,      44356,      44356
42,    2528723,     20.0,     20.0,     20.0,     59.0,  9, 10, 11,  9,    2375175,    2375175,    2375175,    2375175
42,      44368,     20.0,     20.0,     20.0,     59.0,  9, 10, 11,  9,      80259,      80259,      80259,      80259
42,      44367,     20.0,     20.0,     20.0,     59.0,  9, 10, 11,  9,      80257,      80257,      80257,      80257
42,    2528742,     20.0,     20.0,     20.0,     58.0,  9, 10, 11,  9,    2375186,    2375186,    2375186,    2375186
42,    2528747,     20.0,     20.0,     20.0,     58.0,  9, 10, 11,  9,    2375187,    2375187,    2375187,    2375187
42,      44386,     20.0,     20.0,     20.0,     59.0,  9, 10, 11,  9,      80263,      80263,      80263,      80263
42,      44370,     20.0,     20.0,     20.0,     59.0,  9, 10, 11,  9,      80262,      80262,      80262,      80262
42,    2528773,     20.0,     20.0,     20.0,     58.0,  9, 10, 11,  9,      80252,      80252,      80252,      80252
42,    2528781,     20.0,     20.0,     20.0,     58.0,  9, 10, 11,  9,      80252,      80252,      80252,      80252
42,      44390,     20.0,     20.0,     20.0,     59.0,  9, 10, 11,  9,      80292,      80292,      80292,      80292
42,      44389,     20.0,     20.0,     20.0,     59.0,  9, 10, 11,  9,      80292,      80292,      80292,      80292
42,      44398,     20.0,     20.0,     20.0,     59.0,  9, 10, 11,  9,      80304,      80304,      80304,      80304
42,      44416,     20.0,     20.0,     20.0,     59.0,  9, 10, 11,  9,      80330,      80330,      80330,      80330
42,      44418,     20.0,     20.0,     20.0,     59.0,  9, 10, 11,  9,      80333,      80333,      80333,      80333
42,      44423,     20.0,     20.0,     20.0,     59.0,  9, 10, 11,  9,      80342,      80342,      80342,      80342
42,      44422,     20.0,     20.0,     20.0,     59.0,  9, 10, 11,  9,      80340,      80340,      80340,      80340
42,      44426,     20.0,     20.0,     20.0,     59.0,  9, 10, 11,  9,      80347,      80347,      80347,      80347
42,      44425,     17.0,     17.0,     17.0,     49.0,  4,  5,  6,  4,      44425,      44425,      44425,      44425
42,    2537314,     20.0,     20.0,     20.0,     57.0,  4,  5,  6,  4,    2537314,    2537314,    2537314,    2537314
42,    2537322,     55.0,     56.0,     54.0,    164.0, 12, 10, 12, 11,    2381264,    2381264,    2381264,    2381264
42,    2537330,     55.0,     55.0,     56.0,    165.0, 12, 12, 12, 10,    2381267,    2381267,    2381267,    2381267
42,    2577849,     80.0,     78.0,     80.0,    247.0, 12, 12, 12, 10,    2401506,    2403561,    2401506,    2403561
42,    2577859,     79.0,     78.0,     79.0,    252.0, 12, 12, 12, 10,    2401506,    2401506,    2401506,    2401506
42,    2578099,     27.0,     27.0,     26.0,     80.0,  9, 12, 12,  9,      80388,      80388,      80388,      80388
42,    2578118,     27.0,     27.0,     27.0,     80.0,  9, 12, 12,  9,      80388,      80388,      80388,      80388
42,    2578129,     27.0,     27.0,     27.0,     80.0,  9, 12, 12,  9,      80388,      80388,      80388,      80388
42,    2450878,     27.0,     27.0,     27.0,     80.0, 12, 12, 12,  9,      80388,      80388,      80388,      80388
42,    2597366,     26.0,     26.0,     26.0,     77.0,  9, 10, 11,  9,      80648,      80648,      80648,      80648
43,    2579020,     78.0,     79.0,     78.0,    242.0, 12, 12, 12, 11,    2404125,    2404125,    2404125,    2404125
43,    2579038,     78.0,     79.0,     78.0,    238.0, 12, 12, 12,  9,    2404129,    2404125,    2404125,    2404129
43,    2579059,     26.0,     26.0,     26.0,     81.0, 12, 12, 12,  9,      80388,      80388,      80388,      80388
43,    2579067,     26.0,     26.0,     26.0,     81.0, 12, 12, 12,  9,      80388,      80388,      80388,      80388
43,    2579080,     26.0,     26.0,     26.0,     80.0, 12, 12, 12,  9,      80388,      80388,      80388,      80388
43,    2579088,     26.0,     26.0,     26.0,     80.0, 12, 12, 12,  9,      80388,      80388,      80388,      80388
43,    2579101,     26.0,     26.0,     26.0,     80.0, 12, 12, 12,  9,      80388,      80388,      80388,      80388
43,    2580517,     26.0,     26.0,     26.0,     77.0,  9, 10, 11,  9,      80648,      80648,      80648,      80648
43,    2450866,     27.0,     26.0,     26.0,     81.0, 12, 12, 12,  9,      80388,      80388,      80388,      80388
43,    2599986,     27.0,     26.0,     27.0,     81.0, 12, 12, 12,  9,      80388,      80388,      80388,      80388
43,    3214198,     27.0,     26.0,     26.0,     81.0, 12, 12, 12,  9,      80388,      80388,      80388,      80388
43,    2573886,     79.0,     79.0,     78.0,    248.0, 12, 12, 12, 10,    2401506,    2401506,    2401506,    2403563
43,      44399,     49.0,     49.0,     49.0,    140.0,  4,  5,  6,  4,      44398,      44398,      44398,      44398
43,    2577878,     42.0,     42.0,     42.0,    119.0,  4,  5,  6,  4,      44402,      44402,      44402,      44402
43,    2452324,     39.0,     39.0,     39.0,    112.0,  4,  5,  6,  6,    2452324,    2452324,    2452324,    2452324
43,    2575866,     69.0,     68.0,     69.0,    204.0,  9, 12, 11,  9,      80398,      80398,      80398,      80398
43,    2575874,     68.0,     68.0,     68.0,    203.0,  9, 10, 11,  9,      80398,      80398,      80398,      80398
43,    2575898,     69.0,     69.0,     69.0,    205.0,  9, 10, 11,  9,      80398,      80398,      80398,      80398
43,    2575929,     70.0,     70.0,     70.0,    206.0,  9, 10, 11,  9,      80398,      80398,      80398,      80398
43,    2575974,     71.0,     71.0,     71.0,    207.0,  9, 10, 11, 10,      80398,      80398,      80398,      80398
43,    2576338,     72.0,     72.0,     72.0,    208.0,  9, 10, 11, 10,      80398,      80398,      80398,      80398
43,    2576354,     72.0,     72.0,     72.0,    209.0,  9, 10, 11,  9,      80398,      80398,      80398,      80398
43,    2576367,     50.0,     53.0,     56.0,    169.0, 12, 12, 12,  9,      80365,      80365,      80365,      80365
43,    2576385,     49.0,     52.0,     55.0,    168.0, 12, 12, 12,  9,      80365,      80365,      80365,      80365
43,    2576393,     49.0,     52.0,     55.0,    168.0, 12, 12, 12,  9,      80365,      80365,      80365,      80365
43,    2576409,     49.0,     51.0,     54.0,    167.0, 12, 12, 12,  9,      80365,      80365,      80365,      80365
43,    2576417,     48.0,     51.0,     54.0,    166.0, 12, 12, 12,  9,      80365,      80365,      80365,      80365
43,    2451839,     19.0,     20.0,     20.0,     58.0, 12, 10, 11, 11,      80366,      80366,      80366,      80366
43,    2576473,     82.0,     81.0,     81.0,    239.0,  9, 10, 12,  9,    2402586,    2402586,    2402586,    2402586
43,    2576489,     39.0,     39.0,     39.0,    116.0,  9, 10, 11,  9,      80211,      80211,      80211,      80211
43,    2528661,     40.0,     40.0,     40.0,    118.0,  9, 10, 11,  9,      80211,      80211,      80211,      80211
43,    2528667,     20.0,     20.0,     20.0,     59.0,  9, 10, 11,  9,    2375138,    2375138,    2375138,    2375138
43,      44354,     20.0,     20.0,     20.0,     58.0,  9, 10, 11,  9,      80236,      80236,      80236,      80236
43,      44353,     20.0,     20.0,     20.0,     58.0,  9, 10, 11,  9,      80234,      80234,      80234,      80234
43,    2576556,     19.0,     19.0,     19.0,     58.0,  9, 10, 11,  9,    2402610,    2402610,    2402610,    2402610
43,    2576561,     27.0,     27.0,     27.0,     78.0,  9, 10, 11,  9,    2402611,    2402611,    2402611,    2402611
43,    2528688,     20.0,     20.0,     20.0,     59.0,  9, 10, 11,  9,      80224,      80224,      80224,      80224
43,    2528685,     20.0,     20.0,     20.0,     59.0,  9, 10, 11,  9,      80224,      80224,      80224,      80224
43,      44356,     20.0,     20.0,     20.0,     58.0,  9, 10, 11,  9,      80240,      80240,      80240,      80240
43,      44357,     62.0,     63.0,     62.0,    177.0,  4,  5,  6,  4,      44356,      44356,      44356,      44356
43,    2528723,     20.0,     20.0,     20.0,     59.0,  9, 10, 11,  9,    2375175,    2375175,    2375175,    2375175
43,      44368,     20.0,     20.0,     20.0,     59.0,  9, 10, 11,  9,      80259,      80259,      80259,      80259
43,      44367,     20.0,     20.0,     20.0,     59.0,  9, 10, 11,  9,      80257,      80257,      80257,      80257
43,    2528742,     20.0,     20.0,     20.0,     58.0,  9, 10, 11,  9,    2375186,    2375186,    2375186,    2375186
43,    2528747,     20.0,     20.0,     20.0,     58.0,  9, 10, 11,  9,    2375187,    2375187,    2375187,    2375187
43,      44386,     20.0,     20.0,     20.0,     59.0,  9, 10, 11,  9,      80263,      80263,      80263,      80263
43,      44370,     20.0,     20.0,     20.0,     59.0,  9, 10, 11,  9,      80262,      80262,      80262,      80262
43,    2528773,     20.0,     20.0,     20.0,     58.0,  9, 10, 11,  9,      80252,      80252,      80252,      80252
43,    2528781,     20.0,     20.0,     20.0,     58.0,  9, 10, 11,  9,      80252,      80252,      80252,      80252
43,      44390,     20.0,     20.0,     20.0,     59.0,  9, 10, 11,  9,      80292,      80292,      80292,      80292
43,      44389,     20.0,     20.0,     20.0,     59.0,  9, 10, 11,  9,      80292,      80292,      80292,      80292
43,      44398,     20.0,     20.0,     20.0,     59.0,  9, 10, 11,  9,      80304,      80304,      80304,      80304
43,      44416,     20.0,     20.0,     20.0,     59.0,  9, 10, 11,  9,      80330,      80330,      80330,      80330
43,      44418,     20.0,     20.0,     20.0,     59.0,  9, 10, 11,  9,      80333,      80333,      80333,      80333
43,      44423,     20.0,     20.0,     20.0,     59.0,  9, 10, 11,  9,      80342,      80342,      80342,      80342
43,      44422,     20.0,     20.0,     20.0,     59.0,  9, 10, 11,  9,      80340,      80340,      80340,      80340
43,      44426,     20.0,     20.0,     20.0,     59.0,  9, 10, 11,  9,      80347,      80347,      80347,      80347
43,      44425,     17.0,     17.0,     17.0,     49.0,  4,  5,  6,  4,      44425,      44425,      44425,      44425
43,    2537314,     20.0,     20.0,     20.0,     57.0,  4,  5,  6,  4,    2537314,    2537314,    2537314,    2537314
43,    2537322,     55.0,     57.0,     54.0,    163.0, 12, 10, 12, 11,    2381264,    2381264,    2381264,    2381264
43,    2537330,     55.0,     56.0,     56.0,    166.0, 12, 12, 12,  9,    2381267,    2381267,    2381267,    2381267
43,    2577849,     80.0,     79.0,     79.0,    250.0, 12, 12, 12, 10,    2401506,    2403561,    2401506,    2403561
43,    2577859,     79.0,     79.0,     78.0,    251.0, 12, 12, 12, 11,    2401506,    2401506,    2401506,    2401506
43,    2578099,     27.0,     27.0,     27.0,     82.0, 12, 12, 12,  9,      80388,      80388,      80388,      80388
43,    2578118,     27.0,     27.0,     27.0,     82.0, 12, 12, 12,  9,      80388,      80388,      80388,      80388
43,    2578129,     27.0,     27.0,     27.0,     82.0, 12, 12, 12,  9,      80388,      80388,      80388,      80388
43,    2450878,     27.0,     27.0,     27.0,     82.0, 12, 12, 12,  9,      80388,      80388,      80388,      80388
43,    2597366,     26.0,     26.0,     26.0,     77.0,  9, 10, 11,  9,      80648,      80648,      80648,      80648
44,    2579020,     77.0,     77.0,     79.0,    243.0, 12, 12, 12, 10,    2404125,    2404125,    2404125,    2404125
44,    2579038,     78.0,     78.0,     79.0,    239.0, 12, 12, 12, 10,    2404125,    2404125,    2404129,    2404129
44,    2579059,     26.0,     27.0,     26.0,     80.0, 12, 12, 12,  9,      80388,      80388,      80388,      80388
44,    2579067,     26.0,     27.0,     26.0,     80.0, 12, 12, 12,  9,      80388,      80388,      80388,      80388
44,    2579080,     26.0,     26.0,     26.0,     80.0, 12, 12, 12,  9,      80388,      80388,      80388,      80388
44,    2579088,     26.0,     26.0,     25.0,     79.0, 12, 12, 12,  9,      80388,      80388,      80388,      80388
44,    2579101,     25.0,     26.0,     25.0,     79.0, 12, 12, 12,  9,      80388,      80388,      80388,      80388
44,    2580517,     26.0,     26.0,     26.0,     77.0,  9, 10, 11,  9,      80648,      80648,      80648,      80648
44,    2450866,     26.0,     27.0,     26.0,     81.0, 12, 12, 12,  9,      80388,      80388,      80388,      80388
44,    2599986,     26.0,     27.0,     26.0,     81.0, 12, 12, 12,  9,      80388,      80388,      80388,      80388
44,    3214198,     26.0,     27.0,     26.0,     81.0, 12, 12, 12,  9,      80388,      80388,      80388,      80388
44,    2573886,     77.0,     78.0,     80.0,    247.0, 12, 12, 12,  9,    2401506,    2403563,    2401506,    2403563
44,      44399,     49.0,     49.0,     49.0,    141.0,  4,  5,  6,  4,      44398,      44398,      44398,      44398
44,    2577878,     42.0,     42.0,     42.0,    120.0,  4,  5,  6,  4,      44402,      44402,      44402,      44402
44,    2452324,     40.0,     40.0,     40.0,    113.0,  4,  5,  6,  4,    2452324,    2452324,    2452324,    2452324
44,    2575866,     69.0,     68.0,     69.0,    204.0,  9, 12, 11,  9,      80398,      80398,      80398,      80398
44,    2575874,     68.0,     68.0,     68.0,    203.0,  9, 10, 11,  9,      80398,      80398,      80398,      80398
44,    2575898,     70.0,     69.0,     69.0,    205.0,  9, 10, 11,  9,      80398,      80398,      80398,      80398
44,    2575929,     70.0,     70.0,     70.0,    206.0,  9, 10, 11, 10,      80398,      80398,      80398,      80398
44,    2575974,     71.0,     71.0,     71.0,    207.0,  9, 10, 11, 10,      80398,      80398,      80398,      80398
44,    2576338,     72.0,     71.0,     72.0,    208.0,  9, 12, 11, 10,      80398,      80398,      80398,      80398
44,    2576354,     72.0,     72.0,     72.0,    209.0,  9, 10, 11, 10,      80398,      80398,      80398,      80398
44,    2576367,     53.0,     52.0,     54.0,    176.0, 12, 12, 12, 10,      80365,      80365,      80365,      80365
44,    2576385,     52.0,     51.0,     53.0,    175.0, 12, 12, 12, 10,      80365,      80365,      80365,      80365
44,    2576393,     52.0,     51.0,     53.0,    175.0, 12, 12, 12, 10,      80365,      80365,      80365,      80365
44,    2576409,     51.0,     51.0,     53.0,    174.0, 12, 12, 12, 10,      80365,      80365,      80365,      80365
44,    2576417,     51.0,     50.0,     52.0,    173.0, 12, 12, 12, 10,      80365,      80365,      80365,      80365
44,    2451839,     20.0,     20.0,     20.0,     58.0,  9, 10, 11, 11,      80366,      80366,      80366,      80366
44,    2576473,     82.0,     81.0,     81.0,    239.0,  9, 10, 11,  9,    2402586,    2402586,    2402586,    2402586
44,    2576489,     39.0,     39.0,     39.0,    116.0,  9, 10, 11,  9,      80211,      80211,      80211,      80211
44,    2528661,     40.0,     40.0,     40.0,    117.0,  9, 10, 11,  9,      80211,      80211,      80211,      80211
44,    2528667,     20.0,     20.0,     20.0,     59.0,  9, 10, 11,  9,    2375138,    2375138,    2375138,    2375138
44,      44354,     20.0,     20.0,     20.0,     58.0,  9, 10, 11,  9,      80236,      80236,      80236,      80236
44,      44353,     20.0,     20.0,     20.0,     58.0,  9, 10, 11,  9,      80234,      80234,      80234,      80234
44,    2576556,     19.0,     19.0,     19.0,     58.0,  9, 10, 11,  9,    2402610,    2402610,    2402610,    2402610
44,    2576561,     27.0,     27.0,     27.0,     78.0,  9, 10, 11,  9,    2402611,    2402611,    2402611,    2402611
44,    2528688,     20.0,     20.0,     20.0,     59.0,  9, 10, 11,  9,      80224,      80224,      80224,      80224
44,    2528685,     20.0,     20.0,     20.0,     59.0,  9, 10, 11,  9,      80224,      80224,      80224,      80224
44,      44356,     20.0,     20.0,     20.0,     58.0,  9, 10, 11,  9,      80240,      80240,      80240,      80240
44,      44357,     63.0,     63.0,     63.0,    178.0,  4,  5,  6,  4,      44356,      44356,      44356,      44356
44,    2528723,     20.0,     20.0,     20.0,     59.0,  9, 10, 11,  9,    2375175,    2375175,    2375175,    2375175
44,      44368,     20.0,     20.0,     20.0,     59.0,  9, 10, 11,  9,      80259,      80259,      80259,      80259
44,      44367,     20.0,     20.0,     20.0,     59.0,  9, 10, 11,  9,      80257,      80257,      80257,      80257
44,    2528742,     20.0,     20.0,     20.0,     58.0,  9, 10, 11,  9,    2375186,    2375186,    2375186,    2375186
44,    2528747,     20.0,     20.0,     20.0,     58.0,  9, 10, 11,  9,    2375187,    2375187,    2375187,    2375187
44,      44386,     20.0,     20.0,     20.0,     59.0,  9, 10, 11,  9,      80263,      80263,      80263,      80263
44,      44370,     20.0,     20.0,     20.0,     59.0,  9, 10, 11,  9,      80262,      80262,      80262,      80262
44,    2528773,     20.0,     20.0,     20.0,     58.0,  9, 10, 11,  9,      80252,      80252,      80252,      80252
44,    2528781,     20.0,     20.0,     20.0,     58.0,  9, 10, 11,  9,      80252,      80252,      80252,      80252
44,      44390,     20.0,     20.0,     20.0,     59.0,  9, 10, 11,  9,      80292,      80292,      80292,      80292
44,      44389,     20.0,     20.0,     20.0,     59.0,  9, 10, 11,  9,      80292,      80292,      80292,      80292
44,      44398,     20.0,     20.0,     20.0,     59.0,  9, 10, 11,  9,      80304,      80304,      80304,      80304
44,      44416,     20.0,     20.0,     20.0,     59.0,  9, 10, 11,  9,      80330,      80330,      80330,      80330
44,      44418,     20.0,     20.0,     20.0,     59.0,  9, 10, 11,  9,      80333,      80333,      80333,      80333
44,      44423,     20.0,     20.0,     20.0,     59.0,  9, 10, 11,  9,      80342,      80342,      80342,      80342
44,      44422,     20.0,     20.0,     20.0,     59.0,  9, 10, 11,  9,      80340,      80340,      80340,      80340
44,      44426,     20.0,     20.0,     20.0,     59.0,  9, 10, 11,  9,      80347,      80347,      80347,      80347
44,      44425,     17.0,     17.0,     17.0,     49.0,  4,  5,  6,  4,      44425,      44425,      44425,      44425
44,    2537314,     20.0,     20.0,     20.0,     58.0,  4,  5,  6,  4,    2537314,    2537314,    2537314,    2537314
44,    2537322,     55.0,     56.0,     54.0,    163.0, 12, 10, 12, 11,    2381264,    2381264,    2381264,    2381264
44,    2537330,     55.0,     55.0,     56.0,    166.0, 12, 12, 12,  9,    2381267,    2381267,    2381267,    2381267
44,    2577849,     78.0,     79.0,     81.0,    248.0, 12, 12, 12,  9,    2401506,    2403561,    2401506,    2403561
44,    2577859,     77.0,     80.0,     80.0,    249.0, 12, 12, 12,  9,    2401506,    2401506,    2401506,    2401506
44,    2578099,     26.0,     27.0,     26.0,     81.0, 12, 12, 12,  9,      80388,      80388,      80388,      80388
44,    2578118,     27.0,     27.0,     26.0,     81.0, 12, 12, 12,  9,      80388,      80388,      80388,      80388
44,    2578129,     27.0,     27.0,     27.0,     81.0, 12, 12, 12,  9,      80388,      80388,      80388,      80388
44,    2450878,     27.0,     27.0,     27.0,     81.0, 12, 12, 12,  9,      80388,      80388,      80388,      80388
44,    2597366,     26.0,     26.0,     26.0,     77.0,  9, 10, 11,  9,      80648,      80648,      80648,      80648
45,    2579020,     79.0,     77.0,     79.0,    240.0, 12, 12, 12, 10,    2404125,    2404125,    2404125,    2404125
45,    2579038,     79.0,     77.0,     79.0,    238.0, 12, 12, 12, 10,    2404125,    2404125,    2404129,    2404129
45,    2579059,     26.0,     27.0,     27.0,     80.0, 12, 12, 12,  9,      80388,      80388,      80388,      80388
45,    2579067,     25.0,     26.0,     26.0,     79.0, 12, 12, 12,  9,      80388,      80388,      80388,      80388
45,    2579080,     25.0,     26.0,     26.0,     79.0, 12, 12, 12,  9,      80388,      80388,      80388,      80388
45,    2579088,     25.0,     26.0,     26.0,     79.0, 12, 12, 12,  9,      80388,      80388,      80388,      80388
45,    2579101,     25.0,     26.0,     26.0,     79.0, 12, 12, 12,  9,      80388,      80388,      80388,      80388
45,    2580517,     26.0,     26.0,     26.0,     77.0,  9, 10, 11,  9,      80648,      80648,      80648,      80648
45,    2450866,     26.0,     27.0,     27.0,     80.0, 12, 12, 12,  9,      80388,      80388,      80388,      80388
45,    2599986,     26.0,     27.0,     27.0,     80.0, 12, 12, 12,  9,      80388,      80388,      80388,      80388
45,    3214198,     26.0,     27.0,     27.0,     80.0, 12, 12, 12,  9,      80388,      80388,      80388,      80388
45,    2573886,     78.0,     80.0,     78.0,    250.0, 12, 12, 12, 11,    2401506,    2401506,    2403563,    2403563
45,      44399,     49.0,     49.0,     49.0,    140.0,  4,  5,  6,  4,      44398,      44398,      44398,      44398
45,    2577878,     42.0,     42.0,     42.0,    119.0,  4,  5,  6,  4,      44402,      44402,      44402,      44402
45,    2452324,     39.0,     40.0,     39.0,    113.0,  4,  5,  6,  4,    2452324,    2452324,    2452324,    2452324
45,    2575866,     69.0,     68.0,     69.0,    204.0,  9, 12, 11,  9,      80398,      80398,      80398,      80398
45,    2575874,     68.0,     68.0,     68.0,    203.0,  9, 10, 11,  9,      80398,      80398,      80398,      80398
45,    2575898,     69.0,     69.0,     69.0,    205.0,  9, 10, 11,  9,      80398,      80398,      80398,      80398
45,    2575929,     70.0,     70.0,     70.0,    206.0,  9, 10, 11,  9,      80398,      80398,      80398,      80398
45,    2575974,     71.0,     71.0,     71.0,    207.0,  9, 10, 11, 10,      80398,      80398,      80398,      80398
45,    2576338,     72.0,     72.0,     72.0,    208.0,  9, 10, 11,  9,      80398,      80398,      80398,      80398
45,    2576354,     72.0,     72.0,     72.0,    209.0,  9, 10, 11,  9,      80398,      80398,      80398,      80398
45,    2576367,     51.0,     55.0,     53.0,    173.0, 12, 12, 12,  9,      80365,      80365,      80365,      80365
45,    2576385,     50.0,     54.0,     52.0,    172.0, 12, 12, 12,  9,      80365,      80365,      80365,      80365
45,    2576393,     50.0,     54.0,     52.0,    172.0, 12, 12, 12,  9,      80365,      80365,      80365,      80365
45,    2576409,     50.0,     53.0,     52.0,    171.0, 12, 12, 12,  9,      80365,      80365,      80365,      80365
45,    2576417,     49.0,     53.0,     51.0,    170.0, 12, 12, 12,  9,      80365,      80365,      80365,      80365
45,    2451839,     20.0,     20.0,     20.0,     59.0,  9, 10, 11,  9,      80366,      80366,      80366,      80366
45,    2576473,     82.0,     81.0,     81.0,    239.0,  9, 10, 12,  9,    2402586,    2402586,    2402586,    2402586
45,    2576489,     39.0,     39.0,     39.0,    116.0,  9, 10, 11,  9,      80211,      80211,      80211,      80211
45,    2528661,     40.0,     40.0,     40.0,    117.0,  9, 10, 11,  9,      80211,      80211,      80211,      80211
45,    2528667,     20.0,     20.0,     20.0,     59.0,  9, 10, 11,  9,    2375138,    2375138,    2375138,    2375138
45,      44354,     20.0,     20.0,     20.0,     58.0,  9, 10, 11,  9,      80236,      80236,      80236,      80236
45,      44353,     20.0,     20.0,     20.0,     58.0,  9, 10, 11,  9,      80234,      80234,      80234,      80234
45,    2576556,     19.0,     19.0,     19.0,     58.0,  9, 10, 11,  9,    2402610,    2402610,    2402610,    2402610
45,    2576561,     27.0,     27.0,     27.0,     78.0,  9, 10, 11,  9,    2402611,    2402611,    2402611,    2402611
45,    2528688,     20.0,     20.0,     20.0,     59.0,  9, 10, 11,  9,      80224,      80224,      80224,      80224
45,    2528685,     20.0,     20.0,     20.0,     59.0,  9, 10, 11,  9,      80224,      80224,      80224,      80224
45,      44356,     20.0,     20.0,     20.0,     58.0,  9, 10, 11,  9,      80240,      80240,      80240,      80240
45,      44357,     63.0,     63.0,     62.0,    177.0,  4,  5,  6,  6,      44356,      44356,      44356,      44356
45,    2528723,     20.0,     20.0,     20.0,     59.0,  9, 10, 11,  9,    2375175,    2375175,    2375175,    2375175
45,      44368,     20.0,     20.0,     20.0,     59.0,  9, 10, 11,  9,      80259,      80259,      80259,      80259
45,      44367,     20.0,     20.0,     20.0,     59.0,  9, 10, 11,  9,      80257,      80257,      80257,      80257
45,    2528742,     20.0,     20.0,     20.0,     58.0,  9, 10, 11,  9,    2375186,    2375186,    2375186,    2375186
45,    2528747,     20.0,     20.0,     20.0,     58.0,  9, 10, 11,  9,    2375187,    2375187,    2375187,    2375187
45,      44386,     20.0,     20.0,     20.0,     59.0,  9, 10, 11,  9,      80263,      80263,      80263,      80263
45,      44370,     20.0,     20.0,     20.0,     59.0,  9, 10, 11,  9,      80262,      80262,      80262,      80262
45,    2528773,     20.0,     20.0,     20.0,     58.0,  9, 10, 11,  9,      80252,      80252,      80252,      80252
45,    2528781,     20.0,     20.0,     20.0,     58.0,  9, 10, 11,  9,      80252,      80252,      80252,      80252
45,      44390,     20.0,     20.0,     20.0,     59.0,  9, 10, 11,  9,      80292,      80292,      80292,      80292
45,      44389,     20.0,     20.0,     20.0,     59.0,  9, 10, 11,  9,      80292,      80292,      80292,      80292
45,      44398,     20.0,     20.0,     20.0,     59.0,  9, 10, 11,  9,      80304,      80304,      80304,      80304
45,      44416,     20.0,     20.0,     20.0,     59.0,  9, 10, 11,  9,      80330,      80330,      80330,      80330
45,      44418,     20.0,     20.0,     20.0,     59.0,  9, 10, 11,  9,      80333,      80333,      80333,      80333
45,      44423,     20.0,     20.0,     20.0,     59.0,  9, 10, 11,  9,      80342,      80342,      80342,      80342
45,      44422,     20.0,     20.0,     20.0,     59.0,  9, 10, 11,  9,      80340,      80340,      80340,      80340
45,      44426,     20.0,     20.0,     20.0,     59.0,  9, 10, 11,  9,      80347,      80347,      80347,      80347
45,      44425,     17.0,     17.0,     17.0,     49.0,  4,  5,  6,  4,      44425,      44425,      44425,      44425
45,    2537314,     20.0,     20.0,     20.0,     58.0,  4,  5,  6,  4,    2537314,    2537314,    2537314,    2537314
45,    2537322,     56.0,     57.0,     53.0,    163.0, 12, 10, 12, 11,    2381264,    2381264,    2381264,    2381264
45,    2537330,     55.0,     55.0,     57.0,    166.0, 12, 12, 12,  9,    2381267,    2381267,    2381267,    2381267
45,    2577849,     79.0,     80.0,     79.0,    252.0, 12, 12, 12,  9,    2401506,    2403561,    2403561,    2403561
45,    2577859,     78.0,     80.0,     79.0,    253.0, 12, 12, 12,  9,    2401506,    2401506,    2401506,    2401506
45,    2578099,     26.0,     27.0,     27.0,     80.0, 12, 12, 12,  9,      80388,      80388,      80388,      80388
45,    2578118,     26.0,     27.0,     27.0,     80.0, 12, 12, 12,  9,      80388,      80388,      80388,      80388
45,    2578129,     26.0,     27.0,     27.0,     81.0, 12, 12, 12,  9,      80388,      80388,      80388,      80388
45,    2450878,     26.0,     27.0,     27.0,     81.0, 12, 12, 12,  9,      80388,      80388,      80388,      80388
45,    2597366,     26.0,     26.0,     26.0,     77.0,  9, 10, 11,  9,      80648,      80648,      80648,      80648
46,    2579020,     79.0,     77.0,     79.0,    239.0, 12, 12, 12, 10,    2404125,    2404125,    2404125,    2404125
46,    2579038,     79.0,     78.0,     79.0,    237.0, 12, 12, 12, 10,    2404125,    2404125,    2404125,    2404129
46,    2579059,     26.0,     26.0,     27.0,     79.0, 12, 12, 12,  9,      80388,      80388,      80388,      80388
46,    2579067,     25.0,     26.0,     27.0,     79.0, 12, 12, 12,  9,      80388,      80388,      80388,      80388
46,    2579080,     25.0,     26.0,     27.0,     79.0, 12, 12, 11,  9,      80388,      80388,      80388,      80388
46,    2579088,     25.0,     26.0,     26.0,     78.0, 12, 12, 12,  9,      80388,      80388,      80388,      80388
46,    2579101,     25.0,     26.0,     26.0,     78.0, 12, 12, 12,  9,      80388,      80388,      80388,      80388
46,    2580517,     26.0,     26.0,     26.0,     77.0,  9, 10, 11,  9,      80648,      80648,      80648,      80648
46,    2450866,     26.0,     27.0,     27.0,     79.0, 12, 12, 12,  9,      80388,      80388,      80388,      80388
46,    2599986,     26.0,     27.0,     27.0,     80.0, 12, 12, 12,  9,      80388,      80388,      80388,      80388
46,    3214198,     26.0,     27.0,     27.0,     80.0, 12, 12, 12,  9,      80388,      80388,      80388,      80388
46,    2573886,     79.0,     79.0,     78.0,    248.0, 12, 12, 12, 10,    2401506,    2403563,    2401506,    2403563
46,      44399,     49.0,     49.0,     49.0,    140.0,  4,  5,  6,  4,      44398,      44398,      44398,      44398
46,    2577878,     42.0,     42.0,     42.0,    119.0,  4,  5,  6,  4,      44402,      44402,      44402,      44402
46,    2452324,     39.0,     39.0,     39.0,    112.0,  4,  5,  6,  5,    2452324,    2452324,    2452324,    2452324
46,    2575866,     69.0,     68.0,     69.0,    204.0,  9, 12, 11,  9,      80398,      80398,      80398,      80398
46,    2575874,     68.0,     68.0,     68.0,    203.0,  9, 10, 11,  9,      80398,      80398,      80398,      80398
46,    2575898,     69.0,     69.0,     69.0,    205.0,  9, 10, 11,  9,      80398,      80398,      80398,      80398
46,    2575929,     70.0,     70.0,     70.0,    206.0,  9, 10, 11,  9,      80398,      80398,      80398,      80398
46,    2575974,     71.0,     71.0,     71.0,    207.0,  9, 10, 11, 10,      80398,      80398,      80398,      80398
46,    2576338,     72.0,     72.0,     72.0,    208.0,  9, 10, 11, 10,      80398,      80398,      80398,      80398
46,    2576354,     72.0,     72.0,     72.0,    209.0,  9, 10, 11,  9,      80398,      80398,      80398,      80398
46,    2576367,     52.0,     52.0,     54.0,    170.0, 12, 12, 12,  9,      80365,      80365,      80365,      80365
46,    2576385,     52.0,     52.0,     53.0,    169.0, 12, 12, 12,  9,      80365,      80365,      80365,      80365
46,    2576393,     51.0,     52.0,     53.0,    168.0, 12, 12, 12,  9,      80365,      80365,      80365,      80365
46,    2576409,     51.0,     51.0,     53.0,    167.0, 12, 12, 12,  9,      80365,      80365,      80365,      80365
46,    2576417,     51.0,     51.0,     52.0,    167.0, 12, 12, 12,  9,      80365,      80365,      80365,      80365
46,    2451839,     20.0,     20.0,     20.0,     58.0,  9, 10, 11, 11,      80366,      80366,      80366,      80366
46,    2576473,     82.0,     81.0,     81.0,    239.0,  9, 10, 12,  9,    2402586,    2402586,    2402586,    2402586
46,    2576489,     39.0,     39.0,     39.0,    116.0,  9, 10, 11,  9,      80211,      80211,      80211,      80211
46,    2528661,     40.0,     40.0,     40.0,    118.0,  9, 10, 11,  9,      80211,      80211,      80211,      80211
46,    2528667,     20.0,     20.0,     20.0,     59.0,  9, 10, 11,  9,    2375138,    2375138,    2375138,    2375138
46,      44354,     20.0,     20.0,     20.0,     58.0,  9, 10, 11,  9,      80236,      80236,      80236,      80236
46,      44353,     20.0,     20.0,     20.0,     58.0,  9, 10, 11,  9,      80234,      80234,      80234,      80234
46,    2576556,     19.0,     19.0,     19.0,     58.0,  9, 10, 11,  9,    2402610,    2402610,    2402610,    2402610
46,    2576561,     27.0,     27.0,     27.0,     78.0,  9, 10, 11,  9,    2402611,    2402611,    2402611,    2402611
46,    2528688,     20.0,     20.0,     20.0,     59.0,  9, 10, 11,  9,      80224,      80224,      80224,      80224
46,    2528685,     20.0,     20.0,     20.0,     59.0,  9, 10, 11,  9,      80224,      80224,      80224,      80224
46,      44356,     20.0,     20.0,     20.0,     58.0,  9, 10, 11,  9,      80240,      80240,      80240,      80240
46,      44357,     62.0,     62.0,     62.0,    177.0,  4,  5,  6,  4,      44356,      44356,      44356,      44356
46,    2528723,     20.0,     20.0,     20.0,     59.0,  9, 10, 11,  9,    2375175,    2375175,    2375175,    2375175
46,      44368,     20.0,     20.0,     20.0,     59.0,  9, 10, 11,  9,      80259,      80259,      80259,      80259
46,      44367,     20.0,     20.0,     20.0,     59.0,  9, 10, 11,  9,      80257,      80257,      80257,      80257
46,    2528742,     20.0,     20.0,     20.0,     58.0,  9, 10, 11,  9,    2375186,    2375186,    2375186,    2375186
46,    2528747,     20.0,     20.0,     20.0,     58.0,  9, 10, 11,  9,    2375187,    2375187,    2375187,    2375187
46,      44386,     20.0,     20.0,     20.0,     59.0,  9, 10, 11,  9,      80263,      80263,      80263,      80263
46,      44370,     20.0,     20.0,     20.0,     59.0,  9, 10, 11,  9,      80262,      80262,      80262,      80262
46,    2528773,     20.0,     20.0,     20.0,     58.0,  9, 10, 11,  9,      80252,      80252,      80252,      80252
46,    2528781,     20.0,     20.0,     20.0,     58.0,  9, 10, 11,  9,      80252,      80252,      80252,      80252
46,      44390,     20.0,     20.0,     20.0,     59.0,  9, 10, 11,  9,      80292,      80292,      80292,      80292
46,      44389,     20.0,     20.0,     20.0,     59.0,  9, 10, 11,  9,      80292,      80292,      80292,      80292
46,      44398,     20.0,     20.0,     20.0,     59.0,  9, 10, 11,  9,      80304,      80304,      80304,      80304
46,      44416,     20.0,     20.0,     20.0,     59.0,  9, 10, 11,  9,      80330,      80330,      80330,      80330
46,      44418,     20.0,     20.0,     20.0,     59.0,  9, 10, 11,  9,      80333,      80333,      80333,      80333
46,      44423,     20.0,     20.0,     20.0,     59.0,  9, 10, 11,  9,      80342,      80342,      80342,      80342
46,      44422,     20.0,     20.0,     20.0,     59.0,  9, 10, 11,  9,      80340,      80340,      80340,      80340
46,      44426,     20.0,     20.0,     20.0,     59.0,  9, 10, 11,  9,      80347,      80347,      80347,      80347
46,      44425,     17.0,     17.0,     17.0,     49.0,  4,  5,  6,  4,      44425,      44425,      44425,      44425
46,    2537314,     20.0,     20.0,     20.0,     57.0,  4,  5,  6,  4,    2537314,    2537314,    2537314,    2537314
46,    2537322,     56.0,     56.0,     54.0,    163.0, 12, 10, 12, 11,    2381264,    2381264,    2381264,    2381264
46,    2537330,     55.0,     55.0,     56.0,    165.0, 12, 12, 12,  9,    2381267,    2381267,    2381267,    2381267
46,    2577849,     80.0,     80.0,     79.0,    249.0, 12, 12, 12, 10,    2401506,    2403561,    2401506,    2403561
46,    2577859,     79.0,     80.0,     78.0,    250.0, 12, 12, 12, 11,    2401506,    2401506,    2401506,    2401506
46,    2578099,     26.0,     27.0,     27.0,     80.0, 12, 12, 12,  9,      80388,      80388,      80388,      80388
46,    2578118,     26.0,     27.0,     27.0,     80.0, 12, 12, 12,  9,      80388,      80388,      80388,      80388
46,    2578129,     26.0,     27.0,     28.0,     80.0, 12, 12, 12,  9,      80388,      80388,      80388,      80388
46,    2450878,     26.0,     27.0,     28.0,     80.0, 12, 12, 12,  9,      80388,      80388,      80388,      80388
46,    2597366,     26.0,     26.0,     26.0,     77.0,  9, 10, 11,  9,      80648,      80648,      80648,      80648
47,    2579020,     78.0,     77.0,     80.0,    239.0, 12, 12, 12, 10,    2404125,    2404125,    2404125,    2404125
47,    2579038,     78.0,     78.0,     79.0,    237.0, 12, 12, 11,  9,    2404125,    2404125,    2404129,    2404129
47,    2579059,     26.0,     26.0,     27.0,     79.0, 12, 12, 12,  9,      80388,      80388,      80388,      80388
47,    2579067,     26.0,     26.0,     27.0,     79.0, 12, 12, 12,  9,      80388,      80388,      80388,      80388
47,    2579080,     26.0,     26.0,     27.0,     78.0,  9, 12, 11,  9,      80388,      80388,      80388,      80388
47,    2579088,     25.0,     25.0,     26.0,     78.0, 12, 12, 12,  9,      80388,      80388,      80388,      80388
47,    2579101,     25.0,     25.0,     26.0,     78.0, 12, 12, 12,  9,      80388,      80388,      80388,      80388
47,    2580517,     26.0,     26.0,     26.0,     77.0,  9, 10, 11,  9,      80648,      80648,      80648,      80648
47,    2450866,     26.0,     26.0,     27.0,     79.0, 12, 12, 12,  9,      80388,      80388,      80388,      80388
47,    2599986,     26.0,     26.0,     27.0,     79.0, 12, 12, 12,  9,      80388,      80388,      80388,      80388
47,    3214198,     26.0,     26.0,     27.0,     79.0, 12, 12, 12,  9,      80388,      80388,      80388,      80388
47,    2573886,     79.0,     79.0,     79.0,    247.0, 12, 12, 12,  9,    2401506,    2403563,    2401506,    2403563
47,      44399,     49.0,     49.0,     49.0,    139.0,  4,  5,  6,  4,      44398,      44398,      44398,      44398
47,    2577878,     42.0,     42.0,     42.0,    118.0,  4,  5,  6,  5,      44402,      44402,      44402,      44402
47,    2452324,     39.0,     39.0,     39.0,    112.0,  4,  5,  6,  4,    2452324,    2452324,    2452324,    2452324
47,    2575866,     69.0,     68.0,     69.0,    204.0,  9, 12, 11,  9,      80398,      80398,      80398,      80398
47,    2575874,     68.0,     68.0,     68.0,    203.0,  9, 10, 11,  9,      80398,      80398,      80398,      80398
47,    2575898,     69.0,     69.0,     69.0,    205.0,  9, 10, 11,  9,      80398,      80398,      80398,      80398
47,    2575929,     70.0,     70.0,     70.0,    206.0,  9, 10, 11,  9,      80398,      80398,      80398,      80398
47,    2575974,     71.0,     71.0,     71.0,    207.0,  9, 10, 11, 10,      80398,      80398,      80398,      80398
47,    2576338,     72.0,     72.0,     72.0,    208.0,  9, 10, 11, 10,      80398,      80398,      80398,      80398
47,    2576354,     72.0,     72.0,     72.0,    209.0,  9, 10, 11,  9,      80398,      80398,      80398,      80398
47,    2576367,     53.0,     52.0,     54.0,    166.0, 12, 12, 12,  9,      80365,      80365,      80365,      80365
47,    2576385,     52.0,     51.0,     54.0,    165.0, 12, 12, 12,  9,      80365,      80365,      80365,      80365
47,    2576393,     52.0,     51.0,     53.0,    165.0, 12, 12, 12,  9,      80365,      80365,      80365,      80365
47,    2576409,     51.0,     50.0,     53.0,    164.0, 12, 12, 12,  9,      80365,      80365,      80365,      80365
47,    2576417,     51.0,     50.0,     52.0,    163.0, 12, 12, 12,  9,      80365,      80365,      80365,      80365
47,    2451839,     20.0,     20.0,     20.0,     59.0,  9, 10, 11,  9,      80366,      80366,      80366,      80366
47,    2576473,     82.0,     81.0,     81.0,    239.0,  9, 10, 12, 10,    2402586,    2402586,    2402586,    2402586
47,    2576489,     39.0,     39.0,     39.0,    116.0,  9, 10, 11,  9,      80211,      80211,      80211,      80211
47,    2528661,     40.0,     40.0,     40.0,    118.0,  9, 10, 11,  9,      80211,      80211,      80211,      80211
47,    2528667,     20.0,     20.0,     20.0,     59.0,  9, 10, 11,  9,    2375138,    2375138,    2375138,    2375138
47,      44354,     20.0,     20.0,     20.0,     58.0,  9, 10, 11,  9,      80236,      80236,      80236,      80236
47,      44353,     20.0,     20.0,     20.0,     58.0,  9, 10, 11,  9,      80234,      80234,      80234,      80234
47,    2576556,     19.0,     19.0,     19.0,     58.0,  9, 10, 11,  9,    2402610,    2402610,    2402610,    2402610
47,    2576561,     27.0,     27.0,     27.0,     78.0,  9, 10, 11,  9,    2402611,    2402611,    2402611,    2402611
47,    2528688,     20.0,     20.0,     20.0,     59.0,  9, 10, 11,  9,      80224,      80224,      80224,      80224
47,    2528685,     20.0,     20.0,     20.0,     59.0,  9, 10, 11,  9,      80224,      80224,      80224,      80224
47,      44356,     20.0,     20.0,     20.0,     58.0,  9, 10, 11,  9,      80240,      80240,      80240,      80240
47,      44357,     62.0,     62.0,     62.0,    176.0,  4,  5,  6,  4,      44356,      44356,      44356,      44356
47,    2528723,     20.0,     20.0,     20.0,     59.0,  9, 10, 11,  9,    2375175,    2375175,    2375175,    2375175
47,      44368,     20.0,     20.0,     20.0,     59.0,  9, 10, 11,  9,      80259,      80259,      80259,      80259
47,      44367,     20.0,     20.0,     20.0,     59.0,  9, 10, 11,  9,      80257,      80257,      80257,      80257
47,    2528742,     20.0,     20.0,     20.0,     58.0,  9, 10, 11,  9,    2375186,    2375186,    2375186,    2375186
47,    2528747,     20.0,     20.0,     20.0,     58.0,  9, 10, 11,  9,    2375187,    2375187,    2375187,    2375187
47,      44386,     20.0,     20.0,     20.0,     59.0,  9, 10, 11,  9,      80263,      80263,      80263,      80263
47,      44370,     20.0,     20.0,     20.0,     59.0,  9, 10, 11,  9,      80262,      80262,      80262,      80262
47,    2528773,     20.0,     20.0,     20.0,     58.0,  9, 10, 11,  9,      80252,      80252,      80252,      80252
47,    2528781,     20.0,     20.0,     20.0,     58.0,  9, 10, 11,  9,      80252,      80252,      80252,      80252
47,      44390,     20.0,     20.0,     20.0,     59.0,  9, 10, 11,  9,      80292,      80292,      80292,      80292
47,      44389,     20.0,     20.0,     20.0,     59.0,  9, 10, 11,  9,      80292,      80292,      80292,      80292
47,      44398,     20.0,     20.0,     20.0,     59.0,  9, 10, 11,  9,      80304,      80304,      80304,      80304
47,      44416,     20.0,     20.0,     20.0,     59.0,  9, 10, 11,  9,      80330,      80330,      80330,      80330
47,      44418,     20.0,     20.0,     20.0,     59.0,  9, 10, 11,  9,      80333,      80333,      80333,      80333
47,      44423,     20.0,     20.0,     20.0,     59.0,  9, 10, 11,  9,      80342,      80342,      80342,      80342
47,      44422,     20.0,     20.0,     20.0,     59.0,  9, 10, 11,  9,      80340,      80340,      80340,      80340
47,      44426,     20.0,     20.0,     20.0,     59.0,  9, 10, 11,  9,      80347,      80347,      80347,      80347
47,      44425,     17.0,     17.0,     17.0,     49.0,  4,  5,  6,  4,      44425,      44425,      44425,      44425
47,    2537314,     20.0,     20.0,     20.0,     57.0,  4,  5,  6,  4,    2537314,    2537314,    2537314,    2537314
47,    2537322,     56.0,     56.0,     54.0,    163.0, 12, 10, 12, 11,    2381264,    2381264,    2381264,    2381264
47,    2537330,     55.0,     55.0,     57.0,    166.0, 12, 12, 12,  9,    2381267,    2381267,    2381267,    2381267
47,    2577849,     79.0,     80.0,     80.0,    248.0, 12, 12, 12,  9,    2401506,    2401506,    2401506,    2403561
47,    2577859,     78.0,     79.0,     79.0,    250.0, 12, 12, 12,  9,    2401506,    2401506,    2401506,    2401506
47,    2578099,     26.0,     26.0,     27.0,     79.0, 12, 12, 12,  9,      80388,      80388,      80388,      80388
47,    2578118,     26.0,     26.0,     27.0,     80.0, 12, 12, 12,  9,      80388,      80388,      80388,      80388
47,    2578129,     27.0,     27.0,     28.0,     80.0,  9, 12, 11,  9,      80388,      80388,      80388,      80388
47,    2450878,     27.0,     27.0,     28.0,     80.0,  9, 12, 12,  9,      80388,      80388,      80388,      80388
47,    2597366,     26.0,     26.0,     26.0,     77.0,  9, 10, 11,  9,      80648,      80648,      80648,      80648
