 F,      BusId,       PA,       PB,       PC,       P3, XA, XB, XC, X3,       id_A,       id_B,       id_C,       id_3
 0,    2580315,     22.0,     22.0,     22.0,     72.0,  1,  2,  3,  1,    2524230,    2524230,    2524230,    2524230
 0,    2239779,     60.0,     59.0,     59.0,    186.0,  9, 10, 11, 10,    2186677,    2186677,    2186677,    2186677
 0,    2522946,     13.0,     13.0,     13.0,     42.0,  1,  2,  3,  2,    2522946,    2522946,    2522946,    2522946
 0,    1903706,     36.0,     35.0,     36.0,    115.0,  1,  2,  3,  2,    1903976,    1903860,    1903860,    1903900
 0,    2524230,     21.0,     21.0,     21.0,     68.0,  1,  2,  3,  1,    2524230,    2524230,    2524230,    2524230
 0,    1899476,     22.0,     22.0,     22.0,     68.0,  9, 10, 11,  9,    1931587,    1931587,    1931587,    1931587
 0,    1903982,     23.0,     23.0,     23.0,     74.0,  1,  2,  3,  2,    1903982,    1903982,    1903982,    1903982
 0,    1903700,     17.0,     17.0,     17.0,     54.0,  9, 10, 11,  9,    1934377,    1934377,    1934377,    1934377
 0,    1903719,     17.0,     17.0,     17.0,     54.0,  9, 10, 11,  9,    1934391,    1934391,    1934391,    1934391
 0,    1903729,     17.0,     17.0,     17.0,     55.0,  9, 10, 11,  9,    1934394,    1934394,    1934394,    1934394
 0,    2524202,     35.0,     33.0,     34.0,    109.0,  1,  2,  3,  2,    1903705,    1904017,    1904037,    1904017
 0,    2524213,     17.0,     17.0,     17.0,     54.0,  9, 10, 11,  9,    1934407,    1934407,    1934407,    1934407
 0,    1903783,     17.0,     17.0,     17.0,     54.0,  9, 10, 11,  9,    1934417,    1934417,    1934417,    1934417
 0,    1903835,     17.0,     17.0,     17.0,     54.0,  9, 10, 11,  9,    1934471,    1934471,    1934471,    1934471
 0,    1903860,     22.0,     22.0,     22.0,     70.0,  9, 10, 11, 10,    1934493,    1934493,    1934493,    1934493
 0,    1903900,     16.0,     16.0,     16.0,     53.0,  9,  2, 11,  9,    1934516,    1903900,    1934516,    1934516
 0,    1903976,     25.0,     25.0,     25.0,     81.0,  1,  2,  3,  2,    1904037,    1903976,    1904037,    1903976
 0,    1904017,     16.0,     15.0,     16.0,     50.0,  1,  2,  3,  2,    1904017,    1904017,    1904017,    1904017
 0,    1904379,     19.0,     19.0,     19.0,     62.0,  1,  2,  3,  2,    1904379,    1904037,    1904379,    1904379
 0,    1904389,     18.0,     18.0,     18.0,     58.0,  1,  2,  3,  2,    1904384,    1904384,    1904384,    1904384
 0,    1904394,     18.0,     18.0,     18.0,     58.0,  1,  2,  3,  2,    1904384,    1904384,    1904384,    1904384
 0,    2581468,     24.0,     23.0,     24.0,     75.0,  1,  2,  3,  2,    1904037,    1904037,    1904037,    1904379
 0,    1942936,     24.0,     24.0,     24.0,     74.0,  9, 10, 11, 10,    1953787,    1953787,    1953787,    1953787
 0,    1942953,     23.0,     21.0,     22.0,     65.0,  9, 10, 11, 10,    1953791,    1953791,    1953791,    1953791
 0,    1947095,     47.0,     48.0,     47.0,    150.0,  9, 10, 12,  9,    1956452,    1956452,    1956452,    1956452
 0,    2372207,     41.0,     41.0,     41.0,    133.0,  1,  2,  3,  1,    2372207,    2372207,    2372207,    2372207
 0,    2189612,     41.0,     41.0,     41.0,    132.0,  1,  2,  3,  1,    2189612,    2189612,    2189612,    2189612
 0,    2239774,     18.0,     18.0,     18.0,     55.0,  9, 10, 11,  9,    2186663,    2186663,    2186663,    2186663
 0,    2524115,     18.0,     18.0,     18.0,     56.0,  9, 10, 11,  9,    2371370,    2371370,    2371370,    2371370
 0,    2580580,     17.0,     17.0,     17.0,     54.0,  9, 10, 11,  9,    2186669,    2186669,    2186669,    2186669
 0,    2239803,     18.0,     18.0,     17.0,     53.0,  9, 10, 11, 11,    2186672,    2186672,    2186672,    2186672
 0,    2475650,     22.0,     21.0,     22.0,     69.0,  9, 10, 11, 10,    2338808,    2338808,    2338808,    2338808
 0,    2239793,     17.0,     17.0,     17.0,     54.0,  9, 10, 11,  9,    2186669,    2186669,    2186669,    2186669
 0,    2524139,     17.0,     17.0,     17.0,     54.0,  9, 10, 11,  9,    2371378,    2371378,    2371378,    2371378
 0,    2578521,     45.0,     43.0,     45.0,    141.0,  1,  2,  3,  2,    1903685,    1903860,    1903685,    1904017
 0,    1903690,     17.0,     17.0,     17.0,     55.0,  9, 10, 11,  9,    1934372,    1934372,    1934372,    1934372
 0,    1903695,     41.0,     39.0,     41.0,    129.0,  1,  2,  3,  2,    1903695,    1904017,    1903695,    1903900
 0,    3525454,     16.0,     15.0,     16.0,     51.0,  1,  2,  3,  2,    3525454,    3525454,    3525454,    3525454
 0,    1903920,     17.0,     17.0,     17.0,     54.0,  9, 10, 11,  9,    1934522,    1934522,    1934522,    1934522
 0,    2579147,     55.0,     55.0,     55.0,    171.0,  9, 10, 11,  9,    2186681,    2186681,    2186681,    2186681
 0,    2579364,     29.0,     29.0,     29.0,     93.0,  1,  2,  3,  1,    2524230,    2524230,    2524230,    2524230
 0,    2524230,     21.0,     21.0,     21.0,     68.0,  1,  2,  3,  1,    2524230,    2524230,    2524230,    2524230
 0,    2524214,     37.0,     37.0,     37.0,    119.0,  1,  2,  3,  1,    2524214,    2524214,    2524214,    2524214
 0,    2579348,     27.0,     27.0,     27.0,     88.0,  1,  2,  3,  1,    2524255,    2524255,    2524255,    2524255
 0,    2524255,     21.0,     21.0,     21.0,     68.0,  1,  2,  3,  1,    2524255,    2524255,    2524255,    2524255
 0,    2524265,     16.0,     16.0,     16.0,     52.0,  1,  2,  3,  1,    2524265,    2524265,    2524265,    2524265
 0,    2524270,     17.0,     17.0,     17.0,     56.0,  1,  2,  3,  1,    2524270,    2524270,    2524270,    2524270
 0,    2579394,     18.0,     18.0,     18.0,     59.0,  1,  2,  3,  1,    2524245,    2524245,    2524245,    2524245
 0,    2579409,     16.0,     16.0,     16.0,     52.0,  1,  2,  3,  1,    2524245,    2524245,    2524245,    2524245
 0,    2524245,     14.0,     14.0,     14.0,     45.0,  1,  2,  3,  1,    2524245,    2524245,    2524245,    2524245
 0,    2579444,     12.0,     12.0,     12.0,     40.0,  1,  2,  3,  1,    2524295,    2524295,    2524295,    2524295
 0,    2524295,     11.0,     11.0,     11.0,     36.0,  1,  2,  3,  1,    2524295,    2524295,    2524295,    2524295
 0,    2524300,     11.0,     11.0,     11.0,     35.0,  1,  2,  3,  1,    2524295,    2524295,    2524295,    2524300
 0,    2524310,     11.0,     11.0,     11.0,     35.0,  1,  2,  3,  1,    2524295,    2524295,    2524295,    2524310
 0,    3525437,     14.0,     13.0,     13.0,     43.0,  1,  2,  3,  2,    3525437,    3525437,    3525437,    3525437
 0,    2475645,     20.0,     19.0,     20.0,     63.0,  1,  2,  3,  2,    2475645,    2475645,    2475645,    2475645
 0,    3612708,     24.0,     24.0,     24.0,     74.0,  9, 10, 11, 10,    2846700,    2846700,    2846700,    2846700
 1,    2580315,     22.0,     22.0,     22.0,     72.0,  1,  2,  3,  1,    2524230,    2524230,    2524230,    2524230
 1,    2239779,     60.0,     59.0,     60.0,    187.0,  9, 10, 11,  9,    2186677,    2186677,    2186677,    2186677
 1,    2522946,     13.0,     13.0,     13.0,     42.0,  1,  2,  3,  2,    2522946,    2522946,    2522946,    2522946
 1,    1903706,     36.0,     36.0,     37.0,    116.0,  1,  2,  3,  2,    1903705,    1903705,    1903705,    1904017
 1,    2524230,     21.0,     21.0,     21.0,     68.0,  1,  2,  3,  1,    2524230,    2524230,    2524230,    2524230
 1,    1899476,     22.0,     22.0,     22.0,     68.0,  9, 10, 11,  9,    1931587,    1931587,    1931587,    1931587
 1,    1903982,     23.0,     23.0,     24.0,     75.0,  1,  2,  3,  2,    1903982,    1903982,    1903982,    1903982
 1,    1903700,     17.0,     17.0,     17.0,     54.0,  9, 10, 11,  9,    1934377,    1934377,    1934377,    1934377
 1,    1903719,     17.0,     17.0,     17.0,     54.0,  9, 10, 11,  9,    1934391,    1934391,    1934391,    1934391
 1,    1903729,     17.0,     17.0,     17.0,     55.0,  9, 10, 11,  9,    1934394,    1934394,    1934394,    1934394
 1,    2524202,     34.0,     34.0,     35.0,    110.0,  1,  2,  3,  2,    1903860,    1903705,    1903705,    1904017
 1,    2524213,     17.0,     17.0,     17.0,     54.0,  9, 10, 11,  9,    1934407,    1934407,    1934407,    1934407
 1,    1903783,     17.0,     17.0,     17.0,     54.0,  9, 10, 11,  9,    1934417,    1934417,    1934417,    1934417
 1,    1903835,     17.0,     17.0,     17.0,     54.0,  9, 10, 11,  9,    1934471,    1934471,    1934471,    1934471
 1,    1903860,     22.0,     22.0,     22.0,     70.0,  9, 10, 11, 10,    1934493,    1934493,    1934493,    1934493
 1,    1903900,     16.0,     16.0,     16.0,     53.0,  9, 10, 11,  9,    1934516,    1934516,    1934516,    1934516
 1,    1903976,     25.0,     25.0,     26.0,     82.0,  1,  2,  3,  2,    1903976,    1903976,    1903976,    1903976
 1,    1904017,     16.0,     15.0,     16.0,     51.0,  1,  2,  3,  2,    1904017,    1904017,    1904017,    1904017
 1,    1904379,     19.0,     19.0,     20.0,     63.0,  1,  2,  3,  1,    1904379,    1904379,    1904037,    1904379
 1,    1904389,     18.0,     18.0,     18.0,     58.0,  1,  2,  3,  2,    1904384,    1904384,    1904384,    1904384
 1,    1904394,     18.0,     18.0,     18.0,     58.0,  1,  2,  3,  2,    1904384,    1904384,    1904384,    1904384
 1,    2581468,     24.0,     23.0,     24.0,     76.0,  1,  2,  3,  2,    1904037,    1904037,    1904037,    1904037
 1,    1942936,     24.0,     24.0,     24.0,     74.0,  9, 10, 11,  9,    1953787,    1953787,    1953787,    1953787
 1,    1942953,     22.0,     23.0,     23.0,     69.0,  9, 10, 11,  9,    1953791,    1953791,    1953791,    1953791
 1,    1947095,     47.0,     48.0,     47.0,    150.0,  9, 10, 12,  9,    1956452,    1956452,    1956452,    1956452
 1,    2372207,     41.0,     41.0,     41.0,    133.0,  1,  2,  3,  1,    2372207,    2372207,    2372207,    2372207
 1,    2189612,     41.0,     41.0,     41.0,    132.0,  1,  2,  3,  1,    2189612,    2189612,    2189612,    2189612
 1,    2239774,     18.0,     17.0,     18.0,     55.0,  9, 10, 11,  9,    2186663,    2186663,    2186663,    2186663
 1,    2524115,     18.0,     18.0,     18.0,     56.0,  9, 10, 11,  9,    2371370,    2371370,    2371370,    2371370
 1,    2580580,     17.0,     17.0,     17.0,     54.0,  9, 10, 11,  9,    2186669,    2186669,    2186669,    2186669
 1,    2239803,     18.0,     18.0,     18.0,     55.0,  9, 10, 11, 11,    2186672,    2186672,    2186672,    2186672
 1,    2475650,     22.0,     22.0,     22.0,     71.0,  9, 10, 11,  9,    2338808,    2338808,    2338808,    2338808
 1,    2239793,     17.0,     17.0,     17.0,     54.0,  9, 10, 11,  9,    2186669,    2186669,    2186669,    2186669
 1,    2524139,     17.0,     17.0,     17.0,     54.0,  9, 10, 11,  9,    2371378,    2371378,    2371378,    2371378
 1,    2578521,     44.0,     44.0,     45.0,    143.0,  1,  2,  3,  2,    1903900,    1903705,    1903695,    1903900
 1,    1903690,     17.0,     17.0,     17.0,     55.0,  9, 10, 11,  9,    1934372,    1934372,    1934372,    1934372
 1,    1903695,     40.0,     40.0,     41.0,    130.0,  1,  2,  3,  2,    1904017,    1903705,    1903705,    1904017
 1,    3525454,     16.0,     16.0,     16.0,     52.0,  1,  2,  3,  2,    3525454,    3525454,    3525454,    3525454
 1,    1903920,     17.0,     17.0,     17.0,     54.0,  9, 10, 11,  9,    1934522,    1934522,    1934522,    1934522
 1,    2579147,     55.0,     55.0,     55.0,    171.0,  9, 10, 11,  9,    2186681,    2186681,    2186681,    2186681
 1,    2579364,     29.0,     29.0,     29.0,     93.0,  1,  2,  3,  1,    2524230,    2524230,    2524230,    2524230
 1,    2524230,     21.0,     21.0,     21.0,     68.0,  1,  2,  3,  1,    2524230,    2524230,    2524230,    2524230
 1,    2524214,     37.0,     37.0,     37.0,    119.0,  1,  2,  3,  1,    2524214,    2524214,    2524214,    2524214
 1,    2579348,     27.0,     27.0,     27.0,     88.0,  1,  2,  3,  1,    2524255,    2524255,    2524255,    2524255
 1,    2524255,     21.0,     21.0,     21.0,     68.0,  1,  2,  3,  1,    2524255,    2524255,    2524255,    2524255
 1,    2524265,     16.0,     16.0,     16.0,     52.0,  1,  2,  3,  1,    2524265,    2524265,    2524265,    2524265
 1,    2524270,     17.0,     17.0,     17.0,     56.0,  1,  2,  3,  1,    2524270,    2524270,    2524270,    2524270
 1,    2579394,     18.0,     18.0,     18.0,     59.0,  1,  2,  3,  1,    2524245,    2524245,    2524245,    2524245
 1,    2579409,     16.0,     16.0,     16.0,     52.0,  1,  2,  3,  1,    2524245,    2524245,    2524245,    2524245
 1,    2524245,     14.0,     14.0,     14.0,     45.0,  1,  2,  3,  1,    2524245,    2524245,    2524245,    2524245
 1,    2579444,     12.0,     12.0,     12.0,     40.0,  1,  2,  3,  1,    2524295,    2524295,    2524295,    2524295
 1,    2524295,     11.0,     11.0,     11.0,     36.0,  1,  2,  3,  1,    2524295,    2524295,    2524295,    2524295
 1,    2524300,     11.0,     11.0,     11.0,     35.0,  1,  2,  3,  1,    2524295,    2524295,    2524295,    2524300
 1,    2524310,     11.0,     11.0,     11.0,     35.0,  1,  2,  3,  1,    2524295,    2524295,    2524295,    2524310
 1,    3525437,     13.0,     13.0,     14.0,     43.0,  1,  2,  3,  2,    3525437,    3525437,    3525437,    3525437
 1,    2475645,     20.0,     20.0,     20.0,     64.0,  1,  2,  3,  2,    2475645,    2475645,    2475645,    2475645
 1,    3612708,     24.0,     24.0,     24.0,     74.0,  9, 10, 11, 10,    2846700,    2846700,    2846700,    2846700
 2,    2580315,     22.0,     22.0,     22.0,     72.0,  1,  2,  3,  1,    2524230,    2524230,    2524230,    2524230
 2,    2239779,     60.0,     60.0,     60.0,    188.0,  9, 10, 11,  9,    2186677,    2186677,    2186677,    2186677
 2,    2522946,     13.0,     13.0,     13.0,     43.0,  1,  2,  3,  1,    2522946,    2522946,    2522946,    2522946
 2,    1903706,     36.0,     36.0,     37.0,    118.0,  1,  2,  3,  2,    1903768,    1903705,    1903705,    1903860
 2,    2524230,     21.0,     21.0,     21.0,     68.0,  1,  2,  3,  1,    2524230,    2524230,    2524230,    2524230
 2,    1899476,     22.0,     22.0,     22.0,     68.0,  9, 10, 11,  9,    1931587,    1931587,    1931587,    1931587
 2,    1903982,     23.0,     23.0,     24.0,     76.0,  1,  2,  3,  2,    1903982,    1903982,    1903982,    1903982
 2,    1903700,     17.0,     17.0,     17.0,     54.0,  9, 10, 11,  9,    1934377,    1934377,    1934377,    1934377
 2,    1903719,     17.0,     17.0,     17.0,     54.0,  9, 10, 11,  9,    1934391,    1934391,    1934391,    1934391
 2,    1903729,     17.0,     17.0,     17.0,     55.0,  9, 10, 11,  9,    1934394,    1934394,    1934394,    1934394
 2,    2524202,     34.0,     34.0,     35.0,    112.0,  1,  2,  3,  2,    1904379,    1903860,    1903705,    1903976
 2,    2524213,     17.0,     17.0,     17.0,     54.0,  9, 10, 11,  9,    1934407,    1934407,    1934407,    1934407
 2,    1903783,     17.0,     17.0,     17.0,     54.0,  9, 10, 11,  9,    1934417,    1934417,    1934417,    1934417
 2,    1903835,     17.0,     17.0,     17.0,     54.0,  9, 10, 11,  9,    1934471,    1934471,    1934471,    1934471
 2,    1903860,     22.0,     22.0,     22.0,     71.0,  9, 10, 11,  9,    1934493,    1934493,    1934493,    1934493
 2,    1903900,     16.0,     16.0,     16.0,     53.0,  9, 10, 11,  9,    1934516,    1934516,    1934516,    1934516
 2,    1903976,     25.0,     25.0,     26.0,     83.0,  1,  2,  3,  2,    1904037,    1903976,    1903976,    1903976
 2,    1904017,     16.0,     16.0,     16.0,     52.0,  1,  2,  3,  1,    1904017,    1904017,    1904017,    1904017
 2,    1904379,     19.0,     19.0,     20.0,     63.0,  1,  2,  3,  2,    1904379,    1904379,    1904037,    1904379
 2,    1904389,     18.0,     18.0,     18.0,     59.0,  1,  2,  3,  2,    1904384,    1904384,    1904384,    1904384
 2,    1904394,     18.0,     18.0,     18.0,     59.0,  1,  2,  3,  2,    1904384,    1904384,    1904384,    1904384
 2,    2581468,     24.0,     24.0,     24.0,     77.0,  1,  2,  3,  2,    1904037,    1904037,    1904037,    1904037
 2,    1942936,     24.0,     24.0,     24.0,     74.0,  9, 10, 11, 10,    1953787,    1953787,    1953787,    1953787
 2,    1942953,     23.0,     22.0,     22.0,     69.0,  9, 10, 11, 11,    1953791,    1953791,    1953791,    1953791
 2,    1947095,     47.0,     48.0,     47.0,    150.0,  9, 10, 12,  9,    1956452,    1956452,    1956452,    1956452
 2,    2372207,     41.0,     41.0,     41.0,    133.0,  1,  2,  3,  1,    2372207,    2372207,    2372207,    2372207
 2,    2189612,     41.0,     41.0,     41.0,    132.0,  1,  2,  3,  1,    2189612,    2189612,    2189612,    2189612
 2,    2239774,     18.0,     18.0,     18.0,     55.0,  9, 10, 11,  9,    2186663,    2186663,    2186663,    2186663
 2,    2524115,     18.0,     18.0,     18.0,     56.0,  9, 10, 11,  9,    2371370,    2371370,    2371370,    2371370
 2,    2580580,     17.0,     17.0,     17.0,     54.0,  9, 10, 11,  9,    2186669,    2186669,    2186669,    2186669
 2,    2239803,     18.0,     18.0,     18.0,     56.0,  9, 10, 11,  9,    2186672,    2186672,    2186672,    2186672
 2,    2475650,     22.0,     22.0,     22.0,     71.0,  9, 10, 11,  9,    2338808,    2338808,    2338808,    2338808
 2,    2239793,     17.0,     17.0,     17.0,     54.0,  9, 10, 11,  9,    2186669,    2186669,    2186669,    2186669
 2,    2524139,     17.0,     17.0,     17.0,     54.0,  9, 10, 11,  9,    2371378,    2371378,    2371378,    2371378
 2,    2578521,     45.0,     44.0,     45.0,    144.0,  1,  2,  3,  2,    1903685,    1903976,    1903705,    1904017
 2,    1903690,     17.0,     17.0,     17.0,     55.0,  9, 10, 11,  9,    1934372,    1934372,    1934372,    1934372
 2,    1903695,     41.0,     40.0,     41.0,    132.0,  1,  2,  3,  2,    1903695,    1904017,    1903768,    1903982
 2,    3525454,     16.0,     16.0,     16.0,     52.0,  1,  2,  3,  2,    3525454,    3525454,    3525454,    3525454
 2,    1903920,     17.0,     17.0,     17.0,     54.0,  9, 10, 11,  9,    1934522,    1934522,    1934522,    1934522
 2,    2579147,     55.0,     55.0,     55.0,    171.0,  9, 10, 11,  9,    2186681,    2186681,    2186681,    2186681
 2,    2579364,     29.0,     29.0,     29.0,     93.0,  1,  2,  3,  1,    2524230,    2524230,    2524230,    2524230
 2,    2524230,     21.0,     21.0,     21.0,     68.0,  1,  2,  3,  1,    2524230,    2524230,    2524230,    2524230
 2,    2524214,     37.0,     37.0,     37.0,    119.0,  1,  2,  3,  1,    2524214,    2524214,    2524214,    2524214
 2,    2579348,     27.0,     27.0,     27.0,     88.0,  1,  2,  3,  1,    2524255,    2524255,    2524255,    2524255
 2,    2524255,     21.0,     21.0,     21.0,     68.0,  1,  2,  3,  1,    2524255,    2524255,    2524255,    2524255
 2,    2524265,     16.0,     16.0,     16.0,     52.0,  1,  2,  3,  1,    2524265,    2524265,    2524265,    2524265
 2,    2524270,     17.0,     17.0,     17.0,     56.0,  1,  2,  3,  1,    2524270,    2524270,    2524270,    2524270
 2,    2579394,     18.0,     18.0,     18.0,     59.0,  1,  2,  3,  1,    2524245,    2524245,    2524245,    2524245
 2,    2579409,     16.0,     16.0,     16.0,     52.0,  1,  2,  3,  1,    2524245,    2524245,    2524245,    2524245
 2,    2524245,     14.0,     14.0,     14.0,     45.0,  1,  2,  3,  1,    2524245,    2524245,    2524245,    2524245
 2,    2579444,     12.0,     12.0,     12.0,     40.0,  1,  2,  3,  1,    2524295,    2524295,    2524295,    2524295
 2,    2524295,     11.0,     11.0,     11.0,     36.0,  1,  2,  3,  1,    2524295,    2524295,    2524295,    2524295
 2,    2524300,     11.0,     11.0,     11.0,     35.0,  1,  2,  3,  1,    2524295,    2524295,    2524295,    2524300
 2,    2524310,     11.0,     11.0,     11.0,     35.0,  1,  2,  3,  1,    2524295,    2524295,    2524295,    2524310
 2,    3525437,     13.0,     13.0,     14.0,     44.0,  1,  2,  3,  1,    3525437,    3525437,    3525437,    3525437
 2,    2475645,     20.0,     20.0,     20.0,     65.0,  1,  2,  3,  1,    2475645,    2475645,    2475645,    2475645
 2,    3612708,     24.0,     24.0,     24.0,     74.0,  9, 10, 11, 10,    2846700,    2846700,    2846700,    2846700
 3,    2580315,     22.0,     22.0,     22.0,     72.0,  1,  2,  3,  1,    2524230,    2524230,    2524230,    2524230
 3,    2239779,     60.0,     60.0,     60.0,    188.0,  9, 10, 11,  9,    2186677,    2186677,    2186677,    2186677
 3,    2522946,     13.0,     13.0,     13.0,     43.0,  1,  2,  3,  1,    2522946,    2522946,    2522946,    2522946
 3,    1903706,     36.0,     36.0,     37.0,    117.0,  1,  2,  3,  2,    1903860,    1903705,    1903705,    1904017
 3,    2524230,     21.0,     21.0,     21.0,     68.0,  1,  2,  3,  1,    2524230,    2524230,    2524230,    2524230
 3,    1899476,     22.0,     22.0,     22.0,     68.0,  9, 10, 11,  9,    1931587,    1931587,    1931587,    1931587
 3,    1903982,     23.0,     23.0,     24.0,     76.0,  1,  2,  3,  2,    1903982,    1903982,    1903982,    1903982
 3,    1903700,     17.0,     17.0,     17.0,     54.0,  9, 10, 11,  9,    1934377,    1934377,    1934377,    1934377
 3,    1903719,     17.0,     17.0,     17.0,     54.0,  9, 10, 11,  9,    1934391,    1934391,    1934391,    1934391
 3,    1903729,     17.0,     17.0,     17.0,     55.0,  9, 10, 11,  9,    1934394,    1934394,    1934394,    1934394
 3,    2524202,     35.0,     34.0,     35.0,    112.0,  1,  2,  3,  2,    1903705,    1903768,    1903705,    1903900
 3,    2524213,     17.0,     17.0,     17.0,     54.0,  9, 10, 11,  9,    1934407,    1934407,    1934407,    1934407
 3,    1903783,     17.0,     17.0,     17.0,     54.0,  9, 10, 11,  9,    1934417,    1934417,    1934417,    1934417
 3,    1903835,     17.0,     17.0,     17.0,     54.0,  9, 10, 11,  9,    1934471,    1934471,    1934471,    1934471
 3,    1903860,     22.0,     22.0,     22.0,     71.0,  9, 10, 11,  9,    1934493,    1934493,    1934493,    1934493
 3,    1903900,     16.0,     16.0,     16.0,     53.0,  9, 10, 11,  9,    1934516,    1934516,    1934516,    1934516
 3,    1903976,     25.0,     25.0,     26.0,     82.0,  1,  2,  3,  2,    1904037,    1903976,    1903976,    1904017
 3,    1904017,     16.0,     16.0,     16.0,     51.0,  1,  2,  3,  2,    1904017,    1904017,    1904017,    1904017
 3,    1904379,     19.0,     19.0,     20.0,     63.0,  1,  2,  3,  2,    1904379,    1904379,    1904037,    1904379
 3,    1904389,     18.0,     18.0,     18.0,     59.0,  1,  2,  3,  2,    1904384,    1904384,    1904384,    1904384
 3,    1904394,     18.0,     18.0,     18.0,     59.0,  1,  2,  3,  2,    1904384,    1904384,    1904384,    1904384
 3,    2581468,     24.0,     24.0,     24.0,     77.0,  1,  2,  3,  2,    1904037,    1904037,    1904037,    1904037
 3,    1942936,     24.0,     24.0,     24.0,     74.0,  9, 10, 11, 11,    1953787,    1953787,    1953787,    1953787
 3,    1942953,     23.0,     23.0,     23.0,     71.0,  9, 10, 11,  9,    1953791,    1953791,    1953791,    1953791
 3,    1947095,     47.0,     48.0,     47.0,    150.0,  9, 10, 12,  9,    1956452,    1956452,    1956452,    1956452
 3,    2372207,     40.0,     41.0,     41.0,    132.0,  1,  2,  3,  1,    2372207,    2372207,    2372207,    2372207
 3,    2189612,     40.0,     41.0,     41.0,    131.0,  1,  2,  3,  1,    2189612,    2189612,    2189612,    2189612
 3,    2239774,     18.0,     18.0,     18.0,     55.0,  9, 10, 11,  9,    2186663,    2186663,    2186663,    2186663
 3,    2524115,     18.0,     18.0,     18.0,     56.0,  9, 10, 11,  9,    2371370,    2371370,    2371370,    2371370
 3,    2580580,     17.0,     17.0,     17.0,     54.0,  9, 10, 11,  9,    2186669,    2186669,    2186669,    2186669
 3,    2239803,     18.0,     18.0,     18.0,     56.0,  9, 10, 11,  9,    2186672,    2186672,    2186672,    2186672
 3,    2475650,     22.0,     22.0,     22.0,     70.0,  9, 10, 11, 10,    2338808,    2338808,    2338808,    2338808
 3,    2239793,     17.0,     17.0,     17.0,     54.0,  9, 10, 11,  9,    2186669,    2186669,    2186669,    2186669
 3,    2524139,     17.0,     17.0,     17.0,     54.0,  9, 10, 11,  9,    2371378,    2371378,    2371378,    2371378
 3,    2578521,     45.0,     44.0,     45.0,    144.0,  1,  2,  3,  2,    1903685,    1903860,    1903705,    1904017
 3,    1903690,     17.0,     17.0,     17.0,     55.0,  9, 10, 11,  9,    1934372,    1934372,    1934372,    1934372
 3,    1903695,     41.0,     40.0,     41.0,    132.0,  1,  2,  3,  2,    1903695,    1904017,    1903860,    1903976
 3,    3525454,     16.0,     16.0,     16.0,     52.0,  1,  2,  3,  2,    3525454,    3525454,    3525454,    3525454
 3,    1903920,     17.0,     17.0,     17.0,     54.0,  9, 10, 11,  9,    1934522,    1934522,    1934522,    1934522
 3,    2579147,     55.0,     55.0,     55.0,    171.0,  9, 10, 11,  9,    2186681,    2186681,    2186681,    2186681
 3,    2579364,     29.0,     29.0,     29.0,     93.0,  1,  2,  3,  1,    2524230,    2524230,    2524230,    2524230
 3,    2524230,     21.0,     21.0,     21.0,     68.0,  1,  2,  3,  1,    2524230,    2524230,    2524230,    2524230
 3,    2524214,     37.0,     37.0,     37.0,    119.0,  1,  2,  3,  1,    2524214,    2524214,    2524214,    2524214
 3,    2579348,     27.0,     27.0,     27.0,     88.0,  1,  2,  3,  1,    2524255,    2524255,    2524255,    2524255
 3,    2524255,     21.0,     21.0,     21.0,     68.0,  1,  2,  3,  1,    2524255,    2524255,    2524255,    2524255
 3,    2524265,     16.0,     16.0,     16.0,     52.0,  1,  2,  3,  1,    2524265,    2524265,    2524265,    2524265
 3,    2524270,     17.0,     17.0,     17.0,     56.0,  1,  2,  3,  1,    2524270,    2524270,    2524270,    2524270
 3,    2579394,     18.0,     18.0,     18.0,     59.0,  1,  2,  3,  1,    2524245,    2524245,    2524245,    2524245
 3,    2579409,     16.0,     16.0,     16.0,     52.0,  1,  2,  3,  1,    2524245,    2524245,    2524245,    2524245
 3,    2524245,     14.0,     14.0,     14.0,     45.0,  1,  2,  3,  1,    2524245,    2524245,    2524245,    2524245
 3,    2579444,     12.0,     12.0,     12.0,     40.0,  1,  2,  3,  1,    2524295,    2524295,    2524295,    2524295
 3,    2524295,     11.0,     11.0,     11.0,     36.0,  1,  2,  3,  1,    2524295,    2524295,    2524295,    2524295
 3,    2524300,     11.0,     11.0,     11.0,     35.0,  1,  2,  3,  1,    2524295,    2524295,    2524295,    2524300
 3,    2524310,     11.0,     11.0,     11.0,     35.0,  1,  2,  3,  1,    2524295,    2524295,    2524295,    2524310
 3,    3525437,     13.0,     13.0,     14.0,     44.0,  1,  2,  3,  1,    3525437,    3525437,    3525437,    3525437
 3,    2475645,     20.0,     20.0,     20.0,     64.0,  1,  2,  3,  2,    2475645,    2475645,    2475645,    3525454
 3,    3612708,     24.0,     24.0,     24.0,     74.0,  9, 10, 11, 10,    2846700,    2846700,    2846700,    2846700
 4,    2580315,     22.0,     22.0,     22.0,     72.0,  1,  2,  3,  1,    2524230,    2524230,    2524230,    2524230
 4,    2239779,     60.0,     59.0,     60.0,    186.0,  9, 10, 11, 10,    2186677,    2186677,    2186677,    2186677
 4,    2522946,     13.0,     13.0,     13.0,     42.0,  1,  2,  3,  1,    2522946,    2522946,    2522946,    2522946
 4,    1903706,     36.0,     35.0,     37.0,    115.0,  1,  2,  3,  2,    1903705,    1903860,    1903705,    1904017
 4,    2524230,     21.0,     21.0,     21.0,     68.0,  1,  2,  3,  1,    2524230,    2524230,    2524230,    2524230
 4,    1899476,     22.0,     22.0,     22.0,     68.0,  9, 10, 11,  9,    1931587,    1931587,    1931587,    1931587
 4,    1903982,     23.0,     23.0,     24.0,     75.0,  1,  2,  3,  2,    1903982,    1903982,    1903982,    1903982
 4,    1903700,     17.0,     17.0,     17.0,     54.0,  9, 10, 11,  9,    1934377,    1934377,    1934377,    1934377
 4,    1903719,     17.0,     17.0,     17.0,     54.0,  9, 10, 11,  9,    1934391,    1934391,    1934391,    1934391
 4,    1903729,     17.0,     17.0,     17.0,     55.0,  9, 10, 11,  9,    1934394,    1934394,    1934394,    1934394
 4,    2524202,     34.0,     34.0,     35.0,    110.0,  1,  2,  3,  2,    1903705,    1903705,    1903705,    1903860
 4,    2524213,     17.0,     17.0,     17.0,     54.0,  9, 10, 11,  9,    1934407,    1934407,    1934407,    1934407
 4,    1903783,     17.0,     17.0,     17.0,     54.0,  9, 10, 11,  9,    1934417,    1934417,    1934417,    1934417
 4,    1903835,     17.0,     17.0,     17.0,     54.0,  9, 10, 11,  9,    1934471,    1934471,    1934471,    1934471
 4,    1903860,     22.0,     22.0,     22.0,     70.0,  9, 10, 11, 10,    1934493,    1934493,    1934493,    1934493
 4,    1903900,     16.0,     16.0,     16.0,     53.0,  9, 10, 11,  9,    1934516,    1934516,    1934516,    1934516
 4,    1903976,     25.0,     25.0,     26.0,     81.0,  1,  2,  3,  2,    1903976,    1903976,    1903976,    1903976
 4,    1904017,     16.0,     15.0,     16.0,     51.0,  1,  2,  3,  1,    1904017,    1904017,    1904017,    1904017
 4,    1904379,     19.0,     19.0,     20.0,     62.0,  1,  2,  3,  2,    1904379,    1904374,    1904037,    1904379
 4,    1904389,     18.0,     18.0,     18.0,     58.0,  1,  2,  3,  2,    1904384,    1904384,    1904384,    1904384
 4,    1904394,     18.0,     18.0,     18.0,     58.0,  1,  2,  3,  2,    1904384,    1904384,    1904384,    1904384
 4,    2581468,     24.0,     23.0,     24.0,     76.0,  1,  2,  3,  2,    1904037,    1904037,    1904037,    1904037
 4,    1942936,     24.0,     24.0,     24.0,     74.0,  9, 10, 11,  9,    1953787,    1953787,    1953787,    1953787
 4,    1942953,     22.0,     23.0,     23.0,     69.0,  9, 10, 11,  9,    1953791,    1953791,    1953791,    1953791
 4,    1947095,     47.0,     48.0,     47.0,    150.0,  9, 10, 12,  9,    1956452,    1956452,    1956452,    1956452
 4,    2372207,     41.0,     41.0,     41.0,    133.0,  1,  2,  3,  1,    2372207,    2372207,    2372207,    2372207
 4,    2189612,     41.0,     41.0,     41.0,    132.0,  1,  2,  3,  1,    2189612,    2189612,    2189612,    2189612
 4,    2239774,     18.0,     18.0,     18.0,     55.0,  9, 10, 11,  9,    2186663,    2186663,    2186663,    2186663
 4,    2524115,     18.0,     18.0,     18.0,     56.0,  9, 10, 11,  9,    2371370,    2371370,    2371370,    2371370
 4,    2580580,     17.0,     17.0,     17.0,     54.0,  9, 10, 11,  9,    2186669,    2186669,    2186669,    2186669
 4,    2239803,     18.0,     18.0,     18.0,     56.0,  9, 10, 11,  9,    2186672,    2186672,    2186672,    2186672
 4,    2475650,     22.0,     22.0,     22.0,     70.0,  9, 10, 11, 10,    2338808,    2338808,    2338808,    2338808
 4,    2239793,     17.0,     17.0,     17.0,     54.0,  9, 10, 11,  9,    2186669,    2186669,    2186669,    2186669
 4,    2524139,     17.0,     17.0,     17.0,     53.0,  9, 10, 11, 10,    2371378,    2371378,    2371378,    2371378
 4,    2578521,     44.0,     43.0,     45.0,    141.0,  1,  2,  3,  2,    1903719,    1904017,    1903705,    1904017
 4,    1903690,     17.0,     17.0,     17.0,     55.0,  9, 10, 11,  9,    1934372,    1934372,    1934372,    1934372
 4,    1903695,     40.0,     40.0,     41.0,    129.0,  1,  2,  3,  2,    1903976,    1903695,    1903768,    1904017
 4,    3525454,     16.0,     16.0,     16.0,     51.0,  1,  2,  3,  2,    3525454,    3525454,    3525454,    3525454
 4,    1903920,     17.0,     17.0,     17.0,     54.0,  9, 10, 11,  9,    1934522,    1934522,    1934522,    1934522
 4,    2579147,     55.0,     55.0,     55.0,    171.0,  9, 10, 11,  9,    2186681,    2186681,    2186681,    2186681
 4,    2579364,     29.0,     29.0,     29.0,     93.0,  1,  2,  3,  1,    2524230,    2524230,    2524230,    2524230
 4,    2524230,     21.0,     21.0,     21.0,     68.0,  1,  2,  3,  1,    2524230,    2524230,    2524230,    2524230
 4,    2524214,     37.0,     37.0,     37.0,    119.0,  1,  2,  3,  1,    2524214,    2524214,    2524214,    2524214
 4,    2579348,     27.0,     27.0,     27.0,     88.0,  1,  2,  3,  1,    2524255,    2524255,    2524255,    2524255
 4,    2524255,     21.0,     21.0,     21.0,     68.0,  1,  2,  3,  1,    2524255,    2524255,    2524255,    2524255
 4,    2524265,     16.0,     16.0,     16.0,     52.0,  1,  2,  3,  1,    2524265,    2524265,    2524265,    2524265
 4,    2524270,     17.0,     17.0,     17.0,     56.0,  1,  2,  3,  1,    2524270,    2524270,    2524270,    2524270
 4,    2579394,     18.0,     18.0,     18.0,     59.0,  1,  2,  3,  1,    2524245,    2524245,    2524245,    2524245
 4,    2579409,     16.0,     16.0,     16.0,     52.0,  1,  2,  3,  1,    2524245,    2524245,    2524245,    2524245
 4,    2524245,     14.0,     14.0,     14.0,     45.0,  1,  2,  3,  1,    2524245,    2524245,    2524245,    2524245
 4,    2579444,     12.0,     12.0,     12.0,     40.0,  1,  2,  3,  1,    2524295,    2524295,    2524295,    2524295
 4,    2524295,     11.0,     11.0,     11.0,     36.0,  1,  2,  3,  1,    2524295,    2524295,    2524295,    2524295
 4,    2524300,     11.0,     11.0,     11.0,     35.0,  1,  2,  3,  1,    2524295,    2524295,    2524295,    2524300
 4,    2524310,     11.0,     11.0,     11.0,     35.0,  1,  2,  3,  1,    2524295,    2524295,    2524295,    2524310
 4,    3525437,     13.0,     13.0,     14.0,     43.0,  1,  2,  3,  2,    3525437,    3525437,    3525437,    3525437
 4,    2475645,     20.0,     19.0,     20.0,     64.0,  1,  2,  3,  2,    2475645,    2475645,    2475645,    2475645
 4,    3612708,     24.0,     24.0,     24.0,     74.0,  9, 10, 11, 10,    2846700,    2846700,    2846700,    2846700
 5,    2580315,     22.0,     22.0,     22.0,     72.0,  1,  2,  3,  1,    2524230,    2524230,    2524230,    2524230
 5,    2239779,     60.0,     60.0,     60.0,    188.0,  9, 10, 11,  9,    2186677,    2186677,    2186677,    2186677
 5,    2522946,     13.0,     13.0,     13.0,     43.0,  1,  2,  3,  1,    2522946,    2522946,    2522946,    2522946
 5,    1903706,     36.0,     36.0,     37.0,    119.0,  1,  2,  3,  1,    1903860,    1903900,    1903705,    1903705
 5,    2524230,     21.0,     21.0,     21.0,     68.0,  1,  2,  3,  1,    2524230,    2524230,    2524230,    2524230
 5,    1899476,     23.0,     23.0,     23.0,     71.0,  9, 10, 11,  9,    1931587,    1931587,    1931587,    1931587
 5,    1903982,     23.0,     23.0,     24.0,     77.0,  1,  2,  3,  1,    1903982,    1903982,    1903982,    1903982
 5,    1903700,     17.0,     17.0,     17.0,     54.0,  9, 10, 11,  9,    1934377,    1934377,    1934377,    1934377
 5,    1903719,     17.0,     17.0,     17.0,     54.0,  9, 10, 11,  9,    1934391,    1934391,    1934391,    1934391
 5,    1903729,     17.0,     17.0,     17.0,     55.0,  9, 10, 11,  9,    1934394,    1934394,    1934394,    1934394
 5,    2524202,     35.0,     35.0,     35.0,    113.0,  1,  2,  3,  1,    1903705,    1903705,    1903705,    1903768
 5,    2524213,     17.0,     17.0,     17.0,     54.0,  9, 10, 11,  9,    1934407,    1934407,    1934407,    1934407
 5,    1903783,     17.0,     17.0,     17.0,     54.0,  9, 10, 11,  9,    1934417,    1934417,    1934417,    1934417
 5,    1903835,     17.0,     17.0,     17.0,     54.0,  9, 10, 11,  9,    1934471,    1934471,    1934471,    1934471
 5,    1903860,     22.0,     22.0,     22.0,     71.0,  9, 10, 11,  9,    1934493,    1934493,    1934493,    1934493
 5,    1903900,     16.0,     16.0,     16.0,     53.0,  9, 10, 11,  9,    1934516,    1934516,    1934516,    1934516
 5,    1903976,     26.0,     25.0,     26.0,     83.0,  1,  2,  3,  2,    1903976,    1904017,    1903976,    1904017
 5,    1904017,     16.0,     16.0,     16.0,     52.0,  1,  2,  3,  1,    1904017,    1904017,    1904017,    1904017
 5,    1904379,     19.0,     19.0,     20.0,     64.0,  1,  2,  3,  1,    1904379,    1904379,    1904037,    1904379
 5,    1904389,     18.0,     18.0,     18.0,     60.0,  1,  2,  3,  1,    1904384,    1904384,    1904384,    1904384
 5,    1904394,     18.0,     18.0,     18.0,     60.0,  1,  2,  3,  1,    1904384,    1904384,    1904384,    1904384
 5,    2581468,     24.0,     24.0,     24.0,     78.0,  1,  2,  3,  1,    1904037,    1904037,    1904037,    1904037
 5,    1942936,     24.0,     24.0,     24.0,     74.0,  9, 10, 11, 11,    1953787,    1953787,    1953787,    1953787
 5,    1942953,     23.0,     23.0,     23.0,     70.0,  9, 10, 11,  9,    1953791,    1953791,    1953791,    1953791
 5,    1947095,     47.0,     48.0,     47.0,    150.0,  9, 10, 12,  9,    1956452,    1956452,    1956452,    1956452
 5,    2372207,     41.0,     41.0,     41.0,    133.0,  1,  2,  3,  1,    2372207,    2372207,    2372207,    2372207
 5,    2189612,     40.0,     41.0,     41.0,    132.0,  1,  2,  3,  1,    2189612,    2189612,    2189612,    2189612
 5,    2239774,     18.0,     18.0,     18.0,     55.0,  9, 10, 11,  9,    2186663,    2186663,    2186663,    2186663
 5,    2524115,     18.0,     18.0,     18.0,     56.0,  9, 10, 11,  9,    2371370,    2371370,    2371370,    2371370
 5,    2580580,     17.0,     17.0,     17.0,     54.0,  9, 10, 11,  9,    2186669,    2186669,    2186669,    2186669
 5,    2239803,     18.0,     18.0,     18.0,     55.0,  9, 10, 11, 11,    2186672,    2186672,    2186672,    2186672
 5,    2475650,     22.0,     22.0,     22.0,     71.0,  9, 10, 11,  9,    2338808,    2338808,    2338808,    2338808
 5,    2239793,     17.0,     17.0,     17.0,     54.0,  9, 10, 11,  9,    2186669,    2186669,    2186669,    2186669
 5,    2524139,     17.0,     17.0,     17.0,     54.0,  9, 10, 11,  9,    2371378,    2371378,    2371378,    2371378
 5,    2578521,     45.0,     45.0,     45.0,    145.0,  1,  2,  3,  2,    1903685,    1903685,    1903900,    1904017
 5,    1903690,     17.0,     17.0,     17.0,     55.0,  9, 10, 11,  9,    1934372,    1934372,    1934372,    1934372
 5,    1903695,     41.0,     41.0,     41.0,    133.0,  1,  2,  3,  2,    1903695,    1903695,    1904037,    1903982
 5,    3525454,     16.0,     16.0,     16.0,     53.0,  1,  2,  3,  1,    3525454,    3525454,    3525454,    3525454
 5,    1903920,     17.0,     17.0,     17.0,     54.0,  9, 10, 11,  9,    1934522,    1934522,    1934522,    1934522
 5,    2579147,     55.0,     55.0,     55.0,    171.0,  9, 10, 11,  9,    2186681,    2186681,    2186681,    2186681
 5,    2579364,     29.0,     29.0,     29.0,     93.0,  1,  2,  3,  1,    2524230,    2524230,    2524230,    2524230
 5,    2524230,     21.0,     21.0,     21.0,     68.0,  1,  2,  3,  1,    2524230,    2524230,    2524230,    2524230
 5,    2524214,     37.0,     37.0,     37.0,    119.0,  1,  2,  3,  1,    2524214,    2524214,    2524214,    2524214
 5,    2579348,     27.0,     27.0,     27.0,     88.0,  1,  2,  3,  1,    2524255,    2524255,    2524255,    2524255
 5,    2524255,     21.0,     21.0,     21.0,     68.0,  1,  2,  3,  1,    2524255,    2524255,    2524255,    2524255
 5,    2524265,     16.0,     16.0,     16.0,     52.0,  1,  2,  3,  1,    2524265,    2524265,    2524265,    2524265
 5,    2524270,     17.0,     17.0,     17.0,     56.0,  1,  2,  3,  1,    2524270,    2524270,    2524270,    2524270
 5,    2579394,     18.0,     18.0,     18.0,     59.0,  1,  2,  3,  1,    2524245,    2524245,    2524245,    2524245
 5,    2579409,     16.0,     16.0,     16.0,     52.0,  1,  2,  3,  1,    2524245,    2524245,    2524245,    2524245
 5,    2524245,     14.0,     14.0,     14.0,     45.0,  1,  2,  3,  1,    2524245,    2524245,    2524245,    2524245
 5,    2579444,     12.0,     12.0,     12.0,     40.0,  1,  2,  3,  1,    2524295,    2524295,    2524295,    2524295
 5,    2524295,     11.0,     11.0,     11.0,     36.0,  1,  2,  3,  1,    2524295,    2524295,    2524295,    2524295
 5,    2524300,     11.0,     11.0,     11.0,     35.0,  1,  2,  3,  1,    2524295,    2524295,    2524295,    2524300
 5,    2524310,     11.0,     11.0,     11.0,     35.0,  1,  2,  3,  1,    2524295,    2524295,    2524295,    2524310
 5,    3525437,     13.0,     13.0,     14.0,     44.0,  1,  2,  3,  1,    3525437,    3525437,    3525437,    3525437
 5,    2475645,     20.0,     20.0,     20.0,     65.0,  1,  2,  3,  1,    2475645,    2475645,    2475645,    2475645
 5,    3612708,     24.0,     24.0,     24.0,     74.0,  9, 10, 11, 10,    2846700,    2846700,    2846700,    2846700
 6,    2580315,     22.0,     22.0,     22.0,     71.0,  1,  2,  3,  1,    2524230,    2524230,    2524230,    2524230
 6,    2239779,     60.0,     60.0,     61.0,    189.0,  9, 10, 11,  9,    2186677,    2186677,    2186677,    2186677
 6,    2522946,     13.0,     13.0,     13.0,     43.0,  1,  2,  3,  1,    2522946,    2522946,    2522946,    2522946
 6,    1903706,     36.0,     36.0,     37.0,    118.0,  1,  2,  3,  2,    2522946,    1903705,    1903705,    1903860
 6,    2524230,     21.0,     21.0,     21.0,     68.0,  1,  2,  3,  1,    2524230,    2524230,    2524230,    2524230
 6,    1899476,     25.0,     25.0,     25.0,     75.0,  9, 10, 11,  9,    1931587,    1931587,    1931587,    1931587
 6,    1903982,     24.0,     23.0,     24.0,     76.0,  1,  2,  3,  2,    1903982,    1903982,    1903982,    1903982
 6,    1903700,     17.0,     17.0,     17.0,     54.0,  9, 10, 11,  9,    1934377,    1934377,    1934377,    1934377
 6,    1903719,     17.0,     17.0,     17.0,     54.0,  9, 10, 11,  9,    1934391,    1934391,    1934391,    1934391
 6,    1903729,     17.0,     17.0,     17.0,     55.0,  9, 10, 11,  9,    1934394,    1934394,    1934394,    1934394
 6,    2524202,     35.0,     34.0,     35.0,    112.0,  1,  2,  3,  2,    1903705,    1903860,    1903705,    1903900
 6,    2524213,     17.0,     17.0,     17.0,     54.0,  9, 10, 11,  9,    1934407,    1934407,    1934407,    1934407
 6,    1903783,     17.0,     17.0,     17.0,     54.0,  9, 10, 11,  9,    1934417,    1934417,    1934417,    1934417
 6,    1903835,     17.0,     17.0,     17.0,     54.0,  9, 10, 11,  9,    1934471,    1934471,    1934471,    1934471
 6,    1903860,     22.0,     22.0,     22.0,     70.0,  9, 10, 11, 10,    1934493,    1934493,    1934493,    1934493
 6,    1903900,     16.0,     16.0,     16.0,     53.0,  9, 10, 11,  9,    1934516,    1934516,    1934516,    1934516
 6,    1903976,     26.0,     25.0,     26.0,     83.0,  1,  2,  3,  2,    1903976,    1903976,    1903976,    1903976
 6,    1904017,     16.0,     16.0,     16.0,     52.0,  1,  2,  3,  1,    1904017,    1904017,    1904017,    1904017
 6,    1904379,     20.0,     19.0,     20.0,     64.0,  1,  2,  3,  1,    1904037,    1904379,    1904379,    1904379
 6,    1904389,     18.0,     18.0,     19.0,     59.0,  1,  2,  3,  2,    1904384,    1904384,    1904384,    1904389
 6,    1904394,     18.0,     18.0,     19.0,     59.0,  1,  2,  3,  2,    1904384,    1904384,    1904384,    1904394
 6,    2581468,     24.0,     24.0,     24.0,     78.0,  1,  2,  3,  2,    1904037,    1904037,    1904037,    1904037
 6,    1942936,     24.0,     24.0,     24.0,     74.0,  9, 10, 11,  9,    1953787,    1953787,    1953787,    1953787
 6,    1942953,     22.0,     23.0,     23.0,     70.0,  9, 10, 11,  9,    1953791,    1953791,    1953791,    1953791
 6,    1947095,     47.0,     48.0,     47.0,    150.0,  9, 10, 12,  9,    1956452,    1956452,    1956452,    1956452
 6,    2372207,     41.0,     41.0,     41.0,    132.0,  1,  2,  3,  1,    2372207,    2372207,    2372207,    2372207
 6,    2189612,     40.0,     41.0,     41.0,    132.0,  1,  2,  3,  1,    2189612,    2189612,    2189612,    2189612
 6,    2239774,     18.0,     18.0,     18.0,     55.0,  9, 10, 11,  9,    2186663,    2186663,    2186663,    2186663
 6,    2524115,     18.0,     18.0,     18.0,     56.0,  9, 10, 11,  9,    2371370,    2371370,    2371370,    2371370
 6,    2580580,     17.0,     17.0,     17.0,     54.0,  9, 10, 11,  9,    2186669,    2186669,    2186669,    2186669
 6,    2239803,     18.0,     18.0,     18.0,     56.0,  9, 10, 11,  9,    2186672,    2186672,    2186672,    2186672
 6,    2475650,     22.0,     22.0,     22.0,     70.0,  9, 10, 11, 10,    2338808,    2338808,    2338808,    2338808
 6,    2239793,     17.0,     17.0,     17.0,     54.0,  9, 10, 11,  9,    2186669,    2186669,    2186669,    2186669
 6,    2524139,     17.0,     17.0,     17.0,     54.0,  9, 10, 11,  9,    2371378,    2371378,    2371378,    2371378
 6,    2578521,     45.0,     44.0,     46.0,    144.0,  1,  2,  3,  2,    1903685,    1903900,    1903685,    1904017
 6,    1903690,     17.0,     17.0,     17.0,     55.0,  9, 10, 11,  9,    1934372,    1934372,    1934372,    1934372
 6,    1903695,     41.0,     40.0,     42.0,    132.0,  1,  2,  3,  2,    1903695,    1904017,    1903695,    1903900
 6,    3525454,     16.0,     16.0,     16.0,     52.0,  1,  2,  3,  2,    3525454,    3525454,    3525454,    3525454
 6,    1903920,     17.0,     17.0,     17.0,     54.0,  9, 10, 11,  9,    1934522,    1934522,    1934522,    1934522
 6,    2579147,     55.0,     55.0,     55.0,    171.0,  9, 10, 11,  9,    2186681,    2186681,    2186681,    2186681
 6,    2579364,     29.0,     29.0,     29.0,     93.0,  1,  2,  3,  1,    2524230,    2524230,    2524230,    2524230
 6,    2524230,     21.0,     21.0,     21.0,     68.0,  1,  2,  3,  1,    2524230,    2524230,    2524230,    2524230
 6,    2524214,     36.0,     37.0,     37.0,    119.0,  1,  2,  3,  1,    2524214,    2524214,    2524214,    2524214
 6,    2579348,     27.0,     27.0,     27.0,     88.0,  1,  2,  3,  1,    2524255,    2524255,    2524255,    2524255
 6,    2524255,     21.0,     21.0,     21.0,     68.0,  1,  2,  3,  1,    2524255,    2524255,    2524255,    2524255
 6,    2524265,     16.0,     16.0,     16.0,     52.0,  1,  2,  3,  1,    2524265,    2524265,    2524265,    2524265
 6,    2524270,     17.0,     17.0,     17.0,     56.0,  1,  2,  3,  1,    2524270,    2524270,    2524270,    2524270
 6,    2579394,     18.0,     18.0,     18.0,     59.0,  1,  2,  3,  1,    2524245,    2524245,    2524245,    2524245
 6,    2579409,     16.0,     16.0,     16.0,     52.0,  1,  2,  3,  1,    2524245,    2524245,    2524245,    2524245
 6,    2524245,     14.0,     14.0,     14.0,     45.0,  1,  2,  3,  1,    2524245,    2524245,    2524245,    2524245
 6,    2579444,     12.0,     12.0,     12.0,     40.0,  1,  2,  3,  1,    2524295,    2524295,    2524295,    2524295
 6,    2524295,     11.0,     11.0,     11.0,     36.0,  1,  2,  3,  1,    2524295,    2524295,    2524295,    2524295
 6,    2524300,     11.0,     11.0,     11.0,     35.0,  1,  2,  3,  1,    2524295,    2524295,    2524295,    2524300
 6,    2524310,     11.0,     11.0,     11.0,     35.0,  1,  2,  3,  1,    2524295,    2524295,    2524295,    2524310
 6,    3525437,     14.0,     13.0,     14.0,     44.0,  1,  2,  3,  1,    3525437,    3525437,    3525437,    3525437
 6,    2475645,     20.0,     20.0,     20.0,     64.0,  1,  2,  3,  2,    2475645,    2475645,    2475645,    3525454
 6,    3612708,     24.0,     24.0,     24.0,     74.0,  9, 10, 11, 10,    2846700,    2846700,    2846700,    2846700
 7,    2580315,     22.0,     22.0,     22.0,     71.0,  1,  2,  3,  1,    2524230,    2524230,    2524230,    2524230
 7,    2239779,     60.0,     60.0,     61.0,    188.0,  9, 10, 11, 10,    2186677,    2186677,    2186677,    2186677
 7,    2522946,     13.0,     13.0,     13.0,     42.0,  1,  2,  3,  2,    2522946,    2522946,    2522946,    2522946
 7,    1903706,     37.0,     36.0,     37.0,    116.0,  1,  2,  3,  2,    1903705,    1903705,    1903705,    1903900
 7,    2524230,     21.0,     21.0,     21.0,     68.0,  1,  2,  3,  1,    2524230,    2524230,    2524230,    2524230
 7,    1899476,     25.0,     25.0,     25.0,     75.0,  9, 10, 11,  9,    1931587,    1931587,    1931587,    1931587
 7,    1903982,     24.0,     23.0,     24.0,     76.0,  1,  2,  3,  2,    1903982,    1903982,    1903982,    1903982
 7,    1903700,     17.0,     17.0,     17.0,     54.0,  9, 10, 11,  9,    1934377,    1934377,    1934377,    1934377
 7,    1903719,     17.0,     17.0,     17.0,     54.0,  9, 10, 11,  9,    1934391,    1934391,    1934391,    1934391
 7,    1903729,     17.0,     17.0,     17.0,     55.0,  9, 10, 11,  9,    1934394,    1934394,    1934394,    1934394
 7,    2524202,     35.0,     34.0,     35.0,    111.0,  1,  2,  3,  2,    1903705,    1903705,    1903705,    1903860
 7,    2524213,     17.0,     17.0,     17.0,     54.0,  9, 10, 11,  9,    1934407,    1934407,    1934407,    1934407
 7,    1903783,     17.0,     17.0,     17.0,     54.0,  9, 10, 11,  9,    1934417,    1934417,    1934417,    1934417
 7,    1903835,     17.0,     17.0,     17.0,     54.0,  9, 10, 11,  9,    1934471,    1934471,    1934471,    1934471
 7,    1903860,     22.0,     22.0,     22.0,     70.0,  9, 10, 11, 10,    1934493,    1934493,    1934493,    1934493
 7,    1903900,     16.0,     16.0,     16.0,     52.0,  9, 10, 11, 10,    1934516,    1934516,    1934516,    1934516
 7,    1903976,     26.0,     25.0,     26.0,     82.0,  1,  2,  3,  2,    1903976,    1903976,    1903976,    1903976
 7,    1904017,     16.0,     16.0,     16.0,     51.0,  1,  2,  3,  2,    1904017,    1904017,    1904017,    1904017
 7,    1904379,     20.0,     19.0,     20.0,     63.0,  1,  2,  3,  2,    1904037,    1904379,    1904379,    1904379
 7,    1904389,     18.0,     18.0,     19.0,     59.0,  1,  2,  3,  2,    1904384,    1904384,    1904384,    1904384
 7,    1904394,     18.0,     18.0,     19.0,     59.0,  1,  2,  3,  2,    1904384,    1904384,    1904384,    1904384
 7,    2581468,     24.0,     23.0,     24.0,     77.0,  1,  2,  3,  2,    1904037,    1904037,    1904037,    1904037
 7,    1942936,     24.0,     24.0,     24.0,     74.0,  9, 10, 11,  9,    1953787,    1953787,    1953787,    1953787
 7,    1942953,     22.0,     23.0,     23.0,     68.0,  9, 10, 11,  9,    1953791,    1953791,    1953791,    1953791
 7,    1947095,     46.0,     48.0,     48.0,    146.0,  9, 10, 11,  9,    1956452,    1956452,    1956452,    1956452
 7,    2372207,     39.0,     41.0,     41.0,    128.0,  1,  2,  3,  1,    2372207,    2372207,    2372207,    2372207
 7,    2189612,     39.0,     41.0,     41.0,    127.0,  1,  2,  3,  1,    2189612,    2189612,    2189612,    2189612
 7,    2239774,     18.0,     18.0,     18.0,     55.0,  9, 10, 11,  9,    2186663,    2186663,    2186663,    2186663
 7,    2524115,     18.0,     18.0,     18.0,     56.0,  9, 10, 11,  9,    2371370,    2371370,    2371370,    2371370
 7,    2580580,     17.0,     17.0,     17.0,     54.0,  9, 10, 11,  9,    2186669,    2186669,    2186669,    2186669
 7,    2239803,     18.0,     18.0,     18.0,     56.0,  9, 10, 11,  9,    2186672,    2186672,    2186672,    2186672
 7,    2475650,     22.0,     22.0,     22.0,     71.0,  9, 10, 11,  9,    2338808,    2338808,    2338808,    2338808
 7,    2239793,     17.0,     17.0,     17.0,     54.0,  9, 10, 11,  9,    2186669,    2186669,    2186669,    2186669
 7,    2524139,     17.0,     17.0,     17.0,     54.0,  9, 10, 11,  9,    2371378,    2371378,    2371378,    2371378
 7,    2578521,     45.0,     44.0,     46.0,    143.0,  1,  2,  3,  2,    1903685,    1903705,    1903685,    1903900
 7,    1903690,     17.0,     17.0,     17.0,     55.0,  9, 10, 11,  9,    1934372,    1934372,    1934372,    1934372
 7,    1903695,     41.0,     40.0,     42.0,    131.0,  1,  2,  3,  2,    1903695,    1903768,    1903695,    1903860
 7,    3525454,     16.0,     16.0,     16.0,     52.0,  1,  2,  3,  2,    3525454,    3525454,    3525454,    3525454
 7,    1903920,     17.0,     17.0,     17.0,     54.0,  9, 10, 11,  9,    1934522,    1934522,    1934522,    1934522
 7,    2579147,     55.0,     55.0,     55.0,    171.0,  9, 10, 11,  9,    2186681,    2186681,    2186681,    2186681
 7,    2579364,     29.0,     29.0,     29.0,     93.0,  1,  2,  3,  1,    2524230,    2524230,    2524230,    2524230
 7,    2524230,     21.0,     21.0,     21.0,     68.0,  1,  2,  3,  1,    2524230,    2524230,    2524230,    2524230
 7,    2524214,     36.0,     37.0,     37.0,    119.0,  1,  2,  3,  1,    2524214,    2524214,    2524214,    2524214
 7,    2579348,     27.0,     27.0,     27.0,     88.0,  1,  2,  3,  1,    2524255,    2524255,    2524255,    2524255
 7,    2524255,     21.0,     21.0,     21.0,     68.0,  1,  2,  3,  1,    2524255,    2524255,    2524255,    2524255
 7,    2524265,     16.0,     16.0,     16.0,     52.0,  1,  2,  3,  1,    2524265,    2524265,    2524265,    2524265
 7,    2524270,     17.0,     17.0,     17.0,     56.0,  1,  2,  3,  1,    2524270,    2524270,    2524270,    2524270
 7,    2579394,     18.0,     18.0,     18.0,     59.0,  1,  2,  3,  1,    2524245,    2524245,    2524245,    2524245
 7,    2579409,     16.0,     16.0,     16.0,     52.0,  1,  2,  3,  1,    2524245,    2524245,    2524245,    2524245
 7,    2524245,     14.0,     14.0,     14.0,     45.0,  1,  2,  3,  1,    2524245,    2524245,    2524245,    2524245
 7,    2579444,     12.0,     12.0,     12.0,     40.0,  1,  2,  3,  1,    2524295,    2524295,    2524295,    2524295
 7,    2524295,     11.0,     11.0,     11.0,     36.0,  1,  2,  3,  1,    2524295,    2524295,    2524295,    2524295
 7,    2524300,     11.0,     11.0,     11.0,     35.0,  1,  2,  3,  1,    2524295,    2524295,    2524295,    2524300
 7,    2524310,     11.0,     11.0,     11.0,     35.0,  1,  2,  3,  1,    2524295,    2524295,    2524295,    2524310
 7,    3525437,     14.0,     13.0,     14.0,     43.0,  1,  2,  3,  2,    3525437,    3525437,    3525437,    3525437
 7,    2475645,     20.0,     20.0,     20.0,     64.0,  1,  2,  3,  2,    2475645,    2475645,    2475645,    2475645
 7,    3612708,     24.0,     24.0,     24.0,     74.0,  9, 10, 11, 10,    2846700,    2846700,    2846700,    2846700
 8,    2580315,     22.0,     22.0,     22.0,     71.0,  1,  2,  3,  1,    2524230,    2524230,    2524230,    2524230
 8,    2239779,     60.0,     59.0,     61.0,    186.0,  9, 10, 11, 10,    2186677,    2186677,    2186677,    2186677
 8,    2522946,     13.0,     13.0,     13.0,     42.0,  1,  2,  3,  2,    2522946,    2522946,    2522946,    2522946
 8,    1903706,     36.0,     36.0,     37.0,    116.0,  1,  2,  3,  2,    1903705,    1903705,    1903705,    1904017
 8,    2524230,     21.0,     21.0,     21.0,     68.0,  1,  2,  3,  1,    2524230,    2524230,    2524230,    2524230
 8,    1899476,     25.0,     25.0,     25.0,     75.0,  9, 10, 11,  9,    1931587,    1931587,    1931587,    1931587
 8,    1903982,     23.0,     23.0,     24.0,     76.0,  1,  2,  3,  2,    1903982,    1903982,    1903982,    1903982
 8,    1903700,     17.0,     17.0,     17.0,     54.0,  9, 10, 11,  9,    1934377,    1934377,    1934377,    1934377
 8,    1903719,     17.0,     17.0,     17.0,     54.0,  9, 10, 11,  9,    1934391,    1934391,    1934391,    1934391
 8,    1903729,     17.0,     17.0,     17.0,     55.0,  9, 10, 11,  9,    1934394,    1934394,    1934394,    1934394
 8,    2524202,     34.0,     34.0,     35.0,    111.0,  1,  2,  3,  2,    2522946,    1903705,    1903705,    1903900
 8,    2524213,     17.0,     17.0,     17.0,     54.0,  9, 10, 11,  9,    1934407,    1934407,    1934407,    1934407
 8,    1903783,     17.0,     17.0,     17.0,     54.0,  9, 10, 11,  9,    1934417,    1934417,    1934417,    1934417
 8,    1903835,     17.0,     17.0,     17.0,     54.0,  9, 10, 11,  9,    1934471,    1934471,    1934471,    1934471
 8,    1903860,     22.0,     22.0,     22.0,     70.0,  9, 10, 11, 10,    1934493,    1934493,    1934493,    1934493
 8,    1903900,     16.0,     16.0,     16.0,     53.0,  9, 10, 11,  9,    1934516,    1934516,    1934516,    1934516
 8,    1903976,     25.0,     25.0,     26.0,     82.0,  1,  2,  3,  2,    1904017,    1903976,    1903976,    1903976
 8,    1904017,     16.0,     16.0,     16.0,     51.0,  1,  2,  3,  2,    1904017,    1904017,    1904017,    1904017
 8,    1904379,     20.0,     19.0,     20.0,     63.0,  1,  2,  3,  2,    1904037,    1904379,    1904374,    1904379
 8,    1904389,     18.0,     18.0,     18.0,     59.0,  1,  2,  3,  2,    1904384,    1904384,    1904389,    1904384
 8,    1904394,     18.0,     18.0,     18.0,     59.0,  1,  2,  3,  2,    1904384,    1904384,    1904394,    1904384
 8,    2581468,     24.0,     24.0,     24.0,     77.0,  1,  2,  3,  2,    1904037,    1904037,    1904037,    1904037
 8,    1942936,     24.0,     24.0,     24.0,     74.0,  9, 10, 11,  9,    1953787,    1953787,    1953787,    1953787
 8,    1942953,     22.0,     22.0,     23.0,     67.0,  9, 10, 11,  9,    1953791,    1953791,    1953791,    1953791
 8,    1947095,     47.0,     48.0,     47.0,    149.0,  9, 10, 12,  9,    1956452,    1956452,    1956452,    1956452
 8,    2372207,     38.0,     41.0,     41.0,    125.0,  1,  2,  3,  1,    2372207,    2372207,    2372207,    2372207
 8,    2189612,     38.0,     41.0,     41.0,    124.0,  1,  2,  3,  1,    2189612,    2189612,    2189612,    2189612
 8,    2239774,     18.0,     17.0,     18.0,     53.0,  9, 10, 11, 10,    2186663,    2186663,    2186663,    2186663
 8,    2524115,     18.0,     18.0,     18.0,     56.0,  9, 10, 11,  9,    2371370,    2371370,    2371370,    2371370
 8,    2580580,     17.0,     17.0,     17.0,     54.0,  9, 10, 11,  9,    2186669,    2186669,    2186669,    2186669
 8,    2239803,     18.0,     18.0,     18.0,     56.0,  9, 10, 11,  9,    2186672,    2186672,    2186672,    2186672
 8,    2475650,     22.0,     22.0,     22.0,     71.0,  9, 10, 11,  9,    2338808,    2338808,    2338808,    2338808
 8,    2239793,     17.0,     17.0,     17.0,     54.0,  9, 10, 11,  9,    2186669,    2186669,    2186669,    2186669
 8,    2524139,     17.0,     17.0,     17.0,     54.0,  9, 10, 11,  9,    2371378,    2371378,    2371378,    2371378
 8,    2578521,     44.0,     44.0,     45.0,    143.0,  1,  2,  3,  2,    2522946,    1903705,    1904037,    1904017
 8,    1903690,     17.0,     17.0,     17.0,     55.0,  9, 10, 11,  9,    1934372,    1934372,    1934372,    1934372
 8,    1903695,     41.0,     40.0,     42.0,    131.0,  1,  2,  3,  2,    1903695,    1903768,    1903695,    1903900
 8,    3525454,     16.0,     16.0,     16.0,     52.0,  1,  2,  3,  2,    3525454,    3525454,    3525454,    3525454
 8,    1903920,     17.0,     17.0,     17.0,     54.0,  9, 10, 11,  9,    1934522,    1934522,    1934522,    1934522
 8,    2579147,     55.0,     55.0,     55.0,    171.0,  9, 10, 11,  9,    2186681,    2186681,    2186681,    2186681
 8,    2579364,     29.0,     29.0,     29.0,     93.0,  1,  2,  3,  1,    2524230,    2524230,    2524230,    2524230
 8,    2524230,     21.0,     21.0,     21.0,     68.0,  1,  2,  3,  1,    2524230,    2524230,    2524230,    2524230
 8,    2524214,     36.0,     37.0,     37.0,    119.0,  1,  2,  3,  1,    2524214,    2524214,    2524214,    2524214
 8,    2579348,     27.0,     27.0,     27.0,     88.0,  1,  2,  3,  1,    2524255,    2524255,    2524255,    2524255
 8,    2524255,     21.0,     21.0,     21.0,     68.0,  1,  2,  3,  1,    2524255,    2524255,    2524255,    2524255
 8,    2524265,     16.0,     16.0,     16.0,     52.0,  1,  2,  3,  1,    2524265,    2524265,    2524265,    2524265
 8,    2524270,     17.0,     17.0,     17.0,     56.0,  1,  2,  3,  1,    2524270,    2524270,    2524270,    2524270
 8,    2579394,     18.0,     18.0,     18.0,     59.0,  1,  2,  3,  1,    2524245,    2524245,    2524245,    2524245
 8,    2579409,     16.0,     16.0,     16.0,     52.0,  1,  2,  3,  1,    2524245,    2524245,    2524245,    2524245
 8,    2524245,     14.0,     14.0,     14.0,     45.0,  1,  2,  3,  1,    2524245,    2524245,    2524245,    2524245
 8,    2579444,     12.0,     12.0,     12.0,     40.0,  1,  2,  3,  1,    2524295,    2524295,    2524295,    2524295
 8,    2524295,     11.0,     11.0,     11.0,     36.0,  1,  2,  3,  1,    2524295,    2524295,    2524295,    2524295
 8,    2524300,     11.0,     11.0,     11.0,     35.0,  1,  2,  3,  1,    2524295,    2524295,    2524295,    2524300
 8,    2524310,     11.0,     11.0,     11.0,     35.0,  1,  2,  3,  1,    2524295,    2524295,    2524295,    2524310
 8,    3525437,     13.0,     13.0,     14.0,     44.0,  1,  2,  3,  1,    3525437,    3525437,    3525437,    3525437
 8,    2475645,     20.0,     20.0,     20.0,     64.0,  1,  2,  3,  2,    2475645,    2475645,    2475645,    2475645
 8,    3612708,     24.0,     24.0,     24.0,     74.0,  9, 10, 11, 10,    2846700,    2846700,    2846700,    2846700
 9,    2580315,     22.0,     22.0,     22.0,     71.0,  1,  2,  3,  1,    2524230,    2524230,    2524230,    2524230
 9,    2239779,     60.0,     59.0,     60.0,    184.0,  9, 10, 11, 10,    2186677,    2186677,    2186677,    2186677
 9,    2522946,     13.0,     12.0,     13.0,     41.0,  1,  2,  3,  2,    2522946,    2522946,    2522946,    2522946
 9,    1903706,     37.0,     34.0,     37.0,    112.0,  1,  2,  3,  2,    1903705,    1904017,    1903705,    1904017
 9,    2524230,     21.0,     21.0,     21.0,     68.0,  1,  2,  3,  1,    2524230,    2524230,    2524230,    2524230
 9,    1899476,     25.0,     25.0,     25.0,     75.0,  9, 10, 11,  9,    1931587,    1931587,    1931587,    1931587
 9,    1903982,     24.0,     22.0,     24.0,     74.0,  1,  2,  3,  2,    1903982,    1903982,    1903982,    1903982
 9,    1903700,     17.0,     17.0,     17.0,     54.0,  9, 10, 11,  9,    1934377,    1934377,    1934377,    1934377
 9,    1903719,     17.0,     17.0,     17.0,     54.0,  9, 10, 11,  9,    1934391,    1934391,    1934391,    1934391
 9,    1903729,     17.0,     17.0,     17.0,     55.0,  9, 10, 11,  9,    1934394,    1934394,    1934394,    1934394
 9,    2524202,     35.0,     33.0,     35.0,    107.0,  1,  2,  3,  2,    1903705,    1903768,    1903705,    1904017
 9,    2524213,     17.0,     17.0,     17.0,     54.0,  9, 10, 11,  9,    1934407,    1934407,    1934407,    1934407
 9,    1903783,     17.0,     17.0,     17.0,     54.0,  9, 10, 11,  9,    1934417,    1934417,    1934417,    1934417
 9,    1903835,     17.0,     17.0,     17.0,     54.0,  9, 10, 11,  9,    1934471,    1934471,    1934471,    1934471
 9,    1903860,     22.0,     22.0,     22.0,     70.0,  9, 10, 11, 10,    1934493,    1934493,    1934493,    1934493
 9,    1903900,     16.0,     16.0,     16.0,     53.0,  9,  2, 11,  9,    1934516,    1903900,    1934516,    1934516
 9,    1903976,     26.0,     24.0,     26.0,     79.0,  1,  2,  3,  2,    1903976,    1903976,    1903976,    1904017
 9,    1904017,     16.0,     15.0,     16.0,     49.0,  1,  2,  3,  2,    1904017,    1904017,    1904017,    1904017
 9,    1904379,     20.0,     19.0,     20.0,     62.0,  1,  2,  3,  2,    1904037,    1904037,    1904037,    1904379
 9,    1904389,     18.0,     17.0,     18.0,     57.0,  1,  2,  3,  2,    1904384,    1904384,    1904384,    1904384
 9,    1904394,     18.0,     17.0,     18.0,     57.0,  1,  2,  3,  2,    1904384,    1904384,    1904384,    1904384
 9,    2581468,     24.0,     23.0,     24.0,     75.0,  1,  2,  3,  2,    1904037,    1904037,    1904037,    1904037
 9,    1942936,     24.0,     24.0,     24.0,     74.0,  9, 10, 11,  9,    1953787,    1953787,    1953787,    1953787
 9,    1942953,     21.0,     23.0,     20.0,     62.0,  9, 10, 11, 11,    1953791,    1953791,    1953791,    1953791
 9,    1947095,     45.0,     48.0,     48.0,    143.0,  9, 10, 11,  9,    1956452,    1956452,    1956452,    1956452
 9,    2372207,     39.0,     41.0,     41.0,    126.0,  1,  2,  3,  1,    2372207,    2372207,    2372207,    2372207
 9,    2189612,     38.0,     41.0,     41.0,    125.0,  1,  2,  3,  1,    2189612,    2189612,    2189612,    2189612
 9,    2239774,     18.0,     17.0,     18.0,     54.0,  9, 10, 11, 10,    2186663,    2186663,    2186663,    2186663
 9,    2524115,     18.0,     18.0,     18.0,     55.0,  9, 10, 11, 10,    2371370,    2371370,    2371370,    2371370
 9,    2580580,     17.0,     17.0,     17.0,     54.0,  9, 10, 11,  9,    2186669,    2186669,    2186669,    2186669
 9,    2239803,     18.0,     18.0,     17.0,     54.0,  9, 10, 11, 11,    2186672,    2186672,    2186672,    2186672
 9,    2475650,     22.0,     22.0,     22.0,     70.0,  9,  2, 11, 10,    2338808,    2475650,    2338808,    2338808
 9,    2239793,     17.0,     17.0,     17.0,     54.0,  9, 10, 11,  9,    2186669,    2186669,    2186669,    2186669
 9,    2524139,     17.0,     16.0,     17.0,     52.0,  9, 10, 11, 10,    2371378,    2371378,    2371378,    2371378
 9,    2578521,     45.0,     42.0,     45.0,    138.0,  1,  2,  3,  2,    1903685,    1904017,    1903705,    1904017
 9,    1903690,     17.0,     17.0,     17.0,     55.0,  9, 10, 11,  9,    1934372,    1934372,    1934372,    1934372
 9,    1903695,     41.0,     39.0,     41.0,    126.0,  1,  2,  3,  2,    1903695,    1903860,    1903860,    1904017
 9,    3525454,     16.0,     16.0,     16.0,     51.0,  1,  2,  3,  2,    3525454,    3525454,    3525454,    3525454
 9,    1903920,     17.0,     17.0,     17.0,     54.0,  9, 10, 11,  9,    1934522,    1934522,    1934522,    1934522
 9,    2579147,     55.0,     55.0,     55.0,    171.0,  9, 10, 11,  9,    2186681,    2186681,    2186681,    2186681
 9,    2579364,     29.0,     29.0,     29.0,     93.0,  1,  2,  3,  1,    2524230,    2524230,    2524230,    2524230
 9,    2524230,     21.0,     21.0,     21.0,     68.0,  1,  2,  3,  1,    2524230,    2524230,    2524230,    2524230
 9,    2524214,     36.0,     37.0,     37.0,    119.0,  1,  2,  3,  1,    2524214,    2524214,    2524214,    2524214
 9,    2579348,     27.0,     27.0,     27.0,     88.0,  1,  2,  3,  1,    2524255,    2524255,    2524255,    2524255
 9,    2524255,     21.0,     21.0,     21.0,     68.0,  1,  2,  3,  1,    2524255,    2524255,    2524255,    2524255
 9,    2524265,     16.0,     16.0,     16.0,     52.0,  1,  2,  3,  1,    2524265,    2524265,    2524265,    2524265
 9,    2524270,     17.0,     17.0,     17.0,     56.0,  1,  2,  3,  1,    2524270,    2524270,    2524270,    2524270
 9,    2579394,     18.0,     18.0,     18.0,     59.0,  1,  2,  3,  1,    2524245,    2524245,    2524245,    2524245
 9,    2579409,     16.0,     16.0,     16.0,     52.0,  1,  2,  3,  1,    2524245,    2524245,    2524245,    2524245
 9,    2524245,     14.0,     14.0,     14.0,     45.0,  1,  2,  3,  1,    2524245,    2524245,    2524245,    2524245
 9,    2579444,     12.0,     12.0,     12.0,     40.0,  1,  2,  3,  1,    2524295,    2524295,    2524295,    2524295
 9,    2524295,     11.0,     11.0,     11.0,     36.0,  1,  2,  3,  1,    2524295,    2524295,    2524295,    2524295
 9,    2524300,     11.0,     11.0,     11.0,     35.0,  1,  2,  3,  1,    2524295,    2524295,    2524295,    2524300
 9,    2524310,     11.0,     11.0,     11.0,     35.0,  1,  2,  3,  1,    2524295,    2524295,    2524295,    2524310
 9,    3525437,     14.0,     13.0,     14.0,     43.0,  1,  2,  3,  2,    3525437,    3525437,    3525437,    3525437
 9,    2475645,     20.0,     19.0,     20.0,     63.0,  1,  2,  3,  2,    2475645,    2475645,    2475645,    2475645
 9,    3612708,     24.0,     24.0,     24.0,     74.0,  9, 10, 11, 10,    2846700,    2846700,    2846700,    2846700
10,    2580315,     22.0,     22.0,     22.0,     71.0,  1,  2,  3,  1,    2524230,    2524230,    2524230,    2524230
10,    2239779,     60.0,     58.0,     60.0,    183.0,  9, 10, 11, 10,    2186677,    2186677,    2186677,    2186677
10,    2522946,     13.0,     12.0,     13.0,     41.0,  1,  2,  3,  2,    2522946,    2522946,    2522946,    2522946
10,    1903706,     36.0,     35.0,     37.0,    113.0,  1,  2,  3,  2,    1904017,    1903705,    1903705,    1903860
10,    2524230,     21.0,     21.0,     21.0,     68.0,  1,  2,  3,  1,    2524230,    2524230,    2524230,    2524230
10,    1899476,     25.0,     25.0,     25.0,     75.0,  9, 10, 11,  9,    1931587,    1931587,    1931587,    1931587
10,    1903982,     24.0,     22.0,     24.0,     73.0,  1,  2,  3,  2,    1903982,    1903982,    1903982,    1903982
10,    1903700,     17.0,     17.0,     17.0,     54.0,  9, 10, 11,  9,    1934377,    1934377,    1934377,    1934377
10,    1903719,     17.0,     17.0,     17.0,     54.0,  9, 10, 11,  9,    1934391,    1934391,    1934391,    1934391
10,    1903729,     17.0,     17.0,     17.0,     55.0,  9, 10, 11,  9,    1934394,    1934394,    1934394,    1934394
10,    2524202,     35.0,     33.0,     35.0,    107.0,  1,  2,  3,  2,    1903705,    1903705,    1903705,    1903860
10,    2524213,     17.0,     17.0,     17.0,     54.0,  9, 10, 11,  9,    1934407,    1934407,    1934407,    1934407
10,    1903783,     17.0,     17.0,     17.0,     53.0,  9, 10, 11, 10,    1934417,    1934417,    1934417,    1934417
10,    1903835,     17.0,     17.0,     17.0,     54.0,  9, 10, 11,  9,    1934471,    1934471,    1934471,    1934471
10,    1903860,     22.0,     21.0,     22.0,     68.0,  9, 10, 11, 10,    1934493,    1934493,    1934493,    1934493
10,    1903900,     16.0,     16.0,     16.0,     53.0,  9,  2, 11,  2,    1934516,    1903900,    1934516,    1903900
10,    1903976,     25.0,     24.0,     26.0,     79.0,  1,  2,  3,  2,    2522946,    1903976,    1903976,    1904017
10,    1904017,     16.0,     15.0,     16.0,     49.0,  1,  2,  3,  2,    1904017,    1904017,    1904017,    1904017
10,    1904379,     20.0,     19.0,     20.0,     61.0,  1,  2,  3,  2,    1904037,    1904037,    1904379,    1904379
10,    1904389,     18.0,     17.0,     19.0,     57.0,  1,  2,  3,  2,    1904384,    1904384,    1904384,    1904384
10,    1904394,     18.0,     17.0,     19.0,     57.0,  1,  2,  3,  2,    1904384,    1904384,    1904384,    1904384
10,    2581468,     24.0,     23.0,     24.0,     75.0,  1,  2,  3,  2,    1904037,    1904037,    1904037,    1904037
10,    1942936,     24.0,     24.0,     24.0,     74.0,  9, 10, 11,  9,    1953787,    1953787,    1953787,    1953787
10,    1942953,     20.0,     23.0,     21.0,     62.0,  9, 10, 11,  9,    1953791,    1953791,    1953791,    1953791
10,    1947095,     45.0,     48.0,     48.0,    142.0,  9, 10, 11,  9,    1956452,    1956452,    1956452,    1956452
10,    2372207,     39.0,     41.0,     41.0,    126.0,  1,  2,  3,  1,    2189612,    2372207,    2372207,    2372207
10,    2189612,     38.0,     41.0,     41.0,    125.0,  1,  2,  3,  1,    2189612,    2189612,    2189612,    2189612
10,    2239774,     18.0,     17.0,     18.0,     54.0,  9, 10, 11, 10,    2186663,    2186663,    2186663,    2186663
10,    2524115,     18.0,     18.0,     18.0,     55.0,  9, 10, 11, 10,    2371370,    2371370,    2371370,    2371370
10,    2580580,     17.0,     17.0,     17.0,     54.0,  9, 10, 11,  9,    2186669,    2186669,    2186669,    2186669
10,    2239803,     18.0,     18.0,     17.0,     53.0,  9, 10, 11, 11,    2186672,    2186672,    2186672,    2186672
10,    2475650,     22.0,     22.0,     22.0,     70.0,  9,  2, 11, 10,    2338808,    2475650,    2338808,    2338808
10,    2239793,     17.0,     17.0,     17.0,     54.0,  9, 10, 11,  9,    2186669,    2186669,    2186669,    2186669
10,    2524139,     17.0,     17.0,     17.0,     53.0,  9, 10, 11, 10,    2371378,    2371378,    2371378,    2371378
10,    2578521,     45.0,     42.0,     46.0,    139.0,  1,  2,  3,  2,    1903685,    1903900,    1903685,    1903860
10,    1903690,     17.0,     17.0,     17.0,     55.0,  9, 10, 11,  9,    1934372,    1934372,    1934372,    1934372
10,    1903695,     41.0,     39.0,     42.0,    127.0,  1,  2,  3,  2,    1903695,    1903705,    1903695,    1903860
10,    3525454,     16.0,     15.0,     16.0,     51.0,  1,  2,  3,  2,    3525454,    3525454,    3525454,    3525454
10,    1903920,     17.0,     17.0,     17.0,     54.0,  9, 10, 11,  9,    1934522,    1934522,    1934522,    1934522
10,    2579147,     55.0,     55.0,     55.0,    171.0,  9, 10, 11,  9,    2186681,    2186681,    2186681,    2186681
10,    2579364,     29.0,     29.0,     29.0,     93.0,  1,  2,  3,  1,    2524230,    2524230,    2524230,    2524230
10,    2524230,     21.0,     21.0,     21.0,     68.0,  1,  2,  3,  1,    2524230,    2524230,    2524230,    2524230
10,    2524214,     36.0,     36.0,     37.0,    119.0,  1,  2,  3,  1,    2524214,    2524214,    2524214,    2524214
10,    2579348,     27.0,     27.0,     27.0,     88.0,  1,  2,  3,  1,    2524255,    2524255,    2524255,    2524255
10,    2524255,     21.0,     21.0,     21.0,     68.0,  1,  2,  3,  1,    2524255,    2524255,    2524255,    2524255
10,    2524265,     16.0,     16.0,     16.0,     52.0,  1,  2,  3,  1,    2524265,    2524265,    2524265,    2524265
10,    2524270,     17.0,     17.0,     17.0,     56.0,  1,  2,  3,  1,    2524270,    2524270,    2524270,    2524270
10,    2579394,     18.0,     18.0,     18.0,     59.0,  1,  2,  3,  1,    2524245,    2524245,    2524245,    2524245
10,    2579409,     16.0,     16.0,     16.0,     52.0,  1,  2,  3,  1,    2524245,    2524245,    2524245,    2524245
10,    2524245,     14.0,     14.0,     14.0,     45.0,  1,  2,  3,  1,    2524245,    2524245,    2524245,    2524245
10,    2579444,     12.0,     12.0,     12.0,     40.0,  1,  2,  3,  1,    2524295,    2524295,    2524295,    2524295
10,    2524295,     11.0,     11.0,     11.0,     36.0,  1,  2,  3,  1,    2524295,    2524295,    2524295,    2524295
10,    2524300,     11.0,     11.0,     11.0,     35.0,  1,  2,  3,  1,    2524295,    2524295,    2524295,    2524300
10,    2524310,     11.0,     11.0,     11.0,     35.0,  1,  2,  3,  1,    2524295,    2524295,    2524295,    2524310
10,    3525437,     14.0,     13.0,     14.0,     42.0,  1,  2,  3,  2,    3525437,    3525437,    3525437,    3525437
10,    2475645,     20.0,     19.0,     20.0,     62.0,  1,  2,  3,  2,    2475645,    2475645,    2475645,    3525454
10,    3612708,     24.0,     24.0,     24.0,     74.0,  9, 10, 11, 10,    2846700,    2846700,    2846700,    2846700
11,    2580315,     22.0,     22.0,     22.0,     71.0,  1,  2,  3,  1,    2524230,    2524230,    2524230,    2524230
11,    2239779,     60.0,     57.0,     61.0,    180.0,  9, 10, 11, 10,    2186677,    2186677,    2186677,    2186677
11,    2522946,     13.0,     12.0,     13.0,     39.0,  1,  2,  3,  2,    2522946,    2522946,    2522946,    2522946
11,    1903706,     36.0,     33.0,     37.0,    108.0,  1,  2,  3,  2,    1903705,    1903860,    1903705,    1904017
11,    2524230,     21.0,     21.0,     21.0,     68.0,  1,  2,  3,  1,    2524230,    2524230,    2524230,    2524230
11,    1899476,     25.0,     25.0,     25.0,     75.0,  9, 10, 11,  9,    1931587,    1931587,    1931587,    1931587
11,    1903982,     23.0,     22.0,     24.0,     71.0,  1,  2,  3,  2,    1903982,    1903982,    1903982,    1903982
11,    1903700,     17.0,     17.0,     17.0,     54.0,  9, 10, 11,  9,    1934377,    1934377,    1934377,    1934377
11,    1903719,     17.0,     17.0,     17.0,     54.0,  9, 10, 11,  9,    1934391,    1934391,    1934391,    1934391
11,    1903729,     17.0,     17.0,     17.0,     54.0,  9, 10, 11, 10,    1934394,    1934394,    1934394,    1934394
11,    2524202,     35.0,     32.0,     36.0,    103.0,  1,  2,  3,  2,    1903705,    1903705,    1903705,    1904017
11,    2524213,     17.0,     17.0,     17.0,     54.0,  9, 10, 11,  9,    1934407,    1934407,    1934407,    1934407
11,    1903783,     17.0,     17.0,     17.0,     53.0,  9, 10, 11, 10,    1934417,    1934417,    1934417,    1934417
11,    1903835,     17.0,     17.0,     17.0,     54.0,  9, 10, 11,  9,    1934471,    1934471,    1934471,    1934471
11,    1903860,     22.0,     20.0,     22.0,     66.0,  9, 10, 11, 10,    1934493,    1934493,    1934493,    1934493
11,    1903900,     16.0,     16.0,     16.0,     51.0,  9,  2, 11,  2,    1934516,    1903900,    1934516,    1903900
11,    1903976,     26.0,     23.0,     26.0,     76.0,  1,  2,  3,  2,    1903976,    1904017,    1903976,    1904017
11,    1904017,     16.0,     14.0,     16.0,     47.0,  1,  2,  3,  2,    1904017,    1904017,    1904017,    1904017
11,    1904379,     20.0,     18.0,     20.0,     59.0,  1,  2,  3,  2,    1904037,    1904379,    1904379,    1904379
11,    1904389,     18.0,     17.0,     19.0,     55.0,  1,  2,  3,  2,    1904384,    1904384,    1904384,    1904384
11,    1904394,     18.0,     17.0,     19.0,     55.0,  1,  2,  3,  2,    1904384,    1904384,    1904384,    1904384
11,    2581468,     24.0,     22.0,     24.0,     72.0,  1,  2,  3,  2,    1904037,    1904037,    1904037,    1904037
11,    1942936,     24.0,     24.0,     24.0,     74.0,  9, 10, 11, 11,    1953787,    1953787,    1953787,    1953787
11,    1942953,     21.0,     23.0,     20.0,     61.0,  9, 10, 11, 11,    1953791,    1953791,    1953791,    1953791
11,    1947095,     44.0,     48.0,     48.0,    139.0,  9, 10, 11,  9,    1956452,    1956452,    1956452,    1956452
11,    2372207,     38.0,     41.0,     41.0,    125.0,  1,  2,  3,  1,    2372207,    2372207,    2372207,    2372207
11,    2189612,     38.0,     41.0,     41.0,    124.0,  1,  2,  3,  1,    2189612,    2189612,    2189612,    2189612
11,    2239774,     18.0,     18.0,     18.0,     55.0,  9, 10, 11,  9,    2186663,    2186663,    2186663,    2186663
11,    2524115,     18.0,     18.0,     18.0,     55.0,  9, 10, 11, 10,    2371370,    2371370,    2371370,    2371370
11,    2580580,     17.0,     17.0,     17.0,     54.0,  9, 10, 11,  9,    2186669,    2186669,    2186669,    2186669
11,    2239803,     18.0,     18.0,     18.0,     56.0,  9, 10, 11,  9,    2186672,    2186672,    2186672,    2186672
11,    2475650,     22.0,     22.0,     22.0,     70.0,  9,  2, 11, 10,    2338808,    2475650,    2338808,    2338808
11,    2239793,     17.0,     17.0,     17.0,     54.0,  9, 10, 11,  9,    2186669,    2186669,    2186669,    2186669
11,    2524139,     17.0,     16.0,     17.0,     52.0,  9, 10, 11, 10,    2371378,    2371378,    2371378,    2371378
11,    2578521,     45.0,     41.0,     46.0,    133.0,  1,  2,  3,  2,    1903685,    1903860,    1903685,    1904017
11,    1903690,     17.0,     17.0,     17.0,     55.0,  9, 10, 11,  9,    1934372,    1934372,    1934372,    1934372
11,    1903695,     41.0,     37.0,     42.0,    122.0,  1,  2,  3,  2,    1903695,    1904017,    1903695,    1903900
11,    3525454,     16.0,     15.0,     16.0,     49.0,  1,  2,  3,  2,    3525454,    3525454,    3525454,    3525454
11,    1903920,     17.0,     17.0,     17.0,     54.0,  9, 10, 11,  9,    1934522,    1934522,    1934522,    1934522
11,    2579147,     55.0,     55.0,     55.0,    171.0,  9, 10, 11,  9,    2186681,    2186681,    2186681,    2186681
11,    2579364,     29.0,     29.0,     29.0,     93.0,  1,  2,  3,  1,    2524230,    2524230,    2524230,    2524230
11,    2524230,     21.0,     21.0,     21.0,     68.0,  1,  2,  3,  1,    2524230,    2524230,    2524230,    2524230
11,    2524214,     36.0,     37.0,     37.0,    119.0,  1,  2,  3,  1,    2524214,    2524214,    2524214,    2524214
11,    2579348,     27.0,     27.0,     27.0,     88.0,  1,  2,  3,  1,    2524255,    2524255,    2524255,    2524255
11,    2524255,     21.0,     21.0,     21.0,     68.0,  1,  2,  3,  1,    2524255,    2524255,    2524255,    2524255
11,    2524265,     16.0,     16.0,     16.0,     52.0,  1,  2,  3,  1,    2524265,    2524265,    2524265,    2524265
11,    2524270,     17.0,     17.0,     17.0,     56.0,  1,  2,  3,  1,    2524270,    2524270,    2524270,    2524270
11,    2579394,     18.0,     18.0,     18.0,     59.0,  1,  2,  3,  1,    2524245,    2524245,    2524245,    2524245
11,    2579409,     16.0,     16.0,     16.0,     52.0,  1,  2,  3,  1,    2524245,    2524245,    2524245,    2524245
11,    2524245,     14.0,     14.0,     14.0,     45.0,  1,  2,  3,  1,    2524245,    2524245,    2524245,    2524245
11,    2579444,     12.0,     12.0,     12.0,     40.0,  1,  2,  3,  1,    2524295,    2524295,    2524295,    2524295
11,    2524295,     11.0,     11.0,     11.0,     36.0,  1,  2,  3,  1,    2524295,    2524295,    2524295,    2524295
11,    2524300,     11.0,     11.0,     11.0,     35.0,  1,  2,  3,  1,    2524295,    2524295,    2524295,    2524300
11,    2524310,     11.0,     11.0,     11.0,     35.0,  1,  2,  3,  1,    2524295,    2524295,    2524295,    2524310
11,    3525437,     13.0,     12.0,     14.0,     41.0,  1,  2,  3,  2,    3525437,    3525437,    3525437,    3525437
11,    2475645,     20.0,     19.0,     20.0,     61.0,  1,  2,  3,  2,    2475645,    2475645,    2475645,    2475645
11,    3612708,     24.0,     24.0,     24.0,     74.0,  9, 10, 11, 10,    2846700,    2846700,    2846700,    2846700
12,    2580315,     22.0,     22.0,     22.0,     72.0,  1,  2,  3,  1,    2524230,    2524230,    2524230,    2524230
12,    2239779,     60.0,     57.0,     61.0,    180.0,  9, 10, 11, 10,    2186677,    2186677,    2186677,    2186677
12,    2522946,     13.0,     12.0,     13.0,     40.0,  1,  2,  3,  2,    2522946,    2522946,    2522946,    2522946
12,    1903706,     37.0,     34.0,     37.0,    110.0,  1,  2,  3,  2,    1903705,    1903705,    1903705,    1903860
12,    2524230,     21.0,     21.0,     21.0,     68.0,  1,  2,  3,  1,    2524230,    2524230,    2524230,    2524230
12,    1899476,     25.0,     25.0,     25.0,     75.0,  9, 10, 11,  9,    1931587,    1931587,    1931587,    1931587
12,    1903982,     24.0,     22.0,     24.0,     72.0,  1,  2,  3,  2,    1903982,    1903982,    1903982,    1903982
12,    1903700,     17.0,     17.0,     17.0,     54.0,  9, 10, 11,  9,    1934377,    1934377,    1934377,    1934377
12,    1903719,     17.0,     17.0,     17.0,     54.0,  9, 10, 11, 10,    1934391,    1934391,    1934391,    1934391
12,    1903729,     17.0,     17.0,     17.0,     54.0,  9, 10, 11, 10,    1934394,    1934394,    1934394,    1934394
12,    2524202,     35.0,     32.0,     36.0,    105.0,  1,  2,  3,  2,    1903705,    1903768,    1903705,    1903860
12,    2524213,     17.0,     17.0,     17.0,     54.0,  9, 10, 11,  9,    1934407,    1934407,    1934407,    1934407
12,    1903783,     17.0,     17.0,     17.0,     53.0,  9, 10, 11, 10,    1934417,    1934417,    1934417,    1934417
12,    1903835,     17.0,     17.0,     17.0,     54.0,  9, 10, 11,  9,    1934471,    1934471,    1934471,    1934471
12,    1903860,     22.0,     21.0,     22.0,     67.0,  9, 10, 11, 10,    1934493,    1934493,    1934493,    1934493
12,    1903900,     16.0,     16.0,     16.0,     52.0,  9,  2, 11,  2,    1934516,    1903900,    1934516,    1903900
12,    1903976,     26.0,     24.0,     26.0,     77.0,  1,  2,  3,  2,    1903976,    1903976,    1903976,    1904017
12,    1904017,     16.0,     15.0,     16.0,     48.0,  1,  2,  3,  2,    1904017,    1904017,    1904017,    1904017
12,    1904379,     20.0,     18.0,     20.0,     60.0,  1,  2,  3,  2,    1904374,    1904379,    1904379,    1904379
12,    1904389,     18.0,     17.0,     19.0,     56.0,  1,  2,  3,  2,    1904384,    1904384,    1904384,    1904384
12,    1904394,     18.0,     17.0,     19.0,     56.0,  1,  2,  3,  2,    1904384,    1904384,    1904384,    1904384
12,    2581468,     24.0,     22.0,     24.0,     73.0,  1,  2,  3,  2,    1904037,    1904037,    1904037,    1904037
12,    1942936,     24.0,     24.0,     24.0,     74.0,  9, 10, 11,  9,    1953787,    1953787,    1953787,    1953787
12,    1942953,     22.0,     22.0,     22.0,     67.0,  9, 10, 11,  9,    1953791,    1953791,    1953791,    1953791
12,    1947095,     46.0,     48.0,     48.0,    147.0,  9, 10, 11,  9,    1956452,    1956452,    1956452,    1956452
12,    2372207,     40.0,     41.0,     41.0,    130.0,  1,  2,  3,  1,    2372207,    2372207,    2372207,    2372207
12,    2189612,     40.0,     41.0,     41.0,    130.0,  1,  2,  3,  1,    2189612,    2189612,    2189612,    2189612
12,    2239774,     18.0,     18.0,     18.0,     55.0,  9, 10, 11,  9,    2186663,    2186663,    2186663,    2186663
12,    2524115,     18.0,     18.0,     18.0,     55.0,  9, 10, 11, 10,    2371370,    2371370,    2371370,    2371370
12,    2580580,     17.0,     17.0,     17.0,     54.0,  9, 10, 11,  9,    2186669,    2186669,    2186669,    2186669
12,    2239803,     18.0,     18.0,     18.0,     56.0,  9, 10, 11,  9,    2186672,    2186672,    2186672,    2186672
12,    2475650,     22.0,     21.0,     22.0,     69.0,  9, 10, 11, 10,    2338808,    2338808,    2338808,    2338808
12,    2239793,     17.0,     17.0,     17.0,     54.0,  9, 10, 11,  9,    2186669,    2186669,    2186669,    2186669
12,    2524139,     17.0,     16.0,     17.0,     51.0,  9, 10, 11, 10,    2371378,    2371378,    2371378,    2371378
12,    2578521,     45.0,     41.0,     46.0,    135.0,  1,  2,  3,  2,    1903768,    1903860,    1903685,    1903860
12,    1903690,     17.0,     17.0,     17.0,     55.0,  9, 10, 11,  9,    1934372,    1934372,    1934372,    1934372
12,    1903695,     41.0,     38.0,     42.0,    123.0,  1,  2,  3,  2,    1904017,    1903768,    1903695,    1904017
12,    3525454,     16.0,     15.0,     16.0,     49.0,  1,  2,  3,  2,    3525454,    3525454,    3525454,    3525454
12,    1903920,     17.0,     17.0,     17.0,     54.0,  9, 10, 11,  9,    1934522,    1934522,    1934522,    1934522
12,    2579147,     55.0,     55.0,     55.0,    171.0,  9, 10, 11,  9,    2186681,    2186681,    2186681,    2186681
12,    2579364,     29.0,     29.0,     29.0,     93.0,  1,  2,  3,  1,    2524230,    2524230,    2524230,    2524230
12,    2524230,     21.0,     21.0,     21.0,     68.0,  1,  2,  3,  1,    2524230,    2524230,    2524230,    2524230
12,    2524214,     36.0,     37.0,     37.0,    119.0,  1,  2,  3,  1,    2524214,    2524214,    2524214,    2524214
12,    2579348,     27.0,     27.0,     27.0,     88.0,  1,  2,  3,  1,    2524255,    2524255,    2524255,    2524255
12,    2524255,     21.0,     21.0,     21.0,     68.0,  1,  2,  3,  1,    2524255,    2524255,    2524255,    2524255
12,    2524265,     16.0,     16.0,     16.0,     52.0,  1,  2,  3,  1,    2524265,    2524265,    2524265,    2524265
12,    2524270,     17.0,     17.0,     17.0,     56.0,  1,  2,  3,  1,    2524270,    2524270,    2524270,    2524270
12,    2579394,     18.0,     18.0,     18.0,     59.0,  1,  2,  3,  1,    2524245,    2524245,    2524245,    2524245
12,    2579409,     16.0,     16.0,     16.0,     52.0,  1,  2,  3,  1,    2524245,    2524245,    2524245,    2524245
12,    2524245,     14.0,     14.0,     14.0,     45.0,  1,  2,  3,  1,    2524245,    2524245,    2524245,    2524245
12,    2579444,     12.0,     12.0,     12.0,     40.0,  1,  2,  3,  1,    2524295,    2524295,    2524295,    2524295
12,    2524295,     11.0,     11.0,     11.0,     36.0,  1,  2,  3,  1,    2524295,    2524295,    2524295,    2524295
12,    2524300,     11.0,     11.0,     11.0,     35.0,  1,  2,  3,  1,    2524295,    2524295,    2524295,    2524300
12,    2524310,     11.0,     11.0,     11.0,     35.0,  1,  2,  3,  1,    2524295,    2524295,    2524295,    2524310
12,    3525437,     14.0,     12.0,     14.0,     41.0,  1,  2,  3,  2,    3525437,    3525437,    3525437,    3525437
12,    2475645,     20.0,     19.0,     20.0,     60.0,  1,  2,  3,  2,    2475645,    2475645,    2475645,    3525454
12,    3612708,     24.0,     24.0,     24.0,     74.0,  9, 10, 11, 10,    2846700,    2846700,    2846700,    2846700
13,    2580315,     22.0,     22.0,     22.0,     71.0,  1,  2,  3,  2,    2524230,    2524230,    2524230,    2524230
13,    2239779,     60.0,     58.0,     59.0,    182.0,  9, 10, 11, 10,    2186677,    2186677,    2186677,    2186677
13,    2522946,     12.0,     12.0,     13.0,     41.0,  1,  2,  3,  1,    2522946,    2522946,    2522946,    2522946
13,    1903706,     35.0,     34.0,     35.0,    112.0,  1,  2,  3,  2,    1904017,    1903860,    3525437,    1903860
13,    2524230,     21.0,     21.0,     21.0,     68.0,  1,  2,  3,  1,    2524230,    2524230,    2524230,    2524230
13,    1899476,     25.0,     25.0,     25.0,     75.0,  9, 10, 11,  9,    1931587,    1931587,    1931587,    1931587
13,    1903982,     23.0,     22.0,     23.0,     73.0,  1,  2,  3,  2,    1903982,    1903982,    1903982,    1903982
13,    1903700,     17.0,     17.0,     17.0,     54.0,  9, 10, 11,  9,    1934377,    1934377,    1934377,    1934377
13,    1903719,     17.0,     17.0,     17.0,     54.0,  9, 10, 11, 10,    1934391,    1934391,    1934391,    1934391
13,    1903729,     17.0,     17.0,     17.0,     55.0,  9, 10, 11,  9,    1934394,    1934394,    1934394,    1934394
13,    2524202,     33.0,     33.0,     33.0,    106.0,  1,  2,  3,  2,    2522946,    1903705,    3525437,    1903860
13,    2524213,     17.0,     17.0,     17.0,     53.0,  9, 10, 11, 10,    1934407,    1934407,    1934407,    1934407
13,    1903783,     17.0,     17.0,     17.0,     54.0,  9, 10, 11,  9,    1934417,    1934417,    1934417,    1934417
13,    1903835,     17.0,     17.0,     17.0,     54.0,  9, 10, 11,  9,    1934471,    1934471,    1934471,    1934471
13,    1903860,     22.0,     21.0,     22.0,     67.0,  9, 10, 11, 10,    1934493,    1934493,    1934493,    1934493
13,    1903900,     16.0,     16.0,     16.0,     51.0,  9,  2,  3, 11,    1934516,    1903900,    3525437,    1934516
13,    1903976,     25.0,     24.0,     25.0,     79.0,  1,  2,  3,  2,    1903976,    1903976,    1903976,    1903976
13,    1904017,     15.0,     15.0,     16.0,     49.0,  1,  2,  3,  2,    1904017,    1904017,    1904017,    1904017
13,    1904379,     19.0,     18.0,     19.0,     61.0,  1,  2,  3,  2,    1904379,    1904379,    1904379,    1904379
13,    1904389,     18.0,     17.0,     18.0,     56.0,  1,  2,  3,  2,    1904384,    1904384,    1904384,    1904389
13,    1904394,     18.0,     17.0,     18.0,     57.0,  1,  2,  3,  2,    1904384,    1904384,    1904384,    1904384
13,    2581468,     24.0,     23.0,     24.0,     74.0,  1,  2,  3,  2,    1904037,    1904037,    1904037,    1904037
13,    1942936,     24.0,     24.0,     24.0,     74.0,  9, 10, 11, 10,    1953787,    1953787,    1953787,    1953787
13,    1942953,     22.0,     22.0,     22.0,     67.0,  9, 10, 11, 11,    1953791,    1953791,    1953791,    1953791
13,    1947095,     47.0,     48.0,     47.0,    150.0,  9, 10, 12,  9,    1956452,    1956452,    1956452,    1956452
13,    2372207,     41.0,     41.0,     41.0,    132.0,  1,  2,  3,  1,    2189612,    2372207,    2372207,    2372207
13,    2189612,     40.0,     41.0,     41.0,    131.0,  1,  2,  3,  1,    2189612,    2189612,    2189612,    2189612
13,    2239774,     18.0,     17.0,     18.0,     54.0,  9, 10, 11, 10,    2186663,    2186663,    2186663,    2186663
13,    2524115,     18.0,     18.0,     18.0,     55.0,  9, 10, 11, 10,    2371370,    2371370,    2371370,    2371370
13,    2580580,     17.0,     17.0,     17.0,     54.0,  9, 10, 11,  9,    2186669,    2186669,    2186669,    2186669
13,    2239803,     18.0,     18.0,     17.0,     52.0,  9, 10, 11, 11,    2186672,    2186672,    2186672,    2186672
13,    2475650,     22.0,     22.0,     22.0,     70.0,  9,  2, 11, 10,    2338808,    2475650,    2338808,    2338808
13,    2239793,     17.0,     17.0,     17.0,     54.0,  9, 10, 11,  9,    2186669,    2186669,    2186669,    2186669
13,    2524139,     17.0,     16.0,     17.0,     52.0,  9, 10, 11, 10,    2371378,    2371378,    2371378,    2371378
13,    2578521,     43.0,     42.0,     43.0,    137.0,  1,  2,  3,  2,    1904017,    1903768,    3525437,    1903860
13,    1903690,     17.0,     17.0,     17.0,     55.0,  9, 10, 11,  9,    1934372,    1934372,    1934372,    1934372
13,    1903695,     39.0,     38.0,     39.0,    125.0,  1,  2,  3,  2,    2522946,    1903860,    3525437,    1903860
13,    3525454,     16.0,     15.0,     16.0,     50.0,  1,  2,  3,  2,    3525454,    3525454,    3525454,    3525454
13,    1903920,     17.0,     17.0,     17.0,     54.0,  9, 10, 11,  9,    1934522,    1934522,    1934522,    1934522
13,    2579147,     55.0,     55.0,     55.0,    171.0,  9, 10, 11,  9,    2186681,    2186681,    2186681,    2186681
13,    2579364,     29.0,     29.0,     29.0,     93.0,  1,  2,  3,  1,    2524230,    2524230,    2524230,    2524230
13,    2524230,     21.0,     21.0,     21.0,     68.0,  1,  2,  3,  1,    2524230,    2524230,    2524230,    2524230
13,    2524214,     37.0,     36.0,     37.0,    119.0,  1,  2,  3,  1,    2524214,    2524214,    2524214,    2524214
13,    2579348,     27.0,     27.0,     27.0,     88.0,  1,  2,  3,  1,    2524255,    2524255,    2524255,    2524255
13,    2524255,     21.0,     21.0,     21.0,     68.0,  1,  2,  3,  1,    2524255,    2524255,    2524255,    2524255
13,    2524265,     16.0,     16.0,     16.0,     52.0,  1,  2,  3,  1,    2524265,    2524265,    2524265,    2524265
13,    2524270,     17.0,     17.0,     17.0,     56.0,  1,  2,  3,  1,    2524270,    2524270,    2524270,    2524270
13,    2579394,     18.0,     18.0,     18.0,     59.0,  1,  2,  3,  1,    2524245,    2524245,    2524245,    2524245
13,    2579409,     16.0,     16.0,     16.0,     52.0,  1,  2,  3,  1,    2524245,    2524245,    2524245,    2524245
13,    2524245,     14.0,     14.0,     14.0,     45.0,  1,  2,  3,  1,    2524245,    2524245,    2524245,    2524245
13,    2579444,     12.0,     12.0,     12.0,     40.0,  1,  2,  3,  1,    2524295,    2524295,    2524295,    2524295
13,    2524295,     11.0,     11.0,     11.0,     36.0,  1,  2,  3,  1,    2524295,    2524295,    2524295,    2524295
13,    2524300,     11.0,     11.0,     11.0,     35.0,  1,  2,  3,  1,    2524295,    2524295,    2524295,    2524300
13,    2524310,     11.0,     11.0,     11.0,     35.0,  1,  2,  3,  1,    2524295,    2524295,    2524295,    2524310
13,    3525437,     13.0,     13.0,     13.0,     42.0,  1,  2,  3,  2,    3525437,    3525437,    3525437,    3525437
13,    2475645,     20.0,     19.0,     20.0,     62.0,  1,  2,  3,  2,    2475645,    2475645,    2475645,    2475645
13,    3612708,     24.0,     24.0,     24.0,     74.0,  9, 10, 11, 10,    2846700,    2846700,    2846700,    2846700
14,    2580315,     22.0,     22.0,     22.0,     71.0,  1,  2,  3,  3,    2524230,    2524230,    2524230,    2524230
14,    2239779,     61.0,     58.0,     59.0,    182.0,  9, 10, 11, 10,    2186677,    2186677,    2186677,    2186677
14,    2522946,     13.0,     12.0,     13.0,     41.0,  1,  2,  3,  2,    2522946,    2522946,    2522946,    2522946
14,    1903706,     37.0,     35.0,     36.0,    113.0,  1,  2,  3,  2,    1903705,    1903705,    1903705,    1903900
14,    2524230,     21.0,     21.0,     21.0,     68.0,  1,  2,  3,  1,    2524230,    2524230,    2524230,    2524230
14,    1899476,     25.0,     25.0,     25.0,     75.0,  9, 10, 11,  9,    1931587,    1931587,    1931587,    1931587
14,    1903982,     24.0,     22.0,     23.0,     73.0,  1,  2,  3,  2,    1903982,    1903982,    1903982,    1903982
14,    1903700,     17.0,     17.0,     17.0,     54.0,  9, 10, 11,  9,    1934377,    1934377,    1934377,    1934377
14,    1903719,     17.0,     17.0,     17.0,     54.0,  9, 10, 11, 10,    1934391,    1934391,    1934391,    1934391
14,    1903729,     17.0,     17.0,     17.0,     54.0,  9, 10, 11, 11,    1934394,    1934394,    1934394,    1934394
14,    2524202,     35.0,     33.0,     34.0,    108.0,  1,  2,  3,  2,    1903705,    1903705,    1903705,    1903860
14,    2524213,     17.0,     17.0,     17.0,     54.0,  9, 10, 11,  9,    1934407,    1934407,    1934407,    1934407
14,    1903783,     17.0,     17.0,     17.0,     54.0,  9, 10, 11,  9,    1934417,    1934417,    1934417,    1934417
14,    1903835,     17.0,     17.0,     17.0,     54.0,  9, 10, 11,  9,    1934471,    1934471,    1934471,    1934471
14,    1903860,     22.0,     22.0,     22.0,     69.0,  9, 10, 11, 10,    1934493,    1934493,    1934493,    1934493
14,    1903900,     16.0,     16.0,     16.0,     52.0,  9,  2, 11, 10,    1934516,    1903900,    1934516,    1934516
14,    1903976,     26.0,     24.0,     25.0,     80.0,  1,  2,  3,  2,    1903976,    1903976,    1903976,    1903976
14,    1904017,     16.0,     15.0,     16.0,     50.0,  1,  2,  3,  2,    1904017,    1904017,    1904017,    1904017
14,    1904379,     20.0,     19.0,     19.0,     61.0,  1,  2,  3,  2,    1904379,    1904037,    1904379,    1904379
14,    1904389,     19.0,     17.0,     18.0,     57.0,  1,  2,  3,  2,    1904384,    1904384,    1904384,    1904384
14,    1904394,     19.0,     17.0,     18.0,     57.0,  1,  2,  3,  2,    1904384,    1904384,    1904384,    1904384
14,    2581468,     24.0,     23.0,     24.0,     75.0,  1,  2,  3,  2,    1904037,    1904037,    1904037,    1904037
14,    1942936,     24.0,     24.0,     24.0,     74.0,  9, 10, 11, 11,    1953787,    1953787,    1953787,    1953787
14,    1942953,     22.0,     23.0,     20.0,     61.0,  9, 10, 11, 11,    1953791,    1953791,    1953791,    1953791
14,    1947095,     47.0,     48.0,     48.0,    148.0,  9, 10, 11,  9,    1956452,    1956452,    1956452,    1956452
14,    2372207,     40.0,     41.0,     41.0,    131.0,  1,  2,  3,  1,    2372207,    2372207,    2372207,    2372207
14,    2189612,     40.0,     41.0,     41.0,    130.0,  1,  2,  3,  1,    2189612,    2189612,    2189612,    2189612
14,    2239774,     18.0,     17.0,     18.0,     53.0,  9, 10, 11, 10,    2186663,    2186663,    2186663,    2186663
14,    2524115,     18.0,     18.0,     18.0,     55.0,  9, 10, 11, 10,    2371370,    2371370,    2371370,    2371370
14,    2580580,     17.0,     17.0,     17.0,     54.0,  9, 10, 11,  9,    2186669,    2186669,    2186669,    2186669
14,    2239803,     18.0,     18.0,     17.0,     52.0,  9, 10, 11, 11,    2186672,    2186672,    2186672,    2186672
14,    2475650,     22.0,     21.0,     22.0,     69.0,  9, 10, 11, 10,    2338808,    2338808,    2338808,    2338808
14,    2239793,     17.0,     17.0,     17.0,     54.0,  9, 10, 11,  9,    2186669,    2186669,    2186669,    2186669
14,    2524139,     17.0,     16.0,     17.0,     52.0,  9, 10, 11, 10,    2371378,    2371378,    2371378,    2371378
14,    2578521,     46.0,     42.0,     44.0,    137.0,  1,  2,  3,  2,    1903685,    3525454,    1903705,    3525454
14,    1903690,     17.0,     17.0,     17.0,     55.0,  9, 10, 11,  9,    1934372,    1934372,    1934372,    1934372
14,    1903695,     42.0,     39.0,     40.0,    126.0,  1,  2,  3,  2,    1903695,    1903705,    1903768,    3525454
14,    3525454,     16.0,     15.0,     16.0,     49.0,  1,  2,  3,  2,    3525454,    3525454,    3525454,    3525454
14,    1903920,     17.0,     17.0,     17.0,     54.0,  9, 10, 11,  9,    1934522,    1934522,    1934522,    1934522
14,    2579147,     55.0,     55.0,     55.0,    171.0,  9, 10, 11,  9,    2186681,    2186681,    2186681,    2186681
14,    2579364,     29.0,     29.0,     29.0,     93.0,  1,  2,  3,  1,    2524230,    2524230,    2524230,    2524230
14,    2524230,     21.0,     21.0,     21.0,     68.0,  1,  2,  3,  1,    2524230,    2524230,    2524230,    2524230
14,    2524214,     37.0,     37.0,     36.0,    118.0,  1,  2,  3,  3,    2524214,    2524214,    2524214,    2524214
14,    2579348,     27.0,     27.0,     27.0,     88.0,  1,  2,  3,  1,    2524255,    2524255,    2524255,    2524255
14,    2524255,     21.0,     21.0,     21.0,     68.0,  1,  2,  3,  1,    2524255,    2524255,    2524255,    2524255
14,    2524265,     16.0,     16.0,     16.0,     52.0,  1,  2,  3,  1,    2524265,    2524265,    2524265,    2524265
14,    2524270,     17.0,     17.0,     17.0,     56.0,  1,  2,  3,  1,    2524270,    2524270,    2524270,    2524270
14,    2579394,     18.0,     18.0,     18.0,     59.0,  1,  2,  3,  1,    2524245,    2524245,    2524245,    2524245
14,    2579409,     16.0,     16.0,     16.0,     52.0,  1,  2,  3,  1,    2524245,    2524245,    2524245,    2524245
14,    2524245,     14.0,     14.0,     14.0,     45.0,  1,  2,  3,  1,    2524245,    2524245,    2524245,    2524245
14,    2579444,     12.0,     12.0,     12.0,     40.0,  1,  2,  3,  1,    2524295,    2524295,    2524295,    2524295
14,    2524295,     11.0,     11.0,     11.0,     36.0,  1,  2,  3,  1,    2524295,    2524295,    2524295,    2524295
14,    2524300,     11.0,     11.0,     11.0,     35.0,  1,  2,  3,  1,    2524295,    2524295,    2524295,    2524300
14,    2524310,     11.0,     11.0,     11.0,     35.0,  1,  2,  3,  1,    2524295,    2524295,    2524295,    2524310
14,    3525437,     14.0,     13.0,     13.0,     42.0,  1,  2,  3,  2,    3525437,    3525437,    3525437,    3525437
14,    2475645,     20.0,     19.0,     20.0,     61.0,  1,  2,  3,  2,    2475645,    2475645,    2475645,    2475645
14,    3612708,     24.0,     24.0,     24.0,     74.0,  9, 10, 11, 10,    2846700,    2846700,    2846700,    2846700
15,    2580315,     22.0,     22.0,     22.0,     71.0,  1,  2,  3,  3,    2524230,    2524230,    2524230,    2524230
15,    2239779,     60.0,     59.0,     60.0,    184.0,  9, 10, 11, 10,    2186677,    2186677,    2186677,    2186677
15,    2522946,     13.0,     13.0,     13.0,     42.0,  1,  2,  3,  2,    2522946,    2522946,    2522946,    2522946
15,    1903706,     37.0,     35.0,     35.0,    115.0,  1,  2,  3,  2,    1903705,    1903860,    3525437,    1903860
15,    2524230,     21.0,     21.0,     21.0,     68.0,  1,  2,  3,  1,    2524230,    2524230,    2524230,    2524230
15,    1899476,     25.0,     25.0,     25.0,     75.0,  9, 10, 11,  9,    1931587,    1931587,    1931587,    1931587
15,    1903982,     24.0,     23.0,     23.0,     75.0,  1,  2,  3,  2,    1903982,    1903982,    1903982,    1903982
15,    1903700,     17.0,     17.0,     17.0,     54.0,  9, 10, 11,  9,    1934377,    1934377,    1934377,    1934377
15,    1903719,     17.0,     17.0,     17.0,     54.0,  9, 10, 11,  9,    1934391,    1934391,    1934391,    1934391
15,    1903729,     17.0,     17.0,     17.0,     54.0,  9, 10, 11, 11,    1934394,    1934394,    1934394,    1934394
15,    2524202,     35.0,     33.0,     34.0,    109.0,  1,  2,  3,  2,    1903705,    1903900,    1903705,    1903900
15,    2524213,     17.0,     17.0,     17.0,     54.0,  9, 10, 11,  9,    1934407,    1934407,    1934407,    1934407
15,    1903783,     17.0,     17.0,     17.0,     54.0,  9, 10, 11,  9,    1934417,    1934417,    1934417,    1934417
15,    1903835,     17.0,     17.0,     17.0,     54.0,  9, 10, 11,  9,    1934471,    1934471,    1934471,    1934471
15,    1903860,     22.0,     21.0,     22.0,     69.0,  9, 10, 11, 10,    1934493,    1934493,    1934493,    1934493
15,    1903900,     16.0,     16.0,     16.0,     52.0,  9,  2, 11, 11,    1934516,    1903900,    1934516,    1934516
15,    1903976,     26.0,     25.0,     25.0,     81.0,  1,  2,  3,  2,    1903976,    1903976,    1903976,    1903976
15,    1904017,     16.0,     15.0,     16.0,     51.0,  1,  2,  3,  2,    1904017,    1904017,    1904017,    1904017
15,    1904379,     20.0,     19.0,     19.0,     62.0,  1,  2,  3,  2,    1904037,    1904379,    1904379,    1904379
15,    1904389,     18.0,     18.0,     18.0,     58.0,  1,  2,  3,  2,    1904384,    1904384,    1904384,    1904384
15,    1904394,     18.0,     18.0,     18.0,     58.0,  1,  2,  3,  2,    1904384,    1904384,    1904384,    1904384
15,    2581468,     24.0,     23.0,     24.0,     76.0,  1,  2,  3,  2,    1904037,    1904037,    1904037,    1904037
15,    1942936,     24.0,     24.0,     24.0,     74.0,  9, 10, 11, 11,    1953787,    1953787,    1953787,    1953787
15,    1942953,     21.0,     22.0,     19.0,     60.0,  9, 10, 11, 11,    1953791,    1953791,    1953791,    1953791
15,    1947095,     46.0,     48.0,     48.0,    145.0,  9, 10, 11,  9,    1956452,    1956452,    1956452,    1956452
15,    2372207,     40.0,     41.0,     41.0,    129.0,  1,  2,  3,  1,    2372207,    2372207,    2372207,    2372207
15,    2189612,     39.0,     41.0,     41.0,    128.0,  1,  2,  3,  1,    2189612,    2189612,    2189612,    2189612
15,    2239774,     18.0,     17.0,     18.0,     53.0,  9, 10, 11, 10,    2186663,    2186663,    2186663,    2186663
15,    2524115,     18.0,     18.0,     18.0,     56.0,  9, 10, 11,  9,    2371370,    2371370,    2371370,    2371370
15,    2580580,     17.0,     17.0,     17.0,     54.0,  9, 10, 11,  9,    2186669,    2186669,    2186669,    2186669
15,    2239803,     18.0,     18.0,     18.0,     55.0,  9, 10, 11, 11,    2186672,    2186672,    2186672,    2186672
15,    2475650,     22.0,     22.0,     22.0,     70.0,  9,  2, 11, 10,    2338808,    2475650,    2338808,    2338808
15,    2239793,     17.0,     17.0,     17.0,     54.0,  9, 10, 11,  9,    2186669,    2186669,    2186669,    2186669
15,    2524139,     17.0,     17.0,     17.0,     53.0,  9, 10, 11, 10,    2371378,    2371378,    2371378,    2371378
15,    2578521,     45.0,     43.0,     44.0,    141.0,  1,  2,  3,  2,    1903705,    1903860,    1903705,    1903900
15,    1903690,     17.0,     17.0,     17.0,     55.0,  9, 10, 11,  9,    1934372,    1934372,    1934372,    1934372
15,    1903695,     41.0,     40.0,     40.0,    129.0,  1,  2,  3,  2,    1904017,    1903695,    1903768,    1903860
15,    3525454,     16.0,     16.0,     16.0,     51.0,  1,  2,  3,  2,    3525454,    3525454,    3525454,    3525454
15,    1903920,     17.0,     17.0,     17.0,     54.0,  9, 10, 11,  9,    1934522,    1934522,    1934522,    1934522
15,    2579147,     55.0,     55.0,     55.0,    171.0,  9, 10, 11,  9,    2186681,    2186681,    2186681,    2186681
15,    2579364,     29.0,     29.0,     29.0,     93.0,  1,  2,  3,  1,    2524230,    2524230,    2524230,    2524230
15,    2524230,     21.0,     21.0,     21.0,     68.0,  1,  2,  3,  1,    2524230,    2524230,    2524230,    2524230
15,    2524214,     37.0,     37.0,     36.0,    119.0,  1,  2,  3,  1,    2524214,    2524214,    2524214,    2524214
15,    2579348,     27.0,     27.0,     27.0,     88.0,  1,  2,  3,  1,    2524255,    2524255,    2524255,    2524255
15,    2524255,     21.0,     21.0,     21.0,     68.0,  1,  2,  3,  1,    2524255,    2524255,    2524255,    2524255
15,    2524265,     16.0,     16.0,     16.0,     52.0,  1,  2,  3,  1,    2524265,    2524265,    2524265,    2524265
15,    2524270,     17.0,     17.0,     17.0,     56.0,  1,  2,  3,  1,    2524270,    2524270,    2524270,    2524270
15,    2579394,     18.0,     18.0,     18.0,     59.0,  1,  2,  3,  1,    2524245,    2524245,    2524245,    2524245
15,    2579409,     16.0,     16.0,     16.0,     52.0,  1,  2,  3,  1,    2524245,    2524245,    2524245,    2524245
15,    2524245,     14.0,     14.0,     14.0,     45.0,  1,  2,  3,  1,    2524245,    2524245,    2524245,    2524245
15,    2579444,     12.0,     12.0,     12.0,     40.0,  1,  2,  3,  1,    2524295,    2524295,    2524295,    2524295
15,    2524295,     11.0,     11.0,     11.0,     36.0,  1,  2,  3,  1,    2524295,    2524295,    2524295,    2524295
15,    2524300,     11.0,     11.0,     11.0,     35.0,  1,  2,  3,  1,    2524295,    2524295,    2524295,    2524300
15,    2524310,     11.0,     11.0,     11.0,     35.0,  1,  2,  3,  1,    2524295,    2524295,    2524295,    2524310
15,    3525437,     14.0,     13.0,     13.0,     43.0,  1,  2,  3,  2,    3525437,    3525437,    3525437,    3525437
15,    2475645,     20.0,     19.0,     20.0,     63.0,  1,  2,  3,  2,    2475645,    2475645,    2475645,    2475645
15,    3612708,     24.0,     24.0,     24.0,     74.0,  9, 10, 11, 10,    2846700,    2846700,    2846700,    2846700
16,    2580315,     22.0,     22.0,     22.0,     72.0,  1,  2,  3,  1,    2524230,    2524230,    2524230,    2524230
16,    2239779,     60.0,     59.0,     60.0,    186.0,  9, 10, 11, 10,    2186677,    2186677,    2186677,    2186677
16,    2522946,     13.0,     13.0,     13.0,     42.0,  1,  2,  3,  2,    2522946,    2522946,    2522946,    2522946
16,    1903706,     37.0,     35.0,     36.0,    116.0,  1,  2,  3,  2,    1903705,    1904017,    1903900,    1903860
16,    2524230,     21.0,     21.0,     21.0,     68.0,  1,  2,  3,  1,    2524230,    2524230,    2524230,    2524230
16,    1899476,     25.0,     25.0,     25.0,     75.0,  9, 10, 11,  9,    1931587,    1931587,    1931587,    1931587
16,    1903982,     24.0,     23.0,     24.0,     75.0,  1,  2,  3,  2,    1903982,    1903982,    1903982,    1903982
16,    1903700,     17.0,     17.0,     17.0,     54.0,  9, 10, 11,  9,    1934377,    1934377,    1934377,    1934377
16,    1903719,     17.0,     17.0,     17.0,     54.0,  9, 10, 11,  9,    1934391,    1934391,    1934391,    1934391
16,    1903729,     17.0,     17.0,     17.0,     54.0,  9, 10, 11, 11,    1934394,    1934394,    1934394,    1934394
16,    2524202,     35.0,     34.0,     35.0,    110.0,  1,  2,  3,  2,    1903705,    1903705,    1903705,    1903900
16,    2524213,     17.0,     17.0,     17.0,     54.0,  9, 10, 11,  9,    1934407,    1934407,    1934407,    1934407
16,    1903783,     17.0,     17.0,     17.0,     54.0,  9, 10, 11,  9,    1934417,    1934417,    1934417,    1934417
16,    1903835,     17.0,     17.0,     17.0,     54.0,  9, 10, 11,  9,    1934471,    1934471,    1934471,    1934471
16,    1903860,     22.0,     22.0,     22.0,     70.0,  9, 10, 11, 10,    1934493,    1934493,    1934493,    1934493
16,    1903900,     16.0,     16.0,     16.0,     53.0,  9, 10, 11,  9,    1934516,    1934516,    1934516,    1934516
16,    1903976,     26.0,     25.0,     26.0,     81.0,  1,  2,  3,  2,    1903976,    1903976,    1903976,    1904017
16,    1904017,     16.0,     15.0,     16.0,     51.0,  1,  2,  3,  2,    1904017,    1904017,    1904017,    1904017
16,    1904379,     20.0,     19.0,     20.0,     63.0,  1,  2,  3,  2,    1904037,    1904379,    1904037,    1904379
16,    1904389,     18.0,     18.0,     18.0,     58.0,  1,  2,  3,  2,    1904384,    1904384,    1904384,    1904389
16,    1904394,     18.0,     18.0,     18.0,     58.0,  1,  2,  3,  2,    1904384,    1904384,    1904384,    1904394
16,    2581468,     24.0,     23.0,     24.0,     76.0,  1,  2,  3,  2,    1904037,    1904037,    1904037,    1904037
16,    1942936,     24.0,     24.0,     24.0,     74.0,  9, 10, 11, 11,    1953787,    1953787,    1953787,    1953787
16,    1942953,     23.0,     23.0,     22.0,     68.0,  9, 10, 11, 11,    1953791,    1953791,    1953791,    1953791
16,    1947095,     46.0,     48.0,     48.0,    147.0,  9, 10, 11,  9,    1956452,    1956452,    1956452,    1956452
16,    2372207,     40.0,     41.0,     41.0,    131.0,  1,  2,  3,  1,    2372207,    2372207,    2372207,    2372207
16,    2189612,     40.0,     41.0,     41.0,    130.0,  1,  2,  3,  1,    2189612,    2189612,    2189612,    2189612
16,    2239774,     18.0,     17.0,     18.0,     55.0,  9, 10, 11,  9,    2186663,    2186663,    2186663,    2186663
16,    2524115,     18.0,     18.0,     18.0,     56.0,  9, 10, 11,  9,    2371370,    2371370,    2371370,    2371370
16,    2580580,     17.0,     17.0,     17.0,     54.0,  9, 10, 11,  9,    2186669,    2186669,    2186669,    2186669
16,    2239803,     18.0,     18.0,     18.0,     55.0,  9, 10, 11, 11,    2186672,    2186672,    2186672,    2186672
16,    2475650,     22.0,     21.0,     22.0,     69.0,  9, 10, 11, 10,    2338808,    2338808,    2338808,    2338808
16,    2239793,     17.0,     17.0,     17.0,     54.0,  9, 10, 11,  9,    2186669,    2186669,    2186669,    2186669
16,    2524139,     17.0,     17.0,     17.0,     53.0,  9, 10, 11, 10,    2371378,    2371378,    2371378,    2371378
16,    2578521,     45.0,     43.0,     45.0,    140.0,  1,  2,  3,  2,    1903685,    2475645,    1903685,    3525454
16,    1903690,     17.0,     17.0,     17.0,     55.0,  9, 10, 11,  9,    1934372,    1934372,    1934372,    1934372
16,    1903695,     41.0,     39.0,     41.0,    128.0,  1,  2,  3,  2,    1903695,    3525454,    1903695,    3525454
16,    3525454,     16.0,     15.0,     16.0,     50.0,  1,  2,  3,  2,    3525454,    3525454,    3525454,    3525454
16,    1903920,     17.0,     17.0,     17.0,     54.0,  9, 10, 11,  9,    1934522,    1934522,    1934522,    1934522
16,    2579147,     55.0,     55.0,     55.0,    171.0,  9, 10, 11,  9,    2186681,    2186681,    2186681,    2186681
16,    2579364,     29.0,     29.0,     29.0,     93.0,  1,  2,  3,  1,    2524230,    2524230,    2524230,    2524230
16,    2524230,     21.0,     21.0,     21.0,     68.0,  1,  2,  3,  1,    2524230,    2524230,    2524230,    2524230
16,    2524214,     36.0,     37.0,     37.0,    119.0,  1,  2,  3,  1,    2524214,    2524214,    2524214,    2524214
16,    2579348,     27.0,     27.0,     27.0,     88.0,  1,  2,  3,  1,    2524255,    2524255,    2524255,    2524255
16,    2524255,     21.0,     21.0,     21.0,     68.0,  1,  2,  3,  1,    2524255,    2524255,    2524255,    2524255
16,    2524265,     16.0,     16.0,     16.0,     52.0,  1,  2,  3,  1,    2524265,    2524265,    2524265,    2524265
16,    2524270,     17.0,     17.0,     17.0,     56.0,  1,  2,  3,  1,    2524270,    2524270,    2524270,    2524270
16,    2579394,     18.0,     18.0,     18.0,     59.0,  1,  2,  3,  1,    2524245,    2524245,    2524245,    2524245
16,    2579409,     16.0,     16.0,     16.0,     52.0,  1,  2,  3,  1,    2524245,    2524245,    2524245,    2524245
16,    2524245,     14.0,     14.0,     14.0,     45.0,  1,  2,  3,  1,    2524245,    2524245,    2524245,    2524245
16,    2579444,     12.0,     12.0,     12.0,     40.0,  1,  2,  3,  1,    2524295,    2524295,    2524295,    2524295
16,    2524295,     11.0,     11.0,     11.0,     36.0,  1,  2,  3,  1,    2524295,    2524295,    2524295,    2524295
16,    2524300,     11.0,     11.0,     11.0,     35.0,  1,  2,  3,  1,    2524295,    2524295,    2524295,    2524300
16,    2524310,     11.0,     11.0,     11.0,     35.0,  1,  2,  3,  1,    2524295,    2524295,    2524295,    2524310
16,    3525437,     14.0,     13.0,     13.0,     43.0,  1,  2,  3,  2,    3525437,    3525437,    3525437,    3525437
16,    2475645,     20.0,     19.0,     20.0,     62.0,  1,  2,  3,  2,    2475645,    2475645,    2475645,    3525454
16,    3612708,     24.0,     24.0,     24.0,     74.0,  9, 10, 11, 10,    2846700,    2846700,    2846700,    2846700
17,    2580315,     22.0,     22.0,     22.0,     72.0,  1,  2,  3,  1,    2524230,    2524230,    2524230,    2524230
17,    2239779,     60.0,     57.0,     60.0,    181.0,  9, 10, 11, 10,    2186677,    2186677,    2186677,    2186677
17,    2522946,     13.0,     12.0,     13.0,     40.0,  1,  2,  3,  2,    2522946,    2522946,    2522946,    2522946
17,    1903706,     37.0,     34.0,     36.0,    111.0,  1,  2,  3,  2,    1903705,    1903705,    1903900,    1903860
17,    2524230,     21.0,     21.0,     21.0,     68.0,  1,  2,  3,  1,    2524230,    2524230,    2524230,    2524230
17,    1899476,     25.0,     25.0,     25.0,     75.0,  9, 10, 11,  9,    1931587,    1931587,    1931587,    1931587
17,    1903982,     24.0,     22.0,     24.0,     72.0,  1,  2,  3,  2,    1903982,    1903982,    1903982,    1903982
17,    1903700,     17.0,     17.0,     17.0,     54.0,  9, 10, 11,  9,    1934377,    1934377,    1934377,    1934377
17,    1903719,     17.0,     17.0,     17.0,     54.0,  9, 10, 11,  9,    1934391,    1934391,    1934391,    1934391
17,    1903729,     17.0,     17.0,     17.0,     54.0,  9, 10, 11, 10,    1934394,    1934394,    1934394,    1934394
17,    2524202,     35.0,     32.0,     35.0,    105.0,  1,  2,  3,  2,    1903705,    1903860,    1903705,    2524213
17,    2524213,     17.0,     16.0,     17.0,     50.0,  9, 10, 11, 10,    1934407,    1934407,    1934407,    1934407
17,    1903783,     17.0,     17.0,     17.0,     53.0,  9, 10, 11, 10,    1934417,    1934417,    1934417,    1934417
17,    1903835,     17.0,     17.0,     17.0,     54.0,  9, 10, 11,  9,    1934471,    1934471,    1934471,    1934471
17,    1903860,     22.0,     22.0,     22.0,     70.0,  9, 10, 11, 10,    1934493,    1934493,    1934493,    1934493
17,    1903900,     16.0,     16.0,     16.0,     52.0,  9,  2, 11,  2,    1934516,    1903900,    1934516,    1903900
17,    1903976,     26.0,     24.0,     26.0,     78.0,  1,  2,  3,  2,    1903976,    1903976,    1903976,    1903976
17,    1904017,     16.0,     15.0,     16.0,     49.0,  1,  2,  3,  2,    1904017,    1904017,    1904017,    1904017
17,    1904379,     20.0,     18.0,     20.0,     60.0,  1,  2,  3,  2,    1904037,    1904379,    1904037,    1904379
17,    1904389,     18.0,     17.0,     18.0,     56.0,  1,  2,  3,  2,    1904384,    1904384,    1904384,    1904384
17,    1904394,     18.0,     17.0,     18.0,     56.0,  1,  2,  3,  2,    1904384,    1904384,    1904384,    1904384
17,    2581468,     24.0,     22.0,     24.0,     73.0,  1,  2,  3,  2,    1904037,    1904037,    1904037,    1904037
17,    1942936,     24.0,     24.0,     24.0,     74.0,  9, 10, 11,  9,    1953787,    1953787,    1953787,    1953787
17,    1942953,     22.0,     21.0,     22.0,     67.0,  9, 10, 11,  9,    1953791,    1953791,    1953791,    1953791
17,    1947095,     47.0,     48.0,     48.0,    148.0,  9, 10, 11,  9,    1956452,    1956452,    1956452,    1956452
17,    2372207,     40.0,     41.0,     41.0,    131.0,  1,  2,  3,  1,    2372207,    2372207,    2372207,    2372207
17,    2189612,     40.0,     41.0,     41.0,    130.0,  1,  2,  3,  1,    2189612,    2189612,    2189612,    2189612
17,    2239774,     18.0,     17.0,     18.0,     54.0,  9, 10, 11, 10,    2186663,    2186663,    2186663,    2186663
17,    2524115,     18.0,     18.0,     18.0,     55.0,  9, 10, 11, 10,    2371370,    2371370,    2371370,    2371370
17,    2580580,     17.0,     17.0,     17.0,     54.0,  9, 10, 11,  9,    2186669,    2186669,    2186669,    2186669
17,    2239803,     18.0,     18.0,     17.0,     52.0,  9, 10, 11, 11,    2186672,    2186672,    2186672,    2186672
17,    2475650,     22.0,     21.0,     22.0,     69.0,  9, 10, 11, 10,    2338808,    2338808,    2338808,    2338808
17,    2239793,     17.0,     17.0,     17.0,     54.0,  9, 10, 11,  9,    2186669,    2186669,    2186669,    2186669
17,    2524139,     17.0,     16.0,     17.0,     52.0,  9, 10, 11, 10,    2371378,    2371378,    2371378,    2371378
17,    2578521,     45.0,     42.0,     45.0,    135.0,  1,  2,  3,  2,    1903705,    1903705,    1903685,    3525454
17,    1903690,     17.0,     17.0,     17.0,     55.0,  9, 10, 11,  9,    1934372,    1934372,    1934372,    1934372
17,    1903695,     41.0,     38.0,     41.0,    124.0,  1,  2,  3,  2,    1903860,    1903768,    1903695,    2524213
17,    3525454,     16.0,     15.0,     16.0,     49.0,  1,  2,  3,  2,    3525454,    3525454,    3525454,    3525454
17,    1903920,     17.0,     17.0,     17.0,     54.0,  9, 10, 11,  9,    1934522,    1934522,    1934522,    1934522
17,    2579147,     55.0,     55.0,     55.0,    171.0,  9, 10, 11,  9,    2186681,    2186681,    2186681,    2186681
17,    2579364,     29.0,     29.0,     29.0,     93.0,  1,  2,  3,  1,    2524230,    2524230,    2524230,    2524230
17,    2524230,     21.0,     21.0,     21.0,     68.0,  1,  2,  3,  1,    2524230,    2524230,    2524230,    2524230
17,    2524214,     36.0,     37.0,     37.0,    119.0,  1,  2,  3,  1,    2524214,    2524214,    2524214,    2524214
17,    2579348,     27.0,     27.0,     27.0,     88.0,  1,  2,  3,  1,    2524255,    2524255,    2524255,    2524255
17,    2524255,     21.0,     21.0,     21.0,     68.0,  1,  2,  3,  1,    2524255,    2524255,    2524255,    2524255
17,    2524265,     16.0,     16.0,     16.0,     52.0,  1,  2,  3,  1,    2524265,    2524265,    2524265,    2524265
17,    2524270,     17.0,     17.0,     17.0,     56.0,  1,  2,  3,  1,    2524270,    2524270,    2524270,    2524270
17,    2579394,     18.0,     18.0,     18.0,     59.0,  1,  2,  3,  1,    2524245,    2524245,    2524245,    2524245
17,    2579409,     16.0,     16.0,     16.0,     52.0,  1,  2,  3,  1,    2524245,    2524245,    2524245,    2524245
17,    2524245,     14.0,     14.0,     14.0,     45.0,  1,  2,  3,  1,    2524245,    2524245,    2524245,    2524245
17,    2579444,     12.0,     12.0,     12.0,     40.0,  1,  2,  3,  1,    2524295,    2524295,    2524295,    2524295
17,    2524295,     11.0,     11.0,     11.0,     36.0,  1,  2,  3,  1,    2524295,    2524295,    2524295,    2524295
17,    2524300,     11.0,     11.0,     11.0,     35.0,  1,  2,  3,  1,    2524295,    2524295,    2524295,    2524300
17,    2524310,     11.0,     11.0,     11.0,     35.0,  1,  2,  3,  1,    2524295,    2524295,    2524295,    2524310
17,    3525437,     14.0,     13.0,     13.0,     41.0,  1,  2,  3,  2,    3525437,    3525437,    3525437,    3525437
17,    2475645,     20.0,     18.0,     20.0,     60.0,  1,  2,  3,  2,    2475645,    3525454,    2475645,    3525454
17,    3612708,     24.0,     23.0,     24.0,     72.0,  9, 10, 11, 10,    2846700,    2846700,    2846700,    2846700
18,    2580315,     22.0,     22.0,     22.0,     72.0,  1,  2,  3,  1,    2524230,    2524230,    2524230,    2524230
18,    2239779,     61.0,     60.0,     59.0,    186.0,  9, 10, 11, 11,    2186677,    2186677,    2186677,    2186677
18,    2522946,     13.0,     13.0,     13.0,     42.0,  1,  2,  3,  2,    2522946,    2522946,    2522946,    2522946
18,    1903706,     37.0,     36.0,     35.0,    114.0,  1,  2,  3,  3,    1903705,    1903705,    1903900,    3525437
18,    2524230,     21.0,     21.0,     21.0,     68.0,  1,  2,  3,  1,    2524230,    2524230,    2524230,    2524230
18,    1899476,     25.0,     25.0,     25.0,     75.0,  9, 10, 11,  9,    1931587,    1931587,    1931587,    1931587
18,    1903982,     24.0,     23.0,     23.0,     75.0,  1,  2,  3,  2,    1903982,    1903982,    1903982,    1903982
18,    1903700,     17.0,     17.0,     17.0,     54.0,  9, 10, 11,  9,    1934377,    1934377,    1934377,    1934377
18,    1903719,     17.0,     17.0,     17.0,     54.0,  9, 10, 11,  9,    1934391,    1934391,    1934391,    1934391
18,    1903729,     17.0,     17.0,     17.0,     55.0,  9, 10, 11,  9,    1934394,    1934394,    1934394,    1934394
18,    2524202,     35.0,     34.0,     33.0,    109.0,  1,  2,  3,  3,    1903705,    1903705,    3525437,    3525437
18,    2524213,     17.0,     17.0,     17.0,     54.0,  9, 10, 11,  9,    1934407,    1934407,    1934407,    1934407
18,    1903783,     17.0,     17.0,     17.0,     54.0,  9, 10, 11,  9,    1934417,    1934417,    1934417,    1934417
18,    1903835,     17.0,     17.0,     17.0,     54.0,  9, 10, 11,  9,    1934471,    1934471,    1934471,    1934471
18,    1903860,     22.0,     22.0,     21.0,     69.0,  9, 10, 11, 11,    1934493,    1934493,    1934493,    1934493
18,    1903900,     16.0,     16.0,     16.0,     51.0,  9, 10,  3, 11,    1934516,    1934516,    1903900,    1934516
18,    1903976,     26.0,     25.0,     25.0,     82.0,  1,  2,  3,  2,    1903976,    1903976,    1903976,    1903976
18,    1904017,     16.0,     16.0,     16.0,     51.0,  1,  2,  3,  2,    1904017,    1904017,    1904017,    1904017
18,    1904379,     20.0,     19.0,     19.0,     63.0,  1,  2,  3,  2,    1904379,    1904379,    1904379,    1904379
18,    1904389,     19.0,     18.0,     18.0,     59.0,  1,  2,  3,  2,    1904384,    1904384,    1904384,    1904384
18,    1904394,     19.0,     18.0,     18.0,     59.0,  1,  2,  3,  2,    1904384,    1904384,    1904384,    1904384
18,    2581468,     24.0,     23.0,     24.0,     77.0,  1,  2,  3,  2,    1904037,    1904037,    1904037,    1904037
18,    1942936,     24.0,     24.0,     24.0,     74.0,  9, 10, 11,  9,    1953787,    1953787,    1953787,    1953787
18,    1942953,     21.0,     23.0,     22.0,     65.0,  9, 10, 11,  9,    1953791,    1953791,    1953791,    1953791
18,    1947095,     47.0,     48.0,     47.0,    150.0,  9, 10, 12,  9,    1956452,    1956452,    1956452,    1956452
18,    2372207,     40.0,     41.0,     41.0,    131.0,  1,  2,  3,  1,    2372207,    2372207,    2372207,    2372207
18,    2189612,     40.0,     41.0,     41.0,    130.0,  1,  2,  3,  1,    2189612,    2189612,    2189612,    2189612
18,    2239774,     18.0,     18.0,     18.0,     55.0,  9, 10, 11,  9,    2186663,    2186663,    2186663,    2186663
18,    2524115,     18.0,     18.0,     18.0,     55.0,  9, 10, 11, 11,    2371370,    2371370,    2371370,    2371370
18,    2580580,     17.0,     17.0,     17.0,     54.0,  9, 10, 11,  9,    2186669,    2186669,    2186669,    2186669
18,    2239803,     18.0,     18.0,     17.0,     54.0,  9, 10, 11, 11,    2186672,    2186672,    2186672,    2186672
18,    2475650,     22.0,     22.0,     22.0,     70.0,  9, 10, 11, 10,    2338808,    2338808,    2338808,    2338808
18,    2239793,     17.0,     17.0,     17.0,     54.0,  9, 10, 11,  9,    2186669,    2186669,    2186669,    2186669
18,    2524139,     17.0,     17.0,     17.0,     54.0,  9, 10, 11, 10,    2371378,    2371378,    2371378,    2371378
18,    2578521,     46.0,     44.0,     43.0,    140.0,  1,  2,  3,  3,    1903685,    1903695,    3525437,    3525437
18,    1903690,     17.0,     17.0,     17.0,     55.0,  9, 10, 11,  9,    1934372,    1934372,    1934372,    1934372
18,    1903695,     42.0,     40.0,     39.0,    128.0,  1,  2,  3,  3,    1903695,    1903705,    3525437,    3525437
18,    3525454,     16.0,     16.0,     16.0,     52.0,  1,  2,  3,  2,    3525454,    3525454,    3525454,    3525454
18,    1903920,     17.0,     17.0,     17.0,     54.0,  9, 10, 11,  9,    1934522,    1934522,    1934522,    1934522
18,    2579147,     55.0,     55.0,     55.0,    171.0,  9, 10, 11,  9,    2186681,    2186681,    2186681,    2186681
18,    2579364,     29.0,     29.0,     29.0,     93.0,  1,  2,  3,  1,    2524230,    2524230,    2524230,    2524230
18,    2524230,     21.0,     21.0,     21.0,     68.0,  1,  2,  3,  1,    2524230,    2524230,    2524230,    2524230
18,    2524214,     37.0,     37.0,     37.0,    119.0,  1,  2,  3,  1,    2524214,    2524214,    2524214,    2524214
18,    2579348,     27.0,     27.0,     27.0,     88.0,  1,  2,  3,  1,    2524255,    2524255,    2524255,    2524255
18,    2524255,     21.0,     21.0,     21.0,     68.0,  1,  2,  3,  1,    2524255,    2524255,    2524255,    2524255
18,    2524265,     16.0,     16.0,     16.0,     52.0,  1,  2,  3,  1,    2524265,    2524265,    2524265,    2524265
18,    2524270,     17.0,     17.0,     17.0,     56.0,  1,  2,  3,  1,    2524270,    2524270,    2524270,    2524270
18,    2579394,     18.0,     18.0,     18.0,     59.0,  1,  2,  3,  1,    2524245,    2524245,    2524245,    2524245
18,    2579409,     16.0,     16.0,     16.0,     52.0,  1,  2,  3,  1,    2524245,    2524245,    2524245,    2524245
18,    2524245,     14.0,     14.0,     14.0,     45.0,  1,  2,  3,  1,    2524245,    2524245,    2524245,    2524245
18,    2579444,     12.0,     12.0,     12.0,     40.0,  1,  2,  3,  1,    2524295,    2524295,    2524295,    2524295
18,    2524295,     11.0,     11.0,     11.0,     36.0,  1,  2,  3,  1,    2524295,    2524295,    2524295,    2524295
18,    2524300,     11.0,     11.0,     11.0,     35.0,  1,  2,  3,  1,    2524295,    2524295,    2524295,    2524300
18,    2524310,     11.0,     11.0,     11.0,     35.0,  1,  2,  3,  1,    2524295,    2524295,    2524295,    2524310
18,    3525437,     14.0,     13.0,     13.0,     42.0,  1,  2,  3,  3,    3525437,    3525437,    3525437,    3525437
18,    2475645,     20.0,     19.0,     20.0,     64.0,  1,  2,  3,  2,    2475645,    3525454,    2475645,    2475645
18,    3612708,     24.0,     24.0,     24.0,     73.0,  9, 10, 11, 10,    2846700,    2846700,    2846700,    2846700
19,    2580315,     22.0,     22.0,     22.0,     72.0,  1,  2,  3,  1,    2524230,    2524230,    2524230,    2524230
19,    2239779,     60.0,     59.0,     59.0,    186.0,  9, 10, 11, 10,    2186677,    2186677,    2186677,    2186677
19,    2522946,     13.0,     13.0,     13.0,     41.0,  1,  2,  3,  2,    2522946,    2522946,    2522946,    2522946
19,    1903706,     37.0,     35.0,     36.0,    114.0,  1,  2,  3,  2,    1903705,    1903705,    1903860,    1904017
19,    2524230,     21.0,     21.0,     21.0,     68.0,  1,  2,  3,  1,    2524230,    2524230,    2524230,    2524230
19,    1899476,     25.0,     25.0,     25.0,     75.0,  9, 10, 11,  9,    1931587,    1931587,    1931587,    1931587
19,    1903982,     24.0,     23.0,     24.0,     74.0,  1,  2,  3,  2,    1903982,    1903982,    1903982,    1903982
19,    1903700,     17.0,     17.0,     17.0,     54.0,  9, 10, 11,  9,    1934377,    1934377,    1934377,    1934377
19,    1903719,     17.0,     17.0,     17.0,     54.0,  9, 10, 11,  9,    1934391,    1934391,    1934391,    1934391
19,    1903729,     17.0,     17.0,     17.0,     55.0,  9, 10, 11,  9,    1934394,    1934394,    1934394,    1934394
19,    2524202,     35.0,     33.0,     34.0,    108.0,  1,  2,  3,  2,    1903705,    1903860,    3525437,    1904017
19,    2524213,     17.0,     17.0,     17.0,     53.0,  9, 10, 11, 10,    1934407,    1934407,    1934407,    1934407
19,    1903783,     17.0,     17.0,     17.0,     54.0,  9, 10, 11,  9,    1934417,    1934417,    1934417,    1934417
19,    1903835,     17.0,     17.0,     17.0,     54.0,  9, 10, 11,  9,    1934471,    1934471,    1934471,    1934471
19,    1903860,     22.0,     22.0,     22.0,     70.0,  9, 10, 11, 10,    1934493,    1934493,    1934493,    1934493
19,    1903900,     16.0,     16.0,     16.0,     53.0,  9,  2, 11,  9,    1934516,    1903900,    1934516,    1934516
19,    1903976,     26.0,     24.0,     26.0,     80.0,  1,  2,  3,  2,    1903976,    1904017,    1903976,    1904017
19,    1904017,     16.0,     15.0,     16.0,     50.0,  1,  2,  3,  2,    1904017,    1904017,    1904017,    1904017
19,    1904379,     20.0,     19.0,     20.0,     62.0,  1,  2,  3,  2,    1904374,    1904374,    1904037,    1904379
19,    1904389,     18.0,     18.0,     18.0,     58.0,  1,  2,  3,  2,    1904384,    1904384,    1904384,    1904384
19,    1904394,     18.0,     18.0,     18.0,     58.0,  1,  2,  3,  2,    1904384,    1904384,    1904384,    1904384
19,    2581468,     24.0,     23.0,     24.0,     76.0,  1,  2,  3,  2,    1904037,    1904037,    1904037,    1904037
19,    1942936,     24.0,     24.0,     24.0,     74.0,  9, 10, 11, 11,    1953787,    1953787,    1953787,    1953787
19,    1942953,     23.0,     23.0,     21.0,     65.0,  9, 10, 11, 11,    1953791,    1953791,    1953791,    1953791
19,    1947095,     47.0,     48.0,     47.0,    150.0,  9, 10, 12,  9,    1956452,    1956452,    1956452,    1956452
19,    2372207,     41.0,     41.0,     41.0,    132.0,  1,  2,  3,  2,    2372207,    2372207,    2372207,    2372207
19,    2189612,     41.0,     40.0,     41.0,    132.0,  1,  2,  3,  1,    2189612,    2189612,    2189612,    2189612
19,    2239774,     18.0,     18.0,     18.0,     55.0,  9, 10, 11,  9,    2186663,    2186663,    2186663,    2186663
19,    2524115,     18.0,     18.0,     18.0,     55.0,  9, 10, 11, 11,    2371370,    2371370,    2371370,    2371370
19,    2580580,     17.0,     17.0,     17.0,     54.0,  9, 10, 11,  9,    2186669,    2186669,    2186669,    2186669
19,    2239803,     18.0,     18.0,     17.0,     52.0,  9, 10, 11, 11,    2186672,    2186672,    2186672,    2186672
19,    2475650,     22.0,     22.0,     22.0,     70.0,  9,  2, 11, 10,    2338808,    2475650,    2338808,    2338808
19,    2239793,     17.0,     17.0,     17.0,     54.0,  9, 10, 11,  9,    2186669,    2186669,    2186669,    2186669
19,    2524139,     17.0,     17.0,     17.0,     54.0,  9, 10, 11,  9,    2371378,    2371378,    2371378,    2371378
19,    2578521,     45.0,     43.0,     44.0,    140.0,  1,  2,  3,  2,    1903695,    1903768,    3525437,    1904017
19,    1903690,     17.0,     17.0,     17.0,     55.0,  9, 10, 11,  9,    1934372,    1934372,    1934372,    1934372
19,    1903695,     41.0,     39.0,     41.0,    128.0,  1,  2,  3,  2,    1903719,    1903900,    1903695,    1904017
19,    3525454,     16.0,     15.0,     16.0,     51.0,  1,  2,  3,  2,    3525454,    3525454,    3525454,    3525454
19,    1903920,     17.0,     17.0,     17.0,     54.0,  9, 10, 11,  9,    1934522,    1934522,    1934522,    1934522
19,    2579147,     55.0,     55.0,     55.0,    171.0,  9, 10, 11,  9,    2186681,    2186681,    2186681,    2186681
19,    2579364,     29.0,     29.0,     29.0,     93.0,  1,  2,  3,  1,    2524230,    2524230,    2524230,    2524230
19,    2524230,     21.0,     21.0,     21.0,     68.0,  1,  2,  3,  1,    2524230,    2524230,    2524230,    2524230
19,    2524214,     37.0,     36.0,     37.0,    119.0,  1,  2,  3,  1,    2524214,    2524214,    2524214,    2524214
19,    2579348,     27.0,     27.0,     27.0,     88.0,  1,  2,  3,  1,    2524255,    2524255,    2524255,    2524255
19,    2524255,     21.0,     21.0,     21.0,     68.0,  1,  2,  3,  1,    2524255,    2524255,    2524255,    2524255
19,    2524265,     16.0,     16.0,     16.0,     52.0,  1,  2,  3,  1,    2524265,    2524265,    2524265,    2524265
19,    2524270,     17.0,     17.0,     17.0,     56.0,  1,  2,  3,  1,    2524270,    2524270,    2524270,    2524270
19,    2579394,     18.0,     18.0,     18.0,     59.0,  1,  2,  3,  1,    2524245,    2524245,    2524245,    2524245
19,    2579409,     16.0,     16.0,     16.0,     52.0,  1,  2,  3,  1,    2524245,    2524245,    2524245,    2524245
19,    2524245,     14.0,     14.0,     14.0,     45.0,  1,  2,  3,  1,    2524245,    2524245,    2524245,    2524245
19,    2579444,     12.0,     12.0,     12.0,     40.0,  1,  2,  3,  1,    2524295,    2524295,    2524295,    2524295
19,    2524295,     11.0,     11.0,     11.0,     36.0,  1,  2,  3,  1,    2524295,    2524295,    2524295,    2524295
19,    2524300,     11.0,     11.0,     11.0,     35.0,  1,  2,  3,  1,    2524295,    2524295,    2524295,    2524300
19,    2524310,     11.0,     11.0,     11.0,     35.0,  1,  2,  3,  1,    2524295,    2524295,    2524295,    2524310
19,    3525437,     14.0,     13.0,     13.0,     43.0,  1,  2,  3,  2,    3525437,    3525437,    3525437,    3525437
19,    2475645,     20.0,     19.0,     20.0,     62.0,  1,  2,  3,  2,    2475645,    2475645,    2475645,    3525454
19,    3612708,     24.0,     24.0,     24.0,     74.0,  9, 10, 11, 10,    2846700,    2846700,    2846700,    2846700
20,    2580315,     22.0,     22.0,     22.0,     72.0,  1,  2,  3,  1,    2524230,    2524230,    2524230,    2524230
20,    2239779,     60.0,     58.0,     60.0,    182.0,  9, 10, 11, 10,    2186677,    2186677,    2186677,    2186677
20,    2522946,     13.0,     12.0,     13.0,     40.0,  1,  2,  3,  2,    2522946,    2522946,    2522946,    2522946
20,    1903706,     36.0,     34.0,     36.0,    111.0,  1,  2,  3,  2,    1903719,    1903705,    1903900,    1904017
20,    2524230,     21.0,     21.0,     21.0,     68.0,  1,  2,  3,  1,    2524230,    2524230,    2524230,    2524230
20,    1899476,     25.0,     25.0,     25.0,     75.0,  9, 10, 11,  9,    1931587,    1931587,    1931587,    1931587
20,    1903982,     24.0,     22.0,     24.0,     72.0,  1,  2,  3,  2,    1903982,    1903982,    1903982,    1903982
20,    1903700,     17.0,     17.0,     17.0,     54.0,  9, 10, 11,  9,    1934377,    1934377,    1934377,    1934377
20,    1903719,     17.0,     17.0,     17.0,     54.0,  9, 10, 11,  9,    1934391,    1934391,    1934391,    1934391
20,    1903729,     17.0,     17.0,     17.0,     54.0,  9, 10, 11, 10,    1934394,    1934394,    1934394,    1934394
20,    2524202,     35.0,     32.0,     35.0,    105.0,  1,  2,  3,  2,    1903705,    1904017,    1903705,    1904017
20,    2524213,     17.0,     16.0,     17.0,     51.0,  9, 10, 11, 10,    1934407,    1934407,    1934407,    1934407
20,    1903783,     17.0,     17.0,     17.0,     53.0,  9, 10, 11, 10,    1934417,    1934417,    1934417,    1934417
20,    1903835,     17.0,     17.0,     17.0,     54.0,  9, 10, 11,  9,    1934471,    1934471,    1934471,    1934471
20,    1903860,     22.0,     22.0,     22.0,     70.0,  9, 10, 11, 10,    1934493,    1934493,    1934493,    1934493
20,    1903900,     16.0,     16.0,     16.0,     52.0,  9,  2, 11,  2,    1934516,    1903900,    1934516,    1903900
20,    1903976,     26.0,     24.0,     26.0,     78.0,  1,  2,  3,  2,    1903976,    1903976,    1903976,    1904017
20,    1904017,     16.0,     15.0,     16.0,     49.0,  1,  2,  3,  2,    1904017,    1904017,    1904017,    1904017
20,    1904379,     20.0,     18.0,     20.0,     60.0,  1,  2,  3,  2,    1904037,    1904379,    1904037,    1904379
20,    1904389,     18.0,     17.0,     18.0,     56.0,  1,  2,  3,  2,    1904384,    1904384,    1904384,    1904384
20,    1904394,     18.0,     17.0,     18.0,     56.0,  1,  2,  3,  2,    1904384,    1904384,    1904384,    1904384
20,    2581468,     24.0,     22.0,     24.0,     74.0,  1,  2,  3,  2,    1904037,    1904037,    1904037,    1904037
20,    1942936,     24.0,     24.0,     24.0,     74.0,  9, 10, 11, 10,    1953787,    1953787,    1953787,    1953787
20,    1942953,     22.0,     22.0,     22.0,     68.0,  9, 10, 11, 10,    1953791,    1953791,    1953791,    1953791
20,    1947095,     46.0,     48.0,     48.0,    146.0,  9, 10, 11,  9,    1956452,    1956452,    1956452,    1956452
20,    2372207,     39.0,     41.0,     41.0,    128.0,  1,  2,  3,  1,    2372207,    2372207,    2372207,    2372207
20,    2189612,     39.0,     41.0,     41.0,    127.0,  1,  2,  3,  1,    2189612,    2189612,    2189612,    2189612
20,    2239774,     18.0,     18.0,     18.0,     55.0,  9, 10, 11,  9,    2186663,    2186663,    2186663,    2186663
20,    2524115,     18.0,     18.0,     18.0,     55.0,  9, 10, 11, 10,    2371370,    2371370,    2371370,    2371370
20,    2580580,     17.0,     17.0,     17.0,     54.0,  9, 10, 11,  9,    2186669,    2186669,    2186669,    2186669
20,    2239803,     18.0,     18.0,     18.0,     54.0,  9, 10, 11, 11,    2186672,    2186672,    2186672,    2186672
20,    2475650,     22.0,     21.0,     22.0,     69.0,  9, 10, 11, 10,    2338808,    2338808,    2338808,    2338808
20,    2239793,     17.0,     17.0,     17.0,     54.0,  9, 10, 11,  9,    2186669,    2186669,    2186669,    2186669
20,    2524139,     17.0,     17.0,     17.0,     53.0,  9, 10, 11, 10,    2371378,    2371378,    2371378,    2371378
20,    2578521,     45.0,     42.0,     45.0,    136.0,  1,  2,  3,  2,    1903685,    1903705,    1903685,    1904017
20,    1903690,     17.0,     17.0,     17.0,     55.0,  9, 10, 11,  9,    1934372,    1934372,    1934372,    1934372
20,    1903695,     41.0,     38.0,     41.0,    124.0,  1,  2,  3,  2,    1903695,    1903860,    1903695,    1904017
20,    3525454,     16.0,     15.0,     16.0,     49.0,  1,  2,  3,  2,    3525454,    3525454,    3525454,    3525454
20,    1903920,     17.0,     17.0,     17.0,     54.0,  9, 10, 11,  9,    1934522,    1934522,    1934522,    1934522
20,    2579147,     55.0,     55.0,     55.0,    171.0,  9, 10, 11,  9,    2186681,    2186681,    2186681,    2186681
20,    2579364,     29.0,     29.0,     29.0,     93.0,  1,  2,  3,  1,    2524230,    2524230,    2524230,    2524230
20,    2524230,     21.0,     21.0,     21.0,     68.0,  1,  2,  3,  1,    2524230,    2524230,    2524230,    2524230
20,    2524214,     36.0,     37.0,     37.0,    119.0,  1,  2,  3,  1,    2524214,    2524214,    2524214,    2524214
20,    2579348,     27.0,     27.0,     27.0,     88.0,  1,  2,  3,  1,    2524255,    2524255,    2524255,    2524255
20,    2524255,     21.0,     21.0,     21.0,     68.0,  1,  2,  3,  1,    2524255,    2524255,    2524255,    2524255
20,    2524265,     16.0,     16.0,     16.0,     52.0,  1,  2,  3,  1,    2524265,    2524265,    2524265,    2524265
20,    2524270,     17.0,     17.0,     17.0,     56.0,  1,  2,  3,  1,    2524270,    2524270,    2524270,    2524270
20,    2579394,     18.0,     18.0,     18.0,     59.0,  1,  2,  3,  1,    2524245,    2524245,    2524245,    2524245
20,    2579409,     16.0,     16.0,     16.0,     52.0,  1,  2,  3,  1,    2524245,    2524245,    2524245,    2524245
20,    2524245,     14.0,     14.0,     14.0,     45.0,  1,  2,  3,  1,    2524245,    2524245,    2524245,    2524245
20,    2579444,     12.0,     12.0,     12.0,     40.0,  1,  2,  3,  1,    2524295,    2524295,    2524295,    2524295
20,    2524295,     11.0,     11.0,     11.0,     36.0,  1,  2,  3,  1,    2524295,    2524295,    2524295,    2524295
20,    2524300,     11.0,     11.0,     11.0,     35.0,  1,  2,  3,  1,    2524295,    2524295,    2524295,    2524300
20,    2524310,     11.0,     11.0,     11.0,     35.0,  1,  2,  3,  1,    2524295,    2524295,    2524295,    2524310
20,    3525437,     13.0,     13.0,     13.0,     42.0,  1,  2,  3,  2,    3525437,    3525437,    3525437,    3525437
20,    2475645,     20.0,     18.0,     20.0,     60.0,  1,  2,  3,  2,    2475645,    3525454,    2475645,    3525454
20,    3612708,     24.0,     24.0,     24.0,     74.0,  9, 10, 11, 10,    2846700,    2846700,    2846700,    2846700
21,    2580315,     22.0,     22.0,     22.0,     72.0,  1,  2,  3,  1,    2524230,    2524230,    2524230,    2524230
21,    2239779,     60.0,     58.0,     59.0,    181.0,  9, 10, 11, 10,    2186677,    2186677,    2186677,    2186677
21,    2522946,     13.0,     12.0,     13.0,     40.0,  1,  2,  3,  2,    2522946,    2522946,    2522946,    2522946
21,    1903706,     36.0,     34.0,     36.0,    110.0,  1,  2,  3,  2,    1903705,    1903705,    1903705,    1904017
21,    2524230,     21.0,     21.0,     21.0,     68.0,  1,  2,  3,  1,    2524230,    2524230,    2524230,    2524230
21,    1899476,     23.0,     23.0,     23.0,     70.0,  9, 10, 11,  9,    1931587,    1931587,    1931587,    1931587
21,    1903982,     23.0,     22.0,     23.0,     71.0,  1,  2,  3,  2,    1903982,    1903982,    1903982,    1903982
21,    1903700,     17.0,     17.0,     17.0,     54.0,  9, 10, 11,  9,    1934377,    1934377,    1934377,    1934377
21,    1903719,     17.0,     17.0,     17.0,     54.0,  9, 10, 11,  9,    1934391,    1934391,    1934391,    1934391
21,    1903729,     17.0,     17.0,     17.0,     54.0,  9, 10, 11, 10,    1934394,    1934394,    1934394,    1934394
21,    2524202,     34.0,     32.0,     34.0,    105.0,  1,  2,  3,  2,    1903860,    1903860,    1903705,    1903900
21,    2524213,     17.0,     17.0,     17.0,     53.0,  9, 10, 11, 10,    1934407,    1934407,    1934407,    1934407
21,    1903783,     17.0,     17.0,     17.0,     53.0,  9, 10, 11, 10,    1934417,    1934417,    1934417,    1934417
21,    1903835,     17.0,     17.0,     17.0,     54.0,  9, 10, 11,  9,    1934471,    1934471,    1934471,    1934471
21,    1903860,     22.0,     21.0,     22.0,     69.0,  9, 10, 11, 10,    1934493,    1934493,    1934493,    1934493
21,    1903900,     16.0,     16.0,     16.0,     52.0,  9,  2, 11,  2,    1934516,    1903900,    1934516,    1903900
21,    1903976,     25.0,     24.0,     25.0,     77.0,  1,  2,  3,  2,    1903976,    1903976,    1903976,    1904017
21,    1904017,     16.0,     15.0,     16.0,     48.0,  1,  2,  3,  2,    1904017,    1904017,    1904017,    1904017
21,    1904379,     19.0,     18.0,     19.0,     60.0,  1,  2,  3,  2,    1904379,    1904379,    1904379,    1904379
21,    1904389,     18.0,     17.0,     18.0,     55.0,  1,  2,  3,  2,    1904384,    1904384,    1904384,    1904389
21,    1904394,     18.0,     17.0,     18.0,     56.0,  1,  2,  3,  2,    1904384,    1904384,    1904384,    1904384
21,    2581468,     24.0,     22.0,     23.0,     73.0,  1,  2,  3,  2,    1904037,    1904037,    1904037,    1904037
21,    1942936,     24.0,     24.0,     24.0,     74.0,  9, 10, 11, 10,    1953787,    1953787,    1953787,    1953787
21,    1942953,     22.0,     22.0,     20.0,     63.0,  9, 10, 11, 11,    1953791,    1953791,    1953791,    1953791
21,    1947095,     47.0,     48.0,     47.0,    150.0,  9, 10, 12,  9,    1956452,    1956452,    1956452,    1956452
21,    2372207,     40.0,     41.0,     41.0,    131.0,  1,  2,  3,  1,    2372207,    2189612,    2372207,    2372207
21,    2189612,     40.0,     40.0,     41.0,    131.0,  1,  2,  3,  1,    2189612,    2189612,    2189612,    2189612
21,    2239774,     18.0,     18.0,     18.0,     55.0,  9, 10, 11,  9,    2186663,    2186663,    2186663,    2186663
21,    2524115,     18.0,     18.0,     18.0,     55.0,  9, 10, 11, 10,    2371370,    2371370,    2371370,    2371370
21,    2580580,     17.0,     17.0,     17.0,     54.0,  9, 10, 11,  9,    2186669,    2186669,    2186669,    2186669
21,    2239803,     18.0,     18.0,     17.0,     54.0,  9, 10, 11, 11,    2186672,    2186672,    2186672,    2186672
21,    2475650,     22.0,     22.0,     22.0,     70.0,  9,  2, 11, 10,    2338808,    2475650,    2338808,    2338808
21,    2239793,     17.0,     17.0,     17.0,     53.0,  9, 10, 11,  9,    2186669,    2186669,    2186669,    2186669
21,    2524139,     17.0,     16.0,     17.0,     51.0,  9, 10, 11, 10,    2371378,    2371378,    2371378,    2371378
21,    2578521,     44.0,     41.0,     44.0,    135.0,  1,  2,  3,  2,    1903860,    1904017,    1903705,    1904017
21,    1903690,     17.0,     17.0,     17.0,     55.0,  9, 10, 11,  9,    1934372,    1934372,    1934372,    1934372
21,    1903695,     41.0,     38.0,     40.0,    124.0,  1,  2,  3,  2,    1903695,    1903768,    1903768,    1903900
21,    3525454,     16.0,     15.0,     16.0,     49.0,  1,  2,  3,  2,    3525454,    3525454,    3525454,    3525454
21,    1903920,     17.0,     17.0,     17.0,     54.0,  9, 10, 11,  9,    1934522,    1934522,    1934522,    1934522
21,    2579147,     55.0,     55.0,     55.0,    171.0,  9, 10, 11,  9,    2186681,    2186681,    2186681,    2186681
21,    2579364,     29.0,     29.0,     29.0,     93.0,  1,  2,  3,  1,    2524230,    2524230,    2524230,    2524230
21,    2524230,     21.0,     21.0,     21.0,     68.0,  1,  2,  3,  1,    2524230,    2524230,    2524230,    2524230
21,    2524214,     37.0,     37.0,     37.0,    119.0,  1,  2,  3,  1,    2524214,    2524214,    2524214,    2524214
21,    2579348,     27.0,     27.0,     27.0,     88.0,  1,  2,  3,  1,    2524255,    2524255,    2524255,    2524255
21,    2524255,     21.0,     21.0,     21.0,     68.0,  1,  2,  3,  1,    2524255,    2524255,    2524255,    2524255
21,    2524265,     16.0,     16.0,     16.0,     52.0,  1,  2,  3,  1,    2524265,    2524265,    2524265,    2524265
21,    2524270,     17.0,     17.0,     17.0,     56.0,  1,  2,  3,  1,    2524270,    2524270,    2524270,    2524270
21,    2579394,     18.0,     18.0,     18.0,     59.0,  1,  2,  3,  1,    2524245,    2524245,    2524245,    2524245
21,    2579409,     16.0,     16.0,     16.0,     52.0,  1,  2,  3,  1,    2524245,    2524245,    2524245,    2524245
21,    2524245,     14.0,     14.0,     14.0,     45.0,  1,  2,  3,  1,    2524245,    2524245,    2524245,    2524245
21,    2579444,     12.0,     12.0,     12.0,     40.0,  1,  2,  3,  1,    2524295,    2524295,    2524295,    2524295
21,    2524295,     11.0,     11.0,     11.0,     36.0,  1,  2,  3,  1,    2524295,    2524295,    2524295,    2524295
21,    2524300,     11.0,     11.0,     11.0,     35.0,  1,  2,  3,  1,    2524295,    2524295,    2524295,    2524300
21,    2524310,     11.0,     11.0,     11.0,     35.0,  1,  2,  3,  1,    2524295,    2524295,    2524295,    2524310
21,    3525437,     13.0,     13.0,     13.0,     41.0,  1,  2,  3,  2,    3525437,    3525437,    3525437,    3525437
21,    2475645,     20.0,     19.0,     20.0,     61.0,  1,  2,  3,  2,    2475645,    2475645,    2475645,    2475645
21,    3612708,     24.0,     23.0,     24.0,     70.0,  9, 10, 11, 10,    2846700,    2846700,    2846700,    2846700
22,    2580315,     22.0,     22.0,     22.0,     72.0,  1,  2,  3,  1,    2524230,    2524230,    2524230,    2524230
22,    2239779,     60.0,     59.0,     60.0,    184.0,  9, 10, 11, 10,    2186677,    2186677,    2186677,    2186677
22,    2522946,     13.0,     12.0,     13.0,     41.0,  1,  2,  3,  2,    2522946,    2522946,    2522946,    2522946
22,    1903706,     36.0,     35.0,     36.0,    114.0,  1,  2,  3,  2,    1903768,    1903705,    1904037,    1903860
22,    2524230,     21.0,     21.0,     21.0,     68.0,  1,  2,  3,  1,    2524230,    2524230,    2524230,    2524230
22,    1899476,     22.0,     22.0,     22.0,     68.0,  9, 10, 11,  9,    1931587,    1931587,    1931587,    1931587
22,    1903982,     23.0,     22.0,     24.0,     74.0,  1,  2,  3,  2,    1903982,    1903982,    1903982,    1903982
22,    1903700,     17.0,     17.0,     17.0,     54.0,  9, 10, 11,  9,    1934377,    1934377,    1934377,    1934377
22,    1903719,     17.0,     17.0,     17.0,     54.0,  9, 10, 11,  9,    1934391,    1934391,    1934391,    1934391
22,    1903729,     17.0,     17.0,     17.0,     55.0,  9, 10, 11,  9,    1934394,    1934394,    1934394,    1934394
22,    2524202,     34.0,     33.0,     35.0,    108.0,  1,  2,  3,  2,    1904017,    1903768,    1903705,    1903900
22,    2524213,     17.0,     17.0,     17.0,     54.0,  9, 10, 11,  9,    1934407,    1934407,    1934407,    1934407
22,    1903783,     17.0,     17.0,     17.0,     54.0,  9, 10, 11,  9,    1934417,    1934417,    1934417,    1934417
22,    1903835,     17.0,     17.0,     17.0,     54.0,  9, 10, 11,  9,    1934471,    1934471,    1934471,    1934471
22,    1903860,     22.0,     21.0,     22.0,     69.0,  9, 10, 11, 10,    1934493,    1934493,    1934493,    1934493
22,    1903900,     16.0,     16.0,     16.0,     53.0,  9,  2, 11,  2,    1934516,    1903900,    1934516,    1903900
22,    1903976,     25.0,     24.0,     26.0,     80.0,  1,  2,  3,  2,    1903976,    1903976,    1903976,    1903976
22,    1904017,     16.0,     15.0,     16.0,     50.0,  1,  2,  3,  2,    1904017,    1904017,    1904017,    1904017
22,    1904379,     19.0,     19.0,     19.0,     61.0,  1,  2,  3,  2,    1904379,    1904037,    1904379,    1904379
22,    1904389,     18.0,     17.0,     18.0,     57.0,  1,  2,  3,  2,    1904384,    1904384,    1904384,    1904384
22,    1904394,     18.0,     17.0,     18.0,     57.0,  1,  2,  3,  2,    1904384,    1904384,    1904384,    1904384
22,    2581468,     24.0,     23.0,     24.0,     75.0,  1,  2,  3,  2,    1904037,    1904037,    1904037,    1904037
22,    1942936,     24.0,     24.0,     24.0,     74.0,  9, 10, 11, 11,    1953787,    1953787,    1953787,    1953787
22,    1942953,     22.0,     23.0,     21.0,     66.0,  9, 10, 11, 11,    1953791,    1953791,    1953791,    1953791
22,    1947095,     47.0,     48.0,     47.0,    150.0,  9, 10, 12,  9,    1956452,    1956452,    1956452,    1956452
22,    2372207,     41.0,     41.0,     41.0,    132.0,  1,  2,  3,  1,    2189612,    2372207,    2372207,    2372207
22,    2189612,     40.0,     41.0,     41.0,    131.0,  1,  2,  3,  1,    2189612,    2189612,    2189612,    2189612
22,    2239774,     18.0,     18.0,     18.0,     55.0,  9, 10, 11,  9,    2186663,    2186663,    2186663,    2186663
22,    2524115,     18.0,     18.0,     18.0,     56.0,  9, 10, 11,  9,    2371370,    2371370,    2371370,    2371370
22,    2580580,     17.0,     17.0,     17.0,     54.0,  9, 10, 11,  9,    2186669,    2186669,    2186669,    2186669
22,    2239803,     18.0,     18.0,     17.0,     54.0,  9, 10, 11, 11,    2186672,    2186672,    2186672,    2186672
22,    2475650,     22.0,     22.0,     22.0,     70.0,  9,  2, 11, 10,    2338808,    2475650,    2338808,    2338808
22,    2239793,     17.0,     17.0,     17.0,     54.0,  9, 10, 11,  9,    2186669,    2186669,    2186669,    2186669
22,    2524139,     17.0,     16.0,     17.0,     52.0,  9, 10, 11, 10,    2371378,    2371378,    2371378,    2371378
22,    2578521,     44.0,     43.0,     45.0,    139.0,  1,  2,  3,  2,    1904037,    1903705,    1903685,    1904017
22,    1903690,     17.0,     17.0,     17.0,     55.0,  9, 10, 11,  9,    1934372,    1934372,    1934372,    1934372
22,    1903695,     41.0,     39.0,     41.0,    127.0,  1,  2,  3,  2,    1903695,    1903768,    1903695,    1904017
22,    3525454,     16.0,     15.0,     16.0,     51.0,  1,  2,  3,  2,    3525454,    3525454,    3525454,    3525454
22,    1903920,     17.0,     17.0,     17.0,     54.0,  9, 10, 11,  9,    1934522,    1934522,    1934522,    1934522
22,    2579147,     55.0,     55.0,     55.0,    171.0,  9, 10, 11,  9,    2186681,    2186681,    2186681,    2186681
22,    2579364,     29.0,     29.0,     29.0,     93.0,  1,  2,  3,  1,    2524230,    2524230,    2524230,    2524230
22,    2524230,     21.0,     21.0,     21.0,     68.0,  1,  2,  3,  1,    2524230,    2524230,    2524230,    2524230
22,    2524214,     37.0,     37.0,     37.0,    119.0,  1,  2,  3,  1,    2524214,    2524214,    2524214,    2524214
22,    2579348,     27.0,     27.0,     27.0,     88.0,  1,  2,  3,  1,    2524255,    2524255,    2524255,    2524255
22,    2524255,     21.0,     21.0,     21.0,     68.0,  1,  2,  3,  1,    2524255,    2524255,    2524255,    2524255
22,    2524265,     16.0,     16.0,     16.0,     52.0,  1,  2,  3,  1,    2524265,    2524265,    2524265,    2524265
22,    2524270,     17.0,     17.0,     17.0,     56.0,  1,  2,  3,  1,    2524270,    2524270,    2524270,    2524270
22,    2579394,     18.0,     18.0,     18.0,     59.0,  1,  2,  3,  1,    2524245,    2524245,    2524245,    2524245
22,    2579409,     16.0,     16.0,     16.0,     52.0,  1,  2,  3,  1,    2524245,    2524245,    2524245,    2524245
22,    2524245,     14.0,     14.0,     14.0,     45.0,  1,  2,  3,  1,    2524245,    2524245,    2524245,    2524245
22,    2579444,     12.0,     12.0,     12.0,     40.0,  1,  2,  3,  1,    2524295,    2524295,    2524295,    2524295
22,    2524295,     11.0,     11.0,     11.0,     36.0,  1,  2,  3,  1,    2524295,    2524295,    2524295,    2524295
22,    2524300,     11.0,     11.0,     11.0,     35.0,  1,  2,  3,  1,    2524295,    2524295,    2524295,    2524300
22,    2524310,     11.0,     11.0,     11.0,     35.0,  1,  2,  3,  1,    2524295,    2524295,    2524295,    2524310
22,    3525437,     13.0,     13.0,     13.0,     42.0,  1,  2,  3,  2,    3525437,    3525437,    3525437,    3525437
22,    2475645,     20.0,     19.0,     20.0,     62.0,  1,  2,  3,  2,    2475645,    2475645,    2475645,    3525454
22,    3612708,     24.0,     24.0,     24.0,     73.0,  9, 10, 11, 10,    2846700,    2846700,    2846700,    2846700
23,    2580315,     22.0,     22.0,     22.0,     72.0,  1,  2,  3,  1,    2524230,    2524230,    2524230,    2524230
23,    2239779,     60.0,     59.0,     60.0,    185.0,  9, 10, 11, 10,    2186677,    2186677,    2186677,    2186677
23,    2522946,     13.0,     13.0,     13.0,     42.0,  1,  2,  3,  2,    2522946,    2522946,    2522946,    2522946
23,    1903706,     36.0,     36.0,     37.0,    116.0,  1,  2,  3,  2,    1903976,    1903705,    1903705,    1904017
23,    2524230,     21.0,     21.0,     21.0,     68.0,  1,  2,  3,  1,    2524230,    2524230,    2524230,    2524230
23,    1899476,     22.0,     22.0,     22.0,     68.0,  9, 10, 11,  9,    1931587,    1931587,    1931587,    1931587
23,    1903982,     23.0,     23.0,     24.0,     75.0,  1,  2,  3,  2,    1903982,    1903982,    1903982,    1903982
23,    1903700,     17.0,     17.0,     17.0,     54.0,  9, 10, 11,  9,    1934377,    1934377,    1934377,    1934377
23,    1903719,     17.0,     17.0,     17.0,     54.0,  9, 10, 11,  9,    1934391,    1934391,    1934391,    1934391
23,    1903729,     17.0,     17.0,     17.0,     55.0,  9, 10, 11,  9,    1934394,    1934394,    1934394,    1934394
23,    2524202,     35.0,     34.0,     35.0,    111.0,  1,  2,  3,  2,    1903705,    1903705,    1903705,    1903860
23,    2524213,     17.0,     17.0,     17.0,     54.0,  9, 10, 11,  9,    1934407,    1934407,    1934407,    1934407
23,    1903783,     17.0,     17.0,     17.0,     54.0,  9, 10, 11,  9,    1934417,    1934417,    1934417,    1934417
23,    1903835,     17.0,     17.0,     17.0,     54.0,  9, 10, 11,  9,    1934471,    1934471,    1934471,    1934471
23,    1903860,     22.0,     22.0,     22.0,     70.0,  9, 10, 11, 10,    1934493,    1934493,    1934493,    1934493
23,    1903900,     16.0,     16.0,     16.0,     53.0,  9, 10, 11,  9,    1934516,    1934516,    1934516,    1934516
23,    1903976,     25.0,     25.0,     26.0,     82.0,  1,  2,  3,  2,    1904037,    1903976,    1903976,    1903976
23,    1904017,     16.0,     16.0,     16.0,     51.0,  1,  2,  3,  2,    1904017,    1904017,    1904017,    1904017
23,    1904379,     19.0,     19.0,     20.0,     63.0,  1,  2,  3,  2,    1904379,    1904379,    1904037,    1904379
23,    1904389,     18.0,     18.0,     18.0,     58.0,  1,  2,  3,  2,    1904384,    1904384,    1904384,    1904389
23,    1904394,     18.0,     18.0,     18.0,     58.0,  1,  2,  3,  2,    1904384,    1904384,    1904384,    1904394
23,    2581468,     24.0,     23.0,     24.0,     76.0,  1,  2,  3,  2,    1904037,    1904037,    1904037,    1904037
23,    1942936,     24.0,     24.0,     24.0,     74.0,  9, 10, 11,  9,    1953787,    1953787,    1953787,    1953787
23,    1942953,     22.0,     23.0,     22.0,     68.0,  9, 10, 11,  9,    1953791,    1953791,    1953791,    1953791
23,    1947095,     47.0,     48.0,     47.0,    150.0,  9, 10, 12,  9,    1956452,    1956452,    1956452,    1956452
23,    2372207,     41.0,     41.0,     41.0,    133.0,  1,  2,  3,  1,    2372207,    2372207,    2372207,    2372207
23,    2189612,     41.0,     41.0,     41.0,    132.0,  1,  2,  3,  1,    2189612,    2189612,    2189612,    2189612
23,    2239774,     18.0,     17.0,     18.0,     53.0,  9, 10, 11, 10,    2186663,    2186663,    2186663,    2186663
23,    2524115,     18.0,     18.0,     18.0,     56.0,  9, 10, 11,  9,    2371370,    2371370,    2371370,    2371370
23,    2580580,     17.0,     17.0,     17.0,     54.0,  9, 10, 11,  9,    2186669,    2186669,    2186669,    2186669
23,    2239803,     18.0,     18.0,     18.0,     56.0,  9, 10, 11,  9,    2186672,    2186672,    2186672,    2186672
23,    2475650,     22.0,     22.0,     22.0,     71.0,  9, 10, 11,  9,    2338808,    2338808,    2338808,    2338808
23,    2239793,     17.0,     17.0,     17.0,     54.0,  9, 10, 11,  9,    2186669,    2186669,    2186669,    2186669
23,    2524139,     17.0,     17.0,     17.0,     54.0,  9, 10, 11,  9,    2371378,    2371378,    2371378,    2371378
23,    2578521,     45.0,     44.0,     45.0,    143.0,  1,  2,  3,  2,    1903685,    1903705,    1903705,    1903900
23,    1903690,     17.0,     17.0,     17.0,     55.0,  9, 10, 11,  9,    1934372,    1934372,    1934372,    1934372
23,    1903695,     41.0,     40.0,     41.0,    131.0,  1,  2,  3,  2,    1903695,    1903705,    1903705,    1903860
23,    3525454,     16.0,     16.0,     16.0,     52.0,  1,  2,  3,  2,    3525454,    3525454,    3525454,    3525454
23,    1903920,     17.0,     17.0,     17.0,     54.0,  9, 10, 11,  9,    1934522,    1934522,    1934522,    1934522
23,    2579147,     55.0,     55.0,     55.0,    171.0,  9, 10, 11,  9,    2186681,    2186681,    2186681,    2186681
23,    2579364,     29.0,     29.0,     29.0,     93.0,  1,  2,  3,  1,    2524230,    2524230,    2524230,    2524230
23,    2524230,     21.0,     21.0,     21.0,     68.0,  1,  2,  3,  1,    2524230,    2524230,    2524230,    2524230
23,    2524214,     37.0,     37.0,     37.0,    119.0,  1,  2,  3,  1,    2524214,    2524214,    2524214,    2524214
23,    2579348,     27.0,     27.0,     27.0,     88.0,  1,  2,  3,  1,    2524255,    2524255,    2524255,    2524255
23,    2524255,     21.0,     21.0,     21.0,     68.0,  1,  2,  3,  1,    2524255,    2524255,    2524255,    2524255
23,    2524265,     16.0,     16.0,     16.0,     52.0,  1,  2,  3,  1,    2524265,    2524265,    2524265,    2524265
23,    2524270,     17.0,     17.0,     17.0,     56.0,  1,  2,  3,  1,    2524270,    2524270,    2524270,    2524270
23,    2579394,     18.0,     18.0,     18.0,     59.0,  1,  2,  3,  1,    2524245,    2524245,    2524245,    2524245
23,    2579409,     16.0,     16.0,     16.0,     52.0,  1,  2,  3,  1,    2524245,    2524245,    2524245,    2524245
23,    2524245,     14.0,     14.0,     14.0,     45.0,  1,  2,  3,  1,    2524245,    2524245,    2524245,    2524245
23,    2579444,     12.0,     12.0,     12.0,     40.0,  1,  2,  3,  1,    2524295,    2524295,    2524295,    2524295
23,    2524295,     11.0,     11.0,     11.0,     36.0,  1,  2,  3,  1,    2524295,    2524295,    2524295,    2524295
23,    2524300,     11.0,     11.0,     11.0,     35.0,  1,  2,  3,  1,    2524295,    2524295,    2524295,    2524300
23,    2524310,     11.0,     11.0,     11.0,     35.0,  1,  2,  3,  1,    2524295,    2524295,    2524295,    2524310
23,    3525437,     14.0,     13.0,     14.0,     43.0,  1,  2,  3,  2,    3525437,    3525437,    3525437,    3525437
23,    2475645,     20.0,     20.0,     20.0,     64.0,  1,  2,  3,  2,    2475645,    2475645,    2475645,    2475645
23,    3612708,     24.0,     24.0,     24.0,     74.0,  9, 10, 11, 10,    2846700,    2846700,    2846700,    2846700
24,    2580315,     23.0,     23.0,     23.0,     67.0,  4,  5,  6,  4,    2524230,    2524230,    2524230,    2524230
24,    2239779,     71.0,     73.0,     71.0,    213.0, 12, 12, 12,  9,    2186677,    2186677,    2186677,    2186677
24,    2522946,     15.0,     15.0,     15.0,     44.0,  4,  5,  6,  4,    2522946,    2522946,    2522946,    2522946
24,    1903706,     42.0,     43.0,     42.0,    120.0,  4,  5,  6,  4,    1903705,    1903705,    1903705,    1903706
24,    2524230,     22.0,     22.0,     22.0,     63.0,  4,  5,  6,  4,    2524230,    2524230,    2524230,    2524230
24,    1899476,     25.0,     25.0,     25.0,     83.0, 12, 12, 12,  9,    1931587,    1931587,    1931587,    1931587
24,    1903982,     27.0,     28.0,     27.0,     78.0,  4,  5,  6,  4,    1903982,    1903982,    1903982,    1903982
24,    1903700,     20.0,     20.0,     20.0,     59.0,  9, 10, 11,  9,    1934377,    1934377,    1934377,    1934377
24,    1903719,     20.0,     20.0,     20.0,     58.0,  9, 10, 11, 10,    1934391,    1934391,    1934391,    1934391
24,    1903729,     20.0,     19.0,     20.0,     58.0,  9, 12, 11,  9,    1934394,    1934394,    1934394,    1934394
24,    2524202,     40.0,     41.0,     40.0,    115.0,  4,  5,  6,  4,    1903705,    1903705,    1903705,    1903705
24,    2524213,     20.0,     20.0,     20.0,     59.0,  9, 10, 11,  9,    1934407,    1934407,    1934407,    1934407
24,    1903783,     20.0,     20.0,     20.0,     59.0,  9, 10, 11,  9,    1934417,    1934417,    1934417,    1934417
24,    1903835,     20.0,     20.0,     20.0,     59.0,  9, 10, 11,  9,    1934471,    1934471,    1934471,    1934471
24,    1903860,     27.0,     28.0,     27.0,     80.0, 12, 10, 12,  9,    1934493,    1934493,    1934493,    1934493
24,    1903900,     19.0,     20.0,     19.0,     56.0,  4,  5,  6,  4,    1903900,    1903900,    1903900,    1903900
24,    1903976,     30.0,     30.0,     30.0,     85.0,  4,  5,  6,  4,    1903976,    1903976,    1903976,    1903976
24,    1904017,     18.0,     19.0,     18.0,     53.0,  4,  5,  6,  4,    1904017,    1904017,    1904017,    1904017
24,    1904379,     23.0,     23.0,     23.0,     65.0,  4,  5,  6,  4,    1904379,    1904379,    1904379,    1904379
24,    1904389,     21.0,     22.0,     21.0,     61.0,  4,  5,  6,  4,    1904384,    1904384,    1904384,    1904384
24,    1904394,     21.0,     22.0,     21.0,     61.0,  4,  5,  6,  4,    1904384,    1904384,    1904384,    1904384
24,    2581468,     28.0,     28.0,     28.0,     79.0,  4,  5,  6,  4,    1904037,    1904037,    1904037,    2581468
24,    1942936,     26.0,     26.0,     26.0,     77.0,  9, 10, 11,  9,    1953787,    1953787,    1953787,    1953787
24,    1942953,     24.0,     27.0,     26.0,     81.0, 12, 12, 12,  9,    1953791,    1953791,    1953791,    1953791
24,    1947095,     57.0,     57.0,     57.0,    165.0,  9, 10, 11, 10,    1956452,    1956452,    1956452,    1956452
24,    2372207,     44.0,     44.0,     44.0,    125.0,  4,  5,  6,  5,    2372207,    2372207,    2372207,    2372207
24,    2189612,     44.0,     44.0,     44.0,    125.0,  4,  5,  6,  4,    2189612,    2189612,    2189612,    2189612
24,    2239774,     19.0,     19.0,     19.0,     58.0,  9, 10, 11,  9,    2186663,    2186663,    2186663,    2186663
24,    2524115,     19.0,     19.0,     19.0,     58.0,  9, 10, 11,  9,    2371370,    2371370,    2371370,    2371370
24,    2580580,     20.0,     20.0,     19.0,     58.0,  9, 10, 12, 10,    2186669,    2186669,    2186669,    2186669
24,    2239803,     19.0,     19.0,     20.0,     57.0,  9, 10, 11, 10,    2186672,    2186672,    2186672,    2186672
24,    2475650,     26.0,     27.0,     26.0,     75.0,  4,  5,  6,  4,    2475650,    2475650,    2475650,    2475650
24,    2239793,     20.0,     20.0,     19.0,     59.0,  9, 10, 12,  9,    2186669,    2186669,    2186669,    2186669
24,    2524139,     20.0,     20.0,     20.0,     59.0,  9, 10, 11,  9,    2371378,    2371378,    2371378,    2371378
24,    2578521,     52.0,     52.0,     51.0,    147.0,  4,  5,  6,  6,    1903685,    2578521,    2578521,    1903685
24,    1903690,     20.0,     20.0,     20.0,     58.0,  9, 10, 11,  9,    1934372,    1934372,    1934372,    1934372
24,    1903695,     47.0,     48.0,     47.0,    135.0,  4,  5,  6,  4,    1903695,    1903695,    1903695,    1903695
24,    3525454,     18.0,     19.0,     18.0,     52.0,  4,  5,  6,  4,    3525454,    3525454,    3525454,    3525454
24,    1903920,     20.0,     20.0,     20.0,     59.0,  9, 10, 11,  9,    1934522,    1934522,    1934522,    1934522
24,    2579147,     61.0,     61.0,     61.0,    179.0,  9, 10, 11,  9,    2186681,    2186681,    2186681,    2186681
24,    2579364,     30.0,     30.0,     30.0,     87.0,  4,  5,  6,  4,    2524230,    2524230,    2524230,    2524230
24,    2524230,     22.0,     22.0,     22.0,     63.0,  4,  5,  6,  4,    2524230,    2524230,    2524230,    2524230
24,    2524214,     39.0,     39.0,     39.0,    111.0,  4,  5,  6,  4,    2524214,    2524214,    2524214,    2524214
24,    2579348,     28.0,     28.0,     28.0,     82.0,  4,  5,  6,  4,    2524255,    2524255,    2524255,    2524255
24,    2524255,     22.0,     22.0,     22.0,     63.0,  4,  5,  6,  4,    2524255,    2524255,    2524255,    2524255
24,    2524265,     17.0,     17.0,     17.0,     49.0,  4,  5,  6,  4,    2524265,    2524265,    2524265,    2524265
24,    2524270,     18.0,     18.0,     18.0,     52.0,  4,  5,  6,  4,    2524270,    2524270,    2524270,    2524270
24,    2579394,     19.0,     19.0,     19.0,     55.0,  4,  5,  6,  4,    2524245,    2524245,    2524245,    2524245
24,    2579409,     17.0,     17.0,     17.0,     48.0,  4,  5,  6,  4,    2524245,    2524245,    2524245,    2524245
24,    2524245,     14.0,     14.0,     14.0,     42.0,  4,  5,  6,  4,    2524245,    2524245,    2524245,    2524245
24,    2579444,     13.0,     13.0,     13.0,     37.0,  4,  5,  6,  4,    2524295,    2524295,    2524295,    2524295
24,    2524295,     11.0,     11.0,     11.0,     33.0,  4,  5,  6,  4,    2524295,    2524295,    2524295,    2524295
24,    2524300,     11.0,     11.0,     11.0,     33.0,  4,  5,  6,  4,    2524295,    2524295,    2524295,    2524295
24,    2524310,     11.0,     11.0,     11.0,     33.0,  4,  5,  6,  4,    2524295,    2524295,    2524295,    2524295
24,    3525437,     15.0,     16.0,     15.0,     45.0,  4,  5,  6,  4,    3525437,    3525437,    3525437,    3525437
24,    2475645,     22.0,     23.0,     22.0,     65.0,  4,  5,  6,  4,    2475645,    2475645,    2475645,    2475645
24,    3612708,     26.0,     26.0,     25.0,     77.0,  9, 10, 11,  9,    2846700,    2846700,    2846700,    2846700
25,    2580315,     23.0,     23.0,     23.0,     67.0,  4,  5,  6,  4,    2524230,    2524230,    2524230,    2524230
25,    2239779,     71.0,     73.0,     70.0,    212.0, 12, 12, 12, 11,    2186677,    2186677,    2186677,    2186677
25,    2522946,     15.0,     15.0,     15.0,     43.0,  4,  5,  6,  6,    2522946,    2522946,    2522946,    2522946
25,    1903706,     42.0,     43.0,     42.0,    119.0,  4,  5,  6,  6,    1903706,    1903705,    1903705,    1903706
25,    2524230,     22.0,     22.0,     22.0,     63.0,  4,  5,  6,  4,    2524230,    2524230,    2524230,    2524230
25,    1899476,     25.0,     25.0,     25.0,     83.0, 12, 12, 12,  9,    1931587,    1931587,    1931587,    1931587
25,    1903982,     27.0,     28.0,     27.0,     77.0,  4,  5,  6,  6,    1903982,    1903982,    1903982,    1903982
25,    1903700,     20.0,     20.0,     20.0,     59.0,  9, 10, 11,  9,    1934377,    1934377,    1934377,    1934377
25,    1903719,     20.0,     20.0,     20.0,     58.0,  9, 10, 11, 10,    1934391,    1934391,    1934391,    1934391
25,    1903729,     20.0,     19.0,     20.0,     58.0,  9, 12, 11,  9,    1934394,    1934394,    1934394,    1934394
25,    2524202,     40.0,     41.0,     40.0,    114.0,  4,  5,  6,  6,    1903705,    1903705,    1903705,    1903705
25,    2524213,     20.0,     20.0,     20.0,     59.0,  9, 10, 11,  9,    1934407,    1934407,    1934407,    1934407
25,    1903783,     20.0,     20.0,     20.0,     59.0,  9, 10, 11,  9,    1934417,    1934417,    1934417,    1934417
25,    1903835,     20.0,     20.0,     20.0,     59.0,  9, 10, 11,  9,    1934471,    1934471,    1934471,    1934471
25,    1903860,     27.0,     28.0,     27.0,     80.0, 12, 10, 12,  9,    1934493,    1934493,    1934493,    1934493
25,    1903900,     20.0,     20.0,     19.0,     56.0,  4,  5,  6,  6,    1903900,    1903900,    1903900,    1903900
25,    1903976,     30.0,     30.0,     29.0,     84.0,  4,  5,  6,  6,    1903976,    1903976,    1903976,    1903976
25,    1904017,     18.0,     19.0,     18.0,     52.0,  4,  5,  6,  6,    1904017,    1904017,    1904017,    1904017
25,    1904379,     23.0,     23.0,     23.0,     65.0,  4,  5,  6,  6,    1904379,    1904379,    1904374,    1904379
25,    1904389,     21.0,     21.0,     21.0,     60.0,  4,  5,  6,  6,    1904384,    1904389,    1904384,    1904389
25,    1904394,     21.0,     21.0,     21.0,     60.0,  4,  5,  6,  6,    1904384,    1904384,    1904384,    1904384
25,    2581468,     28.0,     28.0,     27.0,     79.0,  4,  5,  6,  6,    1904037,    1904037,    2581468,    1904037
25,    1942936,     26.0,     26.0,     26.0,     77.0,  9, 10, 11,  9,    1953787,    1953787,    1953787,    1953787
25,    1942953,     26.0,     26.0,     25.0,     81.0, 12, 12, 12, 10,    1953791,    1953791,    1953791,    1953791
25,    1947095,     57.0,     57.0,     57.0,    165.0,  9, 10, 11, 10,    1956452,    1956452,    1956452,    1956452
25,    2372207,     44.0,     44.0,     44.0,    125.0,  4,  5,  6,  5,    2372207,    2372207,    2372207,    2372207
25,    2189612,     44.0,     44.0,     43.0,    124.0,  4,  5,  6,  6,    2189612,    2189612,    2189612,    2189612
25,    2239774,     19.0,     20.0,     19.0,     58.0,  9, 10, 11,  9,    2186663,    2186663,    2186663,    2186663
25,    2524115,     19.0,     19.0,     19.0,     58.0,  9, 10, 11,  9,    2371370,    2371370,    2371370,    2371370
25,    2580580,     20.0,     20.0,     19.0,     58.0,  9, 10, 12, 10,    2186669,    2186669,    2186669,    2186669
25,    2239803,     19.0,     19.0,     19.0,     57.0,  9, 10, 11, 10,    2186672,    2186672,    2186672,    2186672
25,    2475650,     26.0,     26.0,     26.0,     74.0,  4,  5,  6,  6,    2475650,    2475650,    2475650,    2475650
25,    2239793,     20.0,     20.0,     19.0,     59.0,  9, 10, 12,  9,    2186669,    2186669,    2186669,    2186669
25,    2524139,     20.0,     20.0,     20.0,     59.0,  9, 10, 11,  9,    2371378,    2371378,    2371378,    2371378
25,    2578521,     52.0,     52.0,     51.0,    146.0,  4,  5,  6,  6,    1903685,    1903685,    1903685,    1903685
25,    1903690,     20.0,     20.0,     20.0,     58.0,  9, 10, 11,  9,    1934372,    1934372,    1934372,    1934372
25,    1903695,     48.0,     48.0,     47.0,    134.0,  4,  5,  6,  6,    1903695,    1903695,    1903695,    1903695
25,    3525454,     18.0,     18.0,     18.0,     52.0,  4,  5,  6,  6,    3525454,    3525454,    3525454,    3525454
25,    1903920,     20.0,     20.0,     20.0,     59.0,  9, 10, 11,  9,    1934522,    1934522,    1934522,    1934522
25,    2579147,     61.0,     61.0,     61.0,    179.0,  9, 10, 11,  9,    2186681,    2186681,    2186681,    2186681
25,    2579364,     30.0,     30.0,     30.0,     87.0,  4,  5,  6,  4,    2524230,    2524230,    2524230,    2524230
25,    2524230,     22.0,     22.0,     22.0,     63.0,  4,  5,  6,  4,    2524230,    2524230,    2524230,    2524230
25,    2524214,     39.0,     39.0,     39.0,    111.0,  4,  5,  6,  4,    2524214,    2524214,    2524214,    2524214
25,    2579348,     28.0,     28.0,     28.0,     82.0,  4,  5,  6,  4,    2524255,    2524255,    2524255,    2524255
25,    2524255,     22.0,     22.0,     22.0,     63.0,  4,  5,  6,  4,    2524255,    2524255,    2524255,    2524255
25,    2524265,     17.0,     17.0,     17.0,     49.0,  4,  5,  6,  4,    2524265,    2524265,    2524265,    2524265
25,    2524270,     18.0,     18.0,     18.0,     52.0,  4,  5,  6,  4,    2524270,    2524270,    2524270,    2524270
25,    2579394,     19.0,     19.0,     19.0,     55.0,  4,  5,  6,  4,    2524245,    2524245,    2524245,    2524245
25,    2579409,     17.0,     17.0,     17.0,     48.0,  4,  5,  6,  4,    2524245,    2524245,    2524245,    2524245
25,    2524245,     14.0,     14.0,     14.0,     42.0,  4,  5,  6,  4,    2524245,    2524245,    2524245,    2524245
25,    2579444,     13.0,     13.0,     13.0,     37.0,  4,  5,  6,  4,    2524295,    2524295,    2524295,    2524295
25,    2524295,     11.0,     11.0,     11.0,     33.0,  4,  5,  6,  4,    2524295,    2524295,    2524295,    2524295
25,    2524300,     11.0,     11.0,     11.0,     33.0,  4,  5,  6,  4,    2524295,    2524295,    2524295,    2524295
25,    2524310,     11.0,     11.0,     11.0,     33.0,  4,  5,  6,  4,    2524295,    2524295,    2524295,    2524295
25,    3525437,     15.0,     16.0,     15.0,     44.0,  4,  5,  6,  6,    3525437,    3525437,    3525437,    3525437
25,    2475645,     23.0,     23.0,     22.0,     64.0,  4,  5,  6,  6,    2475645,    2475645,    2475645,    2475645
25,    3612708,     25.0,     26.0,     25.0,     77.0,  9, 10, 11,  9,    2846700,    2846700,    2846700,    2846700
26,    2580315,     23.0,     23.0,     23.0,     66.0,  4,  5,  6,  6,    2524230,    2524230,    2524230,    2524230
26,    2239779,     72.0,     73.0,     70.0,    212.0, 12, 10, 12, 11,    2186677,    2186677,    2186677,    2186677
26,    2522946,     15.0,     15.0,     15.0,     43.0,  4,  5,  6,  6,    2522946,    2522946,    2522946,    2522946
26,    1903706,     42.0,     42.0,     42.0,    119.0,  4,  5,  6,  6,    1903705,    1903705,    1903705,    1903705
26,    2524230,     22.0,     22.0,     22.0,     63.0,  4,  5,  6,  4,    2524230,    2524230,    2524230,    2524230
26,    1899476,     25.0,     25.0,     25.0,     83.0, 12, 12, 12,  9,    1931587,    1931587,    1931587,    1931587
26,    1903982,     27.0,     27.0,     27.0,     77.0,  4,  5,  6,  6,    1903982,    1903982,    1903982,    1903982
26,    1903700,     20.0,     20.0,     20.0,     59.0,  9, 10, 11,  9,    1934377,    1934377,    1934377,    1934377
26,    1903719,     20.0,     20.0,     20.0,     58.0,  9, 10, 11, 10,    1934391,    1934391,    1934391,    1934391
26,    1903729,     20.0,     20.0,     20.0,     58.0,  9, 10, 11,  9,    1934394,    1934394,    1934394,    1934394
26,    2524202,     40.0,     40.0,     40.0,    113.0,  4,  5,  6,  6,    1903705,    1903705,    1903705,    1903705
26,    2524213,     20.0,     20.0,     20.0,     59.0,  9, 10, 11,  9,    1934407,    1934407,    1934407,    1934407
26,    1903783,     20.0,     20.0,     20.0,     59.0,  9, 10, 11,  9,    1934417,    1934417,    1934417,    1934417
26,    1903835,     20.0,     20.0,     20.0,     59.0,  9, 10, 11,  9,    1934471,    1934471,    1934471,    1934471
26,    1903860,     27.0,     28.0,     27.0,     80.0, 12,  5, 12,  6,    1934493,    1903860,    1934493,    1903860
26,    1903900,     19.0,     19.0,     19.0,     56.0,  4,  5,  6,  4,    1903900,    1903900,    1903900,    1903900
26,    1903976,     30.0,     30.0,     29.0,     84.0,  4,  5,  6,  6,    1903976,    1903976,    1903976,    1903976
26,    1904017,     18.0,     18.0,     18.0,     52.0,  4,  5,  6,  6,    1904017,    1904017,    1904017,    1904017
26,    1904379,     23.0,     23.0,     22.0,     64.0,  4,  5,  6,  6,    1904379,    1904379,    1904379,    1904379
26,    1904389,     21.0,     21.0,     21.0,     60.0,  4,  5,  6,  6,    1904384,    1904384,    1904384,    1904384
26,    1904394,     21.0,     21.0,     21.0,     60.0,  4,  5,  6,  6,    1904384,    1904384,    1904384,    1904384
26,    2581468,     28.0,     28.0,     27.0,     78.0,  4,  5,  6,  6,    1904037,    1904037,    1904037,    2581468
26,    1942936,     26.0,     26.0,     26.0,     77.0,  9, 10, 11,  9,    1953787,    1953787,    1953787,    1953787
26,    1942953,     25.0,     26.0,     26.0,     80.0, 12, 12, 12,  9,    1953791,    1953791,    1953791,    1953791
26,    1947095,     57.0,     57.0,     57.0,    165.0,  9, 10, 11, 10,    1956452,    1956452,    1956452,    1956452
26,    2372207,     44.0,     44.0,     44.0,    125.0,  4,  5,  6,  5,    2372207,    2372207,    2372207,    2372207
26,    2189612,     44.0,     44.0,     43.0,    124.0,  4,  5,  6,  6,    2189612,    2189612,    2189612,    2189612
26,    2239774,     19.0,     20.0,     19.0,     58.0,  9, 10, 11,  9,    2186663,    2186663,    2186663,    2186663
26,    2524115,     19.0,     19.0,     19.0,     58.0,  9, 10, 11,  9,    2371370,    2371370,    2371370,    2371370
26,    2580580,     20.0,     20.0,     19.0,     58.0,  9, 10, 12, 10,    2186669,    2186669,    2186669,    2186669
26,    2239803,     19.0,     19.0,     19.0,     57.0,  9, 10, 11, 10,    2186672,    2186672,    2186672,    2186672
26,    2475650,     26.0,     26.0,     26.0,     74.0,  4,  5,  6,  6,    2475650,    2475650,    2475650,    2475650
26,    2239793,     20.0,     20.0,     19.0,     59.0,  9, 10, 12,  9,    2186669,    2186669,    2186669,    2186669
26,    2524139,     20.0,     20.0,     20.0,     59.0,  9, 10, 11,  9,    2371378,    2371378,    2371378,    2371378
26,    2578521,     52.0,     51.0,     51.0,    145.0,  4,  5,  6,  6,    1903685,    2578521,    1903685,    2578521
26,    1903690,     20.0,     20.0,     20.0,     58.0,  9, 10, 11,  9,    1934372,    1934372,    1934372,    1934372
26,    1903695,     47.0,     47.0,     47.0,    133.0,  4,  5,  6,  6,    1903695,    1903695,    1903695,    1903695
26,    3525454,     18.0,     18.0,     18.0,     52.0,  4,  5,  6,  4,    3525454,    3525454,    3525454,    3525454
26,    1903920,     20.0,     20.0,     20.0,     59.0,  9, 10, 11,  9,    1934522,    1934522,    1934522,    1934522
26,    2579147,     61.0,     61.0,     61.0,    179.0,  9, 10, 11,  9,    2186681,    2186681,    2186681,    2186681
26,    2579364,     30.0,     30.0,     30.0,     87.0,  4,  5,  6,  4,    2524230,    2524230,    2524230,    2524230
26,    2524230,     22.0,     22.0,     22.0,     63.0,  4,  5,  6,  4,    2524230,    2524230,    2524230,    2524230
26,    2524214,     39.0,     39.0,     39.0,    111.0,  4,  5,  6,  4,    2524214,    2524214,    2524214,    2524214
26,    2579348,     28.0,     28.0,     28.0,     82.0,  4,  5,  6,  4,    2524255,    2524255,    2524255,    2524255
26,    2524255,     22.0,     22.0,     22.0,     63.0,  4,  5,  6,  4,    2524255,    2524255,    2524255,    2524255
26,    2524265,     17.0,     17.0,     17.0,     48.0,  4,  5,  6,  6,    2524265,    2524265,    2524265,    2524265
26,    2524270,     18.0,     18.0,     18.0,     52.0,  4,  5,  6,  4,    2524270,    2524270,    2524270,    2524270
26,    2579394,     19.0,     19.0,     19.0,     55.0,  4,  5,  6,  4,    2524245,    2524245,    2524245,    2524245
26,    2579409,     17.0,     17.0,     17.0,     48.0,  4,  5,  6,  4,    2524245,    2524245,    2524245,    2524245
26,    2524245,     14.0,     14.0,     14.0,     42.0,  4,  5,  6,  4,    2524245,    2524245,    2524245,    2524245
26,    2579444,     13.0,     13.0,     13.0,     37.0,  4,  5,  6,  4,    2524295,    2524295,    2524295,    2524295
26,    2524295,     11.0,     11.0,     11.0,     33.0,  4,  5,  6,  4,    2524295,    2524295,    2524295,    2524295
26,    2524300,     11.0,     11.0,     11.0,     33.0,  4,  5,  6,  4,    2524295,    2524295,    2524295,    2524295
26,    2524310,     11.0,     11.0,     11.0,     33.0,  4,  5,  6,  4,    2524295,    2524295,    2524295,    2524295
26,    3525437,     15.0,     15.0,     15.0,     44.0,  4,  5,  6,  6,    3525437,    3525437,    3525437,    3525437
26,    2475645,     22.0,     22.0,     22.0,     64.0,  4,  5,  6,  6,    2475645,    2475645,    2475645,    2475645
26,    3612708,     25.0,     26.0,     25.0,     77.0,  9, 10, 11,  9,    2846700,    2846700,    2846700,    2846700
27,    2580315,     23.0,     23.0,     23.0,     66.0,  4,  5,  6,  6,    2524230,    2524230,    2524230,    2524230
27,    2239779,     72.0,     73.0,     70.0,    212.0, 12, 10, 12, 11,    2186677,    2186677,    2186677,    2186677
27,    2522946,     15.0,     15.0,     15.0,     43.0,  4,  5,  6,  6,    2522946,    2522946,    2522946,    2522946
27,    1903706,     42.0,     42.0,     42.0,    119.0,  4,  5,  6,  6,    1903705,    1903705,    1903705,    1903705
27,    2524230,     22.0,     22.0,     22.0,     63.0,  4,  5,  6,  4,    2524230,    2524230,    2524230,    2524230
27,    1899476,     25.0,     25.0,     25.0,     83.0, 12, 12, 12,  9,    1931587,    1931587,    1931587,    1931587
27,    1903982,     27.0,     27.0,     27.0,     77.0,  4,  5,  6,  6,    1903982,    1903982,    1903982,    1903982
27,    1903700,     20.0,     20.0,     20.0,     59.0,  9, 10, 11,  9,    1934377,    1934377,    1934377,    1934377
27,    1903719,     20.0,     20.0,     20.0,     58.0,  9, 10, 11, 10,    1934391,    1934391,    1934391,    1934391
27,    1903729,     20.0,     20.0,     20.0,     58.0,  9, 10, 11,  9,    1934394,    1934394,    1934394,    1934394
27,    2524202,     40.0,     40.0,     40.0,    113.0,  4,  5,  6,  6,    1903705,    1903705,    1903705,    1903705
27,    2524213,     20.0,     20.0,     20.0,     59.0,  9, 10, 11,  9,    1934407,    1934407,    1934407,    1934407
27,    1903783,     20.0,     20.0,     20.0,     59.0,  9, 10, 11,  9,    1934417,    1934417,    1934417,    1934417
27,    1903835,     20.0,     20.0,     20.0,     59.0,  9, 10, 11,  9,    1934471,    1934471,    1934471,    1934471
27,    1903860,     27.0,     28.0,     27.0,     80.0, 12,  5, 12,  6,    1934493,    1903860,    1934493,    1903860
27,    1903900,     19.0,     19.0,     19.0,     55.0,  4,  5,  6,  6,    1903900,    1903900,    1903900,    1903900
27,    1903976,     30.0,     30.0,     29.0,     84.0,  4,  5,  6,  6,    1903976,    1903976,    1903976,    1903976
27,    1904017,     18.0,     18.0,     18.0,     52.0,  4,  5,  6,  6,    1904017,    1904017,    1904017,    1904017
27,    1904379,     23.0,     23.0,     22.0,     64.0,  4,  5,  6,  6,    1904379,    1904379,    1904379,    1904379
27,    1904389,     21.0,     21.0,     21.0,     60.0,  4,  5,  6,  6,    1904384,    1904384,    1904384,    1904384
27,    1904394,     21.0,     21.0,     21.0,     60.0,  4,  5,  6,  6,    1904384,    1904384,    1904384,    1904384
27,    2581468,     28.0,     28.0,     27.0,     78.0,  4,  5,  6,  6,    1904037,    1904037,    1904037,    2581468
27,    1942936,     26.0,     26.0,     26.0,     77.0,  9, 10, 11,  9,    1953787,    1953787,    1953787,    1953787
27,    1942953,     25.0,     26.0,     26.0,     80.0, 12, 12, 12,  9,    1953791,    1953791,    1953791,    1953791
27,    1947095,     57.0,     57.0,     57.0,    165.0,  9, 10, 11, 10,    1956452,    1956452,    1956452,    1956452
27,    2372207,     44.0,     44.0,     44.0,    125.0,  4,  5,  6,  5,    2372207,    2372207,    2372207,    2372207
27,    2189612,     44.0,     44.0,     43.0,    124.0,  4,  5,  6,  6,    2189612,    2189612,    2189612,    2189612
27,    2239774,     19.0,     19.0,     19.0,     58.0,  9, 10, 11,  9,    2186663,    2186663,    2186663,    2186663
27,    2524115,     19.0,     19.0,     19.0,     58.0,  9, 10, 11,  9,    2371370,    2371370,    2371370,    2371370
27,    2580580,     20.0,     20.0,     19.0,     58.0,  9, 10, 12, 10,    2186669,    2186669,    2186669,    2186669
27,    2239803,     19.0,     19.0,     19.0,     57.0,  9, 10, 11, 10,    2186672,    2186672,    2186672,    2186672
27,    2475650,     26.0,     26.0,     26.0,     74.0,  4,  5,  6,  6,    2475650,    2475650,    2475650,    2475650
27,    2239793,     20.0,     20.0,     19.0,     59.0,  9, 10, 12,  9,    2186669,    2186669,    2186669,    2186669
27,    2524139,     20.0,     20.0,     20.0,     59.0,  9, 10, 11,  9,    2371378,    2371378,    2371378,    2371378
27,    2578521,     52.0,     51.0,     51.0,    145.0,  4,  5,  6,  6,    1903685,    2578521,    1903685,    2578521
27,    1903690,     20.0,     20.0,     20.0,     58.0,  9, 10, 11,  9,    1934372,    1934372,    1934372,    1934372
27,    1903695,     47.0,     47.0,     47.0,    133.0,  4,  5,  6,  6,    1903695,    1903695,    1903695,    1903695
27,    3525454,     18.0,     18.0,     18.0,     52.0,  4,  5,  6,  4,    3525454,    3525454,    3525454,    3525454
27,    1903920,     20.0,     20.0,     20.0,     59.0,  9, 10, 11,  9,    1934522,    1934522,    1934522,    1934522
27,    2579147,     61.0,     61.0,     61.0,    179.0,  9, 10, 11,  9,    2186681,    2186681,    2186681,    2186681
27,    2579364,     30.0,     30.0,     30.0,     87.0,  4,  5,  6,  4,    2524230,    2524230,    2524230,    2524230
27,    2524230,     22.0,     22.0,     22.0,     63.0,  4,  5,  6,  4,    2524230,    2524230,    2524230,    2524230
27,    2524214,     39.0,     39.0,     39.0,    111.0,  4,  5,  6,  4,    2524214,    2524214,    2524214,    2524214
27,    2579348,     28.0,     28.0,     28.0,     82.0,  4,  5,  6,  4,    2524255,    2524255,    2524255,    2524255
27,    2524255,     22.0,     22.0,     22.0,     63.0,  4,  5,  6,  4,    2524255,    2524255,    2524255,    2524255
27,    2524265,     17.0,     17.0,     17.0,     48.0,  4,  5,  6,  6,    2524265,    2524265,    2524265,    2524265
27,    2524270,     18.0,     18.0,     18.0,     52.0,  4,  5,  6,  4,    2524270,    2524270,    2524270,    2524270
27,    2579394,     19.0,     19.0,     19.0,     55.0,  4,  5,  6,  4,    2524245,    2524245,    2524245,    2524245
27,    2579409,     17.0,     17.0,     17.0,     48.0,  4,  5,  6,  4,    2524245,    2524245,    2524245,    2524245
27,    2524245,     14.0,     14.0,     14.0,     42.0,  4,  5,  6,  4,    2524245,    2524245,    2524245,    2524245
27,    2579444,     13.0,     13.0,     13.0,     37.0,  4,  5,  6,  4,    2524295,    2524295,    2524295,    2524295
27,    2524295,     11.0,     11.0,     11.0,     33.0,  4,  5,  6,  4,    2524295,    2524295,    2524295,    2524295
27,    2524300,     11.0,     11.0,     11.0,     33.0,  4,  5,  6,  4,    2524295,    2524295,    2524295,    2524295
27,    2524310,     11.0,     11.0,     11.0,     33.0,  4,  5,  6,  4,    2524295,    2524295,    2524295,    2524295
27,    3525437,     15.0,     15.0,     15.0,     44.0,  4,  5,  6,  6,    3525437,    3525437,    3525437,    3525437
27,    2475645,     22.0,     23.0,     22.0,     64.0,  4,  5,  6,  6,    2475645,    2475645,    2475645,    2475645
27,    3612708,     25.0,     26.0,     25.0,     77.0,  9, 10, 11,  9,    2846700,    2846700,    2846700,    2846700
28,    2580315,     23.0,     23.0,     23.0,     66.0,  4,  5,  6,  6,    2524230,    2524230,    2524230,    2524230
28,    2239779,     71.0,     74.0,     70.0,    212.0, 12, 10, 12, 11,    2186677,    2186677,    2186677,    2186677
28,    2522946,     15.0,     15.0,     15.0,     43.0,  4,  5,  6,  6,    2522946,    2522946,    2522946,    2522946
28,    1903706,     43.0,     43.0,     42.0,    119.0,  4,  5,  6,  6,    1903705,    1903705,    1903705,    1903705
28,    2524230,     22.0,     22.0,     22.0,     63.0,  4,  5,  6,  4,    2524230,    2524230,    2524230,    2524230
28,    1899476,     25.0,     25.0,     25.0,     83.0, 12, 12, 12,  9,    1931587,    1931587,    1931587,    1931587
28,    1903982,     27.0,     28.0,     27.0,     77.0,  4,  5,  6,  6,    1903982,    1903982,    1903982,    1903982
28,    1903700,     20.0,     20.0,     20.0,     59.0,  9, 10, 11,  9,    1934377,    1934377,    1934377,    1934377
28,    1903719,     20.0,     20.0,     19.0,     58.0,  9, 10, 12, 10,    1934391,    1934391,    1934391,    1934391
28,    1903729,     20.0,     19.0,     20.0,     58.0,  9, 12, 11,  9,    1934394,    1934394,    1934394,    1934394
28,    2524202,     41.0,     41.0,     40.0,    113.0,  4,  5,  6,  6,    1903705,    1903705,    1903705,    1903705
28,    2524213,     20.0,     20.0,     20.0,     59.0,  9, 10, 11,  9,    1934407,    1934407,    1934407,    1934407
28,    1903783,     20.0,     20.0,     20.0,     59.0,  9, 10, 11,  9,    1934417,    1934417,    1934417,    1934417
28,    1903835,     20.0,     20.0,     20.0,     59.0,  9, 10, 11,  9,    1934471,    1934471,    1934471,    1934471
28,    1903860,     27.0,     28.0,     27.0,     80.0, 12, 10, 12,  6,    1934493,    1934493,    1934493,    1903860
28,    1903900,     20.0,     20.0,     19.0,     56.0,  4,  5,  6,  6,    1903900,    1903900,    1903900,    1903900
28,    1903976,     30.0,     30.0,     29.0,     84.0,  4,  5,  6,  6,    1903976,    1903976,    1903976,    1903976
28,    1904017,     18.0,     19.0,     18.0,     52.0,  4,  5,  6,  6,    1904017,    1904017,    1904017,    1904017
28,    1904379,     23.0,     23.0,     22.0,     65.0,  4,  5,  6,  6,    1904379,    1904379,    1904379,    1904379
28,    1904389,     21.0,     22.0,     21.0,     60.0,  4,  5,  6,  6,    1904384,    1904384,    1904384,    1904384
28,    1904394,     21.0,     22.0,     21.0,     60.0,  4,  5,  6,  6,    1904384,    1904384,    1904384,    1904384
28,    2581468,     28.0,     28.0,     27.0,     79.0,  4,  5,  6,  6,    1904037,    1904037,    1904037,    1904037
28,    1942936,     26.0,     26.0,     26.0,     77.0,  9, 10, 11,  9,    1953787,    1953787,    1953787,    1953787
28,    1942953,     26.0,     25.0,     26.0,     80.0, 12, 12, 12, 10,    1953791,    1953791,    1953791,    1953791
28,    1947095,     57.0,     57.0,     57.0,    165.0,  9, 10, 11, 10,    1956452,    1956452,    1956452,    1956452
28,    2372207,     44.0,     44.0,     44.0,    125.0,  4,  5,  6,  5,    2372207,    2372207,    2372207,    2372207
28,    2189612,     44.0,     44.0,     43.0,    124.0,  4,  5,  6,  6,    2189612,    2189612,    2189612,    2189612
28,    2239774,     19.0,     19.0,     19.0,     58.0,  9, 10, 11,  9,    2186663,    2186663,    2186663,    2186663
28,    2524115,     19.0,     19.0,     19.0,     58.0,  9, 10, 11,  9,    2371370,    2371370,    2371370,    2371370
28,    2580580,     20.0,     20.0,     19.0,     58.0,  9, 10, 12, 10,    2186669,    2186669,    2186669,    2186669
28,    2239803,     19.0,     19.0,     19.0,     57.0,  9, 10, 11, 10,    2186672,    2186672,    2186672,    2186672
28,    2475650,     26.0,     26.0,     26.0,     74.0,  4,  5,  6,  6,    2475650,    2475650,    2475650,    2475650
28,    2239793,     20.0,     20.0,     19.0,     59.0,  9, 10, 12,  9,    2186669,    2186669,    2186669,    2186669
28,    2524139,     20.0,     20.0,     20.0,     59.0,  9, 10, 11,  9,    2371378,    2371378,    2371378,    2371378
28,    2578521,     52.0,     52.0,     51.0,    145.0,  4,  5,  6,  6,    1903685,    1903685,    1903685,    2578521
28,    1903690,     20.0,     20.0,     20.0,     58.0,  9, 10, 11,  9,    1934372,    1934372,    1934372,    1934372
28,    1903695,     48.0,     48.0,     47.0,    133.0,  4,  5,  6,  6,    1903695,    1903695,    1903695,    1903695
28,    3525454,     18.0,     18.0,     18.0,     52.0,  4,  5,  6,  6,    3525454,    3525454,    3525454,    3525454
28,    1903920,     20.0,     20.0,     20.0,     59.0,  9, 10, 11,  9,    1934522,    1934522,    1934522,    1934522
28,    2579147,     61.0,     61.0,     61.0,    179.0,  9, 10, 11,  9,    2186681,    2186681,    2186681,    2186681
28,    2579364,     30.0,     30.0,     30.0,     87.0,  4,  5,  6,  4,    2524230,    2524230,    2524230,    2524230
28,    2524230,     22.0,     22.0,     22.0,     63.0,  4,  5,  6,  4,    2524230,    2524230,    2524230,    2524230
28,    2524214,     39.0,     39.0,     39.0,    111.0,  4,  5,  6,  4,    2524214,    2524214,    2524214,    2524214
28,    2579348,     28.0,     28.0,     28.0,     82.0,  4,  5,  6,  4,    2524255,    2524255,    2524255,    2524255
28,    2524255,     22.0,     22.0,     22.0,     63.0,  4,  5,  6,  4,    2524255,    2524255,    2524255,    2524255
28,    2524265,     17.0,     17.0,     17.0,     48.0,  4,  5,  6,  6,    2524265,    2524265,    2524265,    2524265
28,    2524270,     18.0,     18.0,     18.0,     52.0,  4,  5,  6,  4,    2524270,    2524270,    2524270,    2524270
28,    2579394,     19.0,     19.0,     19.0,     55.0,  4,  5,  6,  4,    2524245,    2524245,    2524245,    2524245
28,    2579409,     17.0,     17.0,     17.0,     48.0,  4,  5,  6,  4,    2524245,    2524245,    2524245,    2524245
28,    2524245,     14.0,     14.0,     14.0,     42.0,  4,  5,  6,  4,    2524245,    2524245,    2524245,    2524245
28,    2579444,     13.0,     13.0,     13.0,     37.0,  4,  5,  6,  4,    2524295,    2524295,    2524295,    2524295
28,    2524295,     11.0,     11.0,     11.0,     33.0,  4,  5,  6,  4,    2524295,    2524295,    2524295,    2524295
28,    2524300,     11.0,     11.0,     11.0,     32.0,  4,  5,  6,  6,    2524295,    2524295,    2524295,    2524300
28,    2524310,     11.0,     11.0,     11.0,     32.0,  4,  5,  6,  6,    2524295,    2524295,    2524295,    2524310
28,    3525437,     15.0,     16.0,     15.0,     44.0,  4,  5,  6,  6,    3525437,    3525437,    3525437,    3525437
28,    2475645,     23.0,     23.0,     22.0,     64.0,  4,  5,  6,  6,    2475645,    2475645,    2475645,    2475645
28,    3612708,     25.0,     26.0,     25.0,     77.0,  9, 10, 11,  9,    2846700,    2846700,    2846700,    2846700
29,    2580315,     23.0,     23.0,     23.0,     67.0,  4,  5,  6,  4,    2524230,    2524230,    2524230,    2524230
29,    2239779,     72.0,     73.0,     70.0,    212.0, 12, 10, 12, 10,    2186677,    2186677,    2186677,    2186677
29,    2522946,     15.0,     15.0,     15.0,     43.0,  4,  5,  6,  4,    2522946,    2522946,    2522946,    2522946
29,    1903706,     42.0,     42.0,     42.0,    119.0,  4,  5,  6,  6,    1903705,    1903705,    1903705,    1903705
29,    2524230,     22.0,     22.0,     22.0,     63.0,  4,  5,  6,  4,    2524230,    2524230,    2524230,    2524230
29,    1899476,     25.0,     25.0,     25.0,     81.0, 12, 12, 12,  9,    1931587,    1931587,    1931587,    1931587
29,    1903982,     27.0,     27.0,     27.0,     77.0,  4,  5,  6,  6,    1903982,    1903982,    1903982,    1903982
29,    1903700,     20.0,     20.0,     20.0,     59.0,  9, 10, 11,  9,    1934377,    1934377,    1934377,    1934377
29,    1903719,     20.0,     20.0,     19.0,     58.0,  9, 10, 12, 10,    1934391,    1934391,    1934391,    1934391
29,    1903729,     20.0,     20.0,     20.0,     58.0,  9, 10, 11,  9,    1934394,    1934394,    1934394,    1934394
29,    2524202,     40.0,     40.0,     40.0,    113.0,  4,  5,  6,  6,    1903705,    1903705,    1903705,    1903705
29,    2524213,     20.0,     20.0,     20.0,     59.0,  9, 10, 11,  9,    1934407,    1934407,    1934407,    1934407
29,    1903783,     20.0,     20.0,     20.0,     59.0,  9, 10, 11,  9,    1934417,    1934417,    1934417,    1934417
29,    1903835,     20.0,     20.0,     20.0,     59.0,  9, 10, 11,  9,    1934471,    1934471,    1934471,    1934471
29,    1903860,     27.0,     28.0,     27.0,     80.0, 12,  5, 12,  6,    1934493,    1903860,    1934493,    1903860
29,    1903900,     19.0,     19.0,     19.0,     55.0,  4,  5,  6,  6,    1903900,    1903900,    1903900,    1903900
29,    1903976,     30.0,     30.0,     29.0,     84.0,  4,  5,  6,  6,    1903976,    1903976,    1903976,    1903976
29,    1904017,     18.0,     18.0,     18.0,     52.0,  4,  5,  6,  6,    1904017,    1904017,    1904017,    1904017
29,    1904379,     23.0,     23.0,     22.0,     64.0,  4,  5,  6,  6,    1904379,    1904374,    1904379,    1904379
29,    1904389,     21.0,     21.0,     21.0,     60.0,  4,  5,  6,  6,    1904384,    1904384,    1904384,    1904384
29,    1904394,     21.0,     21.0,     21.0,     60.0,  4,  5,  6,  6,    1904384,    1904384,    1904384,    1904384
29,    2581468,     28.0,     28.0,     27.0,     78.0,  4,  5,  6,  6,    1904037,    1904037,    1904037,    1904037
29,    1942936,     26.0,     26.0,     26.0,     77.0,  9, 10, 11,  9,    1953787,    1953787,    1953787,    1953787
29,    1942953,     26.0,     26.0,     26.0,     81.0, 12, 12, 12,  9,    1953791,    1953791,    1953791,    1953791
29,    1947095,     57.0,     57.0,     57.0,    165.0,  9, 10, 11, 10,    1956452,    1956452,    1956452,    1956452
29,    2372207,     44.0,     44.0,     44.0,    125.0,  4,  5,  6,  5,    2372207,    2372207,    2372207,    2372207
29,    2189612,     44.0,     44.0,     43.0,    124.0,  4,  5,  6,  6,    2189612,    2189612,    2189612,    2189612
29,    2239774,     19.0,     19.0,     19.0,     58.0,  9, 10, 11,  9,    2186663,    2186663,    2186663,    2186663
29,    2524115,     19.0,     19.0,     19.0,     58.0,  9, 10, 11,  9,    2371370,    2371370,    2371370,    2371370
29,    2580580,     20.0,     20.0,     19.0,     58.0,  9, 10, 12, 10,    2186669,    2186669,    2186669,    2186669
29,    2239803,     19.0,     19.0,     19.0,     57.0,  9, 10, 11, 10,    2186672,    2186672,    2186672,    2186672
29,    2475650,     26.0,     26.0,     26.0,     74.0,  4,  5,  6,  5,    2475650,    2475650,    2475650,    2475650
29,    2239793,     20.0,     20.0,     19.0,     59.0,  9, 10, 12, 10,    2186669,    2186669,    2186669,    2186669
29,    2524139,     20.0,     20.0,     20.0,     59.0,  9, 10, 11,  9,    2371378,    2371378,    2371378,    2371378
29,    2578521,     52.0,     51.0,     51.0,    145.0,  4,  5,  6,  6,    1903685,    1903685,    1903685,    2578521
29,    1903690,     20.0,     20.0,     20.0,     58.0,  9, 10, 11,  9,    1934372,    1934372,    1934372,    1934372
29,    1903695,     47.0,     47.0,     47.0,    133.0,  4,  5,  6,  6,    1903695,    1903695,    1903695,    1903695
29,    3525454,     18.0,     18.0,     18.0,     52.0,  4,  5,  6,  5,    3525454,    3525454,    3525454,    3525454
29,    1903920,     20.0,     20.0,     20.0,     59.0,  9, 10, 11,  9,    1934522,    1934522,    1934522,    1934522
29,    2579147,     61.0,     61.0,     61.0,    179.0,  9, 10, 11,  9,    2186681,    2186681,    2186681,    2186681
29,    2579364,     30.0,     30.0,     30.0,     87.0,  4,  5,  6,  4,    2524230,    2524230,    2524230,    2524230
29,    2524230,     22.0,     22.0,     22.0,     63.0,  4,  5,  6,  4,    2524230,    2524230,    2524230,    2524230
29,    2524214,     39.0,     39.0,     39.0,    111.0,  4,  5,  6,  4,    2524214,    2524214,    2524214,    2524214
29,    2579348,     28.0,     28.0,     28.0,     82.0,  4,  5,  6,  4,    2524255,    2524255,    2524255,    2524255
29,    2524255,     22.0,     22.0,     22.0,     63.0,  4,  5,  6,  5,    2524255,    2524255,    2524255,    2524255
29,    2524265,     17.0,     17.0,     17.0,     49.0,  4,  5,  6,  4,    2524265,    2524265,    2524265,    2524265
29,    2524270,     18.0,     18.0,     18.0,     52.0,  4,  5,  6,  4,    2524270,    2524270,    2524270,    2524270
29,    2579394,     19.0,     19.0,     19.0,     55.0,  4,  5,  6,  4,    2524245,    2524245,    2524245,    2524245
29,    2579409,     17.0,     17.0,     17.0,     48.0,  4,  5,  6,  4,    2524245,    2524245,    2524245,    2524245
29,    2524245,     14.0,     14.0,     14.0,     42.0,  4,  5,  6,  4,    2524245,    2524245,    2524245,    2524245
29,    2579444,     13.0,     13.0,     13.0,     37.0,  4,  5,  6,  4,    2524295,    2524295,    2524295,    2524295
29,    2524295,     11.0,     11.0,     11.0,     33.0,  4,  5,  6,  4,    2524295,    2524295,    2524295,    2524295
29,    2524300,     11.0,     11.0,     11.0,     33.0,  4,  5,  6,  4,    2524295,    2524295,    2524295,    2524295
29,    2524310,     11.0,     11.0,     11.0,     33.0,  4,  5,  6,  4,    2524295,    2524295,    2524295,    2524295
29,    3525437,     15.0,     15.0,     15.0,     44.0,  4,  5,  6,  5,    3525437,    3525437,    3525437,    3525437
29,    2475645,     22.0,     22.0,     22.0,     64.0,  4,  5,  6,  6,    2475645,    2475645,    2475645,    2475645
29,    3612708,     25.0,     26.0,     25.0,     77.0,  9, 10, 11,  9,    2846700,    2846700,    2846700,    2846700
30,    2580315,     23.0,     23.0,     23.0,     67.0,  4,  5,  6,  4,    2524230,    2524230,    2524230,    2524230
30,    2239779,     72.0,     73.0,     70.0,    210.0, 12, 10, 12, 11,    2186677,    2186677,    2186677,    2186677
30,    2522946,     15.0,     15.0,     15.0,     42.0,  4,  5,  6,  6,    2522946,    2522946,    2522946,    2522946
30,    1903706,     42.0,     42.0,     41.0,    118.0,  4,  5,  6,  6,    1903705,    1903705,    1903705,    1903705
30,    2524230,     22.0,     22.0,     22.0,     63.0,  4,  5,  6,  4,    2524230,    2524230,    2524230,    2524230
30,    1899476,     25.0,     25.0,     25.0,     76.0,  9, 10, 11,  9,    1931587,    1931587,    1931587,    1931587
30,    1903982,     27.0,     27.0,     27.0,     76.0,  4,  5,  6,  6,    1903982,    1903982,    1903982,    1903982
30,    1903700,     20.0,     20.0,     20.0,     59.0,  9, 10, 11,  9,    1934377,    1934377,    1934377,    1934377
30,    1903719,     20.0,     20.0,     19.0,     58.0,  9, 10, 12, 10,    1934391,    1934391,    1934391,    1934391
30,    1903729,     20.0,     20.0,     20.0,     58.0,  9, 10, 11,  9,    1934394,    1934394,    1934394,    1934394
30,    2524202,     40.0,     40.0,     39.0,    113.0,  4,  5,  6,  6,    1903705,    1903705,    1903705,    1903705
30,    2524213,     20.0,     20.0,     20.0,     59.0,  9, 10, 11,  9,    1934407,    1934407,    1934407,    1934407
30,    1903783,     20.0,     20.0,     20.0,     59.0,  9, 10, 11,  9,    1934417,    1934417,    1934417,    1934417
30,    1903835,     20.0,     20.0,     20.0,     59.0,  9, 10, 11,  9,    1934471,    1934471,    1934471,    1934471
30,    1903860,     27.0,     28.0,     27.0,     79.0, 12,  5, 12,  6,    1934493,    1903860,    1934493,    1903860
30,    1903900,     19.0,     19.0,     19.0,     55.0,  4,  5,  6,  6,    1903900,    1903900,    1903900,    1903900
30,    1903976,     30.0,     30.0,     29.0,     83.0,  4,  5,  6,  6,    1903976,    1903976,    1903976,    1903976
30,    1904017,     18.0,     18.0,     18.0,     51.0,  4,  5,  6,  6,    1904017,    1904017,    1904017,    1904017
30,    1904379,     23.0,     23.0,     22.0,     64.0,  4,  5,  6,  6,    1904374,    1904379,    1904379,    1904379
30,    1904389,     21.0,     21.0,     21.0,     59.0,  4,  5,  6,  6,    1904384,    1904384,    1904384,    1904384
30,    1904394,     21.0,     21.0,     21.0,     59.0,  4,  5,  6,  6,    1904384,    1904384,    1904384,    1904384
30,    2581468,     28.0,     28.0,     27.0,     78.0,  4,  5,  6,  6,    1904037,    1904037,    1904037,    1904037
30,    1942936,     26.0,     26.0,     26.0,     77.0,  9, 10, 11,  9,    1953787,    1953787,    1953787,    1953787
30,    1942953,     26.0,     26.0,     25.0,     80.0, 12, 12, 12, 10,    1953791,    1953791,    1953791,    1953791
30,    1947095,     57.0,     57.0,     57.0,    165.0,  9, 10, 11, 10,    1956452,    1956452,    1956452,    1956452
30,    2372207,     44.0,     44.0,     44.0,    125.0,  4,  5,  6,  6,    2372207,    2372207,    2372207,    2372207
30,    2189612,     44.0,     44.0,     44.0,    125.0,  4,  5,  6,  4,    2189612,    2189612,    2189612,    2189612
30,    2239774,     19.0,     19.0,     19.0,     58.0,  9, 10, 11,  9,    2186663,    2186663,    2186663,    2186663
30,    2524115,     19.0,     19.0,     19.0,     58.0,  9, 10, 11,  9,    2371370,    2371370,    2371370,    2371370
30,    2580580,     20.0,     20.0,     19.0,     58.0,  9, 10, 12, 10,    2186669,    2186669,    2186669,    2186669
30,    2239803,     19.0,     19.0,     19.0,     57.0,  9, 10, 11, 10,    2186672,    2186672,    2186672,    2186672
30,    2475650,     26.0,     26.0,     25.0,     73.0,  4,  5,  6,  6,    2475650,    2475650,    2475650,    2475650
30,    2239793,     20.0,     20.0,     19.0,     59.0,  9, 10, 12,  9,    2186669,    2186669,    2186669,    2186669
30,    2524139,     20.0,     20.0,     20.0,     59.0,  9, 10, 11,  9,    2371378,    2371378,    2371378,    2371378
30,    2578521,     52.0,     51.0,     51.0,    144.0,  4,  5,  6,  6,    1903685,    2578521,    1903685,    2578521
30,    1903690,     20.0,     20.0,     20.0,     58.0,  9, 10, 11,  9,    1934372,    1934372,    1934372,    1934372
30,    1903695,     47.0,     47.0,     47.0,    133.0,  4,  5,  6,  6,    1903695,    1903695,    1903695,    1903695
30,    3525454,     18.0,     18.0,     18.0,     51.0,  4,  5,  6,  6,    3525454,    3525454,    3525454,    3525454
30,    1903920,     20.0,     20.0,     20.0,     59.0,  9, 10, 11,  9,    1934522,    1934522,    1934522,    1934522
30,    2579147,     61.0,     61.0,     61.0,    179.0,  9, 10, 11,  9,    2186681,    2186681,    2186681,    2186681
30,    2579364,     30.0,     30.0,     30.0,     87.0,  4,  5,  6,  4,    2524230,    2524230,    2524230,    2524230
30,    2524230,     22.0,     22.0,     22.0,     63.0,  4,  5,  6,  4,    2524230,    2524230,    2524230,    2524230
30,    2524214,     39.0,     39.0,     39.0,    111.0,  4,  5,  6,  5,    2524214,    2524214,    2524214,    2524214
30,    2579348,     29.0,     28.0,     28.0,     82.0,  4,  5,  6,  4,    2524255,    2524255,    2524255,    2524255
30,    2524255,     22.0,     22.0,     22.0,     64.0,  4,  5,  6,  4,    2524255,    2524255,    2524255,    2524255
30,    2524265,     17.0,     17.0,     17.0,     49.0,  4,  5,  6,  4,    2524265,    2524265,    2524265,    2524265
30,    2524270,     18.0,     18.0,     18.0,     52.0,  4,  5,  6,  4,    2524270,    2524270,    2524270,    2524270
30,    2579394,     19.0,     19.0,     19.0,     55.0,  4,  5,  6,  4,    2524245,    2524245,    2524245,    2524245
30,    2579409,     17.0,     17.0,     17.0,     48.0,  4,  5,  6,  4,    2524245,    2524245,    2524245,    2524245
30,    2524245,     14.0,     14.0,     14.0,     42.0,  4,  5,  6,  4,    2524245,    2524245,    2524245,    2524245
30,    2579444,     13.0,     13.0,     13.0,     37.0,  4,  5,  6,  4,    2524295,    2524295,    2524295,    2524295
30,    2524295,     11.0,     11.0,     11.0,     33.0,  4,  5,  6,  4,    2524295,    2524295,    2524295,    2524295
30,    2524300,     11.0,     11.0,     11.0,     33.0,  4,  5,  6,  4,    2524295,    2524295,    2524295,    2524295
30,    2524310,     11.0,     11.0,     11.0,     33.0,  4,  5,  6,  4,    2524295,    2524295,    2524295,    2524295
30,    3525437,     15.0,     15.0,     15.0,     44.0,  4,  5,  6,  4,    3525437,    3525437,    3525437,    3525437
30,    2475645,     22.0,     23.0,     22.0,     64.0,  4,  5,  6,  6,    2475645,    2475645,    2475645,    2475645
30,    3612708,     25.0,     26.0,     25.0,     77.0,  9, 10, 11,  9,    2846700,    2846700,    2846700,    2846700
31,    2580315,     23.0,     23.0,     23.0,     67.0,  4,  5,  6,  4,    2524230,    2524230,    2524230,    2524230
31,    2239779,     71.0,     73.0,     70.0,    211.0, 12, 10, 12, 11,    2186677,    2186677,    2186677,    2186677
31,    2522946,     15.0,     15.0,     15.0,     43.0,  4,  5,  6,  4,    2522946,    2522946,    2522946,    2522946
31,    1903706,     42.0,     42.0,     41.0,    118.0,  4,  5,  6,  6,    1903705,    1903706,    1903705,    1903705
31,    2524230,     22.0,     22.0,     22.0,     63.0,  4,  5,  6,  4,    2524230,    2524230,    2524230,    2524230
31,    1899476,     25.0,     25.0,     25.0,     76.0,  9, 10, 11,  9,    1931587,    1931587,    1931587,    1931587
31,    1903982,     27.0,     27.0,     27.0,     76.0,  4,  5,  6,  6,    1903982,    1903982,    1903982,    1903982
31,    1903700,     20.0,     20.0,     20.0,     59.0,  9, 10, 11,  9,    1934377,    1934377,    1934377,    1934377
31,    1903719,     20.0,     20.0,     20.0,     58.0,  9, 10, 11, 10,    1934391,    1934391,    1934391,    1934391
31,    1903729,     20.0,     19.0,     20.0,     58.0,  9, 12, 11,  9,    1934394,    1934394,    1934394,    1934394
31,    2524202,     40.0,     40.0,     39.0,    113.0,  4,  5,  6,  6,    1903705,    1903705,    1903705,    1903705
31,    2524213,     20.0,     20.0,     20.0,     59.0,  9, 10, 11,  9,    1934407,    1934407,    1934407,    1934407
31,    1903783,     20.0,     20.0,     20.0,     59.0,  9, 10, 11,  9,    1934417,    1934417,    1934417,    1934417
31,    1903835,     20.0,     20.0,     20.0,     59.0,  9, 10, 11,  9,    1934471,    1934471,    1934471,    1934471
31,    1903860,     27.0,     28.0,     27.0,     80.0, 12, 10, 12,  6,    1934493,    1934493,    1934493,    1903860
31,    1903900,     19.0,     20.0,     19.0,     55.0,  4,  5,  6,  6,    1903900,    1903900,    1903900,    1903900
31,    1903976,     30.0,     30.0,     29.0,     83.0,  4,  5,  6,  6,    1903976,    1903976,    1903976,    1903976
31,    1904017,     18.0,     18.0,     18.0,     51.0,  4,  5,  6,  6,    1904017,    1904017,    1904017,    1904017
31,    1904379,     22.0,     23.0,     22.0,     64.0,  4,  5,  6,  6,    1904379,    1904379,    1904379,    1904379
31,    1904389,     21.0,     21.0,     21.0,     59.0,  4,  5,  6,  6,    1904384,    1904384,    1904384,    1904384
31,    1904394,     21.0,     21.0,     21.0,     59.0,  4,  5,  6,  6,    1904384,    1904384,    1904384,    1904384
31,    2581468,     28.0,     28.0,     27.0,     78.0,  4,  5,  6,  6,    1904037,    1904037,    1904037,    1904037
31,    1942936,     26.0,     26.0,     26.0,     77.0,  9, 10, 11,  9,    1953787,    1953787,    1953787,    1953787
31,    1942953,     26.0,     26.0,     26.0,     81.0, 12, 12, 12, 10,    1953791,    1953791,    1953791,    1953791
31,    1947095,     58.0,     56.0,     56.0,    165.0,  9, 12, 12, 10,    1956452,    1956452,    1956452,    1956452
31,    2372207,     46.0,     44.0,     44.0,    126.0,  4,  5,  6,  5,    2372207,    2372207,    2372207,    2372207
31,    2189612,     45.0,     44.0,     44.0,    125.0,  4,  5,  6,  5,    2189612,    2189612,    2189612,    2189612
31,    2239774,     19.0,     19.0,     19.0,     58.0,  9, 10, 11,  9,    2186663,    2186663,    2186663,    2186663
31,    2524115,     19.0,     19.0,     19.0,     58.0,  9, 10, 11,  9,    2371370,    2371370,    2371370,    2371370
31,    2580580,     20.0,     20.0,     19.0,     58.0,  9, 10, 12, 10,    2186669,    2186669,    2186669,    2186669
31,    2239803,     19.0,     19.0,     19.0,     57.0,  9, 10, 11, 10,    2186672,    2186672,    2186672,    2186672
31,    2475650,     26.0,     26.0,     25.0,     73.0,  4,  5,  6,  6,    2475650,    2475650,    2475650,    2475650
31,    2239793,     20.0,     20.0,     19.0,     59.0,  9, 10, 12,  9,    2186669,    2186669,    2186669,    2186669
31,    2524139,     20.0,     20.0,     20.0,     59.0,  9, 10, 11,  9,    2371378,    2371378,    2371378,    2371378
31,    2578521,     52.0,     52.0,     51.0,    145.0,  4,  5,  6,  6,    1903685,    1903685,    1903685,    1903685
31,    1903690,     20.0,     20.0,     20.0,     58.0,  9, 10, 11,  9,    1934372,    1934372,    1934372,    1934372
31,    1903695,     47.0,     48.0,     47.0,    133.0,  4,  5,  6,  6,    1903695,    1903695,    1903695,    1903695
31,    3525454,     18.0,     18.0,     18.0,     52.0,  4,  5,  6,  4,    3525454,    3525454,    3525454,    3525454
31,    1903920,     20.0,     20.0,     20.0,     59.0,  9, 10, 11,  9,    1934522,    1934522,    1934522,    1934522
31,    2579147,     61.0,     61.0,     61.0,    179.0,  9, 10, 11,  9,    2186681,    2186681,    2186681,    2186681
31,    2579364,     30.0,     30.0,     30.0,     87.0,  4,  5,  6,  4,    2524230,    2524230,    2524230,    2524230
31,    2524230,     22.0,     22.0,     22.0,     63.0,  4,  5,  6,  4,    2524230,    2524230,    2524230,    2524230
31,    2524214,     39.0,     39.0,     39.0,    111.0,  4,  5,  6,  5,    2524214,    2524214,    2524214,    2524214
31,    2579348,     29.0,     28.0,     28.0,     82.0,  4,  5,  6,  4,    2524255,    2524255,    2524255,    2524255
31,    2524255,     22.0,     22.0,     22.0,     64.0,  4,  5,  6,  4,    2524255,    2524255,    2524255,    2524255
31,    2524265,     17.0,     17.0,     17.0,     49.0,  4,  5,  6,  4,    2524265,    2524265,    2524265,    2524265
31,    2524270,     18.0,     18.0,     18.0,     52.0,  4,  5,  6,  4,    2524270,    2524270,    2524270,    2524270
31,    2579394,     19.0,     19.0,     19.0,     55.0,  4,  5,  6,  4,    2524245,    2524245,    2524245,    2524245
31,    2579409,     17.0,     17.0,     17.0,     48.0,  4,  5,  6,  4,    2524245,    2524245,    2524245,    2524245
31,    2524245,     14.0,     14.0,     14.0,     42.0,  4,  5,  6,  4,    2524245,    2524245,    2524245,    2524245
31,    2579444,     13.0,     13.0,     13.0,     37.0,  4,  5,  6,  4,    2524295,    2524295,    2524295,    2524295
31,    2524295,     11.0,     11.0,     11.0,     33.0,  4,  5,  6,  4,    2524295,    2524295,    2524295,    2524295
31,    2524300,     11.0,     11.0,     11.0,     33.0,  4,  5,  6,  4,    2524295,    2524295,    2524295,    2524295
31,    2524310,     11.0,     11.0,     11.0,     33.0,  4,  5,  6,  4,    2524295,    2524295,    2524295,    2524295
31,    3525437,     15.0,     16.0,     15.0,     44.0,  4,  5,  6,  4,    3525437,    3525437,    3525437,    3525437
31,    2475645,     22.0,     23.0,     22.0,     64.0,  4,  5,  6,  6,    2475645,    2475645,    2475645,    2475645
31,    3612708,     25.0,     26.0,     25.0,     77.0,  9, 10, 11,  9,    2846700,    2846700,    2846700,    2846700
32,    2580315,     23.0,     23.0,     23.0,     67.0,  4,  5,  6,  4,    2524230,    2524230,    2524230,    2524230
32,    2239779,     71.0,     74.0,     70.0,    211.0, 12, 10, 12, 11,    2186677,    2186677,    2186677,    2186677
32,    2522946,     15.0,     15.0,     15.0,     43.0,  4,  5,  6,  6,    2522946,    2522946,    2522946,    2522946
32,    1903706,     42.0,     43.0,     42.0,    119.0,  4,  5,  6,  6,    1903705,    1903705,    1903705,    1903705
32,    2524230,     22.0,     22.0,     22.0,     63.0,  4,  5,  6,  4,    2524230,    2524230,    2524230,    2524230
32,    1899476,     25.0,     25.0,     25.0,     76.0,  9, 10, 11,  9,    1931587,    1931587,    1931587,    1931587
32,    1903982,     27.0,     27.0,     27.0,     77.0,  4,  5,  6,  6,    1903982,    1903982,    1903982,    1903982
32,    1903700,     20.0,     20.0,     20.0,     59.0,  9, 10, 11,  9,    1934377,    1934377,    1934377,    1934377
32,    1903719,     20.0,     20.0,     20.0,     58.0,  9, 10, 11, 10,    1934391,    1934391,    1934391,    1934391
32,    1903729,     20.0,     19.0,     20.0,     58.0,  9, 12, 11,  9,    1934394,    1934394,    1934394,    1934394
32,    2524202,     40.0,     40.0,     40.0,    113.0,  4,  5,  6,  6,    1903705,    2524202,    1903705,    1903705
32,    2524213,     20.0,     20.0,     20.0,     59.0,  9, 10, 11,  9,    1934407,    1934407,    1934407,    1934407
32,    1903783,     20.0,     20.0,     20.0,     59.0,  9, 10, 11,  9,    1934417,    1934417,    1934417,    1934417
32,    1903835,     20.0,     20.0,     20.0,     59.0,  9, 10, 11,  9,    1934471,    1934471,    1934471,    1934471
32,    1903860,     27.0,     28.0,     27.0,     80.0, 12, 10, 12,  6,    1934493,    1934493,    1934493,    1903860
32,    1903900,     19.0,     20.0,     19.0,     55.0,  4,  5,  6,  6,    1903900,    1903900,    1903900,    1903900
32,    1903976,     30.0,     30.0,     29.0,     84.0,  4,  5,  6,  6,    1903976,    1903976,    1903976,    1903976
32,    1904017,     18.0,     18.0,     18.0,     52.0,  4,  5,  6,  6,    1904017,    1904017,    1904017,    1904017
32,    1904379,     23.0,     23.0,     22.0,     64.0,  4,  5,  6,  6,    1904379,    1904379,    1904379,    1904379
32,    1904389,     21.0,     21.0,     21.0,     60.0,  4,  5,  6,  6,    1904384,    1904384,    1904384,    1904384
32,    1904394,     21.0,     21.0,     21.0,     60.0,  4,  5,  6,  6,    1904384,    1904384,    1904384,    1904384
32,    2581468,     28.0,     28.0,     27.0,     78.0,  4,  5,  6,  6,    1904037,    1904037,    1904037,    1904037
32,    1942936,     26.0,     26.0,     26.0,     77.0,  9, 10, 11,  9,    1953787,    1953787,    1953787,    1953787
32,    1942953,     26.0,     26.0,     25.0,     80.0, 12, 12, 12, 11,    1953791,    1953791,    1953791,    1953791
32,    1947095,     57.0,     57.0,     57.0,    165.0,  9, 10, 11,  9,    1956452,    1956452,    1956452,    1956452
32,    2372207,     46.0,     44.0,     44.0,    126.0,  4,  5,  6,  5,    2372207,    2372207,    2372207,    2372207
32,    2189612,     46.0,     44.0,     44.0,    125.0,  4,  5,  6,  5,    2189612,    2189612,    2189612,    2189612
32,    2239774,     19.0,     20.0,     19.0,     58.0,  9, 10, 11,  9,    2186663,    2186663,    2186663,    2186663
32,    2524115,     19.0,     19.0,     19.0,     58.0,  9, 10, 11,  9,    2371370,    2371370,    2371370,    2371370
32,    2580580,     20.0,     20.0,     19.0,     58.0,  9, 10, 12, 10,    2186669,    2186669,    2186669,    2186669
32,    2239803,     19.0,     19.0,     19.0,     57.0,  9, 10, 11, 10,    2186672,    2186672,    2186672,    2186672
32,    2475650,     26.0,     26.0,     26.0,     74.0,  4,  5,  6,  6,    2475650,    2475650,    2475650,    2475650
32,    2239793,     20.0,     20.0,     19.0,     59.0,  9, 10, 12,  9,    2186669,    2186669,    2186669,    2186669
32,    2524139,     20.0,     20.0,     20.0,     59.0,  9, 10, 11,  9,    2371378,    2371378,    2371378,    2371378
32,    2578521,     52.0,     52.0,     51.0,    145.0,  4,  5,  6,  6,    1903685,    1903685,    1903685,    2578521
32,    1903690,     20.0,     20.0,     20.0,     58.0,  9, 10, 11,  9,    1934372,    1934372,    1934372,    1934372
32,    1903695,     48.0,     48.0,     47.0,    133.0,  4,  5,  6,  6,    1903695,    1903695,    1903695,    1903695
32,    3525454,     18.0,     18.0,     18.0,     52.0,  4,  5,  6,  6,    3525454,    3525454,    3525454,    3525454
32,    1903920,     20.0,     20.0,     20.0,     59.0,  9, 10, 11,  9,    1934522,    1934522,    1934522,    1934522
32,    2579147,     61.0,     61.0,     61.0,    179.0,  9, 10, 11,  9,    2186681,    2186681,    2186681,    2186681
32,    2579364,     30.0,     30.0,     30.0,     87.0,  4,  5,  6,  4,    2524230,    2524230,    2524230,    2524230
32,    2524230,     22.0,     22.0,     22.0,     63.0,  4,  5,  6,  4,    2524230,    2524230,    2524230,    2524230
32,    2524214,     39.0,     39.0,     39.0,    111.0,  4,  5,  6,  5,    2524214,    2524214,    2524214,    2524214
32,    2579348,     29.0,     28.0,     28.0,     82.0,  4,  5,  6,  4,    2524255,    2524255,    2524255,    2524255
32,    2524255,     22.0,     22.0,     22.0,     64.0,  4,  5,  6,  4,    2524255,    2524255,    2524255,    2524255
32,    2524265,     17.0,     17.0,     17.0,     49.0,  4,  5,  6,  4,    2524265,    2524265,    2524265,    2524265
32,    2524270,     18.0,     18.0,     18.0,     52.0,  4,  5,  6,  4,    2524270,    2524270,    2524270,    2524270
32,    2579394,     19.0,     19.0,     19.0,     55.0,  4,  5,  6,  4,    2524245,    2524245,    2524245,    2524245
32,    2579409,     17.0,     17.0,     17.0,     48.0,  4,  5,  6,  4,    2524245,    2524245,    2524245,    2524245
32,    2524245,     14.0,     14.0,     14.0,     42.0,  4,  5,  6,  4,    2524245,    2524245,    2524245,    2524245
32,    2579444,     13.0,     13.0,     13.0,     37.0,  4,  5,  6,  4,    2524295,    2524295,    2524295,    2524295
32,    2524295,     11.0,     11.0,     11.0,     33.0,  4,  5,  6,  4,    2524295,    2524295,    2524295,    2524295
32,    2524300,     11.0,     11.0,     11.0,     33.0,  4,  5,  6,  4,    2524295,    2524295,    2524295,    2524295
32,    2524310,     11.0,     11.0,     11.0,     33.0,  4,  5,  6,  4,    2524295,    2524295,    2524295,    2524295
32,    3525437,     15.0,     15.0,     15.0,     44.0,  4,  5,  6,  6,    3525437,    3525437,    3525437,    3525437
32,    2475645,     23.0,     23.0,     22.0,     64.0,  4,  5,  6,  6,    2475645,    2475645,    2475645,    2475645
32,    3612708,     25.0,     26.0,     25.0,     76.0,  9, 10, 12,  9,    2846700,    2846700,    2846700,    2846700
33,    2580315,     23.0,     23.0,     23.0,     67.0,  4,  5,  6,  4,    2524230,    2524230,    2524230,    2524230
33,    2239779,     70.0,     74.0,     71.0,    212.0, 12, 10, 12,  9,    2186677,    2186677,    2186677,    2186677
33,    2522946,     15.0,     16.0,     15.0,     43.0,  4,  5,  6,  4,    2522946,    2522946,    2522946,    2522946
33,    1903706,     42.0,     43.0,     42.0,    119.0,  4,  5,  6,  6,    1903705,    1903705,    1903705,    1903705
33,    2524230,     22.0,     22.0,     22.0,     63.0,  4,  5,  6,  4,    2524230,    2524230,    2524230,    2524230
33,    1899476,     25.0,     25.0,     25.0,     76.0,  9, 10, 11,  9,    1931587,    1931587,    1931587,    1931587
33,    1903982,     27.0,     28.0,     27.0,     77.0,  4,  5,  6,  4,    1903982,    1903982,    1903982,    1903982
33,    1903700,     20.0,     20.0,     20.0,     59.0,  9, 10, 11,  9,    1934377,    1934377,    1934377,    1934377
33,    1903719,     20.0,     20.0,     20.0,     58.0,  9, 10, 11, 10,    1934391,    1934391,    1934391,    1934391
33,    1903729,     20.0,     20.0,     20.0,     58.0,  9, 10, 11,  9,    1934394,    1934394,    1934394,    1934394
33,    2524202,     40.0,     41.0,     40.0,    113.0,  4,  5,  6,  6,    1903705,    1903705,    1903705,    1903705
33,    2524213,     20.0,     20.0,     20.0,     59.0,  9, 10, 11,  9,    1934407,    1934407,    1934407,    1934407
33,    1903783,     20.0,     20.0,     20.0,     59.0,  9, 10, 11,  9,    1934417,    1934417,    1934417,    1934417
33,    1903835,     20.0,     20.0,     20.0,     59.0,  9, 10, 11,  9,    1934471,    1934471,    1934471,    1934471
33,    1903860,     27.0,     27.0,     28.0,     80.0, 12, 12,  6,  6,    1934493,    1934493,    1903860,    1903860
33,    1903900,     19.0,     20.0,     19.0,     56.0,  4,  5,  6,  4,    1903900,    1903900,    1903900,    1903900
33,    1903976,     29.0,     31.0,     29.0,     84.0,  4,  5,  6,  4,    1903976,    1903976,    1903976,    1903976
33,    1904017,     18.0,     19.0,     18.0,     52.0,  4,  5,  6,  4,    1904017,    1904017,    1904017,    1904017
33,    1904379,     22.0,     23.0,     22.0,     64.0,  4,  5,  6,  6,    1904379,    1904379,    1904379,    1904379
33,    1904389,     21.0,     22.0,     21.0,     60.0,  4,  5,  6,  4,    1904384,    1904384,    1904384,    1904384
33,    1904394,     21.0,     22.0,     21.0,     60.0,  4,  5,  6,  4,    1904384,    1904384,    1904384,    1904384
33,    2581468,     28.0,     29.0,     27.0,     78.0,  4,  5,  6,  6,    1904037,    1904037,    1904037,    1904037
33,    1942936,     26.0,     26.0,     26.0,     77.0,  9, 10, 11,  9,    1953787,    1953787,    1953787,    1953787
33,    1942953,     26.0,     23.0,     28.0,     81.0, 12, 12, 12, 10,    1953791,    1953791,    1953791,    1953791
33,    1947095,     59.0,     56.0,     56.0,    165.0,  9, 12, 12, 10,    1956452,    1956452,    1956452,    1956452
33,    2372207,     46.0,     44.0,     44.0,    126.0,  4,  5,  6,  5,    2372207,    2372207,    2372207,    2372207
33,    2189612,     46.0,     44.0,     44.0,    125.0,  4,  5,  6,  5,    2189612,    2189612,    2189612,    2189612
33,    2239774,     19.0,     20.0,     19.0,     58.0,  9, 10, 11,  9,    2186663,    2186663,    2186663,    2186663
33,    2524115,     19.0,     19.0,     19.0,     57.0,  9, 10, 11, 10,    2371370,    2371370,    2371370,    2371370
33,    2580580,     20.0,     20.0,     19.0,     58.0,  9, 10, 12, 10,    2186669,    2186669,    2186669,    2186669
33,    2239803,     19.0,     19.0,     20.0,     57.0,  9, 10, 11, 10,    2186672,    2186672,    2186672,    2186672
33,    2475650,     26.0,     27.0,     26.0,     74.0,  4,  5,  6,  6,    2475650,    2475650,    2475650,    2475650
33,    2239793,     20.0,     20.0,     19.0,     58.0,  9, 10, 12, 10,    2186669,    2186669,    2186669,    2186669
33,    2524139,     19.0,     21.0,     20.0,     59.0, 12, 10, 11,  9,    2371378,    2371378,    2371378,    2371378
33,    2578521,     52.0,     53.0,     51.0,    145.0,  4,  5,  6,  6,    1903685,    1903685,    1903685,    2578521
33,    1903690,     20.0,     20.0,     20.0,     58.0,  9, 10, 11,  9,    1934372,    1934372,    1934372,    1934372
33,    1903695,     47.0,     48.0,     47.0,    134.0,  4,  5,  6,  6,    1903695,    1903695,    1903695,    1903695
33,    3525454,     18.0,     19.0,     18.0,     52.0,  4,  5,  6,  4,    3525454,    3525454,    3525454,    3525454
33,    1903920,     20.0,     20.0,     20.0,     59.0,  9, 10, 11,  9,    1934522,    1934522,    1934522,    1934522
33,    2579147,     61.0,     61.0,     61.0,    179.0,  9, 10, 11,  9,    2186681,    2186681,    2186681,    2186681
33,    2579364,     30.0,     30.0,     30.0,     87.0,  4,  5,  6,  4,    2524230,    2524230,    2524230,    2524230
33,    2524230,     22.0,     22.0,     22.0,     63.0,  4,  5,  6,  4,    2524230,    2524230,    2524230,    2524230
33,    2524214,     39.0,     39.0,     39.0,    111.0,  4,  5,  6,  5,    2524214,    2524214,    2524214,    2524214
33,    2579348,     29.0,     28.0,     28.0,     82.0,  4,  5,  6,  4,    2524255,    2524255,    2524255,    2524255
33,    2524255,     22.0,     22.0,     22.0,     64.0,  4,  5,  6,  4,    2524255,    2524255,    2524255,    2524255
33,    2524265,     17.0,     17.0,     17.0,     49.0,  4,  5,  6,  4,    2524265,    2524265,    2524265,    2524265
33,    2524270,     18.0,     18.0,     18.0,     52.0,  4,  5,  6,  4,    2524270,    2524270,    2524270,    2524270
33,    2579394,     19.0,     19.0,     19.0,     55.0,  4,  5,  6,  4,    2524245,    2524245,    2524245,    2524245
33,    2579409,     17.0,     17.0,     17.0,     48.0,  4,  5,  6,  4,    2524245,    2524245,    2524245,    2524245
33,    2524245,     14.0,     14.0,     14.0,     42.0,  4,  5,  6,  4,    2524245,    2524245,    2524245,    2524245
33,    2579444,     13.0,     13.0,     13.0,     37.0,  4,  5,  6,  4,    2524295,    2524295,    2524295,    2524295
33,    2524295,     11.0,     11.0,     11.0,     33.0,  4,  5,  6,  4,    2524295,    2524295,    2524295,    2524295
33,    2524300,     11.0,     11.0,     11.0,     33.0,  4,  5,  6,  4,    2524295,    2524295,    2524295,    2524295
33,    2524310,     11.0,     11.0,     11.0,     33.0,  4,  5,  6,  4,    2524295,    2524295,    2524295,    2524295
33,    3525437,     15.0,     16.0,     15.0,     44.0,  4,  5,  6,  4,    3525437,    3525437,    3525437,    3525437
33,    2475645,     22.0,     23.0,     22.0,     64.0,  4,  5,  6,  6,    2475645,    2475645,    2475645,    2475645
33,    3612708,     25.0,     26.0,     25.0,     76.0,  9, 10, 11, 11,    2846700,    2846700,    2846700,    2846700
34,    2580315,     23.0,     23.0,     23.0,     67.0,  4,  5,  6,  4,    2524230,    2524230,    2524230,    2524230
34,    2239779,     70.0,     74.0,     71.0,    212.0, 12, 12, 12,  9,    2186677,    2186677,    2186677,    2186677
34,    2522946,     15.0,     16.0,     15.0,     43.0,  4,  5,  6,  6,    2522946,    2522946,    2522946,    2522946
34,    1903706,     42.0,     44.0,     42.0,    119.0,  4,  5,  6,  6,    1903705,    1903705,    1903705,    1903705
34,    2524230,     22.0,     22.0,     22.0,     63.0,  4,  5,  6,  4,    2524230,    2524230,    2524230,    2524230
34,    1899476,     25.0,     25.0,     25.0,     76.0,  9, 10, 11,  9,    1931587,    1931587,    1931587,    1931587
34,    1903982,     27.0,     28.0,     27.0,     76.0,  4,  5,  6,  6,    1903982,    1903982,    1903982,    1903982
34,    1903700,     20.0,     20.0,     20.0,     59.0,  9, 10, 11,  9,    1934377,    1934377,    1934377,    1934377
34,    1903719,     20.0,     20.0,     20.0,     58.0,  9, 10, 11, 10,    1934391,    1934391,    1934391,    1934391
34,    1903729,     20.0,     20.0,     20.0,     58.0,  9, 10, 11,  9,    1934394,    1934394,    1934394,    1934394
34,    2524202,     40.0,     42.0,     40.0,    113.0,  4,  5,  6,  6,    1903705,    1903705,    1903705,    1903705
34,    2524213,     20.0,     20.0,     20.0,     59.0,  9, 10, 11,  9,    1934407,    1934407,    1934407,    1934407
34,    1903783,     20.0,     20.0,     20.0,     59.0,  9, 10, 11,  9,    1934417,    1934417,    1934417,    1934417
34,    1903835,     20.0,     20.0,     20.0,     59.0,  9, 10, 11,  9,    1934471,    1934471,    1934471,    1934471
34,    1903860,     27.0,     28.0,     27.0,     80.0, 12, 12, 12,  6,    1934493,    1934493,    1934493,    1903860
34,    1903900,     19.0,     20.0,     19.0,     55.0,  4,  5,  6,  6,    1903900,    1903900,    1903900,    1903900
34,    1903976,     30.0,     31.0,     29.0,     83.0,  4,  5,  6,  6,    1903976,    1903976,    1903976,    1903976
34,    1904017,     18.0,     19.0,     18.0,     52.0,  4,  5,  6,  6,    1904017,    1904017,    1904017,    1904017
34,    1904379,     23.0,     23.0,     22.0,     64.0,  4,  5,  6,  6,    1904379,    1904379,    1904379,    1904379
34,    1904389,     21.0,     22.0,     21.0,     59.0,  4,  5,  6,  6,    1904384,    1904384,    1904384,    1904389
34,    1904394,     21.0,     22.0,     21.0,     59.0,  4,  5,  6,  6,    1904384,    1904384,    1904384,    1904394
34,    2581468,     28.0,     29.0,     27.0,     78.0,  4,  5,  6,  6,    1904037,    1904037,    1904037,    1904037
34,    1942936,     26.0,     26.0,     26.0,     77.0,  9, 10, 11,  9,    1953787,    1953787,    1953787,    1953787
34,    1942953,     27.0,     23.0,     26.0,     80.0, 12, 12, 12, 10,    1953791,    1953791,    1953791,    1953791
34,    1947095,     60.0,     56.0,     55.0,    165.0,  9, 12, 12, 10,    1956452,    1956452,    1956452,    1956452
34,    2372207,     46.0,     44.0,     44.0,    126.0,  4,  5,  6,  5,    2372207,    2372207,    2372207,    2372207
34,    2189612,     46.0,     44.0,     44.0,    125.0,  4,  5,  6,  5,    2189612,    2189612,    2189612,    2189612
34,    2239774,     19.0,     20.0,     19.0,     58.0,  9, 10, 11,  9,    2186663,    2186663,    2186663,    2186663
34,    2524115,     19.0,     19.0,     19.0,     57.0,  9, 10, 11, 10,    2371370,    2371370,    2371370,    2371370
34,    2580580,     20.0,     20.0,     19.0,     58.0,  9, 10, 12, 10,    2186669,    2186669,    2186669,    2186669
34,    2239803,     19.0,     19.0,     20.0,     57.0,  9, 10, 11, 10,    2186672,    2186672,    2186672,    2186672
34,    2475650,     26.0,     27.0,     26.0,     74.0,  4,  5,  6,  6,    2475650,    2475650,    2475650,    2475650
34,    2239793,     20.0,     20.0,     19.0,     58.0,  9, 10, 12, 10,    2186669,    2186669,    2186669,    2186669
34,    2524139,     19.0,     20.0,     20.0,     59.0, 12, 10, 11,  9,    2371378,    2371378,    2371378,    2371378
34,    2578521,     52.0,     53.0,     51.0,    145.0,  4,  5,  6,  6,    1903685,    1903685,    1903685,    1903685
34,    1903690,     20.0,     20.0,     20.0,     58.0,  9, 10, 11,  9,    1934372,    1934372,    1934372,    1934372
34,    1903695,     48.0,     49.0,     47.0,    133.0,  4,  5,  6,  6,    1903695,    1903695,    1903695,    1903695
34,    3525454,     18.0,     19.0,     18.0,     52.0,  4,  5,  6,  6,    3525454,    3525454,    3525454,    3525454
34,    1903920,     20.0,     20.0,     20.0,     59.0,  9, 10, 11,  9,    1934522,    1934522,    1934522,    1934522
34,    2579147,     61.0,     61.0,     61.0,    179.0,  9, 10, 11,  9,    2186681,    2186681,    2186681,    2186681
34,    2579364,     30.0,     30.0,     30.0,     87.0,  4,  5,  6,  4,    2524230,    2524230,    2524230,    2524230
34,    2524230,     22.0,     22.0,     22.0,     63.0,  4,  5,  6,  4,    2524230,    2524230,    2524230,    2524230
34,    2524214,     39.0,     39.0,     39.0,    111.0,  4,  5,  6,  6,    2524214,    2524214,    2524214,    2524214
34,    2579348,     29.0,     29.0,     28.0,     82.0,  4,  5,  6,  4,    2524255,    2524255,    2524255,    2524255
34,    2524255,     22.0,     22.0,     22.0,     64.0,  4,  5,  6,  4,    2524255,    2524255,    2524255,    2524255
34,    2524265,     17.0,     17.0,     17.0,     49.0,  4,  5,  6,  4,    2524265,    2524265,    2524265,    2524265
34,    2524270,     18.0,     18.0,     18.0,     52.0,  4,  5,  6,  4,    2524270,    2524270,    2524270,    2524270
34,    2579394,     19.0,     19.0,     19.0,     55.0,  4,  5,  6,  4,    2524245,    2524245,    2524245,    2524245
34,    2579409,     17.0,     17.0,     17.0,     48.0,  4,  5,  6,  4,    2524245,    2524245,    2524245,    2524245
34,    2524245,     14.0,     14.0,     14.0,     42.0,  4,  5,  6,  4,    2524245,    2524245,    2524245,    2524245
34,    2579444,     13.0,     13.0,     13.0,     37.0,  4,  5,  6,  4,    2524295,    2524295,    2524295,    2524295
34,    2524295,     11.0,     11.0,     11.0,     33.0,  4,  5,  6,  4,    2524295,    2524295,    2524295,    2524295
34,    2524300,     11.0,     11.0,     11.0,     33.0,  4,  5,  6,  4,    2524295,    2524295,    2524295,    2524295
34,    2524310,     11.0,     11.0,     11.0,     33.0,  4,  5,  6,  4,    2524295,    2524295,    2524295,    2524295
34,    3525437,     15.0,     16.0,     15.0,     44.0,  4,  5,  6,  6,    3525437,    3525437,    3525437,    3525437
34,    2475645,     23.0,     23.0,     22.0,     64.0,  4,  5,  6,  6,    2475645,    2475645,    2475645,    2475645
34,    3612708,     25.0,     26.0,     25.0,     76.0,  9, 10, 11,  9,    2846700,    2846700,    2846700,    2846700
35,    2580315,     23.0,     23.0,     23.0,     67.0,  4,  5,  6,  4,    2524230,    2524230,    2524230,    2524230
35,    2239779,     70.0,     76.0,     69.0,    211.0, 12, 10, 12, 11,    2186677,    2186677,    2186677,    2186677
35,    2522946,     15.0,     16.0,     15.0,     43.0,  4,  5,  6,  6,    2522946,    2522946,    2522946,    2522946
35,    1903706,     43.0,     44.0,     41.0,    118.0,  4,  5,  6,  6,    1903705,    1903706,    1903705,    1903705
35,    2524230,     22.0,     22.0,     22.0,     63.0,  4,  5,  6,  4,    2524230,    2524230,    2524230,    2524230
35,    1899476,     25.0,     25.0,     25.0,     76.0,  9, 10, 11,  9,    1931587,    1931587,    1931587,    1931587
35,    1903982,     27.0,     29.0,     27.0,     76.0,  4,  5,  6,  6,    1903982,    1903982,    1903982,    1903982
35,    1903700,     20.0,     20.0,     20.0,     58.0,  9, 10, 11, 10,    1934377,    1934377,    1934377,    1934377
35,    1903719,     20.0,     20.0,     20.0,     58.0,  9, 10, 11, 10,    1934391,    1934391,    1934391,    1934391
35,    1903729,     20.0,     19.0,     20.0,     58.0,  9, 12, 11,  9,    1934394,    1934394,    1934394,    1934394
35,    2524202,     40.0,     42.0,     39.0,    113.0,  4,  5,  6,  6,    1903705,    1903705,    1903705,    1903705
35,    2524213,     20.0,     20.0,     20.0,     59.0,  9, 10, 11,  9,    1934407,    1934407,    1934407,    1934407
35,    1903783,     20.0,     20.0,     20.0,     59.0,  9, 10, 11,  9,    1934417,    1934417,    1934417,    1934417
35,    1903835,     20.0,     20.0,     20.0,     59.0,  9, 10, 11,  9,    1934471,    1934471,    1934471,    1934471
35,    1903860,     27.0,     29.0,     27.0,     80.0, 12, 10, 12,  6,    1934493,    1934493,    1934493,    1903860
35,    1903900,     20.0,     20.0,     19.0,     55.0,  4, 12,  6,  6,    1903900,    1934516,    1903900,    1903900
35,    1903976,     30.0,     32.0,     29.0,     83.0,  4,  5,  6,  6,    1903976,    1903976,    1903976,    1903976
35,    1904017,     18.0,     20.0,     18.0,     52.0,  4,  5,  6,  6,    1904017,    1904017,    1904017,    1904017
35,    1904379,     23.0,     24.0,     22.0,     64.0,  4,  5,  6,  6,    1904379,    1904379,    1904379,    1904379
35,    1904389,     21.0,     22.0,     21.0,     59.0,  4,  5,  6,  6,    1904384,    1904389,    1904384,    1904384
35,    1904394,     21.0,     23.0,     21.0,     59.0,  4,  5,  6,  6,    1904384,    1904384,    1904384,    1904384
35,    2581468,     28.0,     30.0,     27.0,     78.0,  4,  5,  6,  6,    1904037,    1904037,    1904037,    1904037
35,    1942936,     26.0,     26.0,     26.0,     77.0,  9, 10, 11,  9,    1953787,    1953787,    1953787,    1953787
35,    1942953,     25.0,     23.0,     28.0,     82.0, 12, 12, 12, 10,    1953791,    1953791,    1953791,    1953791
35,    1947095,     61.0,     55.0,     55.0,    165.0,  9, 12, 12, 11,    1956452,    1956452,    1956452,    1956452
35,    2372207,     47.0,     44.0,     44.0,    126.0,  4,  5,  6,  5,    2372207,    2372207,    2372207,    2372207
35,    2189612,     46.0,     44.0,     44.0,    125.0,  4,  5,  6,  5,    2189612,    2189612,    2189612,    2189612
35,    2239774,     19.0,     19.0,     19.0,     58.0,  9, 10, 11,  9,    2186663,    2186663,    2186663,    2186663
35,    2524115,     19.0,     19.0,     19.0,     57.0,  9, 10, 11, 10,    2371370,    2371370,    2371370,    2371370
35,    2580580,     20.0,     20.0,     19.0,     58.0,  9, 10, 12, 10,    2186669,    2186669,    2186669,    2186669
35,    2239803,     19.0,     19.0,     19.0,     57.0,  9, 10, 11, 10,    2186672,    2186672,    2186672,    2186672
35,    2475650,     26.0,     27.0,     25.0,     73.0,  4,  5,  6,  6,    2475650,    2475650,    2475650,    2475650
35,    2239793,     20.0,     20.0,     19.0,     58.0,  9, 10, 12, 10,    2186669,    2186669,    2186669,    2186669
35,    2524139,     20.0,     20.0,     20.0,     59.0,  9, 10, 11,  9,    2371378,    2371378,    2371378,    2371378
35,    2578521,     52.0,     54.0,     51.0,    144.0,  4,  5,  6,  6,    1903685,    1903685,    1903685,    2578521
35,    1903690,     20.0,     20.0,     20.0,     58.0,  9, 10, 11,  9,    1934372,    1934372,    1934372,    1934372
35,    1903695,     48.0,     50.0,     46.0,    133.0,  4,  5,  6,  6,    1903695,    1903695,    1903695,    1903695
35,    3525454,     18.0,     19.0,     18.0,     52.0,  4,  5,  6,  6,    3525454,    3525454,    3525454,    3525454
35,    1903920,     20.0,     20.0,     20.0,     58.0,  9, 10, 11, 10,    1934522,    1934522,    1934522,    1934522
35,    2579147,     61.0,     61.0,     61.0,    179.0,  9, 10, 11,  9,    2186681,    2186681,    2186681,    2186681
35,    2579364,     30.0,     30.0,     30.0,     87.0,  4,  5,  6,  4,    2524230,    2524230,    2524230,    2524230
35,    2524230,     22.0,     22.0,     22.0,     63.0,  4,  5,  6,  4,    2524230,    2524230,    2524230,    2524230
35,    2524214,     39.0,     39.0,     39.0,    111.0,  4,  5,  6,  5,    2524214,    2524214,    2524214,    2524214
35,    2579348,     29.0,     28.0,     28.0,     82.0,  4,  5,  6,  4,    2524255,    2524255,    2524255,    2524255
35,    2524255,     22.0,     22.0,     22.0,     64.0,  4,  5,  6,  4,    2524255,    2524255,    2524255,    2524255
35,    2524265,     17.0,     17.0,     17.0,     49.0,  4,  5,  6,  4,    2524265,    2524265,    2524265,    2524265
35,    2524270,     18.0,     18.0,     18.0,     52.0,  4,  5,  6,  4,    2524270,    2524270,    2524270,    2524270
35,    2579394,     19.0,     19.0,     19.0,     55.0,  4,  5,  6,  4,    2524245,    2524245,    2524245,    2524245
35,    2579409,     17.0,     17.0,     17.0,     48.0,  4,  5,  6,  4,    2524245,    2524245,    2524245,    2524245
35,    2524245,     14.0,     14.0,     14.0,     42.0,  4,  5,  6,  4,    2524245,    2524245,    2524245,    2524245
35,    2579444,     13.0,     13.0,     13.0,     37.0,  4,  5,  6,  4,    2524295,    2524295,    2524295,    2524295
35,    2524295,     11.0,     11.0,     11.0,     33.0,  4,  5,  6,  4,    2524295,    2524295,    2524295,    2524295
35,    2524300,     11.0,     11.0,     11.0,     33.0,  4,  5,  6,  4,    2524295,    2524295,    2524295,    2524295
35,    2524310,     11.0,     11.0,     11.0,     33.0,  4,  5,  6,  4,    2524295,    2524295,    2524295,    2524295
35,    3525437,     15.0,     17.0,     15.0,     44.0,  4,  5,  6,  6,    3525437,    3525437,    3525437,    3525437
35,    2475645,     23.0,     24.0,     22.0,     64.0,  4,  5,  6,  6,    2475645,    2475645,    2475645,    2475645
35,    3612708,     25.0,     26.0,     25.0,     76.0,  9, 10, 11, 11,    2846700,    2846700,    2846700,    2846700
36,    2580315,     23.0,     23.0,     23.0,     67.0,  4,  5,  6,  4,    2524230,    2524230,    2524230,    2524230
36,    2239779,     70.0,     75.0,     69.0,    210.0, 12, 12, 12, 11,    2186677,    2186677,    2186677,    2186677
36,    2522946,     15.0,     16.0,     15.0,     42.0,  4,  5,  6,  6,    2522946,    2522946,    2522946,    2522946
36,    1903706,     42.0,     44.0,     41.0,    118.0,  4,  5,  6,  6,    1903705,    1903705,    1903705,    1903705
36,    2524230,     22.0,     22.0,     22.0,     63.0,  4,  5,  6,  4,    2524230,    2524230,    2524230,    2524230
36,    1899476,     25.0,     25.0,     25.0,     76.0,  9, 10, 11,  9,    1931587,    1931587,    1931587,    1931587
36,    1903982,     27.0,     29.0,     26.0,     76.0,  4,  5,  6,  6,    1903982,    1903982,    1903982,    1903982
36,    1903700,     20.0,     20.0,     20.0,     58.0,  9, 10, 11, 10,    1934377,    1934377,    1934377,    1934377
36,    1903719,     20.0,     20.0,     20.0,     58.0,  9, 10, 11, 10,    1934391,    1934391,    1934391,    1934391
36,    1903729,     20.0,     20.0,     20.0,     58.0,  9, 10, 11,  9,    1934394,    1934394,    1934394,    1934394
36,    2524202,     40.0,     42.0,     39.0,    112.0,  4,  5,  6,  6,    1903705,    1903705,    1903705,    1903705
36,    2524213,     20.0,     20.0,     20.0,     58.0,  9, 10, 11, 10,    1934407,    1934407,    1934407,    1934407
36,    1903783,     20.0,     20.0,     20.0,     59.0,  9, 10, 11,  9,    1934417,    1934417,    1934417,    1934417
36,    1903835,     20.0,     20.0,     20.0,     59.0,  9, 10, 11,  9,    1934471,    1934471,    1934471,    1934471
36,    1903860,     27.0,     29.0,     27.0,     79.0, 12, 10, 12,  6,    1934493,    1934493,    1934493,    1903860
36,    1903900,     19.0,     20.0,     19.0,     55.0,  4, 12,  6,  6,    1903900,    1934516,    1903900,    1903900
36,    1903976,     29.0,     31.0,     29.0,     83.0,  4,  5,  6,  6,    1903976,    1903976,    1903976,    1903976
36,    1904017,     18.0,     19.0,     18.0,     51.0,  4,  5,  6,  6,    1904017,    1904017,    1904017,    1904017
36,    1904379,     22.0,     24.0,     22.0,     64.0,  4,  5,  6,  4,    1904379,    1904379,    1904379,    1904379
36,    1904389,     21.0,     22.0,     21.0,     59.0,  4,  5,  6,  6,    1904384,    1904384,    1904384,    1904384
36,    1904394,     21.0,     22.0,     21.0,     59.0,  4,  5,  6,  6,    1904384,    1904384,    1904384,    1904384
36,    2581468,     27.0,     29.0,     27.0,     78.0,  4,  5,  6,  4,    1904037,    1904037,    1904037,    1904037
36,    1942936,     26.0,     26.0,     26.0,     77.0,  9, 10, 11,  9,    1953787,    1953787,    1953787,    1953787
36,    1942953,     26.0,     26.0,     26.0,     82.0, 12, 12, 12, 10,    1953791,    1953791,    1953791,    1953791
36,    1947095,     58.0,     57.0,     56.0,    165.0,  9, 10, 12, 10,    1956452,    1956452,    1956452,    1956452
36,    2372207,     45.0,     44.0,     44.0,    125.0,  4,  5,  6,  6,    2372207,    2372207,    2372207,    2372207
36,    2189612,     45.0,     44.0,     44.0,    125.0,  4,  5,  6,  5,    2189612,    2189612,    2189612,    2189612
36,    2239774,     19.0,     19.0,     19.0,     58.0,  9, 10, 11,  9,    2186663,    2186663,    2186663,    2186663
36,    2524115,     19.0,     19.0,     19.0,     57.0,  9, 10, 11, 10,    2371370,    2371370,    2371370,    2371370
36,    2580580,     20.0,     20.0,     19.0,     58.0,  9, 10, 12, 10,    2186669,    2186669,    2186669,    2186669
36,    2239803,     19.0,     19.0,     19.0,     57.0,  9, 10, 11, 10,    2186672,    2186672,    2186672,    2186672
36,    2475650,     26.0,     27.0,     25.0,     73.0,  4,  5,  6,  6,    2475650,    2475650,    2475650,    2475650
36,    2239793,     20.0,     20.0,     19.0,     58.0,  9, 10, 12, 10,    2186669,    2186669,    2186669,    2186669
36,    2524139,     19.0,     21.0,     19.0,     59.0, 12, 10, 12,  9,    2371378,    2371378,    2371378,    2371378
36,    2578521,     51.0,     54.0,     51.0,    144.0,  4,  5,  6,  6,    1903685,    1903685,    1903685,    2578521
36,    1903690,     20.0,     20.0,     20.0,     58.0,  9, 10, 11,  9,    1934372,    1934372,    1934372,    1934372
36,    1903695,     47.0,     50.0,     46.0,    132.0,  4,  5,  6,  6,    1903695,    1903695,    1903695,    1903695
36,    3525454,     18.0,     19.0,     18.0,     51.0,  4,  5,  6,  6,    3525454,    3525454,    3525454,    3525454
36,    1903920,     20.0,     20.0,     20.0,     58.0,  9, 10, 11, 10,    1934522,    1934522,    1934522,    1934522
36,    2579147,     61.0,     61.0,     61.0,    179.0,  9, 10, 11,  9,    2186681,    2186681,    2186681,    2186681
36,    2579364,     30.0,     30.0,     30.0,     87.0,  4,  5,  6,  4,    2524230,    2524230,    2524230,    2524230
36,    2524230,     22.0,     22.0,     22.0,     63.0,  4,  5,  6,  4,    2524230,    2524230,    2524230,    2524230
36,    2524214,     39.0,     39.0,     39.0,    111.0,  4,  5,  6,  5,    2524214,    2524214,    2524214,    2524214
36,    2579348,     29.0,     28.0,     28.0,     82.0,  4,  5,  6,  4,    2524255,    2524255,    2524255,    2524255
36,    2524255,     22.0,     22.0,     22.0,     64.0,  4,  5,  6,  4,    2524255,    2524255,    2524255,    2524255
36,    2524265,     17.0,     17.0,     17.0,     49.0,  4,  5,  6,  4,    2524265,    2524265,    2524265,    2524265
36,    2524270,     18.0,     18.0,     18.0,     52.0,  4,  5,  6,  4,    2524270,    2524270,    2524270,    2524270
36,    2579394,     19.0,     19.0,     19.0,     55.0,  4,  5,  6,  4,    2524245,    2524245,    2524245,    2524245
36,    2579409,     17.0,     17.0,     17.0,     48.0,  4,  5,  6,  4,    2524245,    2524245,    2524245,    2524245
36,    2524245,     14.0,     14.0,     14.0,     42.0,  4,  5,  6,  4,    2524245,    2524245,    2524245,    2524245
36,    2579444,     13.0,     13.0,     13.0,     37.0,  4,  5,  6,  4,    2524295,    2524295,    2524295,    2524295
36,    2524295,     11.0,     11.0,     11.0,     33.0,  4,  5,  6,  4,    2524295,    2524295,    2524295,    2524295
36,    2524300,     11.0,     11.0,     11.0,     33.0,  4,  5,  6,  4,    2524295,    2524295,    2524295,    2524295
36,    2524310,     11.0,     11.0,     11.0,     33.0,  4,  5,  6,  4,    2524295,    2524295,    2524295,    2524295
36,    3525437,     15.0,     16.0,     15.0,     44.0,  4,  5,  6,  4,    3525437,    3525437,    3525437,    3525437
36,    2475645,     22.0,     24.0,     22.0,     64.0,  4,  5,  6,  4,    2475645,    2475645,    2475645,    2475645
36,    3612708,     25.0,     26.0,     25.0,     77.0,  9, 10, 11,  9,    2846700,    2846700,    2846700,    2846700
37,    2580315,     23.0,     23.0,     23.0,     67.0,  4,  5,  6,  4,    2524230,    2524230,    2524230,    2524230
37,    2239779,     70.0,     73.0,     71.0,    213.0, 12, 12, 12,  9,    2186677,    2186677,    2186677,    2186677
37,    2522946,     16.0,     16.0,     15.0,     44.0,  4,  5,  6,  6,    2522946,    2522946,    2522946,    2522946
37,    1903706,     43.0,     44.0,     43.0,    121.0,  4,  5,  6,  4,    1903705,    1903705,    1903705,    1903706
37,    2524230,     22.0,     22.0,     22.0,     63.0,  4,  5,  6,  4,    2524230,    2524230,    2524230,    2524230
37,    1899476,     25.0,     25.0,     25.0,     76.0,  9, 10, 11,  9,    1931587,    1931587,    1931587,    1931587
37,    1903982,     27.0,     29.0,     27.0,     79.0,  4,  5,  6,  4,    1903982,    1903982,    1903982,    1903982
37,    1903700,     20.0,     20.0,     20.0,     59.0,  9, 10, 11,  9,    1934377,    1934377,    1934377,    1934377
37,    1903719,     20.0,     20.0,     20.0,     58.0,  9, 10, 11, 10,    1934391,    1934391,    1934391,    1934391
37,    1903729,     20.0,     20.0,     20.0,     58.0,  9, 10, 11,  9,    1934394,    1934394,    1934394,    1934394
37,    2524202,     40.0,     42.0,     40.0,    115.0,  4,  5,  6,  4,    1903705,    1903705,    2524202,    2524202
37,    2524213,     20.0,     20.0,     20.0,     59.0,  9, 10, 11,  9,    1934407,    1934407,    1934407,    1934407
37,    1903783,     20.0,     20.0,     20.0,     59.0,  9, 10, 11,  9,    1934417,    1934417,    1934417,    1934417
37,    1903835,     20.0,     20.0,     20.0,     59.0,  9, 10, 11,  9,    1934471,    1934471,    1934471,    1934471
37,    1903860,     27.0,     28.0,     28.0,     80.0, 12, 12, 11,  9,    1934493,    1934493,    1934493,    1934493
37,    1903900,     20.0,     20.0,     20.0,     57.0,  4, 12,  6,  4,    1903900,    1934516,    1903900,    1903900
37,    1903976,     30.0,     31.0,     30.0,     86.0,  4,  5,  6,  4,    1903976,    1903976,    1903976,    1903976
37,    1904017,     19.0,     19.0,     18.0,     53.0,  4,  5,  6,  6,    1904017,    1904017,    1904017,    1904017
37,    1904379,     23.0,     24.0,     23.0,     66.0,  4,  5,  6,  4,    1904379,    1904379,    1904379,    1904379
37,    1904389,     21.0,     22.0,     21.0,     61.0,  4,  5,  6,  4,    1904384,    1904384,    1904384,    1904384
37,    1904394,     21.0,     22.0,     21.0,     61.0,  4,  5,  6,  4,    1904384,    1904384,    1904384,    1904384
37,    2581468,     28.0,     29.0,     28.0,     80.0,  4,  5,  6,  4,    1904037,    1904037,    1904037,    1904037
37,    1942936,     26.0,     26.0,     26.0,     77.0,  9, 10, 11,  9,    1953787,    1953787,    1953787,    1953787
37,    1942953,     24.0,     25.0,     27.0,     82.0, 12, 12, 12,  9,    1953791,    1953791,    1953791,    1953791
37,    1947095,     57.0,     56.0,     57.0,    165.0,  9, 12, 11, 10,    1956452,    1956452,    1956452,    1956452
37,    2372207,     44.0,     44.0,     44.0,    126.0,  4,  5,  6,  5,    2372207,    2372207,    2372207,    2372207
37,    2189612,     44.0,     44.0,     44.0,    125.0,  4,  5,  6,  5,    2189612,    2189612,    2189612,    2189612
37,    2239774,     19.0,     20.0,     19.0,     58.0,  9, 10, 11,  9,    2186663,    2186663,    2186663,    2186663
37,    2524115,     19.0,     19.0,     19.0,     57.0,  9, 10, 11, 10,    2371370,    2371370,    2371370,    2371370
37,    2580580,     20.0,     20.0,     19.0,     58.0,  9, 10, 12, 10,    2186669,    2186669,    2186669,    2186669
37,    2239803,     18.0,     18.0,     20.0,     57.0, 12, 12, 11, 10,    2186672,    2186672,    2186672,    2186672
37,    2475650,     26.0,     27.0,     26.0,     75.0,  4,  5,  6,  4,    2475650,    2475650,    2475650,    2475650
37,    2239793,     20.0,     20.0,     19.0,     58.0,  9, 10, 12, 10,    2186669,    2186669,    2186669,    2186669
37,    2524139,     20.0,     21.0,     20.0,     59.0,  9, 10, 11,  9,    2371378,    2371378,    2371378,    2371378
37,    2578521,     52.0,     54.0,     52.0,    148.0,  4,  5,  6,  4,    1903685,    1903685,    1903685,    1903685
37,    1903690,     20.0,     20.0,     20.0,     58.0,  9, 10, 11,  9,    1934372,    1934372,    1934372,    1934372
37,    1903695,     48.0,     49.0,     48.0,    136.0,  4,  5,  6,  4,    1903695,    1903695,    1903695,    1903695
37,    3525454,     18.0,     19.0,     18.0,     53.0,  4,  5,  6,  4,    3525454,    3525454,    3525454,    3525454
37,    1903920,     20.0,     20.0,     20.0,     59.0,  9, 10, 11,  9,    1934522,    1934522,    1934522,    1934522
37,    2579147,     61.0,     61.0,     61.0,    179.0,  9, 10, 11,  9,    2186681,    2186681,    2186681,    2186681
37,    2579364,     30.0,     30.0,     30.0,     87.0,  4,  5,  6,  4,    2524230,    2524230,    2524230,    2524230
37,    2524230,     22.0,     22.0,     22.0,     63.0,  4,  5,  6,  4,    2524230,    2524230,    2524230,    2524230
37,    2524214,     39.0,     39.0,     39.0,    111.0,  4,  5,  6,  4,    2524214,    2524214,    2524214,    2524214
37,    2579348,     28.0,     29.0,     28.0,     82.0,  4,  5,  6,  4,    2524255,    2524255,    2524255,    2524255
37,    2524255,     22.0,     22.0,     22.0,     64.0,  4,  5,  6,  4,    2524255,    2524255,    2524255,    2524255
37,    2524265,     17.0,     17.0,     17.0,     49.0,  4,  5,  6,  4,    2524265,    2524265,    2524265,    2524265
37,    2524270,     18.0,     18.0,     18.0,     52.0,  4,  5,  6,  4,    2524270,    2524270,    2524270,    2524270
37,    2579394,     19.0,     19.0,     19.0,     55.0,  4,  5,  6,  4,    2524245,    2524245,    2524245,    2524245
37,    2579409,     17.0,     17.0,     17.0,     48.0,  4,  5,  6,  4,    2524245,    2524245,    2524245,    2524245
37,    2524245,     14.0,     14.0,     14.0,     42.0,  4,  5,  6,  4,    2524245,    2524245,    2524245,    2524245
37,    2579444,     13.0,     13.0,     13.0,     37.0,  4,  5,  6,  4,    2524295,    2524295,    2524295,    2524295
37,    2524295,     11.0,     11.0,     11.0,     33.0,  4,  5,  6,  4,    2524295,    2524295,    2524295,    2524295
37,    2524300,     11.0,     11.0,     11.0,     33.0,  4,  5,  6,  4,    2524295,    2524295,    2524295,    2524295
37,    2524310,     11.0,     11.0,     11.0,     33.0,  4,  5,  6,  4,    2524295,    2524295,    2524295,    2524295
37,    3525437,     15.0,     16.0,     16.0,     45.0,  4,  5,  6,  4,    3525437,    3525437,    3525437,    3525437
37,    2475645,     23.0,     24.0,     23.0,     65.0,  4,  5,  6,  4,    2475645,    2475645,    2475645,    2475645
37,    3612708,     25.0,     26.0,     25.0,     77.0,  9, 10, 11,  9,    2846700,    2846700,    2846700,    2846700
38,    2580315,     23.0,     23.0,     23.0,     67.0,  4,  5,  6,  4,    2524230,    2524230,    2524230,    2524230
38,    2239779,     69.0,     74.0,     72.0,    211.0, 12, 12, 12,  9,    2186677,    2186677,    2186677,    2186677
38,    2522946,     15.0,     16.0,     15.0,     43.0,  4,  5,  6,  4,    2522946,    2522946,    2522946,    2522946
38,    1903706,     42.0,     44.0,     43.0,    119.0,  4,  5,  6,  4,    1903705,    1903705,    1903705,    1903705
38,    2524230,     22.0,     22.0,     22.0,     63.0,  4,  5,  6,  4,    2524230,    2524230,    2524230,    2524230
38,    1899476,     25.0,     25.0,     25.0,     76.0,  9, 10, 11,  9,    1931587,    1931587,    1931587,    1931587
38,    1903982,     27.0,     28.0,     27.0,     77.0,  4,  5,  6,  4,    1903982,    1903982,    1903982,    1903982
38,    1903700,     20.0,     20.0,     20.0,     59.0,  9, 10, 11,  9,    1934377,    1934377,    1934377,    1934377
38,    1903719,     20.0,     20.0,     20.0,     58.0,  9, 10, 11, 10,    1934391,    1934391,    1934391,    1934391
38,    1903729,     20.0,     19.0,     20.0,     58.0,  9, 12, 11,  9,    1934394,    1934394,    1934394,    1934394
38,    2524202,     40.0,     42.0,     41.0,    113.0,  4,  5,  6,  4,    1903705,    1903705,    1903705,    1903705
38,    2524213,     20.0,     20.0,     20.0,     59.0,  9, 10, 11,  9,    1934407,    1934407,    1934407,    1934407
38,    1903783,     20.0,     20.0,     20.0,     59.0,  9, 10, 11,  9,    1934417,    1934417,    1934417,    1934417
38,    1903835,     20.0,     20.0,     20.0,     59.0,  9, 10, 11,  9,    1934471,    1934471,    1934471,    1934471
38,    1903860,     27.0,     28.0,     27.0,     80.0, 12, 10, 12,  4,    1934493,    1934493,    1934493,    1903860
38,    1903900,     19.0,     20.0,     20.0,     55.0,  4,  5,  6,  4,    1903900,    1903900,    1903900,    1903900
38,    1903976,     29.0,     31.0,     30.0,     84.0,  4,  5,  6,  4,    1903976,    1903976,    1903976,    1903976
38,    1904017,     18.0,     19.0,     18.0,     52.0,  4,  5,  6,  4,    1904017,    1904017,    1904017,    1904017
38,    1904379,     22.0,     24.0,     23.0,     64.0,  4,  5,  6,  4,    1904379,    1904374,    1904379,    1904379
38,    1904389,     21.0,     22.0,     21.0,     60.0,  4,  5,  6,  4,    1904384,    1904384,    1904384,    1904384
38,    1904394,     21.0,     22.0,     21.0,     60.0,  4,  5,  6,  4,    1904384,    1904384,    1904384,    1904384
38,    2581468,     27.0,     29.0,     28.0,     78.0,  4,  5,  6,  4,    1904037,    1904037,    1904037,    1904037
38,    1942936,     26.0,     26.0,     26.0,     77.0,  9, 10, 11,  9,    1953787,    1953787,    1953787,    1953787
38,    1942953,     25.0,     22.0,     29.0,     80.0, 12, 12, 12, 10,    1953791,    1953791,    1953791,    1953791
38,    1947095,     58.0,     56.0,     57.0,    165.0,  9, 12, 11, 10,    1956452,    1956452,    1956452,    1956452
38,    2372207,     45.0,     44.0,     44.0,    126.0,  4,  5,  6,  5,    2372207,    2372207,    2372207,    2372207
38,    2189612,     44.0,     44.0,     44.0,    125.0,  4,  5,  6,  5,    2189612,    2189612,    2189612,    2189612
38,    2239774,     19.0,     20.0,     19.0,     58.0,  9, 10, 11,  9,    2186663,    2186663,    2186663,    2186663
38,    2524115,     19.0,     19.0,     19.0,     57.0,  9, 10, 11, 10,    2371370,    2371370,    2371370,    2371370
38,    2580580,     20.0,     20.0,     19.0,     58.0,  9, 10, 12, 10,    2186669,    2186669,    2186669,    2186669
38,    2239803,     18.0,     18.0,     20.0,     57.0, 12, 12, 11, 10,    2186672,    2186672,    2186672,    2186672
38,    2475650,     26.0,     27.0,     26.0,     74.0,  4,  5,  6,  4,    2475650,    2475650,    2475650,    2475650
38,    2239793,     20.0,     20.0,     19.0,     58.0,  9, 10, 12, 10,    2186669,    2186669,    2186669,    2186669
38,    2524139,     20.0,     21.0,     20.0,     59.0,  9, 10, 11,  9,    2371378,    2371378,    2371378,    2371378
38,    2578521,     51.0,     53.0,     52.0,    146.0,  4,  5,  6,  4,    1903685,    2578521,    1903685,    1903685
38,    1903690,     20.0,     20.0,     20.0,     58.0,  9, 10, 11,  9,    1934372,    1934372,    1934372,    1934372
38,    1903695,     47.0,     49.0,     48.0,    134.0,  4,  5,  6,  4,    1903695,    1903695,    1903695,    1903695
38,    3525454,     18.0,     19.0,     18.0,     52.0,  4,  5,  6,  4,    3525454,    3525454,    3525454,    3525454
38,    1903920,     20.0,     20.0,     20.0,     59.0,  9, 10, 11,  9,    1934522,    1934522,    1934522,    1934522
38,    2579147,     61.0,     61.0,     61.0,    179.0,  9, 10, 11,  9,    2186681,    2186681,    2186681,    2186681
38,    2579364,     30.0,     30.0,     30.0,     87.0,  4,  5,  6,  4,    2524230,    2524230,    2524230,    2524230
38,    2524230,     22.0,     22.0,     22.0,     63.0,  4,  5,  6,  4,    2524230,    2524230,    2524230,    2524230
38,    2524214,     39.0,     39.0,     39.0,    111.0,  4,  5,  6,  4,    2524214,    2524214,    2524214,    2524214
38,    2579348,     28.0,     28.0,     29.0,     82.0,  4,  5,  6,  4,    2524255,    2524255,    2524255,    2524255
38,    2524255,     22.0,     22.0,     22.0,     64.0,  4,  5,  6,  4,    2524255,    2524255,    2524255,    2524255
38,    2524265,     17.0,     17.0,     17.0,     49.0,  4,  5,  6,  4,    2524265,    2524265,    2524265,    2524265
38,    2524270,     18.0,     18.0,     18.0,     52.0,  4,  5,  6,  4,    2524270,    2524270,    2524270,    2524270
38,    2579394,     19.0,     19.0,     19.0,     55.0,  4,  5,  6,  4,    2524245,    2524245,    2524245,    2524245
38,    2579409,     17.0,     17.0,     17.0,     48.0,  4,  5,  6,  4,    2524245,    2524245,    2524245,    2524245
38,    2524245,     14.0,     14.0,     14.0,     42.0,  4,  5,  6,  4,    2524245,    2524245,    2524245,    2524245
38,    2579444,     13.0,     13.0,     13.0,     37.0,  4,  5,  6,  4,    2524295,    2524295,    2524295,    2524295
38,    2524295,     11.0,     11.0,     11.0,     33.0,  4,  5,  6,  4,    2524295,    2524295,    2524295,    2524295
38,    2524300,     11.0,     11.0,     11.0,     33.0,  4,  5,  6,  4,    2524295,    2524295,    2524295,    2524295
38,    2524310,     11.0,     11.0,     11.0,     33.0,  4,  5,  6,  4,    2524295,    2524295,    2524295,    2524295
38,    3525437,     15.0,     16.0,     16.0,     44.0,  4,  5,  6,  4,    3525437,    3525437,    3525437,    3525437
38,    2475645,     22.0,     24.0,     23.0,     64.0,  4,  5,  6,  4,    2475645,    2475645,    2475645,    2475645
38,    3612708,     25.0,     26.0,     25.0,     76.0,  9, 10, 11, 11,    2846700,    2846700,    2846700,    2846700
39,    2580315,     23.0,     23.0,     23.0,     67.0,  4,  5,  6,  4,    2524230,    2524230,    2524230,    2524230
39,    2239779,     70.0,     73.0,     71.0,    211.0, 12, 12, 12,  9,    2186677,    2186677,    2186677,    2186677
39,    2522946,     15.0,     15.0,     15.0,     43.0,  4,  5,  6,  4,    2522946,    2522946,    2522946,    2522946
39,    1903706,     42.0,     43.0,     43.0,    119.0,  4,  5,  6,  4,    1903705,    1903705,    1903705,    1903705
39,    2524230,     22.0,     22.0,     22.0,     63.0,  4,  5,  6,  4,    2524230,    2524230,    2524230,    2524230
39,    1899476,     25.0,     25.0,     25.0,     76.0,  9, 10, 11,  9,    1931587,    1931587,    1931587,    1931587
39,    1903982,     27.0,     28.0,     27.0,     77.0,  4,  5,  6,  4,    1903982,    1903982,    1903982,    1903982
39,    1903700,     20.0,     20.0,     20.0,     59.0,  9, 10, 11,  9,    1934377,    1934377,    1934377,    1934377
39,    1903719,     20.0,     20.0,     20.0,     58.0,  9, 10, 11, 10,    1934391,    1934391,    1934391,    1934391
39,    1903729,     20.0,     20.0,     20.0,     58.0,  9, 10, 11,  9,    1934394,    1934394,    1934394,    1934394
39,    2524202,     40.0,     41.0,     41.0,    114.0,  4,  5,  6,  4,    1903705,    1903705,    1903705,    1903705
39,    2524213,     20.0,     20.0,     20.0,     59.0,  9, 10, 11,  9,    1934407,    1934407,    1934407,    1934407
39,    1903783,     20.0,     20.0,     20.0,     59.0,  9, 10, 11,  9,    1934417,    1934417,    1934417,    1934417
39,    1903835,     20.0,     20.0,     20.0,     59.0,  9, 10, 11,  9,    1934471,    1934471,    1934471,    1934471
39,    1903860,     27.0,     28.0,     27.0,     80.0, 12, 10, 12,  4,    1934493,    1934493,    1934493,    1903860
39,    1903900,     19.0,     20.0,     20.0,     56.0,  4,  5,  6,  4,    1903900,    1903900,    1903900,    1903900
39,    1903976,     29.0,     30.0,     30.0,     84.0,  4,  5,  6,  4,    1903976,    1903976,    1903976,    1903976
39,    1904017,     18.0,     19.0,     18.0,     52.0,  4,  5,  6,  4,    1904017,    1904017,    1904017,    1904017
39,    1904379,     22.0,     23.0,     23.0,     64.0,  4,  5,  6,  4,    1904379,    1904379,    1904379,    1904379
39,    1904389,     21.0,     22.0,     21.0,     60.0,  4,  5,  6,  4,    1904384,    1904384,    1904384,    1904384
39,    1904394,     21.0,     22.0,     21.0,     60.0,  4,  5,  6,  4,    1904384,    1904384,    1904384,    1904384
39,    2581468,     27.0,     28.0,     28.0,     78.0,  4,  5,  6,  4,    1904037,    1904037,    1904037,    1904037
39,    1942936,     26.0,     26.0,     26.0,     77.0,  9, 10, 11,  9,    1953787,    1953787,    1953787,    1953787
39,    1942953,     25.0,     23.0,     28.0,     84.0, 12, 12, 12, 10,    1953791,    1953791,    1953791,    1953791
39,    1947095,     59.0,     56.0,     56.0,    165.0,  9, 12, 12, 10,    1956452,    1956452,    1956452,    1956452
39,    2372207,     45.0,     44.0,     44.0,    126.0,  4,  5,  6,  5,    2372207,    2372207,    2372207,    2372207
39,    2189612,     45.0,     44.0,     44.0,    125.0,  4,  5,  6,  5,    2189612,    2189612,    2189612,    2189612
39,    2239774,     19.0,     20.0,     19.0,     58.0,  9, 10, 11,  9,    2186663,    2186663,    2186663,    2186663
39,    2524115,     19.0,     19.0,     19.0,     58.0,  9, 10, 11,  9,    2371370,    2371370,    2371370,    2371370
39,    2580580,     20.0,     20.0,     19.0,     58.0,  9, 10, 12, 10,    2186669,    2186669,    2186669,    2186669
39,    2239803,     19.0,     19.0,     19.0,     57.0,  9, 10, 12, 10,    2186672,    2186672,    2186672,    2186672
39,    2475650,     26.0,     27.0,     26.0,     74.0,  4,  5,  6,  4,    2475650,    2475650,    2475650,    2475650
39,    2239793,     20.0,     20.0,     19.0,     58.0,  9, 10, 12, 10,    2186669,    2186669,    2186669,    2186669
39,    2524139,     20.0,     20.0,     20.0,     59.0,  9, 10, 11,  9,    2371378,    2371378,    2371378,    2371378
39,    2578521,     51.0,     52.0,     52.0,    146.0,  4,  5,  6,  4,    1903685,    2578521,    1903685,    2578521
39,    1903690,     20.0,     20.0,     20.0,     58.0,  9, 10, 11,  9,    1934372,    1934372,    1934372,    1934372
39,    1903695,     47.0,     48.0,     48.0,    134.0,  4,  5,  6,  4,    1903695,    1903695,    1903695,    1903695
39,    3525454,     18.0,     19.0,     18.0,     52.0,  4,  5,  6,  4,    3525454,    3525454,    3525454,    3525454
39,    1903920,     20.0,     20.0,     20.0,     59.0,  9, 10, 11,  9,    1934522,    1934522,    1934522,    1934522
39,    2579147,     61.0,     61.0,     61.0,    179.0,  9, 10, 11,  9,    2186681,    2186681,    2186681,    2186681
39,    2579364,     30.0,     30.0,     30.0,     87.0,  4,  5,  6,  4,    2524230,    2524230,    2524230,    2524230
39,    2524230,     22.0,     22.0,     22.0,     63.0,  4,  5,  6,  4,    2524230,    2524230,    2524230,    2524230
39,    2524214,     39.0,     39.0,     39.0,    111.0,  4,  5,  6,  5,    2524214,    2524214,    2524214,    2524214
39,    2579348,     28.0,     28.0,     29.0,     82.0,  4,  5,  6,  4,    2524255,    2524255,    2524255,    2524255
39,    2524255,     22.0,     22.0,     22.0,     64.0,  4,  5,  6,  4,    2524255,    2524255,    2524255,    2524255
39,    2524265,     17.0,     17.0,     17.0,     49.0,  4,  5,  6,  4,    2524265,    2524265,    2524265,    2524265
39,    2524270,     18.0,     18.0,     18.0,     52.0,  4,  5,  6,  4,    2524270,    2524270,    2524270,    2524270
39,    2579394,     19.0,     19.0,     19.0,     55.0,  4,  5,  6,  4,    2524245,    2524245,    2524245,    2524245
39,    2579409,     17.0,     17.0,     17.0,     48.0,  4,  5,  6,  4,    2524245,    2524245,    2524245,    2524245
39,    2524245,     14.0,     14.0,     14.0,     42.0,  4,  5,  6,  4,    2524245,    2524245,    2524245,    2524245
39,    2579444,     13.0,     13.0,     13.0,     37.0,  4,  5,  6,  4,    2524295,    2524295,    2524295,    2524295
39,    2524295,     11.0,     11.0,     11.0,     33.0,  4,  5,  6,  4,    2524295,    2524295,    2524295,    2524295
39,    2524300,     11.0,     11.0,     11.0,     33.0,  4,  5,  6,  4,    2524295,    2524295,    2524295,    2524295
39,    2524310,     11.0,     11.0,     11.0,     33.0,  4,  5,  6,  4,    2524295,    2524295,    2524295,    2524295
39,    3525437,     15.0,     16.0,     16.0,     44.0,  4,  5,  6,  4,    3525437,    3525437,    3525437,    3525437
39,    2475645,     22.0,     23.0,     23.0,     64.0,  4,  5,  6,  4,    2475645,    2475645,    2475645,    2475645
39,    3612708,     25.0,     26.0,     25.0,     76.0,  9, 10, 11, 11,    2846700,    2846700,    2846700,    2846700
40,    2580315,     23.0,     23.0,     23.0,     67.0,  4,  5,  6,  4,    2524230,    2524230,    2524230,    2524230
40,    2239779,     71.0,     73.0,     71.0,    212.0, 12, 12, 12,  9,    2186677,    2186677,    2186677,    2186677
40,    2522946,     15.0,     15.0,     15.0,     43.0,  4,  5,  6,  4,    2522946,    2522946,    2522946,    2522946
40,    1903706,     42.0,     43.0,     42.0,    120.0,  4,  5,  6,  4,    1903705,    1903705,    1903705,    1903705
40,    2524230,     22.0,     22.0,     22.0,     63.0,  4,  5,  6,  4,    2524230,    2524230,    2524230,    2524230
40,    1899476,     25.0,     25.0,     25.0,     76.0,  9, 10, 11,  9,    1931587,    1931587,    1931587,    1931587
40,    1903982,     27.0,     28.0,     27.0,     77.0,  4,  5,  6,  4,    1903982,    1903982,    1903982,    1903982
40,    1903700,     20.0,     20.0,     20.0,     59.0,  9, 10, 11,  9,    1934377,    1934377,    1934377,    1934377
40,    1903719,     20.0,     20.0,     20.0,     58.0,  9, 10, 11, 10,    1934391,    1934391,    1934391,    1934391
40,    1903729,     20.0,     20.0,     20.0,     58.0,  9, 10, 11,  9,    1934394,    1934394,    1934394,    1934394
40,    2524202,     40.0,     41.0,     40.0,    114.0,  4,  5,  6,  4,    1903705,    1903705,    1903705,    1903705
40,    2524213,     20.0,     20.0,     20.0,     59.0,  9, 10, 11,  9,    1934407,    1934407,    1934407,    1934407
40,    1903783,     20.0,     20.0,     20.0,     59.0,  9, 10, 11,  9,    1934417,    1934417,    1934417,    1934417
40,    1903835,     20.0,     20.0,     20.0,     59.0,  9, 10, 11,  9,    1934471,    1934471,    1934471,    1934471
40,    1903860,     28.0,     27.0,     27.0,     80.0,  4, 12, 12,  9,    1903860,    1934493,    1934493,    1934493
40,    1903900,     19.0,     20.0,     19.0,     56.0,  4,  5,  6,  4,    1903900,    1903900,    1903900,    1903900
40,    1903976,     29.0,     30.0,     30.0,     84.0,  4,  5,  6,  4,    1903976,    1903976,    1903976,    1903976
40,    1904017,     18.0,     19.0,     18.0,     52.0,  4,  5,  6,  4,    1904017,    1904017,    1904017,    1904017
40,    1904379,     22.0,     23.0,     23.0,     64.0,  4,  5,  6,  4,    1904379,    1904379,    1904374,    1904379
40,    1904389,     21.0,     21.0,     21.0,     60.0,  4,  5,  6,  4,    1904384,    1904389,    1904384,    1904384
40,    1904394,     21.0,     21.0,     21.0,     60.0,  4,  5,  6,  4,    1904384,    1904394,    1904384,    1904384
40,    2581468,     27.0,     28.0,     28.0,     79.0,  4,  5,  6,  4,    1904037,    1904037,    1904037,    1904037
40,    1942936,     26.0,     26.0,     26.0,     77.0,  9, 10, 11,  9,    1953787,    1953787,    1953787,    1953787
40,    1942953,     25.0,     25.0,     27.0,     81.0, 12, 12, 12,  9,    1953791,    1953791,    1953791,    1953791
40,    1947095,     58.0,     57.0,     56.0,    165.0,  9, 10, 12, 10,    1956452,    1956452,    1956452,    1956452
40,    2372207,     45.0,     44.0,     44.0,    126.0,  4,  5,  6,  5,    2372207,    2372207,    2372207,    2372207
40,    2189612,     44.0,     44.0,     44.0,    125.0,  4,  5,  6,  5,    2189612,    2189612,    2189612,    2189612
40,    2239774,     19.0,     20.0,     19.0,     58.0,  9, 10, 11,  9,    2186663,    2186663,    2186663,    2186663
40,    2524115,     19.0,     19.0,     19.0,     58.0,  9, 10, 11,  9,    2371370,    2371370,    2371370,    2371370
40,    2580580,     20.0,     20.0,     19.0,     58.0,  9, 10, 12, 10,    2186669,    2186669,    2186669,    2186669
40,    2239803,     19.0,     19.0,     19.0,     57.0,  9, 10, 11, 10,    2186672,    2186672,    2186672,    2186672
40,    2475650,     26.0,     27.0,     26.0,     74.0,  4,  5,  6,  4,    2475650,    2475650,    2475650,    2475650
40,    2239793,     20.0,     20.0,     19.0,     59.0,  9, 10, 12,  9,    2186669,    2186669,    2186669,    2186669
40,    2524139,     20.0,     20.0,     20.0,     59.0,  9, 10, 11,  9,    2371378,    2371378,    2371378,    2371378
40,    2578521,     51.0,     52.0,     51.0,    146.0,  4,  5,  6,  4,    2578521,    2578521,    2578521,    2578521
40,    1903690,     20.0,     20.0,     20.0,     58.0,  9, 10, 11,  9,    1934372,    1934372,    1934372,    1934372
40,    1903695,     47.0,     48.0,     47.0,    134.0,  4,  5,  6,  4,    1903695,    1903695,    1903695,    1903695
40,    3525454,     18.0,     19.0,     18.0,     52.0,  4,  5,  6,  4,    3525454,    3525454,    3525454,    3525454
40,    1903920,     20.0,     20.0,     20.0,     59.0,  9, 10, 11,  9,    1934522,    1934522,    1934522,    1934522
40,    2579147,     61.0,     61.0,     61.0,    179.0,  9, 10, 11,  9,    2186681,    2186681,    2186681,    2186681
40,    2579364,     30.0,     30.0,     30.0,     87.0,  4,  5,  6,  4,    2524230,    2524230,    2524230,    2524230
40,    2524230,     22.0,     22.0,     22.0,     63.0,  4,  5,  6,  4,    2524230,    2524230,    2524230,    2524230
40,    2524214,     39.0,     39.0,     39.0,    111.0,  4,  5,  6,  5,    2524214,    2524214,    2524214,    2524214
40,    2579348,     29.0,     28.0,     28.0,     82.0,  4,  5,  6,  4,    2524255,    2524255,    2524255,    2524255
40,    2524255,     22.0,     22.0,     22.0,     64.0,  4,  5,  6,  4,    2524255,    2524255,    2524255,    2524255
40,    2524265,     17.0,     17.0,     17.0,     49.0,  4,  5,  6,  4,    2524265,    2524265,    2524265,    2524265
40,    2524270,     18.0,     18.0,     18.0,     52.0,  4,  5,  6,  4,    2524270,    2524270,    2524270,    2524270
40,    2579394,     19.0,     19.0,     19.0,     55.0,  4,  5,  6,  4,    2524245,    2524245,    2524245,    2524245
40,    2579409,     17.0,     17.0,     17.0,     48.0,  4,  5,  6,  4,    2524245,    2524245,    2524245,    2524245
40,    2524245,     14.0,     14.0,     14.0,     42.0,  4,  5,  6,  4,    2524245,    2524245,    2524245,    2524245
40,    2579444,     13.0,     13.0,     13.0,     37.0,  4,  5,  6,  4,    2524295,    2524295,    2524295,    2524295
40,    2524295,     11.0,     11.0,     11.0,     33.0,  4,  5,  6,  4,    2524295,    2524295,    2524295,    2524295
40,    2524300,     11.0,     11.0,     11.0,     33.0,  4,  5,  6,  4,    2524295,    2524295,    2524295,    2524295
40,    2524310,     11.0,     11.0,     11.0,     33.0,  4,  5,  6,  4,    2524295,    2524295,    2524295,    2524295
40,    3525437,     15.0,     16.0,     15.0,     44.0,  4,  5,  6,  4,    3525437,    3525437,    3525437,    3525437
40,    2475645,     22.0,     23.0,     22.0,     65.0,  4,  5,  6,  4,    2475645,    2475645,    2475645,    2475645
40,    3612708,     25.0,     26.0,     25.0,     77.0,  9, 10, 11,  9,    2846700,    2846700,    2846700,    2846700
41,    2580315,     23.0,     23.0,     23.0,     67.0,  4,  5,  6,  4,    2524230,    2524230,    2524230,    2524230
41,    2239779,     69.0,     74.0,     71.0,    211.0, 12, 12, 12,  9,    2186677,    2186677,    2186677,    2186677
41,    2522946,     15.0,     16.0,     15.0,     43.0,  4,  5,  6,  4,    2522946,    2522946,    2522946,    2522946
41,    1903706,     42.0,     44.0,     42.0,    120.0,  4,  5,  6,  4,    1903705,    1903705,    1903705,    1903705
41,    2524230,     22.0,     22.0,     22.0,     63.0,  4,  5,  6,  4,    2524230,    2524230,    2524230,    2524230
41,    1899476,     25.0,     25.0,     25.0,     76.0,  9, 10, 11,  9,    1931587,    1931587,    1931587,    1931587
41,    1903982,     27.0,     29.0,     27.0,     77.0,  4,  5,  6,  4,    1903982,    1903982,    1903982,    1903982
41,    1903700,     20.0,     20.0,     20.0,     58.0,  9, 10, 11, 10,    1934377,    1934377,    1934377,    1934377
41,    1903719,     20.0,     20.0,     20.0,     58.0,  9, 10, 11, 10,    1934391,    1934391,    1934391,    1934391
41,    1903729,     20.0,     19.0,     20.0,     58.0,  9, 12, 11,  9,    1934394,    1934394,    1934394,    1934394
41,    2524202,     40.0,     42.0,     40.0,    114.0,  4,  5,  6,  4,    1903705,    1903705,    1903705,    1903705
41,    2524213,     19.0,     21.0,     19.0,     59.0, 12, 10, 12,  9,    1934407,    1934407,    1934407,    1934407
41,    1903783,     20.0,     20.0,     20.0,     59.0,  9, 10, 11,  9,    1934417,    1934417,    1934417,    1934417
41,    1903835,     20.0,     20.0,     20.0,     59.0,  9, 10, 11,  9,    1934471,    1934471,    1934471,    1934471
41,    1903860,     27.0,     27.0,     28.0,     80.0, 12, 12,  6,  9,    1934493,    1934493,    1903860,    1934493
41,    1903900,     19.0,     20.0,     19.0,     56.0,  4, 12,  6,  4,    1903900,    1934516,    1903900,    1903900
41,    1903976,     29.0,     31.0,     30.0,     84.0,  4,  5,  6,  4,    1903976,    1903976,    1903976,    1903976
41,    1904017,     18.0,     19.0,     18.0,     52.0,  4,  5,  6,  4,    1904017,    1904017,    1904017,    1904017
41,    1904379,     22.0,     24.0,     22.0,     64.0,  4,  5,  6,  4,    1904379,    1904379,    1904379,    1904379
41,    1904389,     21.0,     22.0,     21.0,     60.0,  4,  5,  6,  4,    1904384,    1904384,    1904384,    1904384
41,    1904394,     21.0,     22.0,     21.0,     60.0,  4,  5,  6,  4,    1904384,    1904384,    1904384,    1904384
41,    2581468,     27.0,     29.0,     28.0,     79.0,  4,  5,  6,  4,    1904037,    1904037,    1904037,    1904037
41,    1942936,     26.0,     26.0,     26.0,     77.0,  9, 10, 11,  9,    1953787,    1953787,    1953787,    1953787
41,    1942953,     26.0,     26.0,     25.0,     83.0, 12, 12, 12, 11,    1953791,    1953791,    1953791,    1953791
41,    1947095,     58.0,     57.0,     57.0,    165.0,  9, 10, 11, 10,    1956452,    1956452,    1956452,    1956452
41,    2372207,     45.0,     44.0,     44.0,    125.0,  4,  5,  6,  5,    2372207,    2372207,    2372207,    2372207
41,    2189612,     44.0,     44.0,     44.0,    125.0,  4,  5,  6,  5,    2189612,    2189612,    2189612,    2189612
41,    2239774,     19.0,     20.0,     19.0,     58.0,  9, 10, 11,  9,    2186663,    2186663,    2186663,    2186663
41,    2524115,     19.0,     19.0,     19.0,     57.0,  9, 10, 11, 10,    2371370,    2371370,    2371370,    2371370
41,    2580580,     20.0,     20.0,     19.0,     58.0,  9, 10, 12, 10,    2186669,    2186669,    2186669,    2186669
41,    2239803,     18.0,     18.0,     20.0,     57.0, 12, 12, 11, 10,    2186672,    2186672,    2186672,    2186672
41,    2475650,     26.0,     27.0,     26.0,     74.0,  4,  5,  6,  4,    2475650,    2475650,    2475650,    2475650
41,    2239793,     20.0,     20.0,     19.0,     58.0,  9, 10, 12, 10,    2186669,    2186669,    2186669,    2186669
41,    2524139,     20.0,     20.0,     20.0,     59.0,  9, 10, 11,  9,    2371378,    2371378,    2371378,    2371378
41,    2578521,     51.0,     54.0,     51.0,    146.0,  4,  5,  6,  4,    2578521,    1903685,    2578521,    2578521
41,    1903690,     20.0,     20.0,     20.0,     58.0,  9, 10, 11,  9,    1934372,    1934372,    1934372,    1934372
41,    1903695,     47.0,     49.0,     47.0,    134.0,  4,  5,  6,  4,    1903695,    1903695,    1903695,    1903695
41,    3525454,     18.0,     19.0,     18.0,     52.0,  4,  5,  6,  4,    3525454,    3525454,    3525454,    3525454
41,    1903920,     20.0,     20.0,     20.0,     58.0,  9, 10, 11, 10,    1934522,    1934522,    1934522,    1934522
41,    2579147,     61.0,     61.0,     61.0,    179.0,  9, 10, 11,  9,    2186681,    2186681,    2186681,    2186681
41,    2579364,     30.0,     30.0,     30.0,     87.0,  4,  5,  6,  4,    2524230,    2524230,    2524230,    2524230
41,    2524230,     22.0,     22.0,     22.0,     63.0,  4,  5,  6,  4,    2524230,    2524230,    2524230,    2524230
41,    2524214,     39.0,     39.0,     39.0,    111.0,  4,  5,  6,  5,    2524214,    2524214,    2524214,    2524214
41,    2579348,     29.0,     28.0,     28.0,     82.0,  4,  5,  6,  4,    2524255,    2524255,    2524255,    2524255
41,    2524255,     22.0,     22.0,     22.0,     64.0,  4,  5,  6,  4,    2524255,    2524255,    2524255,    2524255
41,    2524265,     17.0,     17.0,     17.0,     49.0,  4,  5,  6,  4,    2524265,    2524265,    2524265,    2524265
41,    2524270,     18.0,     18.0,     18.0,     52.0,  4,  5,  6,  4,    2524270,    2524270,    2524270,    2524270
41,    2579394,     19.0,     19.0,     19.0,     55.0,  4,  5,  6,  4,    2524245,    2524245,    2524245,    2524245
41,    2579409,     17.0,     17.0,     17.0,     48.0,  4,  5,  6,  4,    2524245,    2524245,    2524245,    2524245
41,    2524245,     14.0,     14.0,     14.0,     42.0,  4,  5,  6,  4,    2524245,    2524245,    2524245,    2524245
41,    2579444,     13.0,     13.0,     13.0,     37.0,  4,  5,  6,  4,    2524295,    2524295,    2524295,    2524295
41,    2524295,     11.0,     11.0,     11.0,     33.0,  4,  5,  6,  4,    2524295,    2524295,    2524295,    2524295
41,    2524300,     11.0,     11.0,     11.0,     33.0,  4,  5,  6,  4,    2524295,    2524295,    2524295,    2524295
41,    2524310,     11.0,     11.0,     11.0,     33.0,  4,  5,  6,  4,    2524295,    2524295,    2524295,    2524295
41,    3525437,     15.0,     16.0,     15.0,     44.0,  4,  5,  6,  4,    3525437,    3525437,    3525437,    3525437
41,    2475645,     22.0,     24.0,     22.0,     64.0,  4,  5,  6,  4,    2475645,    2475645,    2475645,    2475645
41,    3612708,     25.0,     27.0,     25.0,     77.0,  9, 10, 12,  9,    2846700,    2846700,    2846700,    2846700
42,    2580315,     23.0,     23.0,     23.0,     67.0,  4,  5,  6,  4,    2524230,    2524230,    2524230,    2524230
42,    2239779,     70.0,     72.0,     72.0,    211.0, 12, 12, 12,  9,    2186677,    2186677,    2186677,    2186677
42,    2522946,     15.0,     15.0,     15.0,     43.0,  4,  5,  6,  4,    2522946,    2522946,    2522946,    2522946
42,    1903706,     42.0,     43.0,     43.0,    119.0,  4,  5,  6,  4,    1903705,    1903705,    1903705,    1903705
42,    2524230,     22.0,     22.0,     22.0,     63.0,  4,  5,  6,  4,    2524230,    2524230,    2524230,    2524230
42,    1899476,     25.0,     25.0,     25.0,     76.0,  9, 10, 11,  9,    1931587,    1931587,    1931587,    1931587
42,    1903982,     27.0,     28.0,     27.0,     77.0,  4,  5,  6,  4,    1903982,    1903982,    1903982,    1903982
42,    1903700,     20.0,     20.0,     20.0,     59.0,  9, 10, 11,  9,    1934377,    1934377,    1934377,    1934377
42,    1903719,     20.0,     20.0,     20.0,     58.0,  9, 10, 11, 10,    1934391,    1934391,    1934391,    1934391
42,    1903729,     20.0,     20.0,     20.0,     58.0,  9, 10, 11,  9,    1934394,    1934394,    1934394,    1934394
42,    2524202,     40.0,     41.0,     40.0,    113.0,  4,  5,  6,  4,    1903705,    1903705,    1903705,    1903705
42,    2524213,     20.0,     20.0,     20.0,     59.0,  9, 10, 11,  9,    1934407,    1934407,    1934407,    1934407
42,    1903783,     20.0,     20.0,     20.0,     59.0,  9, 10, 11,  9,    1934417,    1934417,    1934417,    1934417
42,    1903835,     20.0,     20.0,     20.0,     59.0,  9, 10, 11,  9,    1934471,    1934471,    1934471,    1934471
42,    1903860,     27.0,     27.0,     28.0,     80.0, 12, 12, 11,  4,    1934493,    1934493,    1934493,    1903860
42,    1903900,     19.0,     20.0,     20.0,     55.0,  4,  5,  6,  4,    1903900,    1903900,    1903900,    1903900
42,    1903976,     29.0,     30.0,     30.0,     84.0,  4,  5,  6,  4,    1903976,    1903976,    1903976,    1903976
42,    1904017,     18.0,     19.0,     18.0,     52.0,  4,  5,  6,  4,    1904017,    1904017,    1904017,    1904017
42,    1904379,     22.0,     23.0,     23.0,     64.0,  4,  5,  6,  4,    1904379,    1904379,    1904379,    1904379
42,    1904389,     21.0,     21.0,     21.0,     59.0,  4,  5,  6,  4,    1904384,    1904384,    1904384,    1904389
42,    1904394,     21.0,     21.0,     21.0,     60.0,  4,  5,  6,  4,    1904384,    1904384,    1904384,    1904384
42,    2581468,     27.0,     28.0,     28.0,     78.0,  4,  5,  6,  4,    1904037,    1904037,    1904037,    1904037
42,    1942936,     26.0,     26.0,     26.0,     77.0,  9, 10, 11,  9,    1953787,    1953787,    1953787,    1953787
42,    1942953,     27.0,     25.0,     25.0,     80.0, 12, 12, 12, 10,    1953791,    1953791,    1953791,    1953791
42,    1947095,     57.0,     57.0,     57.0,    165.0,  9, 10, 11, 10,    1956452,    1956452,    1956452,    1956452
42,    2372207,     45.0,     44.0,     44.0,    125.0,  4,  5,  6,  6,    2372207,    2372207,    2372207,    2372207
42,    2189612,     44.0,     44.0,     44.0,    125.0,  4,  5,  6,  5,    2189612,    2189612,    2189612,    2189612
42,    2239774,     19.0,     19.0,     19.0,     58.0,  9, 10, 11,  9,    2186663,    2186663,    2186663,    2186663
42,    2524115,     19.0,     19.0,     19.0,     58.0,  9, 10, 11,  9,    2371370,    2371370,    2371370,    2371370
42,    2580580,     20.0,     20.0,     19.0,     58.0,  9, 10, 12, 10,    2186669,    2186669,    2186669,    2186669
42,    2239803,     19.0,     19.0,     20.0,     57.0,  9, 10, 11, 10,    2186672,    2186672,    2186672,    2186672
42,    2475650,     26.0,     26.0,     26.0,     74.0,  4,  5,  6,  4,    2475650,    2475650,    2475650,    2475650
42,    2239793,     20.0,     20.0,     19.0,     59.0,  9, 10, 12,  9,    2186669,    2186669,    2186669,    2186669
42,    2524139,     20.0,     20.0,     20.0,     59.0,  9, 10, 11,  9,    2371378,    2371378,    2371378,    2371378
42,    2578521,     51.0,     52.0,     52.0,    145.0,  4,  5,  6,  4,    1903685,    1903685,    1903685,    2578521
42,    1903690,     20.0,     20.0,     20.0,     58.0,  9, 10, 11,  9,    1934372,    1934372,    1934372,    1934372
42,    1903695,     47.0,     48.0,     48.0,    133.0,  4,  5,  6,  4,    1903695,    1903695,    1903695,    1903695
42,    3525454,     18.0,     18.0,     18.0,     52.0,  4,  5,  6,  4,    3525454,    3525454,    3525454,    3525454
42,    1903920,     20.0,     20.0,     20.0,     59.0,  9, 10, 11,  9,    1934522,    1934522,    1934522,    1934522
42,    2579147,     61.0,     61.0,     61.0,    179.0,  9, 10, 11,  9,    2186681,    2186681,    2186681,    2186681
42,    2579364,     30.0,     30.0,     30.0,     87.0,  4,  5,  6,  4,    2524230,    2524230,    2524230,    2524230
42,    2524230,     22.0,     22.0,     22.0,     63.0,  4,  5,  6,  4,    2524230,    2524230,    2524230,    2524230
42,    2524214,     39.0,     39.0,     39.0,    111.0,  4,  5,  6,  5,    2524214,    2524214,    2524214,    2524214
42,    2579348,     29.0,     28.0,     28.0,     82.0,  4,  5,  6,  4,    2524255,    2524255,    2524255,    2524255
42,    2524255,     22.0,     22.0,     22.0,     64.0,  4,  5,  6,  4,    2524255,    2524255,    2524255,    2524255
42,    2524265,     17.0,     17.0,     17.0,     49.0,  4,  5,  6,  4,    2524265,    2524265,    2524265,    2524265
42,    2524270,     18.0,     18.0,     18.0,     52.0,  4,  5,  6,  4,    2524270,    2524270,    2524270,    2524270
42,    2579394,     19.0,     19.0,     19.0,     55.0,  4,  5,  6,  4,    2524245,    2524245,    2524245,    2524245
42,    2579409,     17.0,     17.0,     17.0,     48.0,  4,  5,  6,  4,    2524245,    2524245,    2524245,    2524245
42,    2524245,     14.0,     14.0,     14.0,     42.0,  4,  5,  6,  4,    2524245,    2524245,    2524245,    2524245
42,    2579444,     13.0,     13.0,     13.0,     37.0,  4,  5,  6,  4,    2524295,    2524295,    2524295,    2524295
42,    2524295,     11.0,     11.0,     11.0,     33.0,  4,  5,  6,  4,    2524295,    2524295,    2524295,    2524295
42,    2524300,     11.0,     11.0,     11.0,     33.0,  4,  5,  6,  4,    2524295,    2524295,    2524295,    2524295
42,    2524310,     11.0,     11.0,     11.0,     33.0,  4,  5,  6,  4,    2524295,    2524295,    2524295,    2524295
42,    3525437,     15.0,     16.0,     16.0,     44.0,  4,  5,  6,  4,    3525437,    3525437,    3525437,    3525437
42,    2475645,     22.0,     23.0,     23.0,     64.0,  4,  5,  6,  4,    2475645,    2475645,    2475645,    2475645
42,    3612708,     25.0,     26.0,     25.0,     76.0,  9, 10, 11,  9,    2846700,    2846700,    2846700,    2846700
43,    2580315,     23.0,     23.0,     23.0,     67.0,  4,  5,  6,  4,    2524230,    2524230,    2524230,    2524230
43,    2239779,     70.0,     72.0,     72.0,    211.0, 12, 12, 12,  9,    2186677,    2186677,    2186677,    2186677
43,    2522946,     15.0,     16.0,     15.0,     43.0,  4,  5,  6,  4,    2522946,    2522946,    2522946,    2522946
43,    1903706,     42.0,     43.0,     42.0,    120.0,  4,  5,  6,  4,    1903705,    1903705,    1903705,    1903705
43,    2524230,     22.0,     22.0,     22.0,     63.0,  4,  5,  6,  4,    2524230,    2524230,    2524230,    2524230
43,    1899476,     25.0,     25.0,     25.0,     76.0,  9, 10, 11,  9,    1931587,    1931587,    1931587,    1931587
43,    1903982,     27.0,     28.0,     27.0,     77.0,  4,  5,  6,  4,    1903982,    1903982,    1903982,    1903982
43,    1903700,     20.0,     20.0,     20.0,     59.0,  9, 10, 11,  9,    1934377,    1934377,    1934377,    1934377
43,    1903719,     20.0,     20.0,     19.0,     58.0,  9, 10, 12, 10,    1934391,    1934391,    1934391,    1934391
43,    1903729,     20.0,     20.0,     20.0,     58.0,  9, 10, 11,  9,    1934394,    1934394,    1934394,    1934394
43,    2524202,     40.0,     41.0,     40.0,    114.0,  4,  5,  6,  4,    1903705,    1903705,    1903705,    1903705
43,    2524213,     20.0,     20.0,     20.0,     59.0,  9, 10, 11,  9,    1934407,    1934407,    1934407,    1934407
43,    1903783,     20.0,     20.0,     20.0,     59.0,  9, 10, 11,  9,    1934417,    1934417,    1934417,    1934417
43,    1903835,     20.0,     20.0,     20.0,     59.0,  9, 10, 11,  9,    1934471,    1934471,    1934471,    1934471
43,    1903860,     27.0,     28.0,     28.0,     80.0, 12, 10,  6,  4,    1934493,    1934493,    1903860,    1903860
43,    1903900,     19.0,     20.0,     19.0,     56.0,  4,  5,  6,  4,    1903900,    1903900,    1903900,    1903900
43,    1903976,     29.0,     31.0,     30.0,     84.0,  4,  5,  6,  4,    1903976,    1903976,    1903976,    1903976
43,    1904017,     18.0,     19.0,     18.0,     52.0,  4,  5,  6,  4,    1904017,    1904017,    1904017,    1904017
43,    1904379,     22.0,     23.0,     23.0,     64.0,  4,  5,  6,  4,    1904379,    1904379,    1904374,    1904379
43,    1904389,     21.0,     22.0,     21.0,     60.0,  4,  5,  6,  4,    1904384,    1904384,    1904384,    1904384
43,    1904394,     21.0,     22.0,     21.0,     60.0,  4,  5,  6,  4,    1904384,    1904384,    1904384,    1904384
43,    2581468,     27.0,     29.0,     28.0,     78.0,  4,  5,  6,  4,    1904037,    1904037,    1904037,    1904037
43,    1942936,     26.0,     26.0,     26.0,     77.0,  9, 10, 11,  9,    1953787,    1953787,    1953787,    1953787
43,    1942953,     24.0,     24.0,     28.0,     80.0, 12, 12, 12,  9,    1953791,    1953791,    1953791,    1953791
43,    1947095,     57.0,     57.0,     57.0,    165.0,  9, 10, 11, 10,    1956452,    1956452,    1956452,    1956452
43,    2372207,     44.0,     44.0,     44.0,    126.0,  4,  5,  6,  4,    2372207,    2372207,    2372207,    2372207
43,    2189612,     44.0,     44.0,     44.0,    125.0,  4,  5,  6,  4,    2189612,    2189612,    2189612,    2189612
43,    2239774,     19.0,     19.0,     19.0,     58.0,  9, 10, 11,  9,    2186663,    2186663,    2186663,    2186663
43,    2524115,     19.0,     19.0,     19.0,     58.0,  9, 10, 11,  9,    2371370,    2371370,    2371370,    2371370
43,    2580580,     20.0,     20.0,     19.0,     58.0,  9, 10, 12, 10,    2186669,    2186669,    2186669,    2186669
43,    2239803,     18.0,     18.0,     20.0,     57.0, 12, 12, 11, 10,    2186672,    2186672,    2186672,    2186672
43,    2475650,     26.0,     27.0,     26.0,     74.0,  4,  5,  6,  4,    2475650,    2475650,    2475650,    2475650
43,    2239793,     20.0,     20.0,     19.0,     58.0,  9, 10, 12, 10,    2186669,    2186669,    2186669,    2186669
43,    2524139,     20.0,     20.0,     20.0,     59.0,  9, 10, 11,  9,    2371378,    2371378,    2371378,    2371378
43,    2578521,     51.0,     53.0,     52.0,    146.0,  4,  5,  6,  4,    2578521,    1903685,    1903685,    2578521
43,    1903690,     20.0,     20.0,     20.0,     58.0,  9, 10, 11,  9,    1934372,    1934372,    1934372,    1934372
43,    1903695,     47.0,     49.0,     47.0,    134.0,  4,  5,  6,  4,    1903695,    1903695,    1903695,    1903695
43,    3525454,     18.0,     19.0,     18.0,     52.0,  4,  5,  6,  4,    3525454,    3525454,    3525454,    3525454
43,    1903920,     20.0,     20.0,     20.0,     59.0,  9, 10, 11,  9,    1934522,    1934522,    1934522,    1934522
43,    2579147,     61.0,     61.0,     61.0,    179.0,  9, 10, 11,  9,    2186681,    2186681,    2186681,    2186681
43,    2579364,     30.0,     30.0,     30.0,     87.0,  4,  5,  6,  4,    2524230,    2524230,    2524230,    2524230
43,    2524230,     22.0,     22.0,     22.0,     63.0,  4,  5,  6,  4,    2524230,    2524230,    2524230,    2524230
43,    2524214,     39.0,     39.0,     39.0,    111.0,  4,  5,  6,  4,    2524214,    2524214,    2524214,    2524214
43,    2579348,     28.0,     29.0,     28.0,     82.0,  4,  5,  6,  4,    2524255,    2524255,    2524255,    2524255
43,    2524255,     22.0,     22.0,     22.0,     64.0,  4,  5,  6,  4,    2524255,    2524255,    2524255,    2524255
43,    2524265,     17.0,     17.0,     17.0,     49.0,  4,  5,  6,  4,    2524265,    2524265,    2524265,    2524265
43,    2524270,     18.0,     18.0,     18.0,     52.0,  4,  5,  6,  4,    2524270,    2524270,    2524270,    2524270
43,    2579394,     19.0,     19.0,     19.0,     55.0,  4,  5,  6,  4,    2524245,    2524245,    2524245,    2524245
43,    2579409,     17.0,     17.0,     17.0,     48.0,  4,  5,  6,  4,    2524245,    2524245,    2524245,    2524245
43,    2524245,     14.0,     14.0,     14.0,     42.0,  4,  5,  6,  4,    2524245,    2524245,    2524245,    2524245
43,    2579444,     13.0,     13.0,     13.0,     37.0,  4,  5,  6,  4,    2524295,    2524295,    2524295,    2524295
43,    2524295,     11.0,     11.0,     11.0,     33.0,  4,  5,  6,  4,    2524295,    2524295,    2524295,    2524295
43,    2524300,     11.0,     11.0,     11.0,     33.0,  4,  5,  6,  4,    2524295,    2524295,    2524295,    2524295
43,    2524310,     11.0,     11.0,     11.0,     33.0,  4,  5,  6,  4,    2524295,    2524295,    2524295,    2524295
43,    3525437,     15.0,     16.0,     15.0,     44.0,  4,  5,  6,  4,    3525437,    3525437,    3525437,    3525437
43,    2475645,     22.0,     23.0,     22.0,     64.0,  4,  5,  6,  4,    2475645,    2475645,    2475645,    2475645
43,    3612708,     26.0,     26.0,     25.0,     76.0,  9, 10, 11, 11,    2846700,    2846700,    2846700,    2846700
44,    2580315,     23.0,     23.0,     23.0,     67.0,  4,  5,  6,  4,    2524230,    2524230,    2524230,    2524230
44,    2239779,     70.0,     74.0,     70.0,    213.0, 12, 12, 12,  9,    2186677,    2186677,    2186677,    2186677
44,    2522946,     15.0,     16.0,     15.0,     43.0,  4,  5,  6,  6,    2522946,    2522946,    2522946,    2522946
44,    1903706,     43.0,     44.0,     42.0,    121.0,  4,  5,  6,  4,    1903705,    1903705,    1903705,    1903705
44,    2524230,     22.0,     22.0,     22.0,     63.0,  4,  5,  6,  4,    2524230,    2524230,    2524230,    2524230
44,    1899476,     25.0,     25.0,     25.0,     76.0,  9, 10, 11,  9,    1931587,    1931587,    1931587,    1931587
44,    1903982,     27.0,     29.0,     27.0,     78.0,  4,  5,  6,  4,    1903982,    1903982,    1903982,    1903982
44,    1903700,     20.0,     20.0,     20.0,     59.0,  9, 10, 11,  9,    1934377,    1934377,    1934377,    1934377
44,    1903719,     20.0,     20.0,     20.0,     58.0,  9, 10, 11, 10,    1934391,    1934391,    1934391,    1934391
44,    1903729,     20.0,     19.0,     20.0,     58.0,  9, 12, 11,  9,    1934394,    1934394,    1934394,    1934394
44,    2524202,     40.0,     42.0,     40.0,    115.0,  4,  5,  6,  4,    1903705,    1903705,    1903705,    1903705
44,    2524213,     19.0,     21.0,     20.0,     59.0, 12, 10, 11,  9,    1934407,    1934407,    1934407,    1934407
44,    1903783,     20.0,     20.0,     20.0,     59.0,  9, 10, 11,  9,    1934417,    1934417,    1934417,    1934417
44,    1903835,     20.0,     20.0,     20.0,     59.0,  9, 10, 11,  9,    1934471,    1934471,    1934471,    1934471
44,    1903860,     27.0,     28.0,     27.0,     80.0, 12, 10, 12, 10,    1934493,    1934493,    1934493,    1934493
44,    1903900,     20.0,     21.0,     19.0,     56.0,  4,  5,  6,  6,    1903900,    1903900,    1903900,    1903900
44,    1903976,     30.0,     31.0,     30.0,     85.0,  4,  5,  6,  4,    1903976,    1903976,    1903976,    1903976
44,    1904017,     18.0,     19.0,     18.0,     53.0,  4,  5,  6,  4,    1904017,    1904017,    1904017,    1904017
44,    1904379,     23.0,     24.0,     23.0,     65.0,  4,  5,  6,  4,    1904379,    1904379,    1904379,    1904379
44,    1904389,     21.0,     22.0,     21.0,     61.0,  4,  5,  6,  4,    1904384,    1904384,    1904384,    1904384
44,    1904394,     21.0,     22.0,     21.0,     61.0,  4,  5,  6,  4,    1904384,    1904384,    1904384,    1904384
44,    2581468,     28.0,     29.0,     28.0,     79.0,  4,  5,  6,  6,    1904037,    1904037,    1904037,    1904037
44,    1942936,     26.0,     26.0,     26.0,     77.0,  9, 10, 11,  9,    1953787,    1953787,    1953787,    1953787
44,    1942953,     25.0,     26.0,     26.0,     82.0, 12, 12, 12,  9,    1953791,    1953791,    1953791,    1953791
44,    1947095,     58.0,     56.0,     57.0,    165.0,  9, 12, 11, 10,    1956452,    1956452,    1956452,    1956452
44,    2372207,     46.0,     44.0,     44.0,    126.0,  4,  5,  6,  5,    2372207,    2372207,    2372207,    2372207
44,    2189612,     45.0,     44.0,     44.0,    125.0,  4,  5,  6,  6,    2189612,    2189612,    2189612,    2189612
44,    2239774,     19.0,     19.0,     19.0,     58.0,  9, 10, 11,  9,    2186663,    2186663,    2186663,    2186663
44,    2524115,     19.0,     19.0,     19.0,     57.0,  9, 10, 11, 10,    2371370,    2371370,    2371370,    2371370
44,    2580580,     20.0,     20.0,     19.0,     58.0,  9, 10, 12, 10,    2186669,    2186669,    2186669,    2186669
44,    2239803,     19.0,     19.0,     20.0,     57.0,  9, 10, 11, 10,    2186672,    2186672,    2186672,    2186672
44,    2475650,     26.0,     27.0,     26.0,     75.0,  4,  5,  6,  4,    2475650,    2475650,    2475650,    2475650
44,    2239793,     20.0,     20.0,     19.0,     58.0,  9, 10, 12, 10,    2186669,    2186669,    2186669,    2186669
44,    2524139,     20.0,     20.0,     20.0,     59.0,  9, 10, 11,  9,    2371378,    2371378,    2371378,    2371378
44,    2578521,     52.0,     54.0,     52.0,    147.0,  4,  5,  6,  6,    1903685,    1903685,    1903685,    2578521
44,    1903690,     20.0,     20.0,     20.0,     58.0,  9, 10, 11,  9,    1934372,    1934372,    1934372,    1934372
44,    1903695,     48.0,     49.0,     47.0,    135.0,  4,  5,  6,  6,    1903695,    1903695,    1903695,    1903695
44,    3525454,     18.0,     19.0,     18.0,     52.0,  4,  5,  6,  6,    3525454,    3525454,    3525454,    3525454
44,    1903920,     20.0,     20.0,     20.0,     58.0,  9, 10, 11, 10,    1934522,    1934522,    1934522,    1934522
44,    2579147,     61.0,     61.0,     61.0,    179.0,  9, 10, 11,  9,    2186681,    2186681,    2186681,    2186681
44,    2579364,     30.0,     30.0,     30.0,     87.0,  4,  5,  6,  4,    2524230,    2524230,    2524230,    2524230
44,    2524230,     22.0,     22.0,     22.0,     63.0,  4,  5,  6,  4,    2524230,    2524230,    2524230,    2524230
44,    2524214,     39.0,     39.0,     39.0,    111.0,  4,  5,  6,  5,    2524214,    2524214,    2524214,    2524214
44,    2579348,     29.0,     28.0,     28.0,     82.0,  4,  5,  6,  4,    2524255,    2524255,    2524255,    2524255
44,    2524255,     22.0,     22.0,     22.0,     64.0,  4,  5,  6,  4,    2524255,    2524255,    2524255,    2524255
44,    2524265,     17.0,     17.0,     17.0,     49.0,  4,  5,  6,  4,    2524265,    2524265,    2524265,    2524265
44,    2524270,     18.0,     18.0,     18.0,     52.0,  4,  5,  6,  4,    2524270,    2524270,    2524270,    2524270
44,    2579394,     19.0,     19.0,     19.0,     55.0,  4,  5,  6,  4,    2524245,    2524245,    2524245,    2524245
44,    2579409,     17.0,     17.0,     17.0,     48.0,  4,  5,  6,  4,    2524245,    2524245,    2524245,    2524245
44,    2524245,     14.0,     14.0,     14.0,     42.0,  4,  5,  6,  4,    2524245,    2524245,    2524245,    2524245
44,    2579444,     13.0,     13.0,     13.0,     37.0,  4,  5,  6,  4,    2524295,    2524295,    2524295,    2524295
44,    2524295,     11.0,     11.0,     11.0,     33.0,  4,  5,  6,  4,    2524295,    2524295,    2524295,    2524295
44,    2524300,     11.0,     11.0,     11.0,     33.0,  4,  5,  6,  4,    2524295,    2524295,    2524295,    2524295
44,    2524310,     11.0,     11.0,     11.0,     33.0,  4,  5,  6,  4,    2524295,    2524295,    2524295,    2524295
44,    3525437,     15.0,     16.0,     15.0,     45.0,  4,  5,  6,  4,    3525437,    3525437,    3525437,    3525437
44,    2475645,     23.0,     24.0,     22.0,     65.0,  4,  5,  6,  4,    2475645,    2475645,    2475645,    2475645
44,    3612708,     25.0,     26.0,     25.0,     77.0,  9, 10, 11,  9,    2846700,    2846700,    2846700,    2846700
45,    2580315,     23.0,     23.0,     23.0,     67.0,  4,  5,  6,  4,    2524230,    2524230,    2524230,    2524230
45,    2239779,     70.0,     74.0,     70.0,    214.0, 12, 12, 12,  9,    2186677,    2186677,    2186677,    2186677
45,    2522946,     15.0,     16.0,     15.0,     44.0,  4,  5,  6,  4,    2522946,    2522946,    2522946,    2522946
45,    1903706,     43.0,     44.0,     43.0,    122.0,  4,  5,  6,  4,    1903705,    1903705,    1903705,    1903705
45,    2524230,     22.0,     22.0,     22.0,     63.0,  4,  5,  6,  4,    2524230,    2524230,    2524230,    2524230
45,    1899476,     25.0,     25.0,     25.0,     81.0, 12, 12, 12,  9,    1931587,    1931587,    1931587,    1931587
45,    1903982,     27.0,     29.0,     28.0,     79.0,  4,  5,  6,  4,    1903982,    1903982,    1903982,    1903982
45,    1903700,     20.0,     20.0,     20.0,     58.0,  9, 10, 11, 10,    1934377,    1934377,    1934377,    1934377
45,    1903719,     20.0,     20.0,     20.0,     58.0,  9, 10, 11, 10,    1934391,    1934391,    1934391,    1934391
45,    1903729,     20.0,     19.0,     20.0,     58.0,  9, 12, 11,  9,    1934394,    1934394,    1934394,    1934394
45,    2524202,     41.0,     42.0,     41.0,    116.0,  4,  5,  6,  4,    1903705,    1903705,    1903705,    1903705
45,    2524213,     20.0,     20.0,     20.0,     59.0,  9, 10, 11,  9,    1934407,    1934407,    1934407,    1934407
45,    1903783,     20.0,     20.0,     20.0,     59.0,  9, 10, 11,  9,    1934417,    1934417,    1934417,    1934417
45,    1903835,     20.0,     20.0,     20.0,     59.0,  9, 10, 11,  9,    1934471,    1934471,    1934471,    1934471
45,    1903860,     27.0,     28.0,     27.0,     80.0, 12, 10, 12,  9,    1934493,    1934493,    1934493,    1934493
45,    1903900,     20.0,     20.0,     20.0,     57.0,  4, 12,  6,  4,    1903900,    1934516,    1903900,    1903900
45,    1903976,     30.0,     31.0,     30.0,     86.0,  4,  5,  6,  4,    1903976,    1903976,    1903976,    1903976
45,    1904017,     18.0,     19.0,     18.0,     53.0,  4,  5,  6,  4,    1904017,    1904017,    1904017,    1904017
45,    1904379,     23.0,     24.0,     23.0,     66.0,  4,  5,  6,  4,    1904379,    1904379,    1904379,    1904379
45,    1904389,     21.0,     22.0,     21.0,     61.0,  4,  5,  6,  4,    1904384,    1904389,    1904389,    1904389
45,    1904394,     21.0,     22.0,     21.0,     61.0,  4,  5,  6,  4,    1904384,    1904384,    1904394,    1904394
45,    2581468,     28.0,     29.0,     28.0,     80.0,  4,  5,  6,  4,    1904037,    1904037,    1904037,    1904037
45,    1942936,     26.0,     26.0,     26.0,     77.0,  9, 10, 11,  9,    1953787,    1953787,    1953787,    1953787
45,    1942953,     24.0,     25.0,     28.0,     83.0, 12, 12, 12, 10,    1953791,    1953791,    1953791,    1953791
45,    1947095,     57.0,     57.0,     57.0,    165.0,  9, 10, 11, 10,    1956452,    1956452,    1956452,    1956452
45,    2372207,     44.0,     44.0,     44.0,    125.0,  4,  5,  6,  6,    2372207,    2372207,    2372207,    2372207
45,    2189612,     44.0,     44.0,     44.0,    125.0,  4,  5,  6,  6,    2189612,    2189612,    2189612,    2189612
45,    2239774,     19.0,     19.0,     19.0,     58.0,  9, 10, 11,  9,    2186663,    2186663,    2186663,    2186663
45,    2524115,     19.0,     19.0,     19.0,     57.0,  9, 10, 11, 10,    2371370,    2371370,    2371370,    2371370
45,    2580580,     20.0,     20.0,     19.0,     58.0,  9, 10, 12, 10,    2186669,    2186669,    2186669,    2186669
45,    2239803,     19.0,     19.0,     20.0,     57.0,  9, 10, 11, 10,    2186672,    2186672,    2186672,    2186672
45,    2475650,     26.0,     27.0,     26.0,     75.0,  4,  5,  6,  4,    2475650,    2475650,    2475650,    2475650
45,    2239793,     20.0,     20.0,     19.0,     58.0,  9, 10, 12, 10,    2186669,    2186669,    2186669,    2186669
45,    2524139,     19.0,     21.0,     19.0,     59.0, 12, 10, 12,  9,    2371378,    2371378,    2371378,    2371378
45,    2578521,     52.0,     54.0,     52.0,    148.0,  4,  5,  6,  4,    1903685,    1903685,    1903685,    2578521
45,    1903690,     20.0,     20.0,     20.0,     58.0,  9, 10, 11,  9,    1934372,    1934372,    1934372,    1934372
45,    1903695,     48.0,     49.0,     48.0,    136.0,  4,  5,  6,  4,    1903695,    1903695,    1903695,    1903695
45,    3525454,     18.0,     19.0,     18.0,     53.0,  4,  5,  6,  4,    3525454,    3525454,    3525454,    3525454
45,    1903920,     20.0,     20.0,     20.0,     58.0,  9, 10, 11, 10,    1934522,    1934522,    1934522,    1934522
45,    2579147,     61.0,     61.0,     61.0,    179.0,  9, 10, 11,  9,    2186681,    2186681,    2186681,    2186681
45,    2579364,     30.0,     30.0,     30.0,     87.0,  4,  5,  6,  4,    2524230,    2524230,    2524230,    2524230
45,    2524230,     22.0,     22.0,     22.0,     63.0,  4,  5,  6,  4,    2524230,    2524230,    2524230,    2524230
45,    2524214,     39.0,     39.0,     39.0,    111.0,  4,  5,  6,  4,    2524214,    2524214,    2524214,    2524214
45,    2579348,     28.0,     28.0,     28.0,     82.0,  4,  5,  6,  4,    2524255,    2524255,    2524255,    2524255
45,    2524255,     22.0,     22.0,     22.0,     63.0,  4,  5,  6,  6,    2524255,    2524255,    2524255,    2524255
45,    2524265,     17.0,     17.0,     17.0,     49.0,  4,  5,  6,  4,    2524265,    2524265,    2524265,    2524265
45,    2524270,     18.0,     18.0,     18.0,     52.0,  4,  5,  6,  4,    2524270,    2524270,    2524270,    2524270
45,    2579394,     19.0,     19.0,     19.0,     55.0,  4,  5,  6,  4,    2524245,    2524245,    2524245,    2524245
45,    2579409,     17.0,     17.0,     17.0,     48.0,  4,  5,  6,  4,    2524245,    2524245,    2524245,    2524245
45,    2524245,     14.0,     14.0,     14.0,     42.0,  4,  5,  6,  4,    2524245,    2524245,    2524245,    2524245
45,    2579444,     13.0,     13.0,     13.0,     37.0,  4,  5,  6,  4,    2524295,    2524295,    2524295,    2524295
45,    2524295,     11.0,     11.0,     11.0,     33.0,  4,  5,  6,  4,    2524295,    2524295,    2524295,    2524295
45,    2524300,     11.0,     11.0,     11.0,     33.0,  4,  5,  6,  4,    2524295,    2524295,    2524295,    2524295
45,    2524310,     11.0,     11.0,     11.0,     33.0,  4,  5,  6,  4,    2524295,    2524295,    2524295,    2524295
45,    3525437,     15.0,     16.0,     16.0,     45.0,  4,  5,  6,  4,    3525437,    3525437,    3525437,    3525437
45,    2475645,     23.0,     24.0,     23.0,     65.0,  4,  5,  6,  4,    2475645,    2475645,    2475645,    2475645
45,    3612708,     25.0,     27.0,     24.0,     77.0,  9, 10, 12,  9,    2846700,    2846700,    2846700,    2846700
46,    2580315,     23.0,     23.0,     23.0,     66.0,  4,  5,  6,  6,    2524230,    2524230,    2524230,    2524230
46,    2239779,     70.0,     73.0,     71.0,    213.0, 12, 12, 12,  9,    2186677,    2186677,    2186677,    2186677
46,    2522946,     15.0,     16.0,     15.0,     43.0,  4,  5,  6,  6,    2522946,    2522946,    2522946,    2522946
46,    1903706,     42.0,     43.0,     42.0,    120.0,  4,  5,  6,  6,    1903705,    1903705,    1903705,    1903705
46,    2524230,     22.0,     22.0,     22.0,     63.0,  4,  5,  6,  4,    2524230,    2524230,    2524230,    2524230
46,    1899476,     25.0,     25.0,     25.0,     83.0, 12, 12, 12,  9,    1931587,    1931587,    1931587,    1931587
46,    1903982,     27.0,     28.0,     27.0,     78.0,  4,  5,  6,  4,    1903982,    1903982,    1903982,    1903982
46,    1903700,     20.0,     20.0,     20.0,     59.0,  9, 10, 11,  9,    1934377,    1934377,    1934377,    1934377
46,    1903719,     20.0,     20.0,     20.0,     58.0,  9, 10, 11, 10,    1934391,    1934391,    1934391,    1934391
46,    1903729,     20.0,     20.0,     20.0,     58.0,  9, 10, 11,  9,    1934394,    1934394,    1934394,    1934394
46,    2524202,     40.0,     41.0,     40.0,    114.0,  4,  5,  6,  6,    1903705,    1903705,    1903705,    1903705
46,    2524213,     20.0,     20.0,     20.0,     59.0,  9, 10, 11,  9,    1934407,    1934407,    1934407,    1934407
46,    1903783,     20.0,     20.0,     20.0,     59.0,  9, 10, 11,  9,    1934417,    1934417,    1934417,    1934417
46,    1903835,     20.0,     20.0,     20.0,     59.0,  9, 10, 11,  9,    1934471,    1934471,    1934471,    1934471
46,    1903860,     27.0,     28.0,     27.0,     80.0, 12, 10, 12,  9,    1934493,    1934493,    1934493,    1934493
46,    1903900,     19.0,     20.0,     19.0,     56.0,  4,  5,  6,  4,    1903900,    1903900,    1903900,    1903900
46,    1903976,     30.0,     31.0,     30.0,     85.0,  4,  5,  6,  4,    1903976,    1903976,    1903976,    1903976
46,    1904017,     18.0,     19.0,     18.0,     52.0,  4,  5,  6,  6,    1904017,    1904017,    1904017,    1904017
46,    1904379,     23.0,     24.0,     23.0,     65.0,  4,  5,  6,  6,    1904379,    1904374,    1904379,    1904379
46,    1904389,     21.0,     22.0,     21.0,     61.0,  4,  5,  6,  4,    1904384,    1904384,    1904384,    1904384
46,    1904394,     21.0,     22.0,     21.0,     61.0,  4,  5,  6,  4,    1904384,    1904384,    1904384,    1904384
46,    2581468,     28.0,     29.0,     28.0,     79.0,  4,  5,  6,  6,    1904037,    1904037,    1904037,    1904037
46,    1942936,     26.0,     26.0,     26.0,     77.0,  9, 10, 11,  9,    1953787,    1953787,    1953787,    1953787
46,    1942953,     25.0,     25.0,     26.0,     82.0, 12, 12, 12, 10,    1953791,    1953791,    1953791,    1953791
46,    1947095,     57.0,     57.0,     57.0,    165.0,  9, 10, 11, 10,    1956452,    1956452,    1956452,    1956452
46,    2372207,     44.0,     44.0,     44.0,    125.0,  4,  5,  6,  6,    2372207,    2372207,    2372207,    2372207
46,    2189612,     44.0,     44.0,     43.0,    124.0,  4,  5,  6,  6,    2189612,    2189612,    2189612,    2189612
46,    2239774,     19.0,     19.0,     19.0,     58.0,  9, 10, 11,  9,    2186663,    2186663,    2186663,    2186663
46,    2524115,     19.0,     19.0,     19.0,     58.0,  9, 10, 11,  9,    2371370,    2371370,    2371370,    2371370
46,    2580580,     20.0,     20.0,     19.0,     58.0,  9, 10, 12, 10,    2186669,    2186669,    2186669,    2186669
46,    2239803,     19.0,     19.0,     20.0,     57.0,  9, 10, 11, 10,    2186672,    2186672,    2186672,    2186672
46,    2475650,     26.0,     27.0,     26.0,     74.0,  4,  5,  6,  6,    2475650,    2475650,    2475650,    2475650
46,    2239793,     20.0,     20.0,     19.0,     58.0,  9, 10, 12, 10,    2186669,    2186669,    2186669,    2186669
46,    2524139,     20.0,     21.0,     20.0,     59.0,  9, 10, 11,  9,    2371378,    2371378,    2371378,    2371378
46,    2578521,     52.0,     53.0,     51.0,    146.0,  4,  5,  6,  6,    1903685,    1903685,    1903685,    2578521
46,    1903690,     20.0,     20.0,     20.0,     58.0,  9, 10, 11,  9,    1934372,    1934372,    1934372,    1934372
46,    1903695,     48.0,     48.0,     47.0,    134.0,  4,  5,  6,  6,    1903695,    1903695,    1903695,    1903695
46,    3525454,     18.0,     19.0,     18.0,     52.0,  4,  5,  6,  6,    3525454,    3525454,    3525454,    3525454
46,    1903920,     20.0,     20.0,     20.0,     59.0,  9, 10, 11,  9,    1934522,    1934522,    1934522,    1934522
46,    2579147,     61.0,     61.0,     61.0,    179.0,  9, 10, 11,  9,    2186681,    2186681,    2186681,    2186681
46,    2579364,     30.0,     30.0,     30.0,     87.0,  4,  5,  6,  4,    2524230,    2524230,    2524230,    2524230
46,    2524230,     22.0,     22.0,     22.0,     63.0,  4,  5,  6,  4,    2524230,    2524230,    2524230,    2524230
46,    2524214,     39.0,     39.0,     39.0,    111.0,  4,  5,  6,  4,    2524214,    2524214,    2524214,    2524214
46,    2579348,     28.0,     28.0,     28.0,     82.0,  4,  5,  6,  4,    2524255,    2524255,    2524255,    2524255
46,    2524255,     22.0,     22.0,     22.0,     63.0,  4,  5,  6,  4,    2524255,    2524255,    2524255,    2524255
46,    2524265,     17.0,     17.0,     17.0,     48.0,  4,  5,  6,  6,    2524265,    2524265,    2524265,    2524265
46,    2524270,     18.0,     18.0,     18.0,     52.0,  4,  5,  6,  4,    2524270,    2524270,    2524270,    2524270
46,    2579394,     19.0,     19.0,     19.0,     55.0,  4,  5,  6,  4,    2524245,    2524245,    2524245,    2524245
46,    2579409,     17.0,     17.0,     17.0,     48.0,  4,  5,  6,  4,    2524245,    2524245,    2524245,    2524245
46,    2524245,     14.0,     14.0,     14.0,     42.0,  4,  5,  6,  4,    2524245,    2524245,    2524245,    2524245
46,    2579444,     13.0,     13.0,     13.0,     37.0,  4,  5,  6,  4,    2524295,    2524295,    2524295,    2524295
46,    2524295,     11.0,     11.0,     11.0,     33.0,  4,  5,  6,  4,    2524295,    2524295,    2524295,    2524295
46,    2524300,     11.0,     11.0,     11.0,     33.0,  4,  5,  6,  4,    2524295,    2524295,    2524295,    2524295
46,    2524310,     11.0,     11.0,     11.0,     33.0,  4,  5,  6,  4,    2524295,    2524295,    2524295,    2524295
46,    3525437,     15.0,     16.0,     15.0,     45.0,  4,  5,  6,  4,    3525437,    3525437,    3525437,    3525437
46,    2475645,     22.0,     23.0,     22.0,     64.0,  4,  5,  6,  6,    2475645,    2475645,    2475645,    2475645
46,    3612708,     25.0,     26.0,     25.0,     77.0,  9, 10, 11,  9,    2846700,    2846700,    2846700,    2846700
47,    2580315,     23.0,     23.0,     23.0,     66.0,  4,  5,  6,  6,    2524230,    2524230,    2524230,    2524230
47,    2239779,     71.0,     74.0,     70.0,    212.0, 12, 10, 12, 11,    2186677,    2186677,    2186677,    2186677
47,    2522946,     15.0,     15.0,     15.0,     43.0,  4,  5,  6,  4,    2522946,    2522946,    2522946,    2522946
47,    1903706,     42.0,     42.0,     42.0,    119.0,  4,  5,  6,  6,    1903705,    1903706,    1903705,    1903705
47,    2524230,     22.0,     22.0,     22.0,     63.0,  4,  5,  6,  4,    2524230,    2524230,    2524230,    2524230
47,    1899476,     25.0,     25.0,     25.0,     83.0, 12, 12, 12,  9,    1931587,    1931587,    1931587,    1931587
47,    1903982,     27.0,     27.0,     27.0,     77.0,  4,  5,  6,  6,    1903982,    1903982,    1903982,    1903982
47,    1903700,     20.0,     20.0,     20.0,     59.0,  9, 10, 11,  9,    1934377,    1934377,    1934377,    1934377
47,    1903719,     20.0,     20.0,     20.0,     58.0,  9, 10, 11, 10,    1934391,    1934391,    1934391,    1934391
47,    1903729,     20.0,     20.0,     20.0,     58.0,  9, 10, 11,  9,    1934394,    1934394,    1934394,    1934394
47,    2524202,     40.0,     40.0,     40.0,    113.0,  4,  5,  6,  6,    1903705,    1903705,    1903705,    1903705
47,    2524213,     20.0,     20.0,     20.0,     59.0,  9, 10, 11,  9,    1934407,    1934407,    1934407,    1934407
47,    1903783,     20.0,     20.0,     20.0,     59.0,  9, 10, 11,  9,    1934417,    1934417,    1934417,    1934417
47,    1903835,     20.0,     20.0,     20.0,     59.0,  9, 10, 11,  9,    1934471,    1934471,    1934471,    1934471
47,    1903860,     27.0,     28.0,     27.0,     80.0, 12, 10, 12,  6,    1934493,    1934493,    1934493,    1903860
47,    1903900,     19.0,     20.0,     19.0,     56.0,  4,  5,  6,  4,    1903900,    1903900,    1903900,    1903900
47,    1903976,     30.0,     30.0,     29.0,     84.0,  4,  5,  6,  6,    1903976,    1903976,    1903976,    1903976
47,    1904017,     18.0,     18.0,     18.0,     52.0,  4,  5,  6,  6,    1904017,    1904017,    1904017,    1904017
47,    1904379,     23.0,     23.0,     22.0,     65.0,  4,  5,  6,  4,    1904379,    1904379,    1904379,    1904379
47,    1904389,     21.0,     21.0,     21.0,     60.0,  4,  5,  6,  6,    1904384,    1904384,    1904384,    1904384
47,    1904394,     21.0,     21.0,     21.0,     60.0,  4,  5,  6,  6,    1904384,    1904384,    1904384,    1904384
47,    2581468,     28.0,     28.0,     27.0,     79.0,  4,  5,  6,  6,    1904037,    1904037,    1904037,    1904037
47,    1942936,     26.0,     26.0,     26.0,     77.0,  9, 10, 11,  9,    1953787,    1953787,    1953787,    1953787
47,    1942953,     26.0,     25.0,     26.0,     81.0, 12, 12, 12, 10,    1953791,    1953791,    1953791,    1953791
47,    1947095,     57.0,     57.0,     57.0,    165.0,  9, 10, 11, 10,    1956452,    1956452,    1956452,    1956452
47,    2372207,     44.0,     44.0,     44.0,    125.0,  4,  5,  6,  5,    2372207,    2372207,    2372207,    2372207
47,    2189612,     44.0,     43.0,     43.0,    124.0,  4,  5,  6,  5,    2189612,    2189612,    2189612,    2189612
47,    2239774,     19.0,     20.0,     19.0,     58.0,  9, 10, 11,  9,    2186663,    2186663,    2186663,    2186663
47,    2524115,     19.0,     19.0,     19.0,     58.0,  9, 10, 11,  9,    2371370,    2371370,    2371370,    2371370
47,    2580580,     20.0,     20.0,     19.0,     58.0,  9, 10, 12, 10,    2186669,    2186669,    2186669,    2186669
47,    2239803,     19.0,     19.0,     19.0,     57.0,  9, 10, 11, 10,    2186672,    2186672,    2186672,    2186672
47,    2475650,     26.0,     26.0,     26.0,     74.0,  4,  5,  6,  6,    2475650,    2475650,    2475650,    2475650
47,    2239793,     20.0,     20.0,     19.0,     59.0,  9, 10, 12,  9,    2186669,    2186669,    2186669,    2186669
47,    2524139,     20.0,     20.0,     20.0,     59.0,  9, 10, 11,  9,    2371378,    2371378,    2371378,    2371378
47,    2578521,     52.0,     52.0,     51.0,    145.0,  4,  5,  6,  6,    1903685,    1903685,    1903685,    2578521
47,    1903690,     20.0,     20.0,     20.0,     58.0,  9, 10, 11,  9,    1934372,    1934372,    1934372,    1934372
47,    1903695,     47.0,     48.0,     47.0,    133.0,  4,  5,  6,  6,    1903695,    1903695,    1903695,    1903695
47,    3525454,     18.0,     18.0,     18.0,     52.0,  4,  5,  6,  4,    3525454,    3525454,    3525454,    3525454
47,    1903920,     20.0,     20.0,     20.0,     59.0,  9, 10, 11,  9,    1934522,    1934522,    1934522,    1934522
47,    2579147,     61.0,     61.0,     61.0,    179.0,  9, 10, 11,  9,    2186681,    2186681,    2186681,    2186681
47,    2579364,     30.0,     30.0,     30.0,     87.0,  4,  5,  6,  4,    2524230,    2524230,    2524230,    2524230
47,    2524230,     22.0,     22.0,     22.0,     63.0,  4,  5,  6,  4,    2524230,    2524230,    2524230,    2524230
47,    2524214,     39.0,     39.0,     39.0,    111.0,  4,  5,  6,  4,    2524214,    2524214,    2524214,    2524214
47,    2579348,     28.0,     28.0,     28.0,     82.0,  4,  5,  6,  4,    2524255,    2524255,    2524255,    2524255
47,    2524255,     22.0,     22.0,     22.0,     63.0,  4,  5,  6,  4,    2524255,    2524255,    2524255,    2524255
47,    2524265,     17.0,     17.0,     17.0,     48.0,  4,  5,  6,  6,    2524265,    2524265,    2524265,    2524265
47,    2524270,     18.0,     18.0,     18.0,     52.0,  4,  5,  6,  4,    2524270,    2524270,    2524270,    2524270
47,    2579394,     19.0,     19.0,     19.0,     55.0,  4,  5,  6,  4,    2524245,    2524245,    2524245,    2524245
47,    2579409,     17.0,     17.0,     16.0,     48.0,  4,  5,  6,  4,    2524245,    2524245,    2524245,    2524245
47,    2524245,     14.0,     14.0,     14.0,     42.0,  4,  5,  6,  4,    2524245,    2524245,    2524245,    2524245
47,    2579444,     13.0,     13.0,     13.0,     37.0,  4,  5,  6,  4,    2524295,    2524295,    2524295,    2524295
47,    2524295,     11.0,     11.0,     11.0,     33.0,  4,  5,  6,  4,    2524295,    2524295,    2524295,    2524295
47,    2524300,     11.0,     11.0,     11.0,     32.0,  4,  5,  6,  6,    2524295,    2524295,    2524295,    2524300
47,    2524310,     11.0,     11.0,     11.0,     32.0,  4,  5,  6,  6,    2524295,    2524295,    2524295,    2524310
47,    3525437,     15.0,     16.0,     15.0,     44.0,  4,  5,  6,  4,    3525437,    3525437,    3525437,    3525437
47,    2475645,     22.0,     23.0,     22.0,     64.0,  4,  5,  6,  6,    2475645,    2475645,    2475645,    2475645
47,    3612708,     25.0,     26.0,     25.0,     77.0,  9, 10, 11,  9,    2846700,    2846700,    2846700,    2846700
