 F,      BusId,       PA,       PB,       PC,       P3, XA, XB, XC, X3,       id_A,       id_B,       id_C,       id_3
 0,    2577638,     74.0,     73.0,     73.0,    224.0,  9, 10, 11, 10,      74255,      74255,      74255,      74255
 0,    2577648,     75.0,     74.0,     74.0,    226.0,  9, 10, 11, 10,      74255,      74255,      74255,      74255
 0,    3761560,     60.0,     64.0,     63.0,    192.0,  9, 10, 11,  9,    2405113,    2405113,    2405113,    2405113
 0,    2581233,     69.0,     68.0,     70.0,    211.0,  9, 10, 11, 10,      74242,      74242,      74242,      74242
 0,      41506,     70.0,     69.0,     71.0,    212.0,  9, 10, 11, 10,      74242,      74242,      74242,      74242
 0,    2581268,     69.0,     68.0,     69.0,    209.0,  9, 10, 11, 10,      74242,      74242,      74242,      74242
 0,    2581283,     52.0,     52.0,     53.0,    162.0,  9, 10, 11, 10,    2366920,    2366920,    2366920,    2366920
 0,      41509,     52.0,     51.0,     52.0,    160.0,  9, 10, 11, 10,    2366920,    2366920,    2366920,    2366920
 0,    2581293,     66.0,     69.0,     68.0,    200.0,  9, 10, 11,  9,    2405113,    2405113,    2405113,    2405113
 0,    2581304,     64.0,     67.0,     66.0,    197.0,  9, 10, 11,  9,    2405113,    2405113,    2405113,    2405113
 0,    2581324,     63.0,     67.0,     66.0,    197.0,  9, 10, 11,  9,    2405113,    2405113,    2405113,    2405113
 0,    1671109,     63.0,     66.0,     65.0,    196.0,  9, 10, 11,  9,    2405113,    2405113,    2405113,    2405113
 0,    2581349,     63.0,     66.0,     65.0,    195.0,  9, 10, 11,  9,    2405113,    2405113,    2405113,    2405113
 0,    2519984,     16.0,     17.0,     17.0,     50.0,  9, 10, 11,  9,    1744301,    1744301,    1744301,    1744301
 0,    1671079,     61.0,     65.0,     63.0,    193.0,  9, 10, 11,  9,    2405113,    2405113,    2405113,    2405113
 0,    2581427,     71.0,     70.0,     70.0,    220.0,  9, 10, 11, 10,      74255,      74255,      74255,      74255
 0,    2581448,     69.0,     69.0,     69.0,    218.0,  9, 10, 11, 10,      74255,      74255,      74255,      74255
 0,    2537309,     53.0,     53.0,     53.0,    168.0,  9, 10, 11,  9,    2381255,    2381255,    2381255,    2381255
 1,    2577638,     74.0,     74.0,     73.0,    225.0,  9, 10, 11, 11,      74255,      74255,      74255,      74255
 1,    2577648,     75.0,     75.0,     74.0,    226.0,  9, 10, 11, 11,      74255,      74255,      74255,      74255
 1,    3761560,     62.0,     64.0,     64.0,    196.0,  9, 10, 11,  9,    2405113,    2405113,    2405113,    2405113
 1,    2581233,     70.0,     70.0,     71.0,    216.0,  9, 10, 11,  9,      74242,      74242,      74242,      74242
 1,      41506,     71.0,     71.0,     72.0,    217.0,  9, 10, 11,  9,      74242,      74242,      74242,      74242
 1,    2581268,     69.0,     70.0,     70.0,    214.0,  9, 10, 11,  9,      74242,      74242,      74242,      74242
 1,    2581283,     53.0,     53.0,     53.0,    164.0,  9, 10, 11,  9,    2366920,    2366920,    2366920,    2366920
 1,      41509,     52.0,     52.0,     52.0,    163.0,  9, 10, 11,  9,    2366920,    2366920,    2366920,    2366920
 1,    2581293,     67.0,     69.0,     69.0,    205.0,  9, 10, 11,  9,    2405113,    2405113,    2405113,    2405113
 1,    2581304,     66.0,     68.0,     67.0,    202.0,  9, 10, 11,  9,    2405113,    2405113,    2405113,    2405113
 1,    2581324,     65.0,     67.0,     67.0,    201.0,  9, 10, 11,  9,    2405113,    2405113,    2405113,    2405113
 1,    1671109,     64.0,     66.0,     66.0,    201.0,  9, 10, 11,  9,    2405113,    2405113,    2405113,    2405113
 1,    2581349,     64.0,     66.0,     66.0,    200.0,  9, 10, 11,  9,    2405113,    2405113,    2405113,    2405113
 1,    2519984,     16.0,     17.0,     17.0,     52.0,  9, 10, 11,  9,    1744301,    1744301,    1744301,    1744301
 1,    1671079,     63.0,     65.0,     65.0,    198.0,  9, 10, 11,  9,    2405113,    2405113,    2405113,    2405113
 1,    2581427,     71.0,     71.0,     70.0,    220.0,  9, 10, 11, 11,      74255,      74255,      74255,      74255
 1,    2581448,     70.0,     70.0,     69.0,    218.0,  9, 10, 11, 11,      74255,      74255,      74255,      74255
 1,    2537309,     53.0,     54.0,     53.0,    168.0,  9, 10, 11,  9,    2381255,    2381255,    2381255,    2381255
 2,    2577638,     74.0,     74.0,     73.0,    225.0,  9, 10, 11, 10,      74255,      74255,      74255,      74255
 2,    2577648,     75.0,     74.0,     74.0,    226.0,  9, 10, 11, 11,      74255,      74255,      74255,      74255
 2,    3761560,     61.0,     65.0,     64.0,    195.0,  9, 10, 11,  9,    2405113,    2405113,    2405113,    2405113
 2,    2581233,     70.0,     71.0,     71.0,    216.0,  9, 10, 11,  9,      74242,      74242,      74242,      74242
 2,      41506,     71.0,     72.0,     72.0,    218.0,  9, 10, 11,  9,      74242,      74242,      74242,      74242
 2,    2581268,     70.0,     70.0,     70.0,    215.0,  9, 10, 11,  9,      74242,      74242,      74242,      74242
 2,    2581283,     53.0,     53.0,     53.0,    165.0,  9, 10, 11,  9,    2366920,    2366920,    2366920,    2366920
 2,      41509,     52.0,     52.0,     52.0,    164.0,  9, 10, 11,  9,    2366920,    2366920,    2366920,    2366920
 2,    2581293,     67.0,     70.0,     69.0,    204.0,  9, 10, 11,  9,    2405113,    2405113,    2405113,    2405113
 2,    2581304,     65.0,     69.0,     68.0,    201.0,  9, 10, 11,  9,    2405113,    2405113,    2405113,    2405113
 2,    2581324,     65.0,     68.0,     67.0,    201.0,  9, 10, 11,  9,    2405113,    2405113,    2405113,    2405113
 2,    1671109,     64.0,     67.0,     66.0,    200.0,  9, 10, 11,  9,    2405113,    2405113,    2405113,    2405113
 2,    2581349,     64.0,     67.0,     66.0,    199.0,  9, 10, 11,  9,    2405113,    2405113,    2405113,    2405113
 2,    2519984,     17.0,     17.0,     17.0,     52.0,  9, 10, 11,  9,    1744301,    1744301,    1744301,    1744301
 2,    1671079,     62.0,     66.0,     65.0,    197.0,  9, 10, 11,  9,    2405113,    2405113,    2405113,    2405113
 2,    2581427,     71.0,     71.0,     70.0,    220.0,  9, 10, 11, 11,      74255,      74255,      74255,      74255
 2,    2581448,     70.0,     69.0,     69.0,    218.0,  9, 10, 11, 11,      74255,      74255,      74255,      74255
 2,    2537309,     53.0,     53.0,     53.0,    168.0,  9, 10, 11,  9,    2381255,    2381255,    2381255,    2381255
 3,    2577638,     74.0,     74.0,     73.0,    224.0,  9, 10, 11, 11,      74255,      74255,      74255,      74255
 3,    2577648,     75.0,     75.0,     74.0,    226.0,  9, 10, 11, 11,      74255,      74255,      74255,      74255
 3,    3761560,     62.0,     64.0,     64.0,    197.0,  9, 10, 11,  9,    2405113,      77929,    2405113,    2405113
 3,    2581233,     71.0,     71.0,     71.0,    217.0,  9, 10, 11, 10,      74242,      74242,      74242,      74242
 3,      41506,     72.0,     72.0,     72.0,    219.0,  9, 10, 11,  9,      74242,      74242,      74242,      74242
 3,    2581268,     70.0,     70.0,     70.0,    216.0,  9, 10, 11,  9,      74242,      74242,      74242,      74242
 3,    2581283,     53.0,     53.0,     53.0,    164.0,  9, 10, 11, 11,    2366920,    2366920,    2366920,    2366920
 3,      41509,     52.0,     52.0,     52.0,    163.0,  9, 10, 11,  9,    2366920,    2366920,    2366920,    2366920
 3,    2581293,     67.0,     69.0,     69.0,    205.0,  9, 10, 11,  9,    2405113,    2405113,    2405113,    2405113
 3,    2581304,     66.0,     67.0,     67.0,    202.0,  9, 10, 11,  9,    2405113,    2405113,    2405113,    2405113
 3,    2581324,     65.0,     67.0,     67.0,    202.0,  9, 10, 11,  9,    2405113,    2405113,    2405113,    2405113
 3,    1671109,     64.0,     66.0,     66.0,    201.0,  9, 10, 11,  9,    2405113,    2405113,    2405113,    2405113
 3,    2581349,     64.0,     66.0,     66.0,    200.0,  9, 10, 11,  9,    2405113,    2405113,    2405113,    2405113
 3,    2519984,     17.0,     17.0,     17.0,     52.0,  9, 10, 11,  9,    1744301,    1744301,    1744301,    1744301
 3,    1671079,     63.0,     65.0,     65.0,    198.0,  9, 10, 11,  9,    2405113,      77929,    2405113,    2405113
 3,    2581427,     71.0,     71.0,     70.0,    220.0,  9, 10, 11, 11,      74255,      74255,      74255,      74255
 3,    2581448,     70.0,     69.0,     69.0,    218.0,  9, 10, 11, 11,      74255,      74255,      74255,      74255
 3,    2537309,     53.0,     54.0,     53.0,    168.0,  9, 10, 11,  9,    2381255,    2381255,    2381255,    2381255
 4,    2577638,     74.0,     74.0,     73.0,    222.0,  9, 10, 11, 11,      74255,      74255,      74255,      74255
 4,    2577648,     75.0,     75.0,     74.0,    224.0,  9, 10, 11, 11,      74255,      74255,      74255,      74255
 4,    3761560,     61.0,     63.0,     63.0,    195.0,  9, 10, 11,  9,    2405113,    2405113,    2405113,    2405113
 4,    2581233,     70.0,     71.0,     71.0,    214.0,  9, 10, 11,  9,      74242,      74242,      74242,      74242
 4,      41506,     70.0,     72.0,     72.0,    215.0,  9, 10, 11,  9,      74242,      74242,      74242,      74242
 4,    2581268,     69.0,     70.0,     71.0,    213.0,  9, 10, 11,  9,      74242,      74242,      74242,      74242
 4,    2581283,     52.0,     53.0,     53.0,    161.0,  9, 10, 11,  9,    2366920,    2366920,    2366920,    2366920
 4,      41509,     51.0,     52.0,     52.0,    160.0,  9, 10, 11,  9,    2366920,    2366920,    2366920,    2366920
 4,    2581293,     67.0,     69.0,     68.0,    204.0,  9, 10, 11,  9,    2405113,    2405113,    2405113,    2405113
 4,    2581304,     65.0,     67.0,     66.0,    201.0,  9, 10, 11,  9,    2405113,    2405113,    2405113,    2405113
 4,    2581324,     64.0,     66.0,     66.0,    200.0,  9, 10, 11,  9,    2405113,    2405113,    2405113,    2405113
 4,    1671109,     64.0,     66.0,     65.0,    199.0,  9, 10, 11,  9,    2405113,    2405113,    2405113,    2405113
 4,    2581349,     64.0,     66.0,     65.0,    199.0,  9, 10, 11,  9,      77929,      77929,    2405113,    2405113
 4,    2519984,     17.0,     17.0,     17.0,     52.0,  9, 10, 11,  9,    1744301,    1744301,    1744301,    1744301
 4,    1671079,     62.0,     64.0,     64.0,    196.0,  9, 10, 11,  9,    2405113,    2405113,    2405113,    2405113
 4,    2581427,     71.0,     71.0,     70.0,    218.0,  9, 10, 11, 11,      74255,      74255,      74255,      74255
 4,    2581448,     70.0,     69.0,     68.0,    216.0,  9, 10, 11, 11,      74255,      74255,      74255,      74255
 4,    2537309,     54.0,     54.0,     53.0,    168.0,  9, 10, 11,  9,    2381255,    2381255,    2381255,    2381255
 5,    2577638,     74.0,     74.0,     73.0,    225.0,  9, 10, 11, 11,      74255,      74255,      74255,      74255
 5,    2577648,     75.0,     75.0,     74.0,    226.0,  9, 10, 11, 11,      74255,      74255,      74255,      74255
 5,    3761560,     59.0,     61.0,     61.0,    186.0,  9, 10, 11,  9,      77929,      77929,    2405113,    2405113
 5,    2581233,     70.0,     71.0,     71.0,    216.0,  9, 10, 11,  9,      74242,      74242,      74242,      74242
 5,      41506,     71.0,     72.0,     72.0,    217.0,  9, 10, 11,  9,      74242,      74242,      74242,      74242
 5,    2581268,     69.0,     70.0,     70.0,    215.0,  9, 10, 11,  9,      74242,      74242,      74242,      74242
 5,    2581283,     53.0,     53.0,     53.0,    165.0,  9, 10, 11,  9,    2366920,    2366920,    2366920,    2366920
 5,      41509,     52.0,     52.0,     52.0,    163.0,  9, 10, 11, 11,    2366920,    2366920,    2366920,    2366920
 5,    2581293,     64.0,     66.0,     66.0,    195.0,  9, 10, 11,  9,    2405113,    2405113,    2405113,    2405113
 5,    2581304,     62.0,     64.0,     65.0,    192.0,  9, 10, 11,  9,    2405113,    2405113,    2405113,    2405113
 5,    2581324,     62.0,     64.0,     64.0,    191.0,  9, 10, 11,  9,    2405113,    2405113,    2405113,    2405113
 5,    1671109,     61.0,     63.0,     64.0,    190.0,  9, 10, 11,  9,    2405113,    2405113,      77929,    2405113
 5,    2581349,     61.0,     63.0,     63.0,    189.0,  9, 10, 11,  9,    2405113,    2405113,    2405113,    2405113
 5,    2519984,     17.0,     17.0,     17.0,     52.0,  9, 10, 11,  9,    1744301,    1744301,    1744301,    1744301
 5,    1671079,     59.0,     62.0,     62.0,    187.0,  9, 10, 11,  9,    2405113,      77929,    2405113,    2405113
 5,    2581427,     71.0,     71.0,     70.0,    220.0,  9, 10, 11, 11,      74255,      74255,      74255,      74255
 5,    2581448,     69.0,     69.0,     69.0,    218.0,  9, 10, 11, 11,      74255,      74255,      74255,      74255
 5,    2537309,     53.0,     53.0,     53.0,    168.0,  9, 10, 11,  9,    2381255,    2381255,    2381255,    2381255
 6,    2577638,     73.0,     72.0,     72.0,    220.0,  9, 10, 11, 11,      74255,      74255,      74255,      74255
 6,    2577648,     74.0,     73.0,     73.0,    222.0,  9, 10, 11, 11,      74255,      74255,      74255,      74255
 6,    3761560,     58.0,     62.0,     61.0,    183.0,  9, 10, 11,  9,    2405113,    2405113,    2405113,    2405113
 6,    2581233,     71.0,     70.0,     71.0,    216.0,  9, 10, 11, 10,      74242,      74242,      74242,      74242
 6,      41506,     72.0,     71.0,     72.0,    217.0,  9, 10, 11, 10,      74242,      74242,      74242,      74242
 6,    2581268,     70.0,     69.0,     70.0,    214.0,  9, 10, 11, 10,      74242,      74242,      74242,      74242
 6,    2581283,     53.0,     53.0,     53.0,    165.0,  9, 10, 11, 10,    2366920,    2366920,    2366920,    2366920
 6,      41509,     52.0,     52.0,     52.0,    164.0,  9, 10, 11,  9,    2366920,    2366920,    2366920,    2366920
 6,    2581293,     63.0,     67.0,     66.0,    192.0,  9, 10, 11,  9,    2405113,    2405113,    2405113,    2405113
 6,    2581304,     61.0,     65.0,     65.0,    189.0,  9, 10, 11,  9,    2405113,    2405113,    2405113,    2405113
 6,    2581324,     61.0,     65.0,     64.0,    188.0,  9, 10, 11,  9,    2405113,    2405113,    2405113,    2405113
 6,    1671109,     60.0,     64.0,     63.0,    187.0,  9, 10, 11,  9,    2405113,    2405113,    2405113,    2405113
 6,    2581349,     60.0,     64.0,     63.0,    187.0,  9, 10, 11,  9,    2405113,    2405113,    2405113,    2405113
 6,    2519984,     16.0,     17.0,     17.0,     51.0,  9, 10, 11,  9,    1744301,    1744301,    1744301,    1744301
 6,    1671079,     59.0,     63.0,     62.0,    185.0,  9, 10, 11,  9,    2405113,    2405113,    2405113,    2405113
 6,    2581427,     70.0,     70.0,     69.0,    216.0,  9, 10, 11, 11,      74255,      74255,      74255,      74255
 6,    2581448,     69.0,     68.0,     68.0,    214.0,  9, 10, 11, 11,      74255,      74255,      74255,      74255
 6,    2537309,     53.0,     53.0,     53.0,    168.0,  9, 10, 11,  9,    2381255,    2381255,    2381255,    2381255
 7,    2577638,     74.0,     73.0,     73.0,    224.0,  9, 10, 11, 11,      74255,      74255,      74255,      74255
 7,    2577648,     75.0,     74.0,     74.0,    226.0,  9, 10, 11, 10,      74255,      74255,      74255,      74255
 7,    3761560,     57.0,     58.0,     60.0,    181.0,  9, 10, 11,  9,    2405113,    2405113,    2405113,    2405113
 7,    2581233,     70.0,     70.0,     71.0,    215.0,  9, 10, 11,  9,      74242,      74242,      74242,      74242
 7,      41506,     71.0,     71.0,     72.0,    216.0,  9, 10, 11,  9,      74242,      74242,      74242,      74242
 7,    2581268,     69.0,     69.0,     70.0,    213.0,  9, 10, 11,  9,      74242,      74242,      74242,      74242
 7,    2581283,     53.0,     53.0,     52.0,    163.0,  9, 10, 11, 11,    2366920,    2366920,    2366920,    2366920
 7,      41509,     52.0,     52.0,     52.0,    162.0,  9, 10, 11, 11,    2366920,    2366920,    2366920,    2366920
 7,    2581293,     62.0,     63.0,     65.0,    189.0,  9, 10, 11,  9,    2405113,    2405113,    2405113,    2405113
 7,    2581304,     60.0,     62.0,     63.0,    186.0,  9, 10, 11,  9,    2405113,    2405113,    2405113,    2405113
 7,    2581324,     60.0,     61.0,     63.0,    185.0,  9, 10, 11,  9,    2405113,    2405113,    2405113,    2405113
 7,    1671109,     59.0,     61.0,     62.0,    184.0,  9, 10, 11,  9,    2405113,    2405113,    2405113,    2405113
 7,    2581349,     59.0,     60.0,     62.0,    184.0,  9, 10, 11,  9,    2405113,    2405113,    2405113,    2405113
 7,    2519984,     16.0,     16.0,     17.0,     51.0,  9, 10, 11,  9,    1744301,    1744301,    1744301,    1744301
 7,    1671079,     58.0,     59.0,     61.0,    182.0,  9, 10, 11,  9,    2405113,    2405113,    2405113,    2405113
 7,    2581427,     71.0,     71.0,     70.0,    220.0,  9, 10, 11, 11,      74255,      74255,      74255,      74255
 7,    2581448,     70.0,     69.0,     69.0,    218.0,  9, 10, 11, 11,      74255,      74255,      74255,      74255
 7,    2537309,     53.0,     53.0,     53.0,    168.0,  9, 10, 11,  9,    2381255,    2381255,    2381255,    2381255
 8,    2577638,     74.0,     72.0,     73.0,    221.0,  9, 10, 11, 10,      74255,      74255,      74255,      74255
 8,    2577648,     75.0,     73.0,     74.0,    222.0,  9, 10, 11, 10,      74255,      74255,      74255,      74255
 8,    3761560,     56.0,     56.0,     60.0,    177.0,  9, 10, 11,  9,    2405113,    2405113,    2405113,    2405113
 8,    2581233,     68.0,     66.0,     67.0,    203.0,  9, 10, 11, 10,      74242,      74242,      74242,      74242
 8,      41506,     69.0,     67.0,     68.0,    204.0,  9, 10, 11, 10,      74242,      74242,      74242,      74242
 8,    2581268,     67.0,     65.0,     67.0,    202.0,  9, 10, 11, 10,      74242,      74242,      74242,      74242
 8,    2581283,     51.0,     53.0,     51.0,    158.0,  9, 10, 11,  9,    2366920,    2366920,    2366920,    2366920
 8,      41509,     50.0,     52.0,     50.0,    156.0,  9, 10, 11,  9,    2366920,    2366920,    2366920,    2366920
 8,    2581293,     61.0,     61.0,     65.0,    185.0,  9, 10, 11,  9,    2405113,    2405113,    2405113,    2405113
 8,    2581304,     59.0,     60.0,     64.0,    182.0,  9, 10, 11,  9,    2405113,    2405113,    2405113,    2405113
 8,    2581324,     59.0,     59.0,     63.0,    181.0,  9, 10, 11,  9,    2405113,    2405113,    2405113,    2405113
 8,    1671109,     58.0,     59.0,     63.0,    181.0,  9, 10, 11,  9,    2405113,    2405113,    2405113,    2405113
 8,    2581349,     58.0,     58.0,     62.0,    180.0,  9, 10, 11,  9,    2405113,    2405113,    2405113,    2405113
 8,    2519984,     16.0,     16.0,     17.0,     50.0,  9, 10, 11, 10,    1744301,    1744301,    1744301,    1744301
 8,    1671079,     56.0,     57.0,     61.0,    178.0,  9, 10, 11,  9,    2405113,    2405113,    2405113,    2405113
 8,    2581427,     71.0,     69.0,     70.0,    217.0,  9, 10, 11, 10,      74255,      74255,      74255,      74255
 8,    2581448,     70.0,     68.0,     69.0,    215.0,  9, 10, 11, 10,      74255,      74255,      74255,      74255
 8,    2537309,     53.0,     53.0,     53.0,    168.0,  9, 10, 11,  9,    2381255,    2381255,    2381255,    2381255
 9,    2577638,     74.0,     72.0,     72.0,    220.0,  9, 10, 11, 10,      74255,      74255,      74255,      74255
 9,    2577648,     75.0,     73.0,     73.0,    222.0,  9, 10, 11, 10,      74255,      74255,      74255,      74255
 9,    3761560,     55.0,     58.0,     59.0,    176.0,  9, 10, 11,  9,    2405113,    2405113,    2405113,    2405113
 9,    2581233,     65.0,     64.0,     68.0,    196.0,  9, 10, 11, 10,      74242,      74242,      74242,      74242
 9,      41506,     66.0,     65.0,     69.0,    197.0,  9, 10, 11, 10,      74242,      74242,      74242,      74242
 9,    2581268,     65.0,     63.0,     67.0,    194.0,  9, 10, 11, 10,      74242,      74242,      74242,      74242
 9,    2581283,     50.0,     51.0,     51.0,    155.0,  9, 10, 11,  9,    2366920,    2366920,    2366920,    2366920
 9,      41509,     49.0,     50.0,     50.0,    154.0,  9, 10, 11,  9,    2366920,    2366920,    2366920,    2366920
 9,    2581293,     60.0,     62.0,     64.0,    184.0,  9, 10, 11,  9,    2405113,    2405113,    2405113,    2405113
 9,    2581304,     59.0,     61.0,     62.0,    181.0,  9, 10, 11,  9,    2405113,    2405113,    2405113,    2405113
 9,    2581324,     58.0,     60.0,     62.0,    180.0,  9, 10, 11,  9,    2405113,    2405113,    2405113,    2405113
 9,    1671109,     58.0,     60.0,     61.0,    179.0,  9, 10, 11,  9,    2405113,    2405113,    2405113,    2405113
 9,    2581349,     57.0,     59.0,     61.0,    179.0,  9, 10, 11,  9,    2405113,    2405113,    2405113,    2405113
 9,    2519984,     16.0,     17.0,     17.0,     50.0,  9, 10, 11,  9,    1744301,    1744301,    1744301,    1744301
 9,    1671079,     56.0,     58.0,     60.0,    177.0,  9, 10, 11,  9,    2405113,    2405113,    2405113,    2405113
 9,    2581427,     71.0,     69.0,     70.0,    216.0,  9, 10, 11, 10,      74255,      74255,      74255,      74255
 9,    2581448,     70.0,     68.0,     68.0,    214.0,  9, 10, 11, 10,      74255,      74255,      74255,      74255
 9,    2537309,     53.0,     53.0,     53.0,    168.0,  9, 10, 11,  9,    2381255,    2381255,    2381255,    2381255
10,    2577638,     68.0,     69.0,     66.0,    203.0,  9, 10, 11, 11,      74255,      74255,      74255,      74255
10,    2577648,     69.0,     69.0,     67.0,    205.0,  9, 10, 11, 11,      74255,      74255,      74255,      74255
10,    3761560,     44.0,     48.0,     49.0,    139.0,  9, 10, 11,  9,    2405113,    2405113,    2405113,    2405113
10,    2581233,     53.0,     53.0,     60.0,    163.0,  9, 10, 11,  9,      74242,      74242,      74242,      74242
10,      41506,     53.0,     54.0,     61.0,    164.0,  9, 10, 11,  9,      74242,      74242,      74242,      74242
10,    2581268,     52.0,     52.0,     59.0,    161.0,  9, 10, 11,  9,      74242,      74242,      74242,      74242
10,    2581283,     46.0,     47.0,     45.0,    141.0,  9, 10, 11, 11,    2366920,    2366920,    2366920,    2366920
10,      41509,     46.0,     46.0,     45.0,    140.0,  9, 10, 11, 11,    2366920,    2366920,    2366920,    2366920
10,    2581293,     48.0,     52.0,     53.0,    146.0,  9, 10, 11,  9,    2405113,    2405113,    2405113,    2405113
10,    2581304,     46.0,     50.0,     52.0,    144.0,  9, 10, 11,  9,    2405113,    2405113,    2405113,    2405113
10,    2581324,     46.0,     50.0,     52.0,    143.0,  9, 10, 11,  9,    2405113,    2405113,    2405113,    2405113
10,    1671109,     46.0,     50.0,     51.0,    142.0,  9, 10, 11,  9,    2405113,    2405113,    2405113,    2405113
10,    2581349,     45.0,     49.0,     51.0,    142.0,  9, 10, 11,  9,    2405113,    2405113,    2405113,    2405113
10,    2519984,     13.0,     16.0,     16.0,     41.0,  9, 10, 11,  9,    1744301,    1744301,    1744301,    1744301
10,    1671079,     44.0,     48.0,     50.0,    140.0,  9, 10, 11,  9,    2405113,    2405113,    2405113,    2405113
10,    2581427,     65.0,     66.0,     64.0,    199.0,  9, 10, 11, 11,      74255,      74255,      74255,      74255
10,    2581448,     64.0,     65.0,     63.0,    197.0,  9, 10, 11, 11,      74255,      74255,      74255,      74255
10,    2537309,     53.0,     53.0,     53.0,    167.0,  9, 10, 11,  9,    2381255,    2381255,    2381255,    2381255
11,    2577638,     65.0,     71.0,     67.0,    198.0,  9, 10, 11,  9,      74255,      74255,      74255,      74255
11,    2577648,     66.0,     72.0,     68.0,    199.0,  9, 10, 11,  9,      74255,      74255,      74255,      74255
11,    3761560,     38.0,     45.0,     45.0,    120.0,  9, 10, 11,  9,    2405113,    2405113,    2405113,    2405113
11,    2581233,     46.0,     59.0,     56.0,    140.0,  9, 10, 11,  9,      74242,      74242,      74242,      74242
11,      41506,     46.0,     60.0,     57.0,    141.0,  9, 10, 11,  9,      74242,      74242,      74242,      74242
11,    2581268,     45.0,     58.0,     56.0,    139.0,  9, 10, 11,  9,      74242,      74242,      74242,      74242
11,    2581283,     44.0,     48.0,     42.0,    131.0,  9, 10, 11, 11,      74242,    2366920,    2366920,    2366920
11,      41509,     43.0,     48.0,     41.0,    130.0,  9, 10, 11, 11,      74242,    2366920,    2366920,    2366920
11,    2581293,     41.0,     49.0,     49.0,    127.0,  9, 10, 11,  9,    2405113,    2405113,    2405113,    2405113
11,    2581304,     40.0,     47.0,     47.0,    124.0,  9, 10, 11,  9,    2405113,    2405113,    2405113,    2405113
11,    2581324,     40.0,     47.0,     47.0,    124.0,  9, 10, 11,  9,    2405113,    2405113,    2405113,    2405113
11,    1671109,     39.0,     46.0,     47.0,    123.0,  9, 10, 11,  9,    2405113,    2405113,    2405113,    2405113
11,    2581349,     39.0,     46.0,     46.0,    122.0,  9, 10, 11,  9,    2405113,    2405113,    2405113,    2405113
11,    2519984,     11.0,     15.0,     15.0,     36.0,  9, 10, 11,  9,    1744301,    1744301,    1744301,    1744301
11,    1671079,     38.0,     45.0,     46.0,    121.0,  9, 10, 11,  9,    2405113,    2405113,    2405113,    2405113
11,    2581427,     62.0,     68.0,     65.0,    193.0,  9, 10, 11,  9,      74255,      74255,      74255,      74255
11,    2581448,     61.0,     67.0,     63.0,    192.0,  9, 10, 11,  9,      74255,      74255,      74255,      74255
11,    2537309,     53.0,     54.0,     53.0,    167.0,  9, 10, 11,  9,    2381255,    2381255,    2381255,    2381255
12,    2577638,     72.0,     71.0,     69.0,    211.0,  9, 10, 11, 11,      74255,      74255,      74255,      74255
12,    2577648,     73.0,     71.0,     70.0,    212.0,  9, 10, 11, 11,      74255,      74255,      74255,      74255
12,    3761560,     30.0,     39.0,     33.0,     95.0,  9, 10, 11,  9,    2405113,    2405113,    2405113,    2405113
12,    2581233,     51.0,     54.0,     59.0,    156.0,  9, 10, 11,  9,      74242,      74242,      74242,      74242
12,      41506,     51.0,     55.0,     60.0,    156.0,  9, 10, 11,  9,      74242,      74242,      74242,      74242
12,    2581268,     50.0,     53.0,     58.0,    154.0,  9, 10, 11,  9,      74242,      74242,      74242,      74242
12,    2581283,     43.0,     46.0,     47.0,    135.0,  9, 10, 11,  9,    2366920,    2366920,    2366920,    2366920
12,      41509,     42.0,     46.0,     46.0,    134.0,  9, 10, 11,  9,    2366920,    2366920,    2366920,    2366920
12,    2581293,     33.0,     42.0,     36.0,    101.0,  9, 10, 11,  9,    2405113,    2405113,    2405113,    2405113
12,    2581304,     32.0,     41.0,     35.0,     99.0,  9, 10, 11,  9,    2405113,    2405113,    2405113,    2405113
12,    2581324,     31.0,     41.0,     34.0,     98.0,  9, 10, 11,  9,    2405113,    2405113,    2405113,    2405113
12,    1671109,     31.0,     40.0,     34.0,     97.0,  9, 10, 11,  9,    2405113,    2405113,    2405113,    2405113
12,    2581349,     31.0,     40.0,     34.0,     97.0,  9, 10, 11,  9,    2405113,    2405113,    2405113,    2405113
12,    2519984,      7.0,     15.0,     15.0,     21.0,  9, 10, 11,  9,    1744301,    1744301,    1744301,    1744301
12,    1671079,     30.0,     39.0,     33.0,     96.0,  9, 10, 11,  9,    2405113,    2405113,    2405113,    2405113
12,    2581427,     69.0,     68.0,     66.0,    207.0,  9, 10, 11, 11,      74255,      74255,      74255,      74255
12,    2581448,     68.0,     67.0,     65.0,    205.0,  9, 10, 11, 11,      74255,      74255,      74255,      74255
12,    2537309,     53.0,     53.0,     53.0,    167.0,  9, 10, 11, 11,    2381255,    2381255,    2381255,    2381255
13,    2577638,     72.0,     69.0,     67.0,    204.0,  9, 10, 11, 11,      74255,      74255,      74255,      74255
13,    2577648,     73.0,     70.0,     68.0,    206.0,  9, 10, 11, 11,      74255,      74255,      74255,      74255
13,    3761560,     33.0,     42.0,     34.0,    106.0,  9, 10, 11,  9,    2405113,    2405113,    2405113,    2405113
13,    2581233,     57.0,     53.0,     62.0,    164.0,  9, 10, 11, 10,      74242,      74242,      74242,      74242
13,      41506,     57.0,     54.0,     62.0,    165.0,  9, 10, 11, 10,      74242,      74242,      74242,      74242
13,    2581268,     56.0,     52.0,     61.0,    162.0,  9, 10, 11, 10,      74242,      74242,      74242,      74242
13,    2581283,     49.0,     44.0,     48.0,    139.0,  9, 10, 11, 10,    2366920,    2366920,    2366920,    2366920
13,      41509,     48.0,     44.0,     47.0,    138.0,  9, 10, 11, 10,    2366920,    2366920,    2366920,    2366920
13,    2581293,     36.0,     46.0,     37.0,    111.0,  9, 10, 11,  9,    2405113,    2405113,    2405113,    2405113
13,    2581304,     35.0,     44.0,     36.0,    109.0,  9, 10, 11,  9,    2405113,    2405113,    2405113,    2405113
13,    2581324,     35.0,     44.0,     35.0,    109.0,  9, 10, 11,  9,    2405113,    2405113,    2405113,    2405113
13,    1671109,     35.0,     44.0,     35.0,    108.0,  9, 10, 11,  9,    2405113,    2405113,    2405113,    2405113
13,    2581349,     34.0,     43.0,     35.0,    108.0,  9, 10, 11,  9,    2405113,    2405113,    2405113,    2405113
13,    2519984,     13.0,     15.0,     15.0,     42.0,  9, 10, 11,  9,    1744301,    1744301,    1744301,    1744301
13,    1671079,     34.0,     43.0,     34.0,    106.0,  9, 10, 11,  9,    2405113,    2405113,    2405113,    2405113
13,    2581427,     69.0,     67.0,     64.0,    200.0,  9, 10, 11, 11,      74255,      74255,      74255,      74255
13,    2581448,     68.0,     65.0,     63.0,    198.0,  9, 10, 11, 11,      74255,      74255,      74255,      74255
13,    2537309,     53.0,     53.0,     53.0,    167.0,  9, 10, 11, 11,    2381255,    2381255,    2381255,    2381255
14,    2577638,     72.0,     70.0,     69.0,    212.0,  9, 10, 11, 11,      74255,      74255,      74255,      74255
14,    2577648,     73.0,     71.0,     70.0,    213.0,  9, 10, 11, 11,      74255,      74255,      74255,      74255
14,    3761560,     36.0,     48.0,     47.0,    115.0,  9, 10, 11,  9,    2405113,    2405113,    2405113,    2405113
14,    2581233,     57.0,     59.0,     62.0,    177.0,  9, 10, 11,  9,      74242,      74242,      74242,      74242
14,      41506,     58.0,     59.0,     63.0,    178.0,  9, 10, 11,  9,      74242,      74242,      74242,      74242
14,    2581268,     57.0,     58.0,     61.0,    175.0,  9, 10, 11,  9,      74242,      74242,      74242,      74242
14,    2581283,     48.0,     48.0,     50.0,    150.0,  9, 10, 11, 10,    2366920,    2366920,    2366920,    2366920
14,      41509,     48.0,     47.0,     49.0,    149.0,  9, 10, 11, 10,    2366920,    2366920,    2366920,    2366920
14,    2581293,     40.0,     52.0,     51.0,    122.0,  9, 10, 11,  9,    2405113,    2405113,    2405113,    2405113
14,    2581304,     38.0,     50.0,     50.0,    119.0,  9, 10, 11,  9,    2405113,    2405113,    2405113,    2405113
14,    2581324,     38.0,     50.0,     49.0,    118.0,  9, 10, 11,  9,    2405113,    2405113,    2405113,    2405113
14,    1671109,     38.0,     49.0,     49.0,    118.0,  9, 10, 11,  9,    2405113,    2405113,    2405113,    2405113
14,    2581349,     37.0,     49.0,     48.0,    117.0,  9, 10, 11,  9,    2405113,    2405113,    2405113,    2405113
14,    2519984,     12.0,     15.0,     15.0,     38.0,  9, 10, 11,  9,    1744301,    1744301,    1744301,    1744301
14,    1671079,     37.0,     48.0,     48.0,    116.0,  9, 10, 11,  9,    2405113,    2405113,    2405113,    2405113
14,    2581427,     69.0,     67.0,     66.0,    208.0,  9, 10, 11, 11,      74255,      74255,      74255,      74255
14,    2581448,     68.0,     66.0,     65.0,    206.0,  9, 10, 11, 11,      74255,      74255,      74255,      74255
14,    2537309,     53.0,     53.0,     53.0,    168.0,  9, 10, 11,  9,    2381255,    2381255,    2381255,    2381255
15,    2577638,     72.0,     72.0,     66.0,    202.0,  9, 10, 11, 11,      74255,      74255,      74255,      74255
15,    2577648,     73.0,     73.0,     67.0,    204.0,  9, 10, 11, 11,      74255,      74255,      74255,      74255
15,    3761560,     37.0,     49.0,     47.0,    116.0,  9, 10, 11,  9,    2405113,    2405113,    2405113,    2405113
15,    2581233,     56.0,     60.0,     64.0,    172.0,  9, 10, 11,  9,      74242,      74242,      74242,      74242
15,      41506,     56.0,     61.0,     65.0,    173.0,  9, 10, 11,  9,      74242,      74242,      74242,      74242
15,    2581268,     55.0,     59.0,     63.0,    170.0,  9, 10, 11,  9,      74242,      74242,      74242,      74242
15,    2581283,     48.0,     50.0,     50.0,    150.0,  9, 10, 11,  9,    2366920,    2366920,    2366920,    2366920
15,      41509,     47.0,     49.0,     49.0,    148.0,  9, 10, 11,  9,    2366920,    2366920,    2366920,    2366920
15,    2581293,     40.0,     53.0,     51.0,    123.0,  9, 10, 11,  9,    2405113,    2405113,    2405113,    2405113
15,    2581304,     39.0,     51.0,     50.0,    121.0,  9, 10, 11,  9,    2405113,    2405113,    2405113,    2405113
15,    2581324,     39.0,     51.0,     49.0,    120.0,  9, 10, 11,  9,    2405113,    2405113,    2405113,    2405113
15,    1671109,     38.0,     50.0,     49.0,    119.0,  9, 10, 11,  9,    2405113,    2405113,    2405113,    2405113
15,    2581349,     38.0,     50.0,     49.0,    119.0,  9, 10, 11,  9,    2405113,    2405113,    2405113,    2405113
15,    2519984,     12.0,     15.0,     15.0,     38.0,  9, 10, 11,  9,    1744301,    1744301,    1744301,    1744301
15,    1671079,     37.0,     49.0,     48.0,    117.0,  9, 10, 11,  9,    2405113,    2405113,    2405113,    2405113
15,    2581427,     69.0,     69.0,     64.0,    199.0,  9, 10, 11, 11,      74255,      74255,      74255,      74255
15,    2581448,     68.0,     68.0,     62.0,    197.0,  9, 10, 11, 11,      74255,      74255,      74255,      74255
15,    2537309,     53.0,     53.0,     53.0,    167.0,  9, 10, 11, 11,    2381255,    2381255,    2381255,    2381255
16,    2577638,     73.0,     73.0,     68.0,    208.0,  9, 10, 11, 11,      74255,      74255,      74255,      74255
16,    2577648,     74.0,     74.0,     69.0,    210.0,  9, 10, 11, 11,      74255,      74255,      74255,      74255
16,    3761560,     37.0,     48.0,     49.0,    117.0,  9, 10, 11,  9,    2405113,    2405113,    2405113,    2405113
16,    2581233,     59.0,     54.0,     63.0,    167.0,  9, 10, 11, 10,      74242,      74242,      74242,      74242
16,      41506,     59.0,     55.0,     64.0,    168.0,  9, 10, 11, 10,      74242,      74242,      74242,      74242
16,    2581268,     58.0,     53.0,     63.0,    165.0,  9, 10, 11, 10,      74242,      74242,      74242,      74242
16,    2581283,     48.0,     49.0,     50.0,    150.0,  9, 10, 11,  9,    2366920,    2366920,    2366920,    2366920
16,      41509,     47.0,     48.0,     50.0,    149.0,  9, 10, 11,  9,    2366920,    2366920,    2366920,    2366920
16,    2581293,     40.0,     52.0,     53.0,    123.0,  9, 10, 11,  9,    2405113,    2405113,    2405113,    2405113
16,    2581304,     39.0,     51.0,     52.0,    121.0,  9, 10, 11,  9,    2405113,    2405113,    2405113,    2405113
16,    2581324,     39.0,     50.0,     51.0,    120.0,  9, 10, 11,  9,    2405113,    2405113,    2405113,    2405113
16,    1671109,     38.0,     50.0,     51.0,    119.0,  9, 10, 11,  9,    2405113,    2405113,    2405113,    2405113
16,    2581349,     38.0,     50.0,     50.0,    119.0,  9, 10, 11,  9,    2405113,    2405113,    2405113,    2405113
16,    2519984,     13.0,     15.0,     15.0,     42.0,  9, 10, 11,  9,    1744301,    1744301,    1744301,    1744301
16,    1671079,     37.0,     49.0,     50.0,    118.0,  9, 10, 11,  9,    2405113,    2405113,    2405113,    2405113
16,    2581427,     70.0,     70.0,     65.0,    204.0,  9, 10, 11, 11,      74255,      74255,      74255,      74255
16,    2581448,     69.0,     68.0,     64.0,    202.0,  9, 10, 11, 11,      74255,      74255,      74255,      74255
16,    2537309,     53.0,     53.0,     53.0,    167.0,  9, 10, 11, 11,    2381255,    2381255,    2381255,    2381255
17,    2577638,     70.0,     69.0,     70.0,    210.0,  9, 10, 11, 10,      74255,      74255,      74255,      74255
17,    2577648,     71.0,     69.0,     70.0,    211.0,  9, 10, 11, 10,      74255,      74255,      74255,      74255
17,    3761560,     39.0,     47.0,     48.0,    125.0,  9, 10, 11,  9,    2405113,    2405113,    2405113,    2405113
17,    2581233,     60.0,     60.0,     63.0,    185.0,  9, 10, 11,  9,      74242,      74242,      74242,      74242
17,      41506,     61.0,     61.0,     64.0,    186.0,  9, 10, 11, 10,      74242,      74242,      74242,      74242
17,    2581268,     59.0,     59.0,     62.0,    183.0,  9, 10, 11, 10,      74242,      74242,      74242,      74242
17,    2581283,     49.0,     48.0,     49.0,    150.0,  9, 10, 11, 10,    2366920,    2366920,    2366920,    2366920
17,      41509,     48.0,     47.0,     49.0,    149.0,  9, 10, 11, 10,    2366920,    2366920,    2366920,    2366920
17,    2581293,     43.0,     51.0,     52.0,    132.0,  9, 10, 11,  9,    2405113,    2405113,    2405113,    2405113
17,    2581304,     42.0,     49.0,     51.0,    130.0,  9, 10, 11,  9,    2405113,    2405113,    2405113,    2405113
17,    2581324,     41.0,     49.0,     50.0,    129.0,  9, 10, 11,  9,    2405113,    2405113,    2405113,    2405113
17,    1671109,     41.0,     48.0,     50.0,    128.0,  9, 10, 11,  9,    2405113,    2405113,    2405113,    2405113
17,    2581349,     41.0,     48.0,     50.0,    128.0,  9, 10, 11,  9,    2405113,    2405113,    2405113,    2405113
17,    2519984,     14.0,     15.0,     15.0,     43.0,  9, 10, 11,  9,    1744301,    1744301,    1744301,    1744301
17,    1671079,     40.0,     47.0,     49.0,    126.0,  9, 10, 11,  9,    2405113,    2405113,    2405113,    2405113
17,    2581427,     68.0,     66.0,     67.0,    206.0,  9, 10, 11, 10,      74255,      74255,      74255,      74255
17,    2581448,     66.0,     65.0,     66.0,    204.0,  9, 10, 11, 10,      74255,      74255,      74255,      74255
17,    2537309,     53.0,     53.0,     53.0,    168.0,  9, 10, 11,  9,    2381255,    2381255,    2381255,    2381255
18,    2577638,     70.0,     73.0,     71.0,    216.0,  9, 10, 11,  9,      74255,      74255,      74255,      74255
18,    2577648,     71.0,     74.0,     72.0,    217.0,  9, 10, 11,  9,      74255,      74255,      74255,      74255
18,    3761560,     39.0,     47.0,     47.0,    123.0,  9, 10, 11,  9,    2405113,    2405113,    2405113,    2405113
18,    2581233,     52.0,     51.0,     63.0,    158.0,  9, 10, 11, 10,      74242,      74242,      74242,      74242
18,      41506,     53.0,     52.0,     64.0,    159.0,  9, 10, 11, 10,      74242,      74242,      74242,      74242
18,    2581268,     51.0,     51.0,     62.0,    157.0,  9, 10, 11, 10,      74242,      74242,      74242,      74242
18,    2581283,     40.0,     46.0,     50.0,    125.0,  9, 10, 11,  9,    2366920,    2366920,    2366920,    2366920
18,      41509,     39.0,     45.0,     49.0,    124.0,  9, 10, 11,  9,    2366920,    2366920,    2366920,    2366920
18,    2581293,     43.0,     51.0,     51.0,    130.0,  9, 10, 11,  9,    2405113,    2405113,    2405113,    2405113
18,    2581304,     41.0,     49.0,     49.0,    127.0,  9, 10, 11,  9,    2405113,    2405113,    2405113,    2405113
18,    2581324,     41.0,     49.0,     49.0,    127.0,  9, 10, 11,  9,    2405113,    2405113,    2405113,    2405113
18,    1671109,     40.0,     49.0,     48.0,    126.0,  9, 10, 11,  9,    2405113,    2405113,    2405113,    2405113
18,    2581349,     40.0,     48.0,     48.0,    125.0,  9, 10, 11,  9,    2405113,    2405113,    2405113,    2405113
18,    2519984,     11.0,     15.0,     15.0,     36.0,  9, 10, 11,  9,    1744301,    1744301,    1744301,    1744301
18,    1671079,     39.0,     47.0,     47.0,    124.0,  9, 10, 11,  9,    2405113,    2405113,    2405113,    2405113
18,    2581427,     68.0,     70.0,     68.0,    211.0,  9, 10, 11,  9,      74255,      74255,      74255,      74255
18,    2581448,     66.0,     68.0,     67.0,    209.0,  9, 10, 11,  9,      74255,      74255,      74255,      74255
18,    2537309,     53.0,     54.0,     53.0,    167.0,  9, 10, 11,  9,    2381255,    2381255,    2381255,    2381255
19,    2577638,     73.0,     72.0,     69.0,    212.0,  9, 10, 11, 11,      74255,      74255,      74255,      74255
19,    2577648,     73.0,     73.0,     70.0,    213.0,  9, 10, 11, 11,      74255,      74255,      74255,      74255
19,    3761560,     38.0,     42.0,     39.0,    120.0,  9, 10, 11,  9,    2405113,    2405113,    2405113,    2405113
19,    2581233,     54.0,     51.0,     59.0,    157.0,  9, 10, 11, 10,      74242,      74242,      74242,      74242
19,      41506,     55.0,     51.0,     60.0,    158.0,  9, 10, 11, 10,      74242,      74242,      74242,      74242
19,    2581268,     53.0,     50.0,     58.0,    155.0,  9, 10, 11, 10,      74242,      74242,      74242,      74242
19,    2581283,     47.0,     42.0,     46.0,    131.0,  9, 10, 11, 10,    2366920,    2366920,    2366920,    2366920
19,      41509,     46.0,     41.0,     46.0,    130.0,  9, 10, 11, 10,    2366920,    2366920,    2366920,    2366920
19,    2581293,     41.0,     46.0,     42.0,    126.0,  9, 10, 11,  9,    2405113,    2405113,    2405113,    2405113
19,    2581304,     40.0,     45.0,     41.0,    124.0,  9, 10, 11,  9,    2405113,    2405113,    2405113,    2405113
19,    2581324,     40.0,     44.0,     41.0,    123.0,  9, 10, 11,  9,    2405113,    2405113,    2405113,    2405113
19,    1671109,     39.0,     44.0,     40.0,    123.0,  9, 10, 11,  9,    2405113,    2405113,    2405113,    2405113
19,    2581349,     39.0,     43.0,     40.0,    122.0,  9, 10, 11,  9,    2405113,    2405113,    2405113,    2405113
19,    2519984,     13.0,     15.0,     15.0,     41.0,  9, 10, 11,  9,    1744301,    1744301,    1744301,    1744301
19,    1671079,     38.0,     43.0,     39.0,    121.0,  9, 10, 11,  9,    2405113,    2405113,    2405113,    2405113
19,    2581427,     70.0,     69.0,     66.0,    207.0,  9, 10, 11, 11,      74255,      74255,      74255,      74255
19,    2581448,     68.0,     68.0,     65.0,    205.0,  9, 10, 11, 11,      74255,      74255,      74255,      74255
19,    2537309,     53.0,     53.0,     53.0,    167.0,  9, 10, 11, 11,    2381255,    2381255,    2381255,    2381255
20,    2577638,     71.0,     71.0,     68.0,    209.0,  9, 10, 11, 11,      74255,      74255,      74255,      74255
20,    2577648,     72.0,     72.0,     69.0,    210.0,  9, 10, 11, 11,      74255,      74255,      74255,      74255
20,    3761560,     35.0,     45.0,     39.0,    112.0,  9, 10, 11,  9,    2405113,    2405113,    2405113,    2405113
20,    2581233,     53.0,     51.0,     55.0,    157.0,  9, 10, 11, 10,      74242,      74242,      74242,      74242
20,      41506,     54.0,     52.0,     56.0,    158.0,  9, 10, 11, 10,      74242,      74242,      74242,      74242
20,    2581268,     52.0,     50.0,     54.0,    155.0,  9, 10, 11, 10,      74242,      74242,      74242,      74242
20,    2581283,     45.0,     42.0,     43.0,    131.0,  9, 10, 11, 10,    2366920,    2366920,    2366920,    2366920
20,      41509,     44.0,     41.0,     43.0,    130.0,  9, 10, 11, 10,    2366920,    2366920,    2366920,    2366920
20,    2581293,     38.0,     49.0,     43.0,    118.0,  9, 10, 11,  9,    2405113,    2405113,    2405113,    2405113
20,    2581304,     37.0,     48.0,     41.0,    115.0,  9, 10, 11,  9,    2405113,    2405113,    2405113,    2405113
20,    2581324,     37.0,     47.0,     41.0,    115.0,  9, 10, 11,  9,    2405113,    2405113,    2405113,    2405113
20,    1671109,     37.0,     47.0,     41.0,    114.0,  9, 10, 11,  9,    2405113,    2405113,    2405113,    2405113
20,    2581349,     36.0,     47.0,     40.0,    114.0,  9, 10, 11,  9,    2405113,    2405113,    2405113,    2405113
20,    2519984,     13.0,     15.0,     15.0,     42.0,  9, 10, 11,  9,    1744301,    1744301,    1744301,    1744301
20,    1671079,     36.0,     46.0,     40.0,    112.0,  9, 10, 11,  9,    2405113,    2405113,    2405113,    2405113
20,    2581427,     68.0,     69.0,     66.0,    205.0,  9, 10, 11, 11,      74255,      74255,      74255,      74255
20,    2581448,     67.0,     67.0,     64.0,    203.0,  9, 10, 11, 11,      74255,      74255,      74255,      74255
20,    2537309,     53.0,     53.0,     53.0,    167.0,  9, 10, 11, 11,    2381255,    2381255,    2381255,    2381255
21,    2577638,     66.0,     70.0,     69.0,    203.0,  9, 10, 11,  9,      74255,      74255,      74255,      74255
21,    2577648,     67.0,     71.0,     70.0,    204.0,  9, 10, 11,  9,      74255,      74255,      74255,      74255
21,    3761560,     32.0,     43.0,     41.0,    102.0,  9, 10, 11,  9,    2405113,    2405113,    2405113,    2405113
21,    2581233,     49.0,     49.0,     54.0,    150.0,  9, 10, 11,  9,      74242,      74242,      74242,      74242
21,      41506,     49.0,     49.0,     55.0,    151.0,  9, 10, 11,  9,      74242,      74242,      74242,      74242
21,    2581268,     48.0,     48.0,     53.0,    149.0,  9, 10, 11,  9,      74242,      74242,      74242,      74242
21,    2581283,     43.0,     40.0,     41.0,    126.0,  9, 10, 11, 10,    2366920,    2366920,    2366920,    2366920
21,      41509,     42.0,     40.0,     40.0,    125.0,  9, 10, 11, 10,    2366920,    2366920,    2366920,    2366920
21,    2581293,     35.0,     47.0,     44.0,    108.0,  9, 10, 11,  9,    2405113,    2405113,    2405113,    2405113
21,    2581304,     34.0,     46.0,     43.0,    106.0,  9, 10, 11,  9,    2405113,    2405113,    2405113,    2405113
21,    2581324,     34.0,     45.0,     43.0,    105.0,  9, 10, 11,  9,    2405113,    2405113,    2405113,    2405113
21,    1671109,     33.0,     45.0,     42.0,    104.0,  9, 10, 11,  9,    2405113,    2405113,    2405113,    2405113
21,    2581349,     33.0,     45.0,     42.0,    104.0,  9, 10, 11,  9,    2405113,    2405113,    2405113,    2405113
21,    2519984,     13.0,     15.0,     15.0,     42.0,  9, 10, 11,  9,    1744301,    1744301,    1744301,    1744301
21,    1671079,     32.0,     44.0,     41.0,    103.0,  9, 10, 11,  9,    2405113,    2405113,    2405113,    2405113
21,    2581427,     64.0,     67.0,     67.0,    199.0,  9, 10, 11,  9,      74255,      74255,      74255,      74255
21,    2581448,     63.0,     66.0,     65.0,    197.0,  9, 10, 11,  9,      74255,      74255,      74255,      74255
21,    2537309,     53.0,     53.0,     53.0,    167.0,  9, 10, 11,  9,    2381255,    2381255,    2381255,    2381255
22,    2577638,     70.0,     70.0,     69.0,    212.0,  9, 10, 11, 11,      74255,      74255,      74255,      74255
22,    2577648,     71.0,     70.0,     70.0,    213.0,  9, 10, 11, 11,      74255,      74255,      74255,      74255
22,    3761560,     40.0,     44.0,     43.0,    127.0,  9, 10, 11,  9,    2405113,    2405113,    2405113,    2405113
22,    2581233,     50.0,     55.0,     57.0,    154.0,  9, 10, 11,  9,      74242,      74242,      74242,      74242
22,      41506,     50.0,     56.0,     58.0,    155.0,  9, 10, 11,  9,      74242,      74242,      74242,      74242
22,    2581268,     49.0,     54.0,     56.0,    152.0,  9, 10, 11,  9,      74242,      74242,      74242,      74242
22,    2581283,     44.0,     43.0,     44.0,    135.0,  9, 10, 11, 10,    2366920,    2366920,    2366920,    2366920
22,      41509,     43.0,     43.0,     43.0,    134.0,  9, 10, 11, 10,    2366920,    2366920,    2366920,    2366920
22,    2581293,     44.0,     48.0,     46.0,    134.0,  9, 10, 11,  9,    2405113,    2405113,    2405113,    2405113
22,    2581304,     43.0,     47.0,     45.0,    132.0,  9, 10, 11,  9,    2405113,    2405113,    2405113,    2405113
22,    2581324,     42.0,     46.0,     44.0,    131.0,  9, 10, 11,  9,    2405113,    2405113,    2405113,    2405113
22,    1671109,     42.0,     46.0,     44.0,    130.0,  9, 10, 11,  9,    2405113,    2405113,    2405113,    2405113
22,    2581349,     41.0,     46.0,     44.0,    130.0,  9, 10, 11,  9,    2405113,    2405113,    2405113,    2405113
22,    2519984,     14.0,     15.0,     15.0,     43.0,  9, 10, 11,  9,    1744301,    1744301,    1744301,    1744301
22,    1671079,     41.0,     45.0,     43.0,    128.0,  9, 10, 11,  9,    2405113,    2405113,    2405113,    2405113
22,    2581427,     67.0,     67.0,     66.0,    208.0,  9, 10, 11, 11,      74255,      74255,      74255,      74255
22,    2581448,     66.0,     66.0,     65.0,    206.0,  9, 10, 11, 11,      74255,      74255,      74255,      74255
22,    2537309,     53.0,     53.0,     53.0,    167.0,  9, 10, 11, 11,    2381255,    2381255,    2381255,    2381255
23,    2577638,     72.0,     71.0,     70.0,    213.0,  9, 10, 11, 11,      74255,      74255,      74255,      74255
23,    2577648,     73.0,     72.0,     70.0,    214.0,  9, 10, 11, 11,      74255,      74255,      74255,      74255
23,    3761560,     39.0,     51.0,     48.0,    124.0,  9, 10, 11,  9,    2405113,    2405113,    2405113,    2405113
23,    2581233,     61.0,     56.0,     61.0,    172.0,  9, 10, 11, 10,      74242,      74242,      74242,      74242
23,      41506,     62.0,     57.0,     62.0,    173.0,  9, 10, 11, 10,      74242,      74242,      74242,      74242
23,    2581268,     61.0,     55.0,     60.0,    171.0,  9, 10, 11, 10,      74242,      74242,      74242,      74242
23,    2581283,     49.0,     44.0,     47.0,    136.0,  9, 10, 11, 10,    2366920,    2366920,    2366920,    2366920
23,      41509,     49.0,     43.0,     46.0,    135.0,  9, 10, 11, 10,    2366920,    2366920,    2366920,    2366920
23,    2581293,     43.0,     55.0,     52.0,    132.0,  9, 10, 11,  9,    2405113,    2405113,    2405113,    2405113
23,    2581304,     42.0,     54.0,     50.0,    129.0,  9, 10, 11,  9,    2405113,    2405113,    2405113,    2405113
23,    2581324,     41.0,     53.0,     50.0,    128.0,  9, 10, 11,  9,    2405113,    2405113,    2405113,    2405113
23,    1671109,     41.0,     53.0,     49.0,    127.0,  9, 10, 11,  9,    2405113,    2405113,    2405113,    2405113
23,    2581349,     41.0,     53.0,     49.0,    127.0,  9, 10, 11,  9,    2405113,    2405113,    2405113,    2405113
23,    2519984,     10.0,     16.0,     16.0,     32.0,  9, 10, 11,  9,    1744301,    1744301,    1744301,    1744301
23,    1671079,     40.0,     52.0,     48.0,    125.0,  9, 10, 11,  9,    2405113,    2405113,    2405113,    2405113
23,    2581427,     69.0,     69.0,     67.0,    209.0,  9, 10, 11, 11,      74255,      74255,      74255,      74255
23,    2581448,     68.0,     67.0,     65.0,    207.0,  9, 10, 11, 11,      74255,      74255,      74255,      74255
23,    2537309,     53.0,     53.0,     53.0,    167.0,  9, 10, 11, 11,    2381255,    2381255,    2381255,    2381255
24,    2577638,     79.0,     79.0,     80.0,    237.0, 12, 12, 12,  9,      74255,      74255,      74255,      74255
24,    2577648,     78.0,     78.0,     79.0,    236.0, 12, 12, 12,  9,      74255,      74255,      74255,      74255
24,    3761560,     86.0,     83.0,     81.0,    244.0,  9, 12, 12, 10,    1744300,      77929,      77929,    1744300
24,    2581233,     78.0,     80.0,     81.0,    238.0, 12, 12, 12,  9,      74242,      74243,      74242,      74243
24,      41506,     77.0,     80.0,     79.0,    246.0, 12, 12, 12, 11,      74242,      74242,      74242,      74242
24,    2581268,     79.0,     81.0,     81.0,    245.0, 12, 12, 12, 11,      74242,      74242,      74242,      74246
24,    2581283,     61.0,     61.0,     62.0,    185.0, 12, 12, 12, 11,    2366920,    2366920,    2366920,    2366920
24,      41509,     61.0,     62.0,     63.0,    182.0, 12, 12, 12, 11,    2366920,    2366920,    2366920,    2405111
24,    2581293,     81.0,     77.0,     76.0,    252.0, 12, 12, 12, 10,    2405113,    2405113,    2405113,    2405113
24,    2581304,     83.0,     79.0,     78.0,    254.0, 12, 12, 12, 10,    2405113,    2405113,    2405113,    2405115
24,    2581324,     83.0,     79.0,     78.0,    253.0, 12, 12, 12, 10,    2405120,    2405115,    2405120,    2405120
24,    1671109,     84.0,     80.0,     79.0,    254.0, 12, 12, 12, 10,      77929,    2405113,      77929,      77929
24,    2581349,     84.0,     80.0,     79.0,    254.0, 12, 12, 12, 10,      77929,    2405115,      77929,      77929
24,    2519984,     20.0,     19.0,     19.0,     60.0, 12, 12, 12, 10,    1744301,    1744301,    1744301,    1744301
24,    1671079,     86.0,     82.0,     80.0,    250.0, 12, 12, 12, 10,      77929,      77929,      77929,    1744302
24,    2581427,     82.0,     81.0,     82.0,    240.0, 12, 12, 12, 10,      74255,    2405145,    2403097,    2405145
24,    2581448,     84.0,     83.0,     84.0,    242.0,  9, 12, 12,  9,      74255,      74255,      74255,    2405148
24,    2537309,     62.0,     62.0,     62.0,    181.0,  9, 10, 11,  9,    2381255,    2381255,    2381255,    2381255
25,    2577638,     80.0,     79.0,     79.0,    237.0,  9, 12, 12,  9,      74255,      74255,      74255,      74255
25,    2577648,     79.0,     78.0,     78.0,    236.0,  9, 12, 12,  9,      74255,      74255,      74255,      74255
25,    3761560,     85.0,     84.0,     82.0,    244.0, 12, 12, 12, 10,    2405113,      77929,      77929,    1744300
25,    2581233,     79.0,     80.0,     80.0,    237.0, 12, 12, 12, 11,      74243,      74242,      74242,      74243
25,      41506,     79.0,     79.0,     79.0,    244.0, 12, 12, 12, 11,      74242,      74242,      74242,      74242
25,    2581268,     80.0,     80.0,     81.0,    244.0, 12, 12, 12, 10,      74242,      74246,      74242,      74246
25,    2581283,     62.0,     61.0,     61.0,    184.0, 12, 12, 12, 11,    2366920,    2366920,    2366920,    2366920
25,      41509,     62.0,     61.0,     62.0,    182.0, 12, 12, 12, 11,    2405111,    2366920,    2366920,    2405111
25,    2581293,     80.0,     79.0,     76.0,    252.0, 12, 12, 12, 10,    2405113,    2405113,    2405113,    2405113
25,    2581304,     81.0,     81.0,     78.0,    253.0, 12, 12, 12, 10,    2405113,    2405113,    2405113,    2405115
25,    2581324,     82.0,     81.0,     78.0,    252.0, 12, 12, 12, 10,    2405113,    2405115,    2405113,    2405120
25,    1671109,     83.0,     81.0,     79.0,    252.0, 12, 12, 12, 10,      77929,      77929,      77929,      77929
25,    2581349,     83.0,     82.0,     79.0,    253.0, 12, 12, 12, 10,      77929,      77929,    2405113,      77929
25,    2519984,     19.0,     20.0,     19.0,     60.0, 12, 10, 12, 10,    1744301,    1744301,    1744301,    1744301
25,    1671079,     84.0,     83.0,     81.0,    249.0, 12, 12, 12, 10,    2405113,      77929,      77929,    1744302
25,    2581427,     82.0,     81.0,     82.0,    240.0,  9, 12, 12,  9,    2405145,      74255,      74255,    2405145
25,    2581448,     84.0,     83.0,     84.0,    242.0,  9, 12, 12, 10,      74255,      74255,      74255,    2405145
25,    2537309,     62.0,     62.0,     62.0,    181.0,  9, 10, 11,  9,    2381255,    2381255,    2381255,    2381255
26,    2577638,     79.0,     79.0,     80.0,    236.0, 12, 12, 11,  9,      74255,      74255,      74255,      74255
26,    2577648,     78.0,     78.0,     79.0,    235.0, 12, 12, 12,  9,      74255,      74255,      74255,      74255
26,    3761560,     86.0,     84.0,     80.0,    244.0, 12, 12, 12, 10,    1744300,      77929,    2405113,    1744300
26,    2581233,     80.0,     79.0,     80.0,    237.0, 12, 12, 11, 11,      74242,      74242,      74243,      74243
26,      41506,     79.0,     78.0,     80.0,    244.0, 12, 12, 12, 10,      74242,      74242,      74242,      74242
26,    2581268,     81.0,     80.0,     81.0,    244.0, 12, 12, 12, 10,      74242,      74242,      74242,      74246
26,    2581283,     61.0,     60.0,     62.0,    184.0, 12, 12, 12,  9,    2366920,    2366920,    2366920,    2366920
26,      41509,     62.0,     61.0,     63.0,    183.0, 12, 12, 12,  9,    2366920,    2366920,    2366920,    2405111
26,    2581293,     81.0,     78.0,     75.0,    249.0, 12, 12, 12, 10,    2405113,    2405113,    2405113,    2405113
26,    2581304,     83.0,     80.0,     77.0,    250.0, 12, 12, 12, 10,    2405113,    2405113,    2405113,    2405115
26,    2581324,     83.0,     81.0,     77.0,    250.0, 12, 12, 12, 10,    2405120,    2405113,    2405113,    2405120
26,    1671109,     84.0,     81.0,     78.0,    251.0, 12, 12, 12, 10,      77929,    2405115,      77929,      77929
26,    2581349,     84.0,     82.0,     78.0,    251.0, 12, 12, 12, 10,      77929,      77929,      77929,      77929
26,    2519984,     19.0,     20.0,     19.0,     60.0, 12, 10, 12, 10,    1744301,    1744301,    1744301,    1744301
26,    1671079,     85.0,     83.0,     79.0,    249.0, 12, 12, 12, 10,    1744302,      77929,    2405113,    1744302
26,    2581427,     82.0,     81.0,     83.0,    240.0, 12, 12, 11,  9,      74255,    2405145,      74255,    2405145
26,    2581448,     83.0,     83.0,     84.0,    242.0, 12, 12, 12,  9,      74255,      74255,      74255,    2405145
26,    2537309,     62.0,     62.0,     62.0,    181.0,  9, 10, 11,  9,    2381255,    2381255,    2381255,    2381255
27,    2577638,     79.0,     79.0,     80.0,    236.0, 12, 12, 12,  9,      74255,      74255,      74255,      74255
27,    2577648,     78.0,     78.0,     79.0,    235.0, 12, 12, 12,  9,      74255,      74255,      74255,      74255
27,    3761560,     85.0,     85.0,     81.0,    245.0, 12, 12, 12, 11,      77929,      77929,    2405113,    1744300
27,    2581233,     79.0,     79.0,     80.0,    237.0, 12, 12, 11,  9,      74242,      74242,      74243,      74243
27,      41506,     78.0,     78.0,     80.0,    244.0, 12, 12, 12,  9,      74242,      74242,      74242,      74242
27,    2581268,     80.0,     80.0,     82.0,    244.0, 12, 12, 12,  9,      74242,      74242,      74242,      74246
27,    2581283,     61.0,     60.0,     62.0,    184.0, 12, 12, 12,  9,    2366920,    2366920,    2366920,    2366920
27,      41509,     62.0,     61.0,     63.0,    183.0, 12, 12, 12,  9,    2366920,    2366920,    2366920,    2405111
27,    2581293,     80.0,     79.0,     75.0,    252.0, 12, 12, 12, 11,    2405113,    2405113,    2405113,    2405113
27,    2581304,     82.0,     81.0,     77.0,    253.0, 12, 12, 12, 11,    2405113,    2405113,    2405113,    2405115
27,    2581324,     82.0,     82.0,     78.0,    252.0, 12, 12, 12, 11,    2405120,    2405113,    2405113,    2405120
27,    1671109,     82.0,     82.0,     78.0,    253.0, 12, 12, 12, 11,      77929,      77929,    2405113,      77929
27,    2581349,     83.0,     83.0,     78.0,    254.0, 12, 12, 12, 11,      77929,      77929,    2405113,      77929
27,    2519984,     19.0,     19.0,     19.0,     60.0, 12, 12, 12, 10,    1744301,    1744301,    1744301,    1744301
27,    1671079,     84.0,     84.0,     80.0,    250.0, 12, 12, 12, 11,      77929,      77929,    2405113,    1744302
27,    2581427,     82.0,     81.0,     83.0,    240.0, 12, 12, 11,  9,      74255,      74255,      74255,    2405145
27,    2581448,     83.0,     83.0,     84.0,    242.0, 12, 12, 12, 10,    2403097,      74255,      74255,    2405145
27,    2537309,     62.0,     62.0,     62.0,    181.0,  9, 10, 11,  9,    2381255,    2381255,    2381255,    2381255
28,    2577638,     79.0,     78.0,     80.0,    236.0, 12, 12, 12,  9,      74255,      74255,    2403097,      74255
28,    2577648,     78.0,     77.0,     80.0,    235.0, 12, 12, 11,  9,      74255,      74255,      74255,      74255
28,    3761560,     85.0,     84.0,     82.0,    244.0, 12, 12, 12, 10,      77929,      77929,      77929,    1744300
28,    2581233,     79.0,     79.0,     79.0,    237.0, 12, 12, 12, 11,      74243,      74242,      74242,      74243
28,      41506,     80.0,     78.0,     78.0,    243.0, 12, 12, 12, 10,      74242,      74242,      74242,      74242
28,    2581268,     82.0,     79.0,     80.0,    243.0, 12, 12, 12, 10,      74242,      74246,      74242,      74246
28,    2581283,     63.0,     60.0,     61.0,    183.0, 12, 12, 12, 10,    2366920,    2366920,    2366920,    2366920
28,      41509,     62.0,     60.0,     62.0,    183.0, 12, 12, 12,  9,    2405111,    2366920,    2366920,    2405111
28,    2581293,     80.0,     79.0,     77.0,    254.0, 12, 12, 12, 10,    2405113,    2405113,    2405113,    2405113
28,    2581304,     82.0,     80.0,     78.0,    255.0, 12, 12, 12, 10,    2405113,    2405113,    2405113,    2405115
28,    2581324,     82.0,     81.0,     79.0,    255.0, 12, 12, 12, 10,    2405113,    2405113,    2405113,    2405120
28,    1671109,     83.0,     81.0,     79.0,    256.0, 12, 12, 12, 10,      77929,    2405115,    2405113,      77929
28,    2581349,     83.0,     82.0,     80.0,    256.0, 12, 12, 12, 10,      77929,      77929,      77929,      77929
28,    2519984,     19.0,     20.0,     19.0,     60.0, 12, 10, 12, 10,    1744301,    1744301,    1744301,    1744301
28,    1671079,     84.0,     83.0,     81.0,    249.0, 12, 12, 12, 10,      77929,      77929,      77929,    1744302
28,    2581427,     82.0,     81.0,     83.0,    240.0, 12, 12, 12,  9,      74255,      74255,    2403097,    2405145
28,    2581448,     83.0,     82.0,     84.0,    242.0, 12, 12, 11, 10,      74255,      74255,    2405145,    2405145
28,    2537309,     62.0,     62.0,     62.0,    181.0,  9, 10, 11,  9,    2381255,    2381255,    2381255,    2381255
29,    2577638,     80.0,     78.0,     80.0,    238.0,  9, 12, 11,  9,      74255,      74255,      74255,      74255
29,    2577648,     79.0,     78.0,     79.0,    236.0,  9, 12, 12,  9,      74255,      74255,      74255,      74255
29,    3761560,     85.0,     84.0,     80.0,    244.0, 12, 12, 12, 10,    1744302,    1744300,    2405113,    1744300
29,    2581233,     80.0,     79.0,     80.0,    237.0, 12, 12, 12, 11,      74242,      74242,      74242,      74243
29,      41506,     79.0,     78.0,     79.0,    244.0, 12, 12, 12, 10,      74242,      74242,      74242,      74242
29,    2581268,     81.0,     79.0,     81.0,    243.0, 12, 12, 12, 10,      74242,      74246,      74242,      74246
29,    2581283,     62.0,     60.0,     62.0,    184.0, 12, 12, 12,  9,    2366920,    2366920,    2366920,    2366920
29,      41509,     62.0,     61.0,     63.0,    183.0, 12, 12, 12,  9,    2366920,    2366920,    2366920,    2405111
29,    2581293,     80.0,     79.0,     75.0,    261.0, 12, 12, 12, 11,    2405113,    2405113,    2405113,    2405113
29,    2581304,     82.0,     81.0,     77.0,    262.0, 12, 12, 12, 11,    2405113,    2405113,    2405113,    2405115
29,    2581324,     82.0,     82.0,     77.0,    262.0, 12, 12, 12, 11,    2405120,    2405113,    2405113,    2405120
29,    1671109,     83.0,     82.0,     78.0,    263.0, 12, 12, 12, 11,      77929,      77929,      77929,      77929
29,    2581349,     83.0,     83.0,     78.0,    263.0, 12, 12, 12, 11,      77929,      77929,      77929,      77929
29,    2519984,     19.0,     20.0,     19.0,     60.0, 12, 10, 12, 10,    1744301,    1744301,    1744301,    1744301
29,    1671079,     84.0,     84.0,     79.0,    255.0, 12, 12, 12, 11,    1744302,      77929,    2405113,    1744302
29,    2581427,     82.0,     81.0,     82.0,    240.0, 12, 12, 12, 10,    2403097,      74255,      74255,    2405145
29,    2581448,     84.0,     83.0,     84.0,    242.0,  9, 12, 12,  9,      74255,      74255,      74255,    2405148
29,    2537309,     62.0,     62.0,     62.0,    181.0,  9, 10, 11,  9,    2381255,    2381255,    2381255,    2381255
30,    2577638,     79.0,     78.0,     80.0,    236.0, 12, 12, 12,  9,    2403097,      74255,      74255,    2403097
30,    2577648,     79.0,     78.0,     79.0,    239.0, 12, 12, 12,  9,      74255,      74255,      74255,      74255
30,    3761560,     86.0,     83.0,     80.0,    244.0,  9, 12, 12, 10,    1744300,    2405115,    2405113,    1744300
30,    2581233,     79.0,     80.0,     80.0,    237.0, 12, 12, 11,  9,      74242,      74242,      74243,      74243
30,      41506,     78.0,     79.0,     80.0,    243.0, 12, 12, 12,  9,      74242,      74242,      74242,      74242
30,    2581268,     79.0,     80.0,     82.0,    243.0, 12, 12, 12,  9,      74242,      74246,      74242,      74246
30,    2581283,     61.0,     60.0,     62.0,    183.0, 12, 12, 12,  9,    2366920,    2366920,    2366920,    2366920
30,      41509,     62.0,     61.0,     63.0,    182.0, 12, 12, 12, 11,    2366920,    2366920,    2366920,    2405111
30,    2581293,     82.0,     78.0,     75.0,    259.0, 12, 12, 12, 10,    2405113,    2405113,    2405113,    2405113
30,    2581304,     84.0,     79.0,     76.0,    260.0, 12, 12, 12, 10,    2405113,    2405115,    2405113,    2405115
30,    2581324,     83.0,     80.0,     77.0,    260.0, 12, 12, 12, 10,    2405120,    2405113,    2405113,    2405120
30,    1671109,     84.0,     81.0,     77.0,    260.0, 12, 12, 12, 10,      77929,      77929,    2405113,      77929
30,    2581349,     84.0,     81.0,     78.0,    261.0, 12, 12, 12, 10,      77929,      77929,      77929,      77929
30,    2519984,     20.0,     19.0,     19.0,     60.0, 12, 12, 12, 10,    1744301,    1744301,    1744301,    1744301
30,    1671079,     85.0,     82.0,     79.0,    253.0, 12, 12, 12, 10,    1744302,    2405115,    2405113,    1744302
30,    2581427,     82.0,     81.0,     82.0,    240.0, 12, 12, 12,  9,      74255,      74255,      74255,    2405145
30,    2581448,     84.0,     82.0,     84.0,    242.0, 12, 12, 12, 10,      74255,    2405145,      74255,    2405145
30,    2537309,     62.0,     62.0,     62.0,    181.0,  9, 10, 11,  9,    2381255,    2381255,    2381255,    2381255
31,    2577638,     79.0,     79.0,     80.0,    236.0, 12, 12, 12,  9,      74255,      74255,      74255,      74255
31,    2577648,     78.0,     78.0,     79.0,    235.0, 12, 12, 12,  9,      74255,      74255,      74255,      74255
31,    3761560,     84.0,     84.0,     80.0,    245.0, 12, 12, 12, 10,    1744300,      77929,    2405113,    1744300
31,    2581233,     79.0,     80.0,     80.0,    238.0, 12, 12, 12,  9,      74243,      74242,      74242,      74243
31,      41506,     79.0,     79.0,     79.0,    245.0, 12, 12, 12, 11,      74242,      74242,      74242,      74242
31,    2581268,     80.0,     80.0,     80.0,    245.0, 12, 12, 12,  9,      74246,      74246,      74242,      74246
31,    2581283,     61.0,     60.0,     62.0,    183.0, 12, 12, 12, 10,    2366920,    2366920,    2366920,    2366920
31,      41509,     62.0,     61.0,     63.0,    182.0, 12, 12, 12, 11,    2366920,    2366920,    2366920,    2405111
31,    2581293,     80.0,     80.0,     75.0,    265.0, 12, 12, 12, 11,    2405113,    2405113,    2405113,    2405113
31,    2581304,     81.0,     80.0,     76.0,    266.0, 12, 12, 12, 10,    2405113,    2405115,    2405113,    2405115
31,    2581324,     82.0,     81.0,     77.0,    265.0, 12, 12, 12, 11,    2405113,    2405115,    2405113,    2405120
31,    1671109,     82.0,     81.0,     77.0,    266.0, 12, 12, 12, 10,    2405113,    2405115,    2405113,      77929
31,    2581349,     83.0,     81.0,     78.0,    267.0, 12, 12, 12, 10,      77929,    2405115,    2405113,      77929
31,    2519984,     19.0,     20.0,     19.0,     60.0, 12, 12, 12, 11,    1744301,    1744301,    1744301,    1744301
31,    1671079,     83.0,     83.0,     79.0,    257.0, 12, 12, 12, 11,    1744302,      77929,    2405113,    1744302
31,    2581427,     82.0,     81.0,     83.0,    240.0, 12, 12, 11,  9,      74255,      74255,      74255,    2405145
31,    2581448,     83.0,     83.0,     84.0,    242.0, 12, 12, 12,  9,      74255,      74255,      74255,    2405148
31,    2537309,     62.0,     62.0,     62.0,    181.0,  9, 10, 11,  9,    2381255,    2381255,    2381255,    2381255
32,    2577638,     78.0,     80.0,     79.0,    237.0, 12, 12, 12,  9,      74255,      74255,    2403097,      74255
32,    2577648,     77.0,     79.0,     79.0,    236.0, 12, 12, 12,  9,      74255,      74255,      74255,      74255
32,    3761560,     84.0,     85.0,     78.0,    246.0, 12, 12, 12, 10,    1744302,    1744300,    2405113,    1744300
32,    2581233,     79.0,     80.0,     79.0,    237.0, 12, 12, 12,  9,      74242,      74243,      74242,      74243
32,      41506,     78.0,     80.0,     78.0,    254.0, 12, 12, 12,  9,      74242,      74242,      74242,      74242
32,    2581268,     80.0,     79.0,     80.0,    250.0, 12, 12, 12, 10,      74242,      74246,      74242,      74246
32,    2581283,     63.0,     58.0,     62.0,    184.0, 12, 12, 12, 10,    2366920,    2366920,    2366920,    2366920
32,      41509,     64.0,     58.0,     61.0,    182.0, 12, 12, 12, 11,    2366920,    2366920,    2405111,    2405111
32,    2581293,     80.0,     82.0,     73.0,    264.0, 12, 12, 12, 11,    2405113,    2405113,    2405113,    2405113
32,    2581304,     81.0,     83.0,     74.0,    265.0, 12, 12, 12, 11,    2405113,    2405115,    2405113,    2405115
32,    2581324,     81.0,     83.0,     75.0,    265.0, 12, 12, 12, 11,    2405115,    2405120,    2405113,    2405120
32,    1671109,     82.0,     84.0,     75.0,    266.0, 12, 12, 12, 11,      77929,      77929,    2405113,      77929
32,    2581349,     82.0,     84.0,     75.0,    266.0, 12, 12, 12, 11,    2405115,      77929,    2405113,      77929
32,    2519984,     19.0,     21.0,     18.0,     61.0, 12, 10, 12, 11,    1744301,    1744301,    1744301,    1744301
32,    1671079,     83.0,     85.0,     77.0,    258.0, 12, 12, 12, 11,    1744302,      77929,    2405113,    1744302
32,    2581427,     81.0,     81.0,     82.0,    240.0, 12, 12, 12,  9,      74255,    2405145,      74255,    2405145
32,    2581448,     82.0,     83.0,     84.0,    242.0, 12, 12, 12, 10,    2403097,    2405145,      74255,    2405145
32,    2537309,     62.0,     62.0,     62.0,    181.0,  9, 10, 11,  9,    2381255,    2381255,    2381255,    2381255
33,    2577638,     78.0,     79.0,     80.0,    237.0, 12, 12, 12,  9,      74255,      74255,      74255,      74255
33,    2577648,     77.0,     79.0,     79.0,    236.0, 12, 12, 12,  9,      74255,      74255,      74255,      74255
33,    3761560,     86.0,     83.0,     78.0,    244.0, 12, 12, 12, 10,    1744300,      77929,    2405113,    1744300
33,    2581233,     79.0,     80.0,     77.0,    237.0, 12, 10, 12,  9,      74243,      74243,      74242,      74243
33,      41506,     79.0,     81.0,     76.0,    252.0, 12, 12, 12, 11,      74242,      74242,      74242,      74242
33,    2581268,     80.0,     81.0,     77.0,    252.0, 12, 12, 12, 11,      74246,      74246,      74242,      74246
33,    2581283,     63.0,     59.0,     61.0,    190.0, 12, 12, 12, 10,    2366920,    2366920,    2366920,    2366920
33,      41509,     63.0,     60.0,     61.0,    182.0, 12, 12, 12, 11,    2405111,    2366920,    2405111,    2405111
33,    2581293,     80.0,     81.0,     73.0,    268.0, 12, 12, 12, 11,    2405113,    2405113,    2405113,    2405113
33,    2581304,     82.0,     80.0,     75.0,    266.0, 12, 12, 12, 10,    2405113,    2405115,    2405113,    2405115
33,    2581324,     82.0,     80.0,     75.0,    263.0, 12, 12, 12, 10,    2405113,    2405115,    2405113,    2405120
33,    1671109,     83.0,     80.0,     76.0,    264.0, 12, 12, 12, 10,    2405113,      77929,    2405113,      77929
33,    2581349,     83.0,     80.0,     76.0,    264.0, 12, 12, 12, 10,    2405113,      77929,    2405113,      77929
33,    2519984,     20.0,     19.0,     19.0,     61.0, 12, 12, 12, 10,    1744301,    1744301,    1744301,    1744301
33,    1671079,     85.0,     82.0,     77.0,    256.0, 12, 12, 12, 10,    1744302,      77929,    2405113,    1744302
33,    2581427,     81.0,     81.0,     82.0,    240.0, 12, 12, 12, 10,      74255,    2405145,    2403097,    2405145
33,    2581448,     82.0,     82.0,     84.0,    242.0, 12, 12, 12, 10,    2403097,    2405145,      74255,    2405145
33,    2537309,     62.0,     62.0,     62.0,    181.0,  9, 10, 11,  9,    2381255,    2381255,    2381255,    2381255
34,    2577638,     80.0,     77.0,     80.0,    249.0, 12, 12, 12, 10,      74255,      74255,    2403097,    2403097
34,    2577648,     79.0,     76.0,     80.0,    252.0, 12, 12, 12, 10,      74255,      74255,      74255,      74255
34,    3761560,     85.0,     83.0,     76.0,    244.0, 12, 12, 12, 10,    1744300,    2405115,    2405113,    1744300
34,    2581233,     78.0,     80.0,     73.0,    238.0, 12, 12, 12,  9,      74243,      74243,      74242,      74243
34,      41506,     81.0,     81.0,     72.0,    278.0, 12, 12, 12, 11,      74242,      74242,      74242,      74242
34,    2581268,     81.0,     82.0,     73.0,    276.0, 12, 12, 12, 11,      74246,      74246,      74242,      74246
34,    2581283,     60.0,     59.0,     63.0,    202.0, 12, 12, 12, 10,    2366920,    2366920,    2366920,    2366920
34,      41509,     61.0,     59.0,     59.0,    183.0, 12, 12, 12, 11,    2366920,    2366920,    2405111,    2405111
34,    2581293,     82.0,     79.0,     72.0,    300.0, 12, 12, 12, 11,    2405113,    2405113,    2405113,    2405113
34,    2581304,     84.0,     80.0,     73.0,    297.0, 12, 12, 12, 11,    2405113,    2405115,    2405113,    2405115
34,    2581324,     84.0,     80.0,     74.0,    293.0, 12, 12, 12, 11,    2405113,    2405115,    2405113,    2405120
34,    1671109,     84.0,     81.0,     74.0,    294.0, 12, 12, 12, 11,      77929,      77929,    2405113,      77929
34,    2581349,     84.0,     81.0,     74.0,    294.0, 12, 12, 12, 11,      77929,    2405115,    2405113,      77929
34,    2519984,     22.0,     18.0,     17.0,     62.0, 12, 12, 12, 10,    1744301,    1744301,    1744301,    1744301
34,    1671079,     84.0,     82.0,     75.0,    285.0, 12, 12, 12, 11,    1744302,    2405115,    2405113,    1744302
34,    2581427,     82.0,     77.0,     82.0,    242.0, 12, 12, 12, 10,      74255,    2405145,    2403097,    2405145
34,    2581448,     83.0,     78.0,     84.0,    241.0,  9, 12, 12,  9,    2405148,    2405145,    2403097,    2405148
34,    2537309,     62.0,     62.0,     62.0,    180.0,  9, 10, 11, 11,    2381255,    2381255,    2381255,    2381255
35,    2577638,     85.0,     73.0,     75.0,    247.0, 12, 12, 12, 10,      74255,      74255,    2403097,      74255
35,    2577648,     84.0,     73.0,     78.0,    246.0, 12, 12, 12, 10,      74255,      74255,      74255,      74255
35,    3761560,     87.0,     80.0,     74.0,    245.0, 12, 12, 12, 10,    1744300,    2405115,      77929,    1744300
35,    2581233,     78.0,     71.0,     74.0,    239.0, 12, 12, 12,  9,      74243,      74242,      74242,      74243
35,      41506,     91.0,     70.0,     73.0,    282.0, 12, 12, 12, 10,      74242,      74242,      74242,      74242
35,    2581268,     92.0,     70.0,     74.0,    274.0, 12, 12, 12, 10,      74242,      74246,      74242,      74246
35,    2581283,     62.0,     54.0,     65.0,    199.0, 12, 12, 12, 10,    2366920,    2366920,    2366920,    2366920
35,      41509,     62.0,     55.0,     58.0,    184.0, 12, 12, 12, 11,    2366920,    2366920,    2405111,    2405111
35,    2581293,     86.0,     76.0,     72.0,    314.0, 12, 12, 12, 11,    2405113,    2405113,    2405113,    2405113
35,    2581304,     87.0,     77.0,     72.0,    309.0, 12, 12, 12, 11,    2405113,    2405113,    2405115,    2405115
35,    2581324,     86.0,     77.0,     72.0,    300.0, 12, 12, 12, 11,    2405120,    2405115,    2405120,    2405120
35,    1671109,     87.0,     77.0,     72.0,    301.0, 12, 12, 12, 11,      77929,    2405115,      77929,      77929
35,    2581349,     87.0,     78.0,     72.0,    302.0, 12, 12, 12, 11,      77929,    2405115,    2405120,      77929
35,    2519984,     22.0,     18.0,     16.0,     64.0, 12, 12, 12, 11,    1744301,    1744301,    1744301,    1744301
35,    1671079,     86.0,     79.0,     74.0,    280.0, 12, 12, 12, 11,    1744302,    2405115,      77929,    1744302
35,    2581427,     87.0,     75.0,     78.0,    241.0, 12, 12, 12, 10,      74255,    2405145,    2403097,    2405145
35,    2581448,     83.0,     76.0,     79.0,    240.0,  9, 12, 12,  9,    2405148,    2405145,    2403097,    2405148
35,    2537309,     62.0,     62.0,     62.0,    180.0,  9, 10, 11,  9,    2381255,    2381255,    2381255,    2381255
36,    2577638,     77.0,     78.0,     80.0,    242.0, 12, 12, 12,  9,      74255,      74255,    2403097,      74255
36,    2577648,     76.0,     77.0,     81.0,    241.0, 12, 12, 12,  9,      74255,      74255,      74255,      74255
36,    3761560,     84.0,     73.0,     76.0,    249.0, 12, 12, 12, 10,    1744300,    2405115,      77929,    1744300
36,    2581233,     79.0,     80.0,     73.0,    239.0, 12, 12, 12,  9,      74243,      74242,      74242,      74243
36,      41506,     84.0,     78.0,     72.0,    280.0, 12, 12, 12, 11,      74242,      74242,      74242,      74242
36,    2581268,     85.0,     80.0,     73.0,    274.0, 12, 12, 12, 11,      74246,      74242,      74242,      74246
36,    2581283,     64.0,     58.0,     59.0,    202.0, 12, 12, 12, 11,    2366920,    2366920,    2366920,    2366920
36,      41509,     61.0,     59.0,     60.0,    185.0, 12, 12, 12, 11,    2405111,    2366920,    2366920,    2405111
36,    2581293,     84.0,     72.0,     77.0,    335.0, 12, 12, 12, 10,    2405113,    2405113,    2405113,    2405113
36,    2581304,     85.0,     70.0,     77.0,    320.0, 12, 12, 12, 10,    2405113,    2405115,    2405113,    2405115
36,    2581324,     85.0,     70.0,     74.0,    317.0, 12, 12, 12, 10,    2405113,    2405115,    2405120,    2405120
36,    1671109,     86.0,     71.0,     74.0,    318.0, 12, 12, 12, 10,    2405113,    2405115,      77929,      77929
36,    2581349,     86.0,     71.0,     75.0,    318.0, 12, 12, 12, 10,    2405113,    2405115,      77929,      77929
36,    2519984,     27.0,     13.0,     12.0,     64.0, 12, 12, 12, 11,    1744301,    1744301,    1744301,    1744301
36,    1671079,     87.0,     72.0,     75.0,    289.0, 12, 12, 12, 10,    2405113,    2405115,      77929,    1744302
36,    2581427,     79.0,     80.0,     83.0,    241.0, 12, 12, 12, 10,      74255,    2405145,    2403097,    2405145
36,    2581448,     81.0,     81.0,     85.0,    242.0, 12, 12, 12,  9,      74255,    2405145,    2403097,    2405148
36,    2537309,     62.0,     62.0,     62.0,    181.0,  9, 10, 11,  9,    2381255,    2381255,    2381255,    2381255
37,    2577638,     76.0,     78.0,     81.0,    242.0, 12, 12, 12,  9,      74255,      74255,    2403097,    2403097
37,    2577648,     75.0,     77.0,     82.0,    242.0, 12, 12, 12,  9,      74255,      74255,      74255,      74255
37,    3761560,     87.0,     76.0,     78.0,    247.0, 12, 12, 12, 10,    1744300,    2405113,      77929,    1744300
37,    2581233,     79.0,     80.0,     73.0,    239.0, 12, 12, 12, 11,      74242,      74243,      74242,      74243
37,      41506,     78.0,     84.0,     72.0,    273.0, 12, 12, 12, 11,      74242,      74242,      74242,      74242
37,    2581268,     78.0,     85.0,     74.0,    271.0, 12, 12, 12, 11,      74246,      74246,      74242,      74246
37,    2581283,     58.0,     64.0,     61.0,    197.0, 12, 12, 12,  9,    2366920,    2366920,    2366920,    2366920
37,      41509,     59.0,     62.0,     61.0,    187.0, 12, 12, 12,  9,    2366920,    2405111,    2366920,    2405111
37,    2581293,     82.0,     71.0,     79.0,    324.0, 12, 12, 12, 10,    2405113,    2405113,    2405113,    2405113
37,    2581304,     83.0,     72.0,     77.0,    320.0, 12, 12, 12, 10,    2405113,    2405113,    2405115,    2405115
37,    2581324,     84.0,     73.0,     76.0,    309.0, 12, 12, 12, 10,    2405113,    2405113,    2405120,    2405120
37,    1671109,     84.0,     73.0,     77.0,    309.0, 12, 12, 12, 10,    2405113,    2405113,      77929,      77929
37,    2581349,     84.0,     74.0,     77.0,    309.0, 12, 12, 12, 10,    2405113,    2405113,      77929,      77929
37,    2519984,     20.0,     19.0,     18.0,     64.0, 12, 12, 12, 11,    1744301,    1744301,    1744301,    1744301
37,    1671079,     86.0,     75.0,     78.0,    280.0, 12, 12, 12, 10,    2405113,    2405113,      77929,    1744302
37,    2581427,     78.0,     79.0,     83.0,    241.0, 12, 12, 12, 10,      74255,    2405145,    2403097,    2405145
37,    2581448,     80.0,     80.0,     85.0,    242.0, 12, 12, 12,  9,      74255,    2405145,    2403097,    2405148
37,    2537309,     62.0,     62.0,     62.0,    180.0,  9, 10, 11, 11,    2381255,    2381255,    2381255,    2381255
38,    2577638,     77.0,     79.0,     80.0,    240.0, 12, 12, 12,  9,      74255,      74255,    2403097,    2403097
38,    2577648,     76.0,     78.0,     80.0,    241.0, 12, 12, 12,  9,      74255,      74255,      74255,      74255
38,    3761560,     90.0,     78.0,     73.0,    246.0, 12, 12, 12, 10,    1744300,    2405113,    2405113,    1744300
38,    2581233,     81.0,     79.0,     76.0,    239.0, 12, 12, 12, 11,      74243,      74243,      74242,      74243
38,      41506,     81.0,     79.0,     75.0,    272.0, 12, 12, 12, 11,      74242,      74242,      74242,      74242
38,    2581268,     79.0,     81.0,     76.0,    268.0, 12, 12, 12,  9,      74246,      74242,      74242,      74246
38,    2581283,     62.0,     61.0,     60.0,    192.0, 12, 12, 12, 11,    2366920,    2366920,    2366920,    2366920
38,      41509,     62.0,     62.0,     61.0,    185.0, 12, 12, 12, 11,    2405111,    2366920,    2366920,    2405111
38,    2581293,     90.0,     73.0,     70.0,    306.0, 12, 12, 12, 10,    2405113,    2405113,    2405113,    2405113
38,    2581304,     90.0,     75.0,     71.0,    303.0, 12, 12, 12, 10,    2405115,    2405113,    2405113,    2405115
38,    2581324,     90.0,     75.0,     71.0,    297.0, 12, 12, 12, 10,    2405115,    2405113,    2405113,    2405120
38,    1671109,     91.0,     76.0,     71.0,    297.0, 12, 12, 12, 10,      77929,      77929,    2405113,      77929
38,    2581349,     91.0,     76.0,     71.0,    297.0, 12, 12, 12, 10,      77929,      77929,    2405113,      77929
38,    2519984,     21.0,     19.0,     17.0,     64.0, 12, 12, 12, 11,    1744301,    1744301,    1744301,    1744301
38,    1671079,     92.0,     77.0,     72.0,    278.0, 12, 12, 12, 10,    1744302,    2405113,    2405113,    1744302
38,    2581427,     80.0,     80.0,     82.0,    241.0, 12, 12, 12, 10,      74255,    2405145,    2403097,    2405145
38,    2581448,     82.0,     82.0,     84.0,    242.0, 12, 12, 12,  9,      74255,    2405145,    2403097,    2405148
38,    2537309,     62.0,     62.0,     62.0,    181.0,  9, 10, 11,  9,    2381255,    2381255,    2381255,    2381255
39,    2577638,     77.0,     75.0,     83.0,    242.0, 12, 12, 12, 10,      74255,      74255,    2403097,    2403097
39,    2577648,     76.0,     74.0,     84.0,    241.0, 12, 12, 12, 10,      74255,      74255,      74255,      74255
39,    3761560,     90.0,     78.0,     74.0,    246.0, 12, 12, 12, 10,    1744300,      77929,      77929,    1744300
39,    2581233,     79.0,     79.0,     73.0,    239.0, 12, 12, 12, 11,      74243,      74242,      74242,      74243
39,      41506,     85.0,     78.0,     72.0,    266.0, 12, 12, 12, 11,      74242,      74242,      74242,      74242
39,    2581268,     86.0,     77.0,     74.0,    264.0, 12, 12, 12, 11,      74242,      74246,      74242,      74246
39,    2581283,     63.0,     59.0,     60.0,    193.0, 12, 12, 12, 11,    2366920,    2366920,    2366920,    2366920
39,      41509,     63.0,     60.0,     61.0,    185.0, 12, 12, 12, 11,    2405111,    2366920,    2366920,    2405111
39,    2581293,     89.0,     73.0,     70.0,    303.0, 12, 12, 12, 10,    2405113,    2405113,    2405113,    2405113
39,    2581304,     90.0,     74.0,     71.0,    301.0, 12, 12, 12, 10,    2405115,    2405113,    2405113,    2405115
39,    2581324,     90.0,     75.0,     72.0,    294.0, 12, 12, 12, 10,    2405115,    2405113,    2405113,    2405120
39,    1671109,     90.0,     75.0,     72.0,    294.0, 12, 12, 12, 10,    2405115,      77929,      77929,      77929
39,    2581349,     91.0,     76.0,     72.0,    294.0, 12, 12, 12, 10,    2405115,      77929,      77929,      77929
39,    2519984,     22.0,     18.0,     17.0,     65.0, 12, 12, 12, 10,    1744301,    1744301,    1744301,    1744301
39,    1671079,     92.0,     77.0,     73.0,    277.0, 12, 12, 12, 10,    1744302,      77929,      77929,    1744302
39,    2581427,     80.0,     77.0,     84.0,    241.0, 12, 12, 11, 10,      74255,      74255,    2405145,    2405145
39,    2581448,     81.0,     79.0,     85.0,    242.0, 12, 12, 12,  9,      74255,      74255,    2405145,    2405148
39,    2537309,     62.0,     62.0,     62.0,    180.0,  9, 10, 11, 11,    2381255,    2381255,    2381255,    2381255
40,    2577638,     77.0,     76.0,     83.0,    240.0, 12, 12, 12,  9,      74255,      74255,    2403097,      74255
40,    2577648,     76.0,     75.0,     83.0,    238.0, 12, 12, 12,  9,      74255,      74255,      74255,      74255
40,    3761560,     91.0,     79.0,     72.0,    247.0, 12, 12, 12, 10,    1744300,      77929,    2405113,    1744300
40,    2581233,     78.0,     79.0,     73.0,    241.0, 12, 12, 12, 10,      74242,      74243,      74242,      74243
40,      41506,     77.0,     86.0,     72.0,    268.0, 12, 12, 12, 11,      74242,      74242,      74242,      74242
40,    2581268,     78.0,     87.0,     74.0,    260.0, 12, 12, 12, 11,      74242,      74242,      74242,      74246
40,    2581283,     63.0,     60.0,     60.0,    192.0, 12, 12, 12, 11,    2366920,    2366920,    2366920,    2366920
40,      41509,     62.0,     61.0,     61.0,    185.0, 12, 12, 12, 11,    2405111,    2366920,    2366920,    2405111
40,    2581293,     90.0,     75.0,     68.0,    302.0, 12, 12, 12, 11,    2405113,    2405113,    2405113,    2405113
40,    2581304,     91.0,     76.0,     69.0,    299.0, 12, 12, 12, 11,    2405113,    2405113,    2405113,    2405115
40,    2581324,     90.0,     76.0,     69.0,    292.0, 12, 12, 12, 10,    2405120,    2405115,    2405113,    2405120
40,    1671109,     90.0,     76.0,     70.0,    292.0, 12, 12, 12, 10,    2405120,      77929,    2405113,      77929
40,    2581349,     91.0,     76.0,     70.0,    292.0, 12, 12, 12, 10,      77929,      77929,    2405113,      77929
40,    2519984,     20.0,     19.0,     18.0,     64.0, 12, 12, 12, 10,    1744301,    1744301,    1744301,    1744301
40,    1671079,     92.0,     78.0,     71.0,    271.0, 12, 12, 12, 10,      77929,      77929,    2405113,    1744302
40,    2581427,     80.0,     79.0,     83.0,    241.0, 12, 12, 12, 10,      74255,      74255,    2405145,    2405145
40,    2581448,     81.0,     80.0,     85.0,    242.0, 12, 12, 12,  9,      74255,      74255,    2405145,    2405148
40,    2537309,     62.0,     62.0,     62.0,    181.0,  9, 10, 11,  9,    2381255,    2381255,    2381255,    2381255
41,    2577638,     78.0,     80.0,     78.0,    244.0, 12, 12, 12,  9,      74255,      74255,    2403097,    2403097
41,    2577648,     77.0,     79.0,     78.0,    247.0, 12, 12, 12,  9,      74255,      74255,      74255,      74255
41,    3761560,     87.0,     82.0,     74.0,    250.0, 12, 12, 12, 11,    1744300,    2405115,      77929,    1744300
41,    2581233,     80.0,     80.0,     77.0,    240.0, 12, 12, 12, 11,      74242,      74243,      74242,      74243
41,      41506,     79.0,     81.0,     76.0,    268.0, 12, 12, 12, 11,      74242,      74242,      74242,      74242
41,    2581268,     80.0,     82.0,     77.0,    263.0, 12, 12, 12, 11,      74246,      74246,      74242,      74246
41,    2581283,     61.0,     61.0,     60.0,    195.0, 12, 12, 12, 11,    2366920,    2366920,    2366920,    2366920
41,      41509,     62.0,     62.0,     61.0,    184.0, 12, 12, 12, 11,    2366920,    2366920,    2366920,    2405111
41,    2581293,     86.0,     78.0,     70.0,    305.0, 12, 12, 12, 11,    2405113,    2405113,    2405113,    2405113
41,    2581304,     87.0,     78.0,     71.0,    302.0, 12, 12, 12, 11,    2405113,    2405115,    2405113,    2405115
41,    2581324,     87.0,     79.0,     71.0,    296.0, 12, 12, 12, 11,    2405113,    2405115,    2405113,    2405120
41,    1671109,     87.0,     79.0,     72.0,    297.0, 12, 12, 12, 11,      77929,    2405115,      77929,      77929
41,    2581349,     87.0,     80.0,     72.0,    297.0, 12, 12, 12, 11,    2405120,    2405113,      77929,      77929
41,    2519984,     20.0,     19.0,     18.0,     64.0, 12, 12, 12, 11,    1744301,    1744301,    1744301,    1744301
41,    1671079,     86.0,     81.0,     73.0,    279.0, 12, 12, 12, 11,    1744302,    2405115,      77929,    1744302
41,    2581427,     81.0,     80.0,     81.0,    241.0, 12, 12, 12, 10,      74255,    2405145,    2403097,    2405145
41,    2581448,     82.0,     81.0,     82.0,    241.0, 12, 12, 12,  9,      74255,    2405145,    2403097,    2405148
41,    2537309,     62.0,     62.0,     62.0,    181.0,  9, 10, 11,  9,    2381255,    2381255,    2381255,    2381255
42,    2577638,     81.0,     77.0,     78.0,    241.0, 12, 12, 12, 10,      74255,      74255,    2403097,      74255
42,    2577648,     81.0,     76.0,     78.0,    240.0, 12, 12, 12, 10,      74255,      74255,      74255,      74255
42,    3761560,     86.0,     81.0,     74.0,    246.0, 12, 12, 12, 10,    1744300,    1744302,      77929,    1744300
42,    2581233,     79.0,     80.0,     70.0,    240.0, 12, 12, 12,  9,      74243,      74243,      74242,      74243
42,      41506,     81.0,     84.0,     69.0,    269.0, 12, 12, 12, 11,      74242,      74242,      74242,      74242
42,    2581268,     82.0,     83.0,     71.0,    264.0, 12, 12, 12, 11,      74242,      74246,      74242,      74246
42,    2581283,     67.0,     59.0,     56.0,    194.0, 12, 12, 12, 11,    2366920,    2366920,    2366920,    2366920
42,      41509,     66.0,     59.0,     56.0,    185.0, 12, 12, 12, 11,    2405111,    2366920,    2366920,    2405111
42,    2581293,     86.0,     76.0,     71.0,    308.0, 12, 12, 12, 10,    2405113,    2405113,    2405113,    2405113
42,    2581304,     88.0,     77.0,     72.0,    305.0, 12, 12, 12, 10,    2405113,    2405113,    2405113,    2405115
42,    2581324,     87.0,     78.0,     71.0,    298.0, 12, 12, 12, 11,    2405120,    2405113,    2405120,    2405120
42,    1671109,     88.0,     78.0,     72.0,    299.0, 12, 12, 12, 11,      77929,    2405113,      77929,      77929
42,    2581349,     88.0,     78.0,     72.0,    299.0, 12, 12, 12, 11,    2405120,    2405113,      77929,      77929
42,    2519984,     23.0,     17.0,     17.0,     64.0, 12, 12, 12, 10,    1744301,    1744301,    1744301,    1744301
42,    1671079,     88.0,     80.0,     73.0,    277.0, 12, 12, 12, 10,    1744302,    1744302,      77929,    1744302
42,    2581427,     84.0,     79.0,     81.0,    241.0, 12, 12, 12, 10,      74255,    2405145,    2403097,    2405145
42,    2581448,     83.0,     80.0,     82.0,    241.0,  9, 12, 12,  9,    2405148,    2405145,    2403097,    2405148
42,    2537309,     62.0,     62.0,     62.0,    181.0,  9, 10, 11,  9,    2381255,    2381255,    2381255,    2381255
43,    2577638,     77.0,     77.0,     81.0,    241.0, 12, 12, 12,  9,      74255,      74255,    2403097,      74255
43,    2577648,     77.0,     77.0,     81.0,    240.0, 12, 12, 12,  9,      74255,      74255,      74255,      74255
43,    3761560,     85.0,     77.0,     79.0,    247.0, 12, 12, 12, 10,      77929,    1744302,      77929,    1744300
43,    2581233,     77.0,     80.0,     75.0,    240.0, 12, 12, 12, 11,      74242,      74243,      74242,      74243
43,      41506,     77.0,     84.0,     74.0,    281.0, 12, 12, 12, 11,      74242,      74242,      74242,      74242
43,    2581268,     76.0,     84.0,     76.0,    278.0, 12, 12, 12,  9,      74246,      74246,      74242,      74246
43,    2581283,     56.0,     64.0,     62.0,    202.0, 12, 12, 12,  9,    2366920,    2366920,    2366920,    2366920
43,      41509,     56.0,     65.0,     62.0,    188.0, 12, 12, 12, 11,    2366920,    2366920,    2405111,    2405111
43,    2581293,     81.0,     77.0,     76.0,    323.0, 12, 12, 12, 10,    2405113,    2405113,    2405113,    2405113
43,    2581304,     82.0,     78.0,     77.0,    318.0, 12, 12, 12, 10,    2405113,    2405113,    2405113,    2405115
43,    2581324,     82.0,     78.0,     77.0,    314.0, 12, 12, 12, 10,    2405120,    2405115,    2405113,    2405120
43,    1671109,     82.0,     79.0,     77.0,    315.0, 12, 12, 12, 10,      77929,    2405113,      77929,      77929
43,    2581349,     83.0,     79.0,     77.0,    314.0, 12, 12, 12, 10,      77929,    2405113,    2405113,    2405125
43,    2519984,     21.0,     18.0,     18.0,     64.0, 12, 12, 12, 10,    1744301,    1744301,    1744301,    1744301
43,    1671079,     84.0,     76.0,     78.0,    279.0, 12, 12, 12, 10,      77929,    1744302,    2405113,    1744302
43,    2581427,     80.0,     80.0,     84.0,    241.0, 12, 12, 12, 10,      74255,      74255,    2403097,    2405145
43,    2581448,     82.0,     81.0,     85.0,    242.0, 12, 12, 11,  9,      74255,    2405145,    2405148,    2405148
43,    2537309,     62.0,     62.0,     62.0,    180.0,  9, 10, 11, 11,    2381255,    2381255,    2381255,    2381255
44,    2577638,     78.0,     77.0,     80.0,    244.0, 12, 12, 12, 10,      74255,      74255,    2403097,    2403097
44,    2577648,     77.0,     76.0,     81.0,    243.0, 12, 12, 12,  9,      74255,      74255,      74255,      74255
44,    3761560,     87.0,     76.0,     78.0,    248.0, 12, 12, 12, 10,    1744302,    2405115,    2405113,    1744300
44,    2581233,     78.0,     80.0,     79.0,    242.0, 12, 12, 12, 11,      74242,      74243,      74242,      74243
44,      41506,     77.0,     81.0,     78.0,    293.0, 12, 12, 12, 11,      74242,      74242,      74242,      74242
44,    2581268,     77.0,     81.0,     79.0,    284.0, 12, 12, 12,  9,      74246,      74246,      74242,      74246
44,    2581283,     57.0,     61.0,     64.0,    207.0, 12, 12, 12,  9,    2366920,    2366920,    2366920,    2366920
44,      41509,     58.0,     62.0,     63.0,    196.0, 12, 12, 12, 11,    2366920,    2366920,    2405111,    2405111
44,    2581293,     86.0,     72.0,     75.0,    313.0, 12, 12, 12, 10,    2405113,    2405113,    2405113,    2405113
44,    2581304,     87.0,     72.0,     76.0,    306.0, 12, 12, 12, 10,    2405113,    2405115,    2405113,    2405115
44,    2581324,     86.0,     73.0,     76.0,    302.0, 12, 12, 12, 10,    2405120,    2405115,    2405113,    2405120
44,    1671109,     87.0,     73.0,     76.0,    303.0, 12, 12, 12, 10,      77929,    2405115,    2405113,      77929
44,    2581349,     87.0,     73.0,     76.0,    303.0, 12, 12, 12, 10,      77929,    2405115,    2405113,      77929
44,    2519984,     20.0,     19.0,     18.0,     64.0, 12, 12, 12, 11,    1744301,    1744301,    1744301,    1744301
44,    1671079,     86.0,     75.0,     77.0,    279.0, 12, 12, 12, 10,    1744302,    2405115,    2405113,    1744302
44,    2581427,     81.0,     79.0,     82.0,    241.0, 12, 12, 12, 10,      74255,      74255,    2403097,    2405145
44,    2581448,     82.0,     80.0,     84.0,    241.0, 12, 12, 12,  9,      74255,    2405145,    2403097,    2405148
44,    2537309,     62.0,     62.0,     62.0,    180.0,  9, 10, 11, 11,    2381255,    2381255,    2381255,    2381255
45,    2577638,     83.0,     77.0,     76.0,    247.0, 12, 12, 12, 11,      74255,      74255,    2403097,    2403097
45,    2577648,     82.0,     76.0,     76.0,    248.0, 12, 12, 12, 10,      74255,      74255,      74255,      74255
45,    3761560,     89.0,     77.0,     73.0,    249.0, 12, 12, 12, 10,    1744302,    2405115,      77929,    1744300
45,    2581233,     79.0,     80.0,     76.0,    240.0, 12, 12, 12, 11,      74243,      74243,      74242,      74243
45,      41506,     80.0,     80.0,     75.0,    296.0, 12, 12, 12, 11,      74242,      74242,      74242,      74242
45,    2581268,     80.0,     81.0,     76.0,    290.0, 12, 12, 12, 11,      74246,      74246,      74242,      74246
45,    2581283,     57.0,     60.0,     64.0,    215.0, 12, 12, 12,  9,    2366920,    2366920,    2366920,    2366920
45,      41509,     58.0,     61.0,     62.0,    199.0, 12, 12, 12, 11,    2366920,    2366920,    2405111,    2405111
45,    2581293,     88.0,     73.0,     71.0,    320.0, 12, 12, 12, 10,    2405113,    2405113,    2405113,    2405113
45,    2581304,     89.0,     73.0,     72.0,    312.0, 12, 12, 12, 10,    2405113,    2405115,    2405113,    2405115
45,    2581324,     90.0,     74.0,     71.0,    305.0, 12, 12, 12, 10,    2405113,    2405115,    2405120,    2405120
45,    1671109,     90.0,     74.0,     72.0,    306.0, 12, 12, 12, 10,    2405113,    2405115,      77929,      77929
45,    2581349,     90.0,     74.0,     72.0,    306.0, 12, 12, 12, 10,    2405113,    2405115,      77929,      77929
45,    2519984,     20.0,     19.0,     18.0,     66.0, 12, 12, 12, 10,    1744301,    1744301,    1744301,    1744301
45,    1671079,     88.0,     76.0,     73.0,    285.0, 12, 12, 12, 10,    1744302,    2405115,      77929,    1744302
45,    2581427,     83.0,     79.0,     79.0,    241.0, 12, 12, 12, 10,    2405145,      74255,    2403097,    2405145
45,    2581448,     83.0,     81.0,     80.0,    241.0,  9, 12, 12,  9,    2405148,      74255,    2403097,    2405148
45,    2537309,     62.0,     62.0,     62.0,    180.0,  9, 10, 11,  9,    2381255,    2381255,    2381255,    2381255
46,    2577638,     79.0,     78.0,     78.0,    246.0, 12, 12, 12, 11,      74255,      74255,    2403097,    2403097
46,    2577648,     78.0,     77.0,     79.0,    248.0, 12, 12, 12,  9,      74255,      74255,      74255,      74255
46,    3761560,     86.0,     81.0,     78.0,    251.0, 12, 12, 12, 10,    2405113,      77929,      77929,    1744300
46,    2581233,     79.0,     77.0,     77.0,    240.0, 12, 12, 12,  9,      74243,      74242,      74242,      74243
46,      41506,     83.0,     76.0,     76.0,    287.0, 12, 12, 12, 11,      74242,      74242,      74242,      74242
46,    2581268,     84.0,     77.0,     77.0,    279.0, 12, 12, 12, 11,      74246,      74242,      74242,      74246
46,    2581283,     59.0,     59.0,     63.0,    210.0, 12, 12, 12,  9,    2366920,    2366920,    2366920,    2366920
46,      41509,     60.0,     60.0,     63.0,    197.0, 12, 12, 12, 11,    2366920,    2366920,    2405111,    2405111
46,    2581293,     81.0,     77.0,     75.0,    316.0, 12, 12, 12, 10,    2405113,    2405113,    2405113,    2405113
46,    2581304,     83.0,     77.0,     76.0,    310.0, 12, 12, 12, 10,    2405113,    2405115,    2405113,    2405115
46,    2581324,     83.0,     78.0,     75.0,    302.0, 12, 12, 12, 10,    2405113,    2405115,    2405120,    2405120
46,    1671109,     84.0,     78.0,     76.0,    302.0, 12, 12, 12, 10,    2405113,      77929,      77929,      77929
46,    2581349,     84.0,     79.0,     76.0,    302.0, 12, 12, 12, 10,    2405113,      77929,      77929,      77929
46,    2519984,     20.0,     19.0,     18.0,     65.0, 12, 12, 12, 10,    1744301,    1744301,    1744301,    1744301
46,    1671079,     85.0,     80.0,     77.0,    284.0, 12, 12, 12, 10,    2405113,      77929,      77929,    1744302
46,    2581427,     82.0,     79.0,     81.0,    241.0, 12, 12, 12, 10,      74255,    2405145,    2403097,    2405145
46,    2581448,     83.0,     81.0,     82.0,    241.0,  9, 12, 12,  9,    2405148,    2405145,    2403097,    2405148
46,    2537309,     62.0,     62.0,     62.0,    181.0,  9, 10, 11,  9,    2381255,    2381255,    2381255,    2381255
47,    2577638,     78.0,     78.0,     80.0,    242.0, 12, 12, 12,  9,      74255,      74255,    2403097,      74255
47,    2577648,     77.0,     77.0,     80.0,    241.0, 12, 12, 12,  9,      74255,      74255,      74255,      74255
47,    3761560,     89.0,     77.0,     74.0,    246.0, 12, 12, 12, 10,    1744300,    2405113,      77929,    1744300
47,    2581233,     75.0,     80.0,     80.0,    240.0, 12, 12, 12,  9,      74242,      74243,      74243,      74243
47,      41506,     74.0,     82.0,     80.0,    274.0, 12, 12, 12,  9,      74242,      74242,      74242,      74242
47,    2581268,     75.0,     82.0,     81.0,    266.0, 12, 12, 12,  9,      74242,      74246,      74242,      74246
47,    2581283,     56.0,     63.0,     63.0,    196.0, 12, 12, 12,  9,    2366920,    2366920,    2366920,    2366920
47,      41509,     56.0,     64.0,     63.0,    189.0, 12, 12, 12,  9,    2366920,    2366920,    2405111,    2405111
47,    2581293,     89.0,     72.0,     72.0,    295.0, 12, 12, 12, 10,    2405113,    2405113,    2405113,    2405113
47,    2581304,     90.0,     73.0,     73.0,    294.0, 12, 12, 12, 10,    2405113,    2405113,    2405113,    2405115
47,    2581324,     91.0,     74.0,     72.0,    289.0, 12, 12, 12, 10,    2405113,    2405113,    2405120,    2405120
47,    1671109,     91.0,     74.0,     72.0,    289.0, 12, 12, 12, 10,    2405113,    2405113,      77929,      77929
47,    2581349,     91.0,     75.0,     72.0,    290.0, 12, 12, 12, 10,    2405113,    2405113,      77929,      77929
47,    2519984,     24.0,     16.0,     15.0,     64.0, 12, 12, 12, 10,    1744301,    1744301,    1744301,    1744301
47,    1671079,     93.0,     76.0,     73.0,    271.0, 12, 12, 12, 10,      77929,    2405113,      77929,    1744302
47,    2581427,     81.0,     80.0,     83.0,    241.0, 12, 12, 12, 10,      74255,    2405145,    2403097,    2405145
47,    2581448,     83.0,     81.0,     84.0,    242.0, 12, 12, 12,  9,      74255,    2405145,    2403097,    2405148
47,    2537309,     62.0,     62.0,     62.0,    181.0,  9, 10, 11,  9,    2381255,    2381255,    2381255,    2381255
