 F,      BusId,       PA,       PB,       PC,       P3, XA, XB, XC, X3,       id_A,       id_B,       id_C,       id_3
 0,    2580785,     33.0,     32.0,     31.0,     97.0,  9, 10, 11, 11,    2404993,    2404993,    2404993,    2404993
 0,    1684778,     32.0,     31.0,     30.0,     96.0,  9, 10, 11, 11,    2404993,    2404993,    2404993,    2404993
 0,    2580825,     30.0,     30.0,     29.0,     93.0,  1,  2,  3,  3,    2580825,      43721,      43721,      43721
 0,    2580852,     71.0,     70.0,     70.0,    213.0,  9, 10, 11, 11,    2400351,    2400351,    2400351,    2400351
 0,    2571402,     59.0,     57.0,     57.0,    179.0,  9, 10, 11, 11,      78745,      78745,      78745,      78745
 0,      43721,     28.0,     28.0,     26.0,     85.0,  1,  2,  3,  3,      43721,      43721,      43721,      43721
 0,    2519352,     49.0,     49.0,     49.0,    151.0,  9, 10, 11,  9,    2366563,    2366563,    2366563,    2366563
 0,    2519344,     48.0,     48.0,     48.0,    149.0,  9, 10, 11, 11,    2366557,    2366557,    2366557,    2366557
 0,    2581210,     65.0,     70.0,     69.0,    201.0,  9, 10, 11,  9,    2405003,    2405003,    2405003,    2405003
 0,    1238370,     41.0,     42.0,     42.0,    131.0,  9, 10, 11,  9,    2405161,    2405161,    2405161,    2405161
 0,    1238396,     42.0,     43.0,     43.0,    132.0,  9, 10, 11,  9,    2405161,    2405161,    2405161,    2405161
 0,    1238408,     42.0,     43.0,     43.0,    133.0,  9, 10, 11,  9,    2405161,    2405161,    2405161,    2405161
 0,    2580005,     68.0,     65.0,     67.0,    205.0,  9, 10, 11, 10,    2366551,    2366551,    2366551,    2366551
 0,    2580014,     69.0,     66.0,     68.0,    206.0,  9, 10, 11, 10,    2366551,    2366551,    2366551,    2366551
 0,    2580025,     69.0,     67.0,     68.0,    207.0,  9, 10, 11, 10,    2366551,    2366551,    2366551,    2366551
 0,    2519413,     47.0,     47.0,     48.0,    149.0,  9, 10, 11,  9,    2366602,    2366602,    2366602,    2366602
 0,    2519645,     48.0,     49.0,     49.0,    149.0,  9, 10, 11,  9,    2366707,    2366707,    2366707,    2366707
 0,    2580830,     64.0,     69.0,     67.0,    200.0,  9, 10, 11,  9,    2405003,    2405003,    2405003,    2405003
 0,    2580839,     64.0,     69.0,     68.0,    200.0,  9, 10, 11,  9,    2405003,    2405003,    2405003,    2405003
 0,    2580856,     66.0,     71.0,     70.0,    203.0,  9, 10, 11,  9,    2405003,    2405003,    2405003,    2405003
 0,    2580866,     67.0,     72.0,     71.0,    204.0,  9, 10, 11,  9,    2405003,    2405003,    2405003,    2405003
 0,    2580876,     68.0,     73.0,     72.0,    205.0,  9, 10, 11,  9,    2405003,    2405003,    2405003,    2405003
 0,    2581398,     70.0,     68.0,     69.0,    208.0,  9, 10, 11, 10,    2366551,    2366551,    2366551,    2366551
 0,    2528394,     35.0,     34.0,     34.0,    106.0,  9, 10, 11, 11,    2374945,    2374945,    2374945,    2374945
 0,    2581498,     43.0,     44.0,     44.0,    134.0,  9, 10, 11,  9,    2405161,    2405161,    2405161,    2405161
 0,    2579119,     43.0,     44.0,     44.0,    134.0,  9, 10, 11,  9,    2405161,    2405161,    2405161,    2405161
 1,    2580785,     33.0,     32.0,     32.0,    100.0,  9, 10, 11, 11,    2404993,    2404993,    2404993,    2404993
 1,    1684778,     32.0,     32.0,     31.0,     98.0,  9, 10, 11, 11,    2404993,    1755043,    1755043,    2404993
 1,    2580825,     31.0,     30.0,     29.0,     96.0,  1,  2,  3,  3,      43721,      43721,      43721,      43721
 1,    2580852,     72.0,     70.0,     71.0,    212.0,  9, 10, 11, 10,    2400351,    2400351,    2400351,    2400351
 1,    2571402,     59.0,     57.0,     58.0,    178.0,  9, 10, 11, 10,      78745,      78745,      78745,      78745
 1,      43721,     28.0,     28.0,     27.0,     88.0,  1,  2,  3,  3,      43721,      43721,      43721,      43721
 1,    2519352,     49.0,     49.0,     49.0,    151.0,  9, 10, 11, 10,    2366563,    2366563,    2366563,    2366563
 1,    2519344,     48.0,     48.0,     48.0,    149.0,  9, 10, 11, 10,    2366557,    2366557,    2366557,    2366557
 1,    2581210,     64.0,     70.0,     70.0,    199.0,  9, 10, 11,  9,    2405003,    2405003,    2405003,    2405003
 1,    1238370,     42.0,     43.0,     43.0,    135.0,  9, 10, 11,  9,    2405161,    2405161,    2405161,    2405161
 1,    1238396,     44.0,     44.0,     44.0,    137.0,  9, 10, 11,  9,    2405161,    2405161,    2405161,    2405161
 1,    1238408,     44.0,     44.0,     44.0,    137.0,  9, 10, 11,  9,    2405161,    2405161,    2405161,    2405161
 1,    2580005,     68.0,     65.0,     68.0,    203.0,  9, 10, 11, 10,    2366551,    2366551,    2366551,    2366551
 1,    2580014,     69.0,     66.0,     68.0,    204.0,  9, 10, 11, 10,    2366551,    2366551,    2366551,    2366551
 1,    2580025,     70.0,     66.0,     69.0,    205.0,  9, 10, 11, 10,    2366551,    2366551,    2366551,    2366551
 1,    2519413,     47.0,     47.0,     48.0,    149.0,  9, 10, 11,  9,    2366602,    2366602,    2366602,    2366602
 1,    2519645,     48.0,     49.0,     49.0,    149.0,  9, 10, 11,  9,    2366707,    2366707,    2366707,    2366707
 1,    2580830,     63.0,     68.0,     69.0,    197.0,  9, 10, 11,  9,    2405003,    2405003,    2405003,    2405003
 1,    2580839,     63.0,     69.0,     69.0,    198.0,  9, 10, 11,  9,    2405003,    2405003,    2405003,    2405003
 1,    2580856,     65.0,     71.0,     71.0,    201.0,  9, 10, 11,  9,    2405003,    2405003,    2405003,    2405003
 1,    2580866,     66.0,     72.0,     72.0,    202.0,  9, 10, 11,  9,    2405003,    2405003,    2405003,    2405003
 1,    2580876,     67.0,     73.0,     73.0,    203.0,  9, 10, 11,  9,    2405003,    2405003,    2405003,    2405003
 1,    2581398,     71.0,     67.0,     70.0,    207.0,  9, 10, 11, 10,    2366551,    2366551,    2366551,    2366551
 1,    2528394,     35.0,     34.0,     34.0,    107.0,  9, 10, 11, 10,    2374945,    2374945,    2374945,    2374945
 1,    2581498,     45.0,     46.0,     46.0,    139.0,  9, 10, 11,  9,    2405161,    2405161,    2405161,    2405161
 1,    2579119,     45.0,     45.0,     45.0,    139.0,  9, 10, 11,  9,    2405161,    2405161,    2405161,    2405161
 2,    2580785,     33.0,     33.0,     32.0,     99.0,  9, 10, 11, 11,    2404993,    2404993,    2404993,    2404993
 2,    1684778,     33.0,     32.0,     31.0,     98.0,  9, 10, 11, 11,    1755043,    1755043,    1755043,    2404993
 2,    2580825,     31.0,     30.0,     29.0,     95.0,  1,  2,  3,  3,      43721,      43721,      43721,      43721
 2,    2580852,     72.0,     71.0,     71.0,    216.0,  9, 10, 11, 10,    2400351,    2400351,    2400351,    2400351
 2,    2571402,     59.0,     58.0,     58.0,    181.0,  9, 10, 11, 11,      78745,      78745,      78745,      78745
 2,      43721,     29.0,     28.0,     27.0,     88.0,  1,  2,  3,  3,      43721,      43721,      43721,      43721
 2,    2519352,     49.0,     49.0,     49.0,    151.0,  9, 10, 11,  9,    2366563,    2366563,    2366563,    2366563
 2,    2519344,     48.0,     48.0,     48.0,    150.0,  9, 10, 11,  9,    2366557,    2366557,    2366557,    2366557
 2,    2581210,     66.0,     70.0,     71.0,    204.0,  9, 10, 11,  9,    2405003,    2405003,    2405003,    2405003
 2,    1238370,     43.0,     43.0,     43.0,    137.0,  9, 10, 11,  9,    2405161,    2405161,    2405161,    2405161
 2,    1238396,     44.0,     45.0,     44.0,    138.0,  9, 10, 11,  9,    2405161,    2405161,    2405161,    2405161
 2,    1238408,     44.0,     45.0,     45.0,    139.0,  9, 10, 11,  9,    2405161,    2405161,    2405161,    2405161
 2,    2580005,     68.0,     66.0,     68.0,    205.0,  9, 10, 11, 10,    2366551,    2366551,    2366551,    2366551
 2,    2580014,     69.0,     66.0,     68.0,    206.0,  9, 10, 11, 10,    2366551,    2366551,    2366551,    2366551
 2,    2580025,     70.0,     67.0,     69.0,    207.0,  9, 10, 11, 10,    2366551,    2366551,    2366551,    2366551
 2,    2519413,     47.0,     47.0,     48.0,    150.0,  9, 10, 11,  9,    2366602,    2366602,    2366602,    2366602
 2,    2519645,     48.0,     49.0,     49.0,    150.0,  9, 10, 11,  9,    2366707,    2366707,    2366707,    2366707
 2,    2580830,     65.0,     68.0,     69.0,    202.0,  9, 10, 11,  9,    2405003,    2405003,    2405003,    2405003
 2,    2580839,     65.0,     69.0,     70.0,    203.0,  9, 10, 11,  9,    2405003,    2405003,    2405003,    2405003
 2,    2580856,     67.0,     71.0,     72.0,    206.0,  9, 10, 11,  9,    2405003,    2405003,    2405003,    2405003
 2,    2580866,     68.0,     72.0,     73.0,    207.0,  9, 10, 11,  9,    2405003,    2405003,    2405003,    2405003
 2,    2580876,     69.0,     73.0,     74.0,    208.0,  9, 10, 11,  9,    2405003,    2405003,    2405003,    2405003
 2,    2581398,     71.0,     68.0,     70.0,    209.0,  9, 10, 11, 10,    2366551,    2366551,    2366551,    2366551
 2,    2528394,     35.0,     35.0,     34.0,    107.0,  9, 10, 11, 10,    2374945,    2374945,    2374945,    2374945
 2,    2581498,     46.0,     46.0,     46.0,    141.0,  9, 10, 11,  9,    2405161,    2405161,    2405161,    2405161
 2,    2579119,     45.0,     46.0,     45.0,    140.0,  9, 10, 11,  9,    2405161,    2405161,    2405161,    2405161
 3,    2580785,     33.0,     33.0,     32.0,    100.0,  9, 10, 11, 11,    2404993,    2404993,    2404993,    2404993
 3,    1684778,     33.0,     32.0,     31.0,     98.0,  9, 10, 11, 11,    1755043,    1755043,    1755043,    2404993
 3,    2580825,     31.0,     31.0,     29.0,     96.0,  1,  2,  3,  3,      43721,      43721,      43721,      43721
 3,    2580852,     72.0,     72.0,     71.0,    216.0,  9, 10, 11, 11,    2400351,    2400351,    2400351,    2400351
 3,    2571402,     59.0,     58.0,     58.0,    181.0,  9, 10, 11, 11,      78745,      78745,      78745,      78745
 3,      43721,     29.0,     28.0,     27.0,     88.0,  1,  2,  3,  3,      43721,      43721,      43721,      43721
 3,    2519352,     49.0,     49.0,     49.0,    152.0,  9, 10, 11,  9,    2366563,    2366563,    2366563,    2366563
 3,    2519344,     48.0,     48.0,     48.0,    150.0,  9, 10, 11,  9,    2366557,    2366557,    2366557,    2366557
 3,    2581210,     67.0,     71.0,     70.0,    208.0,  9, 10, 11,  9,    2405003,    2405003,    2405003,    2405003
 3,    1238370,     43.0,     44.0,     44.0,    138.0,  9, 10, 11,  9,    2405161,    2405161,    2405161,    2405161
 3,    1238396,     44.0,     45.0,     45.0,    140.0,  9, 10, 11,  9,    2405161,    2405161,    2405161,    2405161
 3,    1238408,     45.0,     45.0,     45.0,    140.0,  9, 10, 11,  9,    2405161,    2405161,    2405161,    2405161
 3,    2580005,     69.0,     66.0,     68.0,    206.0,  9, 10, 11, 10,    2366551,    2366551,    2366551,    2366551
 3,    2580014,     70.0,     66.0,     68.0,    207.0,  9, 10, 11, 10,    2366551,    2366551,    2366551,    2366551
 3,    2580025,     70.0,     67.0,     69.0,    208.0,  9, 10, 11, 10,    2366551,    2366551,    2366551,    2366551
 3,    2519413,     47.0,     48.0,     48.0,    150.0,  9, 10, 11,  9,    2366602,    2366602,    2366602,    2366602
 3,    2519645,     48.0,     49.0,     49.0,    150.0,  9, 10, 11,  9,    2366707,    2366707,    2366707,    2366707
 3,    2580830,     66.0,     69.0,     69.0,    206.0,  9, 10, 11,  9,    2405003,    2405003,    2405003,    2405003
 3,    2580839,     66.0,     70.0,     69.0,    206.0,  9, 10, 11,  9,    2405003,    2405003,    2405003,    2405003
 3,    2580856,     68.0,     72.0,     72.0,    209.0,  9, 10, 11,  9,    2405003,    2405003,    2405003,    2405003
 3,    2580866,     69.0,     73.0,     72.0,    210.0,  9, 10, 11,  9,    2405003,    2405003,    2405003,    2405003
 3,    2580876,     70.0,     74.0,     73.0,    212.0,  9, 10, 11,  9,    2405003,    2405003,    2405003,    2405003
 3,    2581398,     71.0,     68.0,     70.0,    209.0,  9, 10, 11, 10,    2366551,    2366551,    2366551,    2366551
 3,    2528394,     35.0,     34.0,     34.0,    106.0,  9, 10, 11, 11,    2374945,    2374945,    2374945,    2374945
 3,    2581498,     46.0,     46.0,     46.0,    142.0,  9, 10, 11,  9,    2405161,    2405161,    2405161,    2405161
 3,    2579119,     45.0,     46.0,     46.0,    141.0,  9, 10, 11,  9,    2405161,    2405161,    2405161,    2405161
 4,    2580785,     33.0,     33.0,     32.0,    100.0,  9, 10, 11, 11,    2404993,    2404993,    2404993,    2404993
 4,    1684778,     33.0,     32.0,     31.0,     99.0,  9, 10, 11, 11,    1755043,    1755043,    1755043,    1755043
 4,    2580825,     31.0,     31.0,     29.0,     96.0,  1,  2,  3,  3,      43721,      43721,      43721,      43721
 4,    2580852,     72.0,     71.0,     71.0,    216.0,  9, 10, 11, 11,    2400351,    2400351,    2400351,    2400351
 4,    2571402,     59.0,     58.0,     58.0,    182.0,  9, 10, 11, 11,      78745,      78745,      78745,      78745
 4,      43721,     28.0,     28.0,     27.0,     88.0,  1,  2,  3,  3,      43721,      43721,      43721,      43721
 4,    2519352,     49.0,     49.0,     49.0,    152.0,  9, 10, 11,  9,    2366563,    2366563,    2366563,    2366563
 4,    2519344,     48.0,     48.0,     48.0,    150.0,  9, 10, 11,  9,    2366557,    2366557,    2366557,    2366557
 4,    2581210,     68.0,     70.0,     71.0,    211.0,  9, 10, 11,  9,    2405003,    2405003,    2405003,    2405003
 4,    1238370,     43.0,     44.0,     44.0,    137.0,  9, 10, 11,  9,    2405161,    2405161,    2405161,    2405161
 4,    1238396,     44.0,     45.0,     45.0,    139.0,  9, 10, 11,  9,    2405161,    2405161,    2405161,    2405161
 4,    1238408,     45.0,     45.0,     45.0,    140.0,  9, 10, 11,  9,    2405161,    2405161,    2405161,    2405161
 4,    2580005,     69.0,     66.0,     67.0,    208.0,  9, 10, 11, 10,    2366551,    2366551,    2366551,    2366551
 4,    2580014,     69.0,     67.0,     68.0,    209.0,  9, 10, 11, 10,    2366551,    2366551,    2366551,    2366551
 4,    2580025,     70.0,     68.0,     69.0,    210.0,  9, 10, 11, 10,    2366551,    2366551,    2366551,    2366551
 4,    2519413,     47.0,     47.0,     48.0,    150.0,  9, 10, 11,  9,    2366602,    2366602,    2366602,    2366602
 4,    2519645,     48.0,     49.0,     49.0,    149.0,  9, 10, 11,  9,    2366707,    2366707,    2366707,    2366707
 4,    2580830,     67.0,     69.0,     70.0,    209.0,  9, 10, 11,  9,    2405003,    2405003,    2405003,    2405003
 4,    2580839,     67.0,     69.0,     70.0,    210.0,  9, 10, 11,  9,    2405003,    2405003,    2405003,    2405003
 4,    2580856,     69.0,     72.0,     72.0,    213.0,  9, 10, 11,  9,    2405003,    2405003,    2405003,    2405003
 4,    2580866,     70.0,     72.0,     73.0,    214.0,  9, 10, 11,  9,    2405003,    2405003,    2405003,    2405003
 4,    2580876,     71.0,     73.0,     74.0,    215.0,  9, 10, 11,  9,    2405003,    2405003,    2405003,    2405003
 4,    2581398,     71.0,     69.0,     70.0,    212.0,  9, 10, 11, 10,    2366551,    2366551,    2366551,    2366551
 4,    2528394,     35.0,     35.0,     34.0,    106.0,  9, 10, 11, 11,    2374945,    2374945,    2374945,    2374945
 4,    2581498,     46.0,     46.0,     47.0,    141.0,  9, 10, 11,  9,    2405161,    2405161,    2405161,    2405161
 4,    2579119,     45.0,     46.0,     46.0,    141.0,  9, 10, 11,  9,    2405161,    2405161,    2405161,    2405161
 5,    2580785,     33.0,     33.0,     32.0,    100.0,  9, 10, 11, 11,    2404993,    2404993,    2404993,    2404993
 5,    1684778,     33.0,     32.0,     31.0,     98.0,  9, 10, 11, 11,    1755043,    2404993,    1755043,    2404993
 5,    2580825,     30.0,     31.0,     29.0,     95.0,  1,  2,  3,  3,    2580825,      43721,      43721,      43721
 5,    2580852,     72.0,     72.0,     71.0,    215.0,  9, 10, 11, 11,    2400351,    2400351,    2400351,    2400351
 5,    2571402,     59.0,     58.0,     57.0,    181.0,  9, 10, 11, 11,      78745,      78745,      78745,      78745
 5,      43721,     28.0,     28.0,     27.0,     88.0,  1,  2,  3,  3,      43721,      43721,      43721,      43721
 5,    2519352,     49.0,     49.0,     49.0,    152.0,  9, 10, 11,  9,    2366563,    2366563,    2366563,    2366563
 5,    2519344,     48.0,     48.0,     48.0,    150.0,  9, 10, 11,  9,    2366557,    2366557,    2366557,    2366557
 5,    2581210,     66.0,     70.0,     70.0,    203.0,  9, 10, 11,  9,    2405003,    2405003,    2405003,    2405003
 5,    1238370,     43.0,     44.0,     44.0,    137.0,  9, 10, 11,  9,    2405161,    2405161,    2405161,    2405161
 5,    1238396,     44.0,     45.0,     45.0,    139.0,  9, 10, 11,  9,    2405161,    2405161,    2405161,    2405161
 5,    1238408,     45.0,     45.0,     45.0,    140.0,  9, 10, 11,  9,    2405161,    2405161,    2405161,    2405161
 5,    2580005,     69.0,     67.0,     67.0,    208.0,  9, 10, 11, 10,    2366551,    2366551,    2366551,    2366551
 5,    2580014,     70.0,     67.0,     68.0,    210.0,  9, 10, 11, 10,    2366551,    2366551,    2366551,    2366551
 5,    2580025,     70.0,     68.0,     69.0,    211.0,  9, 10, 11, 10,    2366551,    2366551,    2366551,    2366551
 5,    2519413,     47.0,     47.0,     47.0,    149.0,  9, 10, 11,  9,    2366602,    2366602,    2366602,    2366602
 5,    2519645,     48.0,     49.0,     49.0,    150.0,  9, 10, 11,  9,    2366707,    2366707,    2366707,    2366707
 5,    2580830,     64.0,     69.0,     69.0,    201.0,  9, 10, 11,  9,    2405003,    2405003,    2405003,    2405003
 5,    2580839,     65.0,     69.0,     69.0,    202.0,  9, 10, 11,  9,    2405003,    2405003,    2405003,    2405003
 5,    2580856,     67.0,     72.0,     72.0,    205.0,  9, 10, 11,  9,    2405003,    2405003,    2405003,    2405003
 5,    2580866,     67.0,     72.0,     73.0,    206.0,  9, 10, 11,  9,    2405003,    2405003,    2405003,    2405003
 5,    2580876,     68.0,     73.0,     73.0,    208.0,  9, 10, 11,  9,    2405003,    2405003,    2405003,    2405003
 5,    2581398,     71.0,     69.0,     70.0,    212.0,  9, 10, 11, 10,    2366551,    2366551,    2366551,    2366551
 5,    2528394,     35.0,     35.0,     34.0,    106.0,  9, 10, 11, 11,    2374945,    2374945,    2374945,    2374945
 5,    2581498,     46.0,     46.0,     46.0,    141.0,  9, 10, 11,  9,    2405161,    2405161,    2405161,    2405161
 5,    2579119,     45.0,     46.0,     46.0,    141.0,  9, 10, 11,  9,    2405161,    2405161,    2405161,    2405161
 6,    2580785,     32.0,     33.0,     31.0,     97.0,  9, 10, 11, 11,    2404993,    2404993,    2404993,    2404993
 6,    1684778,     32.0,     32.0,     30.0,     96.0,  9, 10, 11, 11,    2404993,    1755043,    2404993,    2404993
 6,    2580825,     29.0,     30.0,     28.0,     91.0,  1,  2,  3,  3,    2580825,      43721,      43721,      43721
 6,    2580852,     70.0,     70.0,     69.0,    208.0,  9, 10, 11, 11,    2400351,    2400351,    2400351,    2400351
 6,    2571402,     57.0,     57.0,     56.0,    175.0,  9, 10, 11, 11,      78745,      78745,      78745,      78745
 6,      43721,     27.0,     28.0,     26.0,     84.0,  1,  2,  3,  3,      43721,      43721,      43721,      43721
 6,    2519352,     49.0,     49.0,     49.0,    151.0,  9, 10, 11, 10,    2366563,    2366563,    2366563,    2366563
 6,    2519344,     48.0,     48.0,     48.0,    150.0,  9, 10, 11,  9,    2366557,    2366557,    2366557,    2366557
 6,    2581210,     67.0,     70.0,     70.0,    207.0,  9, 10, 11,  9,    2405003,    2405003,    2405003,    2405003
 6,    1238370,     43.0,     44.0,     44.0,    138.0,  9, 10, 11,  9,    2405161,    2405161,    2405161,    2405161
 6,    1238396,     44.0,     45.0,     45.0,    140.0,  9, 10, 11,  9,    2405161,    2405161,    2405161,    2405161
 6,    1238408,     45.0,     45.0,     45.0,    140.0,  9, 10, 11,  9,    2405161,    2405161,    2405161,    2405161
 6,    2580005,     68.0,     66.0,     67.0,    205.0,  9, 10, 11, 10,    2366551,    2366551,    2366551,    2366551
 6,    2580014,     69.0,     66.0,     68.0,    206.0,  9, 10, 11, 10,    2366551,    2366551,    2366551,    2366551
 6,    2580025,     70.0,     67.0,     69.0,    208.0,  9, 10, 11, 10,    2366551,    2366551,    2366551,    2366551
 6,    2519413,     47.0,     47.0,     47.0,    149.0,  9, 10, 11,  9,    2366602,    2366602,    2366602,    2366602
 6,    2519645,     48.0,     48.0,     48.0,    150.0,  9, 10, 11,  9,    2366707,    2366707,    2366707,    2366707
 6,    2580830,     65.0,     68.0,     69.0,    205.0,  9, 10, 11,  9,    2405003,    2405003,    2405003,    2405003
 6,    2580839,     66.0,     69.0,     69.0,    205.0,  9, 10, 11,  9,    2405003,    2405003,    2405003,    2405003
 6,    2580856,     68.0,     71.0,     72.0,    208.0,  9, 10, 11,  9,    2405003,    2405003,    2405003,    2405003
 6,    2580866,     69.0,     72.0,     73.0,    210.0,  9, 10, 11,  9,    2405003,    2405003,    2405003,    2405003
 6,    2580876,     70.0,     73.0,     73.0,    211.0,  9, 10, 11,  9,    2405003,    2405003,    2405003,    2405003
 6,    2581398,     71.0,     68.0,     70.0,    209.0,  9, 10, 11, 10,    2366551,    2366551,    2366551,    2366551
 6,    2528394,     35.0,     34.0,     34.0,    106.0,  9, 10, 11, 11,    2374945,    2374945,    2374945,    2374945
 6,    2581498,     46.0,     47.0,     46.0,    142.0,  9, 10, 11,  9,    2405161,    2405161,    2405161,    2405161
 6,    2579119,     45.0,     46.0,     46.0,    141.0,  9, 10, 11,  9,    2405161,    2405161,    2405161,    2405161
 7,    2580785,     32.0,     33.0,     32.0,     99.0,  9, 10, 11, 11,    2404993,    2404993,    2404993,    2404993
 7,    1684778,     31.0,     32.0,     31.0,     98.0,  9, 10, 11, 11,    2404993,    1755043,    2404993,    2404993
 7,    2580825,     30.0,     30.0,     29.0,     95.0,  1,  2,  3,  3,      43721,    2580825,      43721,      43721
 7,    2580852,     70.0,     71.0,     70.0,    213.0,  9, 10, 11,  9,    2400351,    2400351,    2400351,    2400351
 7,    2571402,     58.0,     58.0,     58.0,    181.0,  9, 10, 11,  9,      78745,      78745,      78745,      78745
 7,      43721,     27.0,     28.0,     27.0,     87.0,  1,  2,  3,  3,      43721,      43721,      43721,      43721
 7,    2519352,     49.0,     49.0,     49.0,    152.0,  9, 10, 11,  9,    2366563,    2366563,    2366563,    2366563
 7,    2519344,     48.0,     48.0,     47.0,    148.0,  9, 10, 11, 11,    2366557,    2366557,    2366557,    2366557
 7,    2581210,     66.0,     69.0,     69.0,    206.0,  9, 10, 11,  9,    2405003,    2405003,    2405003,    2405003
 7,    1238370,     43.0,     44.0,     44.0,    139.0,  9, 10, 11,  9,    2405161,    2405161,    2405161,    2405161
 7,    1238396,     45.0,     45.0,     45.0,    140.0,  9, 10, 11,  9,    2405161,    2405161,    2405161,    2405161
 7,    1238408,     45.0,     45.0,     45.0,    141.0,  9, 10, 11,  9,    2405161,    2405161,    2405161,    2405161
 7,    2580005,     68.0,     66.0,     66.0,    207.0,  9, 10, 11, 10,    2366551,    2366551,    2366551,    2366551
 7,    2580014,     69.0,     67.0,     67.0,    208.0,  9, 10, 11, 10,    2366551,    2366551,    2366551,    2366551
 7,    2580025,     70.0,     67.0,     68.0,    209.0,  9, 10, 11, 10,    2366551,    2366551,    2366551,    2366551
 7,    2519413,     47.0,     47.0,     47.0,    149.0,  9, 10, 11,  9,    2366602,    2366602,    2366602,    2366602
 7,    2519645,     48.0,     49.0,     48.0,    149.0,  9, 10, 11,  9,    2366707,    2366707,    2366707,    2366707
 7,    2580830,     65.0,     67.0,     68.0,    204.0,  9, 10, 11,  9,    2405003,    2405003,    2405003,    2405003
 7,    2580839,     65.0,     68.0,     68.0,    204.0,  9, 10, 11,  9,    2405003,    2405003,    2405003,    2405003
 7,    2580856,     68.0,     70.0,     71.0,    208.0,  9, 10, 11,  9,    2405003,    2405003,    2405003,    2405003
 7,    2580866,     68.0,     71.0,     71.0,    209.0,  9, 10, 11,  9,    2405003,    2405003,    2405003,    2405003
 7,    2580876,     69.0,     72.0,     72.0,    210.0,  9, 10, 11,  9,    2405003,    2405003,    2405003,    2405003
 7,    2581398,     71.0,     68.0,     69.0,    210.0,  9, 10, 11, 10,    2366551,    2366551,    2366551,    2366551
 7,    2528394,     35.0,     35.0,     34.0,    106.0,  9, 10, 11, 11,    2374945,    2374945,    2374945,    2374945
 7,    2581498,     46.0,     47.0,     47.0,    143.0,  9, 10, 11,  9,    2405161,    2405161,    2405161,    2405161
 7,    2579119,     46.0,     46.0,     46.0,    142.0,  9, 10, 11,  9,    2405161,    2405161,    2405161,    2405161
 8,    2580785,     32.0,     32.0,     31.0,     98.0,  9, 10, 11, 11,    2404993,    2404993,    2404993,    2404993
 8,    1684778,     31.0,     31.0,     31.0,     97.0,  9, 10, 11, 11,    2404993,    1755043,    1755043,    2404993
 8,    2580825,     29.0,     29.0,     29.0,     95.0,  1,  2,  3,  2,      43721,      43721,      43721,      43721
 8,    2580852,     70.0,     70.0,     70.0,    212.0,  9, 10, 11,  9,    2400351,    2400351,    2400351,    2400351
 8,    2571402,     57.0,     57.0,     57.0,    178.0,  9, 10, 11, 10,      78745,      78745,      78745,      78745
 8,      43721,     27.0,     27.0,     27.0,     87.0,  1,  2,  3,  2,      43721,      43721,      43721,      43721
 8,    2519352,     49.0,     48.0,     48.0,    150.0,  9, 10, 11, 11,    2366563,    2366563,    2366563,    2366563
 8,    2519344,     48.0,     48.0,     47.0,    147.0,  9, 10, 11, 11,    2366557,    2366557,    2366557,    2366557
 8,    2581210,     66.0,     67.0,     68.0,    206.0,  9, 10, 11,  9,    2405003,    2405003,    2405003,    2405003
 8,    1238370,     43.0,     43.0,     44.0,    137.0,  9, 10, 11,  9,    2405161,    2405161,    2405161,    2405161
 8,    1238396,     44.0,     44.0,     45.0,    138.0,  9, 10, 11,  9,    2405161,    2405161,    2405161,    2405161
 8,    1238408,     44.0,     45.0,     45.0,    139.0,  9, 10, 11,  9,    2405161,    2405161,    2405161,    2405161
 8,    2580005,     68.0,     65.0,     65.0,    204.0,  9, 10, 11, 10,    2366551,    2366551,    2366551,    2366551
 8,    2580014,     69.0,     66.0,     66.0,    205.0,  9, 10, 11, 10,    2366551,    2366551,    2366551,    2366551
 8,    2580025,     69.0,     67.0,     67.0,    207.0,  9, 10, 11, 10,    2366551,    2366551,    2366551,    2366551
 8,    2519413,     47.0,     45.0,     48.0,    143.0,  9, 10, 11, 10,    2366602,    2366602,    2366602,    2366602
 8,    2519645,     48.0,     49.0,     49.0,    149.0,  9, 10, 11,  9,    2366707,    2366707,    2366707,    2366707
 8,    2580830,     65.0,     66.0,     67.0,    204.0,  9, 10, 11,  9,    2405003,    2405003,    2405003,    2405003
 8,    2580839,     65.0,     66.0,     67.0,    204.0,  9, 10, 11,  9,    2405003,    2405003,    2405003,    2405003
 8,    2580856,     67.0,     68.0,     69.0,    207.0,  9, 10, 11,  9,    2405003,    2405003,    2405003,    2405003
 8,    2580866,     68.0,     69.0,     70.0,    209.0,  9, 10, 11,  9,    2405003,    2405003,    2405003,    2405003
 8,    2580876,     69.0,     70.0,     71.0,    210.0,  9, 10, 11,  9,    2405003,    2405003,    2405003,    2405003
 8,    2581398,     70.0,     68.0,     68.0,    208.0,  9, 10, 11, 10,    2366551,    2366551,    2366551,    2366551
 8,    2528394,     35.0,     34.0,     34.0,    107.0,  9, 10, 11, 10,    2374945,    2374945,    2374945,    2374945
 8,    2581498,     46.0,     46.0,     46.0,    141.0,  9, 10, 11,  9,    2405161,    2405161,    2405161,    2405161
 8,    2579119,     45.0,     46.0,     46.0,    140.0,  9, 10, 11,  9,    2405161,    2405161,    2405161,    2405161
 9,    2580785,     29.0,     30.0,     30.0,     91.0,  9, 10, 11,  9,    2404993,    2404993,    2404993,    2404993
 9,    1684778,     28.0,     29.0,     29.0,     90.0,  9, 10, 11,  9,    2404993,    2404993,    2404993,    2404993
 9,    2580825,     27.0,     28.0,     28.0,     87.0,  1,  2,  3,  1,      43721,      43721,      43721,      43721
 9,    2580852,     67.0,     67.0,     69.0,    202.0,  9, 10, 11,  9,    2400351,    2400351,    2400351,    2400351
 9,    2571402,     54.0,     55.0,     56.0,    171.0,  9, 10, 11,  9,      78745,      78745,      78745,      78745
 9,      43721,     25.0,     26.0,     26.0,     80.0,  1,  2,  3,  1,      43721,      43721,      43721,      43721
 9,    2519352,     49.0,     48.0,     48.0,    149.0,  9, 10, 11, 10,    2366563,    2366563,    2366563,    2366563
 9,    2519344,     47.0,     48.0,     47.0,    147.0,  9, 10, 11, 11,    2366557,    2366557,    2366557,    2366557
 9,    2581210,     66.0,     67.0,     68.0,    203.0,  9, 10, 11,  9,    2405003,    2405003,    2405003,    2405003
 9,    1238370,     41.0,     44.0,     43.0,    131.0,  9, 10, 11,  9,    2405161,    2405161,    2405161,    2405161
 9,    1238396,     42.0,     45.0,     44.0,    133.0,  9, 10, 11,  9,    2405161,    2405161,    2405161,    2405161
 9,    1238408,     43.0,     45.0,     45.0,    133.0,  9, 10, 11,  9,    2405161,    2405161,    2405161,    2405161
 9,    2580005,     67.0,     65.0,     63.0,    198.0,  9, 10, 11, 11,    2366551,    2366551,    2366551,    2366551
 9,    2580014,     67.0,     65.0,     64.0,    199.0,  9, 10, 11, 11,    2366551,    2366551,    2366551,    2366551
 9,    2580025,     68.0,     66.0,     65.0,    200.0,  9, 10, 11, 11,    2366551,    2366551,    2366551,    2366551
 9,    2519413,     47.0,     46.0,     47.0,    146.0,  9, 10, 11, 10,    2366602,    2366602,    2366602,    2366602
 9,    2519645,     48.0,     48.0,     48.0,    149.0,  9, 10, 11,  9,    2366707,    2366707,    2366707,    2366707
 9,    2580830,     64.0,     65.0,     66.0,    202.0,  9, 10, 11,  9,    2405003,    2405003,    2405003,    2405003
 9,    2580839,     65.0,     66.0,     67.0,    202.0,  9, 10, 11,  9,    2405003,    2405003,    2405003,    2405003
 9,    2580856,     67.0,     68.0,     69.0,    205.0,  9, 10, 11,  9,    2405003,    2405003,    2405003,    2405003
 9,    2580866,     67.0,     68.0,     70.0,    206.0,  9, 10, 11,  9,    2405003,    2405003,    2405003,    2405003
 9,    2580876,     68.0,     69.0,     70.0,    208.0,  9, 10, 11,  9,    2405003,    2405003,    2405003,    2405003
 9,    2581398,     69.0,     67.0,     66.0,    202.0,  9, 10, 11, 11,    2366551,    2366551,    2366551,    2366551
 9,    2528394,     35.0,     34.0,     33.0,    103.0,  9, 10, 11, 11,    2374945,    2374945,    2374945,    2374945
 9,    2581498,     44.0,     46.0,     46.0,    135.0,  9, 10, 11,  9,    2405161,    2405161,    2405161,    2405161
 9,    2579119,     43.0,     46.0,     45.0,    134.0,  9, 10, 11,  9,    2405161,    2405161,    2405161,    2405161
10,    2580785,     31.0,     30.0,     31.0,     96.0,  9, 10, 11,  9,    2404993,    2404993,    2404993,    2404993
10,    1684778,     30.0,     30.0,     30.0,     95.0,  9, 10, 11,  9,    2404993,    2404993,    1755043,    2404993
10,    2580825,     28.0,     29.0,     28.0,     91.0,  1,  2,  3,  1,      43721,      43721,      43721,      43721
10,    2580852,     68.0,     68.0,     69.0,    206.0,  9, 10, 11, 10,    2400351,    2400351,    2400351,    2400351
10,    2571402,     56.0,     56.0,     56.0,    175.0,  9, 10, 11, 10,      78745,      78745,      78745,      78745
10,      43721,     26.0,     26.0,     26.0,     83.0,  1,  2,  3,  3,      43721,      43721,      43721,      43721
10,    2519352,     49.0,     47.0,     48.0,    147.0,  9, 10, 11, 10,    2366563,    2366563,    2366563,    2366563
10,    2519344,     48.0,     47.0,     47.0,    147.0,  9, 10, 11, 11,    2366557,    2366557,    2366557,    2366557
10,    2581210,     66.0,     65.0,     68.0,    200.0,  9, 10, 11, 10,    2405003,    2405003,    2405003,    2405003
10,    1238370,     40.0,     42.0,     42.0,    127.0,  9, 10, 11,  9,    2405161,    2405161,    2405161,    2405161
10,    1238396,     41.0,     43.0,     43.0,    128.0,  9, 10, 11,  9,    2405161,    2405161,    2405161,    2405161
10,    1238408,     41.0,     43.0,     44.0,    129.0,  9, 10, 11,  9,    2405161,    2405161,    2405161,    2405161
10,    2580005,     67.0,     62.0,     62.0,    194.0,  9, 10, 11, 10,    2366551,    2366551,    2366551,    2366551
10,    2580014,     68.0,     63.0,     63.0,    195.0,  9, 10, 11, 10,    2366551,    2366551,    2366551,    2366551
10,    2580025,     69.0,     63.0,     64.0,    197.0,  9, 10, 11, 10,    2366551,    2366551,    2366551,    2366551
10,    2519413,     46.0,     46.0,     47.0,    147.0,  9, 10, 11,  9,    2366602,    2366602,    2366602,    2366602
10,    2519645,     47.0,     48.0,     48.0,    146.0,  9, 10, 11,  9,    2366707,    2366707,    2366707,    2366707
10,    2580830,     65.0,     63.0,     66.0,    198.0,  9, 10, 11, 10,    2405003,    2405003,    2405003,    2405003
10,    2580839,     65.0,     64.0,     67.0,    199.0,  9, 10, 11, 10,    2405003,    2405003,    2405003,    2405003
10,    2580856,     67.0,     66.0,     69.0,    202.0,  9, 10, 11, 10,    2405003,    2405003,    2405003,    2405003
10,    2580866,     68.0,     66.0,     69.0,    203.0,  9, 10, 11, 10,    2405003,    2405003,    2405003,    2405003
10,    2580876,     69.0,     67.0,     70.0,    204.0,  9, 10, 11, 10,    2405003,    2405003,    2405003,    2405003
10,    2581398,     70.0,     64.0,     65.0,    198.0,  9, 10, 11, 10,    2366551,    2366551,    2366551,    2366551
10,    2528394,     35.0,     33.0,     32.0,    100.0,  9, 10, 11, 11,    2374945,    2374945,    2374945,    2374945
10,    2581498,     42.0,     45.0,     45.0,    130.0,  9, 10, 11,  9,    2405161,    2405161,    2405161,    2405161
10,    2579119,     42.0,     44.0,     44.0,    130.0,  9, 10, 11,  9,    2405161,    2405161,    2405161,    2405161
11,    2580785,     30.0,     29.0,     30.0,     91.0,  9, 10, 11, 10,    2404993,    2404993,    2404993,    2404993
11,    1684778,     29.0,     28.0,     29.0,     90.0,  9, 10, 11, 10,    2404993,    2404993,    2404993,    2404993
11,    2580825,     28.0,     27.0,     28.0,     89.0,  1,  2,  3,  1,      43721,    2580825,      43721,      43721
11,    2580852,     67.0,     66.0,     69.0,    201.0,  9, 10, 11, 10,    2400351,    2400351,    2400351,    2400351
11,    2571402,     56.0,     54.0,     56.0,    170.0,  9, 10, 11, 10,      78745,      78745,      78745,      78745
11,      43721,     25.0,     25.0,     25.0,     82.0,  1,  2,  3,  1,      43721,      43721,      43721,      43721
11,    2519352,     49.0,     48.0,     48.0,    149.0,  9, 10, 11, 10,    2366563,    2366563,    2366563,    2366563
11,    2519344,     48.0,     46.0,     47.0,    145.0,  9, 10, 11, 10,    2366557,    2366557,    2366557,    2366557
11,    2581210,     66.0,     66.0,     68.0,    203.0,  9, 10, 11,  9,    2405003,    2405003,    2405003,    2405003
11,    1238370,     39.0,     41.0,     39.0,    124.0,  9, 10, 11,  9,    2405161,    2405161,    2405161,    2405161
11,    1238396,     40.0,     41.0,     40.0,    125.0,  9, 10, 11,  9,    2405161,    2405161,    2405161,    2405161
11,    1238408,     40.0,     42.0,     40.0,    125.0,  9, 10, 11,  9,    2405161,    2405161,    2405161,    2405161
11,    2580005,     67.0,     61.0,     63.0,    190.0,  9, 10, 11, 10,    2366551,    2366551,    2366551,    2366551
11,    2580014,     68.0,     61.0,     64.0,    191.0,  9, 10, 11, 10,    2366551,    2366551,    2366551,    2366551
11,    2580025,     69.0,     62.0,     64.0,    192.0,  9, 10, 11, 10,    2366551,    2366551,    2366551,    2366551
11,    2519413,     46.0,     46.0,     47.0,    146.0,  9, 10, 11,  9,    2366602,    2366602,    2366602,    2366602
11,    2519645,     48.0,     48.0,     48.0,    149.0,  9, 10, 11,  9,    2366707,    2366707,    2366707,    2366707
11,    2580830,     64.0,     65.0,     67.0,    201.0,  9, 10, 11,  9,    2405003,    2405003,    2405003,    2405003
11,    2580839,     65.0,     65.0,     67.0,    202.0,  9, 10, 11,  9,    2405003,    2405003,    2405003,    2405003
11,    2580856,     67.0,     67.0,     69.0,    205.0,  9, 10, 11,  9,    2405003,    2405003,    2405003,    2405003
11,    2580866,     67.0,     68.0,     70.0,    206.0,  9, 10, 11,  9,    2405003,    2405003,    2405003,    2405003
11,    2580876,     68.0,     69.0,     71.0,    207.0,  9, 10, 11,  9,    2405003,    2405003,    2405003,    2405003
11,    2581398,     70.0,     63.0,     65.0,    194.0,  9, 10, 11, 10,    2366551,    2366551,    2366551,    2366551
11,    2528394,     35.0,     32.0,     33.0,    100.0,  9, 10, 11, 10,    2374945,    2374945,    2374945,    2374945
11,    2581498,     41.0,     43.0,     41.0,    127.0,  9, 10, 11,  9,    2405161,    2405161,    2405161,    2405161
11,    2579119,     41.0,     42.0,     41.0,    126.0,  9, 10, 11,  9,    2405161,    2405161,    2405161,    2405161
12,    2580785,     32.0,     31.0,     30.0,     95.0,  9, 10, 11, 11,    2404993,    2404993,    2404993,    2404993
12,    1684778,     31.0,     30.0,     29.0,     93.0,  9, 10, 11, 11,    2404993,    2404993,    2404993,    2404993
12,    2580825,     30.0,     29.0,     28.0,     91.0,  1,  2,  3,  3,      43721,      43721,      43721,      43721
12,    2580852,     69.0,     68.0,     69.0,    208.0,  9, 10, 11, 10,    2400351,    2400351,    2400351,    2400351
12,    2571402,     57.0,     56.0,     56.0,    176.0,  9, 10, 11, 10,      78745,      78745,      78745,      78745
12,      43721,     27.0,     27.0,     26.0,     83.0,  1,  2,  3,  3,      43721,      43721,      43721,      43721
12,    2519352,     49.0,     48.0,     48.0,    150.0,  9, 10, 11, 10,    2366563,    2366563,    2366563,    2366563
12,    2519344,     48.0,     47.0,     47.0,    146.0,  9, 10, 11, 11,    2366557,    2366557,    2366557,    2366557
12,    2581210,     65.0,     68.0,     68.0,    201.0,  9, 10, 11,  9,    2405003,    2405003,    2405003,    2405003
12,    1238370,     41.0,     42.0,     41.0,    130.0,  9, 10, 11,  9,    2405161,    2405161,    2405161,    2405161
12,    1238396,     42.0,     43.0,     42.0,    131.0,  9, 10, 11,  9,    2405161,    2405161,    2405161,    2405161
12,    1238408,     42.0,     43.0,     42.0,    132.0,  9, 10, 11,  9,    2405161,    2405161,    2405161,    2405161
12,    2580005,     67.0,     62.0,     62.0,    194.0,  9, 10, 11, 11,    2366551,    2366551,    2366551,    2366551
12,    2580014,     68.0,     63.0,     63.0,    195.0,  9, 10, 11, 11,    2366551,    2366551,    2366551,    2366551
12,    2580025,     69.0,     64.0,     63.0,    196.0,  9, 10, 11, 11,    2366551,    2366551,    2366551,    2366551
12,    2519413,     47.0,     46.0,     47.0,    146.0,  9, 10, 11, 10,    2366602,    2366602,    2366602,    2366602
12,    2519645,     48.0,     48.0,     48.0,    148.0,  9, 10, 11, 10,    2366707,    2366707,    2366707,    2366707
12,    2580830,     64.0,     67.0,     67.0,    199.0,  9, 10, 11,  9,    2405003,    2405003,    2405003,    2405003
12,    2580839,     64.0,     68.0,     67.0,    200.0,  9, 10, 11,  9,    2405003,    2405003,    2405003,    2405003
12,    2580856,     66.0,     70.0,     69.0,    203.0,  9, 10, 11,  9,    2405003,    2405003,    2405003,    2405003
12,    2580866,     67.0,     70.0,     70.0,    204.0,  9, 10, 11,  9,    2405003,    2405003,    2405003,    2405003
12,    2580876,     68.0,     71.0,     71.0,    205.0,  9, 10, 11,  9,    2405003,    2405003,    2405003,    2405003
12,    2581398,     70.0,     65.0,     64.0,    198.0,  9, 10, 11, 11,    2366551,    2366551,    2366551,    2366551
12,    2528394,     35.0,     33.0,     33.0,    103.0,  9, 10, 11, 10,    2374945,    2374945,    2374945,    2374945
12,    2581498,     43.0,     44.0,     43.0,    133.0,  9, 10, 11,  9,    2405161,    2405161,    2405161,    2405161
12,    2579119,     43.0,     44.0,     43.0,    133.0,  9, 10, 11,  9,    2405161,    2405161,    2405161,    2405161
13,    2580785,     31.0,     31.0,     30.0,     93.0,  9, 10, 11, 11,    2404993,    2404993,    2404993,    2404993
13,    1684778,     30.0,     31.0,     29.0,     91.0,  9, 10, 11, 11,    2404993,    1755043,    1755043,    2404993
13,    2580825,     28.0,     29.0,     27.0,     88.0,  1,  2,  3,  3,      43721,      43721,      43721,      43721
13,    2580852,     66.0,     68.0,     68.0,    202.0,  9, 10, 11,  9,    2400351,    2400351,    2400351,    2400351
13,    2571402,     56.0,     55.0,     56.0,    174.0,  9, 10, 11, 10,      78745,      78745,      78745,      78745
13,      43721,     26.0,     26.0,     25.0,     81.0,  1,  2,  3,  3,      43721,      43721,      43721,      43721
13,    2519352,     49.0,     48.0,     49.0,    150.0,  9, 10, 11, 10,    2366563,    2366563,    2366563,    2366563
13,    2519344,     48.0,     47.0,     47.0,    147.0,  9, 10, 11, 10,    2366557,    2366557,    2366557,    2366557
13,    2581210,     65.0,     67.0,     69.0,    201.0,  9, 10, 11,  9,    2405003,    2405003,    2405003,    2405003
13,    1238370,     39.0,     40.0,     41.0,    124.0,  9, 10, 11,  9,    2405161,    2405161,    2405161,    2405161
13,    1238396,     40.0,     41.0,     42.0,    125.0,  9, 10, 11,  9,    2405161,    2405161,    2405161,    2405161
13,    1238408,     40.0,     41.0,     42.0,    126.0,  9, 10, 11,  9,    2405161,    2405161,    2405161,    2405161
13,    2580005,     68.0,     62.0,     64.0,    193.0,  9, 10, 11, 10,    2366551,    2366551,    2366551,    2366551
13,    2580014,     68.0,     62.0,     64.0,    194.0,  9, 10, 11, 10,    2366551,    2366551,    2366551,    2366551
13,    2580025,     69.0,     63.0,     65.0,    196.0,  9, 10, 11, 10,    2366551,    2366551,    2366551,    2366551
13,    2519413,     47.0,     47.0,     47.0,    148.0,  9, 10, 11,  9,    2366602,    2366602,    2366602,    2366602
13,    2519645,     46.0,     48.0,     48.0,    144.0,  9, 10, 11,  9,    2366707,    2366707,    2366707,    2366707
13,    2580830,     64.0,     66.0,     67.0,    200.0,  9, 10, 11,  9,    2405003,    2405003,    2405003,    2405003
13,    2580839,     64.0,     67.0,     68.0,    200.0,  9, 10, 11,  9,    2405003,    2405003,    2405003,    2405003
13,    2580856,     66.0,     69.0,     70.0,    203.0,  9, 10, 11,  9,    2405003,    2405003,    2405003,    2405003
13,    2580866,     67.0,     69.0,     71.0,    204.0,  9, 10, 11,  9,    2405003,    2405003,    2405003,    2405003
13,    2580876,     68.0,     70.0,     71.0,    206.0,  9, 10, 11,  9,    2405003,    2405003,    2405003,    2405003
13,    2581398,     70.0,     64.0,     66.0,    197.0,  9, 10, 11, 10,    2366551,    2366551,    2366551,    2366551
13,    2528394,     34.0,     33.0,     33.0,    101.0,  9, 10, 11, 10,    2374945,    2374945,    2374945,    2374945
13,    2581498,     41.0,     42.0,     43.0,    127.0,  9, 10, 11,  9,    2405161,    2405161,    2405161,    2405161
13,    2579119,     41.0,     42.0,     43.0,    127.0,  9, 10, 11,  9,    2405161,    2405161,    2405161,    2405161
14,    2580785,     32.0,     31.0,     30.0,     93.0,  9, 10, 11, 11,    2404993,    2404993,    2404993,    2404993
14,    1684778,     31.0,     30.0,     29.0,     92.0,  9, 10, 11, 11,    2404993,    2404993,    1755043,    2404993
14,    2580825,     30.0,     29.0,     27.0,     89.0,  1,  2,  3,  3,      43721,      43721,      43721,      43721
14,    2580852,     70.0,     69.0,     69.0,    209.0,  9, 10, 11, 10,    2400351,    2400351,    2400351,    2400351
14,    2571402,     58.0,     56.0,     56.0,    175.0,  9, 10, 11, 11,      78745,      78745,      78745,      78745
14,      43721,     27.0,     27.0,     25.0,     82.0,  1,  2,  3,  3,      43721,      43721,      43721,      43721
14,    2519352,     49.0,     48.0,     49.0,    149.0,  9, 10, 11, 10,    2366563,    2366563,    2366563,    2366563
14,    2519344,     48.0,     46.0,     47.0,    146.0,  9, 10, 11, 10,    2366557,    2366557,    2366557,    2366557
14,    2581210,     66.0,     68.0,     69.0,    206.0,  9, 10, 11,  9,    2405003,    2405003,    2405003,    2405003
14,    1238370,     41.0,     41.0,     41.0,    132.0,  9, 10, 11,  9,    2405161,    2405161,    2405161,    2405161
14,    1238396,     42.0,     42.0,     42.0,    134.0,  9, 10, 11,  9,    2405161,    2405161,    2405161,    2405161
14,    1238408,     43.0,     43.0,     43.0,    134.0,  9, 10, 11,  9,    2405161,    2405161,    2405161,    2405161
14,    2580005,     67.0,     63.0,     66.0,    198.0,  9, 10, 11, 10,    2366551,    2366551,    2366551,    2366551
14,    2580014,     68.0,     64.0,     66.0,    199.0,  9, 10, 11, 10,    2366551,    2366551,    2366551,    2366551
14,    2580025,     69.0,     65.0,     67.0,    200.0,  9, 10, 11, 10,    2366551,    2366551,    2366551,    2366551
14,    2519413,     46.0,     47.0,     47.0,    147.0,  9, 10, 11,  9,    2366602,    2366602,    2366602,    2366602
14,    2519645,     46.0,     48.0,     48.0,    144.0,  9, 10, 11,  9,    2366707,    2366707,    2366707,    2366707
14,    2580830,     65.0,     66.0,     68.0,    204.0,  9, 10, 11,  9,    2405003,    2405003,    2405003,    2405003
14,    2580839,     65.0,     67.0,     68.0,    204.0,  9, 10, 11,  9,    2405003,    2405003,    2405003,    2405003
14,    2580856,     67.0,     69.0,     70.0,    207.0,  9, 10, 11,  9,    2405003,    2405003,    2405003,    2405003
14,    2580866,     68.0,     69.0,     71.0,    208.0,  9, 10, 11,  9,    2405003,    2405003,    2405003,    2405003
14,    2580876,     69.0,     70.0,     72.0,    210.0,  9, 10, 11,  9,    2405003,    2405003,    2405003,    2405003
14,    2581398,     70.0,     66.0,     68.0,    202.0,  9, 10, 11, 10,    2366551,    2366551,    2366551,    2366551
14,    2528394,     34.0,     34.0,     34.0,    105.0,  9, 10, 11, 10,    2374945,    2374945,    2374945,    2374945
14,    2581498,     44.0,     44.0,     44.0,    136.0,  9, 10, 11,  9,    2405161,    2405161,    2405161,    2405161
14,    2579119,     43.0,     43.0,     43.0,    135.0,  9, 10, 11,  9,    2405161,    2405161,    2405161,    2405161
15,    2580785,     33.0,     31.0,     31.0,     97.0,  9, 10, 11, 11,    2404993,    2404993,    2404993,    2404993
15,    1684778,     32.0,     31.0,     30.0,     96.0,  9, 10, 11, 11,    2404993,    1755043,    2404993,    2404993
15,    2580825,     30.0,     29.0,     29.0,     93.0,  1,  2,  3,  3,      43721,      43721,      43721,      43721
15,    2580852,     70.0,     69.0,     70.0,    210.0,  9, 10, 11, 10,    2400351,    2400351,    2400351,    2400351
15,    2571402,     58.0,     56.0,     57.0,    176.0,  9, 10, 11, 10,      78745,      78745,      78745,      78745
15,      43721,     28.0,     27.0,     26.0,     86.0,  1,  2,  3,  3,      43721,      43721,      43721,      43721
15,    2519352,     49.0,     48.0,     49.0,    149.0,  9, 10, 11, 10,    2366563,    2366563,    2366563,    2366563
15,    2519344,     47.0,     47.0,     46.0,    146.0,  9, 10, 11, 11,    2366557,    2366557,    2366557,    2366557
15,    2581210,     67.0,     68.0,     69.0,    208.0,  9, 10, 11,  9,    2405003,    2405003,    2405003,    2405003
15,    1238370,     41.0,     42.0,     42.0,    131.0,  9, 10, 11,  9,    2405161,    2405161,    2405161,    2405161
15,    1238396,     42.0,     43.0,     43.0,    132.0,  9, 10, 11,  9,    2405161,    2405161,    2405161,    2405161
15,    1238408,     42.0,     43.0,     43.0,    133.0,  9, 10, 11,  9,    2405161,    2405161,    2405161,    2405161
15,    2580005,     67.0,     65.0,     66.0,    203.0,  9, 10, 11, 10,    2366551,    2366551,    2366551,    2366551
15,    2580014,     68.0,     65.0,     66.0,    204.0,  9, 10, 11, 10,    2366551,    2366551,    2366551,    2366551
15,    2580025,     68.0,     66.0,     67.0,    205.0,  9, 10, 11, 10,    2366551,    2366551,    2366551,    2366551
15,    2519413,     47.0,     47.0,     47.0,    148.0,  9, 10, 11,  9,    2366602,    2366602,    2366602,    2366602
15,    2519645,     47.0,     48.0,     48.0,    148.0,  9, 10, 11,  9,    2366707,    2366707,    2366707,    2366707
15,    2580830,     66.0,     67.0,     68.0,    206.0,  9, 10, 11,  9,    2405003,    2405003,    2405003,    2405003
15,    2580839,     66.0,     67.0,     68.0,    206.0,  9, 10, 11,  9,    2405003,    2405003,    2405003,    2405003
15,    2580856,     68.0,     69.0,     70.0,    209.0,  9, 10, 11,  9,    2405003,    2405003,    2405003,    2405003
15,    2580866,     69.0,     70.0,     71.0,    210.0,  9, 10, 11,  9,    2405003,    2405003,    2405003,    2405003
15,    2580876,     70.0,     71.0,     72.0,    212.0,  9, 10, 11,  9,    2405003,    2405003,    2405003,    2405003
15,    2581398,     70.0,     67.0,     68.0,    206.0,  9, 10, 11, 10,    2366551,    2366551,    2366551,    2366551
15,    2528394,     35.0,     34.0,     34.0,    105.0,  9, 10, 11, 11,    2374945,    2374945,    2374945,    2374945
15,    2581498,     43.0,     44.0,     44.0,    134.0,  9, 10, 11,  9,    2405161,    2405161,    2405161,    2405161
15,    2579119,     43.0,     44.0,     44.0,    134.0,  9, 10, 11,  9,    2405161,    2405161,    2405161,    2405161
16,    2580785,     33.0,     32.0,     31.0,     96.0,  9, 10, 11, 11,    2404993,    2404993,    2404993,    2404993
16,    1684778,     32.0,     31.0,     30.0,     95.0,  9, 10, 11, 11,    2404993,    2404993,    2404993,    2404993
16,    2580825,     30.0,     30.0,     29.0,     93.0,  1,  2,  3,  3,      43721,      43721,      43721,      43721
16,    2580852,     71.0,     70.0,     69.0,    210.0,  9, 10, 11, 11,    2400351,    2400351,    2400351,    2400351
16,    2571402,     58.0,     57.0,     57.0,    178.0,  9, 10, 11, 11,      78745,      78745,      78745,      78745
16,      43721,     28.0,     28.0,     26.0,     86.0,  1,  2,  3,  3,      43721,      43721,      43721,      43721
16,    2519352,     48.0,     47.0,     49.0,    148.0,  9, 10, 11, 10,    2366563,    2366563,    2366563,    2366563
16,    2519344,     47.0,     47.0,     47.0,    148.0,  9, 10, 11, 10,    2366557,    2366557,    2366557,    2366557
16,    2581210,     67.0,     68.0,     70.0,    207.0,  9, 10, 11,  9,    2405003,    2405003,    2405003,    2405003
16,    1238370,     42.0,     43.0,     43.0,    135.0,  9, 10, 11,  9,    2405161,    2405161,    2405161,    2405161
16,    1238396,     44.0,     44.0,     44.0,    137.0,  9, 10, 11,  9,    2405161,    2405161,    2405161,    2405161
16,    1238408,     44.0,     44.0,     44.0,    138.0,  9, 10, 11,  9,    2405161,    2405161,    2405161,    2405161
16,    2580005,     67.0,     63.0,     66.0,    198.0,  9, 10, 11, 10,    2366551,    2366551,    2366551,    2366551
16,    2580014,     68.0,     64.0,     67.0,    199.0,  9, 10, 11, 10,    2366551,    2366551,    2366551,    2366551
16,    2580025,     69.0,     65.0,     68.0,    200.0,  9, 10, 11, 10,    2366551,    2366551,    2366551,    2366551
16,    2519413,     47.0,     47.0,     47.0,    148.0,  9, 10, 11, 11,    2366602,    2366602,    2366602,    2366602
16,    2519645,     48.0,     48.0,     48.0,    149.0,  9, 10, 11,  9,    2366707,    2366707,    2366707,    2366707
16,    2580830,     65.0,     67.0,     68.0,    205.0,  9, 10, 11,  9,    2405003,    2405003,    2405003,    2405003
16,    2580839,     66.0,     67.0,     69.0,    205.0,  9, 10, 11,  9,    2405003,    2405003,    2405003,    2405003
16,    2580856,     68.0,     69.0,     71.0,    208.0,  9, 10, 11,  9,    2405003,    2405003,    2405003,    2405003
16,    2580866,     69.0,     70.0,     72.0,    210.0,  9, 10, 11,  9,    2405003,    2405003,    2405003,    2405003
16,    2580876,     69.0,     71.0,     72.0,    211.0,  9, 10, 11,  9,    2405003,    2405003,    2405003,    2405003
16,    2581398,     70.0,     66.0,     69.0,    202.0,  9, 10, 11, 10,    2366551,    2366551,    2366551,    2366551
16,    2528394,     35.0,     34.0,     34.0,    105.0,  9, 10, 11, 11,    2374945,    2374945,    2374945,    2374945
16,    2581498,     45.0,     46.0,     46.0,    139.0,  9, 10, 11,  9,    2405161,    2405161,    2405161,    2405161
16,    2579119,     45.0,     45.0,     45.0,    139.0,  9, 10, 11,  9,    2405161,    2405161,    2405161,    2405161
17,    2580785,     33.0,     32.0,     31.0,     96.0,  9, 10, 11, 11,    2404993,    2404993,    2404993,    2404993
17,    1684778,     32.0,     31.0,     30.0,     95.0,  9, 10, 11, 11,    2404993,    2404993,    2404993,    2404993
17,    2580825,     30.0,     29.0,     28.0,     92.0,  1,  2,  3,  3,      43721,    2580825,      43721,      43721
17,    2580852,     70.0,     69.0,     70.0,    209.0,  9, 10, 11, 10,    2400351,    2400351,    2400351,    2400351
17,    2571402,     58.0,     56.0,     57.0,    177.0,  9, 10, 11, 10,      78745,      78745,      78745,      78745
17,      43721,     28.0,     27.0,     26.0,     85.0,  1,  2,  3,  3,      43721,      43721,      43721,      43721
17,    2519352,     48.0,     47.0,     49.0,    147.0,  9, 10, 11, 10,    2366563,    2366563,    2366563,    2366563
17,    2519344,     47.0,     47.0,     47.0,    149.0,  9, 10, 11,  9,    2366557,    2366557,    2366557,    2366557
17,    2581210,     65.0,     68.0,     69.0,    203.0,  9, 10, 11,  9,    2405003,    2405003,    2405003,    2405003
17,    1238370,     42.0,     43.0,     43.0,    135.0,  9, 10, 11,  9,    2405161,    2405161,    2405161,    2405161
17,    1238396,     44.0,     44.0,     44.0,    137.0,  9, 10, 11,  9,    2405161,    2405161,    2405161,    2405161
17,    1238408,     44.0,     44.0,     44.0,    137.0,  9, 10, 11,  9,    2405161,    2405161,    2405161,    2405161
17,    2580005,     66.0,     63.0,     66.0,    198.0,  9, 10, 11, 10,    2366551,    2366551,    2366551,    2366551
17,    2580014,     67.0,     64.0,     66.0,    199.0,  9, 10, 11, 10,    2366551,    2366551,    2366551,    2366551
17,    2580025,     68.0,     65.0,     67.0,    201.0,  9, 10, 11, 10,    2366551,    2366551,    2366551,    2366551
17,    2519413,     47.0,     47.0,     47.0,    148.0,  9, 10, 11, 10,    2366602,    2366602,    2366602,    2366602
17,    2519645,     48.0,     48.0,     48.0,    149.0,  9, 10, 11,  9,    2366707,    2366707,    2366707,    2366707
17,    2580830,     64.0,     66.0,     67.0,    201.0,  9, 10, 11,  9,    2405003,    2405003,    2405003,    2405003
17,    2580839,     64.0,     67.0,     68.0,    201.0,  9, 10, 11,  9,    2405003,    2405003,    2405003,    2405003
17,    2580856,     66.0,     69.0,     70.0,    204.0,  9, 10, 11,  9,    2405003,    2405003,    2405003,    2405003
17,    2580866,     67.0,     70.0,     71.0,    205.0,  9, 10, 11,  9,    2405003,    2405003,    2405003,    2405003
17,    2580876,     68.0,     71.0,     71.0,    207.0,  9, 10, 11,  9,    2405003,    2405003,    2405003,    2405003
17,    2581398,     69.0,     66.0,     68.0,    202.0,  9, 10, 11, 10,    2366551,    2366551,    2366551,    2366551
17,    2528394,     34.0,     34.0,     34.0,    104.0,  9, 10, 11, 11,    2374945,    2374945,    2374945,    2374945
17,    2581498,     45.0,     45.0,     46.0,    139.0,  9, 10, 11,  9,    2405161,    2405161,    2405161,    2405161
17,    2579119,     45.0,     45.0,     45.0,    138.0,  9, 10, 11,  9,    2405161,    2405161,    2405161,    2405161
18,    2580785,     32.0,     31.0,     29.0,     91.0,  9, 10, 11, 11,    2404993,    2404993,    2404993,    2404993
18,    1684778,     31.0,     30.0,     28.0,     90.0,  9, 10, 11, 11,    2404993,    2404993,    2404993,    2404993
18,    2580825,     30.0,     29.0,     27.0,     88.0,  1,  2,  3,  3,      43721,      43721,      43721,      43721
18,    2580852,     68.0,     69.0,     68.0,    205.0,  9, 10, 11, 11,    2400351,    2400351,    2400351,    2400351
18,    2571402,     58.0,     56.0,     55.0,    172.0,  9, 10, 11, 11,      78745,      78745,      78745,      78745
18,      43721,     27.0,     27.0,     25.0,     81.0,  1,  2,  3,  3,      43721,      43721,      43721,      43721
18,    2519352,     48.0,     48.0,     48.0,    149.0,  9, 10, 11, 10,    2366563,    2366563,    2366563,    2366563
18,    2519344,     47.0,     47.0,     47.0,    147.0,  9, 10, 11, 10,    2366557,    2366557,    2366557,    2366557
18,    2581210,     66.0,     68.0,     68.0,    206.0,  9, 10, 11,  9,    2405003,    2405003,    2405003,    2405003
18,    1238370,     41.0,     42.0,     43.0,    132.0,  9, 10, 11,  9,    2405161,    2405161,    2405161,    2405161
18,    1238396,     42.0,     43.0,     44.0,    134.0,  9, 10, 11,  9,    2405161,    2405161,    2405161,    2405161
18,    1238408,     43.0,     44.0,     44.0,    134.0,  9, 10, 11,  9,    2405161,    2405161,    2405161,    2405161
18,    2580005,     67.0,     64.0,     65.0,    200.0,  9, 10, 11, 10,    2366551,    2366551,    2366551,    2366551
18,    2580014,     68.0,     64.0,     66.0,    201.0,  9, 10, 11, 10,    2366551,    2366551,    2366551,    2366551
18,    2580025,     68.0,     65.0,     67.0,    202.0,  9, 10, 11, 10,    2366551,    2366551,    2366551,    2366551
18,    2519413,     47.0,     46.0,     47.0,    146.0,  9, 10, 11, 10,    2366602,    2366602,    2366602,    2366602
18,    2519645,     48.0,     48.0,     48.0,    150.0,  9, 10, 11,  9,    2366707,    2366707,    2366707,    2366707
18,    2580830,     65.0,     66.0,     67.0,    204.0,  9, 10, 11,  9,    2405003,    2405003,    2405003,    2405003
18,    2580839,     66.0,     67.0,     68.0,    205.0,  9, 10, 11,  9,    2405003,    2405003,    2405003,    2405003
18,    2580856,     68.0,     69.0,     70.0,    208.0,  9, 10, 11,  9,    2405003,    2405003,    2405003,    2405003
18,    2580866,     68.0,     70.0,     70.0,    209.0,  9, 10, 11,  9,    2405003,    2405003,    2405003,    2405003
18,    2580876,     69.0,     71.0,     71.0,    210.0,  9, 10, 11,  9,    2405003,    2405003,    2405003,    2405003
18,    2581398,     69.0,     66.0,     68.0,    203.0,  9, 10, 11, 10,    2366551,    2366551,    2366551,    2366551
18,    2528394,     35.0,     34.0,     33.0,    103.0,  9, 10, 11, 11,    2374945,    2374945,    2374945,    2374945
18,    2581498,     44.0,     45.0,     45.0,    136.0,  9, 10, 11,  9,    2405161,    2405161,    2405161,    2405161
18,    2579119,     43.0,     44.0,     45.0,    135.0,  9, 10, 11,  9,    2405161,    2405161,    2405161,    2405161
19,    2580785,     30.0,     31.0,     28.0,     89.0,  9, 10, 11, 11,    2404993,    2404993,    2404993,    2404993
19,    1684778,     29.0,     30.0,     28.0,     88.0,  9, 10, 11, 11,    2404993,    2404993,    1755043,    2404993
19,    2580825,     28.0,     29.0,     26.0,     85.0,  1,  2,  3,  3,      43721,      43721,      43721,      43721
19,    2580852,     66.0,     68.0,     67.0,    201.0,  9, 10, 11,  9,    2400351,    2400351,    2400351,    2400351
19,    2571402,     56.0,     56.0,     54.0,    171.0,  9, 10, 11, 11,      78745,      78745,      78745,      78745
19,      43721,     26.0,     26.0,     24.0,     78.0,  1,  2,  3,  3,      43721,      43721,      43721,      43721
19,    2519352,     49.0,     48.0,     48.0,    148.0,  9, 10, 11, 11,    2366563,    2366563,    2366563,    2366563
19,    2519344,     47.0,     47.0,     47.0,    146.0,  9, 10, 11, 10,    2366557,    2366557,    2366557,    2366557
19,    2581210,     65.0,     66.0,     68.0,    201.0,  9, 10, 11,  9,    2405003,    2405003,    2405003,    2405003
19,    1238370,     39.0,     42.0,     41.0,    125.0,  9, 10, 11,  9,    2405161,    2405161,    2405161,    2405161
19,    1238396,     40.0,     43.0,     42.0,    126.0,  9, 10, 11,  9,    2405161,    2405161,    2405161,    2405161
19,    1238408,     40.0,     43.0,     43.0,    127.0,  9, 10, 11,  9,    2405161,    2405161,    2405161,    2405161
19,    2580005,     66.0,     62.0,     62.0,    193.0,  9, 10, 11, 10,    2366551,    2366551,    2366551,    2366551
19,    2580014,     67.0,     62.0,     63.0,    194.0,  9, 10, 11, 10,    2366551,    2366551,    2366551,    2366551
19,    2580025,     68.0,     63.0,     63.0,    195.0,  9, 10, 11, 10,    2366551,    2366551,    2366551,    2366551
19,    2519413,     47.0,     46.0,     47.0,    146.0,  9, 10, 11, 10,    2366602,    2366602,    2366602,    2366602
19,    2519645,     48.0,     48.0,     48.0,    149.0,  9, 10, 11,  9,    2366707,    2366707,    2366707,    2366707
19,    2580830,     64.0,     65.0,     67.0,    200.0,  9, 10, 11,  9,    2405003,    2405003,    2405003,    2405003
19,    2580839,     64.0,     65.0,     67.0,    200.0,  9, 10, 11,  9,    2405003,    2405003,    2405003,    2405003
19,    2580856,     66.0,     67.0,     69.0,    203.0,  9, 10, 11,  9,    2405003,    2405003,    2405003,    2405003
19,    2580866,     67.0,     68.0,     70.0,    204.0,  9, 10, 11,  9,    2405003,    2405003,    2405003,    2405003
19,    2580876,     68.0,     69.0,     71.0,    206.0,  9, 10, 11,  9,    2405003,    2405003,    2405003,    2405003
19,    2581398,     69.0,     64.0,     64.0,    196.0,  9, 10, 11, 10,    2366551,    2366551,    2366551,    2366551
19,    2528394,     34.0,     33.0,     33.0,    102.0,  9, 10, 11, 11,    2374945,    2374945,    2374945,    2374945
19,    2581498,     41.0,     45.0,     44.0,    128.0,  9, 10, 11,  9,    2405161,    2405161,    2405161,    2405161
19,    2579119,     41.0,     44.0,     43.0,    128.0,  9, 10, 11,  9,    2405161,    2405161,    2405161,    2405161
20,    2580785,     31.0,     31.0,     27.0,     85.0,  9, 10, 11, 11,    2404993,    2404993,    2404993,    2404993
20,    1684778,     30.0,     30.0,     26.0,     84.0,  9, 10, 11, 11,    2404993,    2404993,    2404993,    2404993
20,    2580825,     28.0,     28.0,     24.0,     78.0,  1,  2,  3,  3,      43721,      43721,      43721,      43721
20,    2580852,     65.0,     66.0,     64.0,    195.0,  9, 10, 11, 11,    2400351,    2400351,    2400351,    2400351
20,    2571402,     55.0,     54.0,     52.0,    162.0,  9, 10, 11, 11,      78745,      78745,      78745,      78745
20,      43721,     25.0,     26.0,     22.0,     72.0,  1,  2,  3,  3,      43721,      43721,      43721,      43721
20,    2519352,     49.0,     48.0,     48.0,    149.0,  9, 10, 11, 10,    2366563,    2366563,    2366563,    2366563
20,    2519344,     46.0,     45.0,     46.0,    143.0,  9, 10, 11, 10,    2366557,    2366557,    2366557,    2366557
20,    2581210,     66.0,     66.0,     67.0,    204.0,  9, 10, 11,  9,    2405003,    2405003,    2405003,    2405003
20,    1238370,     40.0,     41.0,     41.0,    127.0,  9, 10, 11,  9,    2405161,    2405161,    2405161,    2405161
20,    1238396,     41.0,     42.0,     42.0,    128.0,  9, 10, 11,  9,    2405161,    2405161,    2405161,    2405161
20,    1238408,     41.0,     42.0,     42.0,    129.0,  9, 10, 11,  9,    2405161,    2405161,    2405161,    2405161
20,    2580005,     64.0,     60.0,     62.0,    187.0,  9, 10, 11, 10,    2366551,    2366551,    2366551,    2366551
20,    2580014,     65.0,     60.0,     62.0,    188.0,  9, 10, 11, 10,    2366551,    2366551,    2366551,    2366551
20,    2580025,     66.0,     61.0,     63.0,    189.0,  9, 10, 11, 10,    2366551,    2366551,    2366551,    2366551
20,    2519413,     47.0,     46.0,     47.0,    144.0,  9, 10, 11, 10,    2366602,    2366602,    2366602,    2366602
20,    2519645,     47.0,     48.0,     48.0,    147.0,  9, 10, 11,  9,    2366707,    2366707,    2366707,    2366707
20,    2580830,     65.0,     65.0,     66.0,    202.0,  9, 10, 11,  9,    2405003,    2405003,    2405003,    2405003
20,    2580839,     65.0,     65.0,     66.0,    202.0,  9, 10, 11,  9,    2405003,    2405003,    2405003,    2405003
20,    2580856,     67.0,     67.0,     68.0,    205.0,  9, 10, 11,  9,    2405003,    2405003,    2405003,    2405003
20,    2580866,     68.0,     68.0,     69.0,    207.0,  9, 10, 11,  9,    2405003,    2405003,    2405003,    2405003
20,    2580876,     68.0,     69.0,     70.0,    208.0,  9, 10, 11,  9,    2405003,    2405003,    2405003,    2405003
20,    2581398,     67.0,     62.0,     64.0,    191.0,  9, 10, 11, 10,    2366551,    2366551,    2366551,    2366551
20,    2528394,     34.0,     33.0,     33.0,    102.0,  9, 10, 11, 11,    2374945,    2374945,    2374945,    2374945
20,    2581498,     42.0,     43.0,     43.0,    130.0,  9, 10, 11,  9,    2405161,    2405161,    2405161,    2405161
20,    2579119,     42.0,     42.0,     43.0,    129.0,  9, 10, 11,  9,    2405161,    2405161,    2405161,    2405161
21,    2580785,     32.0,     29.0,     28.0,     89.0,  9, 10, 11, 11,    2404993,    2404993,    2404993,    2404993
21,    1684778,     31.0,     28.0,     28.0,     88.0,  9, 10, 11, 11,    2404993,    2404993,    2404993,    2404993
21,    2580825,     28.0,     26.0,     26.0,     83.0,  1,  2,  3,  3,      43721,      43721,      43721,      43721
21,    2580852,     66.0,     64.0,     66.0,    195.0,  9, 10, 11, 10,    2400351,    2400351,    2400351,    2400351
21,    2571402,     56.0,     52.0,     53.0,    164.0,  9, 10, 11, 10,      78745,      78745,      78745,      78745
21,      43721,     26.0,     24.0,     24.0,     76.0,  1,  2,  3,  3,      43721,      43721,      43721,      43721
21,    2519352,     48.0,     48.0,     48.0,    150.0,  9, 10, 11,  9,    2366563,    2366563,    2366563,    2366563
21,    2519344,     46.0,     47.0,     46.0,    146.0,  9, 10, 11,  9,    2366557,    2366557,    2366557,    2366557
21,    2581210,     64.0,     67.0,     67.0,    198.0,  9, 10, 11,  9,    2405003,    2405003,    2405003,    2405003
21,    1238370,     39.0,     40.0,     40.0,    125.0,  9, 10, 11,  9,    2405161,    2405161,    2405161,    2405161
21,    1238396,     40.0,     41.0,     41.0,    126.0,  9, 10, 11,  9,    2405161,    2405161,    2405161,    2405161
21,    1238408,     40.0,     41.0,     42.0,    127.0,  9, 10, 11,  9,    2405161,    2405161,    2405161,    2405161
21,    2580005,     64.0,     63.0,     62.0,    194.0,  9, 10, 11, 11,    2366551,    2366551,    2366551,    2366551
21,    2580014,     65.0,     64.0,     63.0,    195.0,  9, 10, 11, 11,    2366551,    2366551,    2366551,    2366551
21,    2580025,     65.0,     64.0,     63.0,    196.0,  9, 10, 11, 11,    2366551,    2366551,    2366551,    2366551
21,    2519413,     47.0,     46.0,     47.0,    146.0,  9, 10, 11, 10,    2366602,    2366602,    2366602,    2366602
21,    2519645,     47.0,     48.0,     48.0,    148.0,  9, 10, 11,  9,    2366707,    2366707,    2366707,    2366707
21,    2580830,     63.0,     66.0,     66.0,    197.0,  9, 10, 11,  9,    2405003,    2405003,    2405003,    2405003
21,    2580839,     63.0,     66.0,     66.0,    197.0,  9, 10, 11,  9,    2405003,    2405003,    2405003,    2405003
21,    2580856,     65.0,     68.0,     68.0,    200.0,  9, 10, 11,  9,    2405003,    2405003,    2405003,    2405003
21,    2580866,     66.0,     69.0,     69.0,    201.0,  9, 10, 11,  9,    2405003,    2405003,    2405003,    2405003
21,    2580876,     67.0,     70.0,     70.0,    202.0,  9, 10, 11,  9,    2405003,    2405003,    2405003,    2405003
21,    2581398,     67.0,     65.0,     64.0,    198.0,  9, 10, 11, 11,    2366551,    2366551,    2366551,    2366551
21,    2528394,     34.0,     33.0,     33.0,    102.0,  9, 10, 11, 11,    2374945,    2374945,    2374945,    2374945
21,    2581498,     41.0,     42.0,     43.0,    128.0,  9, 10, 11,  9,    2405161,    2405161,    2405161,    2405161
21,    2579119,     41.0,     42.0,     42.0,    128.0,  9, 10, 11,  9,    2405161,    2405161,    2405161,    2405161
22,    2580785,     32.0,     31.0,     30.0,     95.0,  9, 10, 11, 11,    2404993,    2404993,    2404993,    2404993
22,    1684778,     32.0,     30.0,     29.0,     93.0,  9, 10, 11, 11,    2404993,    2404993,    2404993,    2404993
22,    2580825,     30.0,     29.0,     28.0,     90.0,  1,  2,  3,  3,      43721,      43721,      43721,      43721
22,    2580852,     69.0,     66.0,     68.0,    201.0,  9, 10, 11, 10,    2400351,    2400351,    2400351,    2400351
22,    2571402,     58.0,     55.0,     56.0,    172.0,  9, 10, 11, 10,      78745,      78745,      78745,      78745
22,      43721,     27.0,     27.0,     26.0,     83.0,  1,  2,  3,  3,      43721,      43721,      43721,      43721
22,    2519352,     48.0,     48.0,     48.0,    149.0,  9, 10, 11,  9,    2366563,    2366563,    2366563,    2366563
22,    2519344,     47.0,     47.0,     47.0,    147.0,  9, 10, 11, 10,    2366557,    2366557,    2366557,    2366557
22,    2581210,     65.0,     68.0,     69.0,    202.0,  9, 10, 11,  9,    2405003,    2405003,    2405003,    2405003
22,    1238370,     40.0,     42.0,     42.0,    127.0,  9, 10, 11,  9,    2405161,    2405161,    2405161,    2405161
22,    1238396,     41.0,     43.0,     43.0,    129.0,  9, 10, 11,  9,    2405161,    2405161,    2405161,    2405161
22,    1238408,     41.0,     43.0,     43.0,    129.0,  9, 10, 11,  9,    2405161,    2405161,    2405161,    2405161
22,    2580005,     67.0,     64.0,     64.0,    199.0,  9, 10, 11, 10,    2366551,    2366551,    2366551,    2366551
22,    2580014,     67.0,     64.0,     64.0,    200.0,  9, 10, 11, 10,    2366551,    2366551,    2366551,    2366551
22,    2580025,     68.0,     65.0,     65.0,    201.0,  9, 10, 11, 10,    2366551,    2366551,    2366551,    2366551
22,    2519413,     47.0,     47.0,     47.0,    147.0,  9, 10, 11, 10,    2366602,    2366602,    2366602,    2366602
22,    2519645,     47.0,     48.0,     48.0,    148.0,  9, 10, 11,  9,    2366707,    2366707,    2366707,    2366707
22,    2580830,     64.0,     67.0,     67.0,    200.0,  9, 10, 11,  9,    2405003,    2405003,    2405003,    2405003
22,    2580839,     64.0,     67.0,     68.0,    200.0,  9, 10, 11,  9,    2405003,    2405003,    2405003,    2405003
22,    2580856,     66.0,     69.0,     70.0,    203.0,  9, 10, 11,  9,    2405003,    2405003,    2405003,    2405003
22,    2580866,     67.0,     70.0,     70.0,    204.0,  9, 10, 11,  9,    2405003,    2405003,    2405003,    2405003
22,    2580876,     68.0,     71.0,     71.0,    206.0,  9, 10, 11,  9,    2405003,    2405003,    2405003,    2405003
22,    2581398,     69.0,     66.0,     66.0,    203.0,  9, 10, 11, 10,    2366551,    2366551,    2366551,    2366551
22,    2528394,     35.0,     33.0,     34.0,    103.0,  9, 10, 11, 10,    2374945,    2374945,    2374945,    2374945
22,    2581498,     42.0,     44.0,     44.0,    131.0,  9, 10, 11,  9,    2405161,    2405161,    2405161,    2405161
22,    2579119,     42.0,     44.0,     44.0,    130.0,  9, 10, 11,  9,    2405161,    2405161,    2405161,    2405161
23,    2580785,     33.0,     32.0,     31.0,     97.0,  9, 10, 11, 11,    2404993,    2404993,    2404993,    2404993
23,    1684778,     33.0,     31.0,     30.0,     96.0,  9, 10, 11, 11,    1755043,    2404993,    2404993,    2404993
23,    2580825,     31.0,     29.0,     28.0,     92.0,  1,  2,  3,  3,      43721,      43721,      43721,      43721
23,    2580852,     71.0,     68.0,     69.0,    207.0,  9, 10, 11, 10,    2400351,    2400351,    2400351,    2400351
23,    2571402,     59.0,     56.0,     57.0,    175.0,  9, 10, 11, 10,      78745,      78745,      78745,      78745
23,      43721,     28.0,     27.0,     26.0,     85.0,  1,  2,  3,  3,      43721,      43721,      43721,      43721
23,    2519352,     48.0,     49.0,     48.0,    149.0,  9, 10, 11,  9,    2366563,    2366563,    2366563,    2366563
23,    2519344,     48.0,     47.0,     47.0,    149.0,  9, 10, 11,  9,    2366557,    2366557,    2366557,    2366557
23,    2581210,     67.0,     68.0,     69.0,    207.0,  9, 10, 11,  9,    2405003,    2405003,    2405003,    2405003
23,    1238370,     42.0,     43.0,     43.0,    134.0,  9, 10, 11,  9,    2405161,    2405161,    2405161,    2405161
23,    1238396,     43.0,     44.0,     44.0,    135.0,  9, 10, 11,  9,    2405161,    2405161,    2405161,    2405161
23,    1238408,     43.0,     44.0,     44.0,    136.0,  9, 10, 11,  9,    2405161,    2405161,    2405161,    2405161
23,    2580005,     67.0,     66.0,     66.0,    206.0,  9, 10, 11, 10,    2366551,    2366551,    2366551,    2366551
23,    2580014,     68.0,     66.0,     66.0,    207.0,  9, 10, 11, 10,    2366551,    2366551,    2366551,    2366551
23,    2580025,     69.0,     67.0,     67.0,    208.0,  9, 10, 11, 10,    2366551,    2366551,    2366551,    2366551
23,    2519413,     47.0,     47.0,     47.0,    148.0,  9, 10, 11,  9,    2366602,    2366602,    2366602,    2366602
23,    2519645,     48.0,     48.0,     48.0,    149.0,  9, 10, 11,  9,    2366707,    2366707,    2366707,    2366707
23,    2580830,     65.0,     66.0,     68.0,    205.0,  9, 10, 11,  9,    2405003,    2405003,    2405003,    2405003
23,    2580839,     66.0,     67.0,     68.0,    205.0,  9, 10, 11,  9,    2405003,    2405003,    2405003,    2405003
23,    2580856,     68.0,     69.0,     70.0,    208.0,  9, 10, 11,  9,    2405003,    2405003,    2405003,    2405003
23,    2580866,     69.0,     69.0,     71.0,    209.0,  9, 10, 11,  9,    2405003,    2405003,    2405003,    2405003
23,    2580876,     69.0,     70.0,     72.0,    211.0,  9, 10, 11,  9,    2405003,    2405003,    2405003,    2405003
23,    2581398,     70.0,     68.0,     68.0,    209.0,  9, 10, 11, 10,    2366551,    2366551,    2366551,    2366551
23,    2528394,     35.0,     34.0,     34.0,    106.0,  9, 10, 11, 10,    2374945,    2374945,    2374945,    2374945
23,    2581498,     45.0,     45.0,     45.0,    138.0,  9, 10, 11,  9,    2405161,    2405161,    2405161,    2405161
23,    2579119,     44.0,     45.0,     45.0,    137.0,  9, 10, 11,  9,    2405161,    2405161,    2405161,    2405161
24,    2580785,     38.0,     39.0,     42.0,    124.0, 12, 12, 12,  9,    2404993,    2404993,    2404993,    2404993
24,    1684778,     39.0,     39.0,     43.0,    123.0, 12, 12, 12,  9,    1755043,    1755043,    1755043,    1755043
24,    2580825,     38.0,     38.0,     40.0,    109.0,  4,  5,  6,  4,    2580815,    2580825,    2580815,    2580825
24,    2580852,     78.0,     78.0,     77.0,    236.0, 12, 12, 12, 11,    2400351,    2400351,    2405007,    2405007
24,    2571402,     70.0,     72.0,     72.0,    217.0, 12, 12, 12,  9,      78745,      78745,      78745,      78745
24,      43721,     35.0,     36.0,     37.0,    102.0,  4,  5,  6,  4,      43721,      43721,      43721,      43721
24,    2519352,     55.0,     55.0,     55.0,    164.0, 12, 12, 12,  9,    2366563,    2366563,    2366563,    2366563
24,    2519344,     56.0,     56.0,     55.0,    165.0, 12, 12, 12,  9,    2366557,    2366557,    2366557,    2366557
24,    2581210,     81.0,     80.0,     77.0,    239.0, 12, 12, 12, 11,    2405010,    2405003,    2405003,    2405094
24,    1238370,     55.0,     55.0,     54.0,    159.0, 12, 10, 12, 10,    2405161,    2374953,    2405161,    2374953
24,    1238396,     54.0,     54.0,     53.0,    158.0, 12, 10, 12, 10,    2405161,    2374953,    2405161,    2374953
24,    1238408,     54.0,     54.0,     53.0,    157.0,  9, 10, 12, 10,    2374953,    2374953,    2374953,    2374953
24,    2580005,     81.0,     82.0,     82.0,    244.0, 12, 12, 12,  9,    2366551,    2366565,    2366551,    2366565
24,    2580014,     80.0,     81.0,     81.0,    247.0, 12, 12, 12,  9,    2366551,    2404583,    2366551,    2404583
24,    2580025,     80.0,     80.0,     80.0,    247.0, 12, 12, 12,  9,    2366551,    2405137,    2366551,    2405137
24,    2519413,     57.0,     57.0,     56.0,    165.0,  9, 10, 12, 11,    2366602,    2366602,    2366602,    2366602
24,    2519645,     56.0,     55.0,     55.0,    164.0, 12, 12, 12, 10,    2366707,    2366707,    2366707,    2366707
24,    2580830,     82.0,     81.0,     79.0,    240.0,  9, 12, 12,  9,    2405005,    2405003,    2405003,    2405005
24,    2580839,     82.0,     81.0,     78.0,    240.0,  9, 12, 12,  9,    2405008,    2405003,    2405003,    2405008
24,    2580856,     80.0,     78.0,     76.0,    240.0, 12, 12, 12, 10,    2405010,    2405003,    2405003,    2405010
24,    2580866,     83.0,     78.0,     76.0,    242.0, 12, 12, 12, 10,    2405003,    2405003,    2405003,    2405012
24,    2580876,     82.0,     77.0,     75.0,    243.0, 12, 12, 12, 10,    2405003,    2405003,    2405003,    2405003
24,    2581398,     79.0,     81.0,     79.0,    247.0, 12, 12, 12,  9,    2366551,    2366551,    2366551,    2366551
24,    2528394,     40.0,     39.0,     39.0,    119.0,  9, 12, 12,  9,    2374945,    2374945,    2374945,    2374945
24,    2581498,     53.0,     53.0,     52.0,    167.0, 12, 12, 12, 10,    2405161,    2405161,    2405161,    2405161
24,    2579119,     53.0,     53.0,     52.0,    156.0, 12, 10, 12, 10,    2374953,    2374953,    2405161,    2374953
25,    2580785,     39.0,     39.0,     41.0,    123.0, 12, 12, 12,  9,    2404993,    2404993,    2404993,    2404993
25,    1684778,     40.0,     40.0,     42.0,    123.0, 12, 12, 12,  9,    1755043,    1755043,    2404993,    1755043
25,    2580825,     38.0,     39.0,     39.0,    109.0,  4,  5,  6,  4,      43721,      43721,    2580815,    2580825
25,    2580852,     77.0,     78.0,     77.0,    236.0, 12, 12, 12, 11,    2400351,    2405007,    2400351,    2405007
25,    2571402,     70.0,     73.0,     71.0,    216.0, 12, 12, 12,  9,      78745,      78745,      78745,      78745
25,      43721,     35.0,     36.0,     36.0,    101.0,  4,  5,  6,  4,      43721,      43721,      43721,      43721
25,    2519352,     55.0,     55.0,     55.0,    164.0, 12, 12, 12,  9,    2366563,    2366563,    2366563,    2366563
25,    2519344,     56.0,     56.0,     55.0,    166.0, 12, 12, 12,  9,    2366557,    2366557,    2366557,    2366557
25,    2581210,     81.0,     80.0,     75.0,    239.0, 12, 12, 12, 11,    2405094,    2405003,    2405003,    2405094
25,    1238370,     55.0,     55.0,     54.0,    159.0, 12, 10, 12, 10,    2405161,    2374953,    2405161,    2374953
25,    1238396,     54.0,     54.0,     53.0,    158.0, 12, 10, 12, 10,    2405161,    2374953,    2374953,    2374953
25,    1238408,     54.0,     54.0,     53.0,    157.0,  9, 10, 12, 10,    2374953,    2374953,    2374953,    2374953
25,    2580005,     80.0,     82.0,     81.0,    244.0, 12, 12, 12,  9,    2366551,    2366565,    2366569,    2366565
25,    2580014,     79.0,     82.0,     81.0,    246.0, 12, 12, 12,  9,    2366551,    2404583,    2366551,    2404583
25,    2580025,     78.0,     81.0,     80.0,    246.0, 12, 12, 12,  9,    2366551,    2405137,    2366551,    2405137
25,    2519413,     57.0,     57.0,     57.0,    165.0,  9, 10, 11, 11,    2366602,    2366602,    2366602,    2366602
25,    2519645,     56.0,     55.0,     55.0,    164.0, 12, 12, 12, 10,    2366707,    2366707,    2366707,    2366707
25,    2580830,     82.0,     82.0,     76.0,    239.0,  9, 12, 12,  9,    2405005,    2405003,    2405003,    2405005
25,    2580839,     82.0,     81.0,     76.0,    240.0,  9, 12, 12,  9,    2405008,    2405003,    2405003,    2405008
25,    2580856,     80.0,     79.0,     74.0,    240.0, 12, 12, 12, 11,    2405010,    2405003,    2405003,    2405010
25,    2580866,     84.0,     78.0,     73.0,    241.0, 12, 12, 12, 11,    2405003,    2405003,    2405003,    2405012
25,    2580876,     84.0,     77.0,     73.0,    242.0, 12, 12, 12, 11,    2405003,    2405003,    2405003,    2405003
25,    2581398,     77.0,     83.0,     79.0,    245.0, 12, 12, 12,  9,    2366551,    2366551,    2366551,    2366551
25,    2528394,     40.0,     39.0,     39.0,    119.0,  9, 12, 12,  9,    2374945,    2374945,    2374945,    2374945
25,    2581498,     53.0,     53.0,     52.0,    163.0, 12, 12, 12, 10,    2405161,    2405161,    2405161,    2405161
25,    2579119,     53.0,     53.0,     52.0,    156.0, 12, 10, 12, 10,    2405161,    2374953,    2374953,    2374953
26,    2580785,     39.0,     39.0,     42.0,    123.0, 12, 12, 12,  9,    2404993,    2404993,    2404993,    2404993
26,    1684778,     40.0,     39.0,     43.0,    122.0, 12, 12, 12,  9,    1755043,    1755043,    1755043,    1755043
26,    2580825,     37.0,     38.0,     39.0,    107.0,  4,  5,  6,  4,    2580825,    2580815,    2580815,    2580825
26,    2580852,     78.0,     78.0,     77.0,    236.0, 12, 12, 12, 11,    2400351,    2400351,    2405007,    2405007
26,    2571402,     70.0,     71.0,     73.0,    215.0, 12, 12, 12,  9,      78745,      78745,      78745,      78745
26,      43721,     35.0,     35.0,     36.0,    100.0,  4,  5,  6,  4,      43721,      43721,      43721,      43721
26,    2519352,     55.0,     55.0,     55.0,    163.0, 12, 10, 12, 10,    2366563,    2366563,    2366563,    2366563
26,    2519344,     56.0,     56.0,     56.0,    165.0, 12, 12, 12,  9,    2366557,    2366557,    2366557,    2366557
26,    2581210,     81.0,     81.0,     76.0,    239.0, 12, 12, 12,  9,    2405010,    2405094,    2405003,    2405094
26,    1238370,     55.0,     55.0,     55.0,    159.0, 12, 10, 11, 10,    2405161,    2374953,    2374953,    2374953
26,    1238396,     54.0,     54.0,     54.0,    158.0, 12, 10, 11, 10,    2405161,    2374953,    2374953,    2374953
26,    1238408,     54.0,     54.0,     53.0,    157.0,  9, 10, 12, 10,    2374953,    2374953,    2374953,    2374953
26,    2580005,     81.0,     82.0,     81.0,    244.0, 12, 12, 12,  9,    2366551,    2366565,    2366551,    2366565
26,    2580014,     80.0,     81.0,     80.0,    246.0, 12, 12, 12,  9,    2366551,    2405137,    2405137,    2404583
26,    2580025,     79.0,     81.0,     80.0,    246.0, 12, 12, 12,  9,    2366551,    2405137,    2366551,    2405137
26,    2519413,     57.0,     57.0,     57.0,    165.0,  9, 10, 11,  9,    2366602,    2366602,    2366602,    2366602
26,    2519645,     55.0,     55.0,     55.0,    164.0, 12, 12, 12, 10,    2366707,    2366707,    2366707,    2366707
26,    2580830,     82.0,     82.0,     77.0,    240.0,  9, 12, 12,  9,    2405005,    2405008,    2405003,    2405005
26,    2580839,     82.0,     82.0,     77.0,    240.0,  9, 10, 12,  9,    2405008,    2405008,    2405003,    2405008
26,    2580856,     80.0,     80.0,     75.0,    239.0, 12, 12, 12, 11,    2405010,    2405003,    2405003,    2405010
26,    2580866,     82.0,     79.0,     74.0,    239.0, 12, 12, 12, 11,    2405012,    2405003,    2405003,    2405012
26,    2580876,     82.0,     78.0,     73.0,    240.0, 12, 12, 12, 11,    2405003,    2405003,    2405003,    2405003
26,    2581398,     78.0,     82.0,     79.0,    246.0, 12, 12, 12,  9,    2366551,    2366551,    2366551,    2366551
26,    2528394,     40.0,     39.0,     39.0,    118.0,  9, 12, 12,  9,    2374945,    2374945,    2374945,    2374945
26,    2581498,     53.0,     53.0,     52.0,    161.0, 12, 12, 12, 10,    2405161,    2405161,    2405161,    2405161
26,    2579119,     53.0,     53.0,     53.0,    156.0, 12, 10, 11, 10,    2405161,    2374953,    2374953,    2374953
27,    2580785,     38.0,     39.0,     42.0,    122.0, 12, 12, 12,  9,    2404993,    2404993,    2404993,    2404993
27,    1684778,     39.0,     40.0,     43.0,    122.0, 12, 12, 12,  9,    2404993,    1755043,    1755043,    1755043
27,    2580825,     38.0,     38.0,     39.0,    108.0,  4,  5,  6,  4,      43721,      43721,      43721,    2580825
27,    2580852,     78.0,     77.0,     77.0,    236.0, 12, 12, 12, 10,    2400351,    2400351,    2405007,    2405007
27,    2571402,     70.0,     71.0,     72.0,    215.0, 12, 12, 12,  9,      78745,      78745,      78745,      78745
27,      43721,     35.0,     35.0,     36.0,    100.0,  4,  5,  6,  4,      43721,      43721,      43721,      43721
27,    2519352,     55.0,     55.0,     55.0,    163.0, 12, 12, 12, 10,    2366563,    2366563,    2366563,    2366563
27,    2519344,     56.0,     56.0,     55.0,    165.0, 12, 12, 12,  9,    2366557,    2366557,    2366557,    2366557
27,    2581210,     81.0,     81.0,     77.0,    239.0, 12, 12, 12, 11,    2405094,    2405010,    2405003,    2405094
27,    1238370,     55.0,     55.0,     55.0,    160.0, 12, 10, 11, 10,    2405161,    2374953,    2374953,    2374953
27,    1238396,     54.0,     54.0,     53.0,    158.0, 12, 10, 12, 10,    2374953,    2374953,    2405161,    2374953
27,    1238408,     54.0,     54.0,     53.0,    157.0,  9, 10, 12, 10,    2374953,    2374953,    2374953,    2374953
27,    2580005,     81.0,     82.0,     81.0,    243.0, 12, 12, 12, 10,    2366551,    2366565,    2366551,    2366565
27,    2580014,     80.0,     81.0,     81.0,    245.0, 12, 12, 12,  9,    2366551,    2405137,    2366551,    2404583
27,    2580025,     79.0,     81.0,     80.0,    245.0, 12, 12, 12,  9,    2366551,    2405137,    2366551,    2366551
27,    2519413,     57.0,     57.0,     57.0,    165.0,  9, 10, 11,  9,    2366602,    2366602,    2366602,    2366602
27,    2519645,     56.0,     55.0,     55.0,    164.0, 12, 12, 12, 10,    2366707,    2366707,    2366707,    2366707
27,    2580830,     82.0,     82.0,     78.0,    240.0,  9, 12, 12,  9,    2405005,    2405008,    2405003,    2405005
27,    2580839,     82.0,     82.0,     78.0,    240.0,  9, 10, 12,  9,    2405008,    2405008,    2405003,    2405008
27,    2580856,     80.0,     80.0,     76.0,    240.0, 12, 12, 12, 10,    2405010,    2405003,    2405003,    2405010
27,    2580866,     82.0,     80.0,     75.0,    240.0, 12, 12, 12, 11,    2405003,    2405003,    2405003,    2405012
27,    2580876,     81.0,     79.0,     74.0,    241.0, 12, 12, 12, 10,    2405003,    2405003,    2405003,    2405003
27,    2581398,     78.0,     82.0,     79.0,    244.0, 12, 12, 12,  9,    2366551,    2366551,    2366551,    2366551
27,    2528394,     40.0,     39.0,     39.0,    118.0,  9, 12, 12,  9,    2374945,    2374945,    2374945,    2374945
27,    2581498,     53.0,     53.0,     52.0,    160.0, 12, 12, 12, 10,    2405161,    2405161,    2405161,    2405161
27,    2579119,     53.0,     53.0,     52.0,    156.0,  9, 10, 12, 10,    2374953,    2374953,    2405161,    2374953
28,    2580785,     39.0,     40.0,     41.0,    123.0, 12, 12, 12,  9,    2404993,    2404993,    2404993,    2404993
28,    1684778,     39.0,     39.0,     42.0,    122.0, 12, 12, 12,  9,    2404993,    1755043,    2404993,    1755043
28,    2580825,     38.0,     38.0,     39.0,    108.0,  4,  5,  6,  4,      43721,      43721,      43721,    2580825
28,    2580852,     78.0,     78.0,     77.0,    236.0, 12, 12, 12, 10,    2400351,    2400351,    2405007,    2405007
28,    2571402,     71.0,     72.0,     72.0,    216.0, 12, 12, 12,  9,      78745,      78745,      78745,      78745
28,      43721,     35.0,     35.0,     36.0,    101.0,  4,  5,  6,  4,      43721,      43721,      43721,      43721
28,    2519352,     55.0,     55.0,     55.0,    163.0, 12, 12, 12, 10,    2366563,    2366563,    2366563,    2366563
28,    2519344,     57.0,     56.0,     55.0,    165.0,  9, 12, 12,  9,    2366557,    2366557,    2366557,    2366557
28,    2581210,     81.0,     81.0,     77.0,    239.0, 12, 12, 12,  9,    2405010,    2405010,    2405003,    2405094
28,    1238370,     56.0,     55.0,     54.0,    159.0,  9, 10, 12, 10,    2374953,    2374953,    2405161,    2374953
28,    1238396,     54.0,     54.0,     53.0,    158.0, 12, 10, 12, 10,    2405161,    2374953,    2405161,    2374953
28,    1238408,     54.0,     54.0,     53.0,    157.0,  9, 10, 12, 10,    2374953,    2374953,    2374953,    2374953
28,    2580005,     81.0,     81.0,     81.0,    243.0, 12, 12, 12, 10,    2366551,    2405137,    2405137,    2366565
28,    2580014,     80.0,     81.0,     81.0,    245.0, 12, 12, 12,  9,    2366551,    2404583,    2366551,    2404583
28,    2580025,     80.0,     80.0,     80.0,    245.0, 12, 12, 12, 10,    2366551,    2405137,    2405137,    2405137
28,    2519413,     57.0,     57.0,     57.0,    165.0,  9, 10, 11, 11,    2366602,    2366602,    2366602,    2366602
28,    2519645,     56.0,     55.0,     55.0,    164.0, 12, 12, 12, 10,    2366707,    2366707,    2366707,    2366707
28,    2580830,     82.0,     82.0,     79.0,    240.0,  9, 12, 12,  9,    2405005,    2405005,    2405003,    2405005
28,    2580839,     82.0,     82.0,     78.0,    240.0,  9, 10, 12,  9,    2405008,    2405008,    2405003,    2405008
28,    2580856,     80.0,     80.0,     76.0,    238.0, 12, 12, 12, 11,    2405010,    2405010,    2405003,    2405010
28,    2580866,     80.0,     80.0,     76.0,    239.0, 12, 12, 12, 11,    2405012,    2405003,    2405003,    2405012
28,    2580876,     80.0,     79.0,     75.0,    239.0, 12, 12, 12, 11,    2405003,    2405003,    2405003,    2405003
28,    2581398,     79.0,     81.0,     80.0,    245.0, 12, 12, 12,  9,    2366551,    2366551,    2366551,    2366551
28,    2528394,     40.0,     39.0,     39.0,    118.0,  9, 12, 12,  9,    2374945,    2374945,    2374945,    2374945
28,    2581498,     53.0,     53.0,     51.0,    160.0, 12, 12, 12, 10,    2405161,    2405161,    2405161,    2405161
28,    2579119,     53.0,     53.0,     52.0,    156.0,  9, 10, 12, 10,    2374953,    2374953,    2405161,    2374953
29,    2580785,     39.0,     39.0,     41.0,    123.0, 12, 12, 12,  9,    2404993,    2404993,    2404993,    2404993
29,    1684778,     40.0,     39.0,     42.0,    122.0, 12, 12, 12,  9,    1755043,    1755043,    2404993,    1755043
29,    2580825,     38.0,     38.0,     39.0,    109.0,  4,  5,  6,  4,      43721,      43721,    2580825,    2580825
29,    2580852,     79.0,     77.0,     78.0,    236.0, 12, 12, 12, 10,    2400351,    2400351,    2400351,    2405007
29,    2571402,     71.0,     71.0,     72.0,    217.0, 12, 12, 12,  9,      78745,      78745,      78745,      78745
29,      43721,     35.0,     35.0,     36.0,    101.0,  4,  5,  6,  4,      43721,      43721,      43721,      43721
29,    2519352,     55.0,     55.0,     55.0,    163.0, 12, 12, 12, 10,    2366563,    2366563,    2366563,    2366563
29,    2519344,     56.0,     56.0,     56.0,    165.0, 12, 12, 12,  9,    2366557,    2366557,    2366557,    2366557
29,    2581210,     81.0,     80.0,     76.0,    239.0, 12, 12, 12,  9,    2405094,    2405010,    2405003,    2405094
29,    1238370,     55.0,     55.0,     55.0,    159.0, 12, 10, 11, 10,    2405161,    2374953,    2374953,    2374953
29,    1238396,     54.0,     54.0,     53.0,    158.0,  9, 10, 12, 10,    2374953,    2374953,    2405161,    2374953
29,    1238408,     54.0,     54.0,     53.0,    157.0,  9, 10, 12, 10,    2374953,    2374953,    2374953,    2374953
29,    2580005,     80.0,     82.0,     82.0,    243.0, 12, 12, 12,  9,    2366551,    2366565,    2366551,    2366565
29,    2580014,     80.0,     81.0,     81.0,    245.0, 12, 12, 12,  9,    2366551,    2405137,    2404583,    2404583
29,    2580025,     79.0,     80.0,     81.0,    245.0, 12, 12, 12,  9,    2366551,    2405137,    2366551,    2366551
29,    2519413,     57.0,     57.0,     56.0,    166.0,  9, 10, 12,  9,    2366602,    2366602,    2366602,    2366602
29,    2519645,     56.0,     55.0,     55.0,    164.0,  9, 12, 12, 10,    2366707,    2366707,    2366707,    2366707
29,    2580830,     82.0,     81.0,     77.0,    239.0,  9, 12, 12,  9,    2405005,    2405010,    2405003,    2405005
29,    2580839,     82.0,     81.0,     77.0,    240.0,  9, 12, 12,  9,    2405008,    2405010,    2405003,    2405008
29,    2580856,     82.0,     79.0,     75.0,    239.0, 12, 12, 12, 11,    2405010,    2405010,    2405003,    2405010
29,    2580866,     83.0,     79.0,     74.0,    240.0, 12, 12, 12, 11,    2405003,    2405003,    2405003,    2405012
29,    2580876,     83.0,     78.0,     73.0,    241.0, 12, 12, 12, 10,    2405003,    2405003,    2405003,    2405003
29,    2581398,     78.0,     81.0,     80.0,    244.0, 12, 12, 12,  9,    2366551,    2366551,    2366551,    2366551
29,    2528394,     40.0,     39.0,     39.0,    118.0,  9, 12, 12,  9,    2374945,    2374945,    2374945,    2374945
29,    2581498,     53.0,     53.0,     52.0,    160.0, 12, 12, 12, 10,    2405161,    2405161,    2405161,    2405161
29,    2579119,     53.0,     53.0,     52.0,    156.0,  9, 10, 12, 10,    2374953,    2374953,    2405161,    2374953
30,    2580785,     41.0,     38.0,     41.0,    124.0, 12, 12, 12, 10,    2404993,    2404993,    2404993,    2404993
30,    1684778,     40.0,     38.0,     42.0,    122.0, 12, 12, 12,  9,    1755043,    2404993,    1755043,    1755043
30,    2580825,     39.0,     39.0,     41.0,    111.0,  4,  5,  6,  5,    2580825,      43721,      43721,    2580825
30,    2580852,     79.0,     76.0,     78.0,    238.0, 12, 12, 12,  9,    2405007,    2400351,    2400351,    2405007
30,    2571402,     72.0,     70.0,     72.0,    220.0, 12, 12, 12,  9,      78745,      78745,      78745,      78745
30,      43721,     36.0,     36.0,     38.0,    103.0,  4,  5,  6,  5,      43721,      43721,      43721,      43721
30,    2519352,     55.0,     55.0,     55.0,    163.0, 12, 12, 12, 10,    2366563,    2366563,    2366563,    2366563
30,    2519344,     57.0,     56.0,     55.0,    165.0,  9, 10, 12, 10,    2366557,    2366557,    2366557,    2366557
30,    2581210,     81.0,     81.0,     76.0,    239.0, 12, 12, 12,  9,    2405094,    2405010,    2405003,    2405094
30,    1238370,     55.0,     55.0,     55.0,    160.0, 12, 10, 11, 10,    2405161,    2374953,    2374953,    2374953
30,    1238396,     54.0,     54.0,     54.0,    158.0, 12, 10, 11, 10,    2374953,    2374953,    2374953,    2374953
30,    1238408,     54.0,     54.0,     53.0,    157.0,  9, 10, 12, 10,    2374953,    2374953,    2374953,    2374953
30,    2580005,     80.0,     83.0,     81.0,    244.0, 12, 12, 12,  9,    2366551,    2366565,    2366569,    2366565
30,    2580014,     80.0,     82.0,     80.0,    246.0, 12, 12, 12,  9,    2366551,    2404583,    2404583,    2404583
30,    2580025,     79.0,     81.0,     80.0,    246.0, 12, 12, 12,  9,    2366551,    2405137,    2366551,    2405137
30,    2519413,     57.0,     57.0,     57.0,    166.0,  9, 10, 11,  9,    2366602,    2366602,    2366602,    2366602
30,    2519645,     55.0,     56.0,     55.0,    165.0, 12, 10, 12, 10,    2366707,    2366707,    2366707,    2366707
30,    2580830,     82.0,     82.0,     77.0,    239.0,  9, 10, 12,  9,    2405005,    2405005,    2405003,    2405005
30,    2580839,     82.0,     82.0,     77.0,    239.0,  9, 10, 12,  9,    2405008,    2405008,    2405003,    2405008
30,    2580856,     81.0,     80.0,     75.0,    240.0, 12, 12, 12, 11,    2405010,    2405010,    2405003,    2405010
30,    2580866,     81.0,     80.0,     74.0,    240.0, 12, 12, 12, 11,    2405012,    2405003,    2405003,    2405012
30,    2580876,     81.0,     79.0,     73.0,    241.0, 12, 12, 12, 11,    2405003,    2405003,    2405003,    2405003
30,    2581398,     78.0,     82.0,     79.0,    245.0, 12, 12, 12,  9,    2366551,    2366551,    2366551,    2366551
30,    2528394,     40.0,     39.0,     39.0,    118.0,  9, 12, 12,  9,    2374945,    2374945,    2374945,    2374945
30,    2581498,     52.0,     53.0,     52.0,    160.0, 12, 12, 12, 10,    2405161,    2405161,    2405161,    2405161
30,    2579119,     53.0,     53.0,     53.0,    156.0, 12, 10, 11, 10,    2374953,    2374953,    2374953,    2374953
31,    2580785,     41.0,     39.0,     40.0,    125.0, 12, 12, 12, 10,    2404993,    2404993,    2404993,    2404993
31,    1684778,     40.0,     40.0,     40.0,    122.0, 12, 12, 12,  9,    1755043,    1755043,    2404993,    1755043
31,    2580825,     39.0,     38.0,     39.0,    109.0,  4,  5,  6,  5,      43721,    2580815,    2580825,    2580825
31,    2580852,     79.0,     77.0,     77.0,    237.0, 12, 12, 12, 11,    2405007,    2400351,    2400351,    2405007
31,    2571402,     72.0,     71.0,     70.0,    219.0, 12, 12, 12,  9,      78745,      78745,      78745,      78745
31,      43721,     36.0,     35.0,     37.0,    102.0,  4,  5,  6,  5,      43721,      43721,      43721,      43721
31,    2519352,     55.0,     55.0,     55.0,    163.0, 12, 12, 12, 10,    2366563,    2366563,    2366563,    2366563
31,    2519344,     56.0,     56.0,     56.0,    165.0, 12, 12, 12,  9,    2366557,    2366557,    2366557,    2366557
31,    2581210,     81.0,     81.0,     77.0,    240.0, 12, 12, 12, 11,    2405094,    2405010,    2405003,    2405094
31,    1238370,     55.0,     55.0,     55.0,    159.0, 12, 10, 11, 11,    2405161,    2374953,    2374953,    2374953
31,    1238396,     54.0,     54.0,     54.0,    158.0, 12, 10, 11, 10,    2374953,    2374953,    2374953,    2374953
31,    1238408,     54.0,     54.0,     53.0,    157.0,  9, 10, 12, 10,    2374953,    2374953,    2374953,    2374953
31,    2580005,     80.0,     82.0,     81.0,    244.0, 12, 12, 12,  9,    2366551,    2366565,    2405137,    2366565
31,    2580014,     80.0,     82.0,     81.0,    247.0, 12, 12, 12,  9,    2366551,    2404583,    2404583,    2404583
31,    2580025,     79.0,     81.0,     80.0,    247.0, 12, 12, 12,  9,    2366551,    2405137,    2405137,    2366551
31,    2519413,     57.0,     57.0,     56.0,    166.0,  9, 10, 12,  9,    2366602,    2366602,    2366602,    2366602
31,    2519645,     56.0,     55.0,     55.0,    164.0, 12, 12, 12, 10,    2366707,    2366707,    2366707,    2366707
31,    2580830,     82.0,     82.0,     78.0,    240.0,  9, 12, 12,  9,    2405005,    2405008,    2405003,    2405005
31,    2580839,     82.0,     81.0,     77.0,    240.0, 12, 12, 12, 10,    2405094,    2405008,    2405003,    2405008
31,    2580856,     80.0,     80.0,     75.0,    242.0, 12, 12, 12, 10,    2405010,    2405010,    2405003,    2405010
31,    2580866,     81.0,     81.0,     75.0,    243.0, 12, 12, 12, 11,    2405003,    2405003,    2405003,    2405012
31,    2580876,     80.0,     80.0,     74.0,    244.0, 12, 12, 12, 11,    2405003,    2405003,    2405003,    2405003
31,    2581398,     78.0,     81.0,     80.0,    246.0, 12, 12, 12,  9,    2366551,    2366551,    2366551,    2366551
31,    2528394,     40.0,     39.0,     39.0,    120.0,  9, 12, 12,  9,    2374945,    2374945,    2374945,    2374945
31,    2581498,     53.0,     53.0,     52.0,    159.0, 12, 12, 12, 10,    2405161,    2405161,    2405161,    2405161
31,    2579119,     53.0,     53.0,     53.0,    156.0,  9, 10, 11, 10,    2374953,    2374953,    2374953,    2374953
32,    2580785,     39.0,     40.0,     41.0,    128.0, 12, 12, 12,  9,    2404993,    2404993,    2404993,    2404993
32,    1684778,     38.0,     40.0,     41.0,    122.0, 12, 12, 12,  9,    1755043,    1755043,    2404993,    1755043
32,    2580825,     39.0,     40.0,     39.0,    113.0,  4,  5,  6,  4,    2580825,      43721,    2580825,    2580825
32,    2580852,     78.0,     78.0,     77.0,    237.0, 12, 12, 12,  9,    2400351,    2405007,    2400351,    2405007
32,    2571402,     71.0,     72.0,     71.0,    221.0, 12, 12, 12,  9,      78745,      78745,      78745,      78745
32,      43721,     37.0,     37.0,     37.0,    105.0,  4,  5,  6,  4,      43721,      43721,      43721,      43721
32,    2519352,     55.0,     55.0,     55.0,    164.0, 12, 12, 12,  9,    2366563,    2366563,    2366563,    2366563
32,    2519344,     56.0,     56.0,     56.0,    165.0, 12, 12, 12, 10,    2366557,    2366557,    2366557,    2366557
32,    2581210,     80.0,     83.0,     76.0,    240.0, 12, 12, 12, 11,    2405094,    2405003,    2405012,    2405094
32,    1238370,     55.0,     55.0,     54.0,    159.0, 12, 10, 12, 10,    2405161,    2374953,    2405161,    2374953
32,    1238396,     54.0,     54.0,     53.0,    158.0,  9, 10, 12,  9,    2374953,    2374953,    2405161,    2374953
32,    1238408,     54.0,     54.0,     52.0,    157.0,  9, 10, 12, 10,    2374953,    2374953,    2405161,    2374953
32,    2580005,     80.0,     82.0,     82.0,    244.0, 12, 12, 12,  9,    2366551,    2366565,    2404583,    2366565
32,    2580014,     79.0,     82.0,     81.0,    247.0, 12, 12, 12,  9,    2366551,    2366551,    2404583,    2404583
32,    2580025,     78.0,     81.0,     81.0,    247.0, 12, 12, 12,  9,    2366551,    2405137,    2405137,    2405137
32,    2519413,     55.0,     59.0,     55.0,    166.0, 12, 10, 12,  9,    2366602,    2366602,    2366602,    2366602
32,    2519645,     56.0,     55.0,     55.0,    164.0, 12, 12, 12, 10,    2366707,    2366707,    2366707,    2366707
32,    2580830,     81.0,     82.0,     78.0,    240.0, 12, 10, 12,  9,    2405094,    2405005,    2405012,    2405005
32,    2580839,     81.0,     81.0,     77.0,    240.0, 12, 12, 12, 10,    2405094,    2405008,    2405012,    2405008
32,    2580856,     80.0,     81.0,     75.0,    241.0, 12, 12, 12, 11,    2405003,    2405010,    2405012,    2405010
32,    2580866,     79.0,     81.0,     74.0,    242.0, 12, 12, 12, 11,    2405003,    2405003,    2405012,    2405012
32,    2580876,     78.0,     80.0,     75.0,    248.0, 12, 12, 12, 11,    2405003,    2405003,    2405003,    2405003
32,    2581398,     77.0,     81.0,     81.0,    247.0, 12, 12, 12,  9,    2366551,    2366551,    2366551,    2366551
32,    2528394,     40.0,     39.0,     38.0,    119.0,  9, 12, 12,  9,    2374945,    2374945,    2374945,    2374945
32,    2581498,     53.0,     53.0,     51.0,    160.0, 12, 12, 12, 11,    2405161,    2405161,    2405161,    2405161
32,    2579119,     53.0,     53.0,     52.0,    156.0,  9, 10, 12, 10,    2374953,    2374953,    2405161,    2374953
33,    2580785,     40.0,     39.0,     39.0,    132.0, 12, 12, 12, 10,    2404993,    2404993,    2404993,    2404993
33,    1684778,     40.0,     40.0,     40.0,    129.0, 12, 12, 12,  9,    1755043,    1755043,    2404993,    1755043
33,    2580825,     41.0,     39.0,     41.0,    117.0, 12, 12,  6,  5,    1755043,    2405000,    2580815,    2580825
33,    2580852,     78.0,     79.0,     75.0,    237.0, 12, 12, 12, 11,    2405007,    2405007,    2400351,    2405007
33,    2571402,     72.0,     72.0,     69.0,    225.0, 12, 12, 12, 11,      78745,      78745,      78745,      78745
33,      43721,     39.0,     38.0,     38.0,    109.0,  4,  5,  6,  5,      43721,      43721,      43721,      43721
33,    2519352,     54.0,     56.0,     56.0,    164.0, 12, 12, 11,  9,    2366563,    2366563,    2366563,    2366563
33,    2519344,     57.0,     56.0,     55.0,    166.0,  9, 12, 12, 10,    2366557,    2366557,    2366557,    2366557
33,    2581210,     81.0,     81.0,     76.0,    239.0, 12, 12, 12, 11,    2405003,    2405010,    2405012,    2405094
33,    1238370,     56.0,     55.0,     53.0,    159.0,  9, 10, 12, 11,    2374953,    2374953,    2405161,    2374953
33,    1238396,     54.0,     54.0,     52.0,    158.0,  9, 10, 12,  9,    2374953,    2374953,    2405161,    2374953
33,    1238408,     54.0,     54.0,     51.0,    157.0,  9, 10, 12, 10,    2374953,    2374953,    2405161,    2374953
33,    2580005,     80.0,     81.0,     82.0,    245.0, 12, 12, 12,  9,    2366551,    2366551,    2404583,    2366565
33,    2580014,     80.0,     80.0,     81.0,    251.0, 12, 12, 12,  9,    2366551,    2405137,    2404583,    2404583
33,    2580025,     79.0,     80.0,     81.0,    251.0, 12, 12, 12,  9,    2366551,    2366551,    2405137,    2405137
33,    2519413,     56.0,     57.0,     56.0,    167.0, 12, 12, 12,  9,    2366602,    2366602,    2366602,    2366602
33,    2519645,     55.0,     55.0,     55.0,    165.0, 12, 12, 12, 11,    2366707,    2366707,    2366707,    2366707
33,    2580830,     82.0,     82.0,     77.0,    239.0,  9, 10, 12,  9,    2405005,    2405005,    2405012,    2405005
33,    2580839,     82.0,     82.0,     77.0,    240.0, 12, 10, 12,  9,    2405003,    2405008,    2405012,    2405008
33,    2580856,     80.0,     80.0,     75.0,    241.0, 12, 12, 12, 11,    2405003,    2405010,    2405012,    2405010
33,    2580866,     79.0,     81.0,     74.0,    243.0, 12, 12, 12, 11,    2405003,    2405003,    2405012,    2405012
33,    2580876,     78.0,     80.0,     75.0,    250.0, 12, 12, 12, 11,    2405003,    2405003,    2405003,    2405003
33,    2581398,     78.0,     79.0,     82.0,    250.0, 12, 12, 12,  9,    2366551,    2366551,    2366551,    2366551
33,    2528394,     39.0,     39.0,     39.0,    119.0, 12, 12, 12,  9,    2374945,    2374945,    2374945,    2374945
33,    2581498,     54.0,     53.0,     50.0,    161.0, 12, 12, 12, 10,    2405161,    2405161,    2405161,    2405161
33,    2579119,     53.0,     53.0,     51.0,    156.0,  9, 10, 12, 10,    2374953,    2374953,    2405161,    2374953
34,    2580785,     39.0,     40.0,     40.0,    130.0, 12, 12, 12,  9,    2404993,    2404993,    2404993,    2404993
34,    1684778,     40.0,     39.0,     40.0,    126.0, 12, 12, 12,  9,    1755043,    1755043,    2404993,    1755043
34,    2580825,     41.0,     39.0,     41.0,    115.0,  4, 12,  6,  5,      43721,    2405000,    2580815,    2580825
34,    2580852,     79.0,     78.0,     76.0,    237.0, 12, 12, 12, 11,    2400351,    2405007,    2400351,    2405007
34,    2571402,     71.0,     73.0,     70.0,    224.0, 12, 12, 12,  9,      78745,      78745,      78745,      78745
34,      43721,     38.0,     37.0,     38.0,    107.0,  4,  5,  6,  5,      43721,      43721,      43721,      43721
34,    2519352,     54.0,     56.0,     55.0,    164.0, 12, 12, 12,  9,    2366563,    2366563,    2366563,    2366563
34,    2519344,     56.0,     56.0,     56.0,    165.0, 12, 12, 12, 10,    2366557,    2366557,    2366557,    2366557
34,    2581210,     79.0,     83.0,     76.0,    240.0, 12, 12, 12, 11,    2405003,    2405010,    2405012,    2405094
34,    1238370,     55.0,     55.0,     52.0,    159.0, 12, 10, 12, 10,    2374953,    2374953,    2405161,    2374953
34,    1238396,     54.0,     54.0,     51.0,    158.0,  9, 10, 12,  9,    2374953,    2374953,    2405161,    2374953
34,    1238408,     54.0,     54.0,     51.0,    157.0,  9, 10, 12, 10,    2374953,    2374953,    2405161,    2374953
34,    2580005,     77.0,     83.0,     83.0,    244.0, 12, 12, 12,  9,    2366551,    2366551,    2366565,    2366565
34,    2580014,     76.0,     82.0,     83.0,    248.0, 12, 12, 12,  9,    2366551,    2404583,    2405137,    2404583
34,    2580025,     76.0,     81.0,     83.0,    249.0, 12, 12, 12,  9,    2366551,    2405137,    2405137,    2405137
34,    2519413,     56.0,     57.0,     56.0,    167.0, 12, 12, 12, 11,    2366602,    2366602,    2366602,    2366602
34,    2519645,     56.0,     55.0,     54.0,    165.0, 12, 12, 12, 10,    2366707,    2366707,    2366707,    2366707
34,    2580830,     81.0,     82.0,     77.0,    240.0, 12, 10, 12,  9,    2405003,    2405005,    2405012,    2405005
34,    2580839,     80.0,     82.0,     77.0,    239.0, 12, 10, 12, 10,    2405003,    2405008,    2405012,    2405008
34,    2580856,     78.0,     82.0,     75.0,    241.0, 12, 12, 12, 11,    2405003,    2405010,    2405012,    2405010
34,    2580866,     77.0,     83.0,     74.0,    243.0, 12, 12, 12, 11,    2405003,    2405003,    2405012,    2405012
34,    2580876,     77.0,     83.0,     74.0,    250.0, 12, 12, 12, 11,    2405003,    2405003,    2405003,    2405003
34,    2581398,     75.0,     81.0,     83.0,    249.0, 12, 12, 12,  9,    2366551,    2366551,    2366551,    2366551
34,    2528394,     38.0,     39.0,     40.0,    119.0, 12, 12, 12,  9,    2374945,    2374945,    2374945,    2374945
34,    2581498,     54.0,     53.0,     50.0,    165.0, 12, 12, 12, 11,    2405161,    2405161,    2405161,    2405161
34,    2579119,     53.0,     53.0,     50.0,    156.0,  9, 10, 12, 10,    2374953,    2374953,    2405161,    2374953
35,    2580785,     38.0,     41.0,     39.0,    132.0, 12, 12, 12,  9,    2404993,    2404993,    2404993,    2404993
35,    1684778,     39.0,     39.0,     40.0,    128.0, 12, 12, 12,  9,    2404993,    1755043,    2404993,    1755043
35,    2580825,     40.0,     38.0,     41.0,    118.0, 12, 12,  6,  6,    2404993,    2405000,    2580825,    2580825
35,    2580852,     79.0,     77.0,     75.0,    237.0, 12, 12, 12, 11,    2400351,    2405007,    2400351,    2405007
35,    2571402,     70.0,     74.0,     69.0,    225.0, 12, 12, 12,  9,      78745,      78745,      78745,      78745
35,      43721,     39.0,     38.0,     38.0,    110.0,  4, 12,  6,  6,      43721,      78739,      43721,      43721
35,    2519352,     55.0,     55.0,     56.0,    164.0, 12, 12, 12,  9,    2366563,    2366563,    2366563,    2366563
35,    2519344,     55.0,     57.0,     56.0,    166.0, 12, 12, 12,  9,    2366557,    2366557,    2366557,    2366557
35,    2581210,     81.0,     82.0,     76.0,    239.0, 12, 12, 12, 11,    2405003,    2405094,    2405012,    2405094
35,    1238370,     55.0,     55.0,     55.0,    159.0, 12, 10, 11, 10,    2405161,    2374953,    2374953,    2374953
35,    1238396,     54.0,     53.0,     53.0,    157.0, 12, 12, 12, 10,    2405161,    2405161,    2374953,    2374953
35,    1238408,     54.0,     53.0,     53.0,    157.0,  9, 12, 12, 10,    2374953,    2405161,    2374953,    2374953
35,    2580005,     77.0,     83.0,     82.0,    246.0, 12, 12, 12,  9,    2366551,    2366565,    2366565,    2366565
35,    2580014,     77.0,     84.0,     81.0,    249.0, 12, 12, 12,  9,    2366551,    2366551,    2404583,    2404583
35,    2580025,     76.0,     83.0,     81.0,    249.0, 12, 12, 12,  9,    2366551,    2405137,    2405137,    2405137
35,    2519413,     57.0,     57.0,     56.0,    166.0, 12, 12, 12, 11,    2366602,    2366602,    2366602,    2366602
35,    2519645,     56.0,     55.0,     55.0,    165.0, 12, 12, 12, 10,    2366707,    2366707,    2366707,    2366707
35,    2580830,     82.0,     82.0,     77.0,    239.0, 12, 12, 12,  9,    2405003,    2405005,    2405012,    2405005
35,    2580839,     82.0,     82.0,     77.0,    240.0, 12, 10, 12, 10,    2405003,    2405008,    2405012,    2405008
35,    2580856,     79.0,     81.0,     75.0,    240.0, 12, 12, 12, 11,    2405003,    2405010,    2405012,    2405010
35,    2580866,     79.0,     82.0,     74.0,    242.0, 12, 12, 12, 11,    2405003,    2405003,    2405012,    2405012
35,    2580876,     78.0,     81.0,     75.0,    249.0, 12, 12, 12, 11,    2405003,    2405003,    2405003,    2405003
35,    2581398,     75.0,     83.0,     81.0,    249.0, 12, 12, 12,  9,    2366551,    2366551,    2366551,    2366551
35,    2528394,     39.0,     40.0,     39.0,    120.0, 12, 12, 12,  9,    2374945,    2374945,    2374945,    2374945
35,    2581498,     53.0,     52.0,     52.0,    171.0, 12, 12, 12, 10,    2405161,    2405161,    2405161,    2405161
35,    2579119,     53.0,     52.0,     52.0,    156.0,  9, 12, 12, 10,    2374953,    2405161,    2374953,    2374953
36,    2580785,     38.0,     40.0,     41.0,    126.0, 12, 12, 12,  9,    2404993,    2404993,    2404993,    2404993
36,    1684778,     38.0,     39.0,     42.0,    123.0, 12, 12, 12,  9,    1755043,    1755043,    2404993,    1755043
36,    2580825,     39.0,     39.0,     41.0,    113.0,  4, 12,  6,  4,    2580825,    2405000,      43721,    2580825
36,    2580852,     78.0,     78.0,     77.0,    237.0, 12, 12, 12, 11,    2400351,    2405007,    2400351,    2405007
36,    2571402,     69.0,     73.0,     71.0,    220.0, 12, 12, 12,  9,      78745,      78745,      78745,      78745
36,      43721,     36.0,     37.0,     38.0,    105.0,  4,  5,  6,  4,      43721,      43721,      43721,      43721
36,    2519352,     55.0,     55.0,     55.0,    164.0, 12, 12, 12,  9,    2366563,    2366563,    2366563,    2366563
36,    2519344,     56.0,     56.0,     56.0,    166.0, 12, 12, 12,  9,    2366557,    2366557,    2366557,    2366557
36,    2581210,     82.0,     80.0,     78.0,    239.0, 12, 12, 12, 11,    2405094,    2405010,    2405012,    2405094
36,    1238370,     55.0,     55.0,     55.0,    159.0, 12, 10, 11, 10,    2405161,    2374953,    2374953,    2374953
36,    1238396,     54.0,     54.0,     53.0,    157.0, 12, 10, 12, 10,    2405161,    2374953,    2374953,    2374953
36,    1238408,     54.0,     54.0,     53.0,    157.0,  9, 10, 12, 10,    2374953,    2374953,    2374953,    2374953
36,    2580005,     77.0,     82.0,     82.0,    246.0, 12, 12, 12,  9,    2366551,    2405137,    2366565,    2366565
36,    2580014,     76.0,     81.0,     82.0,    249.0, 12, 12, 12,  9,    2366551,    2405137,    2404583,    2404583
36,    2580025,     76.0,     81.0,     83.0,    249.0, 12, 12, 12,  9,    2366551,    2405137,    2405137,    2405137
36,    2519413,     56.0,     58.0,     56.0,    166.0, 12, 10, 12, 11,    2366602,    2366602,    2366602,    2366602
36,    2519645,     55.0,     56.0,     55.0,    165.0, 12, 12, 12, 11,    2366707,    2366707,    2366707,    2366707
36,    2580830,     82.0,     82.0,     79.0,    239.0,  9, 12, 12,  9,    2405005,    2405008,    2405012,    2405005
36,    2580839,     83.0,     81.0,     79.0,    240.0, 12, 12, 12, 10,    2405008,    2405008,    2405012,    2405008
36,    2580856,     81.0,     79.0,     77.0,    242.0, 12, 12, 12, 10,    2405003,    2405010,    2405003,    2405010
36,    2580866,     81.0,     79.0,     76.0,    243.0, 12, 12, 12, 11,    2405003,    2405003,    2405012,    2405012
36,    2580876,     80.0,     78.0,     76.0,    247.0, 12, 12, 12, 10,    2405003,    2405003,    2405003,    2405003
36,    2581398,     75.0,     81.0,     83.0,    249.0, 12, 12, 12,  9,    2366551,    2366551,    2366551,    2366551
36,    2528394,     39.0,     39.0,     39.0,    120.0, 12, 12, 12,  9,    2374945,    2374945,    2374945,    2374945
36,    2581498,     52.0,     52.0,     52.0,    167.0, 12, 12, 12, 10,    2405161,    2405161,    2405161,    2405161
36,    2579119,     53.0,     53.0,     52.0,    156.0,  9, 10, 12, 10,    2374953,    2374953,    2374953,    2374953
37,    2580785,     39.0,     39.0,     41.0,    129.0, 12, 12, 12, 10,    2404993,    2404993,    2404993,    2404993
37,    1684778,     39.0,     38.0,     42.0,    125.0, 12, 12, 12,  9,    1755043,    1755043,    2404993,    1755043
37,    2580825,     40.0,     38.0,     41.0,    116.0, 12, 12,  6,  5,    1755043,    2405000,    2580825,    2580825
37,    2580852,     80.0,     77.0,     76.0,    237.0, 12, 12, 12, 10,    2400351,    2405007,    2400351,    2405007
37,    2571402,     70.0,     73.0,     70.0,    225.0, 12, 12, 12,  9,      78745,      78745,      78745,      78745
37,      43721,     38.0,     38.0,     39.0,    108.0,  4,  5,  6,  5,      43721,      43721,      43721,      43721
37,    2519352,     55.0,     55.0,     55.0,    163.0, 12, 12, 12,  9,    2366563,    2366563,    2366563,    2366563
37,    2519344,     56.0,     56.0,     56.0,    166.0, 12, 12, 12,  9,    2366557,    2366557,    2366557,    2366557
37,    2581210,     81.0,     82.0,     77.0,    240.0, 12, 12, 12, 11,    2405010,    2405003,    2405003,    2405094
37,    1238370,     56.0,     55.0,     52.0,    159.0,  9, 10, 12, 10,    2374953,    2374953,    2405161,    2374953
37,    1238396,     55.0,     54.0,     51.0,    157.0,  9, 10, 12, 10,    2374953,    2374953,    2405161,    2374953
37,    1238408,     54.0,     54.0,     51.0,    157.0,  9, 10, 12, 10,    2374953,    2374953,    2405161,    2374953
37,    2580005,     77.0,     83.0,     82.0,    244.0, 12, 12, 12,  9,    2366551,    2366565,    2366565,    2366565
37,    2580014,     76.0,     83.0,     81.0,    249.0, 12, 12, 12,  9,    2366551,    2404583,    2404583,    2404583
37,    2580025,     76.0,     82.0,     82.0,    248.0, 12, 12, 12,  9,    2366551,    2405137,    2366551,    2405137
37,    2519413,     57.0,     57.0,     56.0,    166.0,  9, 12, 12,  9,    2366602,    2366602,    2366602,    2366602
37,    2519645,     56.0,     55.0,     55.0,    165.0, 12, 12, 12, 10,    2366707,    2366707,    2366707,    2366707
37,    2580830,     82.0,     82.0,     78.0,    239.0,  9, 12, 12,  9,    2405005,    2405008,    2405003,    2405005
37,    2580839,     82.0,     81.0,     78.0,    240.0, 12, 12, 12, 10,    2405010,    2405008,    2405003,    2405008
37,    2580856,     80.0,     81.0,     76.0,    240.0, 12, 12, 12, 11,    2405010,    2405003,    2405003,    2405010
37,    2580866,     81.0,     80.0,     75.0,    241.0, 12, 12, 12, 11,    2405003,    2405003,    2405003,    2405012
37,    2580876,     80.0,     79.0,     74.0,    247.0, 12, 12, 12, 11,    2405003,    2405003,    2405003,    2405003
37,    2581398,     75.0,     82.0,     81.0,    248.0, 12, 12, 12,  9,    2366551,    2366551,    2366551,    2366551
37,    2528394,     39.0,     39.0,     39.0,    121.0, 12, 12, 12,  9,    2374945,    2374945,    2374945,    2374945
37,    2581498,     53.0,     54.0,     50.0,    170.0, 12, 12, 12, 11,    2405161,    2405161,    2405161,    2405161
37,    2579119,     54.0,     53.0,     50.0,    156.0,  9, 10, 12, 10,    2374953,    2374953,    2405161,    2374953
38,    2580785,     37.0,     39.0,     42.0,    126.0, 12, 12, 12,  9,    2404993,    2404993,    2404993,    2404993
38,    1684778,     38.0,     39.0,     43.0,    124.0, 12, 12, 12,  9,    2404993,    1755043,    2404993,    1755043
38,    2580825,     39.0,     39.0,     41.0,    112.0,  4, 12,  6,  4,    2580825,    2405000,    2580815,    2580825
38,    2580852,     77.0,     78.0,     77.0,    236.0, 12, 12, 12, 11,    2400351,    2405007,    2405007,    2405007
38,    2571402,     69.0,     72.0,     73.0,    220.0, 12, 12, 12,  9,      78745,      78745,      78745,      78745
38,      43721,     36.0,     37.0,     38.0,    104.0,  4,  5,  6,  4,      43721,      43721,      43721,      43721
38,    2519352,     54.0,     56.0,     55.0,    164.0, 12, 10, 12,  9,    2366563,    2366563,    2366563,    2366563
38,    2519344,     55.0,     57.0,     56.0,    165.0, 12, 12, 12,  9,    2366557,    2366557,    2366557,    2366557
38,    2581210,     80.0,     82.0,     77.0,    239.0, 12, 12, 12, 11,    2405010,    2405010,    2405003,    2405094
38,    1238370,     54.0,     55.0,     55.0,    159.0, 12, 10, 11, 10,    2405161,    2374953,    2374953,    2374953
38,    1238396,     53.0,     54.0,     54.0,    157.0, 12, 10, 11, 10,    2405161,    2374953,    2374953,    2374953
38,    1238408,     53.0,     54.0,     53.0,    157.0, 12, 10, 12, 10,    2405161,    2374953,    2374953,    2374953
38,    2580005,     78.0,     84.0,     82.0,    243.0, 12, 12, 12,  9,    2366551,    2366565,    2366565,    2366565
38,    2580014,     78.0,     83.0,     81.0,    249.0, 12, 12, 12,  9,    2366551,    2404583,    2404583,    2404583
38,    2580025,     77.0,     82.0,     81.0,    249.0, 12, 12, 12,  9,    2366551,    2405137,    2366551,    2405137
38,    2519413,     58.0,     56.0,     56.0,    166.0,  9, 12, 12, 10,    2366602,    2366602,    2366602,    2366602
38,    2519645,     56.0,     55.0,     54.0,    165.0, 12, 12, 12, 11,    2366707,    2366707,    2366707,    2366707
38,    2580830,     82.0,     82.0,     78.0,    240.0,  9, 12, 12,  9,    2405005,    2405008,    2405003,    2405005
38,    2580839,     81.0,     82.0,     78.0,    240.0, 12, 10, 12, 10,    2405010,    2405008,    2405003,    2405008
38,    2580856,     79.0,     81.0,     76.0,    240.0, 12, 12, 12, 11,    2405010,    2405010,    2405003,    2405010
38,    2580866,     80.0,     81.0,     75.0,    243.0, 12, 12, 12, 11,    2405003,    2405003,    2405003,    2405012
38,    2580876,     79.0,     80.0,     74.0,    245.0, 12, 12, 12, 11,    2405003,    2405003,    2405003,    2405003
38,    2581398,     76.0,     82.0,     80.0,    248.0, 12, 12, 12,  9,    2366551,    2366551,    2366551,    2366551
38,    2528394,     39.0,     39.0,     39.0,    121.0, 12, 12, 12,  9,    2374945,    2374945,    2374945,    2374945
38,    2581498,     52.0,     53.0,     52.0,    168.0, 12, 12, 12,  9,    2405161,    2405161,    2405161,    2405161
38,    2579119,     52.0,     53.0,     53.0,    156.0, 12, 10, 11, 10,    2405161,    2374953,    2374953,    2374953
39,    2580785,     38.0,     40.0,     41.0,    125.0, 12, 12, 12,  9,    2404993,    2404993,    2404993,    2404993
39,    1684778,     39.0,     40.0,     42.0,    124.0, 12, 12, 12,  9,    1755043,    1755043,    2404993,    1755043
39,    2580825,     38.0,     39.0,     40.0,    110.0,  4, 12,  6,  4,    2580825,    2405000,    2580815,    2580825
39,    2580852,     78.0,     77.0,     77.0,    237.0, 12, 12, 12, 10,    2400351,    2405007,    2405007,    2405007
39,    2571402,     69.0,     72.0,     72.0,    218.0, 12, 12, 12,  9,      78745,      78745,      78745,      78745
39,      43721,     36.0,     37.0,     37.0,    103.0,  4,  5,  6,  4,      43721,      43721,      43721,      43721
39,    2519352,     55.0,     56.0,     55.0,    164.0, 12, 10, 12,  9,    2366563,    2366563,    2366563,    2366563
39,    2519344,     57.0,     55.0,     56.0,    166.0,  9, 12, 12, 10,    2366557,    2366557,    2366557,    2366557
39,    2581210,     80.0,     82.0,     78.0,    239.0, 12, 12, 12, 11,    2405010,    2405010,    2405003,    2405094
39,    1238370,     56.0,     55.0,     54.0,    159.0,  9, 10, 12, 10,    2374953,    2374953,    2405161,    2374953
39,    1238396,     54.0,     54.0,     53.0,    158.0, 12, 10, 12, 10,    2374953,    2374953,    2405161,    2374953
39,    1238408,     54.0,     54.0,     53.0,    157.0,  9, 10, 12, 10,    2374953,    2374953,    2374953,    2374953
39,    2580005,     80.0,     83.0,     81.0,    246.0, 12, 12, 12,  9,    2366551,    2366565,    2405137,    2366565
39,    2580014,     80.0,     82.0,     81.0,    250.0, 12, 12, 12,  9,    2366551,    2404583,    2366551,    2404583
39,    2580025,     79.0,     81.0,     80.0,    250.0, 12, 12, 12,  9,    2366551,    2405137,    2405137,    2405137
39,    2519413,     57.0,     57.0,     56.0,    166.0,  9, 10, 12, 11,    2366602,    2366602,    2366602,    2366602
39,    2519645,     56.0,     55.0,     55.0,    165.0, 12, 12, 12, 10,    2366707,    2366707,    2366707,    2366707
39,    2580830,     81.0,     82.0,     79.0,    240.0, 12, 12, 12,  9,    2405010,    2405008,    2405003,    2405005
39,    2580839,     81.0,     82.0,     79.0,    240.0, 12, 10, 12,  9,    2405010,    2405008,    2405003,    2405008
39,    2580856,     79.0,     80.0,     77.0,    240.0, 12, 12, 12,  9,    2405010,    2405010,    2405003,    2405010
39,    2580866,     80.0,     80.0,     76.0,    243.0, 12, 12, 12, 11,    2405003,    2405012,    2405003,    2405012
39,    2580876,     79.0,     80.0,     75.0,    245.0, 12, 12, 12, 11,    2405003,    2405003,    2405003,    2405003
39,    2581398,     78.0,     81.0,     80.0,    249.0, 12, 12, 12,  9,    2366551,    2366551,    2366551,    2366551
39,    2528394,     39.0,     39.0,     40.0,    119.0, 12, 12, 12,  9,    2374945,    2374945,    2374945,    2374945
39,    2581498,     53.0,     53.0,     51.0,    167.0, 12, 12, 12, 10,    2405161,    2405161,    2405161,    2405161
39,    2579119,     53.0,     53.0,     52.0,    156.0,  9, 10, 12, 10,    2374953,    2374953,    2405161,    2374953
40,    2580785,     38.0,     39.0,     42.0,    125.0, 12, 12, 12,  9,    2404993,    2404993,    2404993,    2404993
40,    1684778,     39.0,     39.0,     43.0,    123.0, 12, 12, 12,  9,    2404993,    1755043,    1755043,    1755043
40,    2580825,     38.0,     39.0,     40.0,    110.0,  4,  5,  6,  4,    2580825,      43721,      43721,    2580825
40,    2580852,     78.0,     77.0,     78.0,    237.0, 12, 12, 12, 10,    2400351,    2400351,    2405007,    2405007
40,    2571402,     70.0,     71.0,     73.0,    217.0, 12, 12, 12,  9,      78745,      78745,      78745,      78745
40,      43721,     36.0,     36.0,     37.0,    102.0,  4,  5,  6,  4,      43721,      43721,      43721,      43721
40,    2519352,     54.0,     56.0,     54.0,    164.0, 12, 12, 12,  9,    2366563,    2366563,    2366563,    2366563
40,    2519344,     56.0,     56.0,     55.0,    166.0, 12, 12, 12,  9,    2366557,    2366557,    2366557,    2366557
40,    2581210,     80.0,     82.0,     77.0,    239.0, 12, 10, 12, 11,    2405010,    2405094,    2405003,    2405094
40,    1238370,     55.0,     55.0,     55.0,    159.0, 12, 10, 11, 10,    2405161,    2374953,    2374953,    2374953
40,    1238396,     54.0,     54.0,     53.0,    158.0, 12, 10, 12, 10,    2405161,    2374953,    2405161,    2374953
40,    1238408,     54.0,     54.0,     53.0,    157.0,  9, 10, 12, 10,    2374953,    2374953,    2374953,    2374953
40,    2580005,     79.0,     83.0,     80.0,    246.0, 12, 12, 12,  9,    2366551,    2366569,    2405137,    2366565
40,    2580014,     78.0,     83.0,     79.0,    249.0, 12, 12, 12,  9,    2366551,    2404583,    2405137,    2404583
40,    2580025,     78.0,     83.0,     79.0,    249.0, 12, 12, 12,  9,    2366551,    2405137,    2366551,    2405137
40,    2519413,     57.0,     56.0,     57.0,    166.0,  9, 12, 12, 10,    2366602,    2366602,    2366602,    2366602
40,    2519645,     55.0,     56.0,     55.0,    165.0, 12, 12, 12, 11,    2366707,    2366707,    2366707,    2366707
40,    2580830,     82.0,     82.0,     78.0,    240.0,  9, 12, 12,  9,    2405005,    2405008,    2405003,    2405005
40,    2580839,     81.0,     82.0,     78.0,    240.0, 12, 10, 12,  9,    2405010,    2405008,    2405003,    2405008
40,    2580856,     79.0,     81.0,     76.0,    240.0, 12, 12, 12, 11,    2405010,    2405010,    2405003,    2405010
40,    2580866,     80.0,     81.0,     75.0,    242.0, 12, 12, 12, 11,    2405003,    2405003,    2405003,    2405012
40,    2580876,     79.0,     80.0,     74.0,    244.0, 12, 12, 12, 11,    2405003,    2405003,    2405003,    2405003
40,    2581398,     77.0,     84.0,     78.0,    248.0, 12, 12, 12,  9,    2366551,    2366551,    2366551,    2366551
40,    2528394,     40.0,     39.0,     39.0,    120.0,  9, 12, 12,  9,    2374945,    2374945,    2374945,    2374945
40,    2581498,     52.0,     53.0,     52.0,    162.0, 12, 12, 12, 10,    2405161,    2405161,    2405161,    2405161
40,    2579119,     53.0,     53.0,     52.0,    156.0,  9, 10, 12, 10,    2374953,    2374953,    2405161,    2374953
41,    2580785,     38.0,     39.0,     42.0,    124.0, 12, 12, 12,  9,    2404993,    2404993,    2404993,    2404993
41,    1684778,     39.0,     39.0,     43.0,    123.0, 12, 12, 12,  9,    1755043,    1755043,    1755043,    1755043
41,    2580825,     39.0,     39.0,     40.0,    110.0,  4,  5,  6,  4,      43721,    2580825,    2580815,    2580825
41,    2580852,     77.0,     78.0,     77.0,    237.0, 12, 12, 12, 11,    2400351,    2405007,    2405007,    2405007
41,    2571402,     69.0,     72.0,     72.0,    217.0, 12, 12, 12,  9,      78745,      78745,      78745,      78745
41,      43721,     36.0,     36.0,     37.0,    103.0,  4,  5,  6,  4,      43721,      43721,      43721,      43721
41,    2519352,     54.0,     57.0,     54.0,    164.0, 12, 10, 12, 11,    2366563,    2366563,    2366563,    2366563
41,    2519344,     56.0,     56.0,     55.0,    166.0, 12, 12, 12,  9,    2366557,    2366557,    2366557,    2366557
41,    2581210,     80.0,     82.0,     77.0,    240.0, 12, 12, 12, 11,    2405010,    2405010,    2405003,    2405094
41,    1238370,     55.0,     55.0,     54.0,    159.0, 12, 10, 12, 10,    2405161,    2374953,    2405161,    2374953
41,    1238396,     54.0,     54.0,     53.0,    158.0, 12, 10, 12, 10,    2405161,    2374953,    2405161,    2374953
41,    1238408,     54.0,     54.0,     53.0,    157.0,  9, 10, 12, 10,    2374953,    2374953,    2374953,    2374953
41,    2580005,     81.0,     83.0,     80.0,    246.0, 12, 12, 12, 11,    2366551,    2366569,    2366569,    2366565
41,    2580014,     80.0,     82.0,     79.0,    252.0, 12, 12, 12,  9,    2366551,    2405137,    2404583,    2404583
41,    2580025,     79.0,     82.0,     79.0,    252.0, 12, 12, 12,  9,    2366551,    2405137,    2366551,    2405137
41,    2519413,     56.0,     57.0,     57.0,    167.0, 12, 12, 12,  9,    2366602,    2366602,    2366602,    2366602
41,    2519645,     55.0,     55.0,     55.0,    166.0, 12, 12, 12,  9,    2366707,    2366707,    2366707,    2366707
41,    2580830,     82.0,     82.0,     78.0,    240.0,  9, 12, 12,  9,    2405005,    2405008,    2405003,    2405005
41,    2580839,     81.0,     82.0,     78.0,    240.0, 12, 10, 12,  9,    2405010,    2405008,    2405003,    2405008
41,    2580856,     79.0,     81.0,     76.0,    243.0, 12, 12, 12,  9,    2405010,    2405003,    2405003,    2405010
41,    2580866,     81.0,     81.0,     75.0,    244.0, 12, 12, 12, 11,    2405003,    2405003,    2405003,    2405012
41,    2580876,     80.0,     80.0,     74.0,    247.0, 12, 12, 12, 11,    2405003,    2405003,    2405003,    2405003
41,    2581398,     78.0,     82.0,     78.0,    252.0, 12, 12, 12,  9,    2366551,    2366551,    2366551,    2366551
41,    2528394,     40.0,     39.0,     39.0,    120.0, 12, 12, 12,  9,    2374945,    2374945,    2374945,    2374945
41,    2581498,     52.0,     53.0,     52.0,    163.0, 12, 12, 12, 11,    2405161,    2405161,    2405161,    2405161
41,    2579119,     53.0,     53.0,     52.0,    156.0, 12, 10, 12, 10,    2374953,    2374953,    2405161,    2374953
42,    2580785,     39.0,     38.0,     43.0,    127.0, 12, 12, 12,  9,    2404993,    2404993,    2404993,    2404993
42,    1684778,     39.0,     37.0,     43.0,    125.0, 12, 12, 12,  9,    2404993,    1755043,    2404993,    1755043
42,    2580825,     39.0,     38.0,     42.0,    112.0,  4, 12,  6,  4,    2580815,    1755043,      43721,    2580825
42,    2580852,     79.0,     76.0,     76.0,    237.0, 12, 12, 12, 11,    2400351,    2400351,    2405007,    2405007
42,    2571402,     70.0,     70.0,     73.0,    219.0, 12, 12, 12,  9,      78745,      78745,      78745,      78745
42,      43721,     36.0,     37.0,     39.0,    104.0,  4,  5,  6,  4,      43721,      43721,      43721,      43721
42,    2519352,     55.0,     56.0,     55.0,    165.0, 12, 10, 12,  9,    2366563,    2366563,    2366563,    2366563
42,    2519344,     57.0,     56.0,     55.0,    166.0,  9, 12, 12, 11,    2366557,    2366557,    2366557,    2366557
42,    2581210,     79.0,     82.0,     78.0,    239.0, 12, 12, 12, 11,    2405010,    2405003,    2405003,    2405094
42,    1238370,     56.0,     55.0,     54.0,    159.0,  9, 10, 12, 10,    2374953,    2374953,    2405161,    2374953
42,    1238396,     55.0,     54.0,     53.0,    158.0,  9, 10, 12, 10,    2374953,    2374953,    2374953,    2374953
42,    1238408,     54.0,     54.0,     52.0,    157.0,  9, 10, 12, 10,    2374953,    2374953,    2405161,    2374953
42,    2580005,     81.0,     82.0,     81.0,    247.0, 12, 12, 12,  9,    2366551,    2405137,    2366565,    2366565
42,    2580014,     80.0,     82.0,     80.0,    251.0, 12, 12, 12,  9,    2366551,    2404583,    2404583,    2404583
42,    2580025,     79.0,     81.0,     80.0,    250.0, 12, 12, 12,  9,    2366551,    2405137,    2366551,    2405137
42,    2519413,     56.0,     58.0,     56.0,    166.0, 12, 10, 12,  9,    2366602,    2366602,    2366602,    2366602
42,    2519645,     55.0,     55.0,     55.0,    165.0, 12, 12, 12, 10,    2366707,    2366707,    2366707,    2366707
42,    2580830,     81.0,     83.0,     80.0,    240.0, 12, 10, 12,  9,    2405010,    2405005,    2405003,    2405005
42,    2580839,     80.0,     82.0,     79.0,    240.0, 12, 10, 12,  9,    2405010,    2405008,    2405003,    2405008
42,    2580856,     78.0,     81.0,     77.0,    241.0, 12, 12, 12,  9,    2405010,    2405003,    2405003,    2405010
42,    2580866,     79.0,     80.0,     76.0,    245.0, 12, 12, 12, 11,    2405012,    2405003,    2405003,    2405012
42,    2580876,     79.0,     79.0,     76.0,    247.0, 12, 12, 12, 11,    2405003,    2405003,    2405003,    2405003
42,    2581398,     78.0,     81.0,     79.0,    250.0, 12, 12, 12,  9,    2366551,    2366551,    2366551,    2366551
42,    2528394,     40.0,     39.0,     39.0,    120.0, 12, 12, 12,  9,    2374945,    2374945,    2374945,    2374945
42,    2581498,     53.0,     53.0,     51.0,    164.0, 12, 12, 12, 11,    2405161,    2405161,    2405161,    2405161
42,    2579119,     54.0,     53.0,     52.0,    156.0,  9, 10, 12, 10,    2374953,    2374953,    2374953,    2374953
43,    2580785,     41.0,     37.0,     41.0,    130.0, 12, 12, 12, 10,    2404993,    2404993,    2404993,    2404993
43,    1684778,     40.0,     37.0,     42.0,    126.0, 12, 12, 12,  9,    1755043,    1755043,    2404993,    1755043
43,    2580825,     41.0,     38.0,     42.0,    116.0,  4, 12, 11,  5,      43721,    1755043,    2405002,    2580825
43,    2580852,     81.0,     75.0,     76.0,    238.0, 12, 12, 12, 11,    2405007,    2400351,    2405007,    2405007
43,    2571402,     72.0,     70.0,     71.0,    225.0, 12, 12, 12,  9,      78745,      78745,      78745,      78745
43,      43721,     38.0,     38.0,     40.0,    108.0,  4,  5,  6,  5,      43721,      43721,      43721,      43721
43,    2519352,     54.0,     55.0,     56.0,    164.0, 12, 12, 12,  9,    2366563,    2366563,    2366563,    2366563
43,    2519344,     57.0,     56.0,     55.0,    167.0, 12, 12, 12, 11,    2366557,    2366557,    2366557,    2366557
43,    2581210,     81.0,     82.0,     77.0,    240.0, 12, 12, 12, 11,    2405010,    2405010,    2405003,    2405094
43,    1238370,     56.0,     54.0,     53.0,    159.0,  9, 12, 12, 10,    2374953,    2405161,    2405161,    2374953
43,    1238396,     55.0,     53.0,     52.0,    157.0,  9, 12, 12, 11,    2374953,    2405161,    2405161,    2374953
43,    1238408,     54.0,     53.0,     52.0,    157.0,  9, 12, 12, 10,    2374953,    2405161,    2405161,    2374953
43,    2580005,     77.0,     81.0,     83.0,    247.0, 12, 12, 12,  9,    2366551,    2404583,    2366565,    2366565
43,    2580014,     77.0,     80.0,     84.0,    251.0, 12, 12, 12,  9,    2366551,    2404583,    2366551,    2404583
43,    2580025,     76.0,     80.0,     83.0,    251.0, 12, 12, 12,  9,    2366551,    2405137,    2405137,    2405137
43,    2519413,     56.0,     57.0,     57.0,    166.0, 12, 12, 12,  9,    2366602,    2366602,    2366602,    2366602
43,    2519645,     55.0,     55.0,     55.0,    165.0, 12, 12, 12, 10,    2366707,    2366707,    2366707,    2366707
43,    2580830,     82.0,     82.0,     78.0,    239.0,  9, 12, 12,  9,    2405005,    2405005,    2405003,    2405005
43,    2580839,     82.0,     81.0,     77.0,    240.0, 12, 12, 12, 10,    2405010,    2405008,    2405003,    2405008
43,    2580856,     80.0,     81.0,     75.0,    242.0, 12, 12, 12, 11,    2405003,    2405010,    2405003,    2405010
43,    2580866,     80.0,     81.0,     75.0,    244.0, 12, 12, 12, 11,    2405003,    2405012,    2405003,    2405012
43,    2580876,     79.0,     81.0,     74.0,    248.0, 12, 12, 12, 11,    2405003,    2405003,    2405003,    2405003
43,    2581398,     75.0,     81.0,     83.0,    252.0, 12, 12, 12,  9,    2366551,    2366551,    2366551,    2366551
43,    2528394,     39.0,     39.0,     40.0,    121.0, 12, 12, 12,  9,    2374945,    2374945,    2374945,    2374945
43,    2581498,     55.0,     52.0,     51.0,    166.0, 12, 12, 12, 10,    2405161,    2405161,    2405161,    2405161
43,    2579119,     53.0,     52.0,     51.0,    156.0,  9, 12, 12, 10,    2374953,    2405161,    2405161,    2374953
44,    2580785,     40.0,     35.0,     43.0,    129.0, 12, 12, 12,  9,    2404993,    2404993,    2404993,    2404993
44,    1684778,     40.0,     35.0,     44.0,    125.0, 12, 12, 12,  9,    1755043,    2404993,    2404993,    1755043
44,    2580825,     41.0,     36.0,     41.0,    118.0,  4, 12, 11, 11,    2580825,    2404993,    2405002,    2405002
44,    2580852,     81.0,     73.0,     76.0,    237.0, 12, 12, 12, 11,    2405007,    2400351,    2405007,    2405007
44,    2571402,     72.0,     67.0,     73.0,    226.0, 12, 12, 12,  9,      78745,      78745,      78745,      78745
44,      43721,     39.0,     37.0,     42.0,    110.0,  4, 12,  6,  4,      43721,    1755043,      43721,      43721
44,    2519352,     54.0,     55.0,     55.0,    163.0, 12, 12, 12,  9,    2366563,    2366563,    2366563,    2366563
44,    2519344,     56.0,     57.0,     55.0,    170.0, 12, 12, 12,  9,    2366557,    2366557,    2366557,    2366557
44,    2581210,     80.0,     81.0,     79.0,    240.0, 12, 12, 12, 11,    2405003,    2405010,    2405003,    2405094
44,    1238370,     56.0,     55.0,     53.0,    159.0,  9, 10, 12, 10,    2374953,    2374953,    2405161,    2374953
44,    1238396,     54.0,     54.0,     52.0,    158.0, 12, 10, 12, 10,    2405161,    2374953,    2405161,    2374953
44,    1238408,     54.0,     54.0,     52.0,    157.0,  9, 10, 12, 10,    2374953,    2374953,    2405161,    2374953
44,    2580005,     79.0,     82.0,     81.0,    249.0, 12, 12, 12,  9,    2366551,    2404583,    2404583,    2366565
44,    2580014,     78.0,     82.0,     80.0,    257.0, 12, 12, 12,  9,    2366551,    2404583,    2404583,    2404583
44,    2580025,     77.0,     82.0,     79.0,    256.0, 12, 12, 12,  9,    2366551,    2405137,    2405137,    2405137
44,    2519413,     56.0,     58.0,     56.0,    166.0, 12, 12, 12,  9,    2366602,    2366602,    2366602,    2366602
44,    2519645,     56.0,     55.0,     55.0,    165.0, 12, 12, 12, 10,    2366707,    2366707,    2366707,    2366707
44,    2580830,     81.0,     82.0,     80.0,    240.0, 12, 10, 12,  9,    2405010,    2405005,    2405003,    2405005
44,    2580839,     81.0,     82.0,     80.0,    240.0, 12, 10, 12,  9,    2405003,    2405008,    2405003,    2405008
44,    2580856,     79.0,     80.0,     78.0,    243.0, 12, 12, 12,  9,    2405003,    2405010,    2405003,    2405010
44,    2580866,     78.0,     81.0,     77.0,    247.0, 12, 12, 12, 11,    2405003,    2405003,    2405003,    2405012
44,    2580876,     78.0,     80.0,     76.0,    251.0, 12, 12, 12, 11,    2405003,    2405003,    2405003,    2405003
44,    2581398,     76.0,     82.0,     80.0,    258.0, 12, 12, 12,  9,    2366551,    2366551,    2366551,    2366551
44,    2528394,     39.0,     39.0,     40.0,    121.0, 12, 12, 12,  9,    2374945,    2374945,    2374945,    2374945
44,    2581498,     53.0,     53.0,     51.0,    170.0, 12, 12, 12, 11,    2405161,    2405161,    2405161,    2405161
44,    2579119,     53.0,     53.0,     51.0,    156.0, 12, 10, 12, 10,    2374953,    2374953,    2405161,    2374953
45,    2580785,     37.0,     39.0,     42.0,    128.0, 12, 12, 12,  9,    2404993,    2404993,    2404993,    2404993
45,    1684778,     38.0,     39.0,     43.0,    124.0, 12, 12, 12,  9,    1755043,    1755043,    2404993,    1755043
45,    2580825,     39.0,     40.0,     42.0,    118.0, 12, 12, 11,  4,    1755043,    1755043,    2405002,    2580825
45,    2580852,     78.0,     77.0,     77.0,    238.0, 12, 12, 12, 11,    2400351,    2405007,    2400351,    2405007
45,    2571402,     69.0,     72.0,     72.0,    225.0, 12, 12, 12,  9,      78745,      78745,      78745,      78745
45,      43721,     38.0,     40.0,     41.0,    110.0,  4, 12,  6,  4,      43721,    1755043,      43721,      43721
45,    2519352,     55.0,     55.0,     54.0,    164.0, 12, 12, 12, 10,    2366563,    2366563,    2366563,    2366563
45,    2519344,     57.0,     56.0,     54.0,    168.0, 12, 12, 12, 10,    2366557,    2366557,    2366557,    2366557
45,    2581210,     81.0,     80.0,     78.0,    239.0, 12, 12, 12, 11,    2405094,    2405010,    2405003,    2405094
45,    1238370,     56.0,     55.0,     53.0,    160.0, 12, 10, 12, 10,    2374953,    2374953,    2405161,    2374953
45,    1238396,     54.0,     54.0,     52.0,    158.0, 12, 10, 12, 10,    2405161,    2374953,    2405161,    2374953
45,    1238408,     54.0,     53.0,     52.0,    157.0, 12, 12, 12, 10,    2405161,    2374953,    2405161,    2374953
45,    2580005,     82.0,     80.0,     81.0,    247.0, 12, 12, 12, 10,    2366551,    2405137,    2366565,    2366565
45,    2580014,     81.0,     80.0,     80.0,    255.0, 12, 12, 12, 10,    2366551,    2404583,    2404583,    2404583
45,    2580025,     80.0,     79.0,     79.0,    255.0, 12, 12, 12, 10,    2366551,    2405137,    2405137,    2405137
45,    2519413,     56.0,     58.0,     56.0,    166.0, 12, 10, 12,  9,    2366602,    2366602,    2366602,    2366602
45,    2519645,     55.0,     55.0,     55.0,    166.0, 12, 12, 12, 10,    2366707,    2366707,    2366707,    2366707
45,    2580830,     82.0,     82.0,     79.0,    239.0,  9, 10, 12,  9,    2405005,    2405005,    2405003,    2405005
45,    2580839,     82.0,     81.0,     79.0,    240.0,  9, 12, 12,  9,    2405008,    2405010,    2405003,    2405008
45,    2580856,     80.0,     79.0,     77.0,    245.0, 12, 12, 12, 10,    2405010,    2405010,    2405003,    2405010
45,    2580866,     80.0,     79.0,     76.0,    248.0, 12, 12, 12, 11,    2405012,    2405003,    2405003,    2405012
45,    2580876,     80.0,     78.0,     75.0,    250.0, 12, 12, 12, 11,    2405003,    2405003,    2405003,    2405003
45,    2581398,     79.0,     79.0,     80.0,    258.0, 12, 12, 12,  9,    2366551,    2366551,    2366551,    2366551
45,    2528394,     39.0,     39.0,     39.0,    120.0, 12, 12, 12,  9,    2374945,    2374945,    2374945,    2374945
45,    2581498,     53.0,     53.0,     51.0,    171.0, 12, 12, 12, 11,    2405161,    2405161,    2405161,    2405161
45,    2579119,     53.0,     53.0,     51.0,    156.0, 12, 10, 12, 10,    2405161,    2374953,    2405161,    2374953
46,    2580785,     38.0,     39.0,     42.0,    126.0, 12, 12, 12,  9,    2404993,    2404993,    2404993,    2404993
46,    1684778,     39.0,     39.0,     42.0,    123.0, 12, 12, 12,  9,    1755043,    1755043,    2404993,    1755043
46,    2580825,     39.0,     39.0,     41.0,    112.0,  4, 12,  6,  4,    2580825,    2405000,    2580815,    2580825
46,    2580852,     77.0,     77.0,     77.0,    240.0, 12, 12, 12, 11,    2400351,    2405007,    2400351,    2405007
46,    2571402,     69.0,     73.0,     72.0,    219.0, 12, 12, 12,  9,      78745,      78745,      78745,      78745
46,      43721,     36.0,     37.0,     38.0,    104.0,  4,  5,  6,  4,      43721,      43721,      43721,      43721
46,    2519352,     56.0,     55.0,     54.0,    164.0,  9, 12, 12, 10,    2366563,    2366563,    2366563,    2366563
46,    2519344,     56.0,     56.0,     55.0,    166.0, 12, 12, 12,  9,    2366557,    2366557,    2366557,    2366557
46,    2581210,     81.0,     82.0,     77.0,    240.0, 12, 12, 12,  9,    2405010,    2405003,    2405003,    2405094
46,    1238370,     57.0,     55.0,     53.0,    160.0,  9, 10, 12, 10,    2374953,    2374953,    2405161,    2374953
46,    1238396,     55.0,     54.0,     52.0,    158.0, 12, 10, 12, 10,    2374953,    2374953,    2405161,    2374953
46,    1238408,     55.0,     53.0,     52.0,    157.0,  9, 12, 12, 10,    2374953,    2374953,    2405161,    2374953
46,    2580005,     80.0,     82.0,     81.0,    247.0, 12, 12, 12,  9,    2366551,    2366565,    2366565,    2366565
46,    2580014,     79.0,     81.0,     80.0,    250.0, 12, 12, 12,  9,    2366551,    2405137,    2404583,    2404583
46,    2580025,     79.0,     81.0,     80.0,    250.0, 12, 12, 12,  9,    2366551,    2405137,    2405137,    2405137
46,    2519413,     57.0,     57.0,     56.0,    166.0, 12, 12, 12, 11,    2366602,    2366602,    2366602,    2366602
46,    2519645,     56.0,     55.0,     55.0,    165.0, 12, 12, 12, 10,    2366707,    2366707,    2366707,    2366707
46,    2580830,     82.0,     82.0,     78.0,    239.0,  9, 12, 12,  9,    2405005,    2405005,    2405003,    2405005
46,    2580839,     82.0,     82.0,     77.0,    240.0,  9, 10, 12,  9,    2405008,    2405008,    2405003,    2405008
46,    2580856,     80.0,     81.0,     75.0,    241.0, 12, 12, 12, 11,    2405010,    2405003,    2405003,    2405010
46,    2580866,     81.0,     80.0,     75.0,    245.0, 12, 12, 12, 11,    2405003,    2405003,    2405003,    2405012
46,    2580876,     81.0,     79.0,     74.0,    247.0, 12, 12, 12, 11,    2405003,    2405003,    2405003,    2405003
46,    2581398,     78.0,     81.0,     80.0,    250.0, 12, 12, 12,  9,    2366551,    2366551,    2366551,    2366551
46,    2528394,     39.0,     40.0,     38.0,    119.0, 12, 12, 12,  9,    2374945,    2374945,    2374945,    2374945
46,    2581498,     54.0,     53.0,     50.0,    167.0, 12, 12, 12, 11,    2405161,    2405161,    2405161,    2405161
46,    2579119,     54.0,     52.0,     51.0,    156.0, 12, 12, 12, 10,    2374953,    2374953,    2405161,    2374953
47,    2580785,     38.0,     39.0,     42.0,    123.0, 12, 12, 12,  9,    2404993,    2404993,    2404993,    2404993
47,    1684778,     39.0,     39.0,     43.0,    122.0, 12, 12, 12,  9,    1755043,    1755043,    1755043,    1755043
47,    2580825,     38.0,     39.0,     40.0,    109.0,  4, 12,  6,  4,      43721,    2405000,    2580815,    2580825
47,    2580852,     77.0,     78.0,     77.0,    238.0, 12, 12, 12, 11,    2400351,    2405007,    2405007,    2405007
47,    2571402,     69.0,     72.0,     73.0,    216.0, 12, 12, 12,  9,      78745,      78745,      78745,      78745
47,      43721,     35.0,     37.0,     37.0,    101.0,  4,  5,  6,  4,      43721,      43721,      43721,      43721
47,    2519352,     56.0,     54.0,     55.0,    164.0,  9, 12, 12, 10,    2366563,    2366563,    2366563,    2366563
47,    2519344,     56.0,     56.0,     55.0,    166.0, 12, 12, 12,  9,    2366557,    2366557,    2366557,    2366557
47,    2581210,     80.0,     83.0,     78.0,    239.0, 12, 12, 12, 11,    2405010,    2405003,    2405003,    2405094
47,    1238370,     56.0,     55.0,     54.0,    159.0,  9, 10, 12, 10,    2374953,    2374953,    2405161,    2374953
47,    1238396,     54.0,     54.0,     53.0,    158.0, 12, 10, 12, 10,    2405161,    2374953,    2374953,    2374953
47,    1238408,     54.0,     54.0,     53.0,    157.0,  9, 10, 12, 10,    2374953,    2374953,    2374953,    2374953
47,    2580005,     82.0,     81.0,     81.0,    245.0, 12, 12, 12, 10,    2366551,    2366569,    2366569,    2366565
47,    2580014,     81.0,     80.0,     80.0,    249.0, 12, 12, 12,  9,    2366551,    2405137,    2404583,    2404583
47,    2580025,     81.0,     80.0,     80.0,    249.0, 12, 12, 12,  9,    2366551,    2405137,    2405137,    2405137
47,    2519413,     57.0,     57.0,     56.0,    166.0, 12, 12, 12, 11,    2366602,    2366602,    2366602,    2366602
47,    2519645,     55.0,     56.0,     55.0,    165.0, 12, 10, 12, 10,    2366707,    2366707,    2366707,    2366707
47,    2580830,     81.0,     82.0,     79.0,    240.0, 12, 10, 12,  9,    2405010,    2405005,    2405003,    2405005
47,    2580839,     81.0,     82.0,     78.0,    239.0, 12, 10, 12, 10,    2405010,    2405008,    2405003,    2405008
47,    2580856,     79.0,     81.0,     76.0,    241.0, 12, 12, 12,  9,    2405010,    2405010,    2405003,    2405010
47,    2580866,     80.0,     81.0,     76.0,    243.0, 12, 12, 12, 11,    2405003,    2405003,    2405003,    2405012
47,    2580876,     79.0,     80.0,     75.0,    245.0, 12, 12, 12, 11,    2405003,    2405003,    2405003,    2405003
47,    2581398,     80.0,     80.0,     80.0,    249.0, 12, 12, 12,  9,    2366551,    2366551,    2366551,    2366551
47,    2528394,     40.0,     39.0,     39.0,    119.0,  9, 12, 12,  9,    2374945,    2374945,    2374945,    2374945
47,    2581498,     53.0,     53.0,     52.0,    163.0, 12, 12, 12, 10,    2405161,    2405161,    2405161,    2405161
47,    2579119,     53.0,     53.0,     52.0,    156.0, 12, 10, 12, 10,    2405161,    2374953,    2374953,    2374953
