 F,      BusId,       PA,       PB,       PC,       P3, XA, XB, XC, X3,       id_A,       id_B,       id_C,       id_3
 0,    2578246,     48.0,     46.0,     48.0,    141.0,  9, 10, 11, 10,      75341,      75341,      75341,      75341
 0,    2578258,     47.0,     46.0,     48.0,    141.0,  9, 10, 11, 10,      75341,      75341,      75341,      75341
 0,    2578279,     47.0,     45.0,     47.0,    139.0,  9, 10, 11, 10,      75341,      75341,      75341,      75341
 0,    2578290,     41.0,     39.0,     41.0,    122.0,  9, 10, 11, 10,      75961,      75961,      75961,      75961
 0,    2578310,     41.0,     39.0,     41.0,    122.0,  9, 10, 11, 10,      75961,      75961,      75961,      75961
 0,    2537563,     42.0,     40.0,     42.0,    123.0,  9, 10, 11, 10,      75961,      75961,      75961,      75961
 0,    2578328,     43.0,     41.0,     43.0,    124.0,  9, 10, 11, 10,      75961,      75961,      75961,      75961
 0,    2578344,     43.0,     41.0,     43.0,    125.0,  9, 10, 11, 10,      75961,      75961,      75961,      75961
 0,    2578378,     46.0,     46.0,     46.0,    139.0,  9, 10, 11, 11,      75907,      75907,      75907,      75907
 0,    2578392,     45.0,     46.0,     45.0,    138.0,  9, 10, 11, 11,      75907,      75907,      75907,      75907
 0,      42338,     45.0,     45.0,     45.0,    138.0,  9, 10, 11, 11,      75907,      75907,      75907,      75907
 0,    2578421,     45.0,     45.0,     45.0,    138.0,  9, 10, 11, 11,      75907,      75907,      75907,      75907
 0,    2578445,     45.0,     45.0,     44.0,    137.0,  9, 10, 11, 11,      75907,      75907,      75907,      75907
 0,      42316,     46.0,     46.0,     46.0,    142.0,  9, 10, 11,  9,      75869,      75869,      75869,      75869
 0,      42315,     46.0,     46.0,     46.0,    142.0,  9, 10, 11,  9,      75869,      75869,      75869,      75869
 0,    2537572,     16.0,     16.0,     16.0,     50.0,  9, 10, 11,  9,    2381367,    2381367,    2381367,    2381367
 0,    2539069,     16.0,     16.0,     16.0,     52.0,  9, 10, 11,  9,    2382194,    2382194,    2382194,    2382194
 0,      42347,     78.0,     78.0,     78.0,    248.0,  9, 10, 11,  9,      75932,      75932,      75932,      75932
 0,    2539103,     23.0,     23.0,     23.0,     72.0,  9, 10, 11,  9,    2382236,    2382236,    2382236,    2382236
 1,    2578246,     48.0,     48.0,     48.0,    144.0,  9, 10, 11, 10,      75341,      75341,      75341,      75341
 1,    2578258,     47.0,     47.0,     48.0,    144.0,  9, 10, 11,  9,      75341,      75341,      75341,      75341
 1,    2578279,     47.0,     47.0,     47.0,    143.0,  9, 10, 11,  9,      75341,      75341,      75341,      75341
 1,    2578290,     42.0,     40.0,     42.0,    125.0,  9, 10, 11, 10,      75961,      75961,      75961,      75961
 1,    2578310,     42.0,     40.0,     42.0,    125.0,  9, 10, 11, 10,      75961,      75961,      75961,      75961
 1,    2537563,     43.0,     41.0,     43.0,    127.0,  9, 10, 11, 10,      75961,      75961,      75961,      75961
 1,    2578328,     44.0,     42.0,     44.0,    127.0,  9, 10, 11, 10,      75961,      75961,      75961,      75961
 1,    2578344,     44.0,     42.0,     44.0,    128.0,  9, 10, 11, 10,      75961,      75961,      75961,      75961
 1,    2578378,     46.0,     46.0,     47.0,    140.0,  9, 10, 11,  9,      75907,      75907,      75907,      75907
 1,    2578392,     45.0,     46.0,     46.0,    139.0,  9, 10, 11,  9,      75907,      75907,      75907,      75907
 1,      42338,     45.0,     45.0,     46.0,    139.0,  9, 10, 11,  9,      75907,      75907,      75907,      75907
 1,    2578421,     45.0,     45.0,     46.0,    139.0,  9, 10, 11,  9,      75907,      75907,      75907,      75907
 1,    2578445,     45.0,     45.0,     45.0,    138.0,  9, 10, 11,  9,      75907,      75907,      75907,      75907
 1,      42316,     46.0,     46.0,     46.0,    142.0,  9, 10, 11,  9,      75869,      75869,      75869,      75869
 1,      42315,     46.0,     46.0,     46.0,    142.0,  9, 10, 11, 11,      75869,      75869,      75869,      75869
 1,    2537572,     17.0,     16.0,     16.0,     51.0,  9, 10, 11,  9,    2381367,    2381367,    2381367,    2381367
 1,    2539069,     16.0,     16.0,     16.0,     51.0,  9, 10, 11,  9,    2382194,    2382194,    2382194,    2382194
 1,      42347,     78.0,     78.0,     78.0,    248.0,  9, 10, 11,  9,      75932,      75932,      75932,      75932
 1,    2539103,     23.0,     23.0,     23.0,     72.0,  9, 10, 11,  9,    2382236,    2382236,    2382236,    2382236
 2,    2578246,     48.0,     47.0,     49.0,    143.0,  9, 10, 11, 10,      75341,      75341,      75341,      75341
 2,    2578258,     47.0,     47.0,     48.0,    143.0,  9, 10, 11, 10,      75341,      75341,      75341,      75341
 2,    2578279,     47.0,     46.0,     48.0,    142.0,  9, 10, 11, 10,      75341,      75341,      75341,      75341
 2,    2578290,     42.0,     40.0,     42.0,    125.0,  9, 10, 11, 10,      75961,      75961,      75961,      75961
 2,    2578310,     42.0,     40.0,     43.0,    125.0,  9, 10, 11, 10,      75961,      75961,      75961,      75961
 2,    2537563,     43.0,     41.0,     43.0,    127.0,  9, 10, 11, 10,      75961,      75961,      75961,      75961
 2,    2578328,     43.0,     42.0,     44.0,    128.0,  9, 10, 11, 10,      75961,      75961,      75961,      75961
 2,    2578344,     44.0,     42.0,     44.0,    129.0,  9, 10, 11, 10,      75961,      75961,      75961,      75961
 2,    2578378,     47.0,     46.0,     47.0,    142.0,  9, 10, 11, 10,      75907,      75907,      75907,      75907
 2,    2578392,     46.0,     46.0,     46.0,    141.0,  9, 10, 11, 10,      75907,      75907,      75907,      75907
 2,      42338,     46.0,     45.0,     46.0,    140.0,  9, 10, 11, 10,      75907,      75907,      75907,      75907
 2,    2578421,     46.0,     45.0,     46.0,    140.0,  9, 10, 11, 10,      75907,      75907,      75907,      75907
 2,    2578445,     45.0,     45.0,     45.0,    140.0,  9, 10, 11, 10,      75907,      75907,      75907,      75907
 2,      42316,     46.0,     46.0,     46.0,    143.0,  9, 10, 11,  9,      75869,      75869,      75869,      75869
 2,      42315,     46.0,     46.0,     46.0,    143.0,  9, 10, 11,  9,      75869,      75869,      75869,      75869
 2,    2537572,     16.0,     16.0,     16.0,     50.0,  9, 10, 11,  9,    2381367,    2381367,    2381367,    2381367
 2,    2539069,     16.0,     16.0,     16.0,     50.0,  9, 10, 11,  9,    2382194,    2382194,    2382194,    2382194
 2,      42347,     78.0,     78.0,     78.0,    248.0,  9, 10, 11,  9,      75932,      75932,      75932,      75932
 2,    2539103,     23.0,     23.0,     23.0,     72.0,  9, 10, 11,  9,    2382236,    2382236,    2382236,    2382236
 3,    2578246,     48.0,     48.0,     49.0,    145.0,  9, 10, 11, 10,      75341,      75341,      75341,      75341
 3,    2578258,     48.0,     48.0,     48.0,    145.0,  9, 10, 11, 10,      75341,      75341,      75341,      75341
 3,    2578279,     47.0,     47.0,     48.0,    144.0,  9, 10, 11, 10,      75341,      75341,      75341,      75341
 3,    2578290,     42.0,     41.0,     43.0,    127.0,  9, 10, 11, 10,      75961,      75961,      75961,      75961
 3,    2578310,     42.0,     41.0,     43.0,    127.0,  9, 10, 11, 10,      75961,      75961,      75961,      75961
 3,    2537563,     43.0,     42.0,     44.0,    129.0,  9, 10, 11, 10,      75961,      75961,      75961,      75961
 3,    2578328,     44.0,     42.0,     44.0,    130.0,  9, 10, 11, 10,      75961,      75961,      75961,      75961
 3,    2578344,     44.0,     43.0,     45.0,    131.0,  9, 10, 11, 10,      75961,      75961,      75961,      75961
 3,    2578378,     46.0,     47.0,     47.0,    142.0,  9, 10, 11,  9,      75907,      75907,      75907,      75907
 3,    2578392,     46.0,     46.0,     46.0,    141.0,  9, 10, 11,  9,      75907,      75907,      75907,      75907
 3,      42338,     45.0,     46.0,     46.0,    140.0,  9, 10, 11,  9,      75907,      75907,      75907,      75907
 3,    2578421,     45.0,     46.0,     46.0,    140.0,  9, 10, 11,  9,      75907,      75907,      75907,      75907
 3,    2578445,     45.0,     46.0,     45.0,    140.0,  9, 10, 11,  9,      75907,      75907,      75907,      75907
 3,      42316,     46.0,     46.0,     46.0,    143.0,  9, 10, 11,  9,      75869,      75869,      75869,      75869
 3,      42315,     46.0,     46.0,     46.0,    143.0,  9, 10, 11,  9,      75869,      75869,      75869,      75869
 3,    2537572,     17.0,     16.0,     16.0,     51.0,  9, 10, 11,  9,    2381367,    2381367,    2381367,    2381367
 3,    2539069,     16.0,     16.0,     16.0,     51.0,  9, 10, 11,  9,    2382194,    2382194,    2382194,    2382194
 3,      42347,     78.0,     78.0,     78.0,    248.0,  9, 10, 11,  9,      75932,      75932,      75932,      75932
 3,    2539103,     23.0,     23.0,     23.0,     72.0,  9, 10, 11,  9,    2382236,    2382236,    2382236,    2382236
 4,    2578246,     48.0,     48.0,     49.0,    146.0,  9, 10, 11,  9,      75341,      75341,      75341,      75341
 4,    2578258,     48.0,     48.0,     48.0,    145.0,  9, 10, 11, 10,      75341,      75341,      75341,      75341
 4,    2578279,     47.0,     47.0,     48.0,    144.0,  9, 10, 11, 10,      75341,      75341,      75341,      75341
 4,    2578290,     42.0,     40.0,     42.0,    125.0,  9, 10, 11, 10,      75961,      75961,      75961,      75961
 4,    2578310,     42.0,     40.0,     43.0,    126.0,  9, 10, 11, 10,      75961,      75961,      75961,      75961
 4,    2537563,     43.0,     41.0,     44.0,    127.0,  9, 10, 11, 10,      75961,      75961,      75961,      75961
 4,    2578328,     43.0,     42.0,     44.0,    128.0,  9, 10, 11, 10,      75961,      75961,      75961,      75961
 4,    2578344,     44.0,     42.0,     45.0,    129.0,  9, 10, 11, 10,      75961,      75961,      75961,      75961
 4,    2578378,     47.0,     47.0,     47.0,    143.0,  9, 10, 11,  9,      75907,      75907,      75907,      75907
 4,    2578392,     46.0,     46.0,     46.0,    142.0,  9, 10, 11,  9,      75907,      75907,      75907,      75907
 4,      42338,     46.0,     46.0,     46.0,    141.0,  9, 10, 11,  9,      75907,      75907,      75907,      75907
 4,    2578421,     46.0,     46.0,     46.0,    141.0,  9, 10, 11,  9,      75907,      75907,      75907,      75907
 4,    2578445,     45.0,     45.0,     45.0,    141.0,  9, 10, 11,  9,      75907,      75907,      75907,      75907
 4,      42316,     46.0,     46.0,     46.0,    142.0,  9, 10, 11, 11,      75869,      75869,      75869,      75869
 4,      42315,     46.0,     46.0,     46.0,    143.0,  9, 10, 11,  9,      75869,      75869,      75869,      75869
 4,    2537572,     16.0,     16.0,     16.0,     51.0,  9, 10, 11,  9,    2381367,    2381367,    2381367,    2381367
 4,    2539069,     16.0,     16.0,     16.0,     51.0,  9, 10, 11,  9,    2382194,    2382194,    2382194,    2382194
 4,      42347,     78.0,     78.0,     78.0,    248.0,  9, 10, 11,  9,      75932,      75932,      75932,      75932
 4,    2539103,     23.0,     23.0,     23.0,     72.0,  9, 10, 11,  9,    2382236,    2382236,    2382236,    2382236
 5,    2578246,     48.0,     48.0,     49.0,    146.0,  9, 10, 11,  9,      75341,      75341,      75341,      75341
 5,    2578258,     48.0,     48.0,     48.0,    145.0,  9, 10, 11, 10,      75341,      75341,      75341,      75341
 5,    2578279,     47.0,     47.0,     48.0,    144.0,  9, 10, 11, 10,      75341,      75341,      75341,      75341
 5,    2578290,     42.0,     40.0,     42.0,    126.0,  9, 10, 11, 10,      75961,      75961,      75961,      75961
 5,    2578310,     42.0,     41.0,     43.0,    126.0,  9, 10, 11, 10,      75961,      75961,      75961,      75961
 5,    2537563,     43.0,     41.0,     43.0,    128.0,  9, 10, 11, 10,      75961,      75961,      75961,      75961
 5,    2578328,     43.0,     42.0,     44.0,    129.0,  9, 10, 11, 10,      75961,      75961,      75961,      75961
 5,    2578344,     44.0,     43.0,     45.0,    129.0,  9, 10, 11, 10,      75961,      75961,      75961,      75961
 5,    2578378,     47.0,     47.0,     47.0,    142.0,  9, 10, 11, 10,      75907,      75907,      75907,      75907
 5,    2578392,     46.0,     46.0,     46.0,    141.0,  9, 10, 11, 10,      75907,      75907,      75907,      75907
 5,      42338,     46.0,     46.0,     46.0,    141.0,  9, 10, 11,  9,      75907,      75907,      75907,      75907
 5,    2578421,     46.0,     46.0,     46.0,    141.0,  9, 10, 11,  9,      75907,      75907,      75907,      75907
 5,    2578445,     45.0,     45.0,     46.0,    140.0,  9, 10, 11, 10,      75907,      75907,      75907,      75907
 5,      42316,     46.0,     46.0,     46.0,    143.0,  9, 10, 11,  9,      75869,      75869,      75869,      75869
 5,      42315,     46.0,     46.0,     46.0,    143.0,  9, 10, 11,  9,      75869,      75869,      75869,      75869
 5,    2537572,     16.0,     16.0,     16.0,     50.0,  9, 10, 11,  9,    2381367,    2381367,    2381367,    2381367
 5,    2539069,     16.0,     16.0,     16.0,     51.0,  9, 10, 11,  9,    2382194,    2382194,    2382194,    2382194
 5,      42347,     78.0,     78.0,     78.0,    248.0,  9, 10, 11,  9,      75932,      75932,      75932,      75932
 5,    2539103,     23.0,     23.0,     23.0,     72.0,  9, 10, 11,  9,    2382236,    2382236,    2382236,    2382236
 6,    2578246,     48.0,     48.0,     49.0,    145.0,  9, 10, 11,  9,      75341,      75341,      75341,      75341
 6,    2578258,     47.0,     48.0,     48.0,    144.0,  9, 10, 11,  9,      75341,      75341,      75341,      75341
 6,    2578279,     47.0,     47.0,     48.0,    143.0,  9, 10, 11,  9,      75341,      75341,      75341,      75341
 6,    2578290,     42.0,     40.0,     42.0,    125.0,  9, 10, 11, 10,      75961,      75961,      75961,      75961
 6,    2578310,     42.0,     40.0,     43.0,    125.0,  9, 10, 11, 10,      75961,      75961,      75961,      75961
 6,    2537563,     43.0,     41.0,     44.0,    127.0,  9, 10, 11, 10,      75961,      75961,      75961,      75961
 6,    2578328,     44.0,     42.0,     44.0,    128.0,  9, 10, 11, 10,      75961,      75961,      75961,      75961
 6,    2578344,     44.0,     42.0,     45.0,    129.0,  9, 10, 11, 10,      75961,      75961,      75961,      75961
 6,    2578378,     46.0,     47.0,     46.0,    142.0,  9, 10, 11,  9,      75907,      75907,      75907,      75907
 6,    2578392,     46.0,     46.0,     46.0,    141.0,  9, 10, 11,  9,      75907,      75907,      75907,      75907
 6,      42338,     45.0,     46.0,     45.0,    140.0,  9, 10, 11, 11,      75907,      75907,      75907,      75907
 6,    2578421,     45.0,     46.0,     45.0,    140.0,  9, 10, 11, 11,      75907,      75907,      75907,      75907
 6,    2578445,     45.0,     46.0,     45.0,    140.0,  9, 10, 11,  9,      75907,      75907,      75907,      75907
 6,      42316,     45.0,     46.0,     46.0,    140.0,  9, 10, 11,  9,      75869,      75869,      75869,      75869
 6,      42315,     45.0,     47.0,     46.0,    140.0,  9, 10, 11,  9,      75869,      75869,      75869,      75869
 6,    2537572,     17.0,     16.0,     16.0,     51.0,  9, 10, 11,  9,    2381367,    2381367,    2381367,    2381367
 6,    2539069,     16.0,     16.0,     16.0,     51.0,  9, 10, 11,  9,    2382194,    2382194,    2382194,    2382194
 6,      42347,     78.0,     78.0,     78.0,    248.0,  9, 10, 11,  9,      75932,      75932,      75932,      75932
 6,    2539103,     23.0,     23.0,     23.0,     73.0,  9, 10, 11,  9,    2382236,    2382236,    2382236,    2382236
 7,    2578246,     48.0,     48.0,     48.0,    145.0,  9, 10, 11, 10,      75341,      75341,      75341,      75341
 7,    2578258,     48.0,     47.0,     48.0,    144.0,  9, 10, 11, 10,      75341,      75341,      75341,      75341
 7,    2578279,     47.0,     47.0,     47.0,    143.0,  9, 10, 11, 10,      75341,      75341,      75341,      75341
 7,    2578290,     41.0,     39.0,     41.0,    123.0,  9, 10, 11, 10,      75961,      75961,      75961,      75961
 7,    2578310,     41.0,     40.0,     41.0,    123.0,  9, 10, 11, 10,      75961,      75961,      75961,      75961
 7,    2537563,     42.0,     41.0,     42.0,    125.0,  9, 10, 11, 10,      75961,      75961,      75961,      75961
 7,    2578328,     43.0,     41.0,     43.0,    126.0,  9, 10, 11, 10,      75961,      75961,      75961,      75961
 7,    2578344,     43.0,     42.0,     43.0,    127.0,  9, 10, 11, 10,      75961,      75961,      75961,      75961
 7,    2578378,     45.0,     46.0,     47.0,    137.0,  9, 10, 11,  9,      75907,      75907,      75907,      75907
 7,    2578392,     44.0,     45.0,     46.0,    136.0,  9, 10, 11,  9,      75907,      75907,      75907,      75907
 7,      42338,     44.0,     45.0,     46.0,    135.0,  9, 10, 11,  9,      75907,      75907,      75907,      75907
 7,    2578421,     44.0,     45.0,     46.0,    135.0,  9, 10, 11,  9,      75907,      75907,      75907,      75907
 7,    2578445,     43.0,     44.0,     45.0,    135.0,  9, 10, 11,  9,      75907,      75907,      75907,      75907
 7,      42316,     46.0,     46.0,     46.0,    143.0,  9, 10, 11,  9,      75869,      75869,      75869,      75869
 7,      42315,     46.0,     46.0,     46.0,    143.0,  9, 10, 11,  9,      75869,      75869,      75869,      75869
 7,    2537572,     16.0,     16.0,     16.0,     51.0,  9, 10, 11,  9,    2381367,    2381367,    2381367,    2381367
 7,    2539069,     16.0,     16.0,     16.0,     50.0,  9, 10, 11,  9,    2382194,    2382194,    2382194,    2382194
 7,      42347,     78.0,     78.0,     78.0,    248.0,  9, 10, 11,  9,      75932,      75932,      75932,      75932
 7,    2539103,     23.0,     23.0,     23.0,     73.0,  9, 10, 11,  9,    2382236,    2382236,    2382236,    2382236
 8,    2578246,     48.0,     47.0,     48.0,    142.0,  9, 10, 11, 10,      75341,      75341,      75341,      75341
 8,    2578258,     48.0,     47.0,     47.0,    142.0,  9, 10, 11, 10,      75341,      75341,      75341,      75341
 8,    2578279,     47.0,     46.0,     47.0,    141.0,  9, 10, 11, 10,      75341,      75341,      75341,      75341
 8,    2578290,     40.0,     39.0,     41.0,    122.0,  9, 10, 11, 10,      75961,      75961,      75961,      75961
 8,    2578310,     40.0,     39.0,     41.0,    123.0,  9, 10, 11, 10,      75961,      75961,      75961,      75961
 8,    2537563,     41.0,     40.0,     42.0,    124.0,  9, 10, 11, 10,      75961,      75961,      75961,      75961
 8,    2578328,     42.0,     41.0,     42.0,    125.0,  9, 10, 11, 10,      75961,      75961,      75961,      75961
 8,    2578344,     42.0,     41.0,     43.0,    126.0,  9, 10, 11, 10,      75961,      75961,      75961,      75961
 8,    2578378,     46.0,     44.0,     46.0,    134.0,  9, 10, 11, 10,      75907,      75907,      75907,      75907
 8,    2578392,     45.0,     43.0,     45.0,    133.0,  9, 10, 11, 10,      75907,      75907,      75907,      75907
 8,      42338,     45.0,     43.0,     45.0,    132.0,  9, 10, 11, 10,      75907,      75907,      75907,      75907
 8,    2578421,     45.0,     43.0,     45.0,    132.0,  9, 10, 11, 10,      75907,      75907,      75907,      75907
 8,    2578445,     45.0,     43.0,     44.0,    132.0,  9, 10, 11, 10,      75907,      75907,      75907,      75907
 8,      42316,     46.0,     46.0,     46.0,    142.0,  9, 10, 11, 11,      75869,      75869,      75869,      75869
 8,      42315,     46.0,     46.0,     46.0,    142.0,  9, 10, 11, 11,      75869,      75869,      75869,      75869
 8,    2537572,     17.0,     17.0,     17.0,     51.0,  9, 10, 11,  9,    2381367,    2381367,    2381367,    2381367
 8,    2539069,     15.0,     15.0,     15.0,     49.0,  9, 10, 11,  9,    2382194,    2382194,    2382194,    2382194
 8,      42347,     78.0,     78.0,     78.0,    248.0,  9, 10, 11,  9,      75932,      75932,      75932,      75932
 8,    2539103,     23.0,     23.0,     23.0,     73.0,  9, 10, 11,  9,    2382236,    2382236,    2382236,    2382236
 9,    2578246,     47.0,     46.0,     47.0,    139.0,  9, 10, 11, 10,      75341,      75341,      75341,      75341
 9,    2578258,     47.0,     46.0,     46.0,    139.0,  9, 10, 11, 10,      75341,      75341,      75341,      75341
 9,    2578279,     46.0,     45.0,     46.0,    138.0,  9, 10, 11, 10,      75341,      75341,      75341,      75341
 9,    2578290,     36.0,     34.0,     38.0,    107.0,  9, 10, 11, 10,      75961,      75961,      75961,      75961
 9,    2578310,     36.0,     35.0,     38.0,    108.0,  9, 10, 11, 10,      75961,      75961,      75961,      75961
 9,    2537563,     37.0,     35.0,     39.0,    109.0,  9, 10, 11, 10,      75961,      75961,      75961,      75961
 9,    2578328,     37.0,     36.0,     40.0,    110.0,  9, 10, 11, 10,      75961,      75961,      75961,      75961
 9,    2578344,     38.0,     36.0,     40.0,    111.0,  9, 10, 11, 10,      75961,      75961,      75961,      75961
 9,    2578378,     46.0,     43.0,     43.0,    131.0,  9, 10, 11, 11,      75907,      75907,      75907,      75907
 9,    2578392,     45.0,     42.0,     42.0,    130.0,  9, 10, 11, 11,      75907,      75907,      75907,      75907
 9,      42338,     45.0,     42.0,     42.0,    129.0,  9, 10, 11, 11,      75907,      75907,      75907,      75907
 9,    2578421,     45.0,     42.0,     42.0,    129.0,  9, 10, 11, 11,      75907,      75907,      75907,      75907
 9,    2578445,     44.0,     42.0,     42.0,    129.0,  9, 10, 11, 11,      75907,      75907,      75907,      75907
 9,      42316,     46.0,     45.0,     44.0,    136.0,  9, 10, 11, 11,      75869,      75869,      75869,      75869
 9,      42315,     46.0,     45.0,     44.0,    136.0,  9, 10, 11, 11,      75869,      75869,      75869,      75869
 9,    2537572,     14.0,     14.0,     14.0,     43.0,  9, 10, 11, 11,    2381367,    2381367,    2381367,    2381367
 9,    2539069,     16.0,     16.0,     16.0,     49.0,  9, 10, 11,  9,    2382194,    2382194,    2382194,    2382194
 9,      42347,     78.0,     78.0,     78.0,    248.0,  9, 10, 11,  9,      75932,      75932,      75932,      75932
 9,    2539103,     23.0,     23.0,     23.0,     73.0,  9, 10, 11,  9,    2382236,    2382236,    2382236,    2382236
10,    2578246,     47.0,     44.0,     47.0,    135.0,  9, 10, 11, 10,      75341,      75341,      75341,      75341
10,    2578258,     47.0,     44.0,     47.0,    134.0,  9, 10, 11, 10,      75341,      75341,      75341,      75341
10,    2578279,     46.0,     43.0,     46.0,    133.0,  9, 10, 11, 10,      75341,      75341,      75341,      75341
10,    2578290,     36.0,     34.0,     35.0,    106.0,  9, 10, 11, 10,      75961,      75961,      75961,      75961
10,    2578310,     36.0,     34.0,     35.0,    107.0,  9, 10, 11, 10,      75961,      75961,      75961,      75961
10,    2537563,     37.0,     35.0,     36.0,    108.0,  9, 10, 11, 10,      75961,      75961,      75961,      75961
10,    2578328,     37.0,     35.0,     36.0,    109.0,  9, 10, 11, 10,      75961,      75961,      75961,      75961
10,    2578344,     38.0,     36.0,     37.0,    109.0,  9, 10, 11, 10,      75961,      75961,      75961,      75961
10,    2578378,     45.0,     44.0,     43.0,    131.0,  9, 10, 11, 11,      75907,      75907,      75907,      75907
10,    2578392,     44.0,     44.0,     42.0,    130.0,  9, 10, 11, 11,      75907,      75907,      75907,      75907
10,      42338,     44.0,     43.0,     42.0,    130.0,  9, 10, 11, 11,      75907,      75907,      75907,      75907
10,    2578421,     44.0,     43.0,     42.0,    130.0,  9, 10, 11, 11,      75907,      75907,      75907,      75907
10,    2578445,     44.0,     43.0,     42.0,    129.0,  9, 10, 11, 11,      75907,      75907,      75907,      75907
10,      42316,     45.0,     46.0,     44.0,    136.0,  9, 10, 11, 11,      75869,      75869,      75869,      75869
10,      42315,     46.0,     46.0,     44.0,    136.0,  9, 10, 11, 11,      75869,      75869,      75869,      75869
10,    2537572,     13.0,     13.0,     13.0,     39.0,  9, 10, 11, 11,    2381367,    2381367,    2381367,    2381367
10,    2539069,     16.0,     16.0,     16.0,     50.0,  9, 10, 11,  9,    2382194,    2382194,    2382194,    2382194
10,      42347,     78.0,     78.0,     78.0,    248.0,  9, 10, 11,  9,      75932,      75932,      75932,      75932
10,    2539103,     23.0,     23.0,     23.0,     73.0,  9, 10, 11,  9,    2382236,    2382236,    2382236,    2382236
11,    2578246,     47.0,     45.0,     47.0,    135.0,  9, 10, 11, 10,      75341,      75341,      75341,      75341
11,    2578258,     46.0,     44.0,     47.0,    135.0,  9, 10, 11, 10,      75341,      75341,      75341,      75341
11,    2578279,     46.0,     44.0,     46.0,    134.0,  9, 10, 11, 10,      75341,      75341,      75341,      75341
11,    2578290,     32.0,     32.0,     35.0,    100.0,  9, 10, 11,  9,      75961,      75961,      75961,      75961
11,    2578310,     32.0,     32.0,     36.0,    100.0,  9, 10, 11,  9,      75961,      75961,      75961,      75961
11,    2537563,     33.0,     33.0,     36.0,    101.0,  9, 10, 11,  9,      75961,      75961,      75961,      75961
11,    2578328,     33.0,     33.0,     37.0,    102.0,  9, 10, 11,  9,      75961,      75961,      75961,      75961
11,    2578344,     34.0,     34.0,     37.0,    103.0,  9, 10, 11,  9,      75961,      75961,      75961,      75961
11,    2578378,     44.0,     45.0,     46.0,    135.0,  9, 10, 11,  9,      75907,      75907,      75907,      75907
11,    2578392,     44.0,     44.0,     45.0,    134.0,  9, 10, 11,  9,      75907,      75907,      75907,      75907
11,      42338,     43.0,     44.0,     45.0,    134.0,  9, 10, 11,  9,      75907,      75907,      75907,      75907
11,    2578421,     43.0,     44.0,     45.0,    134.0,  9, 10, 11,  9,      75907,      75907,      75907,      75907
11,    2578445,     43.0,     44.0,     44.0,    133.0,  9, 10, 11,  9,      75907,      75907,      75907,      75907
11,      42316,     45.0,     46.0,     44.0,    136.0,  9, 10, 11, 11,      75869,      75869,      75869,      75869
11,      42315,     45.0,     46.0,     44.0,    136.0,  9, 10, 11, 11,      75869,      75869,      75869,      75869
11,    2537572,     11.0,     11.0,     11.0,     35.0,  9, 10, 11,  9,    2381367,    2381367,    2381367,    2381367
11,    2539069,     16.0,     16.0,     16.0,     51.0,  9, 10, 11,  9,    2382194,    2382194,    2382194,    2382194
11,      42347,     78.0,     78.0,     78.0,    248.0,  9, 10, 11,  9,      75932,      75932,      75932,      75932
11,    2539103,     23.0,     23.0,     23.0,     73.0,  9, 10, 11,  9,    2382236,    2382236,    2382236,    2382236
12,    2578246,     44.0,     47.0,     48.0,    132.0,  9, 10, 11,  9,      75341,      75341,      75341,      75341
12,    2578258,     43.0,     46.0,     48.0,    132.0,  9, 10, 11,  9,      75341,      75341,      75341,      75341
12,    2578279,     43.0,     46.0,     47.0,    131.0,  9, 10, 11,  9,      75341,      75341,      75341,      75341
12,    2578290,     35.0,     31.0,     35.0,     96.0,  9, 10, 11, 10,      75961,      75961,      75961,      75961
12,    2578310,     35.0,     31.0,     35.0,     97.0,  9, 10, 11, 10,      75961,      75961,      75961,      75961
12,    2537563,     36.0,     32.0,     36.0,     98.0,  9, 10, 11, 10,      75961,      75961,      75961,      75961
12,    2578328,     36.0,     32.0,     36.0,     98.0,  9, 10, 11, 10,      75961,      75961,      75961,      75961
12,    2578344,     37.0,     33.0,     37.0,     99.0,  9, 10, 11, 10,      75961,      75961,      75961,      75961
12,    2578378,     45.0,     43.0,     44.0,    133.0,  9, 10, 11, 10,      75907,      75907,      75907,      75907
12,    2578392,     45.0,     43.0,     43.0,    132.0,  9, 10, 11, 10,      75907,      75907,      75907,      75907
12,      42338,     45.0,     42.0,     43.0,    131.0,  9, 10, 11, 10,      75907,      75907,      75907,      75907
12,    2578421,     45.0,     42.0,     43.0,    131.0,  9, 10, 11, 10,      75907,      75907,      75907,      75907
12,    2578445,     44.0,     42.0,     43.0,    131.0,  9, 10, 11, 10,      75907,      75907,      75907,      75907
12,      42316,     46.0,     46.0,     43.0,    133.0,  9, 10, 11, 11,      75869,      75869,      75869,      75869
12,      42315,     46.0,     46.0,     43.0,    133.0,  9, 10, 11, 11,      75869,      75869,      75869,      75869
12,    2537572,     11.0,     11.0,     10.0,     32.0,  9, 10, 11, 11,    2381367,    2381367,    2381367,    2381367
12,    2539069,     16.0,     16.0,     16.0,     51.0,  9, 10, 11,  9,    2382194,    2382194,    2382194,    2382194
12,      42347,     78.0,     78.0,     78.0,    248.0,  9, 10, 11,  9,      75932,      75932,      75932,      75932
12,    2539103,     23.0,     23.0,     23.0,     73.0,  9, 10, 11,  9,    2382236,    2382236,    2382236,    2382236
13,    2578246,     45.0,     46.0,     48.0,    136.0,  9, 10, 11,  9,      75341,      75341,      75341,      75341
13,    2578258,     45.0,     46.0,     48.0,    136.0,  9, 10, 11,  9,      75341,      75341,      75341,      75341
13,    2578279,     44.0,     45.0,     47.0,    135.0,  9, 10, 11,  9,      75341,      75341,      75341,      75341
13,    2578290,     34.0,     30.0,     32.0,     93.0,  9, 10, 11, 10,      75961,      75961,      75961,      75961
13,    2578310,     34.0,     30.0,     32.0,     93.0,  9, 10, 11, 10,      75961,      75961,      75961,      75961
13,    2537563,     34.0,     31.0,     33.0,     94.0,  9, 10, 11, 10,      75961,      75961,      75961,      75961
13,    2578328,     35.0,     31.0,     33.0,     95.0,  9, 10, 11, 10,      75961,      75961,      75961,      75961
13,    2578344,     35.0,     31.0,     34.0,     96.0,  9, 10, 11, 10,      75961,      75961,      75961,      75961
13,    2578378,     44.0,     42.0,     43.0,    129.0,  9, 10, 11, 10,      75907,      75907,      75907,      75907
13,    2578392,     44.0,     42.0,     43.0,    128.0,  9, 10, 11, 10,      75907,      75907,      75907,      75907
13,      42338,     43.0,     41.0,     42.0,    128.0,  9, 10, 11, 10,      75907,      75907,      75907,      75907
13,    2578421,     43.0,     41.0,     42.0,    128.0,  9, 10, 11, 10,      75907,      75907,      75907,      75907
13,    2578445,     43.0,     41.0,     42.0,    128.0,  9, 10, 11, 10,      75907,      75907,      75907,      75907
13,      42316,     45.0,     46.0,     45.0,    139.0,  9, 10, 11,  9,      75869,      75869,      75869,      75869
13,      42315,     45.0,     46.0,     45.0,    139.0,  9, 10, 11,  9,      75869,      75869,      75869,      75869
13,    2537572,      9.0,      9.0,      9.0,     29.0,  9, 10, 11, 10,    2381367,    2381367,    2381367,    2381367
13,    2539069,     16.0,     16.0,     16.0,     50.0,  9, 10, 11,  9,    2382194,    2382194,    2382194,    2382194
13,      42347,     78.0,     78.0,     78.0,    248.0,  9, 10, 11,  9,      75932,      75932,      75932,      75932
13,    2539103,     23.0,     23.0,     23.0,     73.0,  9, 10, 11,  9,    2382236,    2382236,    2382236,    2382236
14,    2578246,     44.0,     45.0,     48.0,    135.0,  9, 10, 11,  9,      75341,      75341,      75341,      75341
14,    2578258,     44.0,     45.0,     47.0,    135.0,  9, 10, 11,  9,      75341,      75341,      75341,      75341
14,    2578279,     44.0,     44.0,     47.0,    134.0,  9, 10, 11,  9,      75341,      75341,      75341,      75341
14,    2578290,     33.0,     30.0,     34.0,     92.0,  9, 10, 11, 10,      75961,      75961,      75961,      75961
14,    2578310,     33.0,     30.0,     34.0,     93.0,  9, 10, 11, 10,      75961,      75961,      75961,      75961
14,    2537563,     34.0,     30.0,     34.0,     94.0,  9, 10, 11, 10,      75961,      75961,      75961,      75961
14,    2578328,     34.0,     31.0,     35.0,     94.0,  9, 10, 11, 10,      75961,      75961,      75961,      75961
14,    2578344,     35.0,     31.0,     35.0,     95.0,  9, 10, 11, 10,      75961,      75961,      75961,      75961
14,    2578378,     45.0,     45.0,     45.0,    138.0,  9, 10, 11, 10,      75907,      75907,      75907,      75907
14,    2578392,     45.0,     44.0,     45.0,    137.0,  9, 10, 11, 10,      75907,      75907,      75907,      75907
14,      42338,     44.0,     44.0,     44.0,    136.0,  9, 10, 11, 10,      75907,      75907,      75907,      75907
14,    2578421,     44.0,     44.0,     44.0,    136.0,  9, 10, 11, 10,      75907,      75907,      75907,      75907
14,    2578445,     44.0,     44.0,     44.0,    136.0,  9, 10, 11, 10,      75907,      75907,      75907,      75907
14,      42316,     46.0,     46.0,     45.0,    140.0,  9, 10, 11, 11,      75869,      75869,      75869,      75869
14,      42315,     46.0,     46.0,     45.0,    140.0,  9, 10, 11, 11,      75869,      75869,      75869,      75869
14,    2537572,      9.0,      9.0,      9.0,     28.0,  9, 10, 11,  9,    2381367,    2381367,    2381367,    2381367
14,    2539069,     16.0,     16.0,     16.0,     51.0,  9, 10, 11,  9,    2382194,    2382194,    2382194,    2382194
14,      42347,     78.0,     78.0,     78.0,    248.0,  9, 10, 11,  9,      75932,      75932,      75932,      75932
14,    2539103,     23.0,     23.0,     23.0,     73.0,  9, 10, 11,  9,    2382236,    2382236,    2382236,    2382236
15,    2578246,     46.0,     45.0,     48.0,    138.0,  9, 10, 11,  9,      75341,      75341,      75341,      75341
15,    2578258,     45.0,     45.0,     48.0,    137.0,  9, 10, 11, 10,      75341,      75341,      75341,      75341
15,    2578279,     45.0,     44.0,     47.0,    136.0,  9, 10, 11, 10,      75341,      75341,      75341,      75341
15,    2578290,     34.0,     31.0,     35.0,     98.0,  9, 10, 11, 10,      75961,      75961,      75961,      75961
15,    2578310,     35.0,     32.0,     35.0,     98.0,  9, 10, 11, 10,      75961,      75961,      75961,      75961
15,    2537563,     35.0,     32.0,     36.0,     99.0,  9, 10, 11, 10,      75961,      75961,      75961,      75961
15,    2578328,     36.0,     33.0,     36.0,    100.0,  9, 10, 11, 10,      75961,      75961,      75961,      75961
15,    2578344,     36.0,     33.0,     37.0,    101.0,  9, 10, 11, 10,      75961,      75961,      75961,      75961
15,    2578378,     45.0,     46.0,     46.0,    136.0,  9, 10, 11,  9,      75907,      75907,      75907,      75907
15,    2578392,     44.0,     45.0,     45.0,    135.0,  9, 10, 11,  9,      75907,      75907,      75907,      75907
15,      42338,     44.0,     45.0,     45.0,    135.0,  9, 10, 11,  9,      75907,      75907,      75907,      75907
15,    2578421,     44.0,     45.0,     45.0,    135.0,  9, 10, 11,  9,      75907,      75907,      75907,      75907
15,    2578445,     43.0,     44.0,     45.0,    135.0,  9, 10, 11,  9,      75907,      75907,      75907,      75907
15,      42316,     46.0,     46.0,     45.0,    141.0,  9, 10, 11, 11,      75869,      75869,      75869,      75869
15,      42315,     46.0,     47.0,     46.0,    141.0,  9, 10, 11, 11,      75869,      75869,      75869,      75869
15,    2537572,      9.0,      9.0,      9.0,     29.0,  9, 10, 11,  9,    2381367,    2381367,    2381367,    2381367
15,    2539069,     16.0,     16.0,     16.0,     50.0,  9, 10, 11,  9,    2382194,    2382194,    2382194,    2382194
15,      42347,     78.0,     78.0,     78.0,    248.0,  9, 10, 11,  9,      75932,      75932,      75932,      75932
15,    2539103,     23.0,     23.0,     23.0,     73.0,  9, 10, 11,  9,    2382236,    2382236,    2382236,    2382236
16,    2578246,     47.0,     47.0,     48.0,    143.0,  9, 10, 11, 10,      75341,      75341,      75341,      75341
16,    2578258,     47.0,     47.0,     48.0,    142.0,  9, 10, 11, 10,      75341,      75341,      75341,      75341
16,    2578279,     46.0,     46.0,     47.0,    141.0,  9, 10, 11, 10,      75341,      75341,      75341,      75341
16,    2578290,     37.0,     35.0,     38.0,    110.0,  9, 10, 11, 10,      75961,      75961,      75961,      75961
16,    2578310,     38.0,     36.0,     38.0,    111.0,  9, 10, 11, 10,      75961,      75961,      75961,      75961
16,    2537563,     38.0,     36.0,     39.0,    112.0,  9, 10, 11, 10,      75961,      75961,      75961,      75961
16,    2578328,     39.0,     37.0,     39.0,    113.0,  9, 10, 11, 10,      75961,      75961,      75961,      75961
16,    2578344,     39.0,     37.0,     40.0,    114.0,  9, 10, 11, 10,      75961,      75961,      75961,      75961
16,    2578378,     45.0,     45.0,     46.0,    138.0,  9, 10, 11,  9,      75907,      75907,      75907,      75907
16,    2578392,     45.0,     44.0,     45.0,    137.0,  9, 10, 11,  9,      75907,      75907,      75907,      75907
16,      42338,     44.0,     44.0,     45.0,    136.0,  9, 10, 11, 10,      75907,      75907,      75907,      75907
16,    2578421,     44.0,     44.0,     45.0,    136.0,  9, 10, 11, 10,      75907,      75907,      75907,      75907
16,    2578445,     44.0,     44.0,     45.0,    136.0,  9, 10, 11,  9,      75907,      75907,      75907,      75907
16,      42316,     46.0,     46.0,     45.0,    141.0,  9, 10, 11, 11,      75869,      75869,      75869,      75869
16,      42315,     46.0,     46.0,     46.0,    141.0,  9, 10, 11, 11,      75869,      75869,      75869,      75869
16,    2537572,     13.0,     13.0,     12.0,     39.0,  9, 10, 11,  9,    2381367,    2381367,    2381367,    2381367
16,    2539069,     16.0,     16.0,     16.0,     50.0,  9, 10, 11,  9,    2382194,    2382194,    2382194,    2382194
16,      42347,     78.0,     78.0,     78.0,    248.0,  9, 10, 11,  9,      75932,      75932,      75932,      75932
16,    2539103,     23.0,     23.0,     23.0,     73.0,  9, 10, 11,  9,    2382236,    2382236,    2382236,    2382236
17,    2578246,     47.0,     47.0,     48.0,    142.0,  9, 10, 11, 10,      75341,      75341,      75341,      75341
17,    2578258,     47.0,     47.0,     48.0,    142.0,  9, 10, 11,  9,      75341,      75341,      75341,      75341
17,    2578279,     46.0,     46.0,     47.0,    141.0,  9, 10, 11,  9,      75341,      75341,      75341,      75341
17,    2578290,     40.0,     38.0,     40.0,    117.0,  9, 10, 11, 10,      75961,      75961,      75961,      75961
17,    2578310,     40.0,     38.0,     41.0,    118.0,  9, 10, 11, 10,      75961,      75961,      75961,      75961
17,    2537563,     41.0,     39.0,     41.0,    119.0,  9, 10, 11, 10,      75961,      75961,      75961,      75961
17,    2578328,     42.0,     39.0,     42.0,    120.0,  9, 10, 11, 10,      75961,      75961,      75961,      75961
17,    2578344,     42.0,     40.0,     43.0,    121.0,  9, 10, 11, 10,      75961,      75961,      75961,      75961
17,    2578378,     45.0,     46.0,     45.0,    138.0,  9, 10, 11, 11,      75907,      75907,      75907,      75907
17,    2578392,     45.0,     45.0,     44.0,    137.0,  9, 10, 11, 11,      75907,      75907,      75907,      75907
17,      42338,     44.0,     45.0,     44.0,    136.0,  9, 10, 11, 11,      75907,      75907,      75907,      75907
17,    2578421,     44.0,     45.0,     44.0,    136.0,  9, 10, 11, 11,      75907,      75907,      75907,      75907
17,    2578445,     44.0,     44.0,     44.0,    136.0,  9, 10, 11, 11,      75907,      75907,      75907,      75907
17,      42316,     46.0,     46.0,     45.0,    141.0,  9, 10, 11, 11,      75869,      75869,      75869,      75869
17,      42315,     46.0,     47.0,     46.0,    141.0,  9, 10, 11, 11,      75869,      75869,      75869,      75869
17,    2537572,     15.0,     15.0,     15.0,     47.0,  9, 10, 11,  9,    2381367,    2381367,    2381367,    2381367
17,    2539069,     16.0,     16.0,     16.0,     50.0,  9, 10, 11,  9,    2382194,    2382194,    2382194,    2382194
17,      42347,     78.0,     78.0,     78.0,    248.0,  9, 10, 11,  9,      75932,      75932,      75932,      75932
17,    2539103,     23.0,     23.0,     23.0,     73.0,  9, 10, 11,  9,    2382236,    2382236,    2382236,    2382236
18,    2578246,     47.0,     47.0,     48.0,    141.0,  9, 10, 11,  9,      75341,      75341,      75341,      75341
18,    2578258,     46.0,     47.0,     48.0,    141.0,  9, 10, 11,  9,      75341,      75341,      75341,      75341
18,    2578279,     46.0,     46.0,     47.0,    140.0,  9, 10, 11,  9,      75341,      75341,      75341,      75341
18,    2578290,     40.0,     37.0,     40.0,    115.0,  9, 10, 11, 10,      75961,      75961,      75961,      75961
18,    2578310,     40.0,     37.0,     41.0,    115.0,  9, 10, 11, 10,      75961,      75961,      75961,      75961
18,    2537563,     41.0,     38.0,     41.0,    116.0,  9, 10, 11, 10,      75961,      75961,      75961,      75961
18,    2578328,     41.0,     38.0,     42.0,    117.0,  9, 10, 11, 10,      75961,      75961,      75961,      75961
18,    2578344,     42.0,     39.0,     42.0,    118.0,  9, 10, 11, 10,      75961,      75961,      75961,      75961
18,    2578378,     45.0,     45.0,     44.0,    135.0,  9, 10, 11, 11,      75907,      75907,      75907,      75907
18,    2578392,     45.0,     45.0,     43.0,    134.0,  9, 10, 11, 11,      75907,      75907,      75907,      75907
18,      42338,     44.0,     44.0,     43.0,    133.0,  9, 10, 11, 11,      75907,      75907,      75907,      75907
18,    2578421,     44.0,     44.0,     43.0,    133.0,  9, 10, 11, 11,      75907,      75907,      75907,      75907
18,    2578445,     44.0,     44.0,     43.0,    133.0,  9, 10, 11, 11,      75907,      75907,      75907,      75907
18,      42316,     46.0,     46.0,     46.0,    141.0,  9, 10, 11, 11,      75869,      75869,      75869,      75869
18,      42315,     46.0,     47.0,     46.0,    142.0,  9, 10, 11, 11,      75869,      75869,      75869,      75869
18,    2537572,     16.0,     16.0,     16.0,     48.0,  9, 10, 11, 11,    2381367,    2381367,    2381367,    2381367
18,    2539069,     16.0,     16.0,     16.0,     50.0,  9, 10, 11,  9,    2382194,    2382194,    2382194,    2382194
18,      42347,     78.0,     78.0,     78.0,    248.0,  9, 10, 11,  9,      75932,      75932,      75932,      75932
18,    2539103,     23.0,     23.0,     23.0,     73.0,  9, 10, 11,  9,    2382236,    2382236,    2382236,    2382236
19,    2578246,     46.0,     47.0,     47.0,    140.0,  9, 10, 11,  9,      75341,      75341,      75341,      75341
19,    2578258,     46.0,     47.0,     47.0,    140.0,  9, 10, 11,  9,      75341,      75341,      75341,      75341
19,    2578279,     45.0,     46.0,     46.0,    139.0,  9, 10, 11,  9,      75341,      75341,      75341,      75341
19,    2578290,     35.0,     31.0,     39.0,     98.0,  9, 10, 11, 10,      75961,      75961,      75961,      75961
19,    2578310,     36.0,     32.0,     39.0,     98.0,  9, 10, 11, 10,      75961,      75961,      75961,      75961
19,    2537563,     36.0,     32.0,     40.0,     99.0,  9, 10, 11, 10,      75961,      75961,      75961,      75961
19,    2578328,     37.0,     33.0,     40.0,    100.0,  9, 10, 11, 10,      75961,      75961,      75961,      75961
19,    2578344,     37.0,     33.0,     41.0,    101.0,  9, 10, 11, 10,      75961,      75961,      75961,      75961
19,    2578378,     44.0,     45.0,     44.0,    135.0,  9, 10, 11,  9,      75907,      75907,      75907,      75907
19,    2578392,     44.0,     45.0,     44.0,    134.0,  9, 10, 11,  9,      75907,      75907,      75907,      75907
19,      42338,     43.0,     44.0,     43.0,    134.0,  9, 10, 11,  9,      75907,      75907,      75907,      75907
19,    2578421,     43.0,     44.0,     43.0,    134.0,  9, 10, 11,  9,      75907,      75907,      75907,      75907
19,    2578445,     43.0,     44.0,     43.0,    133.0,  9, 10, 11,  9,      75907,      75907,      75907,      75907
19,      42316,     46.0,     46.0,     44.0,    137.0,  9, 10, 11, 11,      75869,      75869,      75869,      75869
19,      42315,     46.0,     46.0,     44.0,    137.0,  9, 10, 11, 11,      75869,      75869,      75869,      75869
19,    2537572,     14.0,     14.0,     14.0,     42.0,  9, 10, 11, 10,    2381367,    2381367,    2381367,    2381367
19,    2539069,     15.0,     15.0,     15.0,     49.0,  9, 10, 11,  9,    2382194,    2382194,    2382194,    2382194
19,      42347,     78.0,     78.0,     78.0,    248.0,  9, 10, 11,  9,      75932,      75932,      75932,      75932
19,    2539103,     23.0,     23.0,     23.0,     73.0,  9, 10, 11,  9,    2382236,    2382236,    2382236,    2382236
20,    2578246,     46.0,     45.0,     48.0,    135.0,  9, 10, 11, 10,      75341,      75341,      75341,      75341
20,    2578258,     46.0,     44.0,     47.0,    135.0,  9, 10, 11, 10,      75341,      75341,      75341,      75341
20,    2578279,     45.0,     44.0,     47.0,    134.0,  9, 10, 11, 10,      75341,      75341,      75341,      75341
20,    2578290,     35.0,     32.0,     36.0,    100.0,  9, 10, 11, 10,      75961,      75961,      75961,      75961
20,    2578310,     35.0,     32.0,     37.0,    100.0,  9, 10, 11, 10,      75961,      75961,      75961,      75961
20,    2537563,     36.0,     33.0,     37.0,    101.0,  9, 10, 11, 10,      75961,      75961,      75961,      75961
20,    2578328,     36.0,     33.0,     38.0,    102.0,  9, 10, 11, 10,      75961,      75961,      75961,      75961
20,    2578344,     37.0,     34.0,     38.0,    103.0,  9, 10, 11, 10,      75961,      75961,      75961,      75961
20,    2578378,     45.0,     44.0,     44.0,    134.0,  9, 10, 11, 10,      75907,      75907,      75907,      75907
20,    2578392,     45.0,     43.0,     43.0,    133.0,  9, 10, 11, 10,      75907,      75907,      75907,      75907
20,      42338,     44.0,     43.0,     43.0,    132.0,  9, 10, 11, 11,      75907,      75907,      75907,      75907
20,    2578421,     44.0,     43.0,     43.0,    132.0,  9, 10, 11, 11,      75907,      75907,      75907,      75907
20,    2578445,     44.0,     43.0,     43.0,    132.0,  9, 10, 11, 11,      75907,      75907,      75907,      75907
20,      42316,     45.0,     45.0,     45.0,    138.0,  9, 10, 11,  9,      75869,      75869,      75869,      75869
20,      42315,     45.0,     46.0,     45.0,    138.0,  9, 10, 11,  9,      75869,      75869,      75869,      75869
20,    2537572,     13.0,     13.0,     13.0,     39.0,  9, 10, 11, 11,    2381367,    2381367,    2381367,    2381367
20,    2539069,     16.0,     16.0,     16.0,     50.0,  9, 10, 11,  9,    2382194,    2382194,    2382194,    2382194
20,      42347,     78.0,     78.0,     78.0,    248.0,  9, 10, 11,  9,      75932,      75932,      75932,      75932
20,    2539103,     23.0,     23.0,     23.0,     73.0,  9, 10, 11,  9,    2382236,    2382236,    2382236,    2382236
21,    2578246,     47.0,     45.0,     47.0,    138.0,  9, 10, 11, 10,      75341,      75341,      75341,      75341
21,    2578258,     46.0,     45.0,     47.0,    137.0,  9, 10, 11, 10,      75341,      75341,      75341,      75341
21,    2578279,     46.0,     44.0,     46.0,    136.0,  9, 10, 11, 10,      75341,      75341,      75341,      75341
21,    2578290,     33.0,     33.0,     34.0,    103.0,  9, 10, 11, 10,      75961,      75961,      75961,      75961
21,    2578310,     33.0,     33.0,     34.0,    103.0,  9, 10, 11, 10,      75961,      75961,      75961,      75961
21,    2537563,     34.0,     34.0,     35.0,    104.0,  9, 10, 11, 10,      75961,      75961,      75961,      75961
21,    2578328,     35.0,     34.0,     35.0,    105.0,  9, 10, 11, 10,      75961,      75961,      75961,      75961
21,    2578344,     35.0,     35.0,     36.0,    106.0,  9, 10, 11, 10,      75961,      75961,      75961,      75961
21,    2578378,     44.0,     43.0,     44.0,    133.0,  9, 10, 11, 10,      75907,      75907,      75907,      75907
21,    2578392,     44.0,     43.0,     43.0,    132.0,  9, 10, 11, 10,      75907,      75907,      75907,      75907
21,      42338,     43.0,     42.0,     43.0,    131.0,  9, 10, 11, 10,      75907,      75907,      75907,      75907
21,    2578421,     43.0,     42.0,     43.0,    131.0,  9, 10, 11, 10,      75907,      75907,      75907,      75907
21,    2578445,     43.0,     42.0,     43.0,    131.0,  9, 10, 11, 10,      75907,      75907,      75907,      75907
21,      42316,     45.0,     45.0,     43.0,    135.0,  9, 10, 11, 11,      75869,      75869,      75869,      75869
21,      42315,     45.0,     45.0,     44.0,    135.0,  9, 10, 11, 11,      75869,      75869,      75869,      75869
21,    2537572,     12.0,     12.0,     12.0,     36.0,  9, 10, 11, 11,    2381367,    2381367,    2381367,    2381367
21,    2539069,     16.0,     16.0,     16.0,     49.0,  9, 10, 11,  9,    2382194,    2382194,    2382194,    2382194
21,      42347,     78.0,     78.0,     78.0,    248.0,  9, 10, 11,  9,      75932,      75932,      75932,      75932
21,    2539103,     23.0,     23.0,     23.0,     72.0,  9, 10, 11,  9,    2382236,    2382236,    2382236,    2382236
22,    2578246,     47.0,     45.0,     48.0,    136.0,  9, 10, 11, 10,      75341,      75341,      75341,      75341
22,    2578258,     47.0,     45.0,     47.0,    136.0,  9, 10, 11, 10,      75341,      75341,      75341,      75341
22,    2578279,     46.0,     44.0,     47.0,    135.0,  9, 10, 11, 10,      75341,      75341,      75341,      75341
22,    2578290,     37.0,     36.0,     39.0,    112.0,  9, 10, 11, 10,      75961,      75961,      75961,      75961
22,    2578310,     38.0,     36.0,     39.0,    113.0,  9, 10, 11, 10,      75961,      75961,      75961,      75961
22,    2537563,     38.0,     37.0,     40.0,    114.0,  9, 10, 11, 10,      75961,      75961,      75961,      75961
22,    2578328,     39.0,     37.0,     40.0,    115.0,  9, 10, 11, 10,      75961,      75961,      75961,      75961
22,    2578344,     39.0,     38.0,     41.0,    116.0,  9, 10, 11, 10,      75961,      75961,      75961,      75961
22,    2578378,     45.0,     45.0,     45.0,    137.0,  9, 10, 11, 10,      75907,      75907,      75907,      75907
22,    2578392,     44.0,     44.0,     44.0,    136.0,  9, 10, 11, 10,      75907,      75907,      75907,      75907
22,      42338,     44.0,     44.0,     44.0,    135.0,  9, 10, 11, 10,      75907,      75907,      75907,      75907
22,    2578421,     44.0,     44.0,     44.0,    135.0,  9, 10, 11, 10,      75907,      75907,      75907,      75907
22,    2578445,     44.0,     44.0,     44.0,    135.0,  9, 10, 11, 10,      75907,      75907,      75907,      75907
22,      42316,     46.0,     46.0,     45.0,    140.0,  9, 10, 11, 11,      75869,      75869,      75869,      75869
22,      42315,     46.0,     46.0,     45.0,    140.0,  9, 10, 11, 11,      75869,      75869,      75869,      75869
22,    2537572,     15.0,     15.0,     14.0,     45.0,  9, 10, 11, 11,    2381367,    2381367,    2381367,    2381367
22,    2539069,     16.0,     16.0,     16.0,     50.0,  9, 10, 11,  9,    2382194,    2382194,    2382194,    2382194
22,      42347,     78.0,     78.0,     78.0,    248.0,  9, 10, 11,  9,      75932,      75932,      75932,      75932
22,    2539103,     23.0,     23.0,     23.0,     72.0,  9, 10, 11,  9,    2382236,    2382236,    2382236,    2382236
23,    2578246,     47.0,     47.0,     48.0,    142.0,  9, 10, 11, 10,      75341,      75341,      75341,      75341
23,    2578258,     47.0,     46.0,     48.0,    141.0,  9, 10, 11, 10,      75341,      75341,      75341,      75341
23,    2578279,     46.0,     46.0,     47.0,    140.0,  9, 10, 11, 10,      75341,      75341,      75341,      75341
23,    2578290,     40.0,     39.0,     41.0,    121.0,  9, 10, 11, 10,      75961,      75961,      75961,      75961
23,    2578310,     40.0,     39.0,     42.0,    122.0,  9, 10, 11, 10,      75961,      75961,      75961,      75961
23,    2537563,     41.0,     40.0,     42.0,    123.0,  9, 10, 11, 10,      75961,      75961,      75961,      75961
23,    2578328,     42.0,     41.0,     43.0,    124.0,  9, 10, 11, 10,      75961,      75961,      75961,      75961
23,    2578344,     42.0,     41.0,     44.0,    125.0,  9, 10, 11, 10,      75961,      75961,      75961,      75961
23,    2578378,     46.0,     45.0,     45.0,    137.0,  9, 10, 11, 11,      75907,      75907,      75907,      75907
23,    2578392,     45.0,     45.0,     44.0,    136.0,  9, 10, 11, 11,      75907,      75907,      75907,      75907
23,      42338,     45.0,     44.0,     44.0,    136.0,  9, 10, 11, 11,      75907,      75907,      75907,      75907
23,    2578421,     45.0,     44.0,     44.0,    136.0,  9, 10, 11, 11,      75907,      75907,      75907,      75907
23,    2578445,     45.0,     44.0,     44.0,    135.0,  9, 10, 11, 11,      75907,      75907,      75907,      75907
23,      42316,     46.0,     46.0,     46.0,    142.0,  9, 10, 11,  9,      75869,      75869,      75869,      75869
23,      42315,     46.0,     46.0,     46.0,    142.0,  9, 10, 11,  9,      75869,      75869,      75869,      75869
23,    2537572,     17.0,     17.0,     16.0,     51.0,  9, 10, 11,  9,    2381367,    2381367,    2381367,    2381367
23,    2539069,     16.0,     16.0,     16.0,     50.0,  9, 10, 11,  9,    2382194,    2382194,    2382194,    2382194
23,      42347,     78.0,     78.0,     78.0,    248.0,  9, 10, 11,  9,      75932,      75932,      75932,      75932
23,    2539103,     23.0,     23.0,     23.0,     72.0,  9, 10, 11,  9,    2382236,    2382236,    2382236,    2382236
24,    2578246,     50.0,     52.0,     50.0,    158.0, 12, 12, 12, 11,      75341,      75341,      75341,      75341
24,    2578258,     50.0,     52.0,     50.0,    157.0, 12, 12, 12,  9,      75341,      75341,    2403764,    2403764
24,    2578279,     51.0,     53.0,     51.0,    156.0, 12, 12, 12,  9,      75341,      75341,      75341,    2403766
24,    2578290,     50.0,     54.0,     53.0,    157.0, 12, 10, 12, 11,      75961,    2403780,      75961,    2403780
24,    2578310,     50.0,     55.0,     53.0,    159.0, 12, 12, 12, 11,      75961,      75961,      75961,      75967
24,    2537563,     49.0,     54.0,     52.0,    168.0, 12, 12, 12, 11,      75961,      75961,      75961,    2403788
24,    2578328,     48.0,     53.0,     51.0,    171.0, 12, 12, 12,  9,    2403792,    2403792,      75961,    2403792
24,    2578344,     48.0,     53.0,     51.0,    171.0, 12, 12, 12, 11,      75961,      75961,      75961,      75961
24,    2578378,     51.0,     51.0,     52.0,    162.0, 12, 12, 12,  9,      75907,      75907,      75907,      75907
24,    2578392,     52.0,     52.0,     52.0,    160.0, 12, 12, 12, 10,      75907,      75907,      75907,    2403802
24,      42338,     52.0,     52.0,     52.0,    156.0, 12, 12, 12, 11,      75907,      75907,      75913,      75913
24,    2578421,     52.0,     52.0,     52.0,    157.0, 12, 12, 12,  9,      75907,      75907,    2403802,      75919
24,    2578445,     52.0,     52.0,     53.0,    157.0, 12, 12, 12, 10,      75907,      75907,      75907,      75919
24,      42316,     53.0,     53.0,     52.0,    158.0, 12, 12, 12, 10,      75869,      75869,      75869,      75876
24,      42315,     53.0,     52.0,     52.0,    158.0, 12, 12, 12,  9,      75869,      75869,      75869,      75874
24,    2537572,     19.0,     19.0,     19.0,     63.0, 12, 12, 12,  9,    2381367,    2381367,    2381367,    2381367
24,    2539069,     19.0,     19.0,     19.0,     62.0, 12, 12, 12,  9,    2382194,    2382194,    2382194,    2382194
24,      42347,     95.0,     95.0,     95.0,    274.0,  9, 10, 11,  9,      75932,      75932,      75932,      75932
24,    2539103,     26.0,     26.0,     26.0,     79.0, 12, 12, 12,  9,    2382236,    2382236,    2382236,    2382236
25,    2578246,     51.0,     51.0,     50.0,    157.0, 12, 12, 12, 11,      75341,      75341,      75341,      75341
25,    2578258,     51.0,     51.0,     50.0,    156.0, 12, 12, 12, 11,      75341,      75341,      75341,    2403764
25,    2578279,     52.0,     52.0,     51.0,    155.0, 12, 12, 12, 11,      75341,      75341,      75341,    2403766
25,    2578290,     50.0,     54.0,     53.0,    157.0, 12, 10, 12, 11,    2403788,    2403780,      75961,    2403780
25,    2578310,     50.0,     55.0,     52.0,    158.0, 12, 12, 12, 11,      75961,      75961,      75967,      75967
25,    2537563,     49.0,     54.0,     52.0,    167.0, 12, 12, 12,  9,    2403788,      75961,      75961,    2403788
25,    2578328,     49.0,     53.0,     51.0,    168.0, 12, 12, 12,  9,      75961,    2403792,      75961,    2403792
25,    2578344,     49.0,     53.0,     50.0,    169.0, 12, 12, 12,  9,      75961,      75961,      75961,      75961
25,    2578378,     52.0,     52.0,     51.0,    161.0, 12, 12, 12, 10,      75907,      75907,      75907,      75907
25,    2578392,     52.0,     52.0,     51.0,    159.0, 12, 12, 12, 10,      75907,    2403802,      75907,    2403802
25,      42338,     53.0,     52.0,     52.0,    156.0, 12, 12, 12, 10,      75907,      75913,      75907,      75913
25,    2578421,     52.0,     52.0,     52.0,    156.0, 12, 12, 12,  9,      75919,      75919,      75907,      75919
25,    2578445,     53.0,     52.0,     52.0,    157.0, 12, 12, 12,  9,      75907,    2403805,      75907,      75919
25,      42316,     53.0,     52.0,     53.0,    158.0, 12, 12, 12,  9,      75869,      75869,      75869,      75876
25,      42315,     53.0,     52.0,     53.0,    158.0, 12, 12, 12,  9,      75869,      75869,      75869,      75874
25,    2537572,     19.0,     19.0,     19.0,     62.0, 12, 12, 12,  9,    2381367,    2381367,    2381367,    2381367
25,    2539069,     19.0,     19.0,     19.0,     62.0, 12, 12, 12,  9,    2382194,    2382194,    2382194,    2382194
25,      42347,     95.0,     95.0,     95.0,    274.0,  9, 10, 11,  9,      75932,      75932,      75932,      75932
25,    2539103,     26.0,     26.0,     26.0,     79.0, 12, 12, 12,  9,    2382236,    2382236,    2382236,    2382236
26,    2578246,     50.0,     52.0,     50.0,    156.0, 12, 12, 12, 11,      75341,      75341,      75341,      75341
26,    2578258,     51.0,     52.0,     50.0,    156.0, 12, 12, 12, 11,      75341,      75341,      75341,    2403764
26,    2578279,     51.0,     52.0,     51.0,    155.0, 12, 12, 12, 11,      75341,    2403766,      75341,    2403766
26,    2578290,     51.0,     54.0,     52.0,    157.0, 12, 10, 12, 11,      75961,    2403780,      75961,    2403780
26,    2578310,     50.0,     55.0,     52.0,    158.0, 12, 12, 12, 11,    2403788,      75961,      75961,      75967
26,    2537563,     50.0,     54.0,     51.0,    165.0, 12, 12, 12, 11,      75961,      75961,      75961,    2403788
26,    2578328,     49.0,     54.0,     50.0,    168.0, 12, 12, 12, 11,    2403792,      75961,      75961,    2403792
26,    2578344,     49.0,     53.0,     50.0,    168.0, 12, 12, 12, 11,      75961,      75961,      75961,      75961
26,    2578378,     51.0,     51.0,     52.0,    161.0, 12, 12, 12,  9,      75907,      75907,      75907,      75907
26,    2578392,     52.0,     52.0,     52.0,    159.0, 12, 12, 12,  9,      75907,      75907,      75907,    2403802
26,      42338,     52.0,     52.0,     52.0,    156.0, 12, 12, 12,  9,      75907,      75913,      75913,      75913
26,    2578421,     52.0,     52.0,     52.0,    156.0, 12, 12, 12,  9,      75907,      75919,    2403802,      75919
26,    2578445,     52.0,     52.0,     53.0,    157.0, 12, 12, 12,  9,      75907,    2403802,      75907,      75919
26,      42316,     53.0,     52.0,     53.0,    157.0, 12, 12, 12, 10,      75869,      75869,      75869,      75876
26,      42315,     53.0,     52.0,     53.0,    158.0, 12, 12, 12,  9,      75869,      75869,      75869,      75874
26,    2537572,     19.0,     19.0,     19.0,     63.0, 12, 12, 12,  9,    2381367,    2381367,    2381367,    2381367
26,    2539069,     19.0,     19.0,     19.0,     63.0, 12, 12, 12,  9,    2382194,    2382194,    2382194,    2382194
26,      42347,     95.0,     95.0,     95.0,    274.0,  9, 10, 11,  9,      75932,      75932,      75932,      75932
26,    2539103,     26.0,     26.0,     26.0,     79.0, 12, 12, 12,  9,    2382236,    2382236,    2382236,    2382236
27,    2578246,     50.0,     51.0,     50.0,    156.0, 12, 12, 12, 11,      75341,      75341,      75341,      75341
27,    2578258,     51.0,     52.0,     50.0,    155.0, 12, 12, 12, 11,      75341,      75341,      75341,    2403764
27,    2578279,     51.0,     52.0,     51.0,    155.0, 12, 12, 12, 11,    2403764,      75341,      75341,    2403766
27,    2578290,     51.0,     54.0,     52.0,    157.0, 12, 10, 12, 11,    2403788,    2403780,      75961,    2403780
27,    2578310,     50.0,     55.0,     52.0,    158.0, 12, 12, 12, 11,    2403788,      75961,      75961,      75967
27,    2537563,     49.0,     54.0,     51.0,    164.0, 12, 12, 12, 11,    2403788,      75961,      75961,    2403788
27,    2578328,     49.0,     54.0,     50.0,    167.0, 12, 12, 12, 11,    2403792,      75961,      75961,      75961
27,    2578344,     49.0,     53.0,     50.0,    167.0, 12, 12, 12, 11,      75961,      75961,      75961,      75961
27,    2578378,     52.0,     51.0,     51.0,    160.0, 12, 12, 12, 10,      75907,      75907,      75907,      75907
27,    2578392,     52.0,     52.0,     51.0,    159.0, 12, 12, 12,  9,      75907,      75907,      75907,    2403802
27,      42338,     52.0,     52.0,     52.0,    156.0, 12, 12, 12,  9,      75913,      75907,      75907,      75913
27,    2578421,     52.0,     52.0,     52.0,    156.0, 12, 12, 12,  9,      75919,      75907,      75907,      75919
27,    2578445,     53.0,     52.0,     52.0,    157.0, 12, 12, 12,  9,      75907,      75919,      75907,      75919
27,      42316,     53.0,     52.0,     53.0,    157.0, 12, 12, 12,  9,      75869,      75869,      75869,      75876
27,      42315,     53.0,     52.0,     52.0,    158.0, 12, 12, 12, 10,      75869,      75869,      75874,      75874
27,    2537572,     19.0,     19.0,     19.0,     62.0, 12, 12, 12,  9,    2381367,    2381367,    2381367,    2381367
27,    2539069,     19.0,     19.0,     19.0,     62.0, 12, 12, 12,  9,    2382194,    2382194,    2382194,    2382194
27,      42347,     95.0,     95.0,     95.0,    274.0,  9, 10, 11,  9,      75932,      75932,      75932,      75932
27,    2539103,     26.0,     26.0,     26.0,     79.0, 12, 12, 12,  9,    2382236,    2382236,    2382236,    2382236
28,    2578246,     51.0,     51.0,     51.0,    156.0, 12, 12, 12, 11,      75341,      75341,      75341,      75341
28,    2578258,     51.0,     51.0,     51.0,    156.0, 12, 12, 12,  9,      75341,      75341,      75341,    2403764
28,    2578279,     52.0,     52.0,     51.0,    155.0, 12, 12, 12, 11,      75341,      75341,    2403764,    2403766
28,    2578290,     51.0,     54.0,     52.0,    157.0, 12, 10, 12, 11,      75961,    2403780,      75961,    2403780
28,    2578310,     50.0,     55.0,     52.0,    158.0, 12, 12, 12, 11,    2403788,      75961,      75961,      75967
28,    2537563,     49.0,     54.0,     51.0,    164.0, 12, 12, 12, 11,    2403788,      75961,      75961,    2403788
28,    2578328,     49.0,     54.0,     50.0,    167.0, 12, 12, 12, 11,    2403792,      75961,      75961,    2403792
28,    2578344,     49.0,     53.0,     50.0,    167.0, 12, 12, 12, 11,      75961,      75961,      75961,      75961
28,    2578378,     51.0,     52.0,     51.0,    161.0, 12, 12, 12,  9,      75907,      75907,      75907,      75907
28,    2578392,     52.0,     52.0,     52.0,    159.0, 12, 12, 12,  9,      75907,      75907,      75907,    2403802
28,      42338,     52.0,     52.0,     52.0,    156.0, 12, 12, 12,  9,      75907,      75913,      75907,      75913
28,    2578421,     52.0,     52.0,     52.0,    156.0, 12, 12, 12, 10,      75907,      75919,      75907,      75919
28,    2578445,     52.0,     52.0,     53.0,    157.0, 12, 12, 12,  9,      75907,    2403802,      75907,      75919
28,      42316,     53.0,     52.0,     53.0,    157.0, 12, 12, 12,  9,      75869,      75869,      75869,      75876
28,      42315,     53.0,     52.0,     52.0,    158.0, 12, 12, 12,  9,      75869,      75869,      75874,      75874
28,    2537572,     19.0,     19.0,     19.0,     62.0, 12, 12, 12,  9,    2381367,    2381367,    2381367,    2381367
28,    2539069,     19.0,     19.0,     19.0,     62.0, 12, 12, 12,  9,    2382194,    2382194,    2382194,    2382194
28,      42347,     95.0,     95.0,     95.0,    274.0,  9, 10, 11,  9,      75932,      75932,      75932,      75932
28,    2539103,     26.0,     26.0,     26.0,     79.0, 12, 12, 12,  9,    2382236,    2382236,    2382236,    2382236
29,    2578246,     50.0,     51.0,     50.0,    156.0, 12, 12, 12, 11,      75341,      75341,      75341,      75341
29,    2578258,     51.0,     51.0,     51.0,    156.0, 12, 12, 12, 11,      75341,      75341,      75341,      75341
29,    2578279,     51.0,     52.0,     51.0,    155.0, 12, 12, 12, 11,      75341,      75341,      75341,    2403766
29,    2578290,     51.0,     54.0,     53.0,    157.0, 12, 10, 12, 11,      75961,    2403780,      75961,    2403780
29,    2578310,     50.0,     54.0,     52.0,    159.0, 12, 12, 12, 11,    2403788,      75967,      75961,      75967
29,    2537563,     50.0,     54.0,     51.0,    165.0, 12, 12, 12, 11,      75961,      75961,      75961,    2403788
29,    2578328,     49.0,     53.0,     51.0,    168.0, 12, 12, 12, 11,    2403792,    2403792,      75961,    2403792
29,    2578344,     49.0,     53.0,     50.0,    168.0, 12, 12, 12, 11,      75961,      75961,      75961,      75961
29,    2578378,     51.0,     52.0,     51.0,    160.0, 12, 12, 12,  9,      75907,      75907,      75907,      75907
29,    2578392,     51.0,     52.0,     52.0,    159.0, 12, 12, 12,  9,      75907,      75907,      75907,    2403802
29,      42338,     52.0,     52.0,     52.0,    156.0, 12, 12, 12,  9,      75907,      75913,      75913,      75913
29,    2578421,     52.0,     52.0,     52.0,    156.0, 12, 12, 12, 10,      75907,      75919,      75919,      75919
29,    2578445,     52.0,     53.0,     52.0,    157.0, 12, 12, 12,  9,      75907,      75907,    2403802,      75919
29,      42316,     53.0,     52.0,     53.0,    157.0, 12, 12, 12, 10,      75869,      75869,      75869,      75876
29,      42315,     53.0,     52.0,     52.0,    158.0, 12, 12, 12,  9,      75869,      75869,      75874,      75874
29,    2537572,     19.0,     19.0,     19.0,     62.0, 12, 12, 12, 10,    2381367,    2381367,    2381367,    2381367
29,    2539069,     19.0,     19.0,     19.0,     62.0, 12, 12, 12,  9,    2382194,    2382194,    2382194,    2382194
29,      42347,     95.0,     95.0,     95.0,    274.0,  9, 10, 11,  9,      75932,      75932,      75932,      75932
29,    2539103,     26.0,     26.0,     26.0,     79.0, 12, 12, 12,  9,    2382236,    2382236,    2382236,    2382236
30,    2578246,     51.0,     51.0,     50.0,    156.0, 12, 12, 12, 11,      75341,      75341,      75341,      75341
30,    2578258,     51.0,     51.0,     50.0,    155.0, 12, 12, 12, 11,      75341,      75341,      75341,    2403764
30,    2578279,     51.0,     52.0,     51.0,    155.0, 12, 12, 12, 11,    2403766,      75341,      75341,    2403766
30,    2578290,     50.0,     54.0,     52.0,    157.0, 12, 10, 12, 11,    2403788,    2403780,      75961,    2403780
30,    2578310,     50.0,     55.0,     52.0,    158.0, 12, 12, 12, 11,      75961,      75967,      75961,      75967
30,    2537563,     49.0,     55.0,     51.0,    164.0, 12, 12, 12, 11,      75961,      75961,      75961,    2403788
30,    2578328,     49.0,     54.0,     50.0,    167.0, 12, 12, 12, 11,      75961,      75961,      75961,    2403792
30,    2578344,     48.0,     54.0,     50.0,    168.0, 12, 12, 12, 11,      75961,      75961,      75961,      75961
30,    2578378,     52.0,     51.0,     52.0,    160.0, 12, 12, 12, 10,      75907,      75907,      75907,      75907
30,    2578392,     52.0,     51.0,     52.0,    158.0, 12, 12, 12, 10,      75907,      75907,      75907,    2403802
30,      42338,     53.0,     52.0,     52.0,    156.0, 12, 12, 12, 10,      75907,      75907,    2403802,      75913
30,    2578421,     52.0,     52.0,     52.0,    156.0, 12, 12, 12,  9,      75919,      75907,    2403802,      75919
30,    2578445,     53.0,     52.0,     53.0,    157.0, 12, 12, 12,  9,      75907,      75907,      75907,      75919
30,      42316,     53.0,     52.0,     52.0,    157.0,  9, 12, 12,  9,      75876,      75869,      75869,      75876
30,      42315,     54.0,     52.0,     52.0,    157.0, 12, 12, 12, 10,      75869,      75869,      75869,      75874
30,    2537572,     19.0,     19.0,     19.0,     62.0, 12, 12, 12,  9,    2381367,    2381367,    2381367,    2381367
30,    2539069,     19.0,     19.0,     19.0,     62.0, 12, 12, 12,  9,    2382194,    2382194,    2382194,    2382194
30,      42347,     95.0,     95.0,     95.0,    274.0,  9, 10, 11,  9,      75932,      75932,      75932,      75932
30,    2539103,     26.0,     26.0,     26.0,     78.0,  9, 10, 11,  9,    2382236,    2382236,    2382236,    2382236
31,    2578246,     50.0,     51.0,     51.0,    157.0, 12, 12, 12, 11,      75341,      75341,      75341,      75341
31,    2578258,     51.0,     51.0,     51.0,    157.0, 12, 12, 12,  9,      75341,      75341,      75341,    2403764
31,    2578279,     52.0,     52.0,     51.0,    156.0, 12, 12, 12,  9,      75341,      75341,    2403764,    2403766
31,    2578290,     50.0,     54.0,     52.0,    157.0, 12, 12, 12, 11,    2403792,    2403780,      75967,    2403780
31,    2578310,     50.0,     55.0,     52.0,    158.0, 12, 12, 12, 11,      75961,      75961,      75967,      75967
31,    2537563,     49.0,     54.0,     51.0,    165.0, 12, 12, 12, 11,      75961,      75961,    2403788,    2403788
31,    2578328,     49.0,     54.0,     51.0,    171.0, 12, 12, 12,  9,      75961,      75961,      75961,    2403792
31,    2578344,     48.0,     53.0,     50.0,    171.0, 12, 12, 12,  9,      75961,      75961,      75961,      75961
31,    2578378,     52.0,     51.0,     50.0,    161.0, 12, 12, 12, 11,      75907,      75907,      75907,      75907
31,    2578392,     53.0,     52.0,     51.0,    160.0, 12, 12, 12, 11,      75907,      75907,      75907,    2403802
31,      42338,     53.0,     52.0,     51.0,    156.0, 12, 12, 12, 11,      75907,      75907,      75907,      75913
31,    2578421,     52.0,     52.0,     51.0,    156.0, 12, 12, 12,  9,      75919,      75907,      75907,      75919
31,    2578445,     52.0,     53.0,     51.0,    156.0, 12, 12, 12,  9,      75919,      75907,      75907,      75919
31,      42316,     53.0,     53.0,     52.0,    157.0, 12, 12, 12,  9,      75869,      75869,      75869,      75876
31,      42315,     53.0,     53.0,     52.0,    157.0, 12, 12, 12, 10,      75869,      75869,      75869,      75874
31,    2537572,     19.0,     19.0,     19.0,     62.0, 12, 12, 12,  9,    2381367,    2381367,    2381367,    2381367
31,    2539069,     19.0,     19.0,     19.0,     63.0, 12, 12, 12,  9,    2382194,    2382194,    2382194,    2382194
31,      42347,     95.0,     95.0,     95.0,    274.0,  9, 10, 11,  9,      75932,      75932,      75932,      75932
31,    2539103,     26.0,     26.0,     26.0,     78.0,  9, 10, 11,  9,    2382236,    2382236,    2382236,    2382236
32,    2578246,     50.0,     51.0,     51.0,    159.0, 12, 12, 12,  9,      75341,      75341,      75341,      75341
32,    2578258,     50.0,     51.0,     51.0,    157.0, 12, 12, 12,  9,      75341,      75341,      75341,    2403764
32,    2578279,     51.0,     51.0,     52.0,    156.0, 12, 12, 12,  9,      75341,    2403766,      75341,    2403766
32,    2578290,     51.0,     53.0,     52.0,    157.0, 12, 12, 12, 11,      75961,    2403780,      75967,    2403780
32,    2578310,     51.0,     54.0,     52.0,    160.0, 12, 12, 12, 11,      75961,      75961,      75967,      75967
32,    2537563,     50.0,     53.0,     51.0,    168.0, 12, 12, 12, 11,      75961,      75961,    2403788,    2403788
32,    2578328,     49.0,     53.0,     51.0,    173.0, 12, 12, 12, 11,    2403792,      75961,      75961,    2403792
32,    2578344,     49.0,     52.0,     51.0,    173.0, 12, 12, 12, 11,      75961,      75961,      75961,      75961
32,    2578378,     50.0,     53.0,     51.0,    163.0, 12, 12, 12,  9,      75907,      75907,      75907,      75907
32,    2578392,     50.0,     53.0,     52.0,    161.0, 12, 12, 12,  9,      75907,    2403802,      75907,    2403802
32,      42338,     51.0,     53.0,     52.0,    157.0, 12, 12, 12,  9,      75907,    2403802,      75907,      75913
32,    2578421,     51.0,     52.0,     52.0,    157.0, 12, 12, 12,  9,      75907,      75919,      75907,      75919
32,    2578445,     51.0,     53.0,     52.0,    157.0, 12, 10, 12,  9,      75907,      75919,      75907,      75919
32,      42316,     53.0,     52.0,     53.0,    158.0, 12, 12, 12,  9,      75869,      75869,      75869,      75876
32,      42315,     53.0,     52.0,     53.0,    157.0, 12, 12, 12, 10,      75869,      75869,      75869,      75874
32,    2537572,     19.0,     19.0,     19.0,     61.0, 12, 12, 12, 10,    2381367,    2381367,    2381367,    2381367
32,    2539069,     19.0,     19.0,     19.0,     64.0, 12, 12, 12,  9,    2382194,    2382194,    2382194,    2382194
32,      42347,     95.0,     95.0,     95.0,    274.0,  9, 10, 11,  9,      75932,      75932,      75932,      75932
32,    2539103,     26.0,     26.0,     26.0,     77.0,  9, 10, 11, 10,    2382236,    2382236,    2382236,    2382236
33,    2578246,     50.0,     51.0,     51.0,    161.0, 12, 12, 12,  9,      75341,      75341,      75341,      75341
33,    2578258,     50.0,     52.0,     51.0,    157.0, 12, 12, 12,  9,      75341,      75341,      75341,    2403764
33,    2578279,     50.0,     52.0,     52.0,    157.0, 12, 12, 12,  9,    2403764,      75341,      75341,    2403766
33,    2578290,     51.0,     53.0,     50.0,    157.0, 12, 12, 12, 11,      75961,    2403780,      75967,    2403780
33,    2578310,     51.0,     55.0,     50.0,    160.0, 12, 12, 12, 11,      75961,      75961,      75967,      75967
33,    2537563,     50.0,     54.0,     50.0,    177.0, 12, 12, 12, 11,      75961,      75961,      75961,    2403788
33,    2578328,     50.0,     54.0,     50.0,    181.0, 12, 12, 12, 11,      75961,      75961,      75961,    2403792
33,    2578344,     49.0,     53.0,     49.0,    181.0, 12, 12, 12, 11,      75961,      75961,      75961,      75961
33,    2578378,     48.0,     53.0,     53.0,    164.0, 12, 12, 12,  9,      75907,      75907,      75907,      75907
33,    2578392,     49.0,     52.0,     54.0,    162.0, 12, 12, 12,  9,      75907,    2403802,      75907,    2403802
33,      42338,     49.0,     53.0,     53.0,    157.0, 12, 12, 12,  9,      75907,      75913,      75913,      75913
33,    2578421,     49.0,     52.0,     53.0,    157.0, 12, 12, 12,  9,      75907,      75919,      75919,      75919
33,    2578445,     49.0,     52.0,     53.0,    157.0, 12, 12, 12,  9,      75907,      75919,      75919,      75919
33,      42316,     52.0,     52.0,     54.0,    160.0, 12, 12, 12,  9,      75869,      75869,      75869,      75876
33,      42315,     52.0,     52.0,     52.0,    157.0, 12, 12, 12, 10,      75869,      75869,      75874,      75874
33,    2537572,     18.0,     19.0,     19.0,     68.0, 12, 12, 12,  9,    2381367,    2381367,    2381367,    2381367
33,    2539069,     19.0,     19.0,     19.0,     64.0, 12, 12, 12,  9,    2382194,    2382194,    2382194,    2382194
33,      42347,     95.0,     95.0,     95.0,    274.0,  9, 10, 11,  9,      75932,      75932,      75932,      75932
33,    2539103,     26.0,     26.0,     26.0,     77.0,  9, 10, 11, 10,    2382236,    2382236,    2382236,    2382236
34,    2578246,     49.0,     53.0,     50.0,    160.0, 12, 12, 12,  9,      75341,      75341,      75341,      75341
34,    2578258,     49.0,     53.0,     50.0,    157.0, 12, 12, 12,  9,      75341,      75341,      75341,    2403764
34,    2578279,     50.0,     53.0,     51.0,    156.0, 12, 12, 12,  9,      75341,    2403766,      75341,    2403766
34,    2578290,     49.0,     53.0,     52.0,    157.0, 12, 12, 12, 11,    2403788,    2403780,      75967,    2403780
34,    2578310,     49.0,     53.0,     51.0,    161.0, 12, 12, 12, 11,    2403788,    2403792,      75967,      75967
34,    2537563,     48.0,     53.0,     53.0,    182.0, 12, 12, 12,  9,    2403788,      75961,      75961,    2403788
34,    2578328,     48.0,     52.0,     53.0,    186.0, 12, 12, 12,  9,      75961,      75961,      75961,    2403792
34,    2578344,     48.0,     52.0,     52.0,    188.0, 12, 12, 12,  9,      75961,      75961,      75961,      75961
34,    2578378,     49.0,     51.0,     53.0,    166.0, 12, 12, 12,  9,      75907,      75907,      75907,      75907
34,    2578392,     50.0,     51.0,     54.0,    163.0, 12, 12, 12, 10,      75907,    2403802,      75907,    2403802
34,      42338,     50.0,     51.0,     54.0,    157.0, 12, 12, 12,  9,      75907,    2403802,      75907,      75913
34,    2578421,     50.0,     51.0,     53.0,    157.0, 12, 12, 12,  9,      75907,    2403802,      75919,      75919
34,    2578445,     50.0,     52.0,     53.0,    157.0, 12, 12, 12, 10,      75907,      75907,      75919,      75919
34,      42316,     53.0,     51.0,     54.0,    160.0, 12, 12, 12,  9,      75869,      75869,      75869,      75876
34,      42315,     53.0,     51.0,     52.0,    157.0, 12, 12, 12, 10,      75869,      75869,      75874,      75874
34,    2537572,     18.0,     19.0,     19.0,     71.0, 12, 12, 12,  9,    2381367,    2381367,    2381367,    2381367
34,    2539069,     19.0,     19.0,     19.0,     63.0, 12, 12, 12,  9,    2382194,    2382194,    2382194,    2382194
34,      42347,     95.0,     95.0,     95.0,    274.0,  9, 10, 11,  9,      75932,      75932,      75932,      75932
34,    2539103,     26.0,     26.0,     26.0,     77.0,  9, 10, 11, 10,    2382236,    2382236,    2382236,    2382236
35,    2578246,     49.0,     52.0,     51.0,    161.0, 12, 12, 12, 11,      75341,      75341,      75341,      75341
35,    2578258,     49.0,     52.0,     51.0,    156.0, 12, 12, 12,  9,      75341,    2403764,      75341,    2403764
35,    2578279,     49.0,     52.0,     52.0,    156.0, 12, 12, 12,  9,    2403764,    2403766,      75341,    2403766
35,    2578290,     51.0,     53.0,     51.0,    157.0, 12, 12, 12, 11,    2403788,    2403780,      75961,    2403780
35,    2578310,     51.0,     54.0,     50.0,    159.0, 12, 12, 12, 11,      75967,      75961,      75961,      75967
35,    2537563,     50.0,     53.0,     49.0,    186.0, 12, 12, 12, 11,    2403788,      75961,      75961,    2403788
35,    2578328,     51.0,     52.0,     49.0,    189.0, 12, 12, 12, 11,    2403792,    2403792,      75961,    2403792
35,    2578344,     51.0,     52.0,     48.0,    189.0, 12, 12, 12, 11,      75961,      75961,      75961,      75961
35,    2578378,     51.0,     52.0,     51.0,    164.0, 12, 12, 12, 11,      75907,      75907,      75907,      75907
35,    2578392,     52.0,     52.0,     51.0,    162.0, 12, 12, 12, 11,      75907,    2403802,      75907,    2403802
35,      42338,     52.0,     53.0,     51.0,    156.0, 12, 12, 12, 11,      75907,      75907,    2403802,      75913
35,    2578421,     52.0,     53.0,     51.0,    157.0, 12, 12, 12,  9,      75907,      75907,    2403802,      75919
35,    2578445,     52.0,     53.0,     51.0,    157.0, 12, 12, 12,  9,      75907,      75907,    2403802,      75919
35,      42316,     53.0,     50.0,     54.0,    158.0, 12, 12, 12, 10,      75869,      75869,      75869,      75876
35,      42315,     53.0,     50.0,     52.0,    157.0, 12, 12, 12, 10,      75869,      75869,      75874,      75874
35,    2537572,     18.0,     19.0,     19.0,     77.0, 12, 12, 12,  9,    2381367,    2381367,    2381367,    2381367
35,    2539069,     19.0,     19.0,     19.0,     62.0, 12, 12, 12,  9,    2382194,    2382194,    2382194,    2382194
35,      42347,     95.0,     95.0,     95.0,    274.0,  9, 10, 11,  9,      75932,      75932,      75932,      75932
35,    2539103,     26.0,     26.0,     26.0,     78.0,  9, 10, 11,  9,    2382236,    2382236,    2382236,    2382236
36,    2578246,     53.0,     50.0,     49.0,    158.0, 12, 12, 12, 11,      75341,      75341,      75341,      75341
36,    2578258,     51.0,     50.0,     49.0,    158.0, 12, 12, 12, 11,    2403764,      75341,      75341,      75341
36,    2578279,     51.0,     51.0,     49.0,    156.0, 12, 12, 12, 11,    2403766,      75341,      75341,    2403766
36,    2578290,     48.0,     53.0,     52.0,    157.0, 12, 12, 12, 10,    2403788,    2403780,      75961,    2403780
36,    2578310,     48.0,     56.0,     51.0,    158.0, 12, 12, 12, 11,    2403788,      75961,      75967,      75967
36,    2537563,     47.0,     55.0,     51.0,    185.0, 12, 12, 12,  9,    2403788,      75961,      75961,    2403788
36,    2578328,     47.0,     55.0,     50.0,    189.0, 12, 12, 12,  9,    2403792,      75961,      75961,    2403792
36,    2578344,     47.0,     55.0,     50.0,    190.0, 12, 12, 12, 11,      75961,      75961,      75961,      75961
36,    2578378,     49.0,     52.0,     52.0,    164.0, 12, 12, 12,  9,      75907,      75907,      75907,      75907
36,    2578392,     50.0,     52.0,     53.0,    162.0, 12, 12, 12,  9,      75907,    2403802,      75907,    2403802
36,      42338,     50.0,     52.0,     52.0,    156.0, 12, 12, 12, 11,      75907,    2403802,      75913,      75913
36,    2578421,     50.0,     52.0,     53.0,    157.0, 12, 12, 12,  9,      75907,      75919,      75907,      75919
36,    2578445,     50.0,     52.0,     54.0,    157.0, 12, 12, 12,  9,      75907,      75919,      75907,      75919
36,      42316,     51.0,     50.0,     56.0,    158.0, 12, 12, 12,  9,      75876,      75869,      75869,      75876
36,      42315,     51.0,     50.0,     52.0,    157.0, 12, 12, 12, 10,      75869,      75869,      75874,      75874
36,    2537572,     18.0,     19.0,     19.0,     78.0, 12, 12, 12,  9,    2381367,    2381367,    2381367,    2381367
36,    2539069,     19.0,     19.0,     19.0,     62.0, 12, 12, 12,  9,    2382194,    2382194,    2382194,    2382194
36,      42347,     95.0,     95.0,     95.0,    274.0,  9, 10, 11,  9,      75932,      75932,      75932,      75932
36,    2539103,     26.0,     26.0,     26.0,     78.0,  9, 10, 11,  9,    2382236,    2382236,    2382236,    2382236
37,    2578246,     52.0,     51.0,     49.0,    157.0, 12, 12, 12, 11,      75341,      75341,      75341,      75341
37,    2578258,     50.0,     51.0,     49.0,    157.0, 12, 12, 12, 11,    2403764,      75341,      75341,      75341
37,    2578279,     51.0,     52.0,     50.0,    156.0, 12, 12, 12,  9,    2403764,      75341,      75341,    2403766
37,    2578290,     49.0,     53.0,     52.0,    158.0, 12, 12, 12, 10,      75961,    2403780,      75967,    2403780
37,    2578310,     48.0,     55.0,     51.0,    160.0, 12, 12, 12, 11,    2403788,      75961,      75967,      75967
37,    2537563,     47.0,     54.0,     52.0,    190.0, 12, 12, 12,  9,    2403792,      75961,      75961,    2403788
37,    2578328,     47.0,     54.0,     52.0,    194.0, 12, 12, 12,  9,      75961,      75961,      75961,    2403792
37,    2578344,     47.0,     53.0,     51.0,    195.0, 12, 12, 12,  9,      75961,      75961,      75961,      75961
37,    2578378,     49.0,     53.0,     51.0,    168.0, 12, 12, 12,  9,      75907,      75907,      75907,      75907
37,    2578392,     50.0,     52.0,     52.0,    162.0, 12, 12, 12,  9,      75907,    2403802,      75907,    2403802
37,      42338,     50.0,     53.0,     52.0,    156.0, 12, 12, 12, 11,      75907,    2403802,      75907,      75913
37,    2578421,     50.0,     51.0,     52.0,    157.0, 12, 12, 12,  9,      75907,      75919,      75907,      75919
37,    2578445,     50.0,     52.0,     53.0,    157.0, 12, 12, 12,  9,      75907,      75919,      75907,      75919
37,      42316,     54.0,     52.0,     53.0,    158.0, 12, 12, 12, 10,      75869,      75869,      75869,      75876
37,      42315,     53.0,     52.0,     52.0,    157.0,  9, 12, 12, 11,      75874,      75869,      75869,      75874
37,    2537572,     18.0,     19.0,     19.0,     82.0, 12, 12, 12,  9,    2381367,    2381367,    2381367,    2381367
37,    2539069,     19.0,     19.0,     19.0,     63.0, 12, 12, 12,  9,    2382194,    2382194,    2382194,    2382194
37,      42347,     95.0,     95.0,     95.0,    274.0,  9, 10, 11,  9,      75932,      75932,      75932,      75932
37,    2539103,     26.0,     26.0,     26.0,     78.0,  9, 10, 11,  9,    2382236,    2382236,    2382236,    2382236
38,    2578246,     52.0,     51.0,     48.0,    159.0, 12, 12, 12, 11,      75341,      75341,      75341,      75341
38,    2578258,     50.0,     52.0,     49.0,    159.0, 12, 12, 12, 11,    2403764,      75341,      75341,      75341
38,    2578279,     50.0,     52.0,     49.0,    156.0, 12, 12, 12,  9,    2403764,      75341,      75341,    2403766
38,    2578290,     49.0,     54.0,     52.0,    157.0, 12, 12, 12, 11,      75961,    2403780,      75961,    2403780
38,    2578310,     49.0,     56.0,     51.0,    160.0, 12, 12, 12, 11,      75961,      75967,      75961,      75967
38,    2537563,     48.0,     55.0,     50.0,    192.0, 12, 12, 12, 11,      75961,    2403792,      75961,    2403788
38,    2578328,     48.0,     55.0,     50.0,    195.0, 12, 12, 12, 11,      75961,      75961,      75961,    2403792
38,    2578344,     48.0,     55.0,     49.0,    195.0, 12, 12, 12, 11,      75961,      75961,      75961,      75961
38,    2578378,     50.0,     52.0,     51.0,    164.0, 12, 12, 12,  9,      75907,      75907,      75907,      75907
38,    2578392,     51.0,     53.0,     52.0,    161.0, 12, 12, 12,  9,      75907,      75907,      75907,    2403802
38,      42338,     51.0,     52.0,     52.0,    156.0, 12, 12, 12, 11,      75907,    2403805,      75907,      75913
38,    2578421,     51.0,     52.0,     52.0,    157.0, 12, 12, 12,  9,      75907,      75919,      75907,      75919
38,    2578445,     51.0,     52.0,     53.0,    157.0, 12, 12, 12,  9,      75907,      75919,      75907,      75919
38,      42316,     53.0,     51.0,     53.0,    158.0, 12, 12, 12, 10,      75869,      75869,      75869,      75876
38,      42315,     53.0,     51.0,     52.0,    157.0, 12, 12, 12,  9,      75869,      75869,      75874,      75874
38,    2537572,     18.0,     19.0,     19.0,     84.0, 12, 12, 12,  9,    2381367,    2381367,    2381367,    2381367
38,    2539069,     19.0,     19.0,     19.0,     62.0, 12, 12, 12,  9,    2382194,    2382194,    2382194,    2382194
38,      42347,     95.0,     95.0,     95.0,    274.0,  9, 10, 11,  9,      75932,      75932,      75932,      75932
38,    2539103,     26.0,     26.0,     26.0,     78.0,  9, 10, 11,  9,    2382236,    2382236,    2382236,    2382236
39,    2578246,     51.0,     52.0,     49.0,    158.0, 12, 12, 12, 11,      75341,      75341,      75341,      75341
39,    2578258,     50.0,     52.0,     49.0,    158.0, 12, 12, 12,  9,    2403764,      75341,      75341,    2403764
39,    2578279,     51.0,     52.0,     50.0,    157.0, 12, 12, 12,  9,    2403764,    2403766,      75341,    2403766
39,    2578290,     49.0,     54.0,     51.0,    157.0, 12, 10, 12, 11,    2403788,    2403780,      75961,    2403780
39,    2578310,     49.0,     55.0,     51.0,    159.0, 12, 12, 12, 11,    2403788,      75967,      75961,      75967
39,    2537563,     48.0,     56.0,     50.0,    187.0, 12, 12, 12, 11,    2403788,      75961,      75961,    2403788
39,    2578328,     48.0,     55.0,     49.0,    191.0, 12, 12, 12,  9,      75961,      75961,      75961,    2403792
39,    2578344,     48.0,     55.0,     49.0,    191.0, 12, 12, 12, 11,      75961,      75961,      75961,      75961
39,    2578378,     52.0,     51.0,     51.0,    163.0, 12, 12, 12, 11,      75907,      75907,      75907,      75907
39,    2578392,     53.0,     52.0,     51.0,    161.0, 12, 12, 12, 10,      75907,      75907,      75907,    2403802
39,      42338,     52.0,     52.0,     52.0,    156.0, 12, 12, 12, 11,      75913,      75907,      75907,      75913
39,    2578421,     53.0,     51.0,     52.0,    157.0, 12, 12, 12, 10,      75907,      75919,      75907,      75919
39,    2578445,     53.0,     52.0,     52.0,    158.0, 12, 12, 12, 10,      75907,      75907,      75907,      75919
39,      42316,     53.0,     52.0,     53.0,    157.0, 12, 12, 12, 10,      75869,      75869,      75869,      75876
39,      42315,     53.0,     51.0,     52.0,    157.0, 12, 12, 12, 11,      75869,      75869,      75874,      75874
39,    2537572,     18.0,     19.0,     19.0,     83.0, 12, 12, 12,  9,    2381367,    2381367,    2381367,    2381367
39,    2539069,     19.0,     19.0,     19.0,     63.0, 12, 12, 12,  9,    2382194,    2382194,    2382194,    2382194
39,      42347,     95.0,     95.0,     95.0,    274.0,  9, 10, 11,  9,      75932,      75932,      75932,      75932
39,    2539103,     26.0,     26.0,     26.0,     77.0,  9, 10, 11, 10,    2382236,    2382236,    2382236,    2382236
40,    2578246,     50.0,     51.0,     50.0,    158.0, 12, 12, 12, 11,      75341,      75341,      75341,      75341
40,    2578258,     51.0,     51.0,     50.0,    158.0, 12, 12, 12,  9,      75341,      75341,      75341,    2403764
40,    2578279,     52.0,     52.0,     51.0,    157.0, 12, 12, 12,  9,      75341,      75341,      75341,    2403766
40,    2578290,     50.0,     54.0,     52.0,    157.0, 12, 10, 12, 11,    2403788,    2403780,      75961,    2403780
40,    2578310,     50.0,     55.0,     52.0,    158.0, 12, 12, 12, 11,    2403788,      75961,      75961,      75967
40,    2537563,     49.0,     54.0,     51.0,    178.0, 12, 12, 12, 11,    2403788,      75961,      75961,    2403788
40,    2578328,     49.0,     54.0,     50.0,    181.0, 12, 12, 12, 11,      75961,      75961,      75961,    2403792
40,    2578344,     49.0,     53.0,     50.0,    182.0, 12, 12, 12, 11,      75961,      75961,      75961,      75961
40,    2578378,     51.0,     52.0,     50.0,    163.0, 12, 12, 12, 11,      75907,      75907,      75907,      75907
40,    2578392,     51.0,     53.0,     51.0,    161.0, 12, 12, 12,  9,    2403802,      75907,      75907,    2403802
40,      42338,     51.0,     53.0,     51.0,    156.0, 12, 12, 12, 11,    2403805,      75907,      75907,      75913
40,    2578421,     51.0,     52.0,     51.0,    157.0, 12, 12, 12,  9,    2403805,      75919,      75907,      75919
40,    2578445,     52.0,     52.0,     52.0,    157.0, 12, 12, 12,  9,      75907,      75919,      75907,      75919
40,      42316,     53.0,     52.0,     54.0,    157.0, 12, 12, 12, 10,      75869,      75869,      75869,      75876
40,      42315,     52.0,     52.0,     52.0,    157.0, 12, 12, 12, 10,      75869,      75869,      75874,      75874
40,    2537572,     18.0,     19.0,     19.0,     73.0, 12, 12, 12,  9,    2381367,    2381367,    2381367,    2381367
40,    2539069,     19.0,     19.0,     19.0,     63.0, 12, 12, 12,  9,    2382194,    2382194,    2382194,    2382194
40,      42347,     95.0,     95.0,     95.0,    274.0,  9, 10, 11,  9,      75932,      75932,      75932,      75932
40,    2539103,     26.0,     26.0,     26.0,     78.0,  9, 10, 11,  9,    2382236,    2382236,    2382236,    2382236
41,    2578246,     51.0,     51.0,     50.0,    157.0, 12, 12, 12, 11,      75341,      75341,      75341,      75341
41,    2578258,     51.0,     52.0,     50.0,    157.0, 12, 12, 12, 11,      75341,      75341,      75341,    2403764
41,    2578279,     51.0,     52.0,     51.0,    156.0, 12, 12, 12, 11,    2403766,      75341,      75341,    2403766
41,    2578290,     51.0,     53.0,     52.0,    158.0, 12, 12, 12, 10,      75961,    2403780,      75961,    2403780
41,    2578310,     50.0,     55.0,     52.0,    160.0, 12, 12, 12, 11,      75961,      75967,      75961,      75967
41,    2537563,     50.0,     54.0,     51.0,    170.0, 12, 12, 12, 11,      75961,    2403788,      75961,    2403788
41,    2578328,     49.0,     54.0,     50.0,    173.0, 12, 12, 12, 11,      75961,      75961,      75961,    2403792
41,    2578344,     49.0,     54.0,     50.0,    174.0, 12, 12, 12, 11,      75961,      75961,      75961,      75961
41,    2578378,     51.0,     52.0,     52.0,    164.0, 12, 12, 12,  9,      75907,      75907,      75907,      75907
41,    2578392,     51.0,     52.0,     52.0,    162.0, 12, 12, 12,  9,      75907,      75907,      75907,    2403802
41,      42338,     51.0,     52.0,     53.0,    157.0, 12, 12, 12,  9,    2403805,      75913,      75907,      75913
41,    2578421,     51.0,     52.0,     53.0,    157.0, 12, 12, 12,  9,    2403805,      75919,      75907,      75919
41,    2578445,     52.0,     52.0,     53.0,    157.0, 12, 12, 12,  9,      75907,    2403805,      75907,      75919
41,      42316,     53.0,     52.0,     53.0,    158.0, 12, 12, 12,  9,      75869,      75869,      75869,      75876
41,      42315,     53.0,     52.0,     53.0,    157.0, 12, 12, 12,  9,      75869,      75869,      75869,      75874
41,    2537572,     18.0,     19.0,     19.0,     65.0, 12, 12, 12,  9,    2381367,    2381367,    2381367,    2381367
41,    2539069,     19.0,     19.0,     19.0,     63.0, 12, 12, 12,  9,    2382194,    2382194,    2382194,    2382194
41,      42347,     95.0,     95.0,     95.0,    274.0,  9, 10, 11,  9,      75932,      75932,      75932,      75932
41,    2539103,     26.0,     26.0,     26.0,     78.0,  9, 10, 11,  9,    2382236,    2382236,    2382236,    2382236
42,    2578246,     52.0,     51.0,     49.0,    157.0, 12, 12, 12, 11,      75341,      75341,      75341,      75341
42,    2578258,     51.0,     51.0,     50.0,    157.0, 12, 12, 12, 11,    2403764,      75341,      75341,    2403764
42,    2578279,     52.0,     52.0,     50.0,    156.0, 12, 12, 12,  9,    2403764,      75341,      75341,    2403766
42,    2578290,     49.0,     54.0,     52.0,    157.0, 12, 10, 12, 11,    2403788,    2403780,      75961,    2403780
42,    2578310,     49.0,     56.0,     52.0,    160.0, 12, 12, 12, 11,      75961,      75967,      75961,      75967
42,    2537563,     48.0,     56.0,     51.0,    171.0, 12, 12, 12,  9,    2403788,      75961,      75961,    2403788
42,    2578328,     48.0,     55.0,     50.0,    174.0, 12, 12, 12,  9,      75961,      75961,      75961,    2403792
42,    2578344,     48.0,     55.0,     50.0,    175.0, 12, 12, 12,  9,      75961,      75961,      75961,      75961
42,    2578378,     50.0,     51.0,     52.0,    165.0, 12, 12, 12,  9,      75907,      75907,      75907,      75907
42,    2578392,     51.0,     52.0,     52.0,    163.0, 12, 12, 12,  9,      75907,      75907,    2403802,    2403802
42,      42338,     51.0,     52.0,     53.0,    157.0, 12, 12, 12,  9,      75907,      75907,      75907,      75913
42,    2578421,     51.0,     52.0,     53.0,    157.0, 12, 12, 12,  9,      75907,      75907,      75907,      75919
42,    2578445,     51.0,     53.0,     53.0,    157.0, 12, 12, 12,  9,    2403805,      75907,      75907,      75919
42,      42316,     53.0,     52.0,     53.0,    158.0, 12, 12, 12,  9,      75869,      75869,      75869,      75876
42,      42315,     53.0,     52.0,     53.0,    157.0, 12, 12, 12,  9,      75869,      75869,      75869,      75874
42,    2537572,     18.0,     19.0,     19.0,     64.0, 12, 12, 12,  9,    2381367,    2381367,    2381367,    2381367
42,    2539069,     19.0,     19.0,     19.0,     63.0, 12, 12, 12,  9,    2382194,    2382194,    2382194,    2382194
42,      42347,     95.0,     95.0,     95.0,    274.0,  9, 10, 11,  9,      75932,      75932,      75932,      75932
42,    2539103,     26.0,     26.0,     26.0,     78.0,  9, 10, 11,  9,    2382236,    2382236,    2382236,    2382236
43,    2578246,     51.0,     51.0,     50.0,    160.0, 12, 12, 12, 11,      75341,      75341,      75341,      75341
43,    2578258,     50.0,     51.0,     50.0,    158.0, 12, 12, 12,  9,    2403764,      75341,      75341,    2403764
43,    2578279,     51.0,     52.0,     51.0,    156.0, 12, 12, 12,  9,    2403764,      75341,      75341,    2403766
43,    2578290,     49.0,     54.0,     48.0,    158.0, 12, 12, 12, 11,    2403788,    2403780,      75961,    2403780
43,    2578310,     49.0,     58.0,     48.0,    160.0, 12, 12, 12, 11,      75961,      75967,      75961,      75967
43,    2537563,     48.0,     58.0,     47.0,    175.0, 12, 12, 12, 11,    2403788,    2403788,      75961,    2403788
43,    2578328,     48.0,     58.0,     46.0,    178.0, 12, 12, 12, 11,      75961,      75961,      75961,    2403792
43,    2578344,     48.0,     57.0,     46.0,    179.0, 12, 12, 12, 11,      75961,      75961,      75961,      75961
43,    2578378,     52.0,     50.0,     52.0,    165.0, 12, 12, 12, 10,      75907,      75907,      75907,      75907
43,    2578392,     52.0,     51.0,     51.0,    162.0, 12, 12, 12, 10,      75907,      75907,    2403802,    2403802
43,      42338,     53.0,     51.0,     51.0,    156.0, 12, 12, 12, 11,      75907,      75907,      75913,      75913
43,    2578421,     52.0,     51.0,     51.0,    156.0, 12, 12, 12,  9,      75919,      75907,    2403802,      75919
43,    2578445,     52.0,     51.0,     52.0,    157.0, 12, 12, 12,  9,      75919,      75907,    2403802,      75919
43,      42316,     53.0,     51.0,     54.0,    158.0, 12, 12, 12, 10,      75869,      75869,      75869,      75876
43,      42315,     53.0,     51.0,     52.0,    157.0, 12, 12, 12,  9,      75869,      75869,      75874,      75874
43,    2537572,     18.0,     19.0,     19.0,     70.0, 12, 12, 12,  9,    2381367,    2381367,    2381367,    2381367
43,    2539069,     19.0,     19.0,     19.0,     64.0, 12, 12, 12,  9,    2382194,    2382194,    2382194,    2382194
43,      42347,     95.0,     95.0,     95.0,    274.0,  9, 10, 11,  9,      75932,      75932,      75932,      75932
43,    2539103,     26.0,     26.0,     26.0,     77.0,  9, 10, 11,  9,    2382236,    2382236,    2382236,    2382236
44,    2578246,     50.0,     53.0,     48.0,    159.0, 12, 12, 12, 11,      75341,      75341,      75341,      75341
44,    2578258,     50.0,     53.0,     49.0,    158.0, 12, 12, 12, 11,      75341,      75341,      75341,    2403764
44,    2578279,     51.0,     52.0,     49.0,    156.0, 12, 12, 12,  9,      75341,    2403766,      75341,    2403766
44,    2578290,     50.0,     53.0,     51.0,    158.0, 12, 12, 12, 11,      75961,    2403780,      75961,    2403780
44,    2578310,     49.0,     56.0,     50.0,    160.0, 12, 12, 12, 11,    2403788,      75967,      75961,      75967
44,    2537563,     48.0,     56.0,     49.0,    181.0, 12, 12, 12, 11,    2403788,      75961,      75961,    2403788
44,    2578328,     49.0,     55.0,     49.0,    186.0, 12, 12, 12, 11,      75961,      75961,      75961,    2403792
44,    2578344,     49.0,     55.0,     48.0,    186.0, 12, 12, 12, 11,      75961,      75961,      75961,      75961
44,    2578378,     49.0,     51.0,     53.0,    165.0, 12, 12, 12,  9,      75907,      75907,      75907,      75907
44,    2578392,     50.0,     52.0,     53.0,    162.0, 12, 12, 12,  9,      75907,      75907,    2403802,    2403802
44,      42338,     50.0,     52.0,     52.0,    156.0, 12, 12, 12, 11,      75907,      75907,      75913,      75913
44,    2578421,     50.0,     52.0,     52.0,    157.0, 12, 12, 12,  9,      75907,      75907,    2403805,      75919
44,    2578445,     51.0,     53.0,     53.0,    157.0, 12, 12, 12,  9,      75907,      75907,      75919,      75919
44,      42316,     54.0,     52.0,     53.0,    161.0, 12, 12, 12, 10,      75869,      75869,      75869,      75876
44,      42315,     53.0,     52.0,     52.0,    157.0,  9, 12, 12,  9,      75874,      75869,      75869,      75874
44,    2537572,     18.0,     19.0,     19.0,     72.0, 12, 12, 12, 10,    2381367,    2381367,    2381367,    2381367
44,    2539069,     19.0,     19.0,     19.0,     63.0, 12, 12, 12,  9,    2382194,    2382194,    2382194,    2382194
44,      42347,     95.0,     95.0,     95.0,    274.0,  9, 10, 11,  9,      75932,      75932,      75932,      75932
44,    2539103,     26.0,     26.0,     26.0,     78.0,  9, 10, 11,  9,    2382236,    2382236,    2382236,    2382236
45,    2578246,     50.0,     52.0,     50.0,    160.0, 12, 12, 12, 11,      75341,      75341,      75341,      75341
45,    2578258,     50.0,     52.0,     50.0,    159.0, 12, 12, 12,  9,      75341,      75341,      75341,    2403764
45,    2578279,     51.0,     52.0,     51.0,    157.0, 12, 12, 12,  9,      75341,    2403766,      75341,    2403766
45,    2578290,     50.0,     53.0,     52.0,    158.0, 12, 12, 12, 10,    2403788,    2403780,      75967,    2403780
45,    2578310,     50.0,     53.0,     52.0,    161.0, 12, 12, 12, 11,    2403788,      75961,      75961,      75967
45,    2537563,     49.0,     52.0,     51.0,    188.0, 12, 12, 12,  9,    2403788,      75961,      75961,    2403788
45,    2578328,     50.0,     52.0,     51.0,    193.0, 12, 12, 12,  9,      75961,      75961,      75961,    2403792
45,    2578344,     50.0,     51.0,     50.0,    194.0, 12, 12, 12, 11,      75961,      75961,      75961,      75961
45,    2578378,     50.0,     53.0,     51.0,    168.0, 12, 12, 12,  9,      75907,      75907,      75907,      75907
45,    2578392,     51.0,     53.0,     51.0,    164.0, 12, 12, 12,  9,      75907,      75907,      75907,    2403802
45,      42338,     51.0,     53.0,     52.0,    156.0, 12, 12, 12, 11,      75907,      75913,      75907,      75913
45,    2578421,     51.0,     52.0,     52.0,    158.0, 12, 12, 12,  9,      75907,      75919,      75907,      75919
45,    2578445,     52.0,     52.0,     52.0,    159.0, 12, 12, 12,  9,      75907,      75919,      75907,      75919
45,      42316,     52.0,     51.0,     54.0,    160.0, 12, 12, 12,  9,      75869,      75869,      75869,      75876
45,      42315,     52.0,     51.0,     52.0,    158.0, 12, 12, 12,  9,      75869,      75869,      75874,      75874
45,    2537572,     18.0,     19.0,     19.0,     75.0, 12, 12, 12,  9,    2381367,    2381367,    2381367,    2381367
45,    2539069,     19.0,     19.0,     19.0,     64.0, 12, 12, 12,  9,    2382194,    2382194,    2382194,    2382194
45,      42347,     95.0,     95.0,     95.0,    274.0,  9, 10, 11,  9,      75932,      75932,      75932,      75932
45,    2539103,     26.0,     26.0,     26.0,     79.0, 12, 12, 12,  9,    2382236,    2382236,    2382236,    2382236
46,    2578246,     50.0,     53.0,     49.0,    159.0, 12, 12, 12, 11,      75341,      75341,      75341,      75341
46,    2578258,     50.0,     53.0,     49.0,    158.0, 12, 12, 12, 11,      75341,      75341,      75341,    2403764
46,    2578279,     51.0,     52.0,     50.0,    156.0, 12, 12, 12, 11,      75341,    2403766,      75341,    2403766
46,    2578290,     51.0,     54.0,     52.0,    158.0, 12, 12, 12, 11,    2403788,    2403780,      75961,    2403780
46,    2578310,     50.0,     55.0,     52.0,    161.0, 12, 12, 12, 11,    2403788,      75961,      75961,      75967
46,    2537563,     49.0,     54.0,     51.0,    176.0, 12, 12, 12, 11,    2403788,      75961,      75961,    2403788
46,    2578328,     49.0,     53.0,     50.0,    179.0, 12, 12, 12, 11,    2403792,      75961,      75961,    2403792
46,    2578344,     49.0,     53.0,     50.0,    180.0, 12, 12, 12, 11,      75961,      75961,      75961,      75961
46,    2578378,     51.0,     52.0,     50.0,    165.0, 12, 12, 12,  9,      75907,      75907,      75907,      75907
46,    2578392,     52.0,     53.0,     51.0,    162.0, 12, 12, 12,  9,      75907,      75907,      75907,    2403802
46,      42338,     52.0,     53.0,     51.0,    156.0, 12, 10, 12, 11,      75907,      75913,      75907,      75913
46,    2578421,     52.0,     53.0,     51.0,    157.0, 12, 10, 12,  9,      75907,      75919,      75907,      75919
46,    2578445,     52.0,     53.0,     52.0,    158.0, 12, 10, 12,  9,      75907,      75919,      75907,      75919
46,      42316,     53.0,     52.0,     53.0,    159.0, 12, 12, 12,  9,      75869,      75869,      75869,      75876
46,      42315,     53.0,     52.0,     52.0,    158.0, 12, 12, 12,  9,      75869,      75869,      75874,      75874
46,    2537572,     19.0,     18.0,     19.0,     66.0, 12, 12, 12,  9,    2381367,    2381367,    2381367,    2381367
46,    2539069,     19.0,     19.0,     19.0,     63.0, 12, 12, 12,  9,    2382194,    2382194,    2382194,    2382194
46,      42347,     95.0,     95.0,     95.0,    274.0,  9, 10, 11,  9,      75932,      75932,      75932,      75932
46,    2539103,     26.0,     26.0,     26.0,     79.0, 12, 12, 12,  9,    2382236,    2382236,    2382236,    2382236
47,    2578246,     51.0,     51.0,     50.0,    158.0, 12, 12, 12, 11,      75341,      75341,      75341,      75341
47,    2578258,     51.0,     52.0,     50.0,    157.0, 12, 12, 12, 11,      75341,      75341,      75341,    2403764
47,    2578279,     51.0,     52.0,     51.0,    156.0, 12, 12, 12, 11,    2403766,      75341,      75341,    2403766
47,    2578290,     51.0,     53.0,     52.0,    158.0, 12, 12, 12, 11,    2403788,    2403780,      75961,    2403780
47,    2578310,     51.0,     55.0,     51.0,    160.0, 12, 12, 12, 11,      75961,      75961,      75961,      75967
47,    2537563,     50.0,     54.0,     50.0,    167.0, 12, 12, 12, 11,    2403788,      75961,      75961,    2403788
47,    2578328,     50.0,     54.0,     50.0,    170.0, 12, 12, 12, 11,      75961,      75961,      75961,    2403792
47,    2578344,     50.0,     53.0,     49.0,    171.0, 12, 12, 12, 11,      75961,      75961,      75961,      75961
47,    2578378,     50.0,     52.0,     52.0,    163.0, 12, 12, 12,  9,      75907,      75907,      75907,      75907
47,    2578392,     50.0,     52.0,     52.0,    161.0, 12, 12, 12,  9,      75907,      75907,    2403802,    2403802
47,      42338,     51.0,     52.0,     52.0,    156.0, 12, 12, 12,  9,      75907,      75913,      75913,      75913
47,    2578421,     51.0,     52.0,     52.0,    157.0, 12, 12, 12,  9,      75907,      75919,    2403802,      75919
47,    2578445,     51.0,     52.0,     53.0,    157.0, 12, 12, 12, 10,      75907,      75919,      75919,      75919
47,      42316,     53.0,     53.0,     53.0,    158.0, 12, 12, 12, 11,      75869,      75869,      75869,      75876
47,      42315,     53.0,     52.0,     52.0,    158.0, 12, 12, 12, 10,      75869,      75869,      75874,      75874
47,    2537572,     19.0,     19.0,     19.0,     61.0, 12, 12, 12, 10,    2381367,    2381367,    2381367,    2381367
47,    2539069,     19.0,     19.0,     19.0,     63.0, 12, 12, 12,  9,    2382194,    2382194,    2382194,    2382194
47,      42347,     95.0,     95.0,     95.0,    274.0,  9, 10, 11,  9,      75932,      75932,      75932,      75932
47,    2539103,     26.0,     26.0,     26.0,     79.0, 12, 12, 12,  9,    2382236,    2382236,    2382236,    2382236
